first_handle,first_variant,first_sku,flavor_sku,customers,repeat_rate,avg_ltv,avg_orders,pct_subscribed
clear-protein,500g Pack (20 Serv) / Peach,0724999807814,clear-protein | 500g Pack (20 Serv) / Peach,412,0.26941747572815533,137.35849808767284,1.6432038834951457,0.12135922330097088
clear-protein,500g Pack (20 Serv) / White Grape,0724999807807,clear-protein | 500g Pack (20 Serv) / White Grape,260,0.25,125.79815967365967,1.5538461538461539,0.11153846153846154
lushprotein-clear-shaker,White,0724999808361,lushprotein-clear-shaker | White,228,0.20614035087719298,55.47513157894737,1.355263157894737,0.09210526315789473
lean-protein,1kg Pack (25 servings) / Thai Milk Tea,0724999807821,lean-protein | 1kg Pack (25 servings) / Thai Milk Tea,192,0.3489583333333333,127.78399463383839,1.8177083333333333,0.17708333333333334
lean-protein,1 x 1kg Pack (25 servings) / Thai Milk Tea,LEAN-THA-1KG-V1,lean-protein | 1 x 1kg Pack (25 servings) / Thai Milk Tea,182,0.12637362637362637,119.95945054945054,1.1428571428571428,0.15384615384615385
clear-protein,1 x 500g Pack (20 servings) / White Grape,CLEAR-GRA-500G-V2,clear-protein | 1 x 500g Pack (20 servings) / White Grape,161,0.10559006211180125,144.05217391304348,1.1987577639751552,0.13664596273291926
lean-protein,1 x 1kg Pack (25 servings) / Taro,LEAN-TAR-1KG-V1,lean-protein | 1 x 1kg Pack (25 servings) / Taro,160,0.15,114.7951875,1.2,0.1125
lushprotein-clear-shaker,White,ACC-SHK-V2,lushprotein-clear-shaker | White,148,0.14864864864864866,95.36331081081082,1.2567567567567568,0.11486486486486487
micronized-creatine-monohydrate,1 x 250g Pack (50 servings),CRE-UNF-250G-V1,micronized-creatine-monohydrate | 1 x 250g Pack (50 servings),148,0.1554054054054054,94.77371621621622,1.2297297297297298,0.10810810810810811
clear-protein,1 x 500g Pack (20 servings) / Peach,CLEAR-PEA-500G-V2,clear-protein | 1 x 500g Pack (20 servings) / Peach,125,0.072,150.53567999999999,1.104,0.184
plant-protein,480g Pack (16 servings) / Cocoa Dinosaur,0724999808606,plant-protein | 480g Pack (16 servings) / Cocoa Dinosaur,105,0.2761904761904762,63.95998845598846,1.5142857142857142,0.11428571428571428
lean-protein,1 x 1kg Pack (25 servings) / Thai Milk Tea,0724999807821,lean-protein | 1 x 1kg Pack (25 servings) / Thai Milk Tea,100,0.2,98.9288,1.36,0.06
soy-protein-isolate,1 x 1kg Pack (40 servings) / Unflavoured,SOY-UNF-1KG-V1,soy-protein-isolate | 1 x 1kg Pack (40 servings) / Unflavoured,96,0.10416666666666667,97.7415625,1.125,0.020833333333333332
soy-protein-isolate,1kg Pack (40 servings) / Natural (Unflavoured),0724999807845,soy-protein-isolate | 1kg Pack (40 servings) / Natural (Unflavoured),84,0.23809523809523808,88.62388167388168,1.5714285714285714,0.08333333333333333
collagen-glow,300g Pack,724999808507.0,collagen-glow | 300g Pack,76,0.34210526315789475,110.26264752791069,2.3289473684210527,0.19736842105263158
clear-protein,1 x 500g Pack (20 servings) / Peach,0724999807814,clear-protein | 1 x 500g Pack (20 servings) / Peach,75,0.16,116.9052,1.2533333333333334,0.13333333333333333
better-whey,1kg Pack (40 servings) / Cocoa Dinosaur,0724999807937,better-whey | 1kg Pack (40 servings) / Cocoa Dinosaur,74,0.2702702702702703,138.7964701064701,1.5945945945945945,0.1891891891891892
collagen-glow,300g Pack (30 servings),0724999808507,collagen-glow | 300g Pack (30 servings),73,0.2876712328767123,141.54602739726027,1.7808219178082192,0.1780821917808219
plant-protein,480g Pack (16 servings) / Vanilla,0724999808613,plant-protein | 480g Pack (16 servings) / Vanilla,69,0.2463768115942029,104.2168511198946,1.536231884057971,0.057971014492753624
collagen-glow,1 x 300g pack (30 servings),COL-UNF-300G-V1,collagen-glow | 1 x 300g pack (30 servings),62,0.1774193548387097,139.61854838709678,1.2580645161290323,0.14516129032258066
soy-protein-isolate,1 x 1kg Pack (40 servings) / Unflavoured,0724999807845,soy-protein-isolate | 1 x 1kg Pack (40 servings) / Unflavoured,61,0.13114754098360656,70.68885245901639,1.2295081967213115,0.01639344262295082
lushprotein-clear-shaker,40g Sachet / Thai Milk Tea,0724999810463,unknown | 40g Sachet / Thai Milk Tea,60,0.18333333333333332,39.7055,1.4166666666666667,0.1
clear-protein,1 x 500g Pack (20 servings) / White Grape,0724999807807,clear-protein | 1 x 500g Pack (20 servings) / White Grape,56,0.21428571428571427,101.73915398126464,1.3214285714285714,0.16071428571428573
discovery-sampler,6 Sachets Variety,BND-SS-MIX6-V1,discovery-sampler | 6 Sachets Variety,54,0.24074074074074073,109.55259259259259,1.462962962962963,0.07407407407407407
lean-protein,1kg Pack (25 serves) / Thai Milk Tea,0724999807821,lean-protein | 1kg Pack (25 serves) / Thai Milk Tea,54,0.2962962962962963,119.59410774410775,1.7222222222222223,0.1111111111111111
discovery-sampler,5 Sachets Variety,BND-SS-MIX6-V1,discovery-sampler | 5 Sachets Variety,53,0.05660377358490566,52.89641509433962,1.0566037735849056,0.03773584905660377
lean-protein,1 x 1kg Pack (25 servings) / Taro,0724999807822,lean-protein | 1 x 1kg Pack (25 servings) / Taro,51,0.13725490196078433,96.94588235294117,1.1568627450980393,0.09803921568627451
micronized-creatine-monohydrate,1 x 250g Pack (50 servings),0724999807999,micronized-creatine-monohydrate | 1 x 250g Pack (50 servings),50,0.2,63.80780000000001,1.38,0.1
better-whey,1kg (40 serves) / Cocoa Dinosaur,0724999807937,better-whey | 1kg (40 serves) / Cocoa Dinosaur,47,0.2978723404255319,79.37148936170213,1.5106382978723405,0.1276595744680851
lushprotein-lean-protein-40g-single-serve,5 x 40g Sachet (5 servings) *Most Popular* / Taro,LEAN-TAR-40G-5PK-V1,lushprotein-lean-protein-40g-single-serve | 5 x 40g Sachet (5 servings) *Most Popular* / Taro,44,0.22727272727272727,62.24409090909091,1.2727272727272727,0.022727272727272728
clear-protein,500g Pack (20 servings) / Peach,0724999807814,clear-protein | 500g Pack (20 servings) / Peach,43,0.18604651162790697,152.0032558139535,1.5348837209302326,0.2558139534883721
better-whey,1kg Pack (40 servings) / Natural (Unflavoured),0724999807890,better-whey | 1kg Pack (40 servings) / Natural (Unflavoured),43,0.37209302325581395,158.08546863988724,1.7209302325581395,0.11627906976744186
better-whey,500g (20 servings) / Cocoa Dinosaur,0724999808897,better-whey | 500g (20 servings) / Cocoa Dinosaur,43,0.046511627906976744,40.559767441860465,1.069767441860465,0.023255813953488372
better-whey,1KG Pack / Cocoa Dinosaur,724999807937.0,better-whey | 1KG Pack / Cocoa Dinosaur,42,0.2857142857142857,131.11847763347765,1.6666666666666667,0.16666666666666666
collagen-glow,300g (30 serves) / Unflavoured,0724999808507,collagen-glow | 300g (30 serves) / Unflavoured,40,0.275,71.44455303030303,1.5,0.15
clear-protein-25g-single-sachet,1 x 25g (1 serving) / Peach,CLEAR-PEA-25G-V2,clear-protein-25g-single-sachet | 1 x 25g (1 serving) / Peach,40,0.125,54.423500000000004,1.175,0.05
lean-protein,1kg Pack (25 serves) / Taro,0724999807708,lean-protein | 1kg Pack (25 serves) / Taro,39,0.38461538461538464,119.75472416472417,1.9743589743589745,0.20512820512820512
lushprotein-lean-protein-40g-single-serve,5 x 40g Sachet (5 servings) *Most Popular* / Thai Milk Tea,LEAN-THA-40G-5PK-V1,lushprotein-lean-protein-40g-single-serve | 5 x 40g Sachet (5 servings) *Most Popular* / Thai Milk Tea,39,0.1282051282051282,45.72948717948718,1.1282051282051282,0.07692307692307693
lushprotein-clear-shaker,40g Sachet / Taro,0724999810470,unknown | 40g Sachet / Taro,39,0.07692307692307693,14.288205128205128,1.1025641025641026,0.02564102564102564
lushprotein-lean-protein-40g-single-serve,1 x 40g Sachet (1 serving) / Taro,LEAN-TAR-40G-V1,lushprotein-lean-protein-40g-single-serve | 1 x 40g Sachet (1 serving) / Taro,39,0.1794871794871795,80.41641025641026,1.2564102564102564,0.0
collagen-glow,300g,0724999808507,collagen-glow | 300g,38,0.42105263157894735,124.15684210526315,2.210526315789474,0.21052631578947367
plant-protein,480g Pack (16 servings) / Cocoa Dinosaur,PLT-CHO-480G-V1,plant-protein | 480g Pack (16 servings) / Cocoa Dinosaur,38,0.18421052631578946,122.36736842105263,1.3421052631578947,0.0
lean-protein,40g Sachet (1 serving) / Taro,0724999810470,lean-protein | 40g Sachet (1 serving) / Taro,36,0.1111111111111111,22.234444444444446,1.1111111111111112,0.05555555555555555
micronized-creatine-monohydrate,250g (50 servings),0724999807999,micronized-creatine-monohydrate | 250g (50 servings),36,0.3055555555555556,80.12861111111111,1.5555555555555556,0.16666666666666666
better-whey,1kg Pack (40 servings) / Matchawhey,0724999807784,better-whey | 1kg Pack (40 servings) / Matchawhey,36,0.19444444444444445,103.86031144781145,1.3888888888888888,0.1111111111111111
lushprotein-lean-protein-40g-single-serve,1 x 40g Sachet (1 serving) / Thai Milk Tea,LEAN-THA-40G-V1,lushprotein-lean-protein-40g-single-serve | 1 x 40g Sachet (1 serving) / Thai Milk Tea,36,0.2222222222222222,78.69833333333332,1.3611111111111112,0.027777777777777776
collagen-glow,300g Pack (30 servings) / Natural (Unflavoured),0724999808507,collagen-glow | 300g Pack (30 servings) / Natural (Unflavoured),36,0.4444444444444444,177.59265151515152,2.361111111111111,0.2222222222222222
clear-protein,500g Pack (20 servings) / White Grape,0724999807807,clear-protein | 500g Pack (20 servings) / White Grape,35,0.2571428571428571,129.98914285714287,1.6571428571428573,0.2
plant-protein,480g Pack (16 servings) / Natural (Unflavoured),0724999808620,plant-protein | 480g Pack (16 servings) / Natural (Unflavoured),34,0.2647058823529412,80.72081996434937,1.8823529411764706,0.11764705882352941
soy-protein-isolate,1kg Pack (40 servings) / Unflavoured,0724999807845,soy-protein-isolate | 1kg Pack (40 servings) / Unflavoured,33,0.15151515151515152,35.83727272727273,1.1818181818181819,0.030303030303030304
lean-protein-peach-oolong-pre-order,1 x 1kg Pack (25 servings) / Peach Oolong,LEAN-POL-1KG-V1,lean-protein-peach-oolong-pre-order | 1 x 1kg Pack (25 servings) / Peach Oolong,32,0.125,90.1809375,1.15625,0.125
lushprotein-lean-protein-40g-single-serve,40g Sachet / Taro,0724999810470,lushprotein-lean-protein-40g-single-serve | 40g Sachet / Taro,32,0.34375,70.6140625,1.59375,0.15625
better-whey,1kg Pack (40 servings) / Cocoa Dinosaur,724999807937.0,better-whey | 1kg Pack (40 servings) / Cocoa Dinosaur,32,0.3125,194.9358806818182,2.3125,0.15625
lushprotein-lean-protein-40g-single-serve,40g Sachet / Thai Milk Tea,0724999810463,lushprotein-lean-protein-40g-single-serve | 40g Sachet / Thai Milk Tea,32,0.25,58.001875,1.375,0.0625
better-whey,1KG Pack / Matchawhey,724999807784.0,better-whey | 1KG Pack / Matchawhey,31,0.2903225806451613,148.8597165200391,1.8064516129032258,0.0967741935483871
collagen-glow,300g Pack,0724999808507,unknown | Default,31,1.0,883.6986901270772,7.064516129032258,0.16129032258064516
better-whey,1KG Pack / Cocoa Dinosaur,0724999807937,unknown | Default,30,1.0,1633.1917474747474,8.633333333333333,0.3
better-whey,500g Pack / Cocoa Dinosaur,724999808897.0,better-whey | 500g Pack / Cocoa Dinosaur,30,0.13333333333333333,75.2379595959596,1.4333333333333333,0.13333333333333333
better-whey,1KG Pack / Cocoa Dinosaur,0724999807937,better-whey | 1KG Pack / Cocoa Dinosaur,30,0.3,234.90820202020205,2.466666666666667,0.16666666666666666
collagen-glow,1 x 300g pack (30 servings),0724999808507,collagen-glow | 1 x 300g pack (30 servings),29,0.27586206896551724,87.78586206896551,1.3793103448275863,0.10344827586206896
collagen-glow,300g Pack,724999808507.0,unknown | Default,28,1.0,1180.4366125541126,8.0,0.42857142857142855
prime-whey-isolate,1kg Pack (40 servings) / Natural (Unflavoured),0724999807760,prime-whey-isolate | 1kg Pack (40 servings) / Natural (Unflavoured),28,0.25,115.41665584415584,1.5,0.07142857142857142
clear-protein-25g-single-sachet,1 x 25g (1 serving) / White Grape,CLEAR-GRA-25G-V2,clear-protein-25g-single-sachet | 1 x 25g (1 serving) / White Grape,27,0.1111111111111111,53.901111111111106,1.1851851851851851,0.0
lean-protein,40g Sachet (1 serving) / Thai Milk Tea,0724999810463,lean-protein | 40g Sachet (1 serving) / Thai Milk Tea,27,0.2222222222222222,28.037777777777777,1.2222222222222223,0.037037037037037035
clear-protein-25g-single-sachet,5 x 25g (5 servings) *MOST POPULAR* / White Grape,CLEAR-GRA-25G-5PK-V2,clear-protein-25g-single-sachet | 5 x 25g (5 servings) *MOST POPULAR* / White Grape,27,0.14814814814814814,65.67999999999999,1.1481481481481481,0.07407407407407407
collagen-glow,300g Pack,0724999808507,collagen-glow | 300g Pack,26,0.38461538461538464,283.4330186480187,2.3461538461538463,0.15384615384615385
better-whey,1kg (40 serves) / Matchawhey,0724999807784,better-whey | 1kg (40 serves) / Matchawhey,26,0.2692307692307692,99.7262703962704,1.6923076923076923,0.07692307692307693
plant-protein,480g Pack (16 servings) / Vanilla,724999808613.0,plant-protein | 480g Pack (16 servings) / Vanilla,26,0.15384615384615385,62.3380303030303,1.2307692307692308,0.0
better-whey,1kg (40 serves) / Unflavoured,0724999807890,better-whey | 1kg (40 serves) / Unflavoured,26,0.23076923076923078,100.44793706293707,1.6153846153846154,0.11538461538461539
prime-whey-isolate,Natural (Unflavored) / 1kg,724999807760.0,prime-whey-isolate | Natural (Unflavored) / 1kg,26,0.5,277.89151515151514,3.3076923076923075,0.38461538461538464
plant-protein,480g Pack (16 servings) / Cocoa Dinosaur,724999808606.0,plant-protein | 480g Pack (16 servings) / Cocoa Dinosaur,25,0.0,50.85930909090909,1.0,0.0
green-tea-extract-capsules,60 Capsules,0724999807548,green-tea-extract-capsules | 60 Capsules,24,0.375,96.1540909090909,1.7083333333333333,0.08333333333333333
soy-protein-isolate,1KG Pack / Natural (Unflavoured),724999807845.0,soy-protein-isolate | 1KG Pack / Natural (Unflavoured),24,0.25,111.44742424242425,1.7083333333333333,0.16666666666666666
lushprotein-lean-protein-40g-single-serve,1 x 40g Sachet (1 serving) / Thai Milk Tea,0724999810463,lushprotein-lean-protein-40g-single-serve | 1 x 40g Sachet (1 serving) / Thai Milk Tea,23,0.13043478260869565,65.0786956521739,1.3478260869565217,0.043478260869565216
better-whey,1KG Pack / Cocoa Dinosaur,724999807937.0,unknown | Default,23,1.0,950.6595652173913,6.086956521739131,0.17391304347826086
creatine-monohydrate-sachet,10 x 5g (10 servings) *Most Popular*,CRE-UNF-5G-10PK-V1,creatine-monohydrate-sachet | 10 x 5g (10 servings) *Most Popular*,22,0.4090909090909091,103.41409090909092,1.5454545454545454,0.0
plant-protein,Cocoa Dinosaur / 480g,724999808606.0,plant-protein | Cocoa Dinosaur / 480g,21,0.09523809523809523,56.490389610389606,1.1904761904761905,0.047619047619047616
better-whey,1kg Pack (40 servings) / Natural (Unflavoured),724999807890.0,better-whey | 1kg Pack (40 servings) / Natural (Unflavoured),21,0.23809523809523808,109.00373737373738,2.0476190476190474,0.14285714285714285
better-whey,500g Pack (20 servings) / Cocoa Dinosaur,0724999808897,better-whey | 500g Pack (20 servings) / Cocoa Dinosaur,21,0.23809523809523808,85.1533189033189,1.7619047619047619,0.14285714285714285
clear-protein-25g-single-sachet,5 x 25g (5 servings) *MOST POPULAR* / Peach,CLEAR-PEA-25G-5PK-V2,clear-protein-25g-single-sachet | 5 x 25g (5 servings) *MOST POPULAR* / Peach,21,0.0,45.50809523809524,1.0,0.0
clear-protein,25g Sachet (1 serving) / White Grape,0724999810487,clear-protein | 25g Sachet (1 serving) / White Grape,20,0.1,32.281,1.1,0.05
clear-protein,25g Sachet (1 serving) / Peach,0724999810494,clear-protein | 25g Sachet (1 serving) / Peach,20,0.15,59.1075,1.45,0.25
prime-whey-isolate,1kg Pack (40 servings) / Cocoa Dinosaur,0724999807791,prime-whey-isolate | 1kg Pack (40 servings) / Cocoa Dinosaur,20,0.3,126.57912121212121,1.9,0.35
lushprotein-lean-protein-40g-single-serve,1 x 40g Sachet (1 serving) / Taro,0724999810470,lushprotein-lean-protein-40g-single-serve | 1 x 40g Sachet (1 serving) / Taro,20,0.3,57.669500000000006,1.55,0.1
soy-protein-isolate,1kg Pack (40 servings) / Natural (Unflavoured),724999807845.0,soy-protein-isolate | 1kg Pack (40 servings) / Natural (Unflavoured),19,0.3684210526315789,130.59181818181818,1.7894736842105263,0.21052631578947367
better-whey,1KG Pack / Natural (Unflavored),724999807890.0,unknown | Default,19,1.0,1966.2196650717704,8.631578947368421,0.42105263157894735
better-whey,1kg (40 servings) / Unflavoured,0724999807890,better-whey | 1kg (40 servings) / Unflavoured,18,0.1111111111111111,86.46333333333332,1.1111111111111112,0.05555555555555555
better-whey,1kg (40 servings) / Cocoa Dinosaur,0724999807937,better-whey | 1kg (40 servings) / Cocoa Dinosaur,18,0.1111111111111111,65.44222222222223,1.1111111111111112,0.05555555555555555
better-whey,1kg Pack (40 servings) / Matchawhey,724999807784.0,better-whey | 1kg Pack (40 servings) / Matchawhey,18,0.3333333333333333,95.21829966329966,1.6111111111111112,0.2777777777777778
soy-protein-isolate,1KG Pack / Natural (Unflavoured),724999807845.0,unknown | Default,18,1.0,826.1938552188553,6.222222222222222,0.3333333333333333
lean-protein,1kg Pack (25 servings) / Thai Milk Tea,0724999807821,unknown | Default,17,1.0,615.33311942959,4.529411764705882,0.17647058823529413
better-whey,500g Pack / Cocoa Dinosaur,0724999808897,better-whey | 500g Pack / Cocoa Dinosaur,17,0.17647058823529413,153.5780035650624,1.8235294117647058,0.058823529411764705
better-whey,1KG Pack / Matchawhey,0724999807784,unknown | Default,17,1.0,1452.2501960784314,8.529411764705882,0.11764705882352941
better-whey,1KG Pack / Matchawhey,724999807784.0,unknown | Default,17,1.0,1457.4736363636364,8.117647058823529,0.4117647058823529
lushprotein-clear-shaker,500g Pack (20 Serv) / Peach,0724999808361,lushprotein-clear-shaker | Default,17,0.47058823529411764,147.5501247771836,1.8823529411764706,0.29411764705882354
soy-protein-isolate,1KG / Unflavoured,0724999807845,soy-protein-isolate | 1KG / Unflavoured,17,0.23529411764705882,66.47705882352942,1.5294117647058822,0.11764705882352941
plant-protein,Natural (Unflavored) / 480g,724999808620.0,plant-protein | Natural (Unflavored) / 480g,17,0.058823529411764705,42.47333333333333,1.0588235294117647,0.11764705882352941
clear-protein,2 x 500g Pack (40 servings) *MOST POPULAR* / White Grape,CLEAR-GRA-500G-2BL-V2,clear-protein | 2 x 500g Pack (40 servings) *MOST POPULAR* / White Grape,17,0.11764705882352941,155.0764705882353,1.1764705882352942,0.0
lean-protein,40g Sachet / Thai Milk Tea,0724999810463,lean-protein | 40g Sachet / Thai Milk Tea,17,0.29411764705882354,120.5470588235294,2.0,0.23529411764705882
plant-protein,480g Pack (16 servings) / Vanilla,PLT-VAN-480G-V1,plant-protein | 480g Pack (16 servings) / Vanilla,16,0.25,105.715625,1.75,0.0625
better-whey,1KG Pack / Natural (Unflavored),724999807890.0,better-whey | 1KG Pack / Natural (Unflavored),16,0.0625,100.34473484848485,1.0625,0.125
clear-protein,500g Pack (20 Serv) / Peach,0724999807814,unknown | Default,15,1.0,714.9661616161616,4.6,0.13333333333333333
micronized-creatine-monohydrate,250g (50 serves),0724999807999,micronized-creatine-monohydrate | 250g (50 serves),15,0.13333333333333333,37.74333333333333,1.1333333333333333,0.06666666666666667
prime-whey-isolate,Natural (Unflavored) / 1kg,724999807760.0,unknown | Default,15,1.0,1923.107393939394,8.6,0.3333333333333333
prime-whey-isolate,1kg Pack (40 servings) / Natural (Unflavoured),724999807760.0,prime-whey-isolate | 1kg Pack (40 servings) / Natural (Unflavoured),14,0.35714285714285715,249.55712121212122,3.357142857142857,0.2857142857142857
better-whey,1kg Pack (40 servings) / Genmai-Roasted Brown Rice,0724999808736,better-whey | 1kg Pack (40 servings) / Genmai-Roasted Brown Rice,14,0.21428571428571427,72.62,1.3571428571428572,0.07142857142857142
lean-protein,1kg Pack (25 servings) / Taro,0724999807822,lean-protein | 1kg Pack (25 servings) / Taro,14,0.42857142857142855,124.59714285714287,1.6428571428571428,0.42857142857142855
better-whey,1kg Pack (40 servings) / Vanilla (Exp Nov23),724999807913.0,better-whey | 1kg Pack (40 servings) / Vanilla (Exp Nov23),14,0.21428571428571427,108.88714285714285,1.6428571428571428,0.0
pureburn-fat-burner-capsules,90 Tablets,0724999807562,pureburn-fat-burner-capsules | 90 Tablets,14,0.14285714285714285,119.88928571428572,1.1428571428571428,0.14285714285714285
collagen-glow,300g Pack (30 servings),724999808507.0,collagen-glow | 300g Pack (30 servings),14,0.0,77.125,1.0,0.07142857142857142
clear-protein-25g-single-sachet,1 x 25g Sachet (1 serving) / Peach,0724999810494,clear-protein-25g-single-sachet | 1 x 25g Sachet (1 serving) / Peach,13,0.23076923076923078,45.714615384615385,1.2307692307692308,0.0
lean-protein,1kg Pack (40 servings) / Thai Milk Tea,0724999807821,lean-protein | 1kg Pack (40 servings) / Thai Milk Tea,13,0.38461538461538464,248.37615384615384,1.6153846153846154,0.07692307692307693
better-whey,1KG Pack / Vanilla,0724999807913,unknown | Default,13,1.0,887.63655011655,7.0,0.38461538461538464
micronized-creatine-monohydrate,1kg Pack (40 servings) / Natural (Unflavoured),0724999807999,micronized-creatine-monohydrate | Default,13,0.3076923076923077,120.2509324009324,2.0,0.3076923076923077
clear-protein,500g Pack (20 Serv) / White Grape,0724999807807x,clear-protein | 500g Pack (20 Serv) / White Grape,13,0.0,75.79160839160839,1.0,0.07692307692307693
clear-protein-25g-single-sachet,25g Sachet / White Grape,0724999810487,clear-protein-25g-single-sachet | 25g Sachet / White Grape,12,0.16666666666666666,53.31,1.1666666666666667,0.08333333333333333
clear-protein,500g Pack (20 Serv) / Peach,0724999808361,unknown | Default,12,0.5,104.5425,1.6666666666666667,0.4166666666666667
better-whey,500g Pack (20 servings) / Vanilla (Expiry Sep 2024),0724999808903,better-whey | 500g Pack (20 servings) / Vanilla (Expiry Sep 2024),12,0.25,42.23166666666666,1.4166666666666667,0.0
plant-protein,Cocoa Dinosaur / 480g,0724999808606,plant-protein | Cocoa Dinosaur / 480g,12,0.3333333333333333,122.52969696969699,1.8333333333333333,0.16666666666666666
better-whey,1KG Pack / Vanilla,724999807913.0,better-whey | 1KG Pack / Vanilla,12,0.4166666666666667,148.32166666666666,1.9166666666666667,0.3333333333333333
better-whey,1KG Pack / Natural (Unflavoured),0724999807890,unknown | Default,12,1.0,1657.2734595959598,10.583333333333334,0.25
prime-whey-isolate,Cocoa Dinosaur / 1kg,724999807791.0,prime-whey-isolate | Cocoa Dinosaur / 1kg,12,0.4166666666666667,180.4696464646465,1.8333333333333333,0.08333333333333333
lean-protein,1kg Pack (25 servings) / Taro,0724999807708,lean-protein | 1kg Pack (25 servings) / Taro,12,0.5833333333333334,150.56416666666667,2.1666666666666665,0.5
better-whey,500g (20 serves) / Cocoa Dinosaur,0724999808897,better-whey | 500g (20 serves) / Cocoa Dinosaur,12,0.3333333333333333,55.904722222222226,1.4166666666666667,0.08333333333333333
plant-protein,480g Pack (16 servings) / Natural (Unflavoured),724999808620.0,plant-protein | 480g Pack (16 servings) / Natural (Unflavoured),11,0.09090909090909091,72.75471074380165,1.1818181818181819,0.09090909090909091
better-whey,500g Pack / Cocoa Dinosaur,724999808897.0,unknown | Default,11,1.0,178.01154269972452,3.4545454545454546,0.0
collagen-glow,300g Pack (30 servings) / Natural (Unflavoured),724999808507.0,collagen-glow | 300g Pack (30 servings) / Natural (Unflavoured),11,0.5454545454545454,118.04517906336088,2.4545454545454546,0.2727272727272727
clear-protein-25g-single-sachet,25g Sachet / Peach,0724999810494,clear-protein-25g-single-sachet | 25g Sachet / Peach,11,0.2727272727272727,101.37727272727274,1.3636363636363635,0.0
soy-protein-isolate,1kg Pack (40 servings) / Natural (Unflavoured),0724999807845,unknown | Default,11,1.0,358.47628099173556,4.363636363636363,0.2727272727272727
lean-protein,2 x 1kg Packs (50 servings) *MOST POPULAR* / Taro,LEAN-TAR-1KG-2BL-V1,lean-protein | 2 x 1kg Packs (50 servings) *MOST POPULAR* / Taro,11,0.2727272727272727,166.98,1.2727272727272727,0.0
green-tea-extract-capsules,60 Capsules (60 servings),0724999807548,green-tea-extract-capsules | 60 Capsules (60 servings),11,0.2727272727272727,78.00388429752066,1.4545454545454546,0.0
lean-protein,2 x 1kg Packs (50 servings) *MOST POPULAR* / Thai Milk Tea,0724999807821_2,lean-protein | 2 x 1kg Packs (50 servings) *MOST POPULAR* / Thai Milk Tea,11,0.36363636363636365,232.72545454545454,1.6363636363636365,0.09090909090909091
clear-protein,500g Pack (20 Serv) / White Grape,0724999807807,unknown | Default,11,1.0,247.5145179063361,3.8181818181818183,0.18181818181818182
better-whey,500g Pack (20 servings) / Natural (Unflavoured),0724999808880,better-whey | 500g Pack (20 servings) / Natural (Unflavoured),11,0.2727272727272727,73.363608815427,1.4545454545454546,0.0
plant-protein,Vanilla / 480g,724999808613.0,plant-protein | Vanilla / 480g,11,0.2727272727272727,161.31214876033062,3.0,0.36363636363636365
better-whey,1KG Pack / Matchawhey,0724999807784,better-whey | 1KG Pack / Matchawhey,11,0.36363636363636365,147.7494214876033,1.4545454545454546,0.09090909090909091
clear-protein,2 x 500g Pack (40 servings) *MOST POPULAR* / Peach,0724999807814_2,clear-protein | 2 x 500g Pack (40 servings) *MOST POPULAR* / Peach,11,0.36363636363636365,201.39090909090908,1.6363636363636365,0.2727272727272727
better-whey,1kg Pack (40 servings) / Matchawhey,724999807784.0,unknown | Default,11,1.0,1486.0967493112948,5.7272727272727275,0.2727272727272727
plant-protein,Cocoa Dinosaur / 480g,0724999808606,unknown | Default,10,1.0,1472.121303030303,10.3,0.2
super-omega-3,60 Softgels (60 servings),0724999807555,super-omega-3 | 60 Softgels (60 servings),10,0.1,142.63909090909092,1.7,0.0
better-whey,500g Pack / Teh Tarik,724999808910.0,better-whey | 500g Pack / Teh Tarik,10,0.5,164.268,1.6,0.0
soy-protein-isolate,1KG Pack / Natural (Unflavoured),0724999807845,soy-protein-isolate | 1KG Pack / Natural (Unflavoured),10,0.1,70.55939393939394,1.2,0.0
prime-whey-isolate,Cocoa Dinosaur,0724999807791,unknown | Default,10,1.0,1171.0733636363636,5.5,0.0
better-whey,1kg Pack (40 servings) / Natural (Unflavoured),0724999807890,unknown | Default,10,0.8,329.3816363636364,2.9,0.1
better-whey,500g Pack / Vanilla,724999808903.0,better-whey | 500g Pack / Vanilla,10,0.2,92.65799999999999,1.5,0.0
better-whey,500g Pack / Matchawhey,724999808941.0,better-whey | 500g Pack / Matchawhey,10,0.1,89.35799999999999,1.5,0.1
clear-protein,2 x 500g Pack (40 servings) *MOST POPULAR* / Peach,CLEAR-PEA-500G-2BL-V2,clear-protein | 2 x 500g Pack (40 servings) *MOST POPULAR* / Peach,10,0.2,156.589,1.2,0.2
clear-protein,2 x 500g Pack (40 servings) *MOST POPULAR* / White Grape,0724999807807_2,clear-protein | 2 x 500g Pack (40 servings) *MOST POPULAR* / White Grape,10,0.2,180.989,1.2,0.4
discovery-sampler,6 Sachets Variety,0724999809610,discovery-sampler | 6 Sachets Variety,10,0.2,142.324,1.2,0.0
lushprotein-clear-shaker,300g (30 serves) / Unflavoured,0724999808361,lushprotein-clear-shaker | Default,9,0.3333333333333333,91.7751851851852,1.4444444444444444,0.4444444444444444
plant-protein,Cocoa Dinosaur,0724999808606,plant-protein | Cocoa Dinosaur,9,0.1111111111111111,119.38175084175084,1.4444444444444444,0.0
plant-protein,Cocoa Dinosaur,0724999808606,unknown | Default,9,1.0,2520.8275084175084,11.444444444444445,0.3333333333333333
pureburn-fat-burner-capsules,90 Tablets (90 servings),0724999807562,pureburn-fat-burner-capsules | 90 Tablets (90 servings),9,0.4444444444444444,154.46222222222224,1.4444444444444444,0.2222222222222222
clear-protein,500g Pack (20 Serv) / Peach,0724999807814x,clear-protein | 500g Pack (20 Serv) / Peach,9,0.1111111111111111,108.45454545454545,1.1111111111111112,0.1111111111111111
better-whey,1kg Pack (40 servings) / Cocoa Dinosaur,0724999807937,unknown | Default,9,0.8888888888888888,280.6778787878788,3.4444444444444446,0.3333333333333333
better-whey,500g Pack (20 servings) / Vanilla (unsweetened),0724999808903,better-whey | 500g Pack (20 servings) / Vanilla (unsweetened),9,0.1111111111111111,81.78222222222222,1.3333333333333333,0.1111111111111111
plant-protein,Natural (Unflavored) / 480g,724999808620.0,unknown | Default,9,1.0,324.13350168350166,3.4444444444444446,0.2222222222222222
lean-protein,40g Sachet / Taro,0724999810470,lean-protein | 40g Sachet / Taro,9,0.3333333333333333,47.599999999999994,1.3333333333333333,0.0
plant-protein,480g Pack (16 servings) / Cocoa Dinosaur,0724999808606,unknown | Default,9,1.0,411.7131313131313,4.111111111111111,0.1111111111111111
lushprotein-clear-shaker,500g Pack (20 Serv) / White Grape,0724999808361,lushprotein-clear-shaker | Default,9,0.5555555555555556,226.8470707070707,3.2222222222222223,0.6666666666666666
better-whey,1KG Pack / Vanilla (Exp Nov23),724999807913.0,better-whey | 1KG Pack / Vanilla (Exp Nov23),9,0.2222222222222222,62.721111111111114,1.3333333333333333,0.1111111111111111
better-whey,1kg Pack (40 servings) / Matchawhey,0724999807784,unknown | Default,9,1.0,1001.5904377104378,5.777777777777778,0.1111111111111111
micronized-creatine-monohydrate,500g Pack (20 Serv) / Peach,0724999807999,micronized-creatine-monohydrate | Default,9,0.2222222222222222,109.32663299663301,1.2222222222222223,0.2222222222222222
lushprotein-clear-shaker,1kg Pack (40 servings) / Natural (Unflavoured),0724999808361,lushprotein-clear-shaker | Default,9,0.4444444444444444,110.04336700336701,1.5555555555555556,0.7777777777777778
better-whey,500g Pack / Matchawhey,0724999808941,better-whey | 500g Pack / Matchawhey,8,0.375,807.38,5.0,0.125
better-whey,500g Pack (20 servings) / Cocoa Dinosaur,724999808897.0,better-whey | 500g Pack (20 servings) / Cocoa Dinosaur,8,0.0,48.054659090909084,1.0,0.0
lushprotein-clear-shaker,1kg Pack (40 servings) / Natural (Unflavoured),724999808361.0,lushprotein-clear-shaker | Default,8,0.875,224.36780303030304,4.25,0.875
better-whey,1kg Pack (40 servings) / Cocoa Dinosaur,0724999808361,unknown | Default,8,0.625,196.48624999999998,3.25,1.0
prime-whey-isolate,1kg Pack (40 servings) / Cocoa Dinosaur,724999807791.0,prime-whey-isolate | 1kg Pack (40 servings) / Cocoa Dinosaur,8,0.5,169.23,2.5,0.25
better-whey,1KG Pack / Teh Tarik,724999808422.0,better-whey | 1KG Pack / Teh Tarik,8,0.5,196.2125,2.125,0.25
lean-protein,2 x 1kg Packs (50 servings) *MOST POPULAR* / Thai Milk Tea,LEAN-THA-1KG-2BL-V1,lean-protein | 2 x 1kg Packs (50 servings) *MOST POPULAR* / Thai Milk Tea,8,0.25,160.97375,1.625,0.25
better-whey,1KG Pack / Vanilla,724999807913.0,unknown | Default,8,1.0,652.0571212121213,7.125,0.25
creatine-monohydrate-sachet,1 x 5g (1 servings),CRE-UNF-5G-V1,creatine-monohydrate-sachet | 1 x 5g (1 servings),8,0.125,68.175,1.125,0.0
better-whey,500g Pack / Natural (Unflavored),724999808880.0,better-whey | 500g Pack / Natural (Unflavored),8,0.125,53.06734848484849,1.25,0.0
plant-protein,480g Pack (16 servings) / Vanilla,0724999808613,unknown | Default,8,1.0,312.2904924242424,4.5,0.125
better-whey,1kg Pack (40 servings) / Teh Tarik,724999808422.0,better-whey | 1kg Pack (40 servings) / Teh Tarik,8,0.125,102.85000000000001,1.25,0.125
better-whey,1kg Pack (40 servings) / Natural (Unflavoured),724999807890.0,unknown | Default,8,1.0,1368.2381818181816,5.375,0.125
pureburn-fat-burner-capsules,90 capsules,724999807562.0,pureburn-fat-burner-capsules | 90 capsules,7,0.42857142857142855,277.49112554112554,3.7142857142857144,0.42857142857142855
prime-whey-isolate,Matchawhey / 1kg,724999807777.0,prime-whey-isolate | Matchawhey / 1kg,7,0.42857142857142855,180.79999999999998,1.8571428571428572,0.42857142857142855
prime-whey-isolate,1kg Pack (40 servings) / Cocoa Dinosaur,0724999807791,unknown | Default,7,1.0,446.3772294372294,3.5714285714285716,0.2857142857142857
better-whey,1kg Pack (40 servings) / Vanilla,0724999807913,better-whey | 1kg Pack (40 servings) / Vanilla,7,0.2857142857142857,99.4042857142857,1.2857142857142858,0.0
multivitamin-vegan,90 Capsules (30 servings),0724999808378,multivitamin-vegan | 90 Capsules (30 servings),7,0.14285714285714285,97.77588744588745,1.1428571428571428,0.14285714285714285
collagen-glow,300g Pack (30 servings),0724999808361,unknown | Default,7,0.5714285714285714,280.31,3.2857142857142856,0.5714285714285714
micronized-creatine-monohydrate,1kg Pack (40 servings) / Cocoa Dinosaur,0724999807999,micronized-creatine-monohydrate | Default,7,0.7142857142857143,351.35714285714283,4.857142857142857,0.14285714285714285
lushprotein-lean-protein-40g-single-serve,5 x 40g Sachet (5 servings) *Most Popular* / Thai Milk Tea,0724999810517,lushprotein-lean-protein-40g-single-serve | 5 x 40g Sachet (5 servings) *Most Popular* / Thai Milk Tea,7,0.42857142857142855,117.53285714285714,1.4285714285714286,0.14285714285714285
better-whey,500g Pack / Cocoa Dinosaur,0724999808897,unknown | Default,7,1.0,404.29844155844154,7.714285714285714,0.14285714285714285
plant-protein,Vanilla,0724999808613,plant-protein | Vanilla,7,0.14285714285714285,69.49506493506495,1.1428571428571428,0.0
better-whey,1kg Pack (40 servings) / Cocoa Dinosaur,724999807937.0,unknown | Default,7,1.0,687.1646753246753,6.714285714285714,0.42857142857142855
better-whey,500g Pack (20 servings) / Vanilla,0724999808903,better-whey | 500g Pack (20 servings) / Vanilla,7,0.0,28.22,1.0,0.0
better-whey,1kg Pack (40 servings) / Mango,0724999807951,better-whey | 1kg Pack (40 servings) / Mango,7,0.14285714285714285,62.23571428571428,1.1428571428571428,0.0
prime-whey-isolate,Cocoa Dinosaur / 1kg,724999807791.0,unknown | Default,7,1.0,1518.0530735930736,11.142857142857142,0.42857142857142855
clear-protein,White,ACC-SHK-V2,unknown | White,7,0.0,80.78999999999999,1.0,0.0
prime-whey-isolate,Cocoa Dinosaur,0724999807791,prime-whey-isolate | Cocoa Dinosaur,7,0.14285714285714285,102.9517316017316,1.1428571428571428,0.0
prime-whey-isolate,1kg Pack (40 servings) / Natural (Unflavoured),0724999807760,unknown | Default,7,1.0,290.8421645021645,2.857142857142857,0.0
plant-protein,Cocoa Dinosaur / 480g,724999808606.0,unknown | Default,7,1.0,550.2981385281386,5.142857142857143,0.14285714285714285
pureburn-fat-burner-capsules,90 Tablets,CAP-PBT-BOTTLE-V1,pureburn-fat-burner-capsules | 90 Tablets,6,0.16666666666666666,192.8116666666667,1.3333333333333333,0.0
lushprotein-clear-shaker,1kg Pack (40 servings) / Cocoa Dinosaur,0724999808361,lushprotein-clear-shaker | Default,6,0.6666666666666666,158.32777777777778,4.5,0.6666666666666666
clear-protein-25g-single-sachet,1 x 25g Sachet (1 serving) / White Grape,0724999810487,clear-protein-25g-single-sachet | 1 x 25g Sachet (1 serving) / White Grape,6,0.3333333333333333,30.756666666666664,1.3333333333333333,0.0
plant-protein,Vanilla / 480g,0724999808613,plant-protein | Vanilla / 480g,6,0.6666666666666666,372.7796464646465,2.1666666666666665,0.0
lushprotein-clear-shaker,1kg Pack (40 servings) / Natural (Unflavoured),0724999808361,unknown | Default,6,1.0,417.3636363636363,4.833333333333333,0.6666666666666666
lushprotein-clear-shaker,White,0724999808361,unknown | Default,6,0.8333333333333334,359.32929292929293,4.0,0.0
pureburn-fat-burner-capsules,90 capsules,724999807562.0,unknown | Default,6,1.0,445.3471717171717,4.333333333333333,0.16666666666666666
collagen-glow,300g (30 serves) / Unflavoured,0724999808507,unknown | Default,6,1.0,1705.7179292929293,6.666666666666667,0.16666666666666666
green-tea-extract-capsules,60 Capsules,724999807548.0,green-tea-extract-capsules | 60 Capsules,6,0.5,530.0359595959596,4.333333333333333,0.5
prime-whey-isolate,Matchawhey / 1kg,724999807777.0,unknown | Default,6,1.0,1191.3166666666666,7.333333333333333,0.16666666666666666
prime-whey-isolate,Natural (Unflavored),0724999807760,prime-whey-isolate | Natural (Unflavored),6,0.3333333333333333,274.6378787878788,2.3333333333333335,0.0
prime-whey-isolate,Natural (Unflavored),0724999807760,unknown | Default,6,1.0,1603.3828282828283,7.5,0.3333333333333333
lushprotein-lean-protein-40g-single-serve,1 x 40g Sachet / Thai Milk Tea,LEAN-THA-40G-V1,lushprotein-lean-protein-40g-single-serve | 1 x 40g Sachet / Thai Milk Tea,6,0.0,29.581666666666667,1.0,0.0
collagen-glow,300g Pack (30 servings) / Natural (Unflavoured),724999808507.0,unknown | Default,6,1.0,390.9050505050505,2.8333333333333335,0.0
better-whey,1kg (40 serves) / Cocoa Dinosaur,0724999807937,unknown | Default,6,1.0,1257.3383838383838,6.5,0.16666666666666666
better-whey,500g Pack / Vanilla,724999808903.0,unknown | Default,6,1.0,1442.3910606060606,7.5,0.3333333333333333
better-whey,1KG Pack / Teh Tarik,07249998080422,unknown | Default,6,1.0,1163.9677272727274,10.166666666666666,0.3333333333333333
soy-protein-isolate,1kg Pack (40 servings) / Natural (Unflavoured),724999807845.0,unknown | Default,6,1.0,1380.9193434343433,7.5,0.16666666666666666
micronized-creatine-monohydrate,2 x 250g Pack (100 servings) *Most Popular*,CRE-UNF-250G-2BL-V1,micronized-creatine-monohydrate | 2 x 250g Pack (100 servings) *Most Popular*,6,0.5,131.43166666666664,1.6666666666666667,0.5
clear-protein,500g Pack (20 Serv) / White Grape,0724999808361,unknown | Default,6,0.8333333333333334,216.79999999999998,3.0,0.5
soy-protein-isolate,1KG Pack / Natural (Unflavoured),0724999807845,unknown | Default,6,1.0,653.0230808080809,3.6666666666666665,0.0
better-whey,1kg Pack (40 servings) / Genmai-Roasted Brown Rice,724999808736.0,unknown | Default,6,1.0,1187.9288888888889,6.166666666666667,0.3333333333333333
better-whey,500g (40 servings),0724999809146,unknown | Default,5,1.0,724.5200000000001,4.4,0.2
better-whey,1KG Pack / Teh Tarik,0724999808422,better-whey | 1KG Pack / Teh Tarik,5,0.6,230.388,1.6,0.0
micronized-creatine-monohydrate,1 x 250g Pack (50 servings),CRE-UNF-250G-V1,unknown | Default,5,0.8,407.30030303030304,2.0,0.2
better-whey,1KG Pack / Vanilla,0724999807913,better-whey | 1KG Pack / Vanilla,5,0.6,166.27,2.2,0.0
better-whey,1kg Pack (40 servings) / Mango,724999807951.0,better-whey | 1kg Pack (40 servings) / Mango,5,0.2,95.064,1.4,0.2
better-whey,1KG Pack / Natural (Unflavoured),0724999807890,better-whey | 1KG Pack / Natural (Unflavoured),5,0.4,132.31921212121213,1.4,0.0
collagen-glow,300g Pack (30 servings),0724999808507,unknown | Default,5,1.0,9676.401999999998,139.4,0.4
plant-protein,Natural (Unflavored),0724999808620,unknown | Default,5,1.0,1608.5820606060606,12.4,0.2
lean-protein,2 x 1kg Packs (50 servings) *MOST POPULAR* / Taro,0724999807822_2,lean-protein | 2 x 1kg Packs (50 servings) *MOST POPULAR* / Taro,5,0.6,249.56199999999998,2.4,0.8
plant-protein,Vanilla / 480g,0724999808613,unknown | Default,5,1.0,2578.263393939394,4.8,0.2
better-whey,500g Pack / Teh Tarik,0724999808910,better-whey | 500g Pack / Teh Tarik,5,0.6,155.296,2.6,0.0
pureburn-fat-burner-capsules,90 capsules,0724999807562,unknown | Default,5,1.0,1835.8097575757577,8.4,0.4
lean-protein,1 x 1kg Pack (25 servings) / Thai Milk Tea,LEAN-THA-1KG-V1,unknown | Default,5,0.8,486.004,2.0,0.0
prime-whey-isolate,Cocoa Dinosaur / 1kg,0724999807791,prime-whey-isolate | Cocoa Dinosaur / 1kg,5,0.2,95.08012121212121,1.2,0.0
clear-protein,1 x 500g Pack (20 servings) / Peach,CLEAR-PEA-500G-V2,unknown | Default,5,0.6,314.30600000000004,2.2,0.0
prime-whey-isolate,1kg Pack (40 servings) / Natural (Unflavoured),724999807760.0,unknown | Default,5,1.0,1741.267393939394,6.0,0.2
better-whey,500g Pack / Matchawhey,724999808941.0,unknown | Default,5,1.0,364.28133333333335,3.0,0.0
super-omega-3,60 Softgels,0724999807555,super-omega-3 | 60 Softgels,5,0.6,207.53121212121215,2.8,0.4
lean-protein,1kg Pack (40 servings) / Taro,0724999807708,lean-protein | 1kg Pack (40 servings) / Taro,5,0.2,111.424,1.4,0.2
clear-protein-25g-single-sachet,1 x 25g (1 serving) / White Grape,CLEAR-GRA-25G-V2,unknown | Default,5,0.2,100.632,1.2,0.0
better-whey,500g Pack / Matchawhey,0724999808941,unknown | 500g Pack / Matchawhey,5,1.0,132.9408484848485,2.4,0.0
plant-protein,480g Pack / Cocoa Dinosaur,0724999808606,unknown | Default,5,1.0,439.3349696969697,4.6,0.0
lushprotein-lean-protein-40g-single-serve,1 x 40g Sachet / Taro,LEAN-TAR-40G-V1,lushprotein-lean-protein-40g-single-serve | 1 x 40g Sachet / Taro,5,0.0,35.982,1.0,0.0
better-whey,1kg Pack (40 servings) / Genmai-Roasted Brown Rice,724999808736.0,better-whey | 1kg Pack (40 servings) / Genmai-Roasted Brown Rice,4,0.25,115.62750000000001,1.25,0.25
plant-protein,Natural (Unflavored) / 480g,0724999808620,plant-protein | Natural (Unflavored) / 480g,4,0.5,93.6469696969697,2.75,0.0
plant-protein,480g Pack (16 servings) / Natural (Unflavoured),0724999808620,unknown | Default,4,1.0,499.3275757575758,4.75,0.0
plant-protein,Natural (Unflavored) / 480g,0724999808620,unknown | Default,4,1.0,4647.996666666667,14.75,0.5
prime-whey-isolate,1KG Pack / Cocoa-dinosaur,0724999807791,unknown | Default,4,1.0,3378.2425000000003,10.0,0.0
plant-protein,Vanilla,0724999808613,unknown | Default,4,1.0,1673.4304545454547,15.25,0.25
better-whey,500g Pack (20 servings) / Cocoa Dinosaur,0724999808897,unknown | Default,4,1.0,129.38257575757575,2.75,0.25
prime-whey-isolate,Matchawhey / 1kg,0724999807777,prime-whey-isolate | Matchawhey / 1kg,4,0.0,84.7825,1.0,0.0
prime-whey-isolate,Matchawhey / 1kg,0724999807777,unknown | Default,4,1.0,3806.3475757575757,21.75,0.25
prime-whey-isolate,Natural (Unflavored) / 1kg,0724999807760,prime-whey-isolate | Natural (Unflavored) / 1kg,4,0.0,77.82318181818182,1.0,0.0
better-whey,500g Pack (20 servings) / Matchawhey,724999808941.0,better-whey | 500g Pack (20 servings) / Matchawhey,4,0.0,41.6875,1.0,0.0
better-whey,500g Pack / Matchawhey,0724999808941,unknown | Default,4,1.0,2095.211287878788,15.25,0.0
better-whey,500g Pack (20 servings) / Natural (Unflavoured),724999808880.0,better-whey | 500g Pack (20 servings) / Natural (Unflavoured),4,0.25,76.06439393939394,1.25,0.0
better-whey,500g (20 serves) / Unflavoured,0724999808880,better-whey | 500g (20 serves) / Unflavoured,4,0.25,77.30378787878789,1.25,0.25
better-whey,1KG Pack / Teh Tarik,724999808422.0,unknown | Default,4,1.0,1591.92,8.5,0.5
soy-protein-isolate,1kg Pack (40 servings) / Natural (Unflavoured),0724999808361,unknown | Default,4,1.0,845.9125,4.5,1.0
clear-protein,4 x 500g Pack (80 servings) / Peach,CLEAR-PEA-500G-4BL-V2,clear-protein | 4 x 500g Pack (80 servings) / Peach,4,0.25,324.7975,1.25,0.25
lp-squeeze-bottle,lime green,ACC-SQB-V1,lp-squeeze-bottle | lime green,4,0.0,75.22,1.0,0.0
lushprotein-clear-shaker,White,ACC-SHK-V2,unknown | Default,4,0.75,3171.66143939394,5.0,0.0
sg-nov-2025-victory-tag,5 x 40g Sachet (5 servings) *Most Popular* / Taro,LEAN-TAR-40G-5PK-V1,sg-nov-2025-victory-tag | Default,4,0.0,33.207499999999996,1.0,0.0
better-whey,1KG Pack / Natural (Unflavored),0724999807890,better-whey | 1KG Pack / Natural (Unflavored),4,0.5,192.48250000000002,1.75,0.0
micronized-creatine-monohydrate,1 x 250g Pack (50 servings),0724999807999,unknown | Default,4,1.0,1306.4815909090908,3.25,0.25
prime-whey-isolate,Cocoa Dinosaur / 1kg,0724999807791,unknown | Default,4,1.0,1174.1636363636364,6.25,0.5
better-whey,1KG Pack / Natural (Unflavored),0724999807890,unknown | Default,4,1.0,1567.46,7.0,0.25
micronized-creatine-monohydrate,1kg (40 serves) / Cocoa Dinosaur,0724999807999,micronized-creatine-monohydrate | Default,4,0.5,89.84166666666667,1.5,0.0
green-tea-extract-capsules,60 Capsules,0724999807548,unknown | Default,4,1.0,211.83575757575758,3.5,0.0
super-omega-3,60 Softgels,CAP-OMG-BOTTLE-V1,super-omega-3 | 60 Softgels,4,0.25,163.0025,1.25,0.0
prime-whey-isolate,1kg Pack (40 servings) / Matchawhey,724999807777.0,prime-whey-isolate | 1kg Pack (40 servings) / Matchawhey,3,0.3333333333333333,211.93999999999997,1.6666666666666667,0.0
lean-protein,4 x 1kg Packs (100 servings) / Taro,LEAN-TAR-1KG-4BL-V1,lean-protein | 4 x 1kg Packs (100 servings) / Taro,3,0.0,248.6833333333333,1.0,0.3333333333333333
lushprotein-clear-shaker,1kg Pack (25 servings) / Thai Milk Tea,0724999808361,lushprotein-clear-shaker | Default,3,0.6666666666666666,125.63636363636364,1.6666666666666667,0.3333333333333333
green-tea-extract-capsules,60 Capsules,CAP-GTE-BOTTLE-V1,green-tea-extract-capsules | 60 Capsules,3,0.0,119.20333333333333,1.0,0.0
lean-protein-peach-oolong-pre-order,1 x 1kg Pack (25 servings) / Peach Oolong,LEAN-POL-1KG-V1,unknown | Default,3,1.0,783.480202020202,5.0,0.0
prime-whey-isolate,1KG Pack / Cocoa-dinosaur,0724999807791,prime-whey-isolate | 1KG Pack / Cocoa-dinosaur,3,0.0,143.99666666666667,1.0,0.0
lushprotein-lean-protein-40g-single-serve,5 x 40g Sachet / Taro,LEAN-TAR-40G-5PK-V1,lushprotein-lean-protein-40g-single-serve | 5 x 40g Sachet / Taro,3,0.0,50.70333333333334,1.0,0.0
lean-protein,White,ACC-SHK-V2,unknown | White,3,0.6666666666666666,160.43666666666667,2.0,0.6666666666666666
micronized-creatine-monohydrate,300g Pack (30 servings),0724999807999,micronized-creatine-monohydrate | Default,3,0.3333333333333333,600.1533333333333,6.0,0.3333333333333333
lushprotein-clear-shaker,1kg Pack (40 servings) / Natural (Unflavoured),724999808361.0,unknown | Default,3,1.0,1520.3973737373738,8.666666666666666,1.0
super-omega-3,60 Capsules,724999807555.0,super-omega-3 | 60 Capsules,3,0.6666666666666666,176.75050505050504,2.0,0.0
lean-protein,40g Sachet / Thai Milk Tea,0724999810463,unknown | 40g Sachet / Thai Milk Tea,3,1.0,65.26666666666667,3.3333333333333335,0.0
better-whey,1kg (40 servings) / Unflavoured,BET-UNF-1KG-V1,better-whey | 1kg (40 servings) / Unflavoured,3,0.0,59.9,1.0,0.0
better-whey,1kg Pack (40 servings) / Mango,0724999807951,unknown | Default,3,1.0,333.67040404040404,5.0,0.6666666666666666
prime-whey-isolate,Matchawhey,0724999807777,unknown | Default,3,1.0,897.0929292929294,6.666666666666667,0.3333333333333333
better-whey,500g (40 servings),0724999809146,unknown | 500g (40 servings),3,0.3333333333333333,285.86080808080806,2.6666666666666665,0.0
plant-protein,480g Pack (16 servings) / Vanilla,0724999808361,unknown | Default,3,0.6666666666666666,427.9199999999999,4.666666666666667,1.0
lushprotein-clear-shaker,1kg (40 serves) / Unflavoured,0724999808361,lushprotein-clear-shaker | Default,3,0.3333333333333333,76.27070707070708,1.3333333333333333,0.6666666666666666
micronized-creatine-monohydrate,250g (50 servings),0724999807999,micronized-creatine-monohydrate | Default,3,1.0,74.05858585858586,3.3333333333333335,1.0
better-whey,1kg Pack (40 servings) / Vanilla (unsweetened),0724999807913,better-whey | 1kg Pack (40 servings) / Vanilla (unsweetened),3,0.3333333333333333,119.83999999999999,1.3333333333333333,0.0
better-whey,500g (40 servings),724999809146.0,unknown | Default,3,1.0,578.7988888888889,5.333333333333333,0.3333333333333333
lean-protein,4 x 1kg Packs (100 servings) / Taro,0724999807822_4,lean-protein | 4 x 1kg Packs (100 servings) / Taro,3,0.3333333333333333,266.01666666666665,1.3333333333333333,0.0
lean-protein,1 x 1kg Pack (25 servings) / Taro,LEAN-TAR-1KG-V1,unknown | Default,3,1.0,535.3359595959596,4.0,0.3333333333333333
pureburn-fat-burner-capsules,90 tablets,724999807562.0,pureburn-fat-burner-capsules | 90 tablets,3,0.6666666666666666,148.28333333333333,2.3333333333333335,0.3333333333333333
lushprotein-lean-protein-40g-single-serve,5 x 40g Sachet / Thai Milk Tea,LEAN-THA-40G-5PK-V1,lushprotein-lean-protein-40g-single-serve | 5 x 40g Sachet / Thai Milk Tea,3,0.3333333333333333,110.18666666666667,1.3333333333333333,0.0
plant-protein,480g Pack / Cocoa Dinosaur,0724999808606,plant-protein | 480g Pack / Cocoa Dinosaur,3,0.6666666666666666,90.3959595959596,1.6666666666666667,0.0
lushprotein-clear-shaker,480g Pack (16 servings) / Natural (Unflavoured),0724999808361,lushprotein-clear-shaker | Default,3,0.3333333333333333,65.23838383838384,1.3333333333333333,0.6666666666666666
plant-protein,480g Pack / Vanilla,0724999808613,unknown | Default,3,1.0,1709.182727272727,10.333333333333334,0.3333333333333333
collagen-glow,4 x 300g packs (120 servings),COL-UNF-300G-4BL-V1,collagen-glow | 4 x 300g packs (120 servings),3,0.3333333333333333,177.99666666666667,1.3333333333333333,1.0
clear-protein,500g Pack (20 Servings) / Peach,0724999807814,clear-protein | 500g Pack (20 Servings) / Peach,3,0.0,62.68787878787879,1.0,0.0
collagen-glow,300g Pack (30 servings) / Natural (Unflavoured),0724999808507,unknown | Default,3,1.0,1107.1929292929292,4.666666666666667,0.3333333333333333
lushprotein-lean-protein-40g-single-serve,1 x 40g Sachet (1 serving) / Taro,LEAN-TAR-40G-V1,unknown | Default,3,0.3333333333333333,67.21151515151514,1.3333333333333333,0.0
better-whey,500g Pack / Vanilla,0724999808903,unknown | Default,3,1.0,208.60565656565655,4.0,0.0
collagen-glow,500g (40 servings),0724999809146,unknown | Default,3,1.0,479.5756565656566,6.333333333333333,0.0
clear-protein,1 x 500g Pack (20 servings) / White Grape,CLEAR-GRA-500G-V2,unknown | Default,3,1.0,591.5966666666667,3.3333333333333335,0.0
pureburn-fat-burner-capsules,90 capsules,0724999807562,pureburn-fat-burner-capsules | 90 capsules,3,0.0,185.83,1.0,0.0
collagen-glow,2 x 300g packs (60 servings) *Most Popular*,COL-UNF-300G-2BL-V1,collagen-glow | 2 x 300g packs (60 servings) *Most Popular*,3,0.3333333333333333,116.59333333333332,1.3333333333333333,0.0
collagen-glow,1 x 300g pack (30 servings),COL-UNF-300G-V1,unknown | Default,3,1.0,1253.8541414141414,5.333333333333333,0.0
pureburn-fat-burner-capsules,90 Capsules (90 servings),724999807562.0,pureburn-fat-burner-capsules | 90 Capsules (90 servings),3,0.6666666666666666,180.75252525252526,1.6666666666666667,0.3333333333333333
better-whey,1KG Pack / Natural / Unflavored,724999807890.0,better-whey | 1KG Pack / Natural / Unflavored,3,0.0,51.43666666666667,1.0,0.0
micronized-creatine-monohydrate,500g Pack (20 Serv) / White Grape,0724999807999,micronized-creatine-monohydrate | Default,3,0.3333333333333333,311.81454545454545,3.0,0.0
micronized-creatine-monohydrate,1kg Pack (40 servings) / Natural (Unflavoured),724999807999.0,micronized-creatine-monohydrate | Default,3,0.3333333333333333,124.95616161616162,1.3333333333333333,0.6666666666666666
sg-nov-2025-victory-tag,1 x 1kg Pack (25 servings) / Taro,LEAN-TAR-1KG-V1,sg-nov-2025-victory-tag | Default,3,0.0,54.41,1.0,0.0
better-whey,1KG Pack / Vanilla (Exp Nov23),724999807913.0,unknown | Default,3,1.0,605.2020202020202,11.666666666666666,1.0
super-omega-3,60 Softgels (60 servings),0724999807555,unknown | Default,3,1.0,288.21666666666664,3.6666666666666665,0.3333333333333333
better-whey,1kg (40 serves) / Matchawhey,0724999807784,unknown | Default,3,1.0,740.1414141414142,3.0,0.0
lushprotein-clear-shaker,300g Pack (30 servings) / Natural (Unflavoured),0724999808361,lushprotein-clear-shaker | Default,3,1.0,484.5141414141414,11.666666666666666,1.0
pureburn-fat-burner-capsules,90 tablets,724999807562.0,unknown | Default,3,1.0,8219.066666666668,9.333333333333334,0.3333333333333333
better-whey,1kg (40 serves) / Mango,0724999807951,unknown | 1kg (40 serves) / Mango,3,0.3333333333333333,90.02535353535353,1.6666666666666667,0.0
lp-tote-bag-fuel-your-journey,White,ACC-TOTE-V1,lp-tote-bag-fuel-your-journey | Default,3,0.0,143.71333333333334,1.0,0.0
collagen-glow,500g (40 servings),724999809146.0,unknown | 500g (40 servings),3,0.3333333333333333,233.98242424242426,4.333333333333333,0.3333333333333333
collagen-glow-10g-single-serve,10g Sachet,724999809009,collagen-glow-10g-single-serve | 10g Sachet,3,0.3333333333333333,89.96666666666665,1.3333333333333333,0.0
collagen-glow-10g-single-serve,7 x 10g Sachet (7 servings) *Most Popular*,COL-UNF-10G-7PK-V1,collagen-glow-10g-single-serve | 7 x 10g Sachet (7 servings) *Most Popular*,3,0.0,76.00666666666666,1.0,0.0
collagen-glow-10g-single-serve,1 x 10g Sachet (1 serving),724999809009,collagen-glow-10g-single-serve | 1 x 10g Sachet (1 serving),3,0.0,14.093333333333334,1.0,0.0
lushprotein-clear-shaker,500g Pack / Vanilla,724999808903.0,unknown | 500g Pack / Vanilla,3,1.0,141.0070707070707,3.6666666666666665,0.3333333333333333
better-whey,1KG Pack / Vanilla (Exp Nov 2023),724999807913.0,better-whey | 1KG Pack / Vanilla (Exp Nov 2023),3,0.3333333333333333,131.68333333333334,3.3333333333333335,0.3333333333333333
collagen-glow,500g Pack (10 servings) / Belgian Choc,724999808699.0,unknown | 500g Pack (10 servings) / Belgian Choc,3,0.6666666666666666,409.53303030303033,5.666666666666667,0.3333333333333333
soy-protein-isolate,1KG / Unflavoured,0724999807845,unknown | Default,3,1.0,398.6040404040404,5.666666666666667,1.0
better-whey,1kg Pack (40 servings) / Natural (Unflavoured),0724999807876,unknown | 1kg Pack (40 servings) / Natural (Unflavoured),2,0.5,99.995,1.5,0.5
micronized-creatine-monohydrate,500g Pack (20 Serv) / Peach,0724999807999,unknown | Default,2,1.0,249.80363636363637,3.5,0.0
better-whey,1kg Pack (40 servings) / Natural (Unflavoured),0724999807876,unknown | Default,2,1.0,1565.56,5.5,0.0
better-whey,1kg Pack (40 servings) / Matchawhey,724999808361.0,unknown | Default,2,1.0,154.645,3.0,1.0
lushprotein-clear-shaker,500g Pack / Cocoa Dinosaur,724999808361.0,lushprotein-clear-shaker | Default,2,0.5,105.53863636363637,1.5,0.0
better-whey,1kg Pack (40 servings) / Natural (Unflavoured),0724999808361,unknown | Default,2,0.5,117.86500000000001,2.0,1.0
micronized-creatine-monohydrate,90 Capsules (30 servings),0724999807999,micronized-creatine-monohydrate | Default,2,0.0,89.48,1.0,0.5
better-whey,1kg Pack (40 servings) / Mango,724999807951.0,unknown | Default,2,1.0,604.09,8.0,0.5
prime-whey-isolate,1kg Pack (40 servings) / Cocoa Dinosaur,724999807791.0,unknown | Default,2,1.0,442.6742424242425,5.0,0.0
lushprotein-clear-shaker,1kg (40 serves) / Cocoa Dinosaur,0724999808361,lushprotein-clear-shaker | Default,2,0.0,45.22272727272727,1.0,0.5
lushprotein-lean-protein-40g-single-serve,40g Sachet / Taro,0724999810470,unknown | Default,2,1.0,361.4415151515152,7.5,0.0
better-whey,1KG Pack / Natural/Unflavored,724999807890.0,better-whey | 1KG Pack / Natural/Unflavored,2,0.5,89.24545454545455,2.0,0.5
lushprotein-clear-shaker,500g (10 servings) / Belgian Choc,724999808699.0,unknown | 500g (10 servings) / Belgian Choc,2,0.0,57.71515151515152,1.0,0.0
prime-whey-isolate,1KG Pack / Cocoa Dinosaur,0724999807791,unknown | Default,2,1.0,739.9606060606061,11.0,1.0
plant-protein,Vanilla / 480g,724999808613.0,unknown | Default,2,1.0,166.245,3.0,0.0
better-whey,1KG Pack / Vanilla (Exp Nov 2023),724999807913.0,unknown | Default,2,1.0,379.4760606060606,3.5,0.0
better-whey,1kg Pack (40 servings) / Genmai-Roasted Brown Rice,0724999808736,unknown | 1kg Pack (40 servings) / Genmai-Roasted Brown Rice,2,1.0,93.82727272727273,2.5,1.0
better-whey,1kg Pack (40 servings) / Genmai-Roasted Brown Rice,0724999808736,unknown | Default,2,1.0,3906.85,14.0,0.5
better-whey,1KG Pack / Vanilla,724999807913.0,unknown | 1KG Pack / Vanilla,2,0.5,121.46969696969697,1.5,0.5
lushprotein-clear-shaker,1kg Pack (40 servings) / Matchawhey,724999808361.0,lushprotein-clear-shaker | Default,2,1.0,606.489393939394,6.0,1.0
better-whey,1KG Pack / Vanilla,0724999807913,unknown | 1KG Pack / Vanilla,2,0.5,104.33181818181819,1.5,0.0
prime-whey-isolate,1KG Pack / Natural (Unflavoured),0724999807760,unknown | Default,2,1.0,1232.685,6.0,0.0
lushprotein-clear-shaker,500g Pack (20 servings) / Cocoa Dinosaur,0724999808361,lushprotein-clear-shaker | Default,2,1.0,145.62621212121212,2.0,0.5
lushprotein-clear-shaker,1kg Pack (40 servings) / Cocoa Dinosaur,724999808361.0,lushprotein-clear-shaker | Default,2,1.0,212.36666666666667,3.0,1.0
lushprotein-clear-shaker,1kg Pack (40 servings) / Cocoa Dinosaur,0724999808361,unknown | Default,2,1.0,359.5854545454545,9.0,1.0
plant-protein,Natural (Unflavored),0724999808620,plant-protein | Natural (Unflavored),2,1.0,455.615,4.0,0.0
lushprotein-clear-shaker,1kg Pack (40 servings) / Vanilla,0724999807913,unknown | Default,2,1.0,1077.6989393939393,13.0,1.0
lushprotein-clear-shaker,500g Pack (10 servings) / Belgian Choc,724999808361.0,unknown | Default,2,1.0,100.1969696969697,2.5,1.0
better-whey,1KG Pack / Teh Tarik,7249998080422.0,unknown | 1KG Pack / Teh Tarik,2,0.0,78.25454545454546,1.0,0.0
lushprotein-clear-shaker,1kg Pack (25 serves) / Taro,0724999808361,lushprotein-clear-shaker | Default,2,0.5,94.79151515151516,1.5,0.0
super-omega-3,60 Softgels (60 servings),724999807555.0,super-omega-3 | 60 Softgels (60 servings),2,0.0,91.405,1.0,0.0
lushprotein-clear-shaker,500g Pack (10 servings) / Belgian Choc,724999808361.0,lushprotein-clear-shaker | Default,2,1.0,147.1560606060606,4.0,1.0
better-whey,500g (20 serves) / Cocoa Dinosaur,0724999808897,unknown | Default,2,1.0,158.56969696969696,2.5,0.0
lp-tote-bag-fuel-your-journey,1 x 1kg Pack (25 servings) / Peach Oolong,ACC-TOTE-V1,lp-tote-bag-fuel-your-journey | Default,2,0.0,141.62,1.0,0.0
better-whey,500g Pack / Vanilla,0724999808903,unknown | 500g Pack / Vanilla,2,1.0,281.06757575757575,5.5,0.0
micronized-creatine-monohydrate,1kg Pack (25 servings) / Thai Milk Tea,0724999807999,micronized-creatine-monohydrate | Default,2,0.5,225.68863636363636,2.5,0.5
better-whey,500g Pack / Natural/Unflavored,724999808880.0,better-whey | 500g Pack / Natural/Unflavored,2,0.0,70.93484848484849,1.0,0.0
micronized-creatine-monohydrate,60 Softgels (60 servings),0724999807999,micronized-creatine-monohydrate | Default,2,1.0,322.7336363636364,3.0,0.5
better-whey,500g Pack / Natural (Unflavoured),0724999808880,unknown | Default,2,1.0,545.6665151515151,5.5,0.0
pureburn-fat-burner-capsules,500g (10 servings) / Belgian Choc,724999808699.0,unknown | 500g (10 servings) / Belgian Choc,2,0.0,104.61515151515151,1.0,0.5
collagen-glow,500g (10 servings) / Vanilla,724999808705.0,unknown | 500g (10 servings) / Vanilla,2,0.0,134.05030303030304,1.0,0.5
micronized-creatine-monohydrate,1kg (40 serves) / Unflavoured,0724999807999,micronized-creatine-monohydrate | Default,2,1.0,122.19484848484848,2.5,0.5
better-whey,500g Pack / Natural (Unflavoured),0724999808880,better-whey | 500g Pack / Natural (Unflavoured),2,1.0,112.17878787878787,2.5,0.0
better-whey,500g Pack / Natural (Unflavored),0724999808880,unknown | Default,2,1.0,704.955,10.5,0.5
multivitamin-vegan,90 Capsules,724999808378.0,multivitamin-vegan | 90 Capsules,2,0.0,128.5101515151515,1.0,0.0
prime-whey-isolate,Natural (Unflavored) / 1kg,0724999808361_FREE,unknown | Default,2,1.0,2375.107575757576,5.5,0.0
collagen-glow-10g-single-serve,1 x 10g Sachet (1 serving),COL-UNF-10G-V1,collagen-glow-10g-single-serve | 1 x 10g Sachet (1 serving),2,0.0,57.135000000000005,1.0,0.0
better-whey,500g Pack / Matchawhey,724999808941.0,unknown | 500g Pack / Matchawhey,2,0.5,86.36969696969697,2.5,0.5
better-whey,1kg Pack (40 servings) / Natural (Unflavoured),724999807876.0,unknown | Default,2,1.0,211.64651515151516,2.0,0.0
creatine-monohydrate-sachet,10 x 5g (10 servings) *Most Popular*,CRE-UNF-5G-10PK-V1,unknown | Default,2,0.5,602.99,1.5,0.0
better-whey,500g Pack / Teh Tarik,724999808910.0,unknown | 500g Pack / Teh Tarik,2,0.5,70.0030303030303,2.0,0.5
multivitamin-vegan,90 Capsules (30 servings),724999808378.0,multivitamin-vegan | 90 Capsules (30 servings),2,0.5,91.06984848484849,1.5,0.5
soy-protein-isolate,2 x 1kg Pack (80 servings) *Most Popular* / Unflavoured,SOY-UNF-1KG-2BL-V1,soy-protein-isolate | 2 x 1kg Pack (80 servings) *Most Popular* / Unflavoured,2,0.0,69.6,1.0,0.0
collagen-glow,300g Pack,0724999808361_FREEGIFT,unknown | Default,2,1.0,755.0799999999999,4.5,0.0
clear-protein-25g-single-sachet,1 x 25g (1 serving) / Peach,CLEAR-PEA-25G-V2,unknown | Default,2,0.0,168.86,1.0,0.0
clear-protein-25g-single-sachet,1 x 25g (1 serving) / White Grape,0724999810487,clear-protein-25g-single-sachet | 1 x 25g (1 serving) / White Grape,2,0.5,334.60499999999996,2.0,0.0
clear-protein,500g Pack (20 servings) / Peach,0724999807814,unknown | Default,2,1.0,429.29787878787874,5.5,0.0
plant-protein,480g Pack (16 servings) / Cocoa Dinosaur,0724999808361,unknown | Default,2,1.0,154.325,2.5,1.0
clear-protein,500g Pack (20 Servings) / Peach,0724999807814,unknown | Default,2,1.0,477.68333333333334,3.0,0.0
clear-protein-25g-single-sachet,5 x 25g Sachet (5 servings)  *MOST POPULAR* / Peach,0724999810548,clear-protein-25g-single-sachet | 5 x 25g Sachet (5 servings)  *MOST POPULAR* / Peach,2,0.0,70.74,1.0,0.0
clear-protein-25g-single-sachet,5 x 25g Sachet (5 servings)  *MOST POPULAR* / White Grape,0724999810531,clear-protein-25g-single-sachet | 5 x 25g Sachet (5 servings)  *MOST POPULAR* / White Grape,2,0.0,88.015,1.0,0.0
clear-protein-25g-single-sachet,5 x 25g Sachets / Peach,CLEAR-PEA-25G-5PK-V2,clear-protein-25g-single-sachet | 5 x 25g Sachets / Peach,2,0.0,45.7,1.0,0.0
soy-protein-isolate,1 x 1kg Pack (40 servings) / Unflavoured,SOY-UNF-1KG-V1,unknown | Default,2,1.0,702.6442424242424,5.0,1.0
clear-protein,500g (40 servings),724999809146.0,unknown | 500g (40 servings),2,1.0,129.06772727272727,3.5,0.5
micronized-creatine-monohydrate,1kg Pack (40 servings) / Cocoa Dinosaur,724999807999.0,micronized-creatine-monohydrate | Default,2,0.0,88.49409090909091,1.0,0.0
clear-protein,25g Sachet (1 serving) / White Grape,0724999810487,unknown | Default,2,1.0,1070.1216666666667,6.5,1.0
pureburn-fat-burner-capsules,90 Capsules (90 servings),724999807562.0,unknown | Default,2,1.0,872.7151515151515,4.5,0.0
collagen-glow,2 x 300g packs (60 servings) *Most Popular*,0724999808507_2,collagen-glow | 2 x 300g packs (60 servings) *Most Popular*,2,0.5,99.95,1.5,0.0
pureburn-fat-burner-capsules,90 Capsules (90 servings),0724999807562,pureburn-fat-burner-capsules | 90 Capsules (90 servings),2,0.0,62.2560606060606,1.0,0.0
micronized-creatine-monohydrate,2 x 250g Pack (100 servings) *Most Popular*,0724999807999_2,micronized-creatine-monohydrate | 2 x 250g Pack (100 servings) *Most Popular*,2,1.0,212.53,2.5,0.0
creatine-monohydrate-sachet,1 x 5g Sachet (1 servings),0724999809603,creatine-monohydrate-sachet | 1 x 5g Sachet (1 servings),2,0.5,133.525,1.5,0.0
better-whey,500g Pack (20 servings) / Vanilla (unsweetened),0724999808903,unknown | Default,2,1.0,267.3812121212121,7.0,0.0
lean-protein,1kg Pack (25 servings) / Taro,0724999807708,unknown | Default,2,1.0,214.59454545454548,3.0,0.5
better-whey,1kg Pack (40 servings) / Vanilla,0724999808361,unknown | Default,2,1.0,136.53500000000003,3.0,1.0
prime-whey-isolate,500g Pack (10 servings) / Belgian Choc,724999808699.0,unknown | 500g Pack (10 servings) / Belgian Choc,2,0.5,378.97545454545457,3.0,0.0
better-whey,1kg Pack (40 servings) / Vanilla (unsweetened),0724999807913,unknown | Default,2,1.0,1162.9434848484848,4.5,0.0
better-whey,40g Sachet / Thai Milk Tea,0724999810463,unknown | 40g Sachet / Thai Milk Tea,2,0.5,27.225,1.5,0.0
lean-protein,4 x 1kg Packs (100 servings) / Thai Milk Tea,LEAN-THA-1KG4BL-V1,lean-protein | 4 x 1kg Packs (100 servings) / Thai Milk Tea,2,1.0,354.4,2.0,0.0
lean-protein,4 x 1kg Packs (100 servings) / Thai Milk Tea,0724999807821_4,lean-protein | 4 x 1kg Packs (100 servings) / Thai Milk Tea,2,0.5,275.13,1.5,0.5
better-whey,500g (10 servings) / Belgian Choc,724999808699.0,unknown | 500g (10 servings) / Belgian Choc,2,0.5,218.50136363636364,1.5,0.5
green-tea-extract-capsules,500g (10 servings) / Vanilla,724999808705.0,unknown | 500g (10 servings) / Vanilla,2,0.5,234.11212121212122,4.0,0.5
better-whey,500g (16 servings) / Vanilla,0724999808705,unknown | 500g (16 servings) / Vanilla,2,0.5,122.26969696969698,1.5,0.0
clear-protein,6 Sachets Variety + 1 Shaker Bottle,BND-SS-MIX6-SHK-V1,unknown | 6 Sachets Variety + 1 Shaker Bottle,2,0.5,176.495,1.5,0.0
prime-whey-isolate,Cocoa Dinosaur / 1kg,0724999808361_FREEGIFT,unknown | Default,2,1.0,964.88,3.0,0.0
better-whey,500g (20 serves) / Vanilla,0724999808903,unknown | 500g (20 serves) / Vanilla,2,0.0,69.03636363636363,1.0,0.0
better-whey,500g (16 servings) / Belgian Choc,724999808699.0,unknown | Default,2,1.0,1244.6227272727272,9.0,0.5
plant-protein,480g Pack / Vanilla,0724999808613,plant-protein | 480g Pack / Vanilla,2,0.5,43.99848484848485,1.5,0.0
better-whey,500g Pack (20 servings) / Vanilla,724999808903.0,better-whey | 500g Pack (20 servings) / Vanilla,2,0.0,59.224999999999994,1.0,0.0
green-tea-extract-capsules,60 Capsules,724999807548.0,unknown | Default,2,1.0,371.875,3.5,0.5
prime-whey-isolate,Matchawhey / 1kg,0724999807777,unknown | Matchawhey / 1kg,2,0.5,204.44545454545454,1.5,0.0
multivitamin-vegan,90 Capsules,0724999808378,multivitamin-vegan | 90 Capsules,2,0.0,71.31,1.0,0.0
green-tea-extract-capsules,60 Capsules (60 servings),0724999807548,unknown | Default,2,1.0,139.05,2.5,0.0
multivitamin-vegan,90 Capsules,0724999808378,unknown | Default,2,1.0,6613.079696969697,26.5,0.5
better-whey,500g Pack (20 servings) / Vanilla,0724999808903,unknown | 500g Pack (20 servings) / Vanilla,2,1.0,208.92348484848486,3.5,0.5
micronized-creatine-monohydrate,250g (50 servings),0724999807999,unknown | Default,2,1.0,328.4,2.0,0.0
lean-protein,1 x 1kg Pack / Thai Milk Tea,LEAN-THA-1KG-V1,lean-protein | 1 x 1kg Pack / Thai Milk Tea,2,0.0,102.69500000000001,1.0,0.0
better-whey,500g (40 servings),724999809146.0,unknown | 500g (40 servings),2,1.0,148.595,2.0,0.0
lean-protein,1kg Pack (25 serves) / Taro,0724999807708,unknown | Default,2,1.0,369.52393939393943,3.5,0.0
lean-protein,1kg Pack (25 serves) / Taro,0724999807822,lean-protein | 1kg Pack (25 serves) / Taro,2,0.0,53.425,1.0,0.0
multivitamin-vegan,1 x 300g pack (30 servings),0724999808378,multivitamin-vegan | Default,1,0.0,87.12,1.0,0.0
multivitamin-vegan,1KG Pack / Vanilla,724999807913.0,unknown | 1KG Pack / Vanilla,1,0.0,138.07272727272726,1.0,0.0
micronized-creatine-monohydrate,90 Capsules (30 servings),724999807999.0,unknown | Default,1,1.0,673.36,3.0,0.0
plant-protein,480g Pack / Natural (Unflavoured & Unsweetened),0724999808620,plant-protein | 480g Pack / Natural (Unflavoured & Unsweetened),1,1.0,992.46,12.0,1.0
plant-protein,480g Pack (16 servings) / Vanilla,724999808613.0,unknown | Default,1,1.0,1060.61,5.0,0.0
plant-protein,1kg Pack (40 servings) / Natural (Unflavoured),0724999807876,unknown | 1kg Pack (40 servings) / Natural (Unflavoured),1,0.0,224.64,1.0,0.0
multivitamin-vegan,1KG Pack / Teh Tarik,07249998080422,unknown | Default,1,1.0,1545.8915151515153,16.0,0.0
micronized-creatine-monohydrate,90 Tablets (90 servings),0724999807999,micronized-creatine-monohydrate | Default,1,0.0,110.08,1.0,0.0
multivitamin-vegan,300g,0724999808378,multivitamin-vegan | Default,1,0.0,138.7,1.0,0.0
plant-protein,480g Pack (16 servings) / Natural (Unflavoured),724999808620.0,unknown | Default,1,1.0,122.04545454545455,2.0,0.0
plant-protein,480g Pack (16 servings) / Cocoa Dinosaur,724999808606.0,unknown | Default,1,1.0,467.07,6.0,0.0
micronized-creatine-monohydrate,90 Capsules (90 servings),0724999807999,micronized-creatine-monohydrate | Default,1,1.0,164.03333333333333,2.0,0.0
multivitamin-vegan,480g Pack (16 servings) / Cocoa Dinosaur,0724999808378,multivitamin-vegan | Default,1,0.0,100.94,1.0,0.0
plant-protein,1KG / Natural (Unflavoured),724999807876.0,unknown | 1KG / Natural (Unflavoured),1,1.0,160.01999999999998,2.0,0.0
multivitamin-vegan,90 Capsules (30 servings),724999808378.0,unknown | Default,1,1.0,1395.18,6.0,0.0
multivitamin-vegan,90 Capsules,0724999808361_FREE,unknown | Default,1,1.0,1031.6,10.0,0.0
micronized-creatine-monohydrate,White,ACC-TOTE-V1,unknown | Default,1,1.0,329.78,3.0,0.0
better-whey,1KG / Natural (Unflavoured),724999807876.0,unknown | 1KG / Natural (Unflavoured),1,1.0,194.11,2.0,0.0
plant-protein,500g (10 servings) / Belgian Choc,724999808699.0,unknown | 500g (10 servings) / Belgian Choc,1,0.0,102.92727272727274,1.0,0.0
plant-protein,500g (10 servings) / Vanilla,724999808705.0,unknown | Default,1,1.0,173.75,5.0,0.0
soy-protein-isolate,4 x 1kg Pack (160 servings) / Unflavoured,SOY-UNF-1KG-4BL-V1,soy-protein-isolate | 4 x 1kg Pack (160 servings) / Unflavoured,1,0.0,101.61,1.0,1.0
soy-protein-isolate,4 x 1kg Pack (160 servings) / Unflavoured,0724999807845_4,soy-protein-isolate | 4 x 1kg Pack (160 servings) / Unflavoured,1,0.0,109.65,1.0,0.0
soy-protein-isolate,2 x 1kg Pack (80 servings) *Most Popular* / Unflavoured,0724999807845_2,soy-protein-isolate | 2 x 1kg Pack (80 servings) *Most Popular* / Unflavoured,1,0.0,68.0,1.0,0.0
soy-protein-isolate,1kg Pack (40 servings) / Natural (Unflavoured),724999807876.0,unknown | 1kg Pack (40 servings) / Natural (Unflavoured),1,1.0,62.379696969696965,2.0,0.0
soy-protein-isolate,1kg Pack (40 servings) / Natural (Unflavoured),0724999807876,unknown | Default,1,1.0,77.66969696969699,2.0,0.0
soy-protein-isolate,1kg Pack (40 servings) / Mango,0724999807951,unknown | 1kg Pack (40 servings) / Mango,1,1.0,533.85,6.0,0.0
soy-protein-isolate,1kg (40 serves) / Mango,0724999807951,unknown | 1kg (40 serves) / Mango,1,1.0,231.8881818181818,3.0,1.0
soy-protein-isolate,1KG Pack / Vanilla,0724999807913,unknown | Default,1,1.0,471.6666666666667,14.0,0.0
sg-nov-2025-victory-tag,5 x 40g Sachet (5 servings) *Most Popular* / Thai Milk Tea,LEAN-THA-40G-5PK-V1,sg-nov-2025-victory-tag | Default,1,0.0,19.47,1.0,0.0
sg-nov-2025-victory-tag,1 x 500g Pack (20 servings) / Peach,CLEAR-PEA-500G-V2,sg-nov-2025-victory-tag | Default,1,0.0,58.65,1.0,0.0
sg-nov-2025-victory-tag,1 x 1kg Pack (25 servings) / Thai Milk Tea,LEAN-THA-1KG-V1,sg-nov-2025-victory-tag | Default,1,0.0,95.84,1.0,0.0
sg-june-2025-victory-tag-delivery,1 x 250g Pack (50 servings),CRE-UNF-250G-V1,sg-june-2025-victory-tag-delivery | Default,1,1.0,30.939999999999998,2.0,0.0
sg-june-2025-victory-tag-delivery,1 x 1kg Pack (25 servings) / Taro,LEAN-TAR-1KG-V1,sg-june-2025-victory-tag-delivery | Default,1,1.0,20.200000000000003,2.0,0.0
pureburn-fat-burner-capsules,90 capsules,0724999808361_FREE,unknown | Default,1,1.0,597.2060606060606,7.0,0.0
pureburn-fat-burner-capsules,90 Tablets (90 servings),0724999807562,unknown | Default,1,0.0,242.4,1.0,0.0
pureburn-fat-burner-capsules,90 Tablets,CAP-PBT-BOTTLE-V1,unknown | Default,1,0.0,444.3,1.0,0.0
pureburn-fat-burner-capsules,90 Tablets,0724999807562,unknown | Default,1,1.0,201.3,2.0,0.0
soy-protein-isolate,40g Sachet / Taro,0724999810470,unknown | 40g Sachet / Taro,1,0.0,17.08,1.0,0.0
soy-protein-isolate,500g (16 servings) / Vanilla,0724999808705,unknown | 500g (16 servings) / Vanilla,1,0.0,57.36666666666667,1.0,0.0
soy-protein-isolate,500g (16 servings) / Vanilla,0724999808705,unknown | Default,1,1.0,870.8969696969697,7.0,0.0
super-omega-3,60 Softgels,0724999807555,unknown | Default,1,1.0,448.7272727272727,3.0,0.0
thermal-stainless-steel-bottle,500g (20 serves) / Vanilla,0724999808903,unknown | Default,1,1.0,587.1515151515151,3.0,0.0
thermal-stainless-steel-bottle,1kg Pack (40 servings) / Matchawhey,0724999809160,thermal-stainless-steel-bottle | Default,1,0.0,203.58,1.0,0.0
thermal-stainless-steel-bottle,1kg Pack (40 servings) / Cocoa Dinosaur,0724999809160,thermal-stainless-steel-bottle | Default,1,1.0,237.31,3.0,0.0
thermal-stainless-steel-bottle,1kg Pack (25 servings) / Thai Milk Tea,LP_giftbox,unknown | Default,1,1.0,175.93114754098363,3.0,0.0
thermal-stainless-steel-bottle,1kg (40 serves) / Mango,0724999809160,thermal-stainless-steel-bottle | Default,1,0.0,190.7818181818182,1.0,0.0
super-omega-3,XL,HS00833-XL,unknown | XL,1,1.0,320.3833333333334,8.0,0.0
super-omega-3,60 Softgels,CAP-OMG-BOTTLE-V1,unknown | Default,1,1.0,451.61,2.0,0.0
super-omega-3,60 Capsules,724999807555.0,unknown | Default,1,1.0,599.82,8.0,1.0
soy-protein-isolate,500g Pack (10 servings) / Belgian Choc,724999808699.0,unknown | 500g Pack (10 servings) / Belgian Choc,1,1.0,360.069696969697,4.0,0.0
super-omega-3,60 Capsules,0724999807555,unknown | Default,1,1.0,450.5263636363636,5.0,0.0
super-omega-3,60 Capsules,0724999807555,super-omega-3 | 60 Capsules,1,1.0,109.31,2.0,0.0
super-omega-3,500g (40 servings),724999809146.0,unknown | 500g (40 servings),1,0.0,55.94,1.0,1.0
super-omega-3,500g (16 servings) / Vanilla,0724999808705,unknown | 500g (16 servings) / Vanilla,1,0.0,59.093939393939394,1.0,0.0
soy-protein-isolate,White,ACC-SHK-V2,unknown | White,1,0.0,189.8,1.0,0.0
soy-protein-isolate,Matchawhey / 1kg,724999807777.0,unknown | Matchawhey / 1kg,1,1.0,105.38181818181819,2.0,0.0
soy-protein-isolate,500g Pack (10 servings) / Belgian Choc,724999808699.0,unknown | Default,1,1.0,545.4666666666667,4.0,0.0
pureburn-fat-burner-capsules,90 Capsules (90 servings),0724999807562,unknown | Default,1,1.0,630.9060606060607,5.0,0.0
pureburn-fat-burner-capsules,500g Pack / Teh Tarik,0724999808361_FREE,unknown | Default,1,1.0,188.9787878787879,2.0,1.0
pureburn-fat-burner-capsules,500g Pack / Honeydew,0724999808934,unknown | 500g Pack / Honeydew,1,1.0,348.6121212121212,8.0,0.0
plant-protein,Cocoa Dinosaur / 480g,0724999808361_FREE,unknown | Default,1,1.0,4235.198787878788,17.0,1.0
prime-whey-isolate,1KG Pack / Honeydew,0724999807975,unknown | 1KG Pack / Honeydew,1,0.0,87.22424242424242,1.0,0.0
prime-whey-isolate,1KG / Natural (Unflavoured),724999807876.0,unknown | 1KG / Natural (Unflavoured),1,1.0,267.44,3.0,1.0
prime-whey-isolate,1KG / Natural (Unflavoured),0724999807791,unknown | 1KG / Natural (Unflavoured),1,0.0,109.2,1.0,0.0
plant-protein,Vanilla / 480g,0724999808361_FREEGIFT,unknown | Default,1,1.0,3419.62,7.0,0.0
plant-protein,Natural (Unflavored) / 480g,0724999808361_FREE,unknown | Default,1,1.0,145.13333333333333,2.0,0.0
plant-protein,Matchawhey / 1kg,0724999807777,unknown | Matchawhey / 1kg,1,0.0,92.03636363636365,1.0,0.0
plant-protein,Cocoa Dinosaur / 480g,0724999808361_FREEGIFT,unknown | Default,1,1.0,566.59,4.0,0.0
plant-protein,500g Pack / Vanilla,724999808903.0,unknown | 500g Pack / Vanilla,1,0.0,36.21515151515152,1.0,0.0
prime-whey-isolate,1kg Pack (40 servings) / Cocoa Dinosaur,0724999808361,unknown | Default,1,1.0,432.63,3.0,1.0
plant-protein,500g Pack / Honeydew,0724999808934,unknown | Default,1,1.0,363.6939393939394,14.0,1.0
plant-protein,500g Pack (40 servings),724999809146.0,unknown | 500g Pack (40 servings),1,0.0,97.45,1.0,0.0
plant-protein,500g Pack (10 servings) / Belgian Choc,724999808699.0,unknown | Default,1,1.0,2340.4287878787877,21.0,1.0
plant-protein,500g Pack (10 servings) / Belgian Choc,724999808699.0,unknown | 500g Pack (10 servings) / Belgian Choc,1,0.0,103.92,1.0,0.0
plant-protein,500g (40 servings),724999809146.0,unknown | 500g (40 servings),1,0.0,61.71,1.0,0.0
plant-protein,500g (16 servings) / Belgian Choc,724999808699.0,unknown | Default,1,1.0,272.8151515151515,7.0,0.0
plant-protein,500g (16 servings) / Belgian Choc,0724999808699,unknown | Default,1,1.0,114.53939393939395,2.0,0.0
prime-whey-isolate,1KG Pack / Vanilla,724999807913.0,unknown | Default,1,1.0,1357.821212121212,9.0,0.0
prime-whey-isolate,1kg Pack (40 servings) / Cocoa Dinosaur,0724999809566,unknown | Default,1,0.0,60.27272727272727,1.0,0.0
pureburn-fat-burner-capsules,500g (16 servings) / Belgian Choc,724999808699.0,unknown | 500g (16 servings) / Belgian Choc,1,1.0,305.91818181818184,5.0,1.0
prime-whey-isolate,500g Pack / Honeydew,0724999808934,unknown | Default,1,1.0,989.4333333333334,8.0,0.0
pureburn-fat-burner-capsules,500g (16 servings) / Belgian Choc,0724999808699,unknown | Default,1,1.0,1078.05,9.0,0.0
pureburn-fat-burner-capsules,1kg Pack (40 servings) / Mango,724999807951.0,unknown | Default,1,1.0,487.89393939393943,4.0,0.0
pureburn-fat-burner-capsules,1KG Pack / Vanilla,0724999807913,unknown | 1KG Pack / Vanilla,1,0.0,80.54848484848485,1.0,0.0
prime-whey-isolate,Natural (Unflavored) / 1kg,0724999807760,unknown | Default,1,1.0,1565.1299999999999,11.0,1.0
prime-whey-isolate,60 softgels,0724999807593,unknown | 60 softgels,1,0.0,229.79,1.0,0.0
prime-whey-isolate,500g Pack / Teh Tarik,0724999808910,unknown | Default,1,1.0,207.2,7.0,0.0
prime-whey-isolate,500g Pack / Matchawhey,0724999808941,unknown | 500g Pack / Matchawhey,1,0.0,72.38181818181819,1.0,0.0
prime-whey-isolate,500g Pack (40 servings),724999809146.0,unknown | Default,1,1.0,839.98,5.0,1.0
prime-whey-isolate,1kg Pack (40 servings) / Natural (Unflavoured),0724999808361,unknown | Default,1,1.0,608.25,7.0,1.0
prime-whey-isolate,500g Pack (10 servings) / Vanilla,724999808705.0,unknown | 500g Pack (10 servings) / Vanilla,1,0.0,114.51,1.0,1.0
prime-whey-isolate,500g (40 servings),724999809146.0,unknown | Default,1,1.0,488.23333333333335,5.0,0.0
prime-whey-isolate,500g (16 servings) / Vanilla,0724999808705,unknown | 500g (16 servings) / Vanilla,1,1.0,566.8969696969697,8.0,1.0
prime-whey-isolate,500g (16 servings) / Belgian Choc,0724999808699,unknown | Default,1,1.0,145.01515151515153,2.0,0.0
prime-whey-isolate,500g (16 servings) / Belgian Choc,0724999808699,unknown | 500g (16 servings) / Belgian Choc,1,0.0,83.42727272727274,1.0,0.0
prime-whey-isolate,500g (10 servings) / Belgian Choc,724999808699.0,unknown | Default,1,1.0,3043.1748484848486,10.0,1.0
prime-whey-isolate,1kg Pack (40 servings) / Natural (Unflavoured),724999807876.0,unknown | 1kg Pack (40 servings) / Natural (Unflavoured),1,1.0,233.32,2.0,0.0
micronized-creatine-monohydrate,7 x 10g Sachet (7 servings) *Most Popular*,0724999807999,micronized-creatine-monohydrate | Default,1,1.0,307.1933333333333,7.0,1.0
lushprotein-clear-shaker,1KG Pack / Teh Tarik,0724999808361,unknown | Default,1,1.0,1173.4139393939395,12.0,1.0
micronized-creatine-monohydrate,60 Capsules (60 servings),0724999807999,micronized-creatine-monohydrate | Default,1,0.0,32.22727272727273,1.0,0.0
clear-protein,500g Pack (20 Servings) / Peach,724999807814.0,clear-protein | 500g Pack (20 Servings) / Peach,1,0.0,82.61,1.0,0.0
collagen-glow,300g Pack (30 servings) / Natural (Unflavoured),0724999809566,unknown | Default,1,0.0,65.69393939393939,1.0,0.0
collagen-glow,300g Pack (30 servings),724999808507.0,unknown | Default,1,1.0,640.5,9.0,1.0
collagen-glow,300g (30 serves) / Unflavoured,LP_giftbox,unknown | Default,1,0.0,67.05454545454546,1.0,0.0
collagen-glow,300g,0724999808507,unknown | Default,1,1.0,163.82,3.0,0.0
collagen-glow,1kg Pack (40 servings) / Matchawhey,0724999807777,unknown | 1kg Pack (40 servings) / Matchawhey,1,1.0,240.9939393939394,9.0,1.0
collagen-glow,1kg (40 serves) / Mango,0724999807951,unknown | 1kg (40 serves) / Mango,1,0.0,72.67272727272727,1.0,0.0
collagen-glow,1KG Pack / Vanilla,724999807913.0,unknown | Default,1,1.0,145.8121212121212,2.0,0.0
collagen-glow,1KG Pack / Vanilla,0724999807913,unknown | 1KG Pack / Vanilla,1,0.0,74.7909090909091,1.0,0.0
collagen-glow,1KG Pack / Teh Tarik,07249998080422,unknown | 1KG Pack / Teh Tarik,1,0.0,108.55454545454546,1.0,0.0
collagen-glow,1KG Pack / Mango,724999807951.0,unknown | 1KG Pack / Mango,1,0.0,71.91212121212122,1.0,0.0
collagen-glow,1KG / Natural (Unflavoured),724999807876.0,unknown | 1KG / Natural (Unflavoured),1,0.0,77.66969696969697,1.0,0.0
collagen-glow,10g x 4 Sachet,0724999809122-4pack,collagen-glow | 10g x 4 Sachet,1,0.0,9.2,1.0,0.0
clear-protein-25g-single-sachet,6 Sachets Variety + 1 Shaker Bottle,BND-SS-MIX6-SHK-V1,unknown | 6 Sachets Variety + 1 Shaker Bottle,1,0.0,46.25,1.0,0.0
clear-protein-25g-single-sachet,5 x 25g Sachets / Peach,CLEAR-PEA-25G-5PK-V2,unknown | Default,1,0.0,126.16,1.0,0.0
clear-protein-25g-single-sachet,5 x 25g Sachet (5 servings)  *MOST POPULAR* / White Grape,0724999810487_5,clear-protein-25g-single-sachet | 5 x 25g Sachet (5 servings)  *MOST POPULAR* / White Grape,1,0.0,59.38,1.0,0.0
clear-protein-25g-single-sachet,5 x 25g Sachet (5 servings)  *MOST POPULAR* / Peach,0724999810494_5,clear-protein-25g-single-sachet | 5 x 25g Sachet (5 servings)  *MOST POPULAR* / Peach,1,0.0,64.7,1.0,0.0
clear-protein-25g-single-sachet,25g Sachet / White Grape,0724999810487,unknown | Default,1,1.0,157.97,2.0,0.0
clear-protein,White,ACC-TOTE-V1,unknown | Default,1,1.0,460.33,2.0,1.0
clear-protein,500g Pack (20 servings) / White Grape,0724999807807,unknown | Default,1,0.0,44.9,1.0,0.0
clear-protein,500g Pack (20 servings) / Vanilla (unsweetened),0724999808903,unknown | 500g Pack (20 servings) / Vanilla (unsweetened),1,0.0,49.409090909090914,1.0,1.0
clear-protein,500g Pack (20 servings) / Vanilla,0724999808903,unknown | Default,1,1.0,95.98484848484848,3.0,0.0
clear-protein,500g Pack (20 Servings) / White Grape,724999807807.0,unknown | Default,1,1.0,637.3000000000001,3.0,0.0
clear-protein,500g Pack (20 Servings) / White Grape,724999807807.0,clear-protein | 500g Pack (20 Servings) / White Grape,1,1.0,342.81,3.0,0.0
collagen-glow,4 x 300g packs (120 servings),0724999808507_4,collagen-glow | 4 x 300g packs (120 servings),1,1.0,239.51,2.0,1.0
collagen-glow,4 x 300g packs (120 servings),0724999808507_4,unknown | Default,1,1.0,941.5699999999999,5.0,0.0
collagen-glow,500g (10 servings) / Belgian Choc,724999808699.0,unknown | Default,1,1.0,698.4381818181819,11.0,1.0
green-tea-extract-capsules,60 Capsules (60 servings),724999807548.0,green-tea-extract-capsules | 60 Capsules (60 servings),1,0.0,24.9,1.0,0.0
lean-protein,40g Sachet (1 serving) / Thai Milk Tea,0724999810463,unknown | Default,1,1.0,938.2900000000001,8.0,1.0
lean-protein,2 x 1kg Packs (50 servings) *POPULAR* / Taro,0724999807822_2,lean-protein | 2 x 1kg Packs (50 servings) *POPULAR* / Taro,1,0.0,113.0,1.0,0.0
lean-protein,2 x 1kg Packs (50 servings) *MOST POPULAR* / Taro,0724999807822_2,unknown | Default,1,1.0,164.88,2.0,0.0
lean-protein,1kg Pack (40 servings) / Vanilla (unsweetened),0724999807913,unknown | 1kg Pack (40 servings) / Vanilla (unsweetened),1,1.0,175.23333333333335,2.0,0.0
lean-protein,1kg Pack (40 servings) / Taro,0724999807708,unknown | Default,1,1.0,606.43,8.0,1.0
lean-protein,1kg Pack (25 servings) / Thai Milk Tea,0724999808361,unknown | Default,1,1.0,183.78,2.0,1.0
lean-protein,1kg Pack (25 serves) / Thai Milk Tea,0724999807821,unknown | Default,1,1.0,83.54,2.0,0.0
lean-protein,1KG Pack / Vanilla,724999807913.0,unknown | 1KG Pack / Vanilla,1,1.0,397.440303030303,5.0,1.0
lean-protein,1 x 1kg Pack (25 servings) / Taro,0724999808361,unknown | Default,1,1.0,141.24,3.0,1.0
lean-protein,1 x 1kg Pack (25 servings) / Taro,0724999807822,unknown | Default,1,1.0,121.38818181818182,2.0,0.0
green-tea-extract-capsules,60 Capsules,CAP-GTE-BOTTLE-V1,unknown | Default,1,1.0,207.19363636363636,2.0,0.0
collagen-glow,500g (10 servings) / Vanilla,724999808705.0,unknown | Default,1,1.0,210.63636363636365,3.0,0.0
green-tea-extract-capsules,500g Pack / Vanilla,724999808903.0,unknown | Default,1,1.0,270.6939393939394,2.0,0.0
green-tea-extract-capsules,500g Pack (40 servings),724999809146.0,unknown | 500g Pack (40 servings),1,0.0,69.0060606060606,1.0,0.0
discovery-sampler,6 Sachets Variety,BND-SS-MIX6-V1,unknown | Default,1,0.0,100.94,1.0,0.0
creatine-monohydrate-sachet,1 x 5g (1 servings),CRE-UNF-5G-V1,unknown | Default,1,1.0,269.1,4.0,0.0
collagen-glow-10g-single-serve,10g Sachet,724999809009,unknown | Default,1,1.0,97.21030303030304,2.0,0.0
collagen-glow,Matchawhey / 1kg,724999807777.0,unknown | Matchawhey / 1kg,1,0.0,86.30606060606061,1.0,0.0
collagen-glow,500g Pack / Teh Tarik,0724999808910,unknown | Default,1,1.0,2413.7030303030306,11.0,0.0
collagen-glow,500g Pack (20 servings) / Vanilla,0724999808903,unknown | 500g Pack (20 servings) / Vanilla,1,1.0,33.04454545454546,2.0,0.0
collagen-glow,500g (16 servings) / Vanilla,0724999808705,unknown | Default,1,1.0,239.23333333333335,5.0,0.0
collagen-glow,500g (16 servings) / Belgian Choc,0724999808699,unknown | 500g (16 servings) / Belgian Choc,1,0.0,102.43636363636365,1.0,0.0
clear-protein,500g Pack (20 Servings) / Peach,724999807814.0,unknown | Default,1,1.0,508.6,8.0,0.0
clear-protein,500g Pack (20 Servings) / Peach,0724999808361,unknown | Default,1,0.0,101.24,1.0,1.0
micronized-creatine-monohydrate,500g Pack (20 servings) / Vanilla (Expiry Sep 2024),0724999807999,micronized-creatine-monohydrate | Default,1,1.0,131.32,2.0,0.0
clear-protein,500g Pack (20 Serv) / White Grape,0724999809559,unknown | Default,1,0.0,300.9,1.0,0.0
better-whey,500g Pack (10 servings) / Belgian Choc,724999808699.0,unknown | 500g Pack (10 servings) / Belgian Choc,1,0.0,100.06,1.0,0.0
better-whey,500g (20 serves) / Vanilla,0724999808903,unknown | Default,1,1.0,273.0757575757576,4.0,1.0
better-whey,500g (20 serves) / Unflavoured,0724999808880,unknown | Default,1,1.0,349.0836363636364,7.0,0.0
better-whey,500g (16 servings) / Vanilla,0724999808705,unknown | Default,1,1.0,6400.05,20.0,1.0
better-whey,500g (16 servings) / Belgian Choc,0724999808699,unknown | 500g (16 servings) / Belgian Choc,1,0.0,63.37,1.0,0.0
better-whey,1kg Pack (40 servings) / Vanilla (Expiry Sep 2024),0724999807913,unknown | Default,1,1.0,2671.88,8.0,0.0
better-whey,1kg Pack (40 servings) / Vanilla (Exp Nov23),724999807913.0,unknown | Default,1,1.0,602.6600000000001,3.0,0.0
better-whey,1kg Pack (40 servings) / Vanilla,724999807913.0,unknown | 1kg Pack (40 servings) / Vanilla,1,1.0,263.3557575757576,4.0,1.0
better-whey,1kg Pack (40 servings) / Teh Tarik,724999808422.0,unknown | Default,1,1.0,134.44,3.0,0.0
better-whey,1kg Pack (40 servings) / Natural (Unflavoured),724999808361.0,unknown | Default,1,1.0,717.21,10.0,1.0
better-whey,1kg Pack (40 servings) / Natural (Unflavoured),724999807876.0,unknown | 1kg Pack (40 servings) / Natural (Unflavoured),1,0.0,74.16969696969697,1.0,1.0
better-whey,1kg Pack (40 servings) / Matchawhey,0724999808361,unknown | Default,1,0.0,32.36,1.0,1.0
better-whey,1kg Pack (40 servings) / Mango,0724999807951,unknown | 1kg Pack (40 servings) / Mango,1,0.0,102.2060606060606,1.0,0.0
better-whey,1kg Pack (40 servings) / Genmai-Roasted Brown Rice,724999808736.0,unknown | 1kg Pack (40 servings) / Genmai-Roasted Brown Rice,1,0.0,86.30606060606061,1.0,0.0
better-whey,1kg Pack (40 servings) / Cocoa Dinosaur,0724999809566,unknown | Default,1,1.0,140.16363636363636,5.0,1.0
better-whey,1kg (40 serves) / Unflavoured,0724999807890,unknown | Default,1,1.0,995.0084848484848,10.0,0.0
better-whey,1KG Pack / Teh Tarik,07249998080422,unknown | 1KG Pack / Teh Tarik,1,1.0,150.88181818181818,2.0,0.0
better-whey,1KG Pack / Natural/Unflavored,724999807890.0,unknown | Default,1,1.0,401.5484848484849,7.0,1.0
better-whey,1KG Pack / Natural / Unflavored,724999807890.0,unknown | Default,1,1.0,1005.22,15.0,1.0
better-whey,1KG Pack / Matchawhey,0724999808361_FREE,unknown | Default,1,1.0,2006.480303030303,26.0,1.0
better-whey,1KG Pack / Honeydew,724999807975.0,unknown | Default,1,1.0,4876.5,11.0,0.0
better-whey,1KG Pack / Genmai-Roasted Brown Rice,724999808736.0,better-whey | 1KG Pack / Genmai-Roasted Brown Rice,1,0.0,59.9,1.0,0.0
better-whey,1KG Pack / Cocoa Dinosaur,0724999808361_FREE,unknown | Default,1,0.0,72.68181818181819,1.0,0.0
better-whey,500g Pack (10 servings) / Vanilla,724999808705.0,unknown | 500g Pack (10 servings) / Vanilla,1,0.0,115.5,1.0,0.0
better-whey,500g Pack (20 servings) / Cocoa Dinosaur,0724999808361,unknown | Default,1,0.0,21.55,1.0,1.0
better-whey,500g Pack (20 servings) / Cocoa Dinosaur,724999808897.0,unknown | Default,1,1.0,364.21,6.0,0.0
better-whey,Matchawhey / 1kg,724999807777.0,unknown | Matchawhey / 1kg,1,1.0,264.4030303030303,3.0,0.0
clear-protein,500g Pack (20 Serv) / White Grape,0724999807807x,unknown | Default,1,1.0,674.8848484848486,5.0,0.0
clear-protein,500g Pack (20 Serv) / Peach,LP_giftbox,unknown | Default,1,0.0,40.42424242424243,1.0,0.0
clear-protein,500g (10 servings) / Vanilla,724999808705.0,unknown | 500g (10 servings) / Vanilla,1,1.0,244.74,3.0,0.0
clear-protein,4 x 500g Pack (80 servings) / Peach,0724999807814_4,clear-protein | 4 x 500g Pack (80 servings) / Peach,1,1.0,569.55,4.0,1.0
clear-protein,2 x 500g Pack (40 servings) *MOST POPULAR* / White Grape,CLEAR-GRA-500G-2BL-V2,unknown | Default,1,1.0,608.48,2.0,0.0
clear-protein,1kg Pack (40 servings) / Vanilla,0724999807913,unknown | 1kg Pack (40 servings) / Vanilla,1,0.0,92.42727272727272,1.0,0.0
clear-protein,1kg Pack (40 servings) / Matchawhey,724999807777.0,unknown | 1kg Pack (40 servings) / Matchawhey,1,1.0,365.6393939393939,5.0,1.0
clear-protein,1KG / Natural (Unflavoured),724999807876.0,unknown | Default,1,1.0,3809.91,13.0,0.0
clear-protein,10 x 5g (10 servings) *Most Popular*,CRE-UNF-5G-10PK-V1,unknown | 10 x 5g (10 servings) *Most Popular*,1,1.0,247.0,2.0,1.0
clear-protein,1 x 500g Pack / Peach,CLEAR-PEA-500G-V2,clear-protein | 1 x 500g Pack / Peach,1,0.0,136.16,1.0,0.0
better-whey,Matchawhey / 1kg,724999807777.0,unknown | Default,1,1.0,3504.651515151515,7.0,0.0
better-whey,500g Pack (20 servings) / Matchawhey,724999808941.0,unknown | 500g Pack (20 servings) / Matchawhey,1,1.0,60.55757575757576,2.0,0.0
better-whey,60 softgels,0724999807593,unknown | Default,1,1.0,200.3,3.0,0.0
better-whey,500g Pack / Vanilla,724999808903.0,unknown | 500g Pack / Vanilla,1,1.0,176.33939393939394,3.0,0.0
better-whey,500g Pack / Vanilla,0724999808903,better-whey | 500g Pack / Vanilla,1,1.0,240.54000000000002,2.0,0.0
better-whey,500g Pack / Teh Tarik,0724999808910,unknown | Default,1,1.0,365.93636363636364,5.0,0.0
better-whey,500g Pack / Teh Tarik,0724999808910,unknown | 500g Pack / Teh Tarik,1,1.0,1298.8121212121212,16.0,0.0
better-whey,500g Pack / Natural (Unflavored),0724999808880,better-whey | 500g Pack / Natural (Unflavored),1,0.0,44.8,1.0,0.0
better-whey,500g Pack / Honeydew,0724999808934,unknown | Default,1,1.0,631.4,8.0,0.0
better-whey,500g Pack / Honeydew,0724999808934,unknown | 500g Pack / Honeydew,1,0.0,73.63939393939394,1.0,0.0
better-whey,500g Pack (40 servings),724999809146.0,unknown | 500g Pack (40 servings),1,1.0,283.84000000000003,6.0,1.0
better-whey,500g Pack (20 servings) / Natural (Unflavoured),724999808880.0,unknown | Default,1,1.0,99.65151515151516,2.0,0.0
lean-protein,40g Sachet (single serve) / Taro,0724999810470,lean-protein | 40g Sachet (single serve) / Taro,1,0.0,48.7,1.0,1.0
lean-protein,40g Sachet (single serve) / Thai Milk Tea,0724999808897,lean-protein | 40g Sachet (single serve) / Thai Milk Tea,1,0.0,29.77,1.0,0.0
lean-protein,40g Sachet / Taro,0724999810470,unknown | 40g Sachet / Taro,1,1.0,159.74,2.0,0.0
lean-protein,40g Sachet / Taro,0724999810470,unknown | Default,1,1.0,594.5572727272728,8.0,0.0
micronized-creatine-monohydrate,1kg (40 servings) / Unflavoured,0724999807999,micronized-creatine-monohydrate | Default,1,1.0,181.51,2.0,0.0
micronized-creatine-monohydrate,1kg (40 serves) / Matchawhey,0724999807999,unknown | Default,1,1.0,204.06060606060606,5.0,1.0
micronized-creatine-monohydrate,1kg (40 serves) / Cocoa Dinosaur,0724999807999,unknown | Default,1,1.0,113.57454545454546,3.0,0.0
micronized-creatine-monohydrate,1 x 250g Pack (50 servings),ACC-TOTE-V1,unknown | Default,1,1.0,231.12,2.0,0.0
lushprotein-logo-white-cap,500g Pack (20 Serv) / White Grape,0724999809559,unknown | Default,1,1.0,2052.480303030303,8.0,0.0
lushprotein-logo-white-cap,500g Pack (20 Serv) / Peach,0724999809559,unknown | Default,1,1.0,3241.090909090909,6.0,0.0
lushprotein-lean-protein-40g-single-serve,5 x 40g Sachet / Thai Milk Tea,LEAN-THA-40G-5PK-V1,unknown | Default,1,1.0,94.44,2.0,0.0
lushprotein-lean-protein-40g-single-serve,5 x 40g Sachet (5 servings) *Most Popular* / Thai Milk Tea,0724999810517,unknown | Default,1,1.0,462.4,7.0,0.0
lushprotein-lean-protein-40g-single-serve,5 x 40g Sachet (5 servings) *Most Popular* / Thai Milk Tea,0724999810463_5,lushprotein-lean-protein-40g-single-serve | 5 x 40g Sachet (5 servings) *Most Popular* / Thai Milk Tea,1,0.0,144.88,1.0,0.0
lushprotein-lean-protein-40g-single-serve,1 x 40g Sachet (1 serving) / Thai Milk Tea,LEAN-THA-40G-V1,unknown | Default,1,1.0,207.72,2.0,0.0
lushprotein-clear-shaker,Matchawhey / 1kg,724999807777.0,unknown | Default,1,1.0,243.21515151515152,4.0,0.0
lushprotein-clear-shaker,Cocoa Dinosaur,0724999808361,lushprotein-clear-shaker | Default,1,0.0,102.56,1.0,0.0
lushprotein-clear-shaker,90 Tablets (90 servings),0724999808361,unknown | Default,1,1.0,927.3,13.0,0.0
lushprotein-clear-shaker,90 Capsules (90 servings),0724999808361,lushprotein-clear-shaker | Default,1,0.0,76.9030303030303,1.0,0.0
lushprotein-clear-shaker,90 Capsules (30 servings),0724999808361,lushprotein-clear-shaker | Default,1,1.0,197.45,2.0,0.0
lushprotein-clear-shaker,60 Softgels (60 servings),0724999808361,lushprotein-clear-shaker | Default,1,1.0,300.09000000000003,3.0,0.0
lushprotein-clear-shaker,60 Softgels,0724999808361,lushprotein-clear-shaker | Default,1,1.0,103.69272727272727,4.0,1.0
lushprotein-clear-shaker,60 Capsules,724999808361.0,lushprotein-clear-shaker | Default,1,0.0,121.14,1.0,0.0
lushprotein-clear-shaker,500g Pack / Teh Tarik,724999808361.0,lushprotein-clear-shaker | Default,1,0.0,56.975757575757584,1.0,0.0
lushprotein-clear-shaker,500g Pack / Teh Tarik,0724999808910,unknown | Default,1,1.0,125.61666666666667,5.0,0.0
lushprotein-clear-shaker,500g Pack / Matchawhey,724999808941.0,unknown | Default,1,1.0,113.35151515151514,2.0,1.0
lushprotein-clear-shaker,500g Pack / Matchawhey,724999808361.0,lushprotein-clear-shaker | Default,1,0.0,56.975757575757584,1.0,0.0
lushprotein-clear-shaker,500g Pack / Matchawhey,0724999808941,unknown | 500g Pack / Matchawhey,1,1.0,33.06787878787878,2.0,0.0
micronized-creatine-monohydrate,1kg Pack (25 serves) / Taro,0724999807999,micronized-creatine-monohydrate | Default,1,1.0,258.81757575757575,6.0,1.0
micronized-creatine-monohydrate,1kg Pack (40 servings) / Cocoa Dinosaur,0724999807999,unknown | Default,1,1.0,1409.18,8.0,0.0
micronized-creatine-monohydrate,1kg Pack (40 servings) / Cocoa Dinosaur,0724999807999-1,unknown | Default,1,1.0,805.7575757575758,9.0,0.0
micronized-creatine-monohydrate,300g Pack (30 servings),0724999808361,unknown | Default,1,1.0,343.86,4.0,1.0
micronized-creatine-monohydrate,500g Pack (20 servings) / Natural (Unflavoured),0724999807999-1,micronized-creatine-monohydrate | Default,1,1.0,135.13939393939395,2.0,0.0
micronized-creatine-monohydrate,500g Pack (20 servings) / Cocoa Dinosaur,0724999807999,unknown | Default,1,1.0,1230.2,6.0,0.0
micronized-creatine-monohydrate,500g (40 servings),724999809146.0,unknown | 500g (40 servings),1,1.0,101.68,4.0,1.0
micronized-creatine-monohydrate,500g (20 serves) / Vanilla,0724999808903,unknown | 500g (20 serves) / Vanilla,1,0.0,32.75757575757576,1.0,0.0
micronized-creatine-monohydrate,500g (20 serves) / Vanilla,0724999807999,micronized-creatine-monohydrate | Default,1,0.0,51.578787878787885,1.0,0.0
micronized-creatine-monohydrate,480g Pack (16 servings) / Vanilla,0724999807999,unknown | Default,1,1.0,306.04,8.0,1.0
micronized-creatine-monohydrate,4 x 250g Pack (200 servings),CRE-UNF-250G-4BL-V1,micronized-creatine-monohydrate | 4 x 250g Pack (200 servings),1,0.0,64.71,1.0,0.0
micronized-creatine-monohydrate,4 x 250g Pack (200 servings),0724999807999_4,micronized-creatine-monohydrate | 4 x 250g Pack (200 servings),1,1.0,337.27,2.0,1.0
micronized-creatine-monohydrate,300g Pack (30 servings) / Natural (Unflavoured),0724999809566,unknown | Default,1,1.0,129.27575757575755,2.0,0.0
micronized-creatine-monohydrate,300g Pack (30 servings) / Natural (Unflavoured),0724999807999,micronized-creatine-monohydrate | Default,1,0.0,65.86363636363636,1.0,1.0
micronized-creatine-monohydrate,250g (50 servings),724999807999.0,unknown | Default,1,1.0,292.9575757575758,12.0,1.0
micronized-creatine-monohydrate,1kg Pack (40 servings) / Genmai-Roasted Brown Rice,724999807999.0,unknown | Default,1,1.0,97.95151515151517,2.0,1.0
micronized-creatine-monohydrate,250g (50 serves),0724999807999,micronized-creatine-monohydrate | Default,1,1.0,64.65,3.0,0.0
micronized-creatine-monohydrate,1kg Pack (40 servings) / Vanilla (unsweetened),0724999807913,unknown | 1kg Pack (40 servings) / Vanilla (unsweetened),1,1.0,53.25757575757576,2.0,1.0
micronized-creatine-monohydrate,1kg Pack (40 servings) / Vanilla,724999807999.0,micronized-creatine-monohydrate | Default,1,0.0,76.13333333333334,1.0,1.0
micronized-creatine-monohydrate,1kg Pack (40 servings) / Vanilla,0724999807999,unknown | Default,1,1.0,688.1757575757576,10.0,0.0
micronized-creatine-monohydrate,1kg Pack (40 servings) / Thai Milk Tea,0724999807999,unknown | Default,1,1.0,78.79333333333334,2.0,1.0
micronized-creatine-monohydrate,1kg Pack (40 servings) / Natural (Unflavoured),724999807999.0,unknown | Default,1,1.0,256.6,5.0,0.0
micronized-creatine-monohydrate,1kg Pack (40 servings) / Natural (Unflavoured),724999807876.0,unknown | Default,1,1.0,94.87272727272727,2.0,0.0
micronized-creatine-monohydrate,1kg Pack (40 servings) / Natural (Unflavoured),0724999807999-1,micronized-creatine-monohydrate | Default,1,0.0,55.71515151515152,1.0,0.0
micronized-creatine-monohydrate,1kg Pack (40 servings) / Matchawhey,0724999807999,micronized-creatine-monohydrate | Default,1,0.0,90.89,1.0,0.0
micronized-creatine-monohydrate,1kg Pack (40 servings) / Mango,0724999807999,micronized-creatine-monohydrate | Default,1,0.0,106.89,1.0,1.0
lushprotein-clear-shaker,500g Pack / Honeydew,0724999808934,unknown | 500g Pack / Honeydew,1,1.0,107.9909090909091,2.0,0.0
lushprotein-clear-shaker,500g Pack / Cocoa Dinosaur,0724999808361,unknown | Default,1,1.0,148.51999999999998,2.0,0.0
lushprotein-clear-shaker,500g Pack / Cocoa Dinosaur,0724999808361,lushprotein-clear-shaker | Default,1,0.0,65.36363636363636,1.0,0.0
lushprotein-clear-shaker,1KG Pack / Matchawhey,724999808361.0,lushprotein-clear-shaker | Default,1,0.0,94.91515151515152,1.0,0.0
lushprotein-clear-shaker,1kg Pack (40 servings) / Genmai-Roasted Brown Rice,724999808736.0,unknown | 1kg Pack (40 servings) / Genmai-Roasted Brown Rice,1,1.0,244.22121212121215,9.0,1.0
lushprotein-clear-shaker,1kg Pack (40 servings) / Genmai-Roasted Brown Rice,0724999808361,lushprotein-clear-shaker | Default,1,0.0,127.92727272727274,1.0,0.0
lushprotein-clear-shaker,1kg Pack (25 serves) / Thai Milk Tea,0724999808361,lushprotein-clear-shaker | Default,1,0.0,91.93939393939394,1.0,0.0
lushprotein-clear-shaker,1kg (40 serves) / Unflavoured,0724999808361,unknown | Default,1,1.0,239.22424242424245,3.0,0.0
lushprotein-clear-shaker,1kg (40 serves) / Matchawhey,0724999808361,lushprotein-clear-shaker | Default,1,0.0,54.15151515151515,1.0,0.0
lushprotein-clear-shaker,1kg (40 serves) / Mango,0724999807951,unknown | Default,1,1.0,292.72121212121215,5.0,1.0
lushprotein-clear-shaker,1kg (40 serves) / Cocoa Dinosaur,0724999808361,unknown | Default,1,1.0,289.73333333333335,2.0,0.0
lushprotein-clear-shaker,1KG Pack / Vanilla,724999807913.0,unknown | Default,1,1.0,484.6060606060606,6.0,1.0
lushprotein-clear-shaker,1KG Pack / Teh Tarik,7249998080422.0,unknown | 1KG Pack / Teh Tarik,1,0.0,85.56969696969698,1.0,0.0
lushprotein-clear-shaker,1KG Pack / Teh Tarik,07249998080422,unknown | Default,1,1.0,767.6090909090909,9.0,0.0
lushprotein-clear-shaker,1KG Pack / Matchawhey,0724999808361,unknown | Default,1,1.0,84.37272727272727,2.0,0.0
lushprotein-clear-shaker,1kg Pack (40 servings) / Natural (Unflavoured),0724999807876,unknown | 1kg Pack (40 servings) / Natural (Unflavoured),1,0.0,31.2,1.0,0.0
lushprotein-clear-shaker,1KG Pack / Matchawhey,0724999807777,unknown | Default,1,1.0,8071.886666666667,13.0,1.0
lushprotein-clear-shaker,1KG Pack / Cocoa Dinosaur,724999808361.0,lushprotein-clear-shaker | Default,1,0.0,49.16969696969697,1.0,0.0
lushprotein-clear-shaker,1KG / Natural (Unflavoured),724999807876.0,unknown | Default,1,1.0,520.04,6.0,0.0
lp-tote-bag-fuel-your-journey,lime green,ACC-TOTE-V1,lp-tote-bag-fuel-your-journey | Default,1,0.0,84.83,1.0,0.0
lp-tote-bag-fuel-your-journey,White,ACC-TOTE-V1,unknown | Default,1,1.0,409.56,3.0,0.0
lean-protein,7 x 10g Sachet (7 servings) *Most Popular*,COL-UNF-10G-7PK-V1,unknown | 7 x 10g Sachet (7 servings) *Most Popular*,1,0.0,96.05,1.0,0.0
lean-protein,500g Pack / Matchawhey,0724999808941,unknown | Default,1,1.0,243.9666666666667,8.0,0.0
lean-protein,500g Pack (20 servings) / Vanilla,0724999808903,unknown | 500g Pack (20 servings) / Vanilla,1,0.0,63.97575757575758,1.0,0.0
lean-protein,500g Pack (10 servings) / Belgian Choc,0724999808699,unknown | 500g Pack (10 servings) / Belgian Choc,1,1.0,221.29,4.0,0.0
lean-protein,500g (40 servings),0724999809146,unknown | Default,1,1.0,284.5757575757576,4.0,1.0
lushprotein-clear-shaker,1kg Pack (40 servings) / Genmai-Roasted Brown Rice,724999808736.0,unknown | Default,1,1.0,168.75757575757578,4.0,1.0
lushprotein-clear-shaker,1kg Pack (40 servings) / Teh Tarik,724999808361.0,lushprotein-clear-shaker | Default,1,1.0,242.52,3.0,0.0
lushprotein-clear-shaker,500g Pack (20 servings) / Matchawhey,724999808361.0,lushprotein-clear-shaker | Default,1,0.0,69.47272727272727,1.0,1.0
lushprotein-clear-shaker,480g Pack / Vanilla,0724999808361,lushprotein-clear-shaker | Default,1,1.0,295.1472727272727,3.0,1.0
lushprotein-clear-shaker,500g Pack (20 servings) / Cocoa Dinosaur,724999808361.0,lushprotein-clear-shaker | Default,1,0.0,20.848484848484848,1.0,0.0
lushprotein-clear-shaker,500g Pack (20 Serv) / White Grape,0724999808361,unknown | Default,1,1.0,244.84848484848487,2.0,0.0
lushprotein-clear-shaker,500g Pack (20 Serv) / Peach,0724999808361,unknown | Default,1,1.0,293.2090909090909,6.0,0.0
lushprotein-clear-shaker,500g Pack (10 servings) / Belgian Choc,724999808699.0,unknown | 500g Pack (10 servings) / Belgian Choc,1,0.0,37.21515151515152,1.0,0.0
lushprotein-clear-shaker,500g (20 serves) / Cocoa Dinosaur,0724999808361,lushprotein-clear-shaker | Default,1,1.0,219.75727272727272,2.0,1.0
lushprotein-clear-shaker,500g (16 servings) / Belgian Choc,0724999808361,lushprotein-clear-shaker | Default,1,0.0,81.7090909090909,1.0,0.0
lushprotein-clear-shaker,500g (10 servings) / Vanilla,724999808705.0,unknown | Default,1,1.0,623.7939393939394,5.0,0.0
lushprotein-clear-shaker,500g (10 servings) / Vanilla,724999808705.0,unknown | 500g (10 servings) / Vanilla,1,0.0,63.24848484848485,1.0,0.0
lushprotein-clear-shaker,500g (10 servings) / Belgian Choc,724999808699.0,unknown | Default,1,1.0,707.3969696969697,11.0,1.0
lushprotein-clear-shaker,500g (10 servings) / Belgian Choc,724999808361.0,unknown | Default,1,1.0,319.04242424242426,2.0,0.0
lushprotein-clear-shaker,480g Pack (16 servings) / Vanilla,0724999808361,unknown | Default,1,1.0,340.71515151515155,5.0,0.0
lushprotein-clear-shaker,1kg Pack (40 servings) / Vanilla,0724999807913,unknown | 1kg Pack (40 servings) / Vanilla,1,1.0,124.76969696969698,5.0,1.0
lushprotein-clear-shaker,480g Pack (16 servings) / Natural (Unflavoured),724999808361.0,lushprotein-clear-shaker | Default,1,1.0,171.64242424242425,7.0,1.0
lushprotein-clear-shaker,480g Pack (16 servings) / Natural (Unflavoured),0724999808361,unknown | Default,1,1.0,128.33333333333334,2.0,0.0
lushprotein-clear-shaker,480g Pack (16 servings) / Cocoa Dinosaur,0724999808361,lushprotein-clear-shaker | Default,1,1.0,87.00999999999999,2.0,0.0
lushprotein-clear-shaker,40g Sachet / Thai Milk Tea,0724999810463,unknown | Default,1,1.0,83.34060606060606,2.0,0.0
lushprotein-clear-shaker,40g Sachet / Taro,0724999810470,unknown | Default,1,1.0,172.54939393939395,5.0,0.0
lushprotein-clear-shaker,300g Pack (30 servings) / Natural (Unflavoured),724999808361.0,unknown | Default,1,1.0,3918.718181818182,17.0,1.0
lushprotein-clear-shaker,300g Pack (30 servings) / Natural (Unflavoured),724999808361.0,lushprotein-clear-shaker | Default,1,1.0,54.193939393939395,2.0,1.0
lushprotein-clear-shaker,300g Pack (30 servings) / Natural (Unflavoured),0724999808361,unknown | Default,1,1.0,917.780606060606,29.0,1.0
lushprotein-clear-shaker,300g Pack (30 servings),0724999808361,lushprotein-clear-shaker | Default,1,0.0,161.94,1.0,0.0
lushprotein-clear-shaker,1kg Pack (40 servings) / Vanilla,724999807913.0,unknown | 1kg Pack (40 servings) / Vanilla,1,1.0,79.95151515151515,2.0,1.0
victory-tag-delivery,1 x 1kg Pack (40 servings) / Unflavoured,0724999807845,victory-tag-delivery | Default,1,0.0,106.11,1.0,0.0
