first_handle,first_variant,first_sku,flavor_sku,customers,loyal_rate,avg_ltv,avg_orders,pct_subscribed,lift_vs_baseline
better-whey,1KG / Natural (Unflavoured),724999807876.0,unknown | 1KG / Natural (Unflavoured),1,0.0,194.11,2.0,0.0,0.0
better-whey,1KG Pack / Cocoa Dinosaur,0724999807937,better-whey | 1KG Pack / Cocoa Dinosaur,35,0.2,230.50745454545458,2.6285714285714286,0.17142857142857143,1.1732652192422308
better-whey,1KG Pack / Cocoa Dinosaur,0724999807937,unknown | Default,41,0.975609756097561,1770.3773170731708,10.536585365853659,0.3170731707317073,5.72324497191332
better-whey,1KG Pack / Cocoa Dinosaur,0724999808361_FREEGIFT,unknown | Default,2,1.0,2445.89,16.5,0.5,5.866326096211154
better-whey,1KG Pack / Cocoa Dinosaur,724999807937.0,better-whey | 1KG Pack / Cocoa Dinosaur,45,0.13333333333333333,120.38567676767677,1.6,0.17777777777777778,0.7821768128281538
better-whey,1KG Pack / Cocoa Dinosaur,724999807937.0,unknown | Default,27,0.9629629629629629,885.0563411896745,5.814814814814815,0.25925925925925924,5.649054759314444
better-whey,1KG Pack / Genmai-Roasted Brown Rice,724999808736.0,better-whey | 1KG Pack / Genmai-Roasted Brown Rice,1,0.0,59.9,1.0,0.0,0.0
better-whey,1KG Pack / Matchawhey,0724999807784,better-whey | 1KG Pack / Matchawhey,9,0.1111111111111111,130.1729292929293,1.5555555555555556,0.1111111111111111,0.6518140106901281
better-whey,1KG Pack / Matchawhey,0724999807784,unknown | Default,19,0.8947368421052632,1187.4916746411484,8.736842105263158,0.2631578947368421,5.248818086083664
better-whey,1KG Pack / Matchawhey,0724999808361_FREE,unknown | Default,1,1.0,184.16666666666669,3.0,0.0,5.866326096211154
better-whey,1KG Pack / Matchawhey,0724999808361_FREEGIFT,unknown | Default,1,1.0,6339.53,14.0,0.0,5.866326096211154
better-whey,1KG Pack / Matchawhey,724999807784.0,better-whey | 1KG Pack / Matchawhey,30,0.16666666666666666,148.3630202020202,1.8666666666666667,0.1,0.9777210160351921
better-whey,1KG Pack / Matchawhey,724999807784.0,unknown | Default,13,1.0,1406.789324009324,8.23076923076923,0.46153846153846156,5.866326096211154
better-whey,1KG Pack / Natural (Unflavored),0724999807890,better-whey | 1KG Pack / Natural (Unflavored),4,0.5,258.85,2.25,0.0,2.933163048105577
better-whey,1KG Pack / Natural (Unflavored),0724999807890,unknown | Default,3,1.0,2194.8333333333335,7.666666666666667,0.3333333333333333,5.866326096211154
better-whey,1KG Pack / Natural (Unflavored),0724999808361_FREEGIFT,unknown | Default,1,1.0,1596.32,9.0,0.0,5.866326096211154
better-whey,1KG Pack / Natural (Unflavored),724999807890.0,better-whey | 1KG Pack / Natural (Unflavored),17,0.058823529411764705,161.74966131907308,1.411764705882353,0.11764705882352941,0.3450780056594796
better-whey,1KG Pack / Natural (Unflavored),724999807890.0,unknown | Default,17,0.8823529411764706,2063.9444919786097,9.411764705882353,0.4117647058823529,5.176170084892194
better-whey,1KG Pack / Natural (Unflavoured),0724999807890,better-whey | 1KG Pack / Natural (Unflavoured),5,0.0,122.20951515151516,1.4,0.0,0.0
better-whey,1KG Pack / Natural (Unflavoured),0724999807890,unknown | Default,12,1.0,1272.6150505050505,10.166666666666666,0.25,5.866326096211154
better-whey,1KG Pack / Natural / Unflavored,724999807890.0,better-whey | 1KG Pack / Natural / Unflavored,3,0.0,51.43666666666667,1.0,0.0,0.0
better-whey,1KG Pack / Natural / Unflavored,724999807890.0,unknown | Default,1,1.0,1005.22,15.0,1.0,5.866326096211154
better-whey,1KG Pack / Natural/Unflavored,724999807890.0,better-whey | 1KG Pack / Natural/Unflavored,1,0.0,48.151515151515156,1.0,0.0,0.0
better-whey,1KG Pack / Natural/Unflavored,724999807890.0,unknown | Default,1,1.0,401.5484848484849,7.0,1.0,5.866326096211154
better-whey,1KG Pack / Teh Tarik,07249998080422,unknown | 1KG Pack / Teh Tarik,1,0.0,150.88181818181818,2.0,0.0,0.0
better-whey,1KG Pack / Teh Tarik,07249998080422,unknown | Default,4,1.0,1023.9915909090909,13.25,0.25,5.866326096211154
better-whey,1KG Pack / Teh Tarik,0724999808422,better-whey | 1KG Pack / Teh Tarik,3,0.0,119.74000000000001,1.3333333333333333,0.0,0.0
better-whey,1KG Pack / Teh Tarik,7249998080422.0,unknown | 1KG Pack / Teh Tarik,2,0.0,78.25454545454546,1.0,0.0,0.0
better-whey,1KG Pack / Teh Tarik,7249998080422.0,unknown | Default,2,1.0,2056.2363636363634,12.0,0.5,5.866326096211154
better-whey,1KG Pack / Teh Tarik,724999808422.0,better-whey | 1KG Pack / Teh Tarik,8,0.375,196.2125,2.125,0.25,2.1998722860791826
better-whey,1KG Pack / Teh Tarik,724999808422.0,unknown | Default,5,1.0,1314.434,7.0,0.6,5.866326096211154
better-whey,1KG Pack / Vanilla,0724999807913,better-whey | 1KG Pack / Vanilla,6,0.5,215.32500000000002,2.3333333333333335,0.0,2.933163048105577
better-whey,1KG Pack / Vanilla,0724999807913,unknown | 1KG Pack / Vanilla,2,0.0,105.90454545454546,1.5,0.0,0.0
better-whey,1KG Pack / Vanilla,0724999807913,unknown | Default,6,1.0,547.1446464646465,8.333333333333334,0.5,5.866326096211154
better-whey,1KG Pack / Vanilla,0724999808361_FREE,unknown | Default,1,1.0,412.72121212121215,4.0,0.0,5.866326096211154
better-whey,1KG Pack / Vanilla,724999807913.0,better-whey | 1KG Pack / Vanilla,14,0.21428571428571427,179.52357142857142,2.0,0.2857142857142857,1.2570698777595328
better-whey,1KG Pack / Vanilla,724999807913.0,unknown | Default,11,0.9090909090909091,1431.6536639118458,9.818181818181818,0.2727272727272727,5.333023723828321
better-whey,1KG Pack / Vanilla (Exp Nov 2023),724999807913.0,better-whey | 1KG Pack / Vanilla (Exp Nov 2023),3,0.3333333333333333,116.32333333333334,3.3333333333333335,0.3333333333333333,1.9554420320703843
better-whey,1KG Pack / Vanilla (Exp Nov 2023),724999807913.0,unknown | Default,2,1.0,379.4760606060606,4.5,0.0,5.866326096211154
better-whey,1KG Pack / Vanilla (Exp Nov23),724999807913.0,better-whey | 1KG Pack / Vanilla (Exp Nov23),9,0.1111111111111111,62.721111111111114,1.3333333333333333,0.1111111111111111,0.6518140106901281
better-whey,1KG Pack / Vanilla (Exp Nov23),724999807913.0,unknown | Default,3,1.0,605.2020202020202,11.666666666666666,1.0,5.866326096211154
better-whey,1kg (40 serves) / Cocoa Dinosaur,0724999807937,better-whey | 1kg (40 serves) / Cocoa Dinosaur,50,0.14,66.37584848484849,1.48,0.08,0.8212856534695615
better-whey,1kg (40 serves) / Cocoa Dinosaur,0724999807937,unknown | Default,4,0.5,147.1871212121212,2.75,0.0,2.933163048105577
better-whey,1kg (40 serves) / Mango,0724999807951,unknown | 1kg (40 serves) / Mango,1,1.0,154.69424242424242,3.0,0.0,5.866326096211154
better-whey,1kg (40 serves) / Matchawhey,0724999807784,better-whey | 1kg (40 serves) / Matchawhey,27,0.18518518518518517,102.0135441850196,1.9259259259259258,0.07407407407407407,1.0863566844835468
better-whey,1kg (40 serves) / Matchawhey,0724999807784,unknown | Default,4,1.0,647.5424242424242,4.0,0.25,5.866326096211154
better-whey,1kg (40 serves) / Unflavoured,0724999807890,better-whey | 1kg (40 serves) / Unflavoured,33,0.12121212121212122,95.35112029384757,1.6666666666666667,0.09090909090909091,0.7110698298437762
better-whey,1kg (40 serves) / Unflavoured,0724999807890,unknown | Default,2,1.0,791.0799999999999,6.5,0.0,5.866326096211154
better-whey,1kg (40 servings) / Cocoa Dinosaur,0724999807937,better-whey | 1kg (40 servings) / Cocoa Dinosaur,18,0.0,63.50944444444445,1.1111111111111112,0.05555555555555555,0.0
better-whey,1kg (40 servings) / Unflavoured,0724999807890,better-whey | 1kg (40 servings) / Unflavoured,21,0.0,85.15523809523809,1.1428571428571428,0.09523809523809523,0.0
better-whey,1kg (40 servings) / Unflavoured,BET-UNF-1KG-V1,better-whey | 1kg (40 servings) / Unflavoured,3,0.0,59.9,1.0,0.0,0.0
better-whey,1kg Pack (40 servings) / Cocoa Dinosaur,0724999807937,better-whey | 1kg Pack (40 servings) / Cocoa Dinosaur,77,0.11688311688311688,148.54110586383314,1.7532467532467533,0.12987012987012986,0.685674478777927
better-whey,1kg Pack (40 servings) / Cocoa Dinosaur,0724999807937,unknown | Default,8,1.0,571.4598484848485,5.5,0.5,5.866326096211154
better-whey,1kg Pack (40 servings) / Cocoa Dinosaur,0724999808361,unknown | Default,7,0.42857142857142855,199.83142857142857,3.4285714285714284,1.0,2.5141397555190657
better-whey,1kg Pack (40 servings) / Cocoa Dinosaur,724999807937.0,better-whey | 1kg Pack (40 servings) / Cocoa Dinosaur,31,0.25806451612903225,203.0690713587488,2.4516129032258065,0.1935483870967742,1.513890605473846
better-whey,1kg Pack (40 servings) / Cocoa Dinosaur,724999807937.0,unknown | Default,6,0.8333333333333334,717.4077777777778,7.166666666666667,0.5,4.888605080175961
better-whey,1kg Pack (40 servings) / Cocoa Dinosaur,724999808361.0,unknown | Default,2,0.5,411.975,6.0,1.0,2.933163048105577
better-whey,1kg Pack (40 servings) / Genmai-Roasted Brown Rice,0724999808736,better-whey | 1kg Pack (40 servings) / Genmai-Roasted Brown Rice,11,0.09090909090909091,62.972727272727276,1.3636363636363635,0.09090909090909091,0.5333023723828322
better-whey,1kg Pack (40 servings) / Genmai-Roasted Brown Rice,0724999808736,unknown | 1kg Pack (40 servings) / Genmai-Roasted Brown Rice,2,0.5,93.82727272727273,3.0,1.0,2.933163048105577
better-whey,1kg Pack (40 servings) / Genmai-Roasted Brown Rice,0724999808736,unknown | Default,3,1.0,2821.06,11.0,0.6666666666666666,5.866326096211154
better-whey,1kg Pack (40 servings) / Genmai-Roasted Brown Rice,724999808736.0,better-whey | 1kg Pack (40 servings) / Genmai-Roasted Brown Rice,5,0.2,141.006,1.8,0.2,1.1732652192422308
better-whey,1kg Pack (40 servings) / Genmai-Roasted Brown Rice,724999808736.0,unknown | 1kg Pack (40 servings) / Genmai-Roasted Brown Rice,1,0.0,86.30606060606061,1.0,0.0,0.0
better-whey,1kg Pack (40 servings) / Genmai-Roasted Brown Rice,724999808736.0,unknown | Default,3,1.0,1177.4799999999998,5.0,0.3333333333333333,5.866326096211154
better-whey,1kg Pack (40 servings) / Mango,0724999807951,better-whey | 1kg Pack (40 servings) / Mango,9,0.0,81.71222222222222,1.1111111111111112,0.1111111111111111,0.0
better-whey,1kg Pack (40 servings) / Mango,0724999807951,unknown | Default,3,1.0,810.4670707070708,6.0,0.3333333333333333,5.866326096211154
better-whey,1kg Pack (40 servings) / Mango,0724999808361,unknown | Default,1,1.0,165.75,3.0,1.0,5.866326096211154
better-whey,1kg Pack (40 servings) / Mango,724999807951.0,better-whey | 1kg Pack (40 servings) / Mango,4,0.25,80.6525,1.5,0.0,1.4665815240527884
better-whey,1kg Pack (40 servings) / Mango,724999807951.0,unknown | Default,2,1.0,407.1,6.0,0.5,5.866326096211154
better-whey,1kg Pack (40 servings) / Matchawhey,0724999807784,better-whey | 1kg Pack (40 servings) / Matchawhey,34,0.11764705882352941,89.64141711229946,1.3823529411764706,0.08823529411764706,0.6901560113189592
better-whey,1kg Pack (40 servings) / Matchawhey,0724999807784,unknown | Default,12,0.9166666666666666,1196.6164141414142,6.5,0.08333333333333333,5.377465588193557
better-whey,1kg Pack (40 servings) / Matchawhey,0724999808361,unknown | Default,3,0.3333333333333333,93.50999999999999,1.6666666666666667,1.0,1.9554420320703843
better-whey,1kg Pack (40 servings) / Matchawhey,724999807784.0,better-whey | 1kg Pack (40 servings) / Matchawhey,23,0.17391304347826086,90.08575757575757,1.6956521739130435,0.2608695652173913,1.0202306254280267
better-whey,1kg Pack (40 servings) / Matchawhey,724999807784.0,unknown | Default,12,1.0,1434.803005050505,5.333333333333333,0.25,5.866326096211154
better-whey,1kg Pack (40 servings) / Matchawhey,724999808361.0,unknown | Default,2,0.5,126.64,2.5,1.0,2.933163048105577
better-whey,1kg Pack (40 servings) / Natural (Unflavoured),0724999807876,unknown | 1kg Pack (40 servings) / Natural (Unflavoured),3,0.0,134.69333333333336,1.6666666666666667,0.3333333333333333,0.0
better-whey,1kg Pack (40 servings) / Natural (Unflavoured),0724999807876,unknown | Default,2,1.0,1565.56,5.5,0.0,5.866326096211154
better-whey,1kg Pack (40 servings) / Natural (Unflavoured),0724999807890,better-whey | 1kg Pack (40 servings) / Natural (Unflavoured),46,0.2391304347826087,238.14093544137023,1.9130434782608696,0.15217391304347827,1.4028171099635367
better-whey,1kg Pack (40 servings) / Natural (Unflavoured),0724999807890,unknown | Default,10,0.8,326.5018181818182,4.3,0.2,4.693060876968923
better-whey,1kg Pack (40 servings) / Natural (Unflavoured),0724999808361,unknown | Default,3,0.3333333333333333,233.82333333333335,2.0,0.6666666666666666,1.9554420320703843
better-whey,1kg Pack (40 servings) / Natural (Unflavoured),724999807876.0,unknown | Default,3,0.3333333333333333,607.2868686868686,6.333333333333333,0.0,1.9554420320703843
better-whey,1kg Pack (40 servings) / Natural (Unflavoured),724999807890.0,better-whey | 1kg Pack (40 servings) / Natural (Unflavoured),22,0.18181818181818182,117.98668044077135,1.9545454545454546,0.18181818181818182,1.0666047447656644
better-whey,1kg Pack (40 servings) / Natural (Unflavoured),724999807890.0,unknown | Default,9,0.8888888888888888,1010.9016498316497,5.666666666666667,0.2222222222222222,5.214512085521025
better-whey,1kg Pack (40 servings) / Natural (Unflavoured),724999808361.0,unknown | Default,1,1.0,160.48000000000002,4.0,1.0,5.866326096211154
better-whey,1kg Pack (40 servings) / Teh Tarik,724999808422.0,better-whey | 1kg Pack (40 servings) / Teh Tarik,8,0.125,102.85000000000001,1.25,0.125,0.7332907620263942
better-whey,1kg Pack (40 servings) / Teh Tarik,724999808422.0,unknown | Default,1,1.0,134.44,3.0,0.0,5.866326096211154
better-whey,1kg Pack (40 servings) / Vanilla,0724999807913,better-whey | 1kg Pack (40 servings) / Vanilla,8,0.125,150.62,2.0,0.25,0.7332907620263942
better-whey,1kg Pack (40 servings) / Vanilla,0724999807913,unknown | 1kg Pack (40 servings) / Vanilla,1,0.0,127.92727272727274,1.0,0.0,0.0
better-whey,1kg Pack (40 servings) / Vanilla,0724999807913,unknown | Default,3,0.6666666666666666,280.8556565656566,3.6666666666666665,0.6666666666666666,3.9108840641407685
better-whey,1kg Pack (40 servings) / Vanilla,724999807913.0,unknown | 1kg Pack (40 servings) / Vanilla,1,1.0,263.3557575757576,4.0,1.0,5.866326096211154
better-whey,1kg Pack (40 servings) / Vanilla (Exp Nov23),724999807913.0,better-whey | 1kg Pack (40 servings) / Vanilla (Exp Nov23),15,0.13333333333333333,105.94399999999999,1.6,0.0,0.7821768128281538
better-whey,1kg Pack (40 servings) / Vanilla (Exp Nov23),724999807913.0,unknown | Default,2,1.0,1891.3449999999998,4.0,0.0,5.866326096211154
better-whey,1kg Pack (40 servings) / Vanilla (unsweetened),0724999807913,better-whey | 1kg Pack (40 servings) / Vanilla (unsweetened),1,0.0,58.67,1.0,0.0,0.0
better-whey,40g Sachet / Thai Milk Tea,0724999810463,unknown | 40g Sachet / Thai Milk Tea,1,0.0,25.810000000000002,2.0,0.0,0.0
better-whey,500g (10 servings) / Belgian Choc,724999808699.0,unknown | 500g (10 servings) / Belgian Choc,1,0.0,367.53,2.0,0.0,0.0
better-whey,500g (10 servings) / Belgian Choc,724999808699.0,unknown | Default,2,1.0,128.0090909090909,3.0,0.0,5.866326096211154
better-whey,500g (16 servings) / Belgian Choc,0724999808361_FREE,unknown | Default,1,1.0,2413.7030303030306,11.0,0.0,5.866326096211154
better-whey,500g (16 servings) / Belgian Choc,0724999808699,unknown | 500g (16 servings) / Belgian Choc,2,0.5,120.55015151515153,2.0,0.0,2.933163048105577
better-whey,500g (16 servings) / Belgian Choc,0724999808699,unknown | Default,3,0.6666666666666666,2471.129696969697,10.333333333333334,0.3333333333333333,3.9108840641407685
better-whey,500g (16 servings) / Vanilla,0724999808705,unknown | 500g (16 servings) / Vanilla,3,0.0,56.338383838383834,1.0,0.0,0.0
better-whey,500g (20 serves) / Cocoa Dinosaur,0724999808897,better-whey | 500g (20 serves) / Cocoa Dinosaur,19,0.15789473684210525,52.30728867623605,1.736842105263158,0.05263157894736842,0.9262620151912346
better-whey,500g (20 serves) / Cocoa Dinosaur,0724999808897,unknown | Default,2,0.5,158.56969696969696,2.5,0.0,2.933163048105577
better-whey,500g (20 serves) / Unflavoured,0724999808880,better-whey | 500g (20 serves) / Unflavoured,4,0.0,94.43863636363636,1.25,0.25,0.0
better-whey,500g (20 serves) / Unflavoured,0724999808880,unknown | Default,2,1.0,254.69939393939396,5.0,0.0,5.866326096211154
better-whey,500g (20 serves) / Vanilla,0724999808903,unknown | 500g (20 serves) / Vanilla,1,0.0,69.03636363636363,1.0,0.0,0.0
better-whey,500g (20 servings) / Cocoa Dinosaur,0724999808897,better-whey | 500g (20 servings) / Cocoa Dinosaur,42,0.023809523809523808,40.6997619047619,1.0714285714285714,0.023809523809523808,0.1396744308621703
better-whey,500g (20 servings) / Unflavoured,0724999808880,better-whey | 500g (20 servings) / Unflavoured,1,0.0,0.0,1.0,0.0,0.0
better-whey,500g (40 servings),0724999809146,unknown | 500g (40 servings),1,0.0,125.64,1.0,0.0,0.0
better-whey,500g (40 servings),0724999809146,unknown | Default,6,0.6666666666666666,523.5366666666667,6.166666666666667,0.3333333333333333,3.9108840641407685
better-whey,500g (40 servings),724999809146.0,unknown | 500g (40 servings),2,0.0,82.195,1.5,0.0,0.0
better-whey,500g (40 servings),724999809146.0,unknown | Default,2,0.5,632.1045454545455,6.0,0.0,2.933163048105577
better-whey,500g Pack (10 servings) / Vanilla,724999808705.0,unknown | 500g Pack (10 servings) / Vanilla,1,0.0,115.5,1.0,0.0,0.0
better-whey,500g Pack (20 servings) / Cocoa Dinosaur,0724999808361,unknown | Default,1,0.0,0.0,1.0,0.0,0.0
better-whey,500g Pack (20 servings) / Cocoa Dinosaur,0724999808897,better-whey | 500g Pack (20 servings) / Cocoa Dinosaur,23,0.13043478260869565,121.1502766798419,1.8695652173913044,0.043478260869565216,0.76517296907102
better-whey,500g Pack (20 servings) / Cocoa Dinosaur,0724999808897,unknown | Default,4,0.5,148.8048484848485,2.75,0.25,2.933163048105577
better-whey,500g Pack (20 servings) / Cocoa Dinosaur,724999808897.0,better-whey | 500g Pack (20 servings) / Cocoa Dinosaur,8,0.0,48.40590909090909,1.0,0.0,0.0
better-whey,500g Pack (20 servings) / Cocoa Dinosaur,724999808897.0,unknown | Default,1,1.0,364.21,6.0,0.0,5.866326096211154
better-whey,500g Pack (20 servings) / Matchawhey,724999808941.0,better-whey | 500g Pack (20 servings) / Matchawhey,4,0.0,41.6875,1.0,0.0,0.0
better-whey,500g Pack (20 servings) / Matchawhey,724999808941.0,unknown | 500g Pack (20 servings) / Matchawhey,1,0.0,60.55757575757576,2.0,0.0,0.0
better-whey,500g Pack (20 servings) / Natural (Unflavoured),0724999808880,better-whey | 500g Pack (20 servings) / Natural (Unflavoured),13,0.23076923076923078,89.56172494172493,1.6153846153846154,0.0,1.3537675606641124
better-whey,500g Pack (20 servings) / Natural (Unflavoured),0724999808880,unknown | Default,1,0.0,103.69090909090909,2.0,0.0,0.0
better-whey,500g Pack (20 servings) / Natural (Unflavoured),724999808880.0,better-whey | 500g Pack (20 servings) / Natural (Unflavoured),4,0.0,76.06439393939394,1.25,0.0,0.0
better-whey,500g Pack (20 servings) / Natural (Unflavoured),724999808880.0,unknown | Default,1,0.0,99.65151515151516,2.0,0.0,0.0
better-whey,500g Pack (20 servings) / Vanilla,0724999808903,better-whey | 500g Pack (20 servings) / Vanilla,7,0.0,28.22,1.0,0.0,0.0
better-whey,500g Pack (20 servings) / Vanilla,0724999808903,unknown | 500g Pack (20 servings) / Vanilla,2,0.5,173.34924242424245,3.0,0.0,2.933163048105577
better-whey,500g Pack (20 servings) / Vanilla,724999808903.0,better-whey | 500g Pack (20 servings) / Vanilla,3,0.0,67.02,1.0,0.0,0.0
better-whey,500g Pack (20 servings) / Vanilla (Expiry Sep 2024),0724999808903,better-whey | 500g Pack (20 servings) / Vanilla (Expiry Sep 2024),11,0.09090909090909091,37.693636363636365,1.4545454545454546,0.0,0.5333023723828322
better-whey,500g Pack (20 servings) / Vanilla (unsweetened),0724999808903,better-whey | 500g Pack (20 servings) / Vanilla (unsweetened),8,0.0,44.1625,1.125,0.0,0.0
better-whey,500g Pack (20 servings) / Vanilla (unsweetened),0724999808903,unknown | 500g Pack (20 servings) / Vanilla (unsweetened),1,0.0,43.89090909090909,1.0,0.0,0.0
better-whey,500g Pack (20 servings) / Vanilla (unsweetened),0724999808903,unknown | Default,2,1.0,267.3812121212121,7.0,0.0,5.866326096211154
better-whey,500g Pack / Cocoa Dinosaur,0724999808897,better-whey | 500g Pack / Cocoa Dinosaur,18,0.1111111111111111,188.05407407407407,2.1666666666666665,0.05555555555555555,0.6518140106901281
better-whey,500g Pack / Cocoa Dinosaur,0724999808897,unknown | Default,9,0.7777777777777778,325.29946127946124,4.666666666666667,0.0,4.562698074830897
better-whey,500g Pack / Cocoa Dinosaur,724999808897.0,better-whey | 500g Pack / Cocoa Dinosaur,34,0.08823529411764706,76.71725490196079,1.411764705882353,0.11764705882352941,0.5176170084892194
better-whey,500g Pack / Cocoa Dinosaur,724999808897.0,unknown | Default,11,0.5454545454545454,199.70052341597795,3.5454545454545454,0.0,3.1998142342969924
better-whey,500g Pack / Honeydew,0724999808934,unknown | 500g Pack / Honeydew,1,0.0,73.63939393939394,1.0,0.0,0.0
better-whey,500g Pack / Honeydew,0724999808934,unknown | Default,1,1.0,631.4,8.0,0.0,5.866326096211154
better-whey,500g Pack / Matchawhey,0724999808941,better-whey | 500g Pack / Matchawhey,7,0.0,106.60571428571428,1.2857142857142858,0.0,0.0
better-whey,500g Pack / Matchawhey,0724999808941,unknown | 500g Pack / Matchawhey,2,0.5,114.04151515151514,2.5,0.0,2.933163048105577
better-whey,500g Pack / Matchawhey,0724999808941,unknown | Default,4,1.0,479.065,5.25,0.0,5.866326096211154
better-whey,500g Pack / Matchawhey,724999808941.0,better-whey | 500g Pack / Matchawhey,10,0.2,123.678,1.9,0.2,1.1732652192422308
better-whey,500g Pack / Matchawhey,724999808941.0,unknown | 500g Pack / Matchawhey,4,0.25,85.41060606060607,2.0,0.25,1.4665815240527884
better-whey,500g Pack / Matchawhey,724999808941.0,unknown | Default,4,0.25,405.2041666666667,2.75,0.0,1.4665815240527884
better-whey,500g Pack / Natural (Unflavored),0724999808880,better-whey | 500g Pack / Natural (Unflavored),1,0.0,44.8,1.0,0.0,0.0
better-whey,500g Pack / Natural (Unflavored),0724999808880,unknown | Default,1,1.0,299.67999999999995,4.0,0.0,5.866326096211154
better-whey,500g Pack / Natural (Unflavored),724999808880.0,better-whey | 500g Pack / Natural (Unflavored),7,0.14285714285714285,49.61290043290044,1.2857142857142858,0.0,0.8380465851730219
better-whey,500g Pack / Natural (Unflavoured),0724999808880,better-whey | 500g Pack / Natural (Unflavoured),2,0.5,112.17878787878787,2.5,0.0,2.933163048105577
better-whey,500g Pack / Natural (Unflavoured),0724999808880,unknown | Default,2,1.0,280.63,3.5,0.0,5.866326096211154
better-whey,500g Pack / Natural/Unflavored,724999808880.0,better-whey | 500g Pack / Natural/Unflavored,3,0.0,70.44747474747474,1.3333333333333333,0.3333333333333333,0.0
better-whey,500g Pack / Teh Tarik,0724999808910,better-whey | 500g Pack / Teh Tarik,5,0.6,155.296,2.6,0.0,3.519795657726692
better-whey,500g Pack / Teh Tarik,0724999808910,unknown | 500g Pack / Teh Tarik,2,0.5,726.2272727272727,9.0,0.0,2.933163048105577
better-whey,500g Pack / Teh Tarik,0724999808910,unknown | Default,2,1.0,824.565,11.0,0.5,5.866326096211154
better-whey,500g Pack / Teh Tarik,724999808910.0,better-whey | 500g Pack / Teh Tarik,11,0.09090909090909091,169.37818181818182,1.6363636363636365,0.0,0.5333023723828322
better-whey,500g Pack / Teh Tarik,724999808910.0,unknown | 500g Pack / Teh Tarik,1,0.0,49.660606060606064,1.0,0.0,0.0
better-whey,500g Pack / Vanilla,0724999808903,unknown | 500g Pack / Vanilla,1,1.0,408.4927272727273,10.0,0.0,5.866326096211154
better-whey,500g Pack / Vanilla,0724999808903,unknown | Default,1,1.0,208.7969696969697,6.0,0.0,5.866326096211154
better-whey,500g Pack / Vanilla,724999808903.0,better-whey | 500g Pack / Vanilla,11,0.18181818181818182,104.84181818181818,1.5454545454545454,0.0,1.0666047447656644
better-whey,500g Pack / Vanilla,724999808903.0,unknown | 500g Pack / Vanilla,1,1.0,176.33939393939394,3.0,0.0,5.866326096211154
better-whey,500g Pack / Vanilla,724999808903.0,unknown | Default,7,1.0,402.2959307359307,5.714285714285714,0.2857142857142857,5.866326096211154
better-whey,Matchawhey / 1kg,724999807777.0,unknown | Default,1,1.0,3504.651515151515,7.0,0.0,5.866326096211154
clear-protein,1 x 500g Pack (20 servings) / Peach,0724999807814,clear-protein | 1 x 500g Pack (20 servings) / Peach,96,0.0625,106.11666666666666,1.2395833333333333,0.11458333333333333,0.3666453810131971
clear-protein,1 x 500g Pack (20 servings) / Peach,0724999807814,unknown | Default,1,1.0,414.1593939393939,5.0,1.0,5.866326096211154
clear-protein,1 x 500g Pack (20 servings) / Peach,CLEAR-PEA-500G-V2,clear-protein | 1 x 500g Pack (20 servings) / Peach,139,0.03597122302158273,144.40553956834532,1.1007194244604317,0.17985611510791366,0.21101892432414218
clear-protein,1 x 500g Pack (20 servings) / Peach,CLEAR-PEA-500G-V2,unknown | Default,7,0.14285714285714285,494.70285714285717,2.4285714285714284,0.0,0.8380465851730219
clear-protein,1 x 500g Pack (20 servings) / White Grape,0724999807807,clear-protein | 1 x 500g Pack (20 servings) / White Grape,57,0.03508771929824561,74.9180701754386,1.2105263157894737,0.10526315789473684,0.2058360033758299
clear-protein,1 x 500g Pack (20 servings) / White Grape,CLEAR-GRA-500G-V2,clear-protein | 1 x 500g Pack (20 servings) / White Grape,157,0.050955414012738856,149.63700636942676,1.3375796178343948,0.11464968152866242,0.29892107496617343
clear-protein,1 x 500g Pack (20 servings) / White Grape,CLEAR-GRA-500G-V2,unknown | Default,2,0.5,389.81000000000006,2.5,0.0,2.933163048105577
clear-protein,1 x 500g Pack / Peach,CLEAR-PEA-500G-V2,clear-protein | 1 x 500g Pack / Peach,1,0.0,136.16,1.0,0.0,0.0
clear-protein,10 x 5g (10 servings) *Most Popular*,CRE-UNF-5G-10PK-V1,unknown | 10 x 5g (10 servings) *Most Popular*,1,0.0,129.46,1.0,0.0,0.0
clear-protein,1KG / Natural (Unflavoured),724999807876.0,unknown | Default,1,1.0,3809.91,13.0,0.0,5.866326096211154
clear-protein,1kg (40 serves) / Mango,0724999807951,unknown | 1kg (40 serves) / Mango,1,0.0,159.25454545454545,1.0,0.0,0.0
clear-protein,1kg Pack (40 servings) / Genmai-Roasted Brown Rice,0724999808736,unknown | 1kg Pack (40 servings) / Genmai-Roasted Brown Rice,1,0.0,168.40818181818184,2.0,0.0,0.0
clear-protein,1kg Pack (40 servings) / Genmai-Roasted Brown Rice,724999808736.0,unknown | Default,1,1.0,508.6,8.0,0.0,5.866326096211154
clear-protein,1kg Pack (40 servings) / Vanilla,0724999807913,unknown | 1kg Pack (40 servings) / Vanilla,1,0.0,92.42727272727272,1.0,0.0,0.0
clear-protein,2 x 500g Pack (40 servings) *MOST POPULAR* / Peach,0724999807814_2,clear-protein | 2 x 500g Pack (40 servings) *MOST POPULAR* / Peach,13,0.07692307692307693,188.90076923076924,1.6153846153846154,0.3076923076923077,0.4512558535547041
clear-protein,2 x 500g Pack (40 servings) *MOST POPULAR* / Peach,CLEAR-PEA-500G-2BL-V2,clear-protein | 2 x 500g Pack (40 servings) *MOST POPULAR* / Peach,8,0.0,154.45375,1.25,0.25,0.0
clear-protein,2 x 500g Pack (40 servings) *MOST POPULAR* / White Grape,0724999807807_2,clear-protein | 2 x 500g Pack (40 servings) *MOST POPULAR* / White Grape,8,0.0,174.555,1.25,0.5,0.0
clear-protein,2 x 500g Pack (40 servings) *MOST POPULAR* / White Grape,CLEAR-GRA-500G-2BL-V2,clear-protein | 2 x 500g Pack (40 servings) *MOST POPULAR* / White Grape,15,0.0,150.04933333333332,1.2,0.06666666666666667,0.0
clear-protein,2 x 500g Pack (40 servings) *MOST POPULAR* / White Grape,CLEAR-GRA-500G-2BL-V2,unknown | Default,1,0.0,116.1,1.0,0.0,0.0
clear-protein,25g Sachet (1 serving) / Peach,0724999810494,clear-protein | 25g Sachet (1 serving) / Peach,34,0.11764705882352941,53.69558823529412,1.5294117647058822,0.11764705882352941,0.6901560113189592
clear-protein,25g Sachet (1 serving) / Peach,0724999810494,unknown | Default,2,1.0,948.3519696969697,5.5,0.5,5.866326096211154
clear-protein,25g Sachet (1 serving) / White Grape,0724999810487,clear-protein | 25g Sachet (1 serving) / White Grape,33,0.030303030303030304,23.437878787878788,1.3636363636363635,0.06060606060606061,0.17776745746094405
clear-protein,25g Satchet (single serve) / Peach,0724999810494,clear-protein | 25g Satchet (single serve) / Peach,3,0.0,0.0,1.0,0.0,0.0
clear-protein,25g Satchet (single serve) / White Grape,0724999810487,clear-protein | 25g Satchet (single serve) / White Grape,1,0.0,0.0,1.0,0.0,0.0
clear-protein,4 x 500g Pack (80 servings) / Peach,0724999807814_4,clear-protein | 4 x 500g Pack (80 servings) / Peach,1,1.0,569.55,4.0,1.0,5.866326096211154
clear-protein,4 x 500g Pack (80 servings) / Peach,CLEAR-PEA-500G-4BL-V2,clear-protein | 4 x 500g Pack (80 servings) / Peach,3,0.0,261.69666666666666,1.0,0.0,0.0
clear-protein,500g (10 servings) / Vanilla,724999808705.0,unknown | 500g (10 servings) / Vanilla,1,1.0,244.74,3.0,0.0,5.866326096211154
clear-protein,500g (20 serves) / Vanilla,0724999808903,unknown | 500g (20 serves) / Vanilla,1,0.0,51.61818181818182,1.0,0.0,0.0
clear-protein,500g (40 servings),0724999809146,unknown | Default,1,1.0,284.5757575757576,4.0,1.0,5.866326096211154
clear-protein,500g (40 servings),724999809146.0,unknown | 500g (40 servings),1,1.0,152.99,5.0,1.0,5.866326096211154
clear-protein,500g Pack (10 servings) / Belgian Choc,724999808699.0,unknown | 500g Pack (10 servings) / Belgian Choc,1,0.0,0.0,1.0,0.0,0.0
clear-protein,500g Pack (10 servings) / Vanilla,0724999808705,unknown | 500g Pack (10 servings) / Vanilla,1,0.0,124.43,1.0,0.0,0.0
clear-protein,500g Pack (20 Serv) / Peach,0724999807814,clear-protein | 500g Pack (20 Serv) / Peach,425,0.13176470588235295,126.98676648841354,1.651764705882353,0.10352941176470588,0.7729747326772344
clear-protein,500g Pack (20 Serv) / Peach,0724999807814,unknown | Default,15,0.5333333333333333,569.2469090909091,4.933333333333334,0.06666666666666667,3.128707251312615
clear-protein,500g Pack (20 Serv) / Peach,0724999807814x,clear-protein | 500g Pack (20 Serv) / Peach,9,0.1111111111111111,77.12060606060606,1.3333333333333333,0.0,0.6518140106901281
clear-protein,500g Pack (20 Serv) / Peach,0724999808361,unknown | Default,17,0.23529411764705882,121.16176470588235,1.8823529411764706,0.4117647058823529,1.3803120226379184
clear-protein,500g Pack (20 Serv) / Peach,0724999809566,unknown | Default,1,0.0,128.22424242424242,2.0,1.0,0.0
clear-protein,500g Pack (20 Serv) / Peach,LP_giftbox,unknown | Default,1,0.0,0.0,1.0,0.0,0.0
clear-protein,500g Pack (20 Serv) / White Grape,0724999807807,clear-protein | 500g Pack (20 Serv) / White Grape,285,0.14736842105263157,128.95412333864965,1.6385964912280702,0.12631578947368421,0.8645112141784856
clear-protein,500g Pack (20 Serv) / White Grape,0724999807807,unknown | Default,14,0.9285714285714286,326.30545454545455,4.214285714285714,0.21428571428571427,5.447302803624642
clear-protein,500g Pack (20 Serv) / White Grape,0724999807807x,clear-protein | 500g Pack (20 Serv) / White Grape,10,0.0,62.12727272727274,1.2,0.0,0.0
clear-protein,500g Pack (20 Serv) / White Grape,0724999808361,unknown | Default,14,0.2857142857142857,93.18499999999999,2.2857142857142856,0.21428571428571427,1.6760931703460438
clear-protein,500g Pack (20 Serv) / White Grape,0724999809559,unknown | Default,1,0.0,300.9,1.0,0.0,0.0
clear-protein,500g Pack (20 Serv) / White Grape,LP_giftbox,unknown | Default,2,0.0,0.0,1.5,0.0,0.0
clear-protein,500g Pack (20 Servings) / Peach,0724999807814,clear-protein | 500g Pack (20 Servings) / Peach,4,0.0,72.3259090909091,1.0,0.25,0.0
clear-protein,500g Pack (20 Servings) / Peach,0724999807814,unknown | Default,1,1.0,762.1212121212122,4.0,0.0,5.866326096211154
clear-protein,500g Pack (20 Servings) / Peach,0724999808361,unknown | Default,1,1.0,726.21,10.0,1.0,5.866326096211154
clear-protein,500g Pack (20 Servings) / White Grape,0724999807807,unknown | Default,1,0.0,193.24545454545455,2.0,0.0,0.0
clear-protein,500g Pack (20 Servings) / White Grape,724999807807.0,clear-protein | 500g Pack (20 Servings) / White Grape,1,1.0,342.81,3.0,0.0,5.866326096211154
clear-protein,500g Pack (20 Servings) / White Grape,724999807807.0,unknown | Default,1,1.0,637.3000000000001,3.0,0.0,5.866326096211154
clear-protein,500g Pack (20 servings) / Peach,0724999807814,clear-protein | 500g Pack (20 servings) / Peach,40,0.1,109.07750000000001,1.425,0.225,0.5866326096211154
clear-protein,500g Pack (20 servings) / Peach,0724999807814,unknown | Default,2,1.0,429.29787878787874,5.5,0.0,5.866326096211154
clear-protein,500g Pack (20 servings) / Vanilla,0724999808903,unknown | Default,1,1.0,95.98484848484848,3.0,0.0,5.866326096211154
clear-protein,500g Pack (20 servings) / Vanilla (unsweetened),0724999808903,unknown | 500g Pack (20 servings) / Vanilla (unsweetened),1,0.0,49.409090909090914,1.0,1.0,0.0
clear-protein,500g Pack (20 servings) / White Grape,0724999807807,clear-protein | 500g Pack (20 servings) / White Grape,34,0.08823529411764706,169.69,1.7941176470588236,0.2647058823529412,0.5176170084892194
clear-protein,5x25g Sachet / White Grape,0724999810487_5,unknown | 5x25g Sachet / White Grape,1,0.0,297.4426229508197,1.0,0.0,0.0
clear-protein,6 Sachets Variety + 1 Shaker Bottle,BND-SS-MIX6-SHK-V1,unknown | 6 Sachets Variety + 1 Shaker Bottle,5,0.2,252.942,1.8,0.0,1.1732652192422308
clear-protein,S,HS00834-S,unknown | S,1,1.0,506.0051515151515,4.0,0.0,5.866326096211154
clear-protein,White,ACC-SHK-V2,unknown | White,6,0.0,98.14166666666667,1.1666666666666667,0.0,0.0
clear-protein,White,ACC-TOTE-V1,unknown | Default,1,0.0,460.33,2.0,1.0,0.0
clear-protein-25g-single-sachet,1 x 25g (1 serving) / Peach,0724999810494,clear-protein-25g-single-sachet | 1 x 25g (1 serving) / Peach,1,0.0,22.66,1.0,0.0,0.0
clear-protein-25g-single-sachet,1 x 25g (1 serving) / Peach,0724999810494,unknown | Default,1,1.0,646.55,3.0,0.0,5.866326096211154
clear-protein-25g-single-sachet,1 x 25g (1 serving) / Peach,CLEAR-PEA-25G-V2,clear-protein-25g-single-sachet | 1 x 25g (1 serving) / Peach,49,0.08163265306122448,57.546122448979595,1.2448979591836735,0.02040816326530612,0.4788837629560125
clear-protein-25g-single-sachet,1 x 25g (1 serving) / Peach,CLEAR-PEA-25G-V2,unknown | Default,1,0.0,94.48,1.0,0.0,0.0
clear-protein-25g-single-sachet,1 x 25g (1 serving) / White Grape,0724999810487,clear-protein-25g-single-sachet | 1 x 25g (1 serving) / White Grape,1,0.0,42.75,1.0,0.0,0.0
clear-protein-25g-single-sachet,1 x 25g (1 serving) / White Grape,CLEAR-GRA-25G-V2,clear-protein-25g-single-sachet | 1 x 25g (1 serving) / White Grape,37,0.02702702702702703,38.468378378378375,1.135135135135135,0.02702702702702703,0.1585493539516528
clear-protein-25g-single-sachet,1 x 25g (1 serving) / White Grape,CLEAR-GRA-25G-V2,unknown | Default,5,0.0,138.0449090909091,1.4,0.0,0.0
clear-protein-25g-single-sachet,1 x 25g Sachet (1 serving) / Peach,0724999810494,clear-protein-25g-single-sachet | 1 x 25g Sachet (1 serving) / Peach,15,0.0,46.89866666666667,1.4,0.06666666666666667,0.0
clear-protein-25g-single-sachet,1 x 25g Sachet (1 serving) / White Grape,0724999810487,clear-protein-25g-single-sachet | 1 x 25g Sachet (1 serving) / White Grape,14,0.14285714285714285,188.39642857142857,1.8571428571428572,0.0,0.8380465851730219
clear-protein-25g-single-sachet,25g Sachet / Peach,0724999810494,clear-protein-25g-single-sachet | 25g Sachet / Peach,21,0.0,39.12095238095238,1.1428571428571428,0.047619047619047616,0.0
clear-protein-25g-single-sachet,25g Sachet / Peach,0724999810494,unknown | Default,1,0.0,97.21030303030304,2.0,0.0,0.0
clear-protein-25g-single-sachet,25g Sachet / White Grape,0724999810487,clear-protein-25g-single-sachet | 25g Sachet / White Grape,14,0.07142857142857142,44.932857142857145,1.6428571428571428,0.07142857142857142,0.41902329258651094
clear-protein-25g-single-sachet,5 x 25g (5 servings) *MOST POPULAR* / Peach,CLEAR-PEA-25G-5PK-V2,clear-protein-25g-single-sachet | 5 x 25g (5 servings) *MOST POPULAR* / Peach,30,0.0,55.690000000000005,1.1,0.0,0.0
clear-protein-25g-single-sachet,5 x 25g (5 servings) *MOST POPULAR* / White Grape,CLEAR-GRA-25G-5PK-V2,clear-protein-25g-single-sachet | 5 x 25g (5 servings) *MOST POPULAR* / White Grape,29,0.0,60.9751724137931,1.1724137931034482,0.034482758620689655,0.0
clear-protein-25g-single-sachet,5 x 25g Sachet (5 servings)  *MOST POPULAR* / Peach,0724999810494_5,clear-protein-25g-single-sachet | 5 x 25g Sachet (5 servings)  *MOST POPULAR* / Peach,1,0.0,82.5,1.0,0.0,0.0
clear-protein-25g-single-sachet,5 x 25g Sachet (5 servings)  *MOST POPULAR* / Peach,0724999810548,clear-protein-25g-single-sachet | 5 x 25g Sachet (5 servings)  *MOST POPULAR* / Peach,2,0.0,24.94,1.0,0.0,0.0
clear-protein-25g-single-sachet,5 x 25g Sachet (5 servings)  *MOST POPULAR* / White Grape,0724999810531,clear-protein-25g-single-sachet | 5 x 25g Sachet (5 servings)  *MOST POPULAR* / White Grape,4,0.0,93.33250000000001,1.0,0.0,0.0
clear-protein-25g-single-sachet,5 x 25g Sachets / Peach,CLEAR-PEA-25G-5PK-V2,clear-protein-25g-single-sachet | 5 x 25g Sachets / Peach,2,0.0,45.7,1.0,0.0,0.0
clear-protein-25g-single-sachet,5 x 25g Sachets / Peach,CLEAR-PEA-25G-5PK-V2,unknown | Default,1,0.0,126.16,1.0,0.0,0.0
clear-protein-25g-single-sachet,500g Pack / Matchawhey,0724999808941,unknown | 500g Pack / Matchawhey,1,0.0,33.06787878787878,2.0,0.0,0.0
collagen-glow,1 x 300g pack (30 servings),0724999808507,collagen-glow | 1 x 300g pack (30 servings),27,0.1111111111111111,71.56925925925927,1.3703703703703705,0.1111111111111111,0.6518140106901281
collagen-glow,1 x 300g pack (30 servings),COL-UNF-300G-V1,collagen-glow | 1 x 300g pack (30 servings),61,0.04918032786885246,165.5865573770492,1.2459016393442623,0.09836065573770492,0.2885078407972698
collagen-glow,1 x 300g pack (30 servings),COL-UNF-300G-V1,unknown | Default,2,0.5,675.5512121212121,6.5,0.0,2.933163048105577
collagen-glow,10g x 4 Sachet,0724999809122-4pack,collagen-glow | 10g x 4 Sachet,1,0.0,9.2,1.0,0.0,0.0
collagen-glow,1KG / Natural (Unflavoured),0724999807876,unknown | Default,1,1.0,1087.96,3.0,0.0,5.866326096211154
collagen-glow,1KG / Natural (Unflavoured),724999807876.0,unknown | 1KG / Natural (Unflavoured),1,0.0,77.66969696969697,1.0,0.0,0.0
collagen-glow,1KG Pack / Teh Tarik,07249998080422,unknown | 1KG Pack / Teh Tarik,1,0.0,108.55454545454546,1.0,0.0,0.0
collagen-glow,1KG Pack / Vanilla,0724999807913,unknown | 1KG Pack / Vanilla,1,0.0,74.7909090909091,1.0,0.0,0.0
collagen-glow,1KG Pack / Vanilla,724999807913.0,unknown | Default,1,0.0,145.8121212121212,2.0,0.0,0.0
collagen-glow,1kg (40 serves) / Mango,0724999807951,unknown | 1kg (40 serves) / Mango,1,0.0,72.67272727272727,1.0,0.0,0.0
collagen-glow,1kg Pack (40 servings) / Matchawhey,0724999807777,unknown | 1kg Pack (40 servings) / Matchawhey,1,1.0,240.9939393939394,9.0,1.0,5.866326096211154
collagen-glow,2 x 300g packs (60 servings) *Most Popular*,0724999808507_2,collagen-glow | 2 x 300g packs (60 servings) *Most Popular*,2,0.0,99.95,1.5,0.0,0.0
collagen-glow,2 x 300g packs (60 servings) *Most Popular*,COL-UNF-300G-2BL-V1,collagen-glow | 2 x 300g packs (60 servings) *Most Popular*,3,0.0,116.59333333333332,1.3333333333333333,0.0,0.0
collagen-glow,300g,0724999808507,collagen-glow | 300g,42,0.19047619047619047,91.49690476190476,1.9523809523809523,0.19047619047619047,1.1173954468973624
collagen-glow,300g (30 serves) / Unflavoured,0724999808507,collagen-glow | 300g (30 serves) / Unflavoured,45,0.15555555555555556,90.27797306397306,1.711111111111111,0.24444444444444444,0.9125396149661794
collagen-glow,300g (30 serves) / Unflavoured,0724999808507,unknown | Default,5,1.0,1064.7143030303032,7.0,0.2,5.866326096211154
collagen-glow,300g Pack,0724999808361_FREEGIFT,unknown | Default,2,1.0,755.0799999999999,4.5,0.0,5.866326096211154
collagen-glow,300g Pack,0724999808507,collagen-glow | 300g Pack,22,0.22727272727272727,312.7950826446281,2.590909090909091,0.18181818181818182,1.3332559309570802
collagen-glow,300g Pack,0724999808507,unknown | Default,34,0.8823529411764706,1414.2038591800356,8.529411764705882,0.2647058823529412,5.176170084892194
collagen-glow,300g Pack,724999808507.0,collagen-glow | 300g Pack,78,0.1794871794871795,114.5513247863248,2.371794871794872,0.19230769230769232,1.0529303249609763
collagen-glow,300g Pack,724999808507.0,unknown | Default,24,0.875,753.2474747474748,7.375,0.4583333333333333,5.133035334184759
collagen-glow,300g Pack (30 servings),0724999808361,unknown | Default,2,0.5,332.88,3.5,1.0,2.933163048105577
collagen-glow,300g Pack (30 servings),0724999808507,collagen-glow | 300g Pack (30 servings),74,0.21621621621621623,157.0254054054054,1.945945945945946,0.16216216216216217,1.2683948316132223
collagen-glow,300g Pack (30 servings),0724999808507,unknown | Default,5,1.0,1399.8112727272728,13.4,0.2,5.866326096211154
collagen-glow,300g Pack (30 servings),724999808507.0,collagen-glow | 300g Pack (30 servings),13,0.07692307692307693,90.26384615384615,1.1538461538461537,0.07692307692307693,0.4512558535547041
collagen-glow,300g Pack (30 servings),724999808507.0,unknown | Default,2,1.0,827.34,11.5,0.5,5.866326096211154
collagen-glow,300g Pack (30 servings) / Natural (Unflavoured),0724999808507,collagen-glow | 300g Pack (30 servings) / Natural (Unflavoured),34,0.4117647058823529,202.05873440285205,3.1176470588235294,0.23529411764705882,2.4155460396163573
collagen-glow,300g Pack (30 servings) / Natural (Unflavoured),0724999808507,unknown | Default,2,0.5,592.2954545454545,4.0,0.5,2.933163048105577
collagen-glow,300g Pack (30 servings) / Natural (Unflavoured),724999808507.0,collagen-glow | 300g Pack (30 servings) / Natural (Unflavoured),7,0.5714285714285714,117.88138528138529,2.7142857142857144,0.14285714285714285,3.3521863406920875
collagen-glow,300g Pack (30 servings) / Natural (Unflavoured),724999808507.0,unknown | Default,6,0.5,928.6631313131314,5.5,0.16666666666666666,2.933163048105577
collagen-glow,4 x 300g packs (120 servings),0724999808507_4,collagen-glow | 4 x 300g packs (120 servings),1,0.0,239.51,2.0,1.0,0.0
collagen-glow,4 x 300g packs (120 servings),0724999808507_4,unknown | Default,1,1.0,941.5699999999999,5.0,0.0,5.866326096211154
collagen-glow,4 x 300g packs (120 servings),COL-UNF-300G-4BL-V1,collagen-glow | 4 x 300g packs (120 servings),3,0.0,177.99666666666667,1.3333333333333333,1.0,0.0
collagen-glow,500g (10 servings) / Belgian Choc,724999808699.0,unknown | 500g (10 servings) / Belgian Choc,1,0.0,62.57,1.0,0.0,0.0
collagen-glow,500g (10 servings) / Belgian Choc,724999808699.0,unknown | Default,1,1.0,698.4381818181819,11.0,1.0,5.866326096211154
collagen-glow,500g (10 servings) / Vanilla,724999808705.0,unknown | 500g (10 servings) / Vanilla,2,0.5,252.14242424242425,4.0,0.5,2.933163048105577
collagen-glow,500g (16 servings) / Vanilla,724999808705.0,unknown | Default,1,1.0,363.04,3.0,0.0,5.866326096211154
collagen-glow,500g (40 servings),0724999809146,unknown | 500g (40 servings),1,0.0,57.36666666666667,1.0,0.0,0.0
collagen-glow,500g (40 servings),0724999809146,unknown | Default,4,0.75,392.8701515151515,6.0,0.0,4.399744572158365
collagen-glow,500g (40 servings),724999809146.0,unknown | 500g (40 servings),4,0.5,246.305,5.5,0.75,2.933163048105577
collagen-glow,500g (40 servings),724999809146.0,unknown | Default,2,0.5,1006.1640909090909,5.0,0.0,2.933163048105577
collagen-glow,500g Pack (10 servings) / Belgian Choc,724999808699.0,unknown | 500g Pack (10 servings) / Belgian Choc,3,0.6666666666666666,409.53303030303033,5.666666666666667,0.3333333333333333,3.9108840641407685
collagen-glow,500g Pack (10 servings) / Vanilla,724999808705.0,unknown | Default,1,1.0,467.07,7.0,0.0,5.866326096211154
collagen-glow,500g Pack (20 servings) / Vanilla,0724999808903,unknown | 500g Pack (20 servings) / Vanilla,1,0.0,33.04454545454546,2.0,0.0,0.0
collagen-glow,500g Pack (40 servings),724999809146.0,unknown | 500g Pack (40 servings),1,1.0,616.6909090909091,5.0,0.0,5.866326096211154
collagen-glow,500g Pack / Matchawhey,0724999808941,unknown | Default,1,1.0,830.9333333333333,6.0,0.0,5.866326096211154
collagen-glow,Matchawhey / 1kg,724999807777.0,unknown | Matchawhey / 1kg,2,0.0,72.3439393939394,1.0,0.0,0.0
collagen-glow-10g-single-serve,1 x 10g Sachet (1 serving),724999809009,collagen-glow-10g-single-serve | 1 x 10g Sachet (1 serving),3,0.3333333333333333,12.773333333333333,2.3333333333333335,0.0,1.9554420320703843
collagen-glow-10g-single-serve,1 x 10g Sachet (1 serving),COL-UNF-10G-V1,collagen-glow-10g-single-serve | 1 x 10g Sachet (1 serving),4,0.0,28.567500000000003,1.25,0.0,0.0
collagen-glow-10g-single-serve,10g Sachet,724999809009,collagen-glow-10g-single-serve | 10g Sachet,3,0.3333333333333333,114.87,1.6666666666666667,0.0,1.9554420320703843
collagen-glow-10g-single-serve,5 x 10g Sachet (5 servings) *Most Popular*,724999809009_5,collagen-glow-10g-single-serve | 5 x 10g Sachet (5 servings) *Most Popular*,1,0.0,67.0,1.0,0.0,0.0
collagen-glow-10g-single-serve,7 x 10g Sachet (7 servings) *Most Popular*,COL-UNF-10G-7PK-V1,collagen-glow-10g-single-serve | 7 x 10g Sachet (7 servings) *Most Popular*,3,0.0,70.05666666666667,1.0,0.0,0.0
creatine-monohydrate-sachet,1 x 5g (1 servings),0724999809603,creatine-monohydrate-sachet | 1 x 5g (1 servings),1,1.0,0.0,3.0,0.0,5.866326096211154
creatine-monohydrate-sachet,1 x 5g (1 servings),CRE-UNF-5G-V1,creatine-monohydrate-sachet | 1 x 5g (1 servings),7,0.14285714285714285,70.26857142857143,1.4285714285714286,0.0,0.8380465851730219
creatine-monohydrate-sachet,1 x 5g (1 servings),CRE-UNF-5G-V1,unknown | Default,1,1.0,269.1,4.0,0.0,5.866326096211154
creatine-monohydrate-sachet,1 x 5g Sachet (1 servings),0724999809603,creatine-monohydrate-sachet | 1 x 5g Sachet (1 servings),2,0.0,133.525,1.5,0.0,0.0
creatine-monohydrate-sachet,10 x 5g (10 servings) *Most Popular*,CRE-UNF-5G-10PK-V1,creatine-monohydrate-sachet | 10 x 5g (10 servings) *Most Popular*,24,0.125,122.31124999999999,1.5833333333333333,0.0,0.7332907620263942
creatine-monohydrate-sachet,10 x 5g (10 servings) *Most Popular*,CRE-UNF-5G-10PK-V1,unknown | Default,1,0.0,1091.26,2.0,0.0,0.0
creatine-monohydrate-sachet,6 Sachets Variety + 1 Shaker Bottle,BND-SS-MIX6-SHK-V1,unknown | 6 Sachets Variety + 1 Shaker Bottle,1,0.0,32.4,1.0,0.0,0.0
discovery-sampler,5 Sachets Variety,BND-SS-MIX6-V1,discovery-sampler | 5 Sachets Variety,50,0.0,43.525999999999996,1.06,0.02,0.0
discovery-sampler,6 Sachets Variety,0724999809610,discovery-sampler | 6 Sachets Variety,8,0.0,64.15875,1.0,0.0,0.0
discovery-sampler,6 Sachets Variety,BND-SS-MIX6-V1,discovery-sampler | 6 Sachets Variety,108,0.06481481481481481,55.845,1.2222222222222223,0.027777777777777776,0.3802248395692414
discovery-sampler,White,ACC-SHK-V2,unknown | White,1,0.0,59.52,1.0,0.0,0.0
green-tea-extract-capsules,1KG Pack / Mango,724999807951.0,unknown | 1KG Pack / Mango,1,0.0,106.43030303030304,1.0,0.0,0.0
green-tea-extract-capsules,1kg (40 serves) / Mango,0724999807951,unknown | 1kg (40 serves) / Mango,1,0.0,42.69090909090909,1.0,0.0,0.0
green-tea-extract-capsules,500g (10 servings) / Vanilla,724999808705.0,unknown | Default,1,0.0,79.89,2.0,0.0,0.0
green-tea-extract-capsules,500g (16 servings) / Vanilla,0724999808705,unknown | Default,1,1.0,450.5263636363636,5.0,0.0,5.866326096211154
green-tea-extract-capsules,60 Capsules,0724999807548,green-tea-extract-capsules | 60 Capsules,27,0.1111111111111111,93.51979797979799,1.6666666666666667,0.14814814814814814,0.6518140106901281
green-tea-extract-capsules,60 Capsules,0724999807548,unknown | Default,4,0.75,213.60318181818184,3.75,0.0,4.399744572158365
green-tea-extract-capsules,60 Capsules,724999807548.0,green-tea-extract-capsules | 60 Capsules,3,0.6666666666666666,516.1067676767677,3.6666666666666665,0.6666666666666666,3.9108840641407685
green-tea-extract-capsules,60 Capsules,724999807548.0,unknown | Default,2,0.5,467.2769696969697,3.5,0.5,2.933163048105577
green-tea-extract-capsules,60 Capsules,CAP-GTE-BOTTLE-V1,green-tea-extract-capsules | 60 Capsules,3,0.0,119.20333333333333,1.0,0.0,0.0
green-tea-extract-capsules,60 Capsules,CAP-GTE-BOTTLE-V1,unknown | Default,1,0.0,207.19363636363636,2.0,0.0,0.0
green-tea-extract-capsules,60 Capsules (60 servings),0724999807548,green-tea-extract-capsules | 60 Capsules (60 servings),12,0.25,104.80772727272728,1.5833333333333333,0.0,1.4665815240527884
green-tea-extract-capsules,60 Capsules (60 servings),0724999807548,unknown | Default,2,0.5,139.05,2.5,0.0,2.933163048105577
green-tea-extract-capsules,60 Capsules (60 servings),724999807548.0,green-tea-extract-capsules | 60 Capsules (60 servings),3,0.0,59.2120202020202,1.0,0.0,0.0
lean-protein,1 x 1kg Pack (25 servings) / Taro,0724999807822,lean-protein | 1 x 1kg Pack (25 servings) / Taro,58,0.08620689655172414,178.89051724137934,1.3793103448275863,0.10344827586206896,0.5057177669147547
lean-protein,1 x 1kg Pack (25 servings) / Taro,0724999807822,unknown | Default,2,0.5,2204.7486363636363,5.0,0.0,2.933163048105577
lean-protein,1 x 1kg Pack (25 servings) / Taro,0724999808361,unknown | Default,1,1.0,141.24,3.0,1.0,5.866326096211154
lean-protein,1 x 1kg Pack (25 servings) / Taro,LEAN-TAR-1KG-V1,lean-protein | 1 x 1kg Pack (25 servings) / Taro,166,0.0783132530120482,110.49439759036144,1.2951807228915662,0.12650602409638553,0.459411079823765
lean-protein,1 x 1kg Pack (25 servings) / Taro,LEAN-TAR-1KG-V1,unknown | Default,3,0.3333333333333333,535.3359595959596,4.0,0.3333333333333333,1.9554420320703843
lean-protein,1 x 1kg Pack (25 servings) / Thai Milk Tea,0724999807821,lean-protein | 1 x 1kg Pack (25 servings) / Thai Milk Tea,100,0.1,97.8917,1.53,0.07,0.5866326096211154
lean-protein,1 x 1kg Pack (25 servings) / Thai Milk Tea,0724999807821,unknown | Default,2,0.0,171.365,1.5,0.0,0.0
lean-protein,1 x 1kg Pack (25 servings) / Thai Milk Tea,LEAN-THA-1KG-V1,lean-protein | 1 x 1kg Pack (25 servings) / Thai Milk Tea,194,0.015463917525773196,125.08350515463918,1.175257731958763,0.15979381443298968,0.0907163829311003
lean-protein,1 x 1kg Pack (25 servings) / Thai Milk Tea,LEAN-THA-1KG-V1,unknown | Default,6,0.16666666666666666,331.33666666666664,1.8333333333333333,0.0,0.9777210160351921
lean-protein,1 x 1kg Pack / Thai Milk Tea,LEAN-THA-1KG-V1,lean-protein | 1 x 1kg Pack / Thai Milk Tea,2,0.0,102.69500000000001,1.0,0.0,0.0
lean-protein,1KG Pack / Vanilla,724999807913.0,unknown | 1KG Pack / Vanilla,1,1.0,397.440303030303,6.0,1.0,5.866326096211154
lean-protein,1kg Pack (25 serves) / Taro,0724999807708,lean-protein | 1kg Pack (25 serves) / Taro,44,0.1590909090909091,132.06929063360883,1.8863636363636365,0.11363636363636363,0.9332791516699562
lean-protein,1kg Pack (25 serves) / Taro,0724999807708,unknown | Default,4,0.25,220.51196969696971,2.75,0.0,1.4665815240527884
lean-protein,1kg Pack (25 serves) / Taro,0724999807822,lean-protein | 1kg Pack (25 serves) / Taro,2,0.0,53.425,1.0,0.0,0.0
lean-protein,1kg Pack (25 serves) / Thai Milk Tea,0724999807821,lean-protein | 1kg Pack (25 serves) / Thai Milk Tea,52,0.1346153846153846,96.8163752913753,1.6538461538461537,0.07692307692307693,0.7896977437207321
lean-protein,1kg Pack (25 servings) / Taro,0724999807708,lean-protein | 1kg Pack (25 servings) / Taro,17,0.23529411764705882,120.49,1.9411764705882353,0.4117647058823529,1.3803120226379184
lean-protein,1kg Pack (25 servings) / Taro,0724999807708,unknown | Default,1,1.0,85.33909090909091,3.0,1.0,5.866326096211154
lean-protein,1kg Pack (25 servings) / Taro,0724999807822,lean-protein | 1kg Pack (25 servings) / Taro,15,0.13333333333333333,119.10333333333334,1.6,0.3333333333333333,0.7821768128281538
lean-protein,1kg Pack (25 servings) / Thai Milk Tea,0724999807821,lean-protein | 1kg Pack (25 servings) / Thai Milk Tea,230,0.1782608695652174,114.44871014492755,1.8391304347826087,0.14782608695652175,1.0457363910637274
lean-protein,1kg Pack (25 servings) / Thai Milk Tea,0724999807821,unknown | Default,16,0.875,648.1571212121213,4.75,0.125,5.133035334184759
lean-protein,1kg Pack (25 servings) / Thai Milk Tea,0724999808361,unknown | Default,5,0.2,254.51399999999998,4.0,0.4,1.1732652192422308
lean-protein,1kg Pack (25 servings) / Thai Milk Tea,LP_giftbox,unknown | Default,2,0.0,0.0,1.0,0.0,0.0
lean-protein,1kg Pack (40 servings) / Genmai-Roasted Brown Rice,724999808736.0,unknown | Default,1,1.0,1230.790909090909,12.0,1.0,5.866326096211154
lean-protein,1kg Pack (40 servings) / Taro,0724999807708,lean-protein | 1kg Pack (40 servings) / Taro,7,0.14285714285714285,106.89142857142858,1.2857142857142858,0.14285714285714285,0.8380465851730219
lean-protein,1kg Pack (40 servings) / Taro,0724999807708,unknown | Default,1,1.0,606.43,8.0,1.0,5.866326096211154
lean-protein,1kg Pack (40 servings) / Taro,0724999807822,lean-protein | 1kg Pack (40 servings) / Taro,1,1.0,2540.53,8.0,0.0,5.866326096211154
lean-protein,1kg Pack (40 servings) / Thai Milk Tea,0724999807821,lean-protein | 1kg Pack (40 servings) / Thai Milk Tea,12,0.08333333333333333,182.14,1.3333333333333333,0.08333333333333333,0.48886050801759606
lean-protein,1kg Pack (40 servings) / Thai Milk Tea,0724999807821,unknown | Default,1,0.0,78.79333333333334,2.0,1.0,0.0
lean-protein,1kg Pack (40 servings) / Vanilla (unsweetened),0724999807913,unknown | 1kg Pack (40 servings) / Vanilla (unsweetened),1,0.0,175.23333333333335,2.0,0.0,0.0
lean-protein,2 x 1kg Packs (50 servings) *MOST POPULAR* / Taro,0724999807822_2,lean-protein | 2 x 1kg Packs (50 servings) *MOST POPULAR* / Taro,6,0.3333333333333333,252.24833333333333,2.3333333333333335,0.8333333333333334,1.9554420320703843
lean-protein,2 x 1kg Packs (50 servings) *MOST POPULAR* / Taro,0724999807822_2,unknown | Default,1,0.0,164.88,2.0,0.0,0.0
lean-protein,2 x 1kg Packs (50 servings) *MOST POPULAR* / Taro,LEAN-TAR-1KG-2BL-V1,lean-protein | 2 x 1kg Packs (50 servings) *MOST POPULAR* / Taro,14,0.0,164.99285714285716,1.3571428571428572,0.0,0.0
lean-protein,2 x 1kg Packs (50 servings) *MOST POPULAR* / Thai Milk Tea,0724999807821_2,lean-protein | 2 x 1kg Packs (50 servings) *MOST POPULAR* / Thai Milk Tea,10,0.2,236.086,1.7,0.0,1.1732652192422308
lean-protein,2 x 1kg Packs (50 servings) *MOST POPULAR* / Thai Milk Tea,LEAN-THA-1KG-2BL-V1,lean-protein | 2 x 1kg Packs (50 servings) *MOST POPULAR* / Thai Milk Tea,8,0.25,161.9675,1.75,0.25,1.4665815240527884
lean-protein,2 x 1kg Packs (50 servings) *POPULAR* / Taro,0724999807822_2,lean-protein | 2 x 1kg Packs (50 servings) *POPULAR* / Taro,1,0.0,113.0,1.0,0.0,0.0
lean-protein,4 x 1kg Packs (100 servings) / Taro,0724999807822_4,lean-protein | 4 x 1kg Packs (100 servings) / Taro,3,0.0,266.01666666666665,1.3333333333333333,0.0,0.0
lean-protein,4 x 1kg Packs (100 servings) / Taro,LEAN-TAR-1KG-4BL-V1,lean-protein | 4 x 1kg Packs (100 servings) / Taro,4,0.25,404.115,1.5,0.25,1.4665815240527884
lean-protein,4 x 1kg Packs (100 servings) / Thai Milk Tea,0724999807821_4,lean-protein | 4 x 1kg Packs (100 servings) / Thai Milk Tea,1,0.0,284.58,2.0,0.0,0.0
lean-protein,4 x 1kg Packs (100 servings) / Thai Milk Tea,LEAN-THA-1KG4BL-V1,lean-protein | 4 x 1kg Packs (100 servings) / Thai Milk Tea,2,0.0,354.4,2.0,0.0,0.0
lean-protein,40g Sachet (1 serving) / Taro,0724999810470,lean-protein | 40g Sachet (1 serving) / Taro,49,0.0,20.402040816326533,1.1020408163265305,0.061224489795918366,0.0
lean-protein,40g Sachet (1 serving) / Taro,0724999810470,unknown | Default,1,0.0,72.46575757575758,2.0,0.0,0.0
lean-protein,40g Sachet (1 serving) / Thai Milk Tea,0724999810463,lean-protein | 40g Sachet (1 serving) / Thai Milk Tea,33,0.0,20.645757575757575,1.1818181818181819,0.09090909090909091,0.0
lean-protein,40g Sachet (single serve) / Thai Milk Tea,0724999808897,lean-protein | 40g Sachet (single serve) / Thai Milk Tea,1,0.0,29.77,1.0,0.0,0.0
lean-protein,40g Sachet / Taro,0724999810470,lean-protein | 40g Sachet / Taro,12,0.16666666666666666,67.3275,1.4166666666666667,0.08333333333333333,0.9777210160351921
lean-protein,40g Sachet / Thai Milk Tea,0724999810463,lean-protein | 40g Sachet / Thai Milk Tea,19,0.15789473684210525,137.27684210526317,2.263157894736842,0.2631578947368421,0.9262620151912346
lean-protein,40g Sachet / Thai Milk Tea,0724999810463,unknown | 40g Sachet / Thai Milk Tea,4,0.5,88.235,3.0,0.0,2.933163048105577
lean-protein,500g Pack (10 servings) / Belgian Choc,0724999808699,unknown | 500g Pack (10 servings) / Belgian Choc,1,1.0,221.29,4.0,0.0,5.866326096211154
lean-protein,500g Pack / Matchawhey,0724999808941,unknown | Default,1,1.0,243.9666666666667,8.0,0.0,5.866326096211154
lean-protein,7 x 10g Sachet (7 servings) *Most Popular*,COL-UNF-10G-7PK-V1,unknown | 7 x 10g Sachet (7 servings) *Most Popular*,1,0.0,96.05,1.0,0.0,0.0
lean-protein,White,ACC-SHK-V2,unknown | White,1,0.0,246.87,2.0,1.0,0.0
lean-protein-peach-oolong-pre-order,1 x 1kg Pack (25 servings) / Peach Oolong,LEAN-POL-1KG-V1,lean-protein-peach-oolong-pre-order | 1 x 1kg Pack (25 servings) / Peach Oolong,33,0.030303030303030304,90.08878787878787,1.121212121212121,0.12121212121212122,0.17776745746094405
lean-protein-peach-oolong-pre-order,1 x 1kg Pack (25 servings) / Peach Oolong,LEAN-POL-1KG-V1,unknown | Default,3,0.6666666666666666,783.480202020202,5.0,0.0,3.9108840641407685
lp-gifting-box,1 x 500g Pack (20 servings) / White Grape,ACC-GFB-V1,lp-gifting-box | Default,1,0.0,0.0,1.0,0.0,0.0
lp-gifting-box,White,LP_giftbox,lp-gifting-box | Default,5,0.2,0.0,1.6,0.0,1.1732652192422308
lp-squeeze-bottle,lime green,ACC-SQB-V1,lp-squeeze-bottle | lime green,2,0.0,8.46,1.0,0.0,0.0
lp-tote-bag-fuel-your-journey,White,ACC-TOTE-V1,lp-tote-bag-fuel-your-journey | Default,4,0.0,104.445,1.0,0.0,0.0
lp-tote-bag-fuel-your-journey,White,ACC-TOTE-V1,unknown | Default,1,1.0,409.56,3.0,0.0,5.866326096211154
lp-tote-bag-fuel-your-journey,lime green,ACC-TOTE-V1,lp-tote-bag-fuel-your-journey | Default,1,0.0,84.83,1.0,0.0,0.0
lushprotein-clear-shaker,1KG / Natural (Unflavoured),724999808361.0,unknown | Default,1,1.0,520.04,7.0,0.0,5.866326096211154
lushprotein-clear-shaker,1KG Pack / Matchawhey,0724999807777,unknown | Default,1,1.0,8071.886666666667,14.0,1.0,5.866326096211154
lushprotein-clear-shaker,1KG Pack / Matchawhey,0724999808361,unknown | Default,1,0.0,84.37272727272727,2.0,0.0,0.0
lushprotein-clear-shaker,1KG Pack / Natural (Unflavored),724999808361.0,lushprotein-clear-shaker | Default,1,1.0,496.1181818181818,6.0,1.0,5.866326096211154
lushprotein-clear-shaker,1KG Pack / Teh Tarik,724999808361.0,lushprotein-clear-shaker | Default,1,0.0,85.56969696969698,1.0,0.0,0.0
lushprotein-clear-shaker,1KG Pack / Vanilla,724999807913.0,unknown | Default,1,1.0,484.6060606060606,7.0,1.0,5.866326096211154
lushprotein-clear-shaker,1kg (40 serves) / Cocoa Dinosaur,0724999808361,lushprotein-clear-shaker | Default,1,0.0,27.803030303030305,1.0,1.0,0.0
lushprotein-clear-shaker,1kg (40 serves) / Unflavoured,0724999808361,lushprotein-clear-shaker | Default,2,0.0,111.57121212121213,1.5,0.5,0.0
lushprotein-clear-shaker,1kg (40 serves) / Unflavoured,0724999808361,unknown | Default,1,1.0,239.22424242424245,3.0,0.0,5.866326096211154
lushprotein-clear-shaker,1kg Pack (25 serves) / Taro,0724999808361,lushprotein-clear-shaker | Default,4,0.25,47.98204545454546,1.5,0.0,1.4665815240527884
lushprotein-clear-shaker,1kg Pack (25 serves) / Thai Milk Tea,0724999808361,lushprotein-clear-shaker | Default,1,0.0,91.93939393939394,1.0,0.0,0.0
lushprotein-clear-shaker,1kg Pack (25 servings) / Thai Milk Tea,0724999808361,lushprotein-clear-shaker | Default,11,0.18181818181818182,51.80906336088155,1.9090909090909092,0.18181818181818182,1.0666047447656644
lushprotein-clear-shaker,1kg Pack (25 servings) / Thai Milk Tea,LP_giftbox,unknown | Default,3,0.0,0.0,1.0,0.0,0.0
lushprotein-clear-shaker,1kg Pack (40 servings) / Cocoa Dinosaur,0724999808361,lushprotein-clear-shaker | Default,8,0.25,128.93382575757576,3.375,0.625,1.4665815240527884
lushprotein-clear-shaker,1kg Pack (40 servings) / Cocoa Dinosaur,0724999808361,unknown | Default,2,1.0,403.80909090909097,5.5,0.5,5.866326096211154
lushprotein-clear-shaker,1kg Pack (40 servings) / Cocoa Dinosaur,724999808361.0,lushprotein-clear-shaker | Default,2,0.0,87.36363636363637,2.0,1.0,0.0
lushprotein-clear-shaker,1kg Pack (40 servings) / Genmai-Roasted Brown Rice,724999808361.0,lushprotein-clear-shaker | Default,1,1.0,244.22121212121215,9.0,1.0,5.866326096211154
lushprotein-clear-shaker,1kg Pack (40 servings) / Genmai-Roasted Brown Rice,724999808736.0,unknown | Default,1,1.0,168.75757575757578,4.0,1.0,5.866326096211154
lushprotein-clear-shaker,1kg Pack (40 servings) / Matchawhey,0724999808361,lushprotein-clear-shaker | Default,1,0.0,38.61212121212122,1.0,1.0,0.0
lushprotein-clear-shaker,1kg Pack (40 servings) / Natural (Unflavoured),0724999807876,unknown | 1kg Pack (40 servings) / Natural (Unflavoured),1,0.0,31.2,1.0,0.0,0.0
lushprotein-clear-shaker,1kg Pack (40 servings) / Natural (Unflavoured),0724999808361,lushprotein-clear-shaker | Default,7,0.2857142857142857,131.95593073593074,2.142857142857143,0.5714285714285714,1.6760931703460438
lushprotein-clear-shaker,1kg Pack (40 servings) / Natural (Unflavoured),0724999808361,unknown | Default,2,1.0,122.84393939393941,4.0,1.0,5.866326096211154
lushprotein-clear-shaker,1kg Pack (40 servings) / Natural (Unflavoured),724999808361.0,lushprotein-clear-shaker | Default,4,0.5,437.2318181818182,5.25,1.0,2.933163048105577
lushprotein-clear-shaker,1kg Pack (40 servings) / Vanilla,0724999807913,unknown | Default,1,1.0,600.2827272727272,17.0,1.0,5.866326096211154
lushprotein-clear-shaker,1kg Pack (40 servings) / Vanilla,0724999808361,lushprotein-clear-shaker | Default,1,1.0,124.76969696969698,5.0,1.0,5.866326096211154
lushprotein-clear-shaker,1kg Pack (40 servings) / Vanilla,0724999808361,unknown | Default,1,1.0,1555.1151515151516,10.0,1.0,5.866326096211154
lushprotein-clear-shaker,1kg Pack (40 servings) / Vanilla,724999807913.0,unknown | 1kg Pack (40 servings) / Vanilla,1,0.0,79.95151515151515,2.0,1.0,0.0
lushprotein-clear-shaker,1kg Pack (40 servings) / Vanilla (unsweetened),0724999808361,lushprotein-clear-shaker | Default,1,1.0,244.42121212121214,3.0,1.0,5.866326096211154
lushprotein-clear-shaker,300g (30 serves) / Unflavoured,0724999808361,lushprotein-clear-shaker | Default,7,0.2857142857142857,105.3361038961039,2.142857142857143,0.5714285714285714,1.6760931703460438
lushprotein-clear-shaker,300g Pack,724999808361.0,lushprotein-clear-shaker | Default,1,0.0,150.91,1.0,0.0,0.0
lushprotein-clear-shaker,300g Pack (30 servings),0724999808361,lushprotein-clear-shaker | Default,1,0.0,0.0,1.0,0.0,0.0
lushprotein-clear-shaker,300g Pack (30 servings) / Natural (Unflavoured),0724999808361,lushprotein-clear-shaker | Default,3,0.3333333333333333,99.32040404040406,3.3333333333333335,0.3333333333333333,1.9554420320703843
lushprotein-clear-shaker,300g Pack (30 servings) / Natural (Unflavoured),0724999808361,unknown | Default,1,1.0,917.7806060606061,29.0,1.0,5.866326096211154
lushprotein-clear-shaker,300g Pack (30 servings) / Natural (Unflavoured),724999808361.0,lushprotein-clear-shaker | Default,3,0.3333333333333333,97.08282828282829,2.3333333333333335,1.0,1.9554420320703843
lushprotein-clear-shaker,40g Sachet / Taro,0724999810470,unknown | 40g Sachet / Taro,30,0.06666666666666667,19.204333333333334,1.3,0.06666666666666667,0.3910884064140769
lushprotein-clear-shaker,40g Sachet / Taro,0724999810470,unknown | Default,1,1.0,172.54939393939395,5.0,0.0,5.866326096211154
lushprotein-clear-shaker,40g Sachet / Thai Milk Tea,0724999810463,unknown | 40g Sachet / Thai Milk Tea,80,0.05,28.75625,1.2625,0.0625,0.2933163048105577
lushprotein-clear-shaker,40g Sachet / Thai Milk Tea,0724999810463,unknown | Default,2,0.5,494.87030303030303,6.0,0.0,2.933163048105577
lushprotein-clear-shaker,480g Pack (16 servings) / Cocoa Dinosaur,0724999808361,lushprotein-clear-shaker | Default,5,0.4,93.3100606060606,2.6,0.6,2.3465304384844616
lushprotein-clear-shaker,480g Pack (16 servings) / Natural (Unflavoured),0724999808361,lushprotein-clear-shaker | Default,4,0.0,64.42007575757576,1.5,0.0,0.0
lushprotein-clear-shaker,480g Pack (16 servings) / Vanilla,0724999808361,lushprotein-clear-shaker | Default,4,0.0,0.0,1.25,0.0,0.0
lushprotein-clear-shaker,480g Pack (16 servings) / Vanilla,0724999808361,unknown | Default,1,0.0,184.89,2.0,0.0,0.0
lushprotein-clear-shaker,500g (10 servings) / Belgian Choc,724999808361.0,lushprotein-clear-shaker | Default,2,0.0,66.66969696969697,1.0,0.0,0.0
lushprotein-clear-shaker,500g (10 servings) / Belgian Choc,724999808699.0,unknown | Default,1,0.0,319.04242424242426,2.0,0.0,0.0
lushprotein-clear-shaker,500g (10 servings) / Vanilla,724999808361.0,lushprotein-clear-shaker | Default,1,0.0,58.372727272727275,1.0,0.0,0.0
lushprotein-clear-shaker,500g (16 servings) / Belgian Choc,0724999808699,unknown | 500g (16 servings) / Belgian Choc,1,0.0,81.7090909090909,1.0,0.0,0.0
lushprotein-clear-shaker,500g (16 servings) / Vanilla,0724999808705,unknown | 500g (16 servings) / Vanilla,1,0.0,65.36363636363636,1.0,0.0,0.0
lushprotein-clear-shaker,500g (20 serves) / Cocoa Dinosaur,0724999808361,lushprotein-clear-shaker | Default,1,0.0,219.75727272727272,2.0,1.0,0.0
lushprotein-clear-shaker,500g (20 serves) / Unflavoured,0724999808361,lushprotein-clear-shaker | Default,1,0.0,90.7878787878788,1.0,0.0,0.0
lushprotein-clear-shaker,500g Pack (10 servings) / Belgian Choc,724999808361.0,lushprotein-clear-shaker | Default,2,0.5,79.90757575757576,2.5,0.5,2.933163048105577
lushprotein-clear-shaker,500g Pack (10 servings) / Belgian Choc,724999808699.0,unknown | 500g Pack (10 servings) / Belgian Choc,1,1.0,171.71212121212122,4.0,1.0,5.866326096211154
lushprotein-clear-shaker,500g Pack (10 servings) / Belgian Choc,724999808699.0,unknown | Default,2,0.5,100.1969696969697,2.5,1.0,2.933163048105577
lushprotein-clear-shaker,500g Pack (20 Serv) / Peach,0724999808361,lushprotein-clear-shaker | Default,26,0.19230769230769232,113.28879953379955,2.0384615384615383,0.34615384615384615,1.1281396338867602
lushprotein-clear-shaker,500g Pack (20 Serv) / Peach,0724999808361,unknown | Default,1,1.0,293.2090909090909,9.0,0.0,5.866326096211154
lushprotein-clear-shaker,500g Pack (20 Serv) / Peach,LP_giftbox,unknown | Default,4,0.25,64.70439393939394,3.75,0.25,1.4665815240527884
lushprotein-clear-shaker,500g Pack (20 Serv) / White Grape,0724999808361,lushprotein-clear-shaker | Default,15,0.26666666666666666,140.76533333333333,3.0,0.2,1.5643536256563075
lushprotein-clear-shaker,500g Pack (20 Serv) / White Grape,0724999808361,unknown | Default,2,0.5,373.0209090909091,4.0,0.5,2.933163048105577
lushprotein-clear-shaker,500g Pack (20 Serv) / White Grape,LP_giftbox,unknown | Default,6,0.0,0.0,1.1666666666666667,0.0,0.0
lushprotein-clear-shaker,500g Pack (20 servings) / Cocoa Dinosaur,0724999808361,lushprotein-clear-shaker | Default,3,0.3333333333333333,117.60606060606062,5.666666666666667,0.6666666666666666,1.9554420320703843
lushprotein-clear-shaker,500g Pack (20 servings) / Cocoa Dinosaur,0724999808897,unknown | 500g Pack (20 servings) / Cocoa Dinosaur,1,0.0,0.0,2.0,0.0,0.0
lushprotein-clear-shaker,500g Pack (20 servings) / Cocoa Dinosaur,724999808361.0,lushprotein-clear-shaker | Default,1,0.0,20.848484848484848,1.0,0.0,0.0
lushprotein-clear-shaker,500g Pack (20 servings) / Matchawhey,724999808941.0,unknown | 500g Pack (20 servings) / Matchawhey,1,0.0,69.47272727272727,1.0,1.0,0.0
lushprotein-clear-shaker,500g Pack / Cocoa Dinosaur,724999808361.0,lushprotein-clear-shaker | Default,1,0.0,38.94242424242424,1.0,0.0,0.0
lushprotein-clear-shaker,500g Pack / Honeydew,0724999808934,unknown | 500g Pack / Honeydew,1,0.0,107.9909090909091,2.0,0.0,0.0
lushprotein-clear-shaker,500g Pack / Matchawhey,0724999808941,unknown | 500g Pack / Matchawhey,1,0.0,93.18787878787879,2.0,0.0,0.0
lushprotein-clear-shaker,500g Pack / Matchawhey,724999808941.0,unknown | 500g Pack / Matchawhey,1,0.0,56.975757575757584,1.0,0.0,0.0
lushprotein-clear-shaker,500g Pack / Matchawhey,724999808941.0,unknown | Default,1,0.0,113.35151515151514,2.0,1.0,0.0
lushprotein-clear-shaker,500g Pack / Teh Tarik,0724999808910,unknown | Default,1,1.0,125.61666666666667,5.0,0.0,5.866326096211154
lushprotein-clear-shaker,500g Pack / Teh Tarik,724999808361.0,lushprotein-clear-shaker | Default,1,0.0,62.26,1.0,0.0,0.0
lushprotein-clear-shaker,500g Pack / Teh Tarik,724999808910.0,unknown | 500g Pack / Teh Tarik,1,1.0,90.34545454545454,3.0,1.0,5.866326096211154
lushprotein-clear-shaker,500g Pack / Vanilla,0724999808361,lushprotein-clear-shaker | Default,1,0.0,91.04242424242425,1.0,0.0,0.0
lushprotein-clear-shaker,500g Pack / Vanilla,724999808903.0,unknown | 500g Pack / Vanilla,3,0.6666666666666666,141.0070707070707,3.6666666666666665,0.3333333333333333,3.9108840641407685
lushprotein-clear-shaker,6 Sachets Variety + 1 Shaker Bottle,BND-SS-MIX6-SHK-V1,unknown | 6 Sachets Variety + 1 Shaker Bottle,1,0.0,105.74,1.0,0.0,0.0
lushprotein-clear-shaker,60 Capsules,724999808361.0,lushprotein-clear-shaker | Default,1,0.0,121.14,1.0,0.0,0.0
lushprotein-clear-shaker,60 Softgels (60 servings),0724999808361,lushprotein-clear-shaker | Default,1,1.0,300.09000000000003,3.0,0.0,5.866326096211154
lushprotein-clear-shaker,90 Capsules (30 servings),0724999808361,lushprotein-clear-shaker | Default,2,0.0,54.51,1.0,0.0,0.0
lushprotein-clear-shaker,Cocoa Dinosaur,0724999808361,lushprotein-clear-shaker | Default,1,0.0,102.56,1.0,0.0,0.0
lushprotein-clear-shaker,Matchawhey / 1kg,0724999808361,lushprotein-clear-shaker | Default,1,0.0,92.03636363636365,1.0,0.0,0.0
lushprotein-clear-shaker,Matchawhey / 1kg,724999807777.0,unknown | Default,1,1.0,243.21515151515152,4.0,0.0,5.866326096211154
lushprotein-clear-shaker,Natural (Unflavored) / 1kg,724999808361.0,lushprotein-clear-shaker | Default,1,0.0,66.15454545454546,1.0,0.0,0.0
lushprotein-clear-shaker,S,HS00834-S,unknown | S,1,0.0,121.09090909090911,1.0,0.0,0.0
lushprotein-clear-shaker,White,0724999808361,lushprotein-clear-shaker | White,310,0.08709677419354839,45.94548387096774,1.4,0.06774193548387097,0.5109380793474231
lushprotein-clear-shaker,White,0724999808361,unknown | Default,6,0.6666666666666666,432.98287878787875,4.0,0.16666666666666666,3.9108840641407685
lushprotein-clear-shaker,White,ACC-SHK-V2,lushprotein-clear-shaker | White,188,0.05319148936170213,72.8493085106383,1.2606382978723405,0.10638297872340426,0.3120386221388911
lushprotein-clear-shaker,White,ACC-SHK-V2,unknown | Default,3,0.3333333333333333,4401.168585858586,6.0,0.0,1.9554420320703843
lushprotein-lean-protein-40g-single-serve,1 x 40g Sachet (1 serving) / Taro,0724999810470,lushprotein-lean-protein-40g-single-serve | 1 x 40g Sachet (1 serving) / Taro,20,0.1,45.669,1.45,0.1,0.5866326096211154
lushprotein-lean-protein-40g-single-serve,1 x 40g Sachet (1 serving) / Taro,LEAN-TAR-40G-V1,lushprotein-lean-protein-40g-single-serve | 1 x 40g Sachet (1 serving) / Taro,46,0.08695652173913043,56.82217391304348,1.2391304347826086,0.021739130434782608,0.5101153127140133
lushprotein-lean-protein-40g-single-serve,1 x 40g Sachet (1 serving) / Taro,LEAN-TAR-40G-V1,unknown | Default,3,0.0,50.07333333333333,1.0,0.0,0.0
lushprotein-lean-protein-40g-single-serve,1 x 40g Sachet (1 serving) / Thai Milk Tea,0724999810463,lushprotein-lean-protein-40g-single-serve | 1 x 40g Sachet (1 serving) / Thai Milk Tea,26,0.07692307692307693,39.02538461538462,1.2692307692307692,0.038461538461538464,0.4512558535547041
lushprotein-lean-protein-40g-single-serve,1 x 40g Sachet (1 serving) / Thai Milk Tea,LEAN-THA-40G-V1,lushprotein-lean-protein-40g-single-serve | 1 x 40g Sachet (1 serving) / Thai Milk Tea,58,0.05172413793103448,54.79620689655172,1.2413793103448276,0.017241379310344827,0.3034306601488527
lushprotein-lean-protein-40g-single-serve,1 x 40g Sachet (1 serving) / Thai Milk Tea,LEAN-THA-40G-V1,unknown | Default,2,0.0,112.095,1.5,0.0,0.0
lushprotein-lean-protein-40g-single-serve,1 x 40g Sachet / Taro,LEAN-TAR-40G-V1,lushprotein-lean-protein-40g-single-serve | 1 x 40g Sachet / Taro,2,0.0,81.84,1.0,0.0,0.0
lushprotein-lean-protein-40g-single-serve,1 x 40g Sachet / Thai Milk Tea,LEAN-THA-40G-V1,lushprotein-lean-protein-40g-single-serve | 1 x 40g Sachet / Thai Milk Tea,8,0.0,32.83625,1.0,0.0,0.0
lushprotein-lean-protein-40g-single-serve,40g Sachet / Taro,0724999810470,lushprotein-lean-protein-40g-single-serve | 40g Sachet / Taro,45,0.08888888888888889,51.718444444444444,1.488888888888889,0.15555555555555556,0.5214512085521025
lushprotein-lean-protein-40g-single-serve,40g Sachet / Taro,0724999810470,unknown | Default,3,1.0,240.96101010101015,6.333333333333333,0.0,5.866326096211154
lushprotein-lean-protein-40g-single-serve,40g Sachet / Thai Milk Tea,0724999810463,lushprotein-lean-protein-40g-single-serve | 40g Sachet / Thai Milk Tea,38,0.05263157894736842,41.31131578947368,1.4210526315789473,0.02631578947368421,0.3087540050637449
lushprotein-lean-protein-40g-single-serve,5 x 40g Sachet (5 servings) *Most Popular* / Taro,0724999810524,lushprotein-lean-protein-40g-single-serve | 5 x 40g Sachet (5 servings) *Most Popular* / Taro,1,0.0,36.84,1.0,0.0,0.0
lushprotein-lean-protein-40g-single-serve,5 x 40g Sachet (5 servings) *Most Popular* / Taro,LEAN-TAR-40G-5PK-V1,lushprotein-lean-protein-40g-single-serve | 5 x 40g Sachet (5 servings) *Most Popular* / Taro,45,0.06666666666666667,61.17466666666667,1.3333333333333333,0.06666666666666667,0.3910884064140769
lushprotein-lean-protein-40g-single-serve,5 x 40g Sachet (5 servings) *Most Popular* / Thai Milk Tea,0724999810463_5,lushprotein-lean-protein-40g-single-serve | 5 x 40g Sachet (5 servings) *Most Popular* / Thai Milk Tea,3,0.0,156.79,1.0,0.0,0.0
lushprotein-lean-protein-40g-single-serve,5 x 40g Sachet (5 servings) *Most Popular* / Thai Milk Tea,0724999810517,lushprotein-lean-protein-40g-single-serve | 5 x 40g Sachet (5 servings) *Most Popular* / Thai Milk Tea,5,0.0,143.778,1.6,0.2,0.0
lushprotein-lean-protein-40g-single-serve,5 x 40g Sachet (5 servings) *Most Popular* / Thai Milk Tea,0724999810517,unknown | Default,1,1.0,462.4,7.0,0.0,5.866326096211154
lushprotein-lean-protein-40g-single-serve,5 x 40g Sachet (5 servings) *Most Popular* / Thai Milk Tea,LEAN-THA-40G-5PK-V1,lushprotein-lean-protein-40g-single-serve | 5 x 40g Sachet (5 servings) *Most Popular* / Thai Milk Tea,35,0.0,42.79,1.1142857142857143,0.02857142857142857,0.0
lushprotein-lean-protein-40g-single-serve,5 x 40g Sachet (5 servings) *Most Popular* / Thai Milk Tea,LEAN-THA-40G-5PK-V1,unknown | Default,1,0.0,176.3,2.0,0.0,0.0
lushprotein-lean-protein-40g-single-serve,5 x 40g Sachet / Taro,LEAN-TAR-40G-5PK-V1,lushprotein-lean-protein-40g-single-serve | 5 x 40g Sachet / Taro,3,0.0,50.70333333333334,1.0,0.0,0.0
lushprotein-lean-protein-40g-single-serve,5 x 40g Sachet / Thai Milk Tea,LEAN-THA-40G-5PK-V1,lushprotein-lean-protein-40g-single-serve | 5 x 40g Sachet / Thai Milk Tea,2,0.0,133.32500000000002,1.5,0.0,0.0
lushprotein-lean-protein-40g-single-serve,5 x 40g Sachet / Thai Milk Tea,LEAN-THA-40G-5PK-V1,unknown | Default,1,0.0,94.44,2.0,0.0,0.0
lushprotein-lean-protein-40g-single-serve,500g (40 servings),724999809146.0,unknown | 500g (40 servings),1,0.0,105.14545454545456,2.0,0.0,0.0
lushprotein-logo-white-cap,1kg Pack (25 servings) / Thai Milk Tea,0724999809559,lushprotein-logo-white-cap | Default,1,0.0,108.7909090909091,1.0,0.0,0.0
lushprotein-logo-white-cap,1kg Pack (40 servings) / Cocoa Dinosaur,0724999809559,lushprotein-logo-white-cap | Default,1,0.0,129.41,1.0,1.0,0.0
lushprotein-logo-white-cap,1kg Pack (40 servings) / Natural (Unflavoured),0724999809566,unknown | Default,1,0.0,119.07878787878788,2.0,0.0,0.0
lushprotein-logo-white-cap,300g Pack (30 servings) / Natural (Unflavoured),0724999809559,lushprotein-logo-white-cap | Default,1,0.0,0.0,1.0,0.0,0.0
lushprotein-logo-white-cap,500g Pack (20 servings) / Natural (Unflavoured),0724999809559,lushprotein-logo-white-cap | Default,1,0.0,108.9939393939394,1.0,0.0,0.0
lushprotein-logo-white-cap,90 Capsules (90 servings),0724999809559,lushprotein-logo-white-cap | Default,1,0.0,0.0,1.0,0.0,0.0
micronized-creatine-monohydrate,1 x 250g Pack (50 servings),0724999807999,micronized-creatine-monohydrate | 1 x 250g Pack (50 servings),53,0.05660377358490566,55.15396226415094,1.3396226415094339,0.07547169811320754,0.33205619412515963
micronized-creatine-monohydrate,1 x 250g Pack (50 servings),0724999807999,unknown | Default,3,0.6666666666666666,1643.8421212121211,3.3333333333333335,0.3333333333333333,3.9108840641407685
micronized-creatine-monohydrate,1 x 250g Pack (50 servings),ACC-TOTE-V1,unknown | Default,1,0.0,231.12,2.0,0.0,0.0
micronized-creatine-monohydrate,1 x 250g Pack (50 servings),CRE-UNF-250G-V1,micronized-creatine-monohydrate | 1 x 250g Pack (50 servings),155,0.05806451612903226,83.90806451612903,1.2451612903225806,0.09032258064516129,0.34062538623161537
micronized-creatine-monohydrate,1 x 250g Pack (50 servings),CRE-UNF-250G-V1,unknown | Default,5,0.0,389.29230303030306,1.6,0.2,0.0
micronized-creatine-monohydrate,1kg (40 serves) / Cocoa Dinosaur,0724999807999,micronized-creatine-monohydrate | Default,3,0.0,96.77676767676769,1.6666666666666667,0.0,0.0
micronized-creatine-monohydrate,1kg (40 serves) / Cocoa Dinosaur,0724999807999,unknown | Default,1,0.0,155.0,2.0,0.0,0.0
micronized-creatine-monohydrate,1kg (40 serves) / Mango,0724999807999,unknown | Default,1,1.0,292.72121212121215,5.0,1.0,5.866326096211154
micronized-creatine-monohydrate,1kg (40 serves) / Matchawhey,0724999807999,micronized-creatine-monohydrate | Default,2,0.0,51.76666666666667,1.0,0.0,0.0
micronized-creatine-monohydrate,1kg (40 serves) / Matchawhey,0724999807999,unknown | Default,2,0.5,177.94848484848484,3.5,0.5,2.933163048105577
micronized-creatine-monohydrate,1kg (40 serves) / Unflavoured,0724999807999,micronized-creatine-monohydrate | Default,1,1.0,155.69575757575757,3.0,1.0,5.866326096211154
micronized-creatine-monohydrate,1kg (40 servings) / Unflavoured,0724999807999,micronized-creatine-monohydrate | Default,1,0.0,181.51,2.0,0.0,0.0
micronized-creatine-monohydrate,1kg Pack (25 servings) / Thai Milk Tea,0724999807999,micronized-creatine-monohydrate | Default,6,0.16666666666666666,24.03520202020202,1.5,0.0,0.9777210160351921
micronized-creatine-monohydrate,1kg Pack (25 servings) / Thai Milk Tea,0724999807999-1,micronized-creatine-monohydrate | Default,1,0.0,128.71515151515152,2.0,0.0,0.0
micronized-creatine-monohydrate,1kg Pack (40 servings) / Cocoa Dinosaur,0724999807999,micronized-creatine-monohydrate | Default,4,0.25,216.34954545454548,2.75,0.25,1.4665815240527884
micronized-creatine-monohydrate,1kg Pack (40 servings) / Cocoa Dinosaur,0724999807999,unknown | Default,2,0.5,446.63787878787883,6.0,0.0,2.933163048105577
micronized-creatine-monohydrate,1kg Pack (40 servings) / Cocoa Dinosaur,0724999807999-1,micronized-creatine-monohydrate | Default,2,1.0,201.3121212121212,6.5,1.0,5.866326096211154
micronized-creatine-monohydrate,1kg Pack (40 servings) / Cocoa Dinosaur,0724999807999-1,unknown | Default,1,1.0,805.7575757575758,9.0,0.0,5.866326096211154
micronized-creatine-monohydrate,1kg Pack (40 servings) / Cocoa Dinosaur,724999807999.0,micronized-creatine-monohydrate | Default,2,0.0,88.49409090909091,1.0,0.0,0.0
micronized-creatine-monohydrate,1kg Pack (40 servings) / Genmai-Roasted Brown Rice,724999807999.0,unknown | Default,1,0.0,97.95151515151517,2.0,1.0,0.0
micronized-creatine-monohydrate,1kg Pack (40 servings) / Matchawhey,0724999807999,micronized-creatine-monohydrate | Default,2,0.0,75.64348484848485,1.0,0.0,0.0
micronized-creatine-monohydrate,1kg Pack (40 servings) / Natural (Unflavoured),0724999807876,unknown | 1kg Pack (40 servings) / Natural (Unflavoured),2,0.0,90.425,1.0,0.0,0.0
micronized-creatine-monohydrate,1kg Pack (40 servings) / Natural (Unflavoured),0724999807999,micronized-creatine-monohydrate | Default,8,0.375,155.00496212121212,2.625,0.375,2.1998722860791826
micronized-creatine-monohydrate,1kg Pack (40 servings) / Natural (Unflavoured),0724999807999-1,micronized-creatine-monohydrate | Default,1,0.0,108.0848484848485,2.0,1.0,0.0
micronized-creatine-monohydrate,1kg Pack (40 servings) / Natural (Unflavoured),724999807876.0,unknown | Default,1,0.0,94.87272727272727,2.0,0.0,0.0
micronized-creatine-monohydrate,1kg Pack (40 servings) / Natural (Unflavoured),724999807999.0,unknown | Default,1,1.0,256.6,5.0,0.0,5.866326096211154
micronized-creatine-monohydrate,1kg Pack (40 servings) / Natural (Unflavoured),724999808361.0,unknown | Default,1,0.0,113.03,2.0,1.0,0.0
micronized-creatine-monohydrate,1kg Pack (40 servings) / Vanilla,724999807999.0,micronized-creatine-monohydrate | Default,1,0.0,76.13333333333334,1.0,1.0,0.0
micronized-creatine-monohydrate,1kg Pack (40 servings) / Vanilla (unsweetened),0724999809566,unknown | Default,1,0.0,53.25757575757576,2.0,1.0,0.0
micronized-creatine-monohydrate,2 x 250g Pack (100 servings) *Most Popular*,0724999807999_2,micronized-creatine-monohydrate | 2 x 250g Pack (100 servings) *Most Popular*,2,0.5,212.53,2.5,0.0,2.933163048105577
micronized-creatine-monohydrate,2 x 250g Pack (100 servings) *Most Popular*,CRE-UNF-250G-2BL-V1,micronized-creatine-monohydrate | 2 x 250g Pack (100 servings) *Most Popular*,6,0.16666666666666666,124.49166666666666,1.6666666666666667,0.5,0.9777210160351921
micronized-creatine-monohydrate,250g (50 serves),0724999807999,micronized-creatine-monohydrate | 250g (50 serves),19,0.0,50.386842105263156,1.1578947368421053,0.10526315789473684,0.0
micronized-creatine-monohydrate,250g (50 serves),0724999807999,micronized-creatine-monohydrate | Default,1,1.0,64.65,3.0,0.0,5.866326096211154
micronized-creatine-monohydrate,250g (50 servings),0724999807999,micronized-creatine-monohydrate | 250g (50 servings),42,0.07142857142857142,81.34095238095239,1.5714285714285714,0.07142857142857142,0.41902329258651094
micronized-creatine-monohydrate,250g (50 servings),0724999807999,micronized-creatine-monohydrate | Default,3,0.6666666666666666,74.05858585858586,3.3333333333333335,1.0,3.9108840641407685
micronized-creatine-monohydrate,250g (50 servings),0724999807999,unknown | Default,1,0.0,391.42999999999995,2.0,0.0,0.0
micronized-creatine-monohydrate,250g (50 servings),724999807999.0,unknown | Default,1,1.0,292.9575757575758,12.0,1.0,5.866326096211154
micronized-creatine-monohydrate,300g (30 serves) / Unflavoured,0724999807999,micronized-creatine-monohydrate | Default,1,1.0,88.69393939393939,3.0,0.0,5.866326096211154
micronized-creatine-monohydrate,300g (30 serves) / Unflavoured,0724999807999,unknown | Default,1,1.0,188.33333333333334,3.0,0.0,5.866326096211154
micronized-creatine-monohydrate,300g Pack (30 servings),0724999807999,micronized-creatine-monohydrate | Default,4,0.5,509.76250000000005,5.75,0.5,2.933163048105577
micronized-creatine-monohydrate,300g Pack (30 servings),0724999807999,unknown | Default,1,1.0,399.72,5.0,0.0,5.866326096211154
micronized-creatine-monohydrate,300g Pack (30 servings),0724999808361,unknown | Default,1,0.0,0.0,1.0,0.0,0.0
micronized-creatine-monohydrate,300g Pack (30 servings) / Natural (Unflavoured),0724999807999,micronized-creatine-monohydrate | Default,2,0.0,83.26818181818183,1.0,0.5,0.0
micronized-creatine-monohydrate,300g Pack (30 servings) / Natural (Unflavoured),0724999807999,unknown | Default,1,1.0,1817.5393939393941,4.0,0.0,5.866326096211154
micronized-creatine-monohydrate,300g Pack (30 servings) / Natural (Unflavoured),0724999807999-1,micronized-creatine-monohydrate | Default,1,0.0,65.69393939393939,1.0,0.0,0.0
micronized-creatine-monohydrate,4 x 250g Pack (200 servings),0724999807999_4,micronized-creatine-monohydrate | 4 x 250g Pack (200 servings),1,0.0,337.27,2.0,1.0,0.0
micronized-creatine-monohydrate,4 x 250g Pack (200 servings),CRE-UNF-250G-4BL-V1,micronized-creatine-monohydrate | 4 x 250g Pack (200 servings),1,0.0,64.71,1.0,0.0,0.0
micronized-creatine-monohydrate,40g Sachet / Taro,0724999807999,unknown | Default,1,1.0,113.57454545454546,3.0,0.0,5.866326096211154
micronized-creatine-monohydrate,40g Sachet / Thai Milk Tea,0724999807999,micronized-creatine-monohydrate | Default,1,0.0,0.0,2.0,0.0,0.0
micronized-creatine-monohydrate,480g Pack (16 servings) / Cocoa Dinosaur,0724999807999,unknown | Default,1,1.0,1942.68,4.0,0.0,5.866326096211154
micronized-creatine-monohydrate,480g Pack (16 servings) / Natural (Unflavoured),0724999807999,micronized-creatine-monohydrate | Default,1,0.0,198.52,2.0,0.0,0.0
micronized-creatine-monohydrate,480g Pack (16 servings) / Vanilla,0724999807999,unknown | Default,1,1.0,306.04,8.0,1.0,5.866326096211154
micronized-creatine-monohydrate,500g (20 serves) / Vanilla,0724999807999,micronized-creatine-monohydrate | Default,2,0.0,42.16818181818182,1.0,0.0,0.0
micronized-creatine-monohydrate,500g (40 servings),724999809146.0,unknown | 500g (40 servings),1,1.0,101.68,4.0,1.0,5.866326096211154
micronized-creatine-monohydrate,500g Pack (20 Serv) / Peach,0724999807999,micronized-creatine-monohydrate | Default,8,0.125,139.9421590909091,1.75,0.125,0.7332907620263942
micronized-creatine-monohydrate,500g Pack (20 Serv) / Peach,0724999807999-1,micronized-creatine-monohydrate | Default,1,0.0,128.22424242424242,2.0,1.0,0.0
micronized-creatine-monohydrate,500g Pack (20 Serv) / White Grape,0724999807999,micronized-creatine-monohydrate | Default,1,0.0,276.8,1.0,0.0,0.0
micronized-creatine-monohydrate,500g Pack (20 servings) / Cocoa Dinosaur,0724999807999,micronized-creatine-monohydrate | Default,2,0.5,215.60499999999996,3.0,0.0,2.933163048105577
micronized-creatine-monohydrate,500g Pack (20 servings) / Cocoa Dinosaur,0724999807999,unknown | Default,1,1.0,1230.2,6.0,0.0,5.866326096211154
micronized-creatine-monohydrate,60 Capsules (60 servings),0724999807999,micronized-creatine-monohydrate | Default,1,0.0,32.22727272727273,1.0,0.0,0.0
micronized-creatine-monohydrate,60 Softgels (60 servings),0724999807999,micronized-creatine-monohydrate | Default,1,1.0,798.48,8.0,0.0,5.866326096211154
micronized-creatine-monohydrate,7 x 10g Sachet (7 servings) *Most Popular*,0724999807999,micronized-creatine-monohydrate | Default,1,1.0,307.1933333333333,7.0,1.0,5.866326096211154
micronized-creatine-monohydrate,90 Capsules (30 servings),0724999807999,micronized-creatine-monohydrate | Default,1,0.0,125.64,1.0,0.0,0.0
micronized-creatine-monohydrate,90 Capsules (30 servings),0724999808361,unknown | Default,1,0.0,53.32,1.0,1.0,0.0
micronized-creatine-monohydrate,90 Tablets (90 servings),0724999807999,micronized-creatine-monohydrate | Default,3,0.0,129.97,1.3333333333333333,0.3333333333333333,0.0
micronized-creatine-monohydrate,White,ACC-TOTE-V1,unknown | Default,1,1.0,329.78,3.0,0.0,5.866326096211154
multivitamin-vegan,1 x 300g pack (30 servings),0724999808378,multivitamin-vegan | Default,1,0.0,178.39,1.0,1.0,0.0
multivitamin-vegan,1KG Pack / Teh Tarik,07249998080422,unknown | Default,1,1.0,1545.8915151515153,16.0,0.0,5.866326096211154
multivitamin-vegan,250g (50 servings),0724999808378,multivitamin-vegan | Default,1,0.0,0.0,1.0,0.0,0.0
multivitamin-vegan,500g Pack (40 servings),724999809146.0,unknown | 500g Pack (40 servings),1,1.0,283.84000000000003,6.0,1.0,5.866326096211154
multivitamin-vegan,60 Capsules,0724999808378,multivitamin-vegan | Default,1,0.0,63.8,1.0,0.0,0.0
multivitamin-vegan,60 Softgels,0724999808378,multivitamin-vegan | Default,1,0.0,58.9,1.0,1.0,0.0
multivitamin-vegan,90 Caps,0724999808378,multivitamin-vegan | 90 Caps,2,0.0,78.75757575757575,1.0,0.0,0.0
multivitamin-vegan,90 Capsules,0724999808361_FREE,unknown | Default,1,1.0,1031.6,10.0,0.0,5.866326096211154
multivitamin-vegan,90 Capsules,0724999808378,multivitamin-vegan | 90 Capsules,2,0.0,93.8,1.0,0.0,0.0
multivitamin-vegan,90 Capsules,0724999808378,unknown | Default,2,1.0,6613.079696969697,26.5,0.5,5.866326096211154
multivitamin-vegan,90 Capsules,724999808378.0,multivitamin-vegan | 90 Capsules,2,0.0,107.66060606060606,1.0,0.0,0.0
multivitamin-vegan,90 Capsules,724999808378.0,unknown | Default,2,1.0,3509.961212121212,10.0,0.0,5.866326096211154
multivitamin-vegan,90 Capsules (30 servings),0724999808361,unknown | Default,1,1.0,0.0,5.0,0.0,5.866326096211154
multivitamin-vegan,90 Capsules (30 servings),0724999808378,multivitamin-vegan | 90 Capsules (30 servings),5,0.2,48.19345454545454,1.4,0.2,1.1732652192422308
multivitamin-vegan,90 Capsules (30 servings),0724999808378,unknown | Default,2,1.0,3725.5853030303033,14.5,1.0,5.866326096211154
multivitamin-vegan,90 Capsules (30 servings),724999808378.0,multivitamin-vegan | 90 Capsules (30 servings),3,0.0,107.79989898989898,1.3333333333333333,0.3333333333333333,0.0
multivitamin-vegan,90 Capsules (30 servings),724999808378.0,unknown | Default,2,1.0,1034.27,4.5,0.0,5.866326096211154
multivitamin-vegan,90 capsules,0724999808378,multivitamin-vegan | 90 capsules,1,0.0,68.8,1.0,0.0,0.0
multivitamin-vegan,Matchawhey / 1kg,724999807777.0,unknown | Matchawhey / 1kg,1,1.0,264.4030303030303,3.0,0.0,5.866326096211154
plant-protein,1KG / Natural (Unflavoured),724999807876.0,unknown | 1KG / Natural (Unflavoured),1,0.0,160.01999999999998,2.0,0.0,0.0
plant-protein,480g Pack (16 servings) / Cocoa Dinosaur,0724999808361,unknown | Default,6,0.3333333333333333,55.395,1.8333333333333333,0.5,1.9554420320703843
plant-protein,480g Pack (16 servings) / Cocoa Dinosaur,0724999808606,plant-protein | 480g Pack (16 servings) / Cocoa Dinosaur,110,0.14545454545454545,75.70059228650138,1.6454545454545455,0.05454545454545454,0.8532837958125313
plant-protein,480g Pack (16 servings) / Cocoa Dinosaur,0724999808606,unknown | Default,12,0.6666666666666666,317.5192676767677,4.083333333333333,0.08333333333333333,3.9108840641407685
plant-protein,480g Pack (16 servings) / Cocoa Dinosaur,724999808606.0,plant-protein | 480g Pack (16 servings) / Cocoa Dinosaur,25,0.0,56.63312727272727,1.04,0.0,0.0
plant-protein,480g Pack (16 servings) / Cocoa Dinosaur,PLT-CHO-480G-V1,plant-protein | 480g Pack (16 servings) / Cocoa Dinosaur,41,0.0975609756097561,122.56170731707317,1.3902439024390243,0.024390243902439025,0.572324497191332
plant-protein,480g Pack (16 servings) / Natural (Unflavoured),0724999808361,unknown | Default,2,0.0,12.615,1.0,0.5,0.0
plant-protein,480g Pack (16 servings) / Natural (Unflavoured),0724999808620,plant-protein | 480g Pack (16 servings) / Natural (Unflavoured),45,0.044444444444444446,50.54041750841751,1.4,0.1111111111111111,0.26072560427605124
plant-protein,480g Pack (16 servings) / Natural (Unflavoured),0724999808620,unknown | Default,3,0.6666666666666666,394.5368686868687,4.333333333333333,0.0,3.9108840641407685
plant-protein,480g Pack (16 servings) / Natural (Unflavoured),724999808361.0,unknown | Default,2,1.0,572.51,4.0,1.0,5.866326096211154
plant-protein,480g Pack (16 servings) / Natural (Unflavoured),724999808620.0,plant-protein | 480g Pack (16 servings) / Natural (Unflavoured),11,0.09090909090909091,61.134022038567494,1.6363636363636365,0.09090909090909091,0.5333023723828322
plant-protein,480g Pack (16 servings) / Natural (Unflavoured),724999808620.0,unknown | Default,1,0.0,122.04545454545455,2.0,0.0,0.0
plant-protein,480g Pack (16 servings) / Vanilla,0724999808361,unknown | Default,4,0.5,144.5525,2.75,0.25,2.933163048105577
plant-protein,480g Pack (16 servings) / Vanilla,0724999808613,plant-protein | 480g Pack (16 servings) / Vanilla,81,0.08641975308641975,69.1773774784886,1.4074074074074074,0.06172839506172839,0.5069664527589886
plant-protein,480g Pack (16 servings) / Vanilla,0724999808613,unknown | Default,11,0.8181818181818182,492.3253443526171,4.2727272727272725,0.18181818181818182,4.7997213514454895
plant-protein,480g Pack (16 servings) / Vanilla,724999808613.0,plant-protein | 480g Pack (16 servings) / Vanilla,23,0.13043478260869565,55.7602371541502,1.3478260869565217,0.0,0.76517296907102
plant-protein,480g Pack (16 servings) / Vanilla,724999808613.0,unknown | Default,1,1.0,1060.61,5.0,0.0,5.866326096211154
plant-protein,480g Pack (16 servings) / Vanilla,PLT-VAN-480G-V1,plant-protein | 480g Pack (16 servings) / Vanilla,17,0.11764705882352941,143.26117647058823,1.411764705882353,0.0,0.6901560113189592
plant-protein,480g Pack / Cocoa Dinosaur,0724999808606,plant-protein | 480g Pack / Cocoa Dinosaur,3,0.0,90.3959595959596,1.6666666666666667,0.0,0.0
plant-protein,480g Pack / Cocoa Dinosaur,0724999808606,unknown | Default,3,1.0,389.7549494949494,4.333333333333333,0.0,5.866326096211154
plant-protein,480g Pack / Natural (Unflavoured & Unsweetened),0724999808620,plant-protein | 480g Pack / Natural (Unflavoured & Unsweetened),1,1.0,992.46,12.0,1.0,5.866326096211154
plant-protein,480g Pack / Vanilla,0724999808613,plant-protein | 480g Pack / Vanilla,2,0.0,43.99848484848485,1.5,0.0,0.0
plant-protein,480g Pack / Vanilla,0724999808613,unknown | Default,3,0.6666666666666666,134.73939393939395,5.0,0.0,3.9108840641407685
plant-protein,500g (10 servings) / Vanilla,724999808705.0,unknown | Default,1,1.0,173.75,5.0,0.0,5.866326096211154
plant-protein,500g (16 servings) / Belgian Choc,0724999808699,unknown | 500g (16 servings) / Belgian Choc,1,0.0,102.43636363636365,1.0,0.0,0.0
plant-protein,500g (16 servings) / Belgian Choc,0724999808699,unknown | Default,1,0.0,114.53939393939395,2.0,0.0,0.0
plant-protein,500g (16 servings) / Belgian Choc,724999808699.0,unknown | Default,1,1.0,272.8151515151515,7.0,0.0,5.866326096211154
plant-protein,500g (40 servings),0724999809146,unknown | 500g (40 servings),1,0.0,54.48787878787879,1.0,0.0,0.0
plant-protein,500g (40 servings),724999809146.0,unknown | 500g (40 servings),1,0.0,61.71,1.0,0.0,0.0
plant-protein,500g (40 servings),724999809146.0,unknown | Default,1,1.0,343.22999999999996,6.0,0.0,5.866326096211154
plant-protein,500g Pack (10 servings) / Belgian Choc,724999808699.0,unknown | 500g Pack (10 servings) / Belgian Choc,1,0.0,103.92,1.0,0.0,0.0
plant-protein,500g Pack (10 servings) / Belgian Choc,724999808699.0,unknown | Default,1,1.0,2340.428787878788,22.0,1.0,5.866326096211154
plant-protein,500g Pack / Honeydew,0724999808934,unknown | Default,1,1.0,363.6939393939394,14.0,1.0,5.866326096211154
plant-protein,Cocoa Dinosaur,0724999808606,plant-protein | Cocoa Dinosaur,8,0.0,61.63666666666667,1.0,0.0,0.0
plant-protein,Cocoa Dinosaur,0724999808606,unknown | Default,8,1.0,2946.651287878788,13.5,0.375,5.866326096211154
plant-protein,Cocoa Dinosaur / 480g,0724999808361_FREE,unknown | Default,1,1.0,4235.198787878788,17.0,1.0,5.866326096211154
plant-protein,Cocoa Dinosaur / 480g,0724999808606,plant-protein | Cocoa Dinosaur / 480g,8,0.0,67.82128787878789,1.25,0.125,0.0
plant-protein,Cocoa Dinosaur / 480g,0724999808606,unknown | Default,10,0.9,619.7668181818183,4.4,0.0,5.2796934865900385
plant-protein,Cocoa Dinosaur / 480g,724999808606.0,plant-protein | Cocoa Dinosaur / 480g,19,0.05263157894736842,51.16754385964913,1.1578947368421053,0.05263157894736842,0.3087540050637449
plant-protein,Cocoa Dinosaur / 480g,724999808606.0,unknown | Default,9,0.6666666666666666,470.0553535353535,4.444444444444445,0.1111111111111111,3.9108840641407685
plant-protein,Natural (Unflavored),0724999808620,plant-protein | Natural (Unflavored),2,0.5,455.615,4.0,0.0,2.933163048105577
plant-protein,Natural (Unflavored),0724999808620,unknown | Default,3,1.0,1206.1015151515153,15.666666666666666,0.3333333333333333,5.866326096211154
plant-protein,Natural (Unflavored) / 480g,0724999808361_FREE,unknown | Default,1,1.0,1622.7484848484848,11.0,1.0,5.866326096211154
plant-protein,Natural (Unflavored) / 480g,0724999808620,plant-protein | Natural (Unflavored) / 480g,4,0.5,93.6469696969697,2.75,0.0,2.933163048105577
plant-protein,Natural (Unflavored) / 480g,0724999808620,unknown | Default,2,1.0,4452.999393939394,14.0,0.0,5.866326096211154
plant-protein,Natural (Unflavored) / 480g,724999808620.0,plant-protein | Natural (Unflavored) / 480g,16,0.0,46.37715909090909,1.0625,0.125,0.0
plant-protein,Natural (Unflavored) / 480g,724999808620.0,unknown | Default,7,0.42857142857142855,277.0230735930736,3.2857142857142856,0.14285714285714285,2.5141397555190657
plant-protein,Vanilla,0724999808613,plant-protein | Vanilla,8,0.125,133.47598484848487,1.625,0.0,0.7332907620263942
plant-protein,Vanilla,0724999808613,unknown | Default,8,0.75,4237.9035227272725,11.125,0.125,4.399744572158365
plant-protein,Vanilla / 480g,0724999808361_FREEGIFT,unknown | Default,1,1.0,3419.62,7.0,0.0,5.866326096211154
plant-protein,Vanilla / 480g,0724999808613,plant-protein | Vanilla / 480g,7,0.14285714285714285,186.4099567099567,1.7142857142857142,0.0,0.8380465851730219
plant-protein,Vanilla / 480g,0724999808613,unknown | Default,6,0.8333333333333334,2348.236161616162,4.833333333333333,0.16666666666666666,4.888605080175961
plant-protein,Vanilla / 480g,724999808613.0,plant-protein | Vanilla / 480g,14,0.21428571428571427,142.63896103896107,2.642857142857143,0.2857142857142857,1.2570698777595328
plant-protein,Vanilla / 480g,724999808613.0,unknown | Default,2,0.5,166.245,3.0,0.0,2.933163048105577
plant-protein,XL,HS00833-XL,unknown | XL,1,1.0,164.41515151515154,4.0,0.0,5.866326096211154
prime-whey-isolate,1KG / Natural (Unflavoured),724999807876.0,unknown | 1KG / Natural (Unflavoured),1,1.0,684.4000000000001,6.0,0.0,5.866326096211154
prime-whey-isolate,1KG Pack / Cocoa Dinosaur,0724999807791,prime-whey-isolate | 1KG Pack / Cocoa Dinosaur,1,1.0,295.1472727272727,3.0,1.0,5.866326096211154
prime-whey-isolate,1KG Pack / Cocoa Dinosaur,0724999807791,unknown | Default,1,1.0,701.9818181818182,15.0,1.0,5.866326096211154
prime-whey-isolate,1KG Pack / Cocoa-dinosaur,0724999807791,prime-whey-isolate | 1KG Pack / Cocoa-dinosaur,4,0.0,135.2975,1.25,0.0,0.0
prime-whey-isolate,1KG Pack / Cocoa-dinosaur,0724999807791,unknown | Default,3,1.0,4271.87,12.333333333333334,0.0,5.866326096211154
prime-whey-isolate,1KG Pack / Natural (Unflavoured),0724999807760,unknown | Default,2,0.5,1232.685,6.0,0.0,2.933163048105577
prime-whey-isolate,1KG Pack / Vanilla,724999807913.0,unknown | Default,1,1.0,1357.821212121212,9.0,0.0,5.866326096211154
prime-whey-isolate,1kg Pack (40 servings) / Cocoa Dinosaur,0724999807791,prime-whey-isolate | 1kg Pack (40 servings) / Cocoa Dinosaur,19,0.21052631578947367,123.57079744816586,2.0526315789473686,0.3157894736842105,1.2350160202549796
prime-whey-isolate,1kg Pack (40 servings) / Cocoa Dinosaur,0724999807791,unknown | Default,7,0.7142857142857143,727.2458441558441,4.857142857142857,0.2857142857142857,4.19023292586511
prime-whey-isolate,1kg Pack (40 servings) / Cocoa Dinosaur,0724999809566,unknown | Default,1,0.0,60.27272727272727,1.0,0.0,0.0
prime-whey-isolate,1kg Pack (40 servings) / Cocoa Dinosaur,724999807791.0,prime-whey-isolate | 1kg Pack (40 servings) / Cocoa Dinosaur,9,0.2222222222222222,160.17329966329964,2.2222222222222223,0.1111111111111111,1.3036280213802562
prime-whey-isolate,1kg Pack (40 servings) / Cocoa Dinosaur,724999807791.0,unknown | Default,2,1.0,433.02878787878785,4.5,0.0,5.866326096211154
prime-whey-isolate,1kg Pack (40 servings) / Matchawhey,724999807777.0,prime-whey-isolate | 1kg Pack (40 servings) / Matchawhey,3,0.3333333333333333,211.93999999999997,1.6666666666666667,0.0,1.9554420320703843
prime-whey-isolate,1kg Pack (40 servings) / Natural (Unflavoured),0724999807760,prime-whey-isolate | 1kg Pack (40 servings) / Natural (Unflavoured),36,0.08333333333333333,106.26688552188551,1.4722222222222223,0.1388888888888889,0.48886050801759606
prime-whey-isolate,1kg Pack (40 servings) / Natural (Unflavoured),0724999807760,unknown | Default,8,0.5,386.23689393939395,3.125,0.0,2.933163048105577
prime-whey-isolate,1kg Pack (40 servings) / Natural (Unflavoured),0724999808361,unknown | Default,1,1.0,608.25,7.0,1.0,5.866326096211154
prime-whey-isolate,1kg Pack (40 servings) / Natural (Unflavoured),724999807760.0,prime-whey-isolate | 1kg Pack (40 servings) / Natural (Unflavoured),17,0.35294117647058826,202.37055258467024,2.8823529411764706,0.29411764705882354,2.0704680339568777
prime-whey-isolate,1kg Pack (40 servings) / Natural (Unflavoured),724999807760.0,unknown | Default,7,1.0,1728.2366233766236,6.857142857142857,0.42857142857142855,5.866326096211154
prime-whey-isolate,1kg Pack (40 servings) / Natural (Unflavoured),724999807876.0,unknown | 1kg Pack (40 servings) / Natural (Unflavoured),2,0.5,563.0374242424242,8.0,0.5,2.933163048105577
prime-whey-isolate,500g (10 servings) / Belgian Choc,724999808699.0,unknown | 500g (10 servings) / Belgian Choc,1,0.0,83.42727272727274,1.0,0.0,0.0
prime-whey-isolate,500g (10 servings) / Belgian Choc,724999808699.0,unknown | Default,1,1.0,707.3969696969697,11.0,1.0,5.866326096211154
prime-whey-isolate,500g (16 servings) / Belgian Choc,0724999808699,unknown | 500g (16 servings) / Belgian Choc,1,0.0,83.42727272727274,1.0,0.0,0.0
prime-whey-isolate,500g (16 servings) / Belgian Choc,0724999808699,unknown | Default,1,0.0,145.01515151515153,2.0,0.0,0.0
prime-whey-isolate,500g (16 servings) / Vanilla,0724999808705,unknown | 500g (16 servings) / Vanilla,1,1.0,566.8969696969697,8.0,1.0,5.866326096211154
prime-whey-isolate,500g (40 servings),0724999809146,unknown | Default,1,1.0,697.3600000000001,3.0,0.0,5.866326096211154
prime-whey-isolate,500g Pack (10 servings) / Vanilla,724999808705.0,unknown | 500g Pack (10 servings) / Vanilla,1,0.0,114.51,1.0,1.0,0.0
prime-whey-isolate,500g Pack / Teh Tarik,0724999808910,unknown | Default,1,1.0,207.2,7.0,0.0,5.866326096211154
prime-whey-isolate,60 softgels,0724999807593,unknown | 60 softgels,1,0.0,229.79,1.0,0.0,0.0
prime-whey-isolate,Cocoa Dinosaur,0724999807791,prime-whey-isolate | Cocoa Dinosaur,7,0.0,97.38290043290043,1.1428571428571428,0.0,0.0
prime-whey-isolate,Cocoa Dinosaur,0724999807791,unknown | Default,10,0.8,1489.1601515151515,6.3,0.0,4.693060876968923
prime-whey-isolate,Cocoa Dinosaur / 1kg,0724999807791,prime-whey-isolate | Cocoa Dinosaur / 1kg,7,0.0,109.0590909090909,1.2857142857142858,0.0,0.0
prime-whey-isolate,Cocoa Dinosaur / 1kg,0724999807791,unknown | Default,3,1.0,1061.9131313131313,5.333333333333333,0.3333333333333333,5.866326096211154
prime-whey-isolate,Cocoa Dinosaur / 1kg,0724999808361_FREEGIFT,unknown | Default,2,0.5,594.34,5.5,0.0,2.933163048105577
prime-whey-isolate,Cocoa Dinosaur / 1kg,724999807791.0,prime-whey-isolate | Cocoa Dinosaur / 1kg,11,0.09090909090909091,150.54396694214876,1.4545454545454546,0.09090909090909091,0.5333023723828322
prime-whey-isolate,Cocoa Dinosaur / 1kg,724999807791.0,unknown | Default,7,1.0,1725.1109956709956,9.571428571428571,0.42857142857142855,5.866326096211154
prime-whey-isolate,Matchawhey,0724999807777,unknown | Default,2,1.0,1025.6606060606061,5.0,0.5,5.866326096211154
prime-whey-isolate,Matchawhey,0724999807777,unknown | Matchawhey,2,0.0,100.55606060606061,1.0,0.0,0.0
prime-whey-isolate,Matchawhey / 1kg,0724999807777,prime-whey-isolate | Matchawhey / 1kg,4,0.0,84.7825,1.0,0.0,0.0
prime-whey-isolate,Matchawhey / 1kg,0724999807777,unknown | Default,4,1.0,4139.726363636364,21.5,0.5,5.866326096211154
prime-whey-isolate,Matchawhey / 1kg,0724999807777,unknown | Matchawhey / 1kg,1,0.0,230.1878787878788,2.0,0.0,0.0
prime-whey-isolate,Matchawhey / 1kg,724999807777.0,prime-whey-isolate | Matchawhey / 1kg,6,0.5,185.78166666666667,2.0,0.5,2.933163048105577
prime-whey-isolate,Matchawhey / 1kg,724999807777.0,unknown | Default,7,1.0,1242.178961038961,10.142857142857142,0.2857142857142857,5.866326096211154
prime-whey-isolate,Natural (Unflavored),0724999807760,prime-whey-isolate | Natural (Unflavored),7,0.2857142857142857,247.86450216450217,2.142857142857143,0.0,1.6760931703460438
prime-whey-isolate,Natural (Unflavored),0724999807760,unknown | Default,5,0.8,892.257393939394,6.6,0.4,4.693060876968923
prime-whey-isolate,Natural (Unflavored) / 1kg,0724999807760,prime-whey-isolate | Natural (Unflavored) / 1kg,4,0.0,77.82318181818182,1.0,0.0,0.0
prime-whey-isolate,Natural (Unflavored) / 1kg,0724999807760,unknown | Default,3,1.0,2105.1150505050505,7.333333333333333,0.3333333333333333,5.866326096211154
prime-whey-isolate,Natural (Unflavored) / 1kg,724999807760.0,prime-whey-isolate | Natural (Unflavored) / 1kg,26,0.38461538461538464,236.61158508158508,3.1153846153846154,0.4230769230769231,2.2562792677735204
prime-whey-isolate,Natural (Unflavored) / 1kg,724999807760.0,unknown | Default,17,0.8823529411764706,2441.8498752228165,9.588235294117647,0.35294117647058826,5.176170084892194
pureburn-fat-burner-capsules,1KG / Natural (Unflavoured),724999807876.0,unknown | Default,1,1.0,1203.2848484848485,8.0,1.0,5.866326096211154
pureburn-fat-burner-capsules,1kg Pack (40 servings) / Mango,724999807951.0,unknown | Default,1,1.0,487.89393939393943,4.0,0.0,5.866326096211154
pureburn-fat-burner-capsules,1kg Pack (40 servings) / Matchawhey,724999807777.0,unknown | 1kg Pack (40 servings) / Matchawhey,1,1.0,365.6393939393939,5.0,1.0,5.866326096211154
pureburn-fat-burner-capsules,500g (10 servings) / Vanilla,724999808705.0,unknown | 500g (10 servings) / Vanilla,1,0.0,100.8,1.0,0.0,0.0
pureburn-fat-burner-capsules,500g (16 servings) / Belgian Choc,0724999808699,unknown | Default,1,1.0,1078.05,9.0,0.0,5.866326096211154
pureburn-fat-burner-capsules,500g (16 servings) / Belgian Choc,724999808699.0,unknown | 500g (16 servings) / Belgian Choc,1,0.0,57.3969696969697,1.0,0.0,0.0
pureburn-fat-burner-capsules,500g Pack / Honeydew,0724999808934,unknown | 500g Pack / Honeydew,1,1.0,348.6121212121212,8.0,0.0,5.866326096211154
pureburn-fat-burner-capsules,500g Pack / Teh Tarik,0724999808361_FREE,unknown | Default,1,0.0,188.9787878787879,2.0,1.0,0.0
pureburn-fat-burner-capsules,90 Capsules (90 servings),0724999807562,pureburn-fat-burner-capsules | 90 Capsules (90 servings),4,0.0,91.36212121212121,1.25,0.0,0.0
pureburn-fat-burner-capsules,90 Capsules (90 servings),0724999807562,unknown | Default,1,1.0,630.9060606060607,5.0,0.0,5.866326096211154
pureburn-fat-burner-capsules,90 Capsules (90 servings),724999807562.0,pureburn-fat-burner-capsules | 90 Capsules (90 servings),2,0.0,231.28333333333336,2.0,0.5,0.0
pureburn-fat-burner-capsules,90 Capsules (90 servings),724999807562.0,unknown | Default,2,1.0,872.7151515151515,4.5,0.0,5.866326096211154
pureburn-fat-burner-capsules,90 Tablets,0724999807562,pureburn-fat-burner-capsules | 90 Tablets,20,0.0,130.9335,1.2,0.1,0.0
pureburn-fat-burner-capsules,90 Tablets,CAP-PBT-BOTTLE-V1,pureburn-fat-burner-capsules | 90 Tablets,7,0.14285714285714285,201.1314285714286,1.2857142857142858,0.0,0.8380465851730219
pureburn-fat-burner-capsules,90 Tablets,CAP-PBT-BOTTLE-V1,unknown | Default,1,0.0,193.25,1.0,0.0,0.0
pureburn-fat-burner-capsules,90 Tablets (90 servings),0724999807562,pureburn-fat-burner-capsules | 90 Tablets (90 servings),7,0.0,126.99142857142859,1.2857142857142858,0.14285714285714285,0.0
pureburn-fat-burner-capsules,90 Tablets (90 servings),0724999807562,unknown | Default,2,0.5,584.85,7.0,0.0,2.933163048105577
pureburn-fat-burner-capsules,90 Tablets (90 servings),724999807562.0,pureburn-fat-burner-capsules | 90 Tablets (90 servings),2,0.0,75.53,1.0,0.0,0.0
pureburn-fat-burner-capsules,90 capsules,0724999807562,pureburn-fat-burner-capsules | 90 capsules,5,0.0,240.88769696969695,1.2,0.0,0.0
pureburn-fat-burner-capsules,90 capsules,0724999807562,unknown | Default,4,1.0,1986.2171212121216,9.0,0.25,5.866326096211154
pureburn-fat-burner-capsules,90 capsules,0724999808361_FREE,unknown | Default,1,1.0,597.2060606060606,7.0,0.0,5.866326096211154
pureburn-fat-burner-capsules,90 capsules,724999807562.0,pureburn-fat-burner-capsules | 90 capsules,7,0.2857142857142857,111.47151515151516,1.7142857142857142,0.42857142857142855,1.6760931703460438
pureburn-fat-burner-capsules,90 capsules,724999807562.0,unknown | Default,3,1.0,419.1356565656565,4.0,0.0,5.866326096211154
pureburn-fat-burner-capsules,90 tablets,724999807562.0,pureburn-fat-burner-capsules | 90 tablets,4,0.0,55.835,1.25,0.0,0.0
pureburn-fat-burner-capsules,90 tablets,724999807562.0,unknown | Default,3,1.0,8219.066666666668,9.333333333333334,0.3333333333333333,5.866326096211154
sg-june-2025-victory-tag-delivery,1 x 250g Pack (50 servings),CRE-UNF-250G-V1,sg-june-2025-victory-tag-delivery | Default,1,0.0,30.939999999999998,2.0,0.0,0.0
sg-nov-2025-victory-tag,1 x 1kg Pack (25 servings) / Taro,LEAN-TAR-1KG-V1,sg-nov-2025-victory-tag | Default,1,0.0,50.92,2.0,0.0,0.0
sg-nov-2025-victory-tag,1 x 250g Pack (50 servings),CRE-UNF-250G-V1,sg-nov-2025-victory-tag | Default,1,1.0,105.7,5.0,1.0,5.866326096211154
sg-nov-2025-victory-tag,1 x 40g Sachet (1 serving) / Taro,LEAN-TAR-40G-V1,sg-nov-2025-victory-tag | Default,2,0.0,17.67,2.0,0.0,0.0
sg-nov-2025-victory-tag,1 x 500g Pack (20 servings) / Peach,CLEAR-PEA-500G-V2,sg-nov-2025-victory-tag | Default,1,0.0,58.65,1.0,0.0,0.0
sg-nov-2025-victory-tag,1 x 500g Pack (20 servings) / White Grape,CLEAR-GRA-500G-V2,sg-nov-2025-victory-tag | Default,1,0.0,62.1,2.0,0.0,0.0
sg-nov-2025-victory-tag,5 x 40g Sachet (5 servings) *Most Popular* / Taro,LEAN-TAR-40G-5PK-V1,sg-nov-2025-victory-tag | Default,4,0.0,32.4825,1.5,0.0,0.0
sg-nov-2025-victory-tag,5 x 40g Sachet (5 servings) *Most Popular* / Thai Milk Tea,LEAN-THA-40G-5PK-V1,sg-nov-2025-victory-tag | Default,3,0.3333333333333333,40.08,2.3333333333333335,0.0,1.9554420320703843
sg-nov-2025-victory-tag,7 x 10g Sachet (7 servings) *Most Popular*,COL-UNF-10G-7PK-V1,sg-nov-2025-victory-tag | Default,1,0.0,0.0,1.0,0.0,0.0
soy-protein-isolate,1 x 1kg Pack (40 servings) / Unflavoured,0724999807845,soy-protein-isolate | 1 x 1kg Pack (40 servings) / Unflavoured,57,0.03508771929824561,73.0657894736842,1.2280701754385965,0.017543859649122806,0.2058360033758299
soy-protein-isolate,1 x 1kg Pack (40 servings) / Unflavoured,SOY-UNF-1KG-V1,soy-protein-isolate | 1 x 1kg Pack (40 servings) / Unflavoured,96,0.020833333333333332,103.1353125,1.1354166666666667,0.020833333333333332,0.12221512700439902
soy-protein-isolate,1 x 1kg Pack (40 servings) / Unflavoured,SOY-UNF-1KG-V1,unknown | Default,3,0.6666666666666666,564.9828282828283,4.0,0.6666666666666666,3.9108840641407685
soy-protein-isolate,1KG / Unflavoured,0724999807845,soy-protein-isolate | 1KG / Unflavoured,21,0.14285714285714285,62.31142857142857,1.619047619047619,0.19047619047619047,0.8380465851730219
soy-protein-isolate,1KG / Unflavoured,0724999807845,unknown | Default,3,1.0,398.6040404040404,5.666666666666667,1.0,5.866326096211154
soy-protein-isolate,1KG Pack / Natural (Unflavoured),0724999807845,soy-protein-isolate | 1KG Pack / Natural (Unflavoured),10,0.1,70.55939393939394,1.2,0.0,0.5866326096211154
soy-protein-isolate,1KG Pack / Natural (Unflavoured),0724999807845,unknown | Default,7,0.7142857142857143,748.878354978355,4.285714285714286,0.0,4.19023292586511
soy-protein-isolate,1KG Pack / Natural (Unflavoured),724999807845.0,soy-protein-isolate | 1KG Pack / Natural (Unflavoured),20,0.2,183.38577272727272,2.4,0.2,1.1732652192422308
soy-protein-isolate,1KG Pack / Natural (Unflavoured),724999807845.0,unknown | Default,16,0.8125,863.386893939394,7.0,0.375,4.766389953171562
soy-protein-isolate,1KG Pack / Vanilla,0724999807913,unknown | Default,1,1.0,471.6666666666667,15.0,0.0,5.866326096211154
soy-protein-isolate,1kg (40 serves) / Mango,0724999807951,unknown | 1kg (40 serves) / Mango,1,1.0,231.8881818181818,3.0,1.0,5.866326096211154
soy-protein-isolate,1kg Pack (40 servings) / Natural (Unflavoured),0724999807845,soy-protein-isolate | 1kg Pack (40 servings) / Natural (Unflavoured),82,0.17073170731707318,617.125509977827,9.695121951219512,0.0975609756097561,1.0015678700848312
soy-protein-isolate,1kg Pack (40 servings) / Natural (Unflavoured),0724999807845,unknown | Default,12,0.75,519.0484848484849,3.8333333333333335,0.3333333333333333,4.399744572158365
soy-protein-isolate,1kg Pack (40 servings) / Natural (Unflavoured),0724999807876,unknown | 1kg Pack (40 servings) / Natural (Unflavoured),1,1.0,224.64,3.0,0.0,5.866326096211154
soy-protein-isolate,1kg Pack (40 servings) / Natural (Unflavoured),0724999807876,unknown | Default,1,0.0,77.66969696969699,2.0,0.0,0.0
soy-protein-isolate,1kg Pack (40 servings) / Natural (Unflavoured),0724999808361,unknown | Default,2,0.0,48.225,1.5,0.5,0.0
soy-protein-isolate,1kg Pack (40 servings) / Natural (Unflavoured),724999807845.0,soy-protein-isolate | 1kg Pack (40 servings) / Natural (Unflavoured),24,0.16666666666666666,134.4294191919192,2.0,0.20833333333333334,0.9777210160351921
soy-protein-isolate,1kg Pack (40 servings) / Natural (Unflavoured),724999807845.0,unknown | Default,7,0.8571428571428571,1337.2551082251082,7.142857142857143,0.14285714285714285,5.028279511038131
soy-protein-isolate,1kg Pack (40 servings) / Natural (Unflavoured),724999807876.0,unknown | 1kg Pack (40 servings) / Natural (Unflavoured),1,0.0,62.379696969696965,2.0,0.0,0.0
soy-protein-isolate,1kg Pack (40 servings) / Natural (Unflavoured),724999808361.0,unknown | Default,1,0.0,78.71000000000001,2.0,1.0,0.0
soy-protein-isolate,1kg Pack (40 servings) / Unflavoured,0724999807845,soy-protein-isolate | 1kg Pack (40 servings) / Unflavoured,34,0.058823529411764705,29.00294117647059,1.2647058823529411,0.029411764705882353,0.3450780056594796
soy-protein-isolate,2 x 1kg Pack (80 servings) *Most Popular* / Unflavoured,0724999807845_2,soy-protein-isolate | 2 x 1kg Pack (80 servings) *Most Popular* / Unflavoured,1,0.0,68.0,1.0,0.0,0.0
soy-protein-isolate,2 x 1kg Pack (80 servings) *Most Popular* / Unflavoured,SOY-UNF-1KG-2BL-V1,soy-protein-isolate | 2 x 1kg Pack (80 servings) *Most Popular* / Unflavoured,2,0.0,69.6,1.0,0.0,0.0
soy-protein-isolate,4 x 1kg Pack (160 servings) / Unflavoured,0724999807845_4,soy-protein-isolate | 4 x 1kg Pack (160 servings) / Unflavoured,1,0.0,109.65,1.0,0.0,0.0
soy-protein-isolate,4 x 1kg Pack (160 servings) / Unflavoured,SOY-UNF-1KG-4BL-V1,soy-protein-isolate | 4 x 1kg Pack (160 servings) / Unflavoured,1,0.0,101.61,1.0,1.0,0.0
soy-protein-isolate,40g Sachet / Taro,0724999810470,unknown | 40g Sachet / Taro,1,0.0,17.08,1.0,0.0,0.0
soy-protein-isolate,500g (10 servings) / Belgian Choc,724999808699.0,unknown | 500g (10 servings) / Belgian Choc,1,0.0,54.336363636363636,1.0,0.0,0.0
soy-protein-isolate,500g (16 servings) / Vanilla,0724999808705,unknown | 500g (16 servings) / Vanilla,1,0.0,57.36666666666667,1.0,0.0,0.0
soy-protein-isolate,500g (16 servings) / Vanilla,0724999808705,unknown | Default,1,1.0,870.8969696969697,7.0,0.0,5.866326096211154
soy-protein-isolate,500g (40 servings),724999809146.0,unknown | Default,1,0.0,754.2090909090908,2.0,0.0,0.0
soy-protein-isolate,Matchawhey / 1kg,724999807777.0,unknown | Matchawhey / 1kg,1,0.0,105.38181818181819,2.0,0.0,0.0
super-omega-3,500g (16 servings) / Vanilla,724999808705.0,unknown | 500g (16 servings) / Vanilla,1,1.0,305.91818181818184,6.0,1.0,5.866326096211154
super-omega-3,60 Capsules,0724999807555,super-omega-3 | 60 Capsules,1,0.0,59.093939393939394,1.0,0.0,0.0
super-omega-3,60 Capsules,724999807555.0,super-omega-3 | 60 Capsules,4,0.5,161.7475,2.0,0.5,2.933163048105577
super-omega-3,60 Capsules,724999807555.0,unknown | Default,1,1.0,916.0,4.0,0.0,5.866326096211154
super-omega-3,60 Softgels,0724999807555,super-omega-3 | 60 Softgels,3,0.3333333333333333,43.28424242424242,2.0,0.3333333333333333,1.9554420320703843
super-omega-3,60 Softgels,0724999807555,unknown | Default,2,0.5,357.0486363636363,2.5,0.0,2.933163048105577
super-omega-3,60 Softgels,CAP-OMG-BOTTLE-V1,super-omega-3 | 60 Softgels,4,0.0,138.0275,1.25,0.0,0.0
super-omega-3,60 Softgels (60 servings),0724999807555,super-omega-3 | 60 Softgels (60 servings),10,0.1,117.36424242424243,2.2,0.1,0.5866326096211154
super-omega-3,60 Softgels (60 servings),0724999807555,unknown | Default,1,0.0,285.7,2.0,0.0,0.0
super-omega-3,60 Softgels (60 servings),724999807555.0,super-omega-3 | 60 Softgels (60 servings),2,0.0,99.855,1.0,0.0,0.0
super-omega-3,60 Softgels (60 servings),LP_giftbox,unknown | Default,1,1.0,73.60606060606061,3.0,0.0,5.866326096211154
super-omega-3,XL,HS00833-XL,unknown | XL,1,1.0,320.3833333333334,11.0,0.0,5.866326096211154
thermal-stainless-steel-bottle,1kg (40 serves) / Cocoa Dinosaur,0724999809160,thermal-stainless-steel-bottle | Default,1,0.0,190.7818181818182,1.0,0.0,0.0
thermal-stainless-steel-bottle,1kg Pack (40 servings) / Matchawhey,0724999809160,thermal-stainless-steel-bottle | Default,1,0.0,203.58,1.0,0.0,0.0
thermal-stainless-steel-bottle,300g (30 serves) / Unflavoured,0724999809160,unknown | Default,1,1.0,5175.824242424243,13.0,0.0,5.866326096211154
thermal-stainless-steel-bottle,500g Pack (20 Serv) / Peach,0724999809160,thermal-stainless-steel-bottle | Default,1,0.0,91.49,1.0,0.0,0.0
thermal-stainless-steel-bottle,60 Softgels (60 servings),0724999809160,thermal-stainless-steel-bottle | Default,1,1.0,489.79727272727274,5.0,1.0,5.866326096211154
victory-tag-delivery,1 x 25g (1 serving) / White Grape,CLEAR-GRA-25G-V2,victory-tag-delivery | Default,1,1.0,0.0,3.0,0.0,5.866326096211154
victory-tag-public,lime green,ACC-SQB-V1,victory-tag-public | Default,1,0.0,99.7,1.0,0.0,0.0
