customer_id,clean_orders,clean_revenue,profit_proxy,aov,profit_decile,freq_decile,first_channel,first_product_cat,first_store,ever_subscribed,cohort_month,acq_year,is_top_profit,is_top_freq,is_top_both
8065111785727,2,15.8,6.32,7.9,D10,D2,Direct / Organic,Clear Protein,SG,False,2025-05,2025,False,False,False
8339814678783,1,15.79,6.32,15.79,D10,D5,Paid Social,Lean Protein,SG,False,2025-09,2025,False,False,False
8853291663615,1,15.73,6.29,15.73,D10,D4,Direct / Organic,Other,SG,False,2026-03,2026,False,False,False
8830565548287,1,15.66,6.26,15.66,D10,D4,Direct / Organic,Other,SG,False,2026-03,2026,False,False,False
7756033032447,1,15.64,6.25,15.64,D10,D8,Direct / Organic,Unknown,MY,False,2022-05,2022,False,False,False
8083629015295,1,15.62,6.25,15.62,D10,D6,Direct / Organic,Clear Protein,SG,False,2025-05,2025,False,False,False
8812240175359,1,15.6,6.24,15.6,D10,D4,Direct / Organic,Accessories,SG,False,2026-03,2026,False,False,False
8748461129983,1,15.53,6.21,15.53,D10,D4,Direct / Organic,Accessories,SG,False,2026-02,2026,False,False,False
7756430868735,1,15.43,6.17,15.43,D10,D7,Direct / Organic,Other,MY,False,2024-05,2024,False,False,False
7756477104383,1,15.43,6.17,15.43,D10,D7,Direct / Organic,Other,MY,False,2024-10,2024,False,False,False
7756417270015,1,15.43,6.17,15.43,D10,D7,Direct / Organic,Other,MY,False,2024-04,2024,False,False,False
8657572921599,1,15.24,6.1,15.24,D10,D4,Direct / Organic,Accessories,SG,False,2025-12,2025,False,False,False
8708556095743,1,15.24,6.1,15.24,D10,D4,Direct / Organic,Accessories,SG,False,2026-01,2026,False,False,False
8108890456319,1,14.9,5.96,14.9,D10,D6,Direct / Organic,Accessories,SG,False,2025-07,2025,False,False,False
8158136729855,1,14.9,5.96,14.9,D10,D5,Direct / Organic,Accessories,SG,False,2025-06,2025,False,False,False
8168890663167,1,14.9,5.96,14.9,D10,D5,Direct / Organic,Accessories,SG,False,2025-06,2025,False,False,False
8169068724479,1,14.9,5.96,14.9,D10,D5,Paid Social,Accessories,SG,False,2025-06,2025,False,False,False
8169379856639,1,14.9,5.96,14.9,D10,D5,Direct / Organic,Accessories,SG,False,2025-06,2025,False,False,False
8170944856319,1,14.9,5.96,14.9,D10,D5,Paid Social,Accessories,SG,False,2025-07,2025,False,False,False
8171472552191,1,14.9,5.96,14.9,D10,D5,Direct / Organic,Accessories,SG,False,2025-07,2025,False,False,False
8171490345215,1,14.9,5.96,14.9,D10,D5,Direct / Organic,Accessories,SG,False,2025-07,2025,False,False,False
8244687765759,1,14.9,5.96,14.9,D10,D5,Direct / Organic,Accessories,SG,False,2025-08,2025,False,False,False
8250130202879,1,14.9,5.96,14.9,D10,D5,Direct / Organic,Accessories,SG,False,2025-08,2025,False,False,False
8254868586751,1,14.9,5.96,14.9,D10,D5,Direct / Organic,Accessories,SG,False,2025-08,2025,False,False,False
8263425392895,1,14.9,5.96,14.9,D10,D5,Direct / Organic,Accessories,SG,False,2025-08,2025,False,False,False
8273741578495,1,14.9,5.96,14.9,D10,D5,Paid Social,Accessories,SG,False,2025-08,2025,False,False,False
8280100733183,1,14.9,5.96,14.9,D10,D5,Direct / Organic,Accessories,SG,False,2025-08,2025,False,False,False
8290481930495,1,14.9,5.96,14.9,D10,D5,Direct / Organic,Accessories,SG,False,2025-08,2025,False,False,False
8293684510975,1,14.9,5.96,14.9,D10,D5,Direct / Organic,Accessories,SG,False,2025-08,2025,False,False,False
8300149407999,1,14.9,5.96,14.9,D10,D5,Paid Social,Accessories,SG,False,2025-09,2025,False,False,False
8303912091903,1,14.9,5.96,14.9,D10,D5,Paid Social,Accessories,SG,False,2025-09,2025,False,False,False
8304142582015,1,14.9,5.96,14.9,D10,D5,Paid Social,Accessories,SG,False,2025-09,2025,False,False,False
8310799532287,1,14.9,5.96,14.9,D10,D5,Direct / Organic,Accessories,SG,False,2025-09,2025,False,False,False
8325399904511,1,14.9,5.96,14.9,D10,D5,Paid Social,Accessories,SG,False,2025-09,2025,False,False,False
8337863606527,1,14.9,5.96,14.9,D10,D5,Direct / Organic,Accessories,SG,False,2025-09,2025,False,False,False
8340030521599,1,14.9,5.96,14.9,D10,D5,Direct / Organic,Accessories,SG,False,2025-09,2025,False,False,False
8384374505727,1,14.9,5.96,14.9,D10,D5,Direct / Organic,Accessories,SG,False,2025-10,2025,False,False,False
8474628718847,1,14.9,5.96,14.9,D10,D5,Direct / Organic,Accessories,SG,False,2025-10,2025,False,False,False
8721480614143,1,14.9,5.96,14.9,D10,D4,Direct / Organic,Accessories,SG,False,2026-02,2026,False,False,False
8160775373055,1,14.8,5.92,14.8,D10,D5,Direct / Organic,Unknown,SG,False,2025-06,2025,False,False,False
8164897816831,1,14.8,5.92,14.8,D10,D5,Direct / Organic,Unknown,SG,False,2025-06,2025,False,False,False
7964424962303,1,14.7,5.88,14.7,D10,D6,Direct / Organic,Lean Protein,SG,False,2025-04,2025,False,False,False
8111457501439,1,14.6,5.84,14.6,D10,D6,Direct / Organic,Accessories,SG,False,2025-06,2025,False,False,False
6327661527295,1,14.5,5.8,14.5,D10,D10,Subscription,Unknown,SG,False,2022-08,2022,False,False,False
7947783307519,2,14.35,5.74,7.18,D10,D2,Paid Social,Unknown,SG,False,2025-04,2025,False,False,False
8848895017215,1,13.73,5.49,13.73,D10,D4,Direct / Organic,Accessories,SG,False,2026-03,2026,False,False,False
8078001438975,1,13.57,5.43,13.57,D10,D6,Affiliate,Lean Protein,SG,False,2025-05,2025,False,False,False
6327706059007,2,13.5,5.4,6.75,D10,D3,Subscription,Unknown,SG,False,2022-01,2022,False,False,False
6423240114431,1,13.45,5.38,13.45,D10,D10,Subscription,Unknown,SG,False,2022-06,2022,False,False,False
6423240212735,1,13.45,5.38,13.45,D10,D10,Subscription,Unknown,SG,False,2022-06,2022,False,False,False
7869216030975,1,13.41,5.36,13.41,D10,D7,Direct / Organic,Accessories,SG,False,2025-08,2025,False,False,False
8310615638271,1,13.41,5.36,13.41,D10,D5,Direct / Organic,Accessories,SG,False,2025-09,2025,False,False,False
8249718702335,1,12.67,5.07,12.67,D10,D5,Direct / Organic,Accessories,SG,False,2025-08,2025,False,False,False
8868306649343,1,12.65,5.06,12.65,D10,D4,Direct / Organic,Clear Protein,SG,False,2026-03,2026,False,False,False
8800279101695,1,12.63,5.05,12.63,D10,D4,Direct / Organic,Lean Protein,SG,False,2026-02,2026,False,False,False
7956289716479,1,12.4,4.96,12.4,D10,D6,Direct / Organic,Lean Protein,SG,False,2025-04,2025,False,False,False
8089858441471,1,12.4,4.96,12.4,D10,D6,Direct / Organic,Lean Protein,SG,False,2025-05,2025,False,False,False
8815621275903,1,12.34,4.94,12.34,D10,D4,Direct / Organic,Clear Protein,SG,False,2026-03,2026,False,False,False
8657495490815,1,12.31,4.92,12.31,D10,D4,Paid Social,Accessories,SG,False,2025-12,2025,False,False,False
7756034212095,1,12.3,4.92,12.3,D10,D8,Direct / Organic,Unknown,MY,False,2022-05,2022,False,False,False
7756034638079,1,12.3,4.92,12.3,D10,D8,Direct / Organic,Unknown,MY,False,2022-05,2022,False,False,False
7756039356671,1,12.3,4.92,12.3,D10,D8,Direct / Organic,Unknown,MY,False,2022-03,2022,False,False,False
8364507791615,1,11.95,4.78,11.95,D10,D5,Direct / Organic,Accessories,SG,False,2025-10,2025,False,False,False
8352688177407,1,11.94,4.78,11.94,D10,D5,Direct / Organic,Accessories,SG,False,2025-09,2025,False,False,False
8308721484031,1,11.9,4.76,11.9,D10,D5,Direct / Organic,Accessories,SG,False,2025-09,2025,False,False,False
8211697926399,1,11.88,4.75,11.88,D10,D5,Paid Social,Accessories,SG,False,2025-08,2025,False,False,False
8330979180799,1,11.87,4.75,11.87,D10,D5,Direct / Organic,Accessories,SG,False,2025-09,2025,False,False,False
8240841982207,1,11.86,4.74,11.86,D10,D5,Direct / Organic,Accessories,SG,False,2025-08,2025,False,False,False
8286290379007,1,11.84,4.74,11.84,D10,D5,Direct / Organic,Accessories,SG,False,2025-08,2025,False,False,False
7875579904255,1,11.8,4.72,11.8,D10,D7,Direct / Organic,Accessories,SG,False,2025-02,2025,False,False,False
8083228492031,1,11.8,4.72,11.8,D10,D6,Direct / Organic,Accessories,SG,False,2025-06,2025,False,False,False
7756325323007,1,11.79,4.72,11.79,D10,D8,Direct / Organic,Accessories,MY,False,2024-06,2024,False,False,False
8162851520767,1,11.75,4.7,11.75,D10,D5,Direct / Organic,Accessories,SG,False,2025-06,2025,False,False,False
8236354601215,1,11.75,4.7,11.75,D10,D5,Direct / Organic,Accessories,SG,False,2025-08,2025,False,False,False
7756042207487,1,11.52,4.61,11.52,D10,D8,Direct / Organic,Unknown,MY,False,2022-02,2022,False,False,False
7756042469631,2,11.52,4.61,5.76,D10,D3,Direct / Organic,Unknown,MY,False,2022-02,2022,False,False,False
7756042600703,2,11.52,4.61,5.76,D10,D3,Direct / Organic,Unknown,MY,False,2022-02,2022,False,False,False
7756042764543,1,11.52,4.61,11.52,D10,D8,Direct / Organic,Unknown,MY,False,2022-02,2022,False,False,False
7756046205183,2,11.52,4.61,5.76,D10,D3,Direct / Organic,Unknown,MY,False,2022-01,2022,False,False,False
7949365117183,1,11.38,4.55,11.38,D10,D6,Paid Social,Unknown,SG,False,2025-04,2025,False,False,False
8291685826815,1,11.28,4.51,11.28,D10,D5,Direct / Organic,Accessories,SG,False,2025-08,2025,False,False,False
8298738483455,1,11.14,4.46,11.14,D10,D5,Direct / Organic,Lean Protein,SG,False,2025-09,2025,False,False,False
7756043944191,1,11.09,4.44,11.09,D10,D8,Direct / Organic,Unknown,MY,False,2022-02,2022,False,False,False
7756046795007,1,11.09,4.44,11.09,D10,D8,Direct / Organic,Unknown,MY,False,2022-01,2022,False,False,False
8093275193599,2,10.8,4.32,5.4,D10,D2,Direct / Organic,Lean Protein,SG,False,2025-05,2025,False,False,False
8108928467199,1,10.8,4.32,10.8,D10,D6,Direct / Organic,Lean Protein,SG,False,2025-06,2025,False,False,False
7756448170239,1,10.06,4.02,10.06,D10,D7,Direct / Organic,Accessories,SG,False,2025-08,2025,False,False,False
6327521149183,1,9.9,3.96,9.9,D10,D10,Subscription,Unknown,SG,False,2022-02,2022,False,False,False
6327547461887,1,9.9,3.96,9.9,D10,D10,Subscription,Unknown,SG,False,2022-01,2022,False,False,False
6327635149055,1,9.9,3.96,9.9,D10,D10,Subscription,Unknown,SG,False,2022-02,2022,False,False,False
6327638130943,1,9.9,3.96,9.9,D10,D10,Subscription,Unknown,SG,False,2022-01,2022,False,False,False
6327775232255,1,9.9,3.96,9.9,D10,D10,Subscription,Unknown,SG,False,2022-02,2022,False,False,False
6328269734143,1,9.9,3.96,9.9,D10,D10,Subscription,Unknown,SG,False,2022-02,2022,False,False,False
6328296833279,1,9.9,3.96,9.9,D10,D10,Subscription,Unknown,SG,False,2022-02,2022,False,False,False
6329615220991,1,9.9,3.96,9.9,D10,D10,Direct / Organic,Unknown,SG,False,2025-04,2025,False,False,False
6329623871743,1,9.9,3.96,9.9,D10,D10,Subscription,Unknown,SG,False,2022-02,2022,False,False,False
6329863831807,1,9.9,3.96,9.9,D10,D10,Subscription,Unknown,SG,False,2022-02,2022,False,False,False
6329871991039,1,9.9,3.96,9.9,D10,D10,Subscription,Unknown,SG,False,2022-01,2022,False,False,False
6329874088191,1,9.9,3.96,9.9,D10,D10,Subscription,Unknown,SG,False,2022-01,2021,False,False,False
6336636748031,1,9.9,3.96,9.9,D10,D10,Subscription,Unknown,SG,False,2022-01,2022,False,False,False
6336667287807,1,9.9,3.96,9.9,D10,D10,Subscription,Unknown,SG,False,2022-02,2022,False,False,False
6336677970175,1,9.9,3.96,9.9,D10,D10,Subscription,Unknown,SG,False,2022-01,2022,False,False,False
6336681378047,1,9.9,3.96,9.9,D10,D10,Subscription,Unknown,SG,False,2022-02,2022,False,False,False
6336684916991,1,9.9,3.96,9.9,D10,D10,Paid Social,Accessories,SG,False,2025-05,2025,False,False,False
6336760840447,1,9.9,3.96,9.9,D10,D10,Subscription,Unknown,SG,False,2022-02,2022,False,False,False
6423601152255,1,9.9,3.96,9.9,D10,D10,Subscription,Unknown,SG,False,2022-02,2022,False,False,False
6423601217791,1,9.9,3.96,9.9,D10,D10,Subscription,Unknown,SG,False,2022-02,2022,False,False,False
6423601381631,1,9.9,3.96,9.9,D10,D10,Subscription,Unknown,SG,False,2022-02,2022,False,False,False
6423601479935,1,9.9,3.96,9.9,D10,D10,Subscription,Unknown,SG,False,2022-02,2022,False,False,False
6423602036991,1,9.9,3.96,9.9,D10,D10,Subscription,Unknown,SG,False,2022-02,2022,False,False,False
6423602200831,1,9.9,3.96,9.9,D10,D10,Subscription,Unknown,SG,False,2022-02,2022,False,False,False
6423602790655,1,9.9,3.96,9.9,D10,D10,Subscription,Unknown,SG,False,2022-02,2022,False,False,False
6423603839231,1,9.9,3.96,9.9,D10,D10,Subscription,Unknown,SG,False,2022-02,2022,False,False,False
6423604101375,1,9.9,3.96,9.9,D10,D10,Subscription,Unknown,SG,False,2022-02,2022,False,False,False
6423604134143,1,9.9,3.96,9.9,D10,D10,Subscription,Unknown,SG,False,2022-02,2022,False,False,False
6423604232447,1,9.9,3.96,9.9,D10,D10,Subscription,Unknown,SG,False,2022-02,2022,False,False,False
6423604265215,1,9.9,3.96,9.9,D10,D10,Subscription,Unknown,SG,False,2022-02,2022,False,False,False
6423604592895,1,9.9,3.96,9.9,D10,D10,Subscription,Unknown,SG,False,2022-02,2022,False,False,False
6423604789503,1,9.9,3.96,9.9,D10,D10,Subscription,Unknown,SG,False,2022-02,2022,False,False,False
6423604986111,1,9.9,3.96,9.9,D10,D10,Subscription,Unknown,SG,False,2022-02,2022,False,False,False
6423605051647,1,9.9,3.96,9.9,D10,D10,Subscription,Unknown,SG,False,2022-02,2022,False,False,False
6423607279871,1,9.9,3.96,9.9,D10,D10,Subscription,Unknown,SG,False,2022-01,2022,False,False,False
6423608131839,1,9.9,3.96,9.9,D10,D10,Subscription,Unknown,SG,False,2022-01,2022,False,False,False
6423608426751,1,9.9,3.96,9.9,D10,D10,Subscription,Unknown,SG,False,2022-01,2022,False,False,False
6423609934079,1,9.9,3.96,9.9,D10,D10,Subscription,Unknown,SG,False,2022-01,2022,False,False,False
6423610065151,1,9.9,3.96,9.9,D10,D10,Subscription,Unknown,SG,False,2022-01,2022,False,False,False
6423610261759,1,9.9,3.96,9.9,D10,D10,Subscription,Unknown,SG,False,2022-01,2022,False,False,False
6423611474175,1,9.9,3.96,9.9,D10,D10,Subscription,Unknown,SG,False,2022-01,2022,False,False,False
6423611670783,1,9.9,3.96,9.9,D10,D10,Subscription,Unknown,SG,False,2022-01,2022,False,False,False
6423611965695,1,9.9,3.96,9.9,D10,D10,Subscription,Unknown,SG,False,2022-01,2022,False,False,False
6423612358911,1,9.9,3.96,9.9,D10,D10,Subscription,Unknown,SG,False,2022-01,2022,False,False,False
6423612588287,1,9.9,3.96,9.9,D10,D10,Subscription,Unknown,SG,False,2022-01,2022,False,False,False
6423612752127,1,9.9,3.96,9.9,D10,D10,Subscription,Unknown,SG,False,2022-01,2022,False,False,False
6423613702399,1,9.9,3.96,9.9,D10,D10,Subscription,Unknown,SG,False,2022-01,2022,False,False,False
6423613964543,1,9.9,3.96,9.9,D10,D10,Subscription,Unknown,SG,False,2022-01,2021,False,False,False
6423614030079,1,9.9,3.96,9.9,D10,D10,Subscription,Unknown,SG,False,2022-01,2021,False,False,False
6423614128383,1,9.9,3.96,9.9,D10,D10,Subscription,Unknown,SG,False,2022-01,2021,False,False,False
7127991779583,1,9.9,3.96,9.9,D10,D9,Paid Social,Unknown,SG,False,2025-04,2025,False,False,False
7694044201215,1,9.9,3.96,9.9,D10,D9,Paid Social,Unknown,SG,False,2025-04,2025,False,False,False
7944523645183,1,9.9,3.96,9.9,D10,D7,Direct / Organic,Accessories,SG,False,2025-05,2025,False,False,False
7944993079551,1,9.9,3.96,9.9,D10,D7,Paid Social,Unknown,SG,False,2025-04,2025,False,False,False
7947239391487,1,9.9,3.96,9.9,D10,D6,Paid Social,Unknown,SG,False,2025-04,2025,False,False,False
7947243618559,1,9.9,3.96,9.9,D10,D6,Paid Social,Unknown,SG,False,2025-04,2025,False,False,False
7947423645951,1,9.9,3.96,9.9,D10,D6,Paid Social,Unknown,SG,False,2025-04,2025,False,False,False
7947792810239,1,9.9,3.96,9.9,D10,D6,Paid Social,Unknown,SG,False,2025-04,2025,False,False,False
7947850252543,1,9.9,3.96,9.9,D10,D6,Paid Social,Unknown,SG,False,2025-04,2025,False,False,False
7947985584383,1,9.9,3.96,9.9,D10,D6,Direct / Organic,Unknown,SG,False,2025-04,2025,False,False,False
7948420382975,1,9.9,3.96,9.9,D10,D6,Paid Social,Unknown,SG,False,2025-04,2025,False,False,False
7949065060607,1,9.9,3.96,9.9,D10,D6,Paid Social,Unknown,SG,False,2025-04,2025,False,False,False
7953853120767,1,9.9,3.96,9.9,D10,D6,Paid Social,Unknown,SG,False,2025-04,2025,False,False,False
7953984815359,1,9.9,3.96,9.9,D10,D6,Direct / Organic,Unknown,SG,False,2025-04,2025,False,False,False
7953987862783,1,9.9,3.96,9.9,D10,D6,Direct / Organic,Unknown,SG,False,2025-04,2025,False,False,False
7954748440831,1,9.9,3.96,9.9,D10,D6,Paid Social,Unknown,SG,False,2025-04,2025,False,False,False
7955123634431,1,9.9,3.96,9.9,D10,D6,Paid Social,Unknown,SG,False,2025-04,2025,False,False,False
7956543766783,1,9.9,3.96,9.9,D10,D6,Paid Social,Unknown,SG,False,2025-04,2025,False,False,False
7956611399935,1,9.9,3.96,9.9,D10,D6,Paid Social,Unknown,SG,False,2025-04,2025,False,False,False
7957658271999,1,9.9,3.96,9.9,D10,D6,Paid Social,Unknown,SG,False,2025-04,2025,False,False,False
7957910520063,1,9.9,3.96,9.9,D10,D6,Direct / Organic,Unknown,SG,False,2025-04,2025,False,False,False
7958863151359,1,9.9,3.96,9.9,D10,D6,Paid Social,Unknown,SG,False,2025-04,2025,False,False,False
7958938517759,1,9.9,3.96,9.9,D10,D6,Paid Social,Unknown,SG,False,2025-04,2025,False,False,False
7960663032063,1,9.9,3.96,9.9,D10,D6,Direct / Organic,Unknown,SG,False,2025-04,2025,False,False,False
7960702255359,1,9.9,3.96,9.9,D10,D6,Direct / Organic,Unknown,SG,False,2025-04,2025,False,False,False
7960884084991,1,9.9,3.96,9.9,D10,D6,Paid Social,Unknown,SG,False,2025-04,2025,False,False,False
7960931926271,1,9.9,3.96,9.9,D10,D6,Paid Social,Unknown,SG,False,2025-04,2025,False,False,False
7961317933311,1,9.9,3.96,9.9,D10,D6,Paid Social,Unknown,SG,False,2025-04,2025,False,False,False
7963011383551,1,9.9,3.96,9.9,D10,D6,Paid Social,Unknown,SG,False,2025-04,2025,False,False,False
7963058274559,1,9.9,3.96,9.9,D10,D6,Direct / Organic,Unknown,SG,False,2025-04,2025,False,False,False
7963208450303,1,9.9,3.96,9.9,D10,D6,Paid Social,Unknown,SG,False,2025-04,2025,False,False,False
7964860383487,1,9.9,3.96,9.9,D10,D6,Paid Social,Unknown,SG,False,2025-04,2025,False,False,False
7966279008511,1,9.9,3.96,9.9,D10,D6,Direct / Organic,Unknown,SG,False,2025-04,2025,False,False,False
7967101387007,1,9.9,3.96,9.9,D10,D6,Paid Social,Unknown,SG,False,2025-04,2025,False,False,False
7969128972543,1,9.9,3.96,9.9,D10,D6,Paid Social,Unknown,SG,False,2025-04,2025,False,False,False
7969943060735,1,9.9,3.96,9.9,D10,D6,Paid Social,Unknown,SG,False,2025-04,2025,False,False,False
7970179580159,1,9.9,3.96,9.9,D10,D6,Paid Social,Accessories,SG,False,2025-05,2025,False,False,False
7971528638719,1,9.9,3.96,9.9,D10,D6,Direct / Organic,Unknown,SG,False,2025-04,2025,False,False,False
7971586015487,1,9.9,3.96,9.9,D10,D6,Paid Social,Unknown,SG,False,2025-04,2025,False,False,False
7976802779391,1,9.9,3.96,9.9,D10,D6,Paid Social,Unknown,SG,False,2025-04,2025,False,False,False
7977191375103,1,9.9,3.96,9.9,D10,D6,Direct / Organic,Unknown,SG,False,2025-04,2025,False,False,False
7978194665727,1,9.9,3.96,9.9,D10,D6,Paid Social,Unknown,SG,False,2025-04,2025,False,False,False
7979969282303,1,9.9,3.96,9.9,D10,D6,Paid Social,Unknown,SG,False,2025-04,2025,False,False,False
7980154650879,1,9.9,3.96,9.9,D10,D6,Paid Social,Unknown,SG,False,2025-04,2025,False,False,False
7981276627199,1,9.9,3.96,9.9,D10,D6,Paid Social,Unknown,SG,False,2025-04,2025,False,False,False
7981445284095,1,9.9,3.96,9.9,D10,D6,Paid Social,Unknown,SG,False,2025-04,2025,False,False,False
7981721747711,1,9.9,3.96,9.9,D10,D6,Direct / Organic,Unknown,SG,False,2025-04,2025,False,False,False
7986218402047,1,9.9,3.96,9.9,D10,D6,Paid Social,Unknown,SG,False,2025-04,2025,False,False,False
7986317426943,1,9.9,3.96,9.9,D10,D6,Direct / Organic,Unknown,SG,False,2025-04,2025,False,False,False
7988104200447,1,9.9,3.96,9.9,D10,D6,Paid Social,Unknown,SG,False,2025-04,2025,False,False,False
7991643373823,1,9.9,3.96,9.9,D10,D6,Paid Social,Unknown,SG,False,2025-05,2025,False,False,False
7993809535231,1,9.9,3.96,9.9,D10,D6,Paid Social,Unknown,SG,False,2025-05,2025,False,False,False
7994766262527,1,9.9,3.96,9.9,D10,D6,Paid Social,Unknown,SG,False,2025-05,2025,False,False,False
8007184122111,1,9.9,3.96,9.9,D10,D6,Direct / Organic,Accessories,SG,False,2025-05,2025,False,False,False
8008304951551,1,9.9,3.96,9.9,D10,D6,Paid Social,Accessories,SG,False,2025-05,2025,False,False,False
8008515059967,1,9.9,3.96,9.9,D10,D6,Paid Social,Accessories,SG,False,2025-05,2025,False,False,False
8013774881023,1,9.9,3.96,9.9,D10,D6,Direct / Organic,Accessories,SG,False,2025-05,2025,False,False,False
8015096807679,1,9.9,3.96,9.9,D10,D6,Paid Social,Accessories,SG,False,2025-05,2025,False,False,False
8017390960895,1,9.9,3.96,9.9,D10,D6,Direct / Organic,Accessories,SG,False,2025-05,2025,False,False,False
8028452782335,1,9.9,3.96,9.9,D10,D6,Paid Social,Accessories,SG,False,2025-05,2025,False,False,False
8033804583167,1,9.9,3.96,9.9,D10,D6,Paid Social,Accessories,SG,False,2025-05,2025,False,False,False
8035329016063,1,9.9,3.96,9.9,D10,D6,Direct / Organic,Accessories,SG,False,2025-05,2025,False,False,False
8035369779455,1,9.9,3.96,9.9,D10,D6,Paid Social,Accessories,SG,False,2025-05,2025,False,False,False
8036106404095,1,9.9,3.96,9.9,D10,D6,Paid Social,Accessories,SG,False,2025-05,2025,False,False,False
8038275481855,1,9.9,3.96,9.9,D10,D6,Direct / Organic,Accessories,SG,False,2025-05,2025,False,False,False
8044753846527,1,9.9,3.96,9.9,D10,D6,Direct / Organic,Accessories,SG,False,2025-05,2025,False,False,False
8059895546111,1,9.9,3.96,9.9,D10,D6,Paid Social,Accessories,SG,False,2025-05,2025,False,False,False
8060349612287,1,9.9,3.96,9.9,D10,D6,Paid Social,Accessories,SG,False,2025-05,2025,False,False,False
8060442607871,1,9.9,3.96,9.9,D10,D6,Paid Social,Accessories,SG,False,2025-05,2025,False,False,False
8061688185087,1,9.9,3.96,9.9,D10,D6,Direct / Organic,Accessories,SG,False,2025-05,2025,False,False,False
8062138417407,1,9.9,3.96,9.9,D10,D6,Direct / Organic,Accessories,SG,False,2025-05,2025,False,False,False
8062293704959,1,9.9,3.96,9.9,D10,D6,Paid Social,Accessories,SG,False,2025-05,2025,False,False,False
8075827020031,1,9.9,3.96,9.9,D10,D6,Paid Social,Accessories,SG,False,2025-05,2025,False,False,False
8076994806015,1,9.9,3.96,9.9,D10,D6,Direct / Organic,Accessories,SG,False,2025-05,2025,False,False,False
8077209796863,1,9.9,3.96,9.9,D10,D6,Paid Social,Accessories,SG,False,2025-05,2025,False,False,False
8077735428351,1,9.9,3.96,9.9,D10,D6,Paid Social,Accessories,SG,False,2025-05,2025,False,False,False
8079725232383,1,9.9,3.96,9.9,D10,D6,Direct / Organic,Accessories,SG,False,2025-05,2025,False,False,False
8081417273599,1,9.9,3.96,9.9,D10,D6,Direct / Organic,Accessories,SG,False,2025-05,2025,False,False,False
8082145935615,1,9.9,3.96,9.9,D10,D6,Paid Social,Accessories,SG,False,2025-05,2025,False,False,False
8082524045567,1,9.9,3.96,9.9,D10,D6,Direct / Organic,Accessories,SG,False,2025-05,2025,False,False,False
8085072314623,1,9.9,3.96,9.9,D10,D6,Paid Social,Accessories,SG,False,2025-05,2025,False,False,False
8086454305023,1,9.9,3.96,9.9,D10,D6,Paid Social,Accessories,SG,False,2025-05,2025,False,False,False
8086722543871,1,9.9,3.96,9.9,D10,D6,Paid Social,Accessories,SG,False,2025-05,2025,False,False,False
8089827574015,1,9.9,3.96,9.9,D10,D6,Direct / Organic,Accessories,SG,False,2025-05,2025,False,False,False
8090247790847,1,9.9,3.96,9.9,D10,D6,Direct / Organic,Accessories,SG,False,2025-05,2025,False,False,False
8091200127231,1,9.9,3.96,9.9,D10,D6,Paid Social,Accessories,SG,False,2025-05,2025,False,False,False
8091952742655,1,9.9,3.96,9.9,D10,D6,Direct / Organic,Accessories,SG,False,2025-05,2025,False,False,False
8092348940543,1,9.9,3.96,9.9,D10,D6,Paid Social,Accessories,SG,False,2025-05,2025,False,False,False
8098376089855,1,9.9,3.96,9.9,D10,D6,Direct / Organic,Accessories,SG,False,2025-06,2025,False,False,False
8098559328511,1,9.9,3.96,9.9,D10,D6,Direct / Organic,Accessories,SG,False,2025-06,2025,False,False,False
8099252928767,1,9.9,3.96,9.9,D10,D6,Direct / Organic,Accessories,SG,False,2025-06,2025,False,False,False
8099338027263,1,9.9,3.96,9.9,D10,D6,Paid Social,Accessories,SG,False,2025-06,2025,False,False,False
8099604300031,1,9.9,3.96,9.9,D10,D6,Paid Social,Accessories,SG,False,2025-06,2025,False,False,False
8099785801983,1,9.9,3.96,9.9,D10,D6,Direct / Organic,Accessories,SG,False,2025-06,2025,False,False,False
8101295620351,1,9.9,3.96,9.9,D10,D6,Direct / Organic,Accessories,SG,False,2025-06,2025,False,False,False
8101696995583,1,9.9,3.96,9.9,D10,D6,Direct / Organic,Accessories,SG,False,2025-06,2025,False,False,False
8106201874687,1,9.9,3.96,9.9,D10,D6,Direct / Organic,Accessories,SG,False,2025-06,2025,False,False,False
8106785079551,1,9.9,3.96,9.9,D10,D6,Direct / Organic,Accessories,SG,False,2025-06,2025,False,False,False
8107064525055,1,9.9,3.96,9.9,D10,D6,Direct / Organic,Accessories,SG,False,2025-06,2025,False,False,False
7957573435647,1,9.8,3.92,9.8,D10,D6,Direct / Organic,Lean Protein,SG,False,2025-04,2025,False,False,False
7978157310207,1,9.8,3.92,9.8,D10,D6,Direct / Organic,Lean Protein,SG,False,2025-04,2025,False,False,False
7980815548671,1,9.8,3.92,9.8,D10,D6,Direct / Organic,Lean Protein,SG,False,2025-04,2025,False,False,False
8014995226879,1,9.8,3.92,9.8,D10,D6,Direct / Organic,Lean Protein,SG,False,2025-05,2025,False,False,False
8477979836671,1,9.2,3.68,9.2,D10,D5,Direct / Organic,Accessories,SG,False,2025-10,2025,False,False,False
8373738406143,1,9.18,3.67,9.18,D10,D5,Direct / Organic,Clear Protein,SG,False,2025-10,2025,False,False,False
8251368603903,1,9.1,3.64,9.1,D10,D5,Direct / Organic,Accessories,SG,False,2025-09,2025,False,False,False
7756157026559,1,9.06,3.62,9.06,D10,D8,Direct / Organic,Accessories,MY,False,2024-04,2024,False,False,False
8140492046591,1,9.05,3.62,9.05,D10,D6,Direct / Organic,Accessories,SG,False,2025-06,2025,False,False,False
8147352027391,1,9.05,3.62,9.05,D10,D6,Paid Social,Accessories,SG,False,2025-06,2025,False,False,False
7756437717247,1,9.04,3.62,9.04,D10,D7,Paid Social,Clear Protein,SG,False,2025-06,2025,False,False,False
8251513569535,1,9.04,3.62,9.04,D10,D5,Direct / Organic,Clear Protein,SG,False,2025-08,2025,False,False,False
8134042910975,1,9.0,3.6,9.0,D10,D6,Direct / Organic,Clear Protein,SG,False,2025-06,2025,False,False,False
7949364068607,1,8.91,3.56,8.91,D10,D6,Direct / Organic,Unknown,SG,False,2025-04,2025,False,False,False
8062496899327,1,8.91,3.56,8.91,D10,D6,Direct / Organic,Accessories,SG,False,2025-05,2025,False,False,False
8073981886719,1,8.91,3.56,8.91,D10,D6,Direct / Organic,Accessories,SG,False,2025-05,2025,False,False,False
8079793520895,1,8.91,3.56,8.91,D10,D6,Direct / Organic,Accessories,SG,False,2025-05,2025,False,False,False
7905979990271,1,8.88,3.55,8.88,D10,D7,Paid Social,Lean Protein,SG,False,2025-03,2025,False,False,False
8017510826239,1,8.86,3.54,8.86,D10,D6,Paid Social,Accessories,SG,False,2025-05,2025,False,False,False
8081163682047,1,8.85,3.54,8.85,D10,D6,Paid Social,Accessories,SG,False,2025-05,2025,False,False,False
8081245405439,1,8.85,3.54,8.85,D10,D6,Direct / Organic,Accessories,SG,False,2025-05,2025,False,False,False
8009441018111,1,8.84,3.54,8.84,D10,D6,Direct / Organic,Accessories,SG,False,2025-05,2025,False,False,False
8001316258047,1,8.83,3.53,8.83,D10,D6,Paid Social,Unknown,SG,False,2025-05,2025,False,False,False
8013910507775,1,8.83,3.53,8.83,D10,D6,Paid Social,Accessories,SG,False,2025-05,2025,False,False,False
8017677648127,1,8.83,3.53,8.83,D10,D6,Paid Social,Accessories,SG,False,2025-05,2025,False,False,False
8025648005375,1,8.83,3.53,8.83,D10,D6,Direct / Organic,Accessories,SG,False,2025-05,2025,False,False,False
8080121921791,1,8.83,3.53,8.83,D10,D6,Paid Social,Accessories,SG,False,2025-05,2025,False,False,False
7756478316799,1,8.81,3.52,8.81,D10,D7,Paid Social,Accessories,SG,False,2025-05,2025,False,False,False
8052244119807,1,8.81,3.52,8.81,D10,D6,Paid Social,Accessories,SG,False,2025-05,2025,False,False,False
8066563244287,1,8.81,3.52,8.81,D10,D6,Direct / Organic,Accessories,SG,False,2025-05,2025,False,False,False
8077599473919,1,8.81,3.52,8.81,D10,D6,Direct / Organic,Accessories,SG,False,2025-05,2025,False,False,False
8082922176767,1,8.81,3.52,8.81,D10,D6,Paid Social,Accessories,SG,False,2025-05,2025,False,False,False
8096271827199,1,8.81,3.52,8.81,D10,D6,Paid Social,Accessories,SG,False,2025-06,2025,False,False,False
8096681820415,1,8.81,3.52,8.81,D10,D6,Direct / Organic,Accessories,SG,False,2025-06,2025,False,False,False
8091621916927,1,8.8,3.52,8.8,D10,D6,Paid Social,Accessories,SG,False,2025-06,2025,False,False,False
8096862929151,1,8.8,3.52,8.8,D10,D6,Direct / Organic,Accessories,SG,False,2025-06,2025,False,False,False
7974247530751,1,8.79,3.52,8.79,D10,D6,Direct / Organic,Unknown,SG,False,2025-05,2025,False,False,False
7986042929407,1,8.79,3.52,8.79,D10,D6,Paid Social,Unknown,SG,False,2025-04,2025,False,False,False
7987021545727,1,8.79,3.52,8.79,D10,D6,Paid Social,Unknown,SG,False,2025-04,2025,False,False,False
7994403029247,1,8.79,3.52,8.79,D10,D6,Paid Social,Unknown,SG,False,2025-05,2025,False,False,False
8025703809279,1,8.79,3.52,8.79,D10,D6,Paid Social,Accessories,SG,False,2025-05,2025,False,False,False
8026601783551,1,8.79,3.52,8.79,D10,D6,Paid Social,Accessories,SG,False,2025-05,2025,False,False,False
7755961499903,1,8.79,3.52,8.79,D10,D9,Direct / Organic,Unknown,MY,False,2022-04,2022,False,False,False
7756043649279,1,8.79,3.52,8.79,D10,D8,Direct / Organic,Unknown,MY,False,2022-02,2022,False,False,False
7756043714815,1,8.79,3.52,8.79,D10,D8,Direct / Organic,Unknown,MY,False,2022-02,2022,False,False,False
7756043813119,1,8.79,3.52,8.79,D10,D8,Direct / Organic,Unknown,MY,False,2022-02,2022,False,False,False
7756043878655,1,8.79,3.52,8.79,D10,D8,Direct / Organic,Unknown,MY,False,2022-02,2022,False,False,False
7756043976959,1,8.79,3.52,8.79,D10,D8,Direct / Organic,Unknown,MY,False,2022-02,2022,False,False,False
7756044009727,1,8.79,3.52,8.79,D10,D8,Direct / Organic,Unknown,MY,False,2022-02,2022,False,False,False
7756044075263,1,8.79,3.52,8.79,D10,D8,Direct / Organic,Unknown,MY,False,2022-02,2022,False,False,False
7756468814079,1,8.78,3.51,8.78,D10,D7,Paid Social,Accessories,SG,False,2025-05,2025,False,False,False
7984326705407,1,8.78,3.51,8.78,D10,D6,Direct / Organic,Unknown,SG,False,2025-04,2025,False,False,False
7989422915839,1,8.78,3.51,8.78,D10,D6,Paid Social,Unknown,SG,False,2025-05,2025,False,False,False
8054260531455,1,8.78,3.51,8.78,D10,D6,Direct / Organic,Accessories,SG,False,2025-05,2025,False,False,False
8058275791103,1,8.78,3.51,8.78,D10,D6,Paid Social,Accessories,SG,False,2025-05,2025,False,False,False
8033668399359,1,8.76,3.5,8.76,D10,D6,Paid Social,Accessories,SG,False,2025-05,2025,False,False,False
8035219767551,1,8.76,3.5,8.76,D10,D6,Paid Social,Accessories,SG,False,2025-05,2025,False,False,False
8036005380351,1,8.76,3.5,8.76,D10,D6,Paid Social,Accessories,SG,False,2025-05,2025,False,False,False
8054987063551,1,8.76,3.5,8.76,D10,D6,Paid Social,Accessories,SG,False,2025-05,2025,False,False,False
8063554158847,1,8.76,3.5,8.76,D10,D6,Direct / Organic,Accessories,SG,False,2025-05,2025,False,False,False
8099512942847,1,8.76,3.5,8.76,D10,D6,Paid Social,Accessories,SG,False,2025-06,2025,False,False,False
7953635377407,1,8.75,3.5,8.75,D10,D6,Paid Social,Accessories,SG,False,2025-05,2025,False,False,False
8033865564415,1,8.75,3.5,8.75,D10,D6,Paid Social,Accessories,SG,False,2025-05,2025,False,False,False
8033941029119,1,8.75,3.5,8.75,D10,D6,Paid Social,Accessories,SG,False,2025-05,2025,False,False,False
8033941389567,1,8.75,3.5,8.75,D10,D6,Direct / Organic,Accessories,SG,False,2025-05,2025,False,False,False
8035869753599,1,8.75,3.5,8.75,D10,D6,Paid Social,Accessories,SG,False,2025-05,2025,False,False,False
8041640952063,1,8.75,3.5,8.75,D10,D6,Direct / Organic,Accessories,SG,False,2025-05,2025,False,False,False
8040205353215,1,8.74,3.5,8.74,D10,D6,Direct / Organic,Accessories,SG,False,2025-05,2025,False,False,False
8041565847807,1,8.74,3.5,8.74,D10,D6,Paid Social,Accessories,SG,False,2025-05,2025,False,False,False
8041576464639,1,8.74,3.5,8.74,D10,D6,Direct / Organic,Accessories,SG,False,2025-05,2025,False,False,False
7978250043647,1,8.72,3.49,8.72,D10,D6,Paid Social,Unknown,SG,False,2025-04,2025,False,False,False
7979875467519,1,8.72,3.49,8.72,D10,D6,Paid Social,Unknown,SG,False,2025-04,2025,False,False,False
7981294485759,1,8.72,3.49,8.72,D10,D6,Paid Social,Unknown,SG,False,2025-04,2025,False,False,False
7843931291903,1,8.7,3.48,8.7,D10,D7,Paid Social,Unknown,SG,False,2025-04,2025,False,False,False
7975543505151,1,8.7,3.48,8.7,D10,D6,Paid Social,Unknown,SG,False,2025-04,2025,False,False,False
7953771331839,1,8.69,3.48,8.69,D10,D6,Direct / Organic,Unknown,SG,False,2025-04,2025,False,False,False
7962148634879,1,8.66,3.46,8.66,D10,D6,Paid Social,Unknown,SG,False,2025-04,2025,False,False,False
7971282485503,1,8.66,3.46,8.66,D10,D6,Paid Social,Unknown,SG,False,2025-04,2025,False,False,False
7946981572863,1,8.65,3.46,8.65,D10,D6,Direct / Organic,Unknown,SG,False,2025-04,2025,False,False,False
7960906924287,1,8.65,3.46,8.65,D10,D6,Paid Social,Unknown,SG,False,2025-04,2025,False,False,False
7973855068415,1,8.65,3.46,8.65,D10,D6,Paid Social,Unknown,SG,False,2025-04,2025,False,False,False
7955217023231,1,8.64,3.46,8.64,D10,D6,Direct / Organic,Unknown,SG,False,2025-04,2025,False,False,False
7958669623551,1,8.64,3.46,8.64,D10,D6,Paid Social,Unknown,SG,False,2025-04,2025,False,False,False
7962873069823,1,8.64,3.46,8.64,D10,D6,Paid Social,Unknown,SG,False,2025-04,2025,False,False,False
7939081961727,1,8.63,3.45,8.63,D10,D7,Paid Social,Unknown,SG,False,2025-04,2025,False,False,False
7959066575103,1,8.63,3.45,8.63,D10,D6,Paid Social,Unknown,SG,False,2025-04,2025,False,False,False
7962473169151,1,8.63,3.45,8.63,D10,D6,Paid Social,Unknown,SG,False,2025-04,2025,False,False,False
7962796523775,1,8.63,3.45,8.63,D10,D6,Paid Social,Unknown,SG,False,2025-04,2025,False,False,False
7831677305087,1,8.62,3.45,8.62,D10,D7,Paid Social,Unknown,SG,False,2025-04,2025,False,False,False
7756452692223,1,8.61,3.44,8.61,D10,D7,Paid Social,Unknown,SG,False,2025-04,2025,False,False,False
7967132156159,1,8.61,3.44,8.61,D10,D6,Paid Social,Unknown,SG,False,2025-04,2025,False,False,False
7967145787647,1,8.61,3.44,8.61,D10,D6,Paid Social,Unknown,SG,False,2025-04,2025,False,False,False
7967631802623,1,8.61,3.44,8.61,D10,D6,Paid Social,Unknown,SG,False,2025-04,2025,False,False,False
7968520470783,1,8.61,3.44,8.61,D10,D6,Paid Social,Unknown,SG,False,2025-04,2025,False,False,False
7356383363327,1,8.41,3.36,8.41,D10,D9,Direct / Organic,Unknown,SG,False,2025-04,2025,False,False,False
7955169247487,1,8.41,3.36,8.41,D10,D6,Paid Social,Accessories,SG,False,2025-05,2025,False,False,False
7976827355391,1,8.41,3.36,8.41,D10,D6,Paid Social,Unknown,SG,False,2025-04,2025,False,False,False
8062283251967,1,8.41,3.36,8.41,D10,D6,Paid Social,Accessories,SG,False,2025-05,2025,False,False,False
8099616981247,1,8.41,3.36,8.41,D10,D6,Direct / Organic,Accessories,SG,False,2025-06,2025,False,False,False
8226068988159,1,8.24,3.3,8.24,D10,D5,Email,Other,SG,False,2025-09,2025,False,False,False
8289088340223,1,8.24,3.3,8.24,D10,D5,Direct / Organic,Other,SG,False,2025-08,2025,False,False,False
8294948045055,1,8.24,3.3,8.24,D10,D5,Direct / Organic,Other,SG,False,2025-08,2025,False,False,False
8296332198143,1,8.23,3.29,8.23,D10,D5,Direct / Organic,Other,SG,False,2025-08,2025,False,False,False
8244467269887,1,8.21,3.28,8.21,D10,D5,Direct / Organic,Other,SG,False,2025-08,2025,False,False,False
8263964360959,1,8.21,3.28,8.21,D10,D5,Direct / Organic,Other,SG,False,2025-08,2025,False,False,False
8263988674815,1,8.21,3.28,8.21,D10,D5,Direct / Organic,Other,SG,False,2025-08,2025,False,False,False
8226071707903,1,8.2,3.28,8.2,D10,D5,Email,Other,SG,False,2025-08,2025,False,False,False
8244467532031,1,8.2,3.28,8.2,D10,D5,Email,Other,SG,False,2025-08,2025,False,False,False
8247810031871,1,8.2,3.28,8.2,D10,D5,Email,Other,SG,False,2025-08,2025,False,False,False
8258907996415,1,8.2,3.28,8.2,D10,D5,Direct / Organic,Other,SG,False,2025-08,2025,False,False,False
8260049305855,1,8.2,3.28,8.2,D10,D5,Email,Other,SG,False,2025-08,2025,False,False,False
8261334434047,1,8.2,3.28,8.2,D10,D5,Email,Other,SG,False,2025-08,2025,False,False,False
8263798915327,1,8.2,3.28,8.2,D10,D5,Direct / Organic,Other,SG,False,2025-08,2025,False,False,False
8284237594879,1,8.2,3.28,8.2,D10,D5,Direct / Organic,Other,SG,False,2025-08,2025,False,False,False
8253839147263,1,8.17,3.27,8.17,D10,D5,Email,Other,SG,False,2025-08,2025,False,False,False
8084578664703,1,7.91,3.16,7.91,D10,D6,Direct / Organic,Accessories,SG,False,2025-05,2025,False,False,False
8071174652159,1,7.9,3.16,7.9,D10,D6,Direct / Organic,Accessories,SG,False,2025-05,2025,False,False,False
7953742430463,1,7.78,3.11,7.78,D10,D6,Paid Social,Unknown,SG,False,2025-04,2025,False,False,False
7954731794687,1,7.77,3.11,7.77,D10,D6,Direct / Organic,Unknown,SG,False,2025-04,2025,False,False,False
7964162883839,1,7.77,3.11,7.77,D10,D6,Paid Social,Unknown,SG,False,2025-04,2025,False,False,False
7756419006719,1,7.7,3.08,7.7,D10,D7,Subscription,Accessories,MY,True,2024-04,2024,False,False,False
7969001079039,1,7.33,2.93,7.33,D10,D6,Direct / Organic,Unknown,SG,False,2025-04,2025,False,False,False
7756048138495,1,7.08,2.83,7.08,D10,D8,Direct / Organic,Unknown,MY,False,2022-01,2022,False,False,False
7756035457279,1,6.56,2.62,6.56,D10,D8,Direct / Organic,Unknown,MY,False,2022-05,2022,False,False,False
8242732761343,1,6.0,2.4,6.0,D10,D5,Direct / Organic,Other,SG,False,2025-08,2025,False,False,False
7518816469247,1,5.9,2.36,5.9,D10,D9,Direct / Organic,Clear Protein,SG,False,2025-05,2025,False,False,False
8028178481407,1,5.9,2.36,5.9,D10,D6,Paid Social,Clear Protein,SG,False,2025-05,2025,False,False,False
8079788310783,1,5.9,2.36,5.9,D10,D6,Direct / Organic,Clear Protein,SG,False,2025-05,2025,False,False,False
7756042043647,1,5.76,2.3,5.76,D10,D8,Direct / Organic,Unknown,MY,False,2022-02,2022,False,False,False
7756042338559,1,5.76,2.3,5.76,D10,D8,Direct / Organic,Unknown,MY,False,2022-02,2022,False,False,False
7756042436863,1,5.76,2.3,5.76,D10,D8,Direct / Organic,Unknown,MY,False,2022-02,2022,False,False,False
7756042535167,1,5.76,2.3,5.76,D10,D8,Direct / Organic,Unknown,MY,False,2022-02,2022,False,False,False
7756042567935,1,5.76,2.3,5.76,D10,D8,Direct / Organic,Unknown,MY,False,2022-02,2022,False,False,False
7756042666239,1,5.76,2.3,5.76,D10,D8,Direct / Organic,Unknown,MY,False,2022-02,2022,False,False,False
7756042699007,1,5.76,2.3,5.76,D10,D8,Direct / Organic,Unknown,MY,False,2022-02,2022,False,False,False
7756042830079,1,5.76,2.3,5.76,D10,D8,Direct / Organic,Unknown,MY,False,2022-02,2022,False,False,False
7756042862847,1,5.76,2.3,5.76,D10,D8,Direct / Organic,Unknown,MY,False,2022-02,2022,False,False,False
7756042961151,1,5.76,2.3,5.76,D10,D8,Direct / Organic,Unknown,MY,False,2022-02,2022,False,False,False
7756043026687,1,5.76,2.3,5.76,D10,D8,Direct / Organic,Unknown,MY,False,2022-02,2022,False,False,False
7756043157759,1,5.76,2.3,5.76,D10,D8,Direct / Organic,Unknown,MY,False,2022-02,2022,False,False,False
7756043354367,1,5.76,2.3,5.76,D10,D8,Direct / Organic,Unknown,MY,False,2022-02,2022,False,False,False
7756043419903,1,5.76,2.3,5.76,D10,D8,Direct / Organic,Unknown,MY,False,2022-02,2022,False,False,False
7756043452671,1,5.76,2.3,5.76,D10,D8,Direct / Organic,Unknown,MY,False,2022-02,2022,False,False,False
7756043485439,1,5.76,2.3,5.76,D10,D8,Direct / Organic,Unknown,MY,False,2022-02,2022,False,False,False
7756043550975,1,5.76,2.3,5.76,D10,D8,Direct / Organic,Unknown,MY,False,2022-02,2022,False,False,False
7756045844735,1,5.76,2.3,5.76,D10,D8,Direct / Organic,Unknown,MY,False,2022-01,2022,False,False,False
7756045910271,1,5.76,2.3,5.76,D10,D8,Direct / Organic,Unknown,MY,False,2022-01,2022,False,False,False
7756046074111,1,5.76,2.3,5.76,D10,D8,Direct / Organic,Unknown,MY,False,2022-01,2022,False,False,False
7756046401791,1,5.76,2.3,5.76,D10,D8,Direct / Organic,Unknown,MY,False,2022-01,2022,False,False,False
7756046598399,1,5.76,2.3,5.76,D10,D8,Direct / Organic,Unknown,MY,False,2022-01,2022,False,False,False
7756046893311,1,5.76,2.3,5.76,D10,D8,Direct / Organic,Unknown,MY,False,2022-01,2022,False,False,False
7756047122687,1,5.76,2.3,5.76,D10,D8,Direct / Organic,Unknown,MY,False,2022-01,2022,False,False,False
7756047155455,1,5.76,2.3,5.76,D10,D8,Direct / Organic,Unknown,MY,False,2022-01,2022,False,False,False
7756047286527,1,5.76,2.3,5.76,D10,D8,Direct / Organic,Unknown,MY,False,2022-01,2022,False,False,False
7756047548671,1,5.76,2.3,5.76,D10,D8,Direct / Organic,Unknown,MY,False,2022-01,2022,False,False,False
7756047581439,1,5.76,2.3,5.76,D10,D8,Direct / Organic,Unknown,MY,False,2022-01,2022,False,False,False
7756047614207,1,5.76,2.3,5.76,D10,D8,Direct / Organic,Unknown,MY,False,2022-01,2022,False,False,False
7756047646975,1,5.76,2.3,5.76,D10,D8,Direct / Organic,Unknown,MY,False,2022-01,2022,False,False,False
7756047679743,1,5.76,2.3,5.76,D10,D8,Direct / Organic,Unknown,MY,False,2022-01,2022,False,False,False
7756047745279,1,5.76,2.3,5.76,D10,D8,Direct / Organic,Unknown,MY,False,2022-01,2022,False,False,False
7756047778047,1,5.76,2.3,5.76,D10,D8,Direct / Organic,Unknown,MY,False,2022-01,2022,False,False,False
7756047909119,1,5.76,2.3,5.76,D10,D8,Direct / Organic,Unknown,MY,False,2022-01,2022,False,False,False
7756048072959,1,5.76,2.3,5.76,D10,D8,Direct / Organic,Unknown,MY,False,2022-01,2022,False,False,False
7756048171263,1,5.76,2.3,5.76,D10,D8,Direct / Organic,Unknown,MY,False,2022-01,2022,False,False,False
7756048466175,1,5.76,2.3,5.76,D10,D8,Direct / Organic,Unknown,MY,False,2022-01,2022,False,False,False
7756398231807,1,5.72,2.29,5.72,D10,D7,Direct / Organic,Unknown,SG,False,2025-04,2025,False,False,False
6532493574399,1,5.71,2.28,5.71,D10,D10,Paid Social,Unknown,SG,False,2025-04,2025,False,False,False
7947457921279,1,5.71,2.28,5.71,D10,D6,Paid Social,Unknown,SG,False,2025-04,2025,False,False,False
7948912394495,1,5.71,2.28,5.71,D10,D6,Paid Social,Unknown,SG,False,2025-04,2025,False,False,False
7949118767359,1,5.69,2.28,5.69,D10,D6,Paid Social,Unknown,SG,False,2025-04,2025,False,False,False
7949352468735,1,5.69,2.28,5.69,D10,D6,Direct / Organic,Unknown,SG,False,2025-04,2025,False,False,False
7953428513023,1,5.69,2.28,5.69,D10,D6,Paid Social,Unknown,SG,False,2025-04,2025,False,False,False
7953496867071,1,5.69,2.28,5.69,D10,D6,Paid Social,Unknown,SG,False,2025-04,2025,False,False,False
7953525604607,1,5.69,2.28,5.69,D10,D6,Direct / Organic,Unknown,SG,False,2025-04,2025,False,False,False
7756411764991,1,5.68,2.27,5.68,D10,D7,Paid Social,Unknown,SG,False,2025-04,2025,False,False,False
7949294174463,1,5.68,2.27,5.68,D10,D6,Email,Unknown,SG,False,2025-04,2025,False,False,False
7952972939519,1,5.65,2.26,5.65,D10,D6,Paid Social,Unknown,SG,False,2025-04,2025,False,False,False
6423595516159,1,5.35,2.14,5.35,D10,D10,Subscription,Unknown,SG,False,2022-04,2022,False,False,False
6423595286783,1,4.91,1.96,4.91,D10,D10,Subscription,Unknown,SG,False,2022-04,2022,False,False,False
6327551426815,1,4.9,1.96,4.9,D10,D10,Subscription,Unknown,SG,False,2022-04,2022,False,False,False
6327662870783,1,4.9,1.96,4.9,D10,D10,Subscription,Unknown,SG,False,2022-04,2022,False,False,False
6328294047999,1,4.9,1.96,4.9,D10,D10,Subscription,Unknown,SG,False,2022-04,2022,False,False,False
6423590797567,1,4.9,1.96,4.9,D10,D10,Subscription,Unknown,SG,False,2022-05,2022,False,False,False
6423595417855,1,4.9,1.96,4.9,D10,D10,Subscription,Unknown,SG,False,2022-04,2022,False,False,False
6423595450623,1,4.9,1.96,4.9,D10,D10,Subscription,Unknown,SG,False,2022-04,2022,False,False,False
7960494932223,1,4.9,1.96,4.9,D10,D6,Paid Social,Lean Protein,SG,False,2025-04,2025,False,False,False
7966805885183,1,4.9,1.96,4.9,D10,D6,Direct / Organic,Lean Protein,SG,False,2025-04,2025,False,False,False
7975535345919,1,4.9,1.96,4.9,D10,D6,Direct / Organic,Lean Protein,SG,False,2025-04,2025,False,False,False
8015538847999,1,4.9,1.96,4.9,D10,D6,Direct / Organic,Lean Protein,SG,False,2025-05,2025,False,False,False
8065487667455,1,4.9,1.96,4.9,D10,D6,Direct / Organic,Lean Protein,SG,False,2025-05,2025,False,False,False
8070474268927,1,4.9,1.96,4.9,D10,D6,Direct / Organic,Lean Protein,SG,False,2025-05,2025,False,False,False
8108609241343,1,4.9,1.96,4.9,D10,D6,Direct / Organic,Lean Protein,SG,False,2025-06,2025,False,False,False
8108840026367,1,4.9,1.96,4.9,D10,D6,Direct / Organic,Lean Protein,SG,False,2025-06,2025,False,False,False
7756039618815,1,4.83,1.93,4.83,D10,D8,Direct / Organic,Unknown,MY,False,2022-03,2022,False,False,False
8013711114495,1,4.41,1.76,4.41,D10,D6,Direct / Organic,Lean Protein,SG,False,2025-05,2025,False,False,False
8367200993535,1,3.95,1.58,3.95,D10,D5,Direct / Organic,Lean Protein,SG,False,2025-10,2025,False,False,False
7756037587199,1,2.73,1.09,2.73,D10,D8,Direct / Organic,Unknown,MY,False,2022-04,2022,False,False,False
7756015173887,1,33.45,13.38,33.45,D9,D8,Direct / Organic,Unknown,MY,False,2022-09,2022,False,False,False
7756036767999,1,33.33,13.33,33.33,D9,D8,Direct / Organic,Unknown,MY,False,2022-04,2022,False,False,False
6327723131135,1,33.31,13.32,33.31,D9,D10,Subscription,Unknown,SG,False,2022-05,2022,False,False,False
6328271077631,1,33.31,13.32,33.31,D9,D10,Subscription,Unknown,SG,False,2022-05,2022,False,False,False
7756486344959,1,33.3,13.32,33.3,D9,D7,Direct / Organic,Other,MY,False,2024-12,2024,False,False,False
7756469076223,1,33.2,13.28,33.2,D9,D7,Direct / Organic,Unknown,MY,False,2024-10,2024,False,False,False
8761459179775,1,33.18,13.27,33.18,D9,D4,Direct / Organic,Clear Protein,SG,False,2026-02,2026,False,False,False
7756361662719,1,33.12,13.25,33.12,D9,D8,Subscription,Other,MY,True,2024-03,2024,False,False,False
8427271291135,1,33.1,13.24,33.1,D9,D5,Direct / Organic,Soy Protein,SG,False,2025-10,2025,False,False,False
8714730012927,1,33.02,13.21,33.02,D9,D4,Direct / Organic,Other,SG,False,2026-01,2026,False,False,False
7756260278527,1,33.0,13.2,33.0,D9,D8,Direct / Organic,Collagen Glow,MY,False,2023-01,2023,False,False,False
7756264210687,1,33.0,13.2,33.0,D9,D8,Direct / Organic,Collagen Glow,MY,False,2023-01,2023,False,False,False
7756265521407,1,33.0,13.2,33.0,D9,D8,Direct / Organic,Collagen Glow,MY,False,2023-01,2023,False,False,False
7756265783551,1,33.0,13.2,33.0,D9,D8,Direct / Organic,Collagen Glow,MY,False,2023-01,2023,False,False,False
7756319424767,1,33.0,13.2,33.0,D9,D8,Direct / Organic,Soy Protein,MY,False,2023-12,2023,False,False,False
7756354093311,1,33.0,13.2,33.0,D9,D8,Direct / Organic,Collagen Glow,MY,False,2023-03,2023,False,False,False
7756358025471,1,33.0,13.2,33.0,D9,D8,Direct / Organic,Collagen Glow,MY,False,2023-04,2023,False,False,False
7756358713599,1,33.0,13.2,33.0,D9,D8,Direct / Organic,Soy Protein,MY,False,2023-04,2023,False,False,False
7756360188159,1,33.0,13.2,33.0,D9,D8,Direct / Organic,Collagen Glow,MY,False,2023-05,2023,False,False,False
7756378964223,1,33.0,13.2,33.0,D9,D8,Direct / Organic,Unknown,MY,False,2023-08,2023,False,False,False
7756380012799,1,33.0,13.2,33.0,D9,D8,Direct / Organic,Other,MY,False,2023-09,2023,False,False,False
7756383420671,1,33.0,13.2,33.0,D9,D8,Direct / Organic,Soy Protein,MY,False,2023-10,2023,False,False,False
7756397445375,1,33.0,13.2,33.0,D9,D7,Direct / Organic,Collagen Glow,MY,False,2024-01,2024,False,False,False
7756405932287,1,33.0,13.2,33.0,D9,D7,Direct / Organic,Soy Protein,MY,False,2024-02,2024,False,False,False
7756426838271,1,33.0,13.2,33.0,D9,D7,Direct / Organic,Soy Protein,MY,False,2024-05,2024,False,False,False
7756436046079,1,33.0,13.2,33.0,D9,D7,Direct / Organic,Soy Protein,MY,False,2024-06,2024,False,False,False
7756437192959,1,33.0,13.2,33.0,D9,D7,Direct / Organic,Soy Protein,MY,False,2024-06,2024,False,False,False
7756457935103,1,33.0,13.2,33.0,D9,D7,Direct / Organic,Collagen Glow,MY,False,2024-08,2024,False,False,False
7756459933951,1,33.0,13.2,33.0,D9,D7,Direct / Organic,Soy Protein,MY,False,2024-08,2024,False,False,False
7756460196095,1,33.0,13.2,33.0,D9,D7,Direct / Organic,Collagen Glow,MY,False,2024-08,2024,False,False,False
7756462031103,1,33.0,13.2,33.0,D9,D7,Direct / Organic,Soy Protein,MY,False,2024-09,2024,False,False,False
7756462260479,1,33.0,13.2,33.0,D9,D7,Direct / Organic,Soy Protein,MY,False,2024-09,2024,False,False,False
7756470419711,1,33.0,13.2,33.0,D9,D7,Direct / Organic,Soy Protein,MY,False,2024-10,2024,False,False,False
7756473860351,1,33.0,13.2,33.0,D9,D7,Direct / Organic,Collagen Glow,MY,False,2024-10,2024,False,False,False
8790340993279,1,32.95,13.18,32.95,D9,D4,Subscription,Soy Protein,SG,True,2026-02,2026,False,False,False
7845555437823,1,32.94,13.18,32.94,D9,D7,Direct / Organic,Soy Protein,SG,False,2025-02,2025,False,False,False
7933028401407,1,32.94,13.18,32.94,D9,D7,Direct / Organic,Soy Protein,SG,False,2025-03,2025,False,False,False
7932520530175,1,32.93,13.17,32.93,D9,D7,Direct / Organic,Soy Protein,SG,False,2025-03,2025,False,False,False
7756017664255,1,32.73,13.09,32.73,D9,D8,Direct / Organic,Unknown,MY,False,2022-08,2022,False,False,False
7756463276287,2,32.67,13.07,16.34,D9,D2,Subscription,Other,MY,True,2024-09,2024,False,False,False
8149517795583,1,32.64,13.06,32.64,D9,D6,Direct / Organic,Clear Protein,SG,False,2025-06,2025,False,False,False
8637321609471,1,32.52,13.01,32.52,D9,D4,Direct / Organic,Other,SG,False,2025-12,2025,False,False,False
8245906768127,2,32.51,13.0,16.26,D9,D2,Paid Social,Accessories,SG,False,2025-08,2025,False,False,False
8484907942143,1,32.4,12.96,32.4,D9,D5,Paid Social,Other,SG,False,2025-10,2025,False,False,False
8285699997951,1,32.31,12.92,32.31,D9,D5,Subscription,Soy Protein,SG,True,2025-08,2025,False,False,False
7756039291135,1,32.23,12.89,32.23,D9,D8,Direct / Organic,Unknown,MY,False,2022-03,2022,False,False,False
7756439159039,1,32.23,12.89,32.23,D9,D7,Direct / Organic,Other,MY,False,2024-06,2024,False,False,False
8283690893567,1,32.2,12.88,32.2,D9,D5,Direct / Organic,Accessories,SG,False,2025-08,2025,False,False,False
7756384174335,1,32.13,12.85,32.13,D9,D8,Direct / Organic,Lean Protein,SG,False,2025-04,2025,False,False,False
7756017697023,1,32.06,12.82,32.06,D9,D8,Direct / Organic,Unknown,MY,False,2022-08,2022,False,False,False
8476522742015,1,31.91,12.76,31.91,D9,D5,Email,Other,SG,False,2025-10,2025,False,False,False
8479778144511,1,31.91,12.76,31.91,D9,D5,Direct / Organic,Other,SG,False,2025-10,2025,False,False,False
8702306648319,1,31.91,12.76,31.91,D9,D4,Direct / Organic,Other,SG,False,2026-01,2026,False,False,False
7756037456127,1,31.85,12.74,31.85,D9,D8,Direct / Organic,Unknown,MY,False,2022-04,2022,False,False,False
6423604166911,1,31.84,12.74,31.84,D9,D10,Subscription,Unknown,SG,False,2022-02,2022,False,False,False
8898942533887,1,31.8,12.72,31.8,D9,D4,Paid Social,Other,SG,False,2026-03,2026,False,False,False
7756431950079,1,31.8,12.72,31.8,D9,D7,Direct / Organic,Other,MY,False,2024-05,2024,False,False,False
7756262539519,1,31.79,12.72,31.79,D9,D8,Direct / Organic,Other,MY,False,2022-12,2022,False,False,False
7756263555327,1,31.79,12.72,31.79,D9,D8,Direct / Organic,Other,MY,False,2022-12,2022,False,False,False
7756263751935,1,31.79,12.72,31.79,D9,D8,Direct / Organic,Other,MY,False,2022-12,2022,False,False,False
7756264407295,1,31.79,12.72,31.79,D9,D8,Direct / Organic,Other,MY,False,2023-01,2023,False,False,False
7756265947391,1,31.79,12.72,31.79,D9,D8,Direct / Organic,Other,MY,False,2023-01,2023,False,False,False
7756348326143,1,31.79,12.72,31.79,D9,D8,Direct / Organic,Other,MY,False,2023-02,2023,False,False,False
7756355633407,1,31.79,12.72,31.79,D9,D8,Direct / Organic,Other,MY,False,2023-03,2023,False,False,False
7756360089855,1,31.79,12.72,31.79,D9,D8,Direct / Organic,Other,MY,False,2023-05,2023,False,False,False
7756439224575,1,31.77,12.71,31.77,D9,D7,Direct / Organic,Accessories,MY,False,2024-06,2024,False,False,False
8358775849215,1,31.67,12.67,31.67,D9,D5,Direct / Organic,Lean Protein,SG,False,2025-10,2025,False,False,False
8736424231167,1,31.64,12.66,31.64,D9,D4,Direct / Organic,Accessories,SG,False,2026-02,2026,False,False,False
8314033406207,1,31.63,12.65,31.63,D9,D5,Paid Social,Other,SG,False,2025-09,2025,False,False,False
6329833390335,1,31.45,12.58,31.45,D9,D10,Subscription,Unknown,SG,False,2022-06,2022,False,False,False
8175628845311,2,30.94,12.38,15.47,D9,D2,Direct / Organic,Other,SG,False,2025-08,2025,False,False,False
6328262656255,1,30.9,12.36,30.9,D9,D10,Subscription,Unknown,SG,False,2022-08,2022,False,False,False
6327614406911,1,30.87,12.35,30.87,D9,D10,Subscription,Unknown,SG,False,2022-06,2022,False,False,False
7756425855231,2,30.86,12.34,15.43,D9,D3,Subscription,Unknown,MY,True,2024-05,2024,False,False,False
8416204783871,1,30.66,12.26,30.66,D9,D5,Direct / Organic,Other,SG,False,2025-10,2025,False,False,False
7756477071615,1,30.53,12.21,30.53,D9,D7,Subscription,Other,MY,True,2024-10,2024,False,False,False
7756045451519,1,30.46,12.18,30.46,D9,D8,Direct / Organic,Unknown,MY,False,2022-01,2022,False,False,False
7756030279935,1,30.42,12.17,30.42,D9,D8,Direct / Organic,Unknown,MY,False,2022-06,2022,False,False,False
6327406264575,1,30.31,12.12,30.31,D9,D10,Subscription,Other,SG,False,2024-10,2024,False,False,False
6329618104575,1,30.31,12.12,30.31,D9,D10,Direct / Organic,Other,SG,False,2025-03,2025,False,False,False
6624124797183,1,30.31,12.12,30.31,D9,D10,Subscription,Other,SG,False,2023-04,2023,False,False,False
7572073185535,1,30.31,12.12,30.31,D9,D9,Subscription,Other,SG,False,2024-10,2024,False,False,False
7582195941631,1,30.31,12.12,30.31,D9,D9,Subscription,Other,SG,False,2024-10,2024,False,False,False
7756354027775,1,30.27,12.11,30.27,D9,D8,Direct / Organic,Collagen Glow,MY,False,2023-03,2023,False,False,False
7520723403007,1,30.03,12.01,30.03,D9,D9,Subscription,Soy Protein,SG,False,2024-09,2024,False,False,False
7522680701183,1,30.03,12.01,30.03,D9,D9,Subscription,Soy Protein,SG,False,2024-09,2024,False,False,False
7584980435199,1,30.03,12.01,30.03,D9,D9,Subscription,Soy Protein,SG,False,2024-10,2024,False,False,False
7994947797247,1,29.99,12.0,29.99,D9,D6,Direct / Organic,Other,SG,False,2025-05,2025,False,False,False
7756382208255,1,29.97,11.99,29.97,D9,D8,Direct / Organic,Soy Protein,MY,False,2023-09,2023,False,False,False
7756399739135,1,29.97,11.99,29.97,D9,D7,Direct / Organic,Soy Protein,MY,False,2024-01,2024,False,False,False
7756006654207,1,29.97,11.99,29.97,D9,D9,Direct / Organic,Other,MY,False,2022-10,2022,False,False,False
7756009963775,1,29.97,11.99,29.97,D9,D8,Direct / Organic,Other,MY,False,2022-10,2022,False,False,False
7756262572287,1,29.97,11.99,29.97,D9,D8,Direct / Organic,Other,MY,False,2022-12,2022,False,False,False
7756264145151,1,29.97,11.99,29.97,D9,D8,Direct / Organic,Unknown,MY,False,2023-01,2023,False,False,False
7756348096767,1,29.97,11.99,29.97,D9,D8,Direct / Organic,Unknown,MY,False,2023-02,2023,False,False,False
7756360974591,1,29.97,11.99,29.97,D9,D8,Direct / Organic,Other,MY,False,2023-10,2023,False,False,False
7756363432191,1,29.97,11.99,29.97,D9,D8,Direct / Organic,Other,MY,False,2023-06,2023,False,False,False
7756364513535,1,29.97,11.99,29.97,D9,D8,Direct / Organic,Other,MY,False,2023-06,2023,False,False,False
7756365562111,1,29.97,11.99,29.97,D9,D8,Direct / Organic,Unknown,MY,False,2023-06,2023,False,False,False
7756375458047,1,29.97,11.99,29.97,D9,D8,Direct / Organic,Other,MY,False,2023-08,2023,False,False,False
7756377260287,1,29.97,11.99,29.97,D9,D8,Direct / Organic,Unknown,MY,False,2023-08,2023,False,False,False
7756432277759,1,29.97,11.99,29.97,D9,D7,Direct / Organic,Other,MY,False,2024-05,2024,False,False,False
7756472811775,1,29.97,11.99,29.97,D9,D7,Direct / Organic,Other,MY,False,2024-12,2024,False,False,False
7829327347967,1,29.97,11.99,29.97,D9,D7,Direct / Organic,Other,MY,False,2025-01,2025,False,False,False
7756464390399,1,29.95,11.98,29.95,D9,D7,Direct / Organic,Other,MY,False,2024-09,2024,False,False,False
7475354009855,1,29.9,11.96,29.9,D9,D9,Subscription,Other,SG,False,2024-08,2024,False,False,False
7898763755775,1,29.9,11.96,29.9,D9,D7,Direct / Organic,Other,SG,False,2025-03,2025,False,False,False
7975485112575,1,29.9,11.96,29.9,D9,D6,Direct / Organic,Other,SG,False,2025-04,2025,False,False,False
8041270116607,1,29.9,11.96,29.9,D9,D6,Direct / Organic,Other,SG,False,2025-05,2025,False,False,False
8060725330175,1,29.9,11.96,29.9,D9,D6,Direct / Organic,Other,SG,False,2025-05,2025,False,False,False
8335596716287,1,29.9,11.96,29.9,D9,D5,Direct / Organic,Other,SG,False,2025-09,2025,False,False,False
8338447925503,1,29.9,11.96,29.9,D9,D5,Direct / Organic,Other,SG,False,2025-09,2025,False,False,False
8352655606015,1,29.9,11.96,29.9,D9,D5,Paid Social,Other,SG,False,2025-09,2025,False,False,False
8368011804927,1,29.9,11.96,29.9,D9,D5,Direct / Organic,Other,SG,False,2025-10,2025,False,False,False
8368214343935,1,29.9,11.96,29.9,D9,D5,Paid Social,Other,SG,False,2025-10,2025,False,False,False
8370024710399,1,29.9,11.96,29.9,D9,D5,Paid Social,Unknown,SG,False,2025-10,2025,False,False,False
8371382780159,1,29.9,11.96,29.9,D9,D5,Direct / Organic,Other,SG,False,2025-10,2025,False,False,False
8415703793919,1,29.9,11.96,29.9,D9,D5,Direct / Organic,Other,SG,False,2025-10,2025,False,False,False
8415875498239,1,29.9,11.96,29.9,D9,D5,Direct / Organic,Unknown,SG,False,2025-10,2025,False,False,False
8422907674879,1,29.9,11.96,29.9,D9,D5,Paid Social,Other,SG,False,2025-10,2025,False,False,False
8426853662975,1,29.9,11.96,29.9,D9,D5,Direct / Organic,Other,SG,False,2025-10,2025,False,False,False
7755918016767,1,29.82,11.93,29.82,D9,D9,Direct / Organic,Unknown,MY,False,2022-09,2022,False,False,False
7756015239423,1,29.82,11.93,29.82,D9,D8,Direct / Organic,Unknown,MY,False,2022-09,2022,False,False,False
7756015665407,1,29.82,11.93,29.82,D9,D8,Direct / Organic,Unknown,MY,False,2022-09,2022,False,False,False
8244481065215,2,29.8,11.92,14.9,D9,D2,Paid Social,Accessories,SG,False,2025-08,2025,False,False,False
8310636970239,2,29.8,11.92,14.9,D9,D2,Direct / Organic,Accessories,SG,False,2025-09,2025,False,False,False
7756484313343,1,29.77,11.91,29.77,D9,D7,Direct / Organic,Collagen Glow,MY,False,2024-12,2024,False,False,False
7842117648639,1,29.77,11.91,29.77,D9,D7,Email,Lean Protein,SG,False,2025-03,2025,False,False,False
7756048924927,1,29.75,11.9,29.75,D9,D8,Direct / Organic,Unknown,MY,False,2022-01,2022,False,False,False
6423602823423,2,29.7,11.88,14.85,D9,D3,Subscription,Unknown,SG,False,2022-02,2022,False,False,False
6327712055551,1,29.65,11.86,29.65,D9,D10,Subscription,Unknown,SG,False,2022-06,2022,False,False,False
7756016419071,1,29.55,11.82,29.55,D9,D8,Direct / Organic,Unknown,MY,False,2022-08,2022,False,False,False
7756038897919,1,29.5,11.8,29.5,D9,D8,Direct / Organic,Unknown,MY,False,2022-03,2022,False,False,False
6327653826815,1,29.4,11.76,29.4,D9,D10,Subscription,Unknown,SG,False,2022-08,2022,False,False,False
6327704223999,1,29.4,11.76,29.4,D9,D10,Subscription,Unknown,SG,False,2022-03,2022,False,False,False
6423606755583,1,29.4,11.76,29.4,D9,D10,Subscription,Unknown,SG,False,2022-01,2022,False,False,False
7755977949439,1,29.39,11.76,29.39,D9,D9,Direct / Organic,Unknown,MY,False,2022-08,2022,False,False,False
7756018614527,1,29.39,11.76,29.39,D9,D8,Direct / Organic,Unknown,MY,False,2022-08,2022,False,False,False
7756019171583,1,29.39,11.76,29.39,D9,D8,Direct / Organic,Unknown,MY,False,2022-08,2022,False,False,False
7756019237119,1,29.39,11.76,29.39,D9,D8,Direct / Organic,Unknown,MY,False,2022-08,2022,False,False,False
7756019433727,1,29.39,11.76,29.39,D9,D8,Direct / Organic,Unknown,MY,False,2022-08,2022,False,False,False
6334081433855,1,29.39,11.76,29.39,D9,D10,Subscription,Unknown,SG,False,2022-06,2022,False,False,False
7970464071935,2,29.34,11.74,14.67,D9,D2,Paid Social,Unknown,SG,True,2025-04,2025,False,False,False
8629594521855,1,29.12,11.65,29.12,D9,D4,Direct / Organic,Other,SG,False,2025-12,2025,False,False,False
7756260147455,1,29.06,11.62,29.06,D9,D8,Direct / Organic,Unknown,MY,False,2022-12,2022,False,False,False
7756261687551,1,29.06,11.62,29.06,D9,D8,Direct / Organic,Other,MY,False,2022-12,2022,False,False,False
7756381290751,1,29.06,11.62,29.06,D9,D8,Direct / Organic,Soy Protein,MY,False,2023-09,2023,False,False,False
8165462081791,1,29.03,11.61,29.03,D9,D5,Direct / Organic,Clear Protein,SG,False,2025-06,2025,False,False,False
7756015436031,1,28.91,11.56,28.91,D9,D8,Direct / Organic,Unknown,MY,False,2022-09,2022,False,False,False
6327607853311,1,28.9,11.56,28.9,D9,D10,Subscription,Unknown,SG,False,2022-08,2022,False,False,False
6327623418111,1,28.9,11.56,28.9,D9,D10,Subscription,Unknown,SG,False,2022-08,2022,False,False,False
6328284643583,1,28.9,11.56,28.9,D9,D10,Subscription,Unknown,SG,False,2022-08,2022,False,False,False
6336738099455,1,28.89,11.56,28.89,D9,D10,Subscription,Unknown,SG,False,2022-06,2022,False,False,False
8260871454975,1,28.87,11.55,28.87,D9,D5,Direct / Organic,Other,SG,False,2025-08,2025,False,False,False
7755958714623,1,28.64,11.45,28.64,D9,D9,Direct / Organic,Unknown,MY,False,2022-08,2022,False,False,False
8051908051199,1,28.6,11.44,28.6,D9,D6,Direct / Organic,Clear Protein,SG,False,2025-05,2025,False,False,False
8096555991295,1,28.6,11.44,28.6,D9,D6,Direct / Organic,Clear Protein,SG,False,2025-06,2025,False,False,False
8167011713279,1,28.6,11.44,28.6,D9,D5,Direct / Organic,Clear Protein,SG,False,2025-06,2025,False,False,False
8799773950207,1,28.6,11.44,28.6,D9,D4,Direct / Organic,Lean Protein,SG,False,2026-02,2026,False,False,False
8813208535295,1,28.6,11.44,28.6,D9,D4,Direct / Organic,Lean Protein,SG,False,2026-03,2026,False,False,False
8828205400319,1,28.6,11.44,28.6,D9,D4,Direct / Organic,Clear Protein,SG,False,2026-03,2026,False,False,False
8875227775231,1,28.6,11.44,28.6,D9,D4,Direct / Organic,Clear Protein,SG,False,2026-03,2026,False,False,False
7756032999679,1,28.56,11.43,28.56,D9,D8,Direct / Organic,Unknown,MY,False,2022-05,2022,False,False,False
7756206735615,1,28.46,11.38,28.46,D9,D8,Direct / Organic,Collagen Glow,MY,False,2024-08,2024,False,False,False
7756328501503,1,28.46,11.38,28.46,D9,D8,Direct / Organic,Soy Protein,MY,False,2023-02,2023,False,False,False
7756357501183,1,28.46,11.38,28.46,D9,D8,Subscription,Collagen Glow,MY,True,2023-03,2023,False,False,False
7756358877439,1,28.46,11.38,28.46,D9,D8,Subscription,Collagen Glow,MY,True,2023-04,2023,False,False,False
7756457574655,1,28.46,11.38,28.46,D9,D7,Direct / Organic,Soy Protein,MY,False,2024-08,2024,False,False,False
7756477169919,1,28.46,11.38,28.46,D9,D7,Direct / Organic,Other,MY,False,2024-10,2024,False,False,False
8572002271487,1,28.27,11.31,28.27,D9,D5,Direct / Organic,Other,SG,False,2025-12,2025,False,False,False
8712766128383,1,28.27,11.31,28.27,D9,D4,Direct / Organic,Clear Protein,SG,False,2026-01,2026,False,False,False
8367820144895,1,28.22,11.29,28.22,D9,D5,Paid Social,Unknown,SG,False,2025-10,2025,False,False,False
7964005826815,2,28.18,11.27,14.09,D9,D2,Paid Social,Unknown,SG,False,2025-04,2025,False,False,False
8830297178367,1,28.18,11.27,28.18,D9,D4,Direct / Organic,Accessories,SG,False,2026-03,2026,False,False,False
7756467765503,1,28.16,11.26,28.16,D9,D7,Direct / Organic,Other,MY,False,2024-09,2024,False,False,False
6327629381887,1,28.0,11.2,28.0,D9,D10,Subscription,Unknown,SG,False,2022-08,2022,False,False,False
7475372294399,1,27.93,11.17,27.93,D9,D9,Subscription,Collagen Glow,SG,False,2024-08,2024,False,False,False
7476640121087,1,27.93,11.17,27.93,D9,D9,Subscription,Collagen Glow,SG,False,2024-09,2024,False,False,False
7476641267967,1,27.93,11.17,27.93,D9,D9,Subscription,Collagen Glow,SG,False,2024-09,2024,False,False,False
7476765753599,1,27.93,11.17,27.93,D9,D9,Subscription,Collagen Glow,SG,False,2024-09,2024,False,False,False
8369912414463,1,27.9,11.16,27.9,D9,D5,Direct / Organic,Clear Protein,SG,False,2025-10,2025,False,False,False
8762362626303,1,27.9,11.16,27.9,D9,D4,Direct / Organic,Lean Protein,SG,False,2026-02,2026,False,False,False
8790428057855,1,27.9,11.16,27.9,D9,D4,Direct / Organic,Clear Protein,SG,False,2026-02,2026,False,False,False
8809768321279,1,27.9,11.16,27.9,D9,D4,Paid Social,Lean Protein,SG,False,2026-02,2026,False,False,False
8631633379583,1,27.78,11.11,27.78,D9,D4,Paid Social,Other,SG,False,2025-12,2025,False,False,False
7756421267711,2,27.77,11.11,13.89,D9,D3,Subscription,Other,MY,True,2024-04,2024,False,False,False
7756037619967,1,27.73,11.09,27.73,D9,D8,Direct / Organic,Unknown,MY,False,2022-04,2022,False,False,False
7756037652735,1,27.73,11.09,27.73,D9,D8,Direct / Organic,Unknown,MY,False,2022-04,2022,False,False,False
7756037816575,1,27.73,11.09,27.73,D9,D8,Direct / Organic,Unknown,MY,False,2022-04,2022,False,False,False
8339765526783,1,27.67,11.07,27.67,D9,D5,Direct / Organic,Lean Protein,SG,False,2025-09,2025,False,False,False
8151262363903,1,27.41,10.96,27.41,D9,D6,Direct / Organic,Other,SG,False,2025-09,2025,False,False,False
8367943876863,1,27.41,10.96,27.41,D9,D5,Paid Social,Other,SG,False,2025-10,2025,False,False,False
8369796350207,1,27.41,10.96,27.41,D9,D5,Direct / Organic,Other,SG,False,2025-10,2025,False,False,False
7756353798399,1,27.25,10.9,27.25,D9,D8,Direct / Organic,Unknown,MY,False,2023-03,2023,False,False,False
7756377686271,1,27.25,10.9,27.25,D9,D8,Direct / Organic,Unknown,MY,False,2023-08,2023,False,False,False
6532488954111,1,27.24,10.9,27.24,D9,D10,Direct / Organic,Unknown,MY,False,2022-12,2022,False,False,False
7756372902143,1,27.24,10.9,27.24,D9,D8,Direct / Organic,Other,MY,False,2023-08,2023,False,False,False
7756465078527,1,27.24,10.9,27.24,D9,D7,Direct / Organic,Other,MY,False,2024-09,2024,False,False,False
7900460515583,1,27.18,10.87,27.18,D9,D7,Subscription,Soy Protein,SG,True,2025-03,2025,False,False,False
6329834733823,1,26.99,10.8,26.99,D9,D10,Subscription,Unknown,SG,False,2022-03,2022,False,False,False
7756350226687,1,26.95,10.78,26.95,D9,D8,Direct / Organic,Collagen Glow,MY,False,2023-03,2023,False,False,False
7756381880575,1,26.94,10.78,26.94,D9,D8,Direct / Organic,Other,MY,False,2023-09,2023,False,False,False
7756432834815,1,26.94,10.78,26.94,D9,D7,Direct / Organic,Unknown,MY,False,2024-06,2024,False,False,False
7756434374911,1,26.94,10.78,26.94,D9,D7,Direct / Organic,Unknown,MY,False,2024-06,2024,False,False,False
7734246506751,1,26.91,10.76,26.91,D9,D9,Subscription,Other,SG,True,2025-01,2025,False,False,False
7903553224959,1,26.91,10.76,26.91,D9,D7,Subscription,Other,SG,True,2025-03,2025,False,False,False
6423240081663,2,26.9,10.76,13.45,D9,D3,Subscription,Unknown,SG,False,2022-06,2022,False,False,False
6424267456767,1,26.9,10.76,26.9,D9,D10,Subscription,Unknown,SG,False,2022-05,2022,False,False,False
6423239950591,1,26.8,10.72,26.8,D9,D10,Subscription,Unknown,SG,False,2022-06,2022,False,False,False
6423463395583,1,26.8,10.72,26.8,D9,D10,Subscription,Unknown,SG,False,2022-05,2022,False,False,False
8598015181055,1,26.76,10.7,26.76,D9,D5,Direct / Organic,Other,SG,False,2025-12,2025,False,False,False
7755989680383,1,26.73,10.69,26.73,D9,D9,Direct / Organic,Unknown,MY,False,2022-06,2022,False,False,False
7756029952255,1,26.73,10.69,26.73,D9,D8,Direct / Organic,Unknown,MY,False,2022-06,2022,False,False,False
7756422807807,1,26.73,10.69,26.73,D9,D7,Direct / Organic,Other,MY,False,2024-04,2024,False,False,False
8169265856767,2,26.7,10.68,13.35,D9,D2,Paid Social,Accessories,SG,False,2025-06,2025,False,False,False
8055524688127,1,26.6,10.64,26.6,D9,D6,Direct / Organic,Lean Protein,SG,False,2025-05,2025,False,False,False
8097250345215,1,26.6,10.64,26.6,D9,D6,Paid Social,Lean Protein,SG,False,2025-06,2025,False,False,False
8166650413311,1,26.55,10.62,26.55,D9,D5,Direct / Organic,Lean Protein,SG,False,2025-06,2025,False,False,False
8136190361855,2,26.53,10.61,13.26,D9,D2,Direct / Organic,Lean Protein,SG,False,2025-06,2025,False,False,False
8585713811711,1,26.35,10.54,26.35,D9,D5,Direct / Organic,Other,SG,False,2025-12,2025,False,False,False
8781174669567,1,26.24,10.5,26.24,D9,D4,Direct / Organic,Clear Protein,SG,False,2026-02,2026,False,False,False
7310189592831,1,26.17,10.47,26.17,D9,D9,Subscription,Lean Protein,SG,False,2024-05,2024,False,False,False
6328261837055,1,26.0,10.4,26.0,D9,D10,Subscription,Unknown,SG,True,2023-04,2023,False,False,False
7756039225599,1,25.89,10.36,25.89,D9,D8,Direct / Organic,Unknown,MY,False,2022-03,2022,False,False,False
7756264964351,1,25.88,10.35,25.88,D9,D8,Direct / Organic,Unknown,MY,False,2023-01,2023,False,False,False
7756265881855,1,25.88,10.35,25.88,D9,D8,Direct / Organic,Unknown,MY,False,2023-01,2023,False,False,False
7756033229055,1,25.84,10.33,25.84,D9,D8,Direct / Organic,Unknown,MY,False,2022-05,2022,False,False,False
7308632424703,1,25.83,10.33,25.83,D9,D9,Subscription,Other,SG,False,2024-05,2024,False,False,False
7309858963711,1,25.83,10.33,25.83,D9,D9,Subscription,Other,SG,False,2024-05,2024,False,False,False
7519522029823,1,25.83,10.33,25.83,D9,D9,Subscription,Other,SG,False,2024-09,2024,False,False,False
8595943260415,1,25.61,10.24,25.61,D9,D5,Affiliate,Clear Protein,SG,False,2025-12,2025,False,False,False
8857631686911,1,25.61,10.24,25.61,D9,D4,Direct / Organic,Clear Protein,SG,False,2026-03,2026,False,False,False
6328281465087,1,25.47,10.19,25.47,D9,D10,Subscription,Unknown,SG,False,2022-01,2022,False,False,False
7756299960575,1,25.43,10.17,25.43,D9,D8,Direct / Organic,Collagen Glow,MY,False,2024-05,2024,False,False,False
7317310079231,1,25.42,10.17,25.42,D9,D9,Subscription,Other,SG,True,2024-06,2024,False,False,False
8478323441919,1,25.42,10.17,25.42,D9,D5,Direct / Organic,Other,SG,False,2025-10,2025,False,False,False
7756043616511,2,25.3,10.12,12.65,D9,D3,Direct / Organic,Unknown,MY,False,2022-02,2022,False,False,False
7155123814655,1,25.23,10.09,25.23,D9,D9,Subscription,Other,SG,True,2024-03,2024,False,False,False
7475190006015,1,25.13,10.05,25.13,D9,D9,Subscription,Soy Protein,SG,False,2024-08,2024,False,False,False
7756007637247,1,25.0,10.0,25.0,D9,D8,Direct / Organic,Unknown,MY,False,2022-01,2022,False,False,False
7756037030143,1,25.0,10.0,25.0,D9,D8,Direct / Organic,Unknown,MY,False,2022-04,2022,False,False,False
8327398490367,1,24.9,9.96,24.9,D9,D5,Direct / Organic,Other,SG,False,2025-09,2025,False,False,False
8327758708991,1,24.9,9.96,24.9,D9,D5,Direct / Organic,Other,SG,False,2025-09,2025,False,False,False
8704501580031,1,24.9,9.96,24.9,D9,D4,Direct / Organic,Other,SG,False,2026-01,2026,False,False,False
8712013512959,1,24.9,9.96,24.9,D9,D4,Direct / Organic,Other,SG,False,2026-01,2026,False,False,False
8712121778431,1,24.9,9.96,24.9,D9,D4,Direct / Organic,Other,SG,False,2026-01,2026,False,False,False
8714151526655,1,24.9,9.96,24.9,D9,D4,Direct / Organic,Other,SG,False,2026-01,2026,False,False,False
8718409695487,1,24.9,9.96,24.9,D9,D4,Direct / Organic,Other,SG,False,2026-01,2026,False,False,False
8728687378687,1,24.9,9.96,24.9,D9,D4,Direct / Organic,Other,SG,False,2026-02,2026,False,False,False
8761373196543,1,24.9,9.96,24.9,D9,D4,Direct / Organic,Other,SG,False,2026-02,2026,False,False,False
8840257175807,1,24.9,9.96,24.9,D9,D4,Direct / Organic,Other,SG,False,2026-03,2026,False,False,False
8842018816255,1,24.9,9.96,24.9,D9,D4,Direct / Organic,Other,SG,False,2026-03,2026,False,False,False
8847873147135,1,24.9,9.96,24.9,D9,D4,Direct / Organic,Other,SG,False,2026-03,2026,False,False,False
8857318129919,1,24.9,9.96,24.9,D9,D4,Direct / Organic,Other,SG,False,2026-03,2026,False,False,False
8869226938623,1,24.9,9.96,24.9,D9,D4,Paid Social,Other,SG,False,2026-03,2026,False,False,False
8904588067071,1,24.9,9.96,24.9,D9,D3,Direct / Organic,Other,SG,False,2026-03,2026,False,False,False
6327633477887,1,24.8,9.92,24.8,D9,D10,Subscription,Other,SG,False,2023-05,2023,False,False,False
6424851120383,1,24.8,9.92,24.8,D9,D10,Subscription,Other,SG,False,2023-05,2023,False,False,False
7471466512639,1,24.8,9.92,24.8,D9,D9,Subscription,Collagen Glow,SG,False,2024-08,2024,False,False,False
8027339292927,1,24.8,9.92,24.8,D9,D6,Paid Social,Accessories,SG,False,2025-05,2025,False,False,False
8079974039807,1,24.8,9.92,24.8,D9,D6,Direct / Organic,Accessories,SG,False,2025-05,2025,False,False,False
8101182767359,2,24.8,9.92,12.4,D9,D2,Direct / Organic,Accessories,SG,False,2025-06,2025,False,False,False
8657032413439,1,24.74,9.9,24.74,D9,D4,Direct / Organic,Other,SG,False,2025-12,2025,False,False,False
8644783702271,1,24.63,9.85,24.63,D9,D4,Direct / Organic,Other,SG,False,2025-12,2025,False,False,False
8080407593215,1,24.6,9.84,24.6,D9,D6,Paid Social,Lean Protein,SG,False,2025-05,2025,False,False,False
8693529247999,1,24.6,9.84,24.6,D9,D4,Direct / Organic,Collagen Glow,SG,False,2026-01,2026,False,False,False
7755992203519,1,24.55,9.82,24.55,D9,D9,Direct / Organic,Unknown,MY,False,2022-01,2021,False,False,False
6327757406463,1,24.5,9.8,24.5,D9,D10,Subscription,Unknown,SG,False,2022-02,2022,False,False,False
6423592796415,1,24.5,9.8,24.5,D9,D10,Subscription,Unknown,SG,False,2022-04,2022,False,False,False
6423605772543,1,24.5,9.8,24.5,D9,D10,Subscription,Unknown,SG,False,2022-02,2022,False,False,False
6327401644287,1,24.4,9.76,24.4,D9,D10,Subscription,Unknown,SG,False,2022-02,2022,False,False,False
7756380209407,1,24.37,9.75,24.37,D9,D8,Subscription,Other,MY,True,2023-09,2023,False,False,False
7756043288831,1,24.23,9.69,24.23,D9,D8,Direct / Organic,Unknown,MY,False,2022-02,2022,False,False,False
7756043124991,1,24.17,9.67,24.17,D9,D8,Direct / Organic,Unknown,MY,False,2022-02,2022,False,False,False
7756016058623,1,24.09,9.64,24.09,D9,D8,Direct / Organic,Unknown,MY,False,2022-09,2022,False,False,False
6587938668799,1,23.92,9.57,23.92,D9,D10,Subscription,Other,SG,False,2023-03,2023,False,False,False
7756477333759,1,23.92,9.57,23.92,D9,D7,Direct / Organic,Collagen Glow,MY,False,2024-10,2024,False,False,False
6328285921535,1,23.9,9.56,23.9,D9,D10,Subscription,Unknown,SG,False,2022-01,2022,False,False,False
6423612063999,1,23.9,9.56,23.9,D9,D10,Subscription,Unknown,SG,False,2022-01,2022,False,False,False
6423612129535,1,23.9,9.56,23.9,D9,D10,Subscription,Unknown,SG,False,2022-01,2022,False,False,False
6423613047039,1,23.9,9.56,23.9,D9,D10,Subscription,Unknown,SG,False,2022-01,2022,False,False,False
6423613604095,1,23.9,9.56,23.9,D9,D10,Subscription,Unknown,SG,False,2022-01,2022,False,False,False
6423613669631,1,23.9,9.56,23.9,D9,D10,Subscription,Unknown,SG,False,2022-01,2022,False,False,False
6423614062847,1,23.9,9.56,23.9,D9,D10,Subscription,Unknown,SG,False,2022-01,2021,False,False,False
6423614095615,1,23.9,9.56,23.9,D9,D10,Subscription,Unknown,SG,False,2022-01,2021,False,False,False
8337971413247,1,23.83,9.53,23.83,D9,D5,Paid Social,Other,SG,False,2025-09,2025,False,False,False
8014419394815,1,23.74,9.5,23.74,D9,D6,Direct / Organic,Other,SG,False,2025-05,2025,False,False,False
8077293191423,1,23.68,9.47,23.68,D9,D6,Direct / Organic,Other,SG,False,2025-05,2025,False,False,False
7756409471231,1,23.33,9.33,23.33,D9,D7,Direct / Organic,Unknown,MY,False,2024-02,2024,False,False,False
7756047089919,1,23.16,9.27,23.16,D9,D8,Direct / Organic,Unknown,MY,False,2022-01,2022,False,False,False
7756440568063,1,23.16,9.26,23.16,D9,D7,Direct / Organic,Other,MY,False,2024-07,2024,False,False,False
7756030345471,2,23.15,9.26,11.58,D9,D3,Direct / Organic,Unknown,MY,False,2022-06,2022,False,False,False
6630248251647,1,22.87,9.15,22.87,D9,D10,Subscription,Other,SG,True,2023-06,2023,False,False,False
6963853328639,1,22.87,9.15,22.87,D9,D9,Subscription,Other,SG,True,2023-12,2023,False,False,False
7060628177151,1,22.87,9.15,22.87,D9,D9,Subscription,Other,SG,True,2024-02,2024,False,False,False
6327641178367,1,22.81,9.12,22.81,D9,D10,Direct / Organic,Unknown,MY,False,2022-05,2022,False,False,False
7755924635903,1,22.77,9.11,22.77,D9,D9,Direct / Organic,Unknown,MY,False,2022-03,2022,False,False,False
7755935645951,1,22.77,9.11,22.77,D9,D9,Direct / Organic,Unknown,MY,False,2022-06,2022,False,False,False
7756031328511,1,22.77,9.11,22.77,D9,D8,Direct / Organic,Unknown,MY,False,2022-06,2022,False,False,False
7756032180479,1,22.77,9.11,22.77,D9,D8,Direct / Organic,Unknown,MY,False,2022-06,2022,False,False,False
7756037226751,1,22.73,9.09,22.73,D9,D8,Direct / Organic,Unknown,MY,False,2022-04,2022,False,False,False
7756461932799,1,22.71,9.08,22.71,D9,D7,Direct / Organic,Collagen Glow,MY,False,2024-08,2024,False,False,False
8170748444927,1,22.7,9.08,22.7,D9,D5,Direct / Organic,Clear Protein,SG,False,2025-07,2025,False,False,False
7829470118143,1,22.46,8.99,22.46,D9,D7,Direct / Organic,Other,MY,False,2024-04,2024,False,False,False
8801983463679,1,22.33,8.93,22.33,D9,D4,Direct / Organic,Lean Protein,SG,False,2026-02,2026,False,False,False
7756044534015,1,22.27,8.91,22.27,D9,D8,Direct / Organic,Unknown,MY,False,2022-02,2022,False,False,False
8809900736767,1,22.14,8.86,22.14,D9,D4,Direct / Organic,Other,SG,False,2026-02,2026,False,False,False
6327556669695,1,22.05,8.82,22.05,D9,D10,Subscription,Unknown,SG,False,2022-06,2022,False,False,False
6327556735231,1,22.05,8.82,22.05,D9,D10,Subscription,Unknown,SG,False,2022-06,2022,False,False,False
7914981261567,1,22.05,8.82,22.05,D9,D7,Subscription,Lean Protein,SG,True,2025-03,2025,False,False,False
8821927051519,1,22.02,8.81,22.02,D9,D4,Direct / Organic,Lean Protein,SG,False,2026-03,2026,False,False,False
8733017506047,1,21.96,8.78,21.96,D9,D4,Direct / Organic,Other,SG,False,2026-02,2026,False,False,False
8749442302207,1,21.92,8.77,21.92,D9,D4,Direct / Organic,Other,SG,False,2026-02,2026,False,False,False
8761795346687,1,21.9,8.76,21.9,D9,D4,Direct / Organic,Other,SG,False,2026-02,2026,False,False,False
8763563245823,1,21.9,8.76,21.9,D9,D4,Direct / Organic,Other,SG,False,2026-02,2026,False,False,False
7756438241535,1,21.88,8.75,21.88,D9,D7,Subscription,Soy Protein,MY,True,2024-06,2024,False,False,False
8905018802431,1,21.84,8.74,21.84,D9,D3,Direct / Organic,Other,SG,False,2026-03,2026,False,False,False
8718015594751,1,21.81,8.72,21.81,D9,D4,Direct / Organic,Lean Protein,SG,False,2026-01,2026,False,False,False
7756264079615,1,21.79,8.72,21.79,D9,D8,Direct / Organic,Other,MY,False,2023-01,2022,False,False,False
8877755302143,1,21.74,8.7,21.74,D9,D4,Direct / Organic,Other,SG,False,2026-03,2026,False,False,False
8904403845375,1,21.74,8.7,21.74,D9,D3,Paid Social,Other,SG,False,2026-03,2026,False,False,False
8061733208319,1,21.7,8.68,21.7,D9,D6,Direct / Organic,Accessories,SG,False,2025-05,2025,False,False,False
8109927891199,1,21.7,8.68,21.7,D9,D6,Paid Social,Clear Protein,SG,False,2025-06,2025,False,False,False
8712621621503,1,21.55,8.62,21.55,D9,D4,Direct / Organic,Clear Protein,SG,False,2026-01,2026,False,False,False
7756045779199,1,21.55,8.62,21.55,D9,D8,Direct / Organic,Unknown,MY,False,2022-01,2022,False,False,False
8593133437183,1,21.44,8.58,21.44,D9,D5,Direct / Organic,Clear Protein,SG,False,2025-12,2025,False,False,False
8164858659071,1,21.24,8.5,21.24,D9,D5,Direct / Organic,Clear Protein,SG,False,2025-06,2025,False,False,False
7755966611711,1,21.19,8.48,21.19,D9,D9,Direct / Organic,Soy Protein,MY,False,2024-09,2024,False,False,False
7756385878271,1,21.18,8.47,21.18,D9,D8,Direct / Organic,Other,MY,False,2023-10,2023,False,False,False
8353015988479,1,21.12,8.45,21.12,D9,D5,Direct / Organic,Other,SG,False,2025-09,2025,False,False,False
8333338870015,1,21.0,8.4,21.0,D9,D5,Direct / Organic,Other,SG,False,2025-09,2025,False,False,False
8333341917439,1,21.0,8.4,21.0,D9,D5,Direct / Organic,Other,SG,False,2025-09,2025,False,False,False
7476502855935,1,20.93,8.37,20.93,D9,D9,Subscription,Other,SG,False,2024-09,2024,False,False,False
7476813496575,1,20.93,8.37,20.93,D9,D9,Subscription,Other,SG,False,2024-09,2024,False,False,False
7476886798591,1,20.93,8.37,20.93,D9,D9,Subscription,Other,SG,False,2024-09,2024,False,False,False
8287226429695,1,20.92,8.37,20.92,D9,D5,Direct / Organic,Other,SG,False,2025-08,2025,False,False,False
8287233278207,1,20.92,8.37,20.92,D9,D5,Direct / Organic,Other,SG,False,2025-08,2025,False,False,False
7756456689919,1,20.88,8.35,20.88,D9,D7,Direct / Organic,Other,MY,False,2024-08,2024,False,False,False
7756460327167,1,20.88,8.35,20.88,D9,D7,Direct / Organic,Other,MY,False,2024-08,2024,False,False,False
7756462063871,1,20.88,8.35,20.88,D9,D7,Direct / Organic,Other,MY,False,2024-09,2024,False,False,False
7756475728127,1,20.88,8.35,20.88,D9,D7,Direct / Organic,Other,MY,False,2024-10,2024,False,False,False
7756477563135,1,20.88,8.35,20.88,D9,D7,Direct / Organic,Other,MY,False,2024-11,2024,False,False,False
7845554127103,1,20.82,8.33,20.82,D9,D7,Direct / Organic,Other,SG,False,2025-02,2025,False,False,False
7851713364223,1,20.81,8.32,20.81,D9,D7,Direct / Organic,Other,SG,False,2025-02,2025,False,False,False
7756030607615,1,20.67,8.27,20.67,D9,D8,Direct / Organic,Unknown,MY,False,2022-06,2022,False,False,False
8476172157183,1,20.61,8.24,20.61,D9,D5,Direct / Organic,Clear Protein,SG,False,2025-10,2025,False,False,False
8488216822015,1,20.61,8.24,20.61,D9,D5,Direct / Organic,Lean Protein,SG,False,2025-11,2025,False,False,False
7755928436991,1,20.61,8.24,20.61,D9,D9,Direct / Organic,Unknown,MY,False,2022-01,2022,False,False,False
7756018483455,1,20.61,8.24,20.61,D9,D8,Direct / Organic,Unknown,MY,False,2022-08,2022,False,False,False
7756047253759,1,20.61,8.24,20.61,D9,D8,Direct / Organic,Unknown,MY,False,2022-01,2022,False,False,False
7756047352063,1,20.61,8.24,20.61,D9,D8,Direct / Organic,Unknown,MY,False,2022-01,2022,False,False,False
7756047384831,1,20.61,8.24,20.61,D9,D8,Direct / Organic,Unknown,MY,False,2022-01,2022,False,False,False
7756047515903,1,20.61,8.24,20.61,D9,D8,Direct / Organic,Unknown,MY,False,2022-01,2022,False,False,False
7756047843583,1,20.61,8.24,20.61,D9,D8,Direct / Organic,Unknown,MY,False,2022-01,2022,False,False,False
7756403441919,1,20.58,8.23,20.58,D9,D7,Direct / Organic,Unknown,MY,False,2024-02,2024,False,False,False
7756405604607,1,20.58,8.23,20.58,D9,D7,Direct / Organic,Unknown,MY,False,2024-02,2024,False,False,False
7755939021055,1,20.55,8.22,20.55,D9,D9,Direct / Organic,Unknown,MY,False,2022-05,2022,False,False,False
7756036440319,1,20.55,8.22,20.55,D9,D8,Direct / Organic,Unknown,MY,False,2022-04,2022,False,False,False
7756036636927,1,20.55,8.22,20.55,D9,D8,Direct / Organic,Unknown,MY,False,2022-04,2022,False,False,False
7967214207231,1,20.52,8.21,20.52,D9,D6,Direct / Organic,Other,SG,False,2025-09,2025,False,False,False
6327793615103,1,20.5,8.2,20.5,D9,D10,Subscription,Unknown,SG,False,2022-02,2022,False,False,False
6423594926335,1,20.5,8.2,20.5,D9,D10,Subscription,Unknown,SG,False,2022-04,2022,False,False,False
6423596826879,1,20.5,8.2,20.5,D9,D10,Subscription,Unknown,SG,False,2022-03,2022,False,False,False
6423597613311,1,20.5,8.2,20.5,D9,D10,Subscription,Unknown,SG,False,2022-03,2022,False,False,False
7949200654591,2,20.44,8.18,10.22,D9,D2,Paid Social,Unknown,SG,False,2025-04,2025,False,False,False
8001384251647,1,20.4,8.16,20.4,D9,D6,Paid Social,Unknown,SG,False,2025-05,2025,False,False,False
6327737909503,1,20.33,8.13,20.33,D9,D10,Subscription,Other,SG,True,2024-03,2024,False,False,False
8800135348479,1,20.16,8.06,20.16,D9,D4,Subscription,Other,SG,True,2026-02,2026,False,False,False
7756031000831,1,20.05,8.02,20.05,D9,D8,Direct / Organic,Unknown,MY,False,2022-06,2022,False,False,False
7756031262975,1,20.05,8.02,20.05,D9,D8,Direct / Organic,Unknown,MY,False,2022-06,2022,False,False,False
7756031394047,1,20.05,8.02,20.05,D9,D8,Direct / Organic,Unknown,MY,False,2022-06,2022,False,False,False
7756031885567,1,20.05,8.02,20.05,D9,D8,Direct / Organic,Unknown,MY,False,2022-06,2022,False,False,False
7756038537471,1,20.05,8.02,20.05,D9,D8,Direct / Organic,Unknown,MY,False,2022-03,2022,False,False,False
7756038439167,1,20.0,8.0,20.0,D9,D8,Direct / Organic,Unknown,MY,False,2022-04,2022,False,False,False
7756388237567,1,19.97,7.99,19.97,D9,D7,Direct / Organic,Unknown,MY,False,2023-12,2023,False,False,False
7958758916351,1,19.9,7.96,19.9,D9,D6,Direct / Organic,Accessories,SG,False,2025-04,2025,False,False,False
7958759211263,1,19.9,7.96,19.9,D9,D6,Direct / Organic,Accessories,SG,False,2025-04,2025,False,False,False
7973381570815,1,19.9,7.96,19.9,D9,D6,Direct / Organic,Accessories,SG,False,2025-04,2025,False,False,False
8633635832063,1,19.9,7.96,19.9,D9,D4,Paid Social,Accessories,SG,False,2025-12,2025,False,False,False
8657761501439,1,19.9,7.96,19.9,D9,D4,Paid Social,Accessories,SG,False,2025-12,2025,False,False,False
8705137574143,1,19.9,7.96,19.9,D9,D4,Direct / Organic,Accessories,SG,False,2026-01,2026,False,False,False
8713560162559,1,19.9,7.96,19.9,D9,D4,Direct / Organic,Other,SG,False,2026-01,2026,False,False,False
8718118256895,1,19.9,7.96,19.9,D9,D4,Direct / Organic,Accessories,SG,False,2026-01,2026,False,False,False
8813196902655,1,19.9,7.96,19.9,D9,D4,Direct / Organic,Accessories,SG,False,2026-03,2026,False,False,False
8833190265087,1,19.9,7.96,19.9,D9,D4,Direct / Organic,Other,SG,False,2026-03,2026,False,False,False
6327623549183,2,19.8,7.92,9.9,D9,D3,Subscription,Unknown,SG,False,2022-02,2022,False,False,False
6327666114815,2,19.8,7.92,9.9,D9,D3,Subscription,Unknown,SG,False,2022-02,2022,False,False,False
6329716080895,2,19.8,7.92,9.9,D9,D3,Subscription,Unknown,SG,False,2022-02,2022,False,False,False
6334090838271,2,19.8,7.92,9.9,D9,D3,Subscription,Unknown,SG,False,2022-01,2021,False,False,False
6423603773695,2,19.8,7.92,9.9,D9,D3,Subscription,Unknown,SG,False,2022-02,2022,False,False,False
6423607312639,2,19.8,7.92,9.9,D9,D3,Subscription,Unknown,SG,False,2022-01,2022,False,False,False
7881587589375,1,19.8,7.92,19.8,D9,D7,Paid Social,Unknown,SG,False,2025-04,2025,False,False,False
7958775333119,1,19.8,7.92,19.8,D9,D6,Direct / Organic,Unknown,SG,False,2025-04,2025,False,False,False
8079992914175,2,19.8,7.92,9.9,D9,D2,Paid Social,Accessories,SG,False,2025-05,2025,False,False,False
8085305164031,2,19.8,7.92,9.9,D9,D2,Direct / Organic,Accessories,SG,False,2025-05,2025,False,False,False
8276771406079,1,19.66,7.86,19.66,D9,D5,Direct / Organic,Clear Protein,SG,False,2025-08,2025,False,False,False
8279784784127,1,19.64,7.86,19.64,D9,D5,Direct / Organic,Lean Protein,SG,False,2025-08,2025,False,False,False
6424267129087,4,19.6,7.84,4.9,D9,D1,Subscription,Unknown,SG,False,2022-05,2022,False,True,False
6424267227391,1,19.6,7.84,19.6,D9,D10,Subscription,Unknown,SG,False,2022-05,2022,False,False,False
7946960273663,1,19.47,7.79,19.47,D9,D6,Direct / Organic,Lean Protein,SG,False,2025-04,2025,False,False,False
8474571571455,1,19.47,7.79,19.47,D9,D5,Direct / Organic,Lean Protein,SG,False,2025-10,2025,False,False,False
8474580877567,1,19.47,7.79,19.47,D9,D5,Direct / Organic,Lean Protein,SG,False,2025-10,2025,False,False,False
8483187949823,1,19.47,7.79,19.47,D9,D5,Direct / Organic,Lean Protein,SG,False,2025-10,2025,False,False,False
8761437946111,1,19.47,7.79,19.47,D9,D4,Direct / Organic,Lean Protein,SG,False,2026-02,2026,False,False,False
8761487556863,1,19.47,7.79,19.47,D9,D4,Direct / Organic,Clear Protein,SG,False,2026-02,2026,False,False,False
8761534906623,1,19.47,7.79,19.47,D9,D4,Direct / Organic,Clear Protein,SG,False,2026-02,2026,False,False,False
8761555124479,1,19.47,7.79,19.47,D9,D4,Direct / Organic,Clear Protein,SG,False,2026-02,2026,False,False,False
7756042076415,1,18.82,7.53,18.82,D9,D8,Direct / Organic,Unknown,MY,False,2022-02,2022,False,False,False
8588209455359,1,18.55,7.42,18.55,D9,D5,Direct / Organic,Lean Protein,SG,False,2025-12,2025,False,False,False
8813055639807,1,18.41,7.36,18.41,D9,D4,Direct / Organic,Accessories,SG,False,2026-03,2026,False,False,False
8015279849727,1,18.39,7.36,18.39,D9,D6,Direct / Organic,Accessories,SG,False,2025-05,2025,False,False,False
8015323431167,1,18.39,7.36,18.39,D9,D6,Paid Social,Accessories,SG,False,2025-05,2025,False,False,False
8015623946495,1,18.39,7.36,18.39,D9,D6,Direct / Organic,Accessories,SG,False,2025-05,2025,False,False,False
7755959533823,1,18.06,7.22,18.06,D9,D9,Direct / Organic,Unknown,MY,False,2022-09,2022,False,False,False
7755958911231,1,17.88,7.15,17.88,D9,D9,Direct / Organic,Unknown,MY,False,2022-03,2022,False,False,False
7756048040191,1,17.88,7.15,17.88,D9,D8,Direct / Organic,Unknown,MY,False,2022-01,2022,False,False,False
7947218256127,1,17.85,7.14,17.85,D9,D6,Direct / Organic,Lean Protein,SG,False,2025-04,2025,False,False,False
7969879949567,1,17.82,7.13,17.82,D9,D6,Direct / Organic,Unknown,SG,False,2025-04,2025,False,False,False
7756035326207,1,17.82,7.13,17.82,D9,D8,Direct / Organic,Unknown,MY,False,2022-05,2022,False,False,False
8071537033471,2,17.68,7.07,8.84,D9,D2,Paid Social,Accessories,SG,False,2025-05,2025,False,False,False
7756043780351,2,17.58,7.03,8.79,D9,D3,Direct / Organic,Unknown,MY,False,2022-02,2022,False,False,False
7756460916991,2,17.33,6.93,8.66,D9,D3,Paid Social,Unknown,SG,False,2025-04,2025,False,False,False
7756195201279,1,17.3,6.92,17.3,D9,D8,Paid Social,Unknown,SG,False,2025-04,2025,False,False,False
7756047974655,2,17.27,6.91,8.64,D9,D3,Direct / Organic,Unknown,MY,False,2022-01,2022,False,False,False
7967143395583,1,16.83,6.73,16.83,D9,D6,Direct / Organic,Unknown,SG,False,2025-04,2025,False,False,False
8074934288639,1,16.8,6.72,16.8,D9,D6,Paid Social,Clear Protein,SG,False,2025-05,2025,False,False,False
8085728002303,1,16.8,6.72,16.8,D9,D6,Direct / Organic,Clear Protein,SG,False,2025-05,2025,False,False,False
8114087887103,1,16.8,6.72,16.8,D9,D6,Paid Social,Clear Protein,SG,False,2025-06,2025,False,False,False
8659195429119,1,16.79,6.72,16.79,D9,D4,Direct / Organic,Other,SG,False,2025-12,2025,False,False,False
8263965409535,2,16.42,6.57,8.21,D9,D2,Direct / Organic,Other,SG,False,2025-08,2025,False,False,False
7756039487743,1,16.09,6.44,16.09,D9,D8,Direct / Organic,Unknown,MY,False,2022-03,2022,False,False,False
8437239283967,1,15.84,6.34,15.84,D9,D5,Direct / Organic,Accessories,SG,False,2025-10,2025,False,False,False
7756005769471,1,51.18,20.47,51.18,D8,D9,Direct / Organic,Other,MY,False,2022-10,2022,False,False,False
7756007342335,1,51.18,20.47,51.18,D8,D9,Direct / Organic,Other,MY,False,2022-10,2022,False,False,False
7756007440639,1,51.18,20.47,51.18,D8,D9,Direct / Organic,Unknown,MY,False,2022-10,2022,False,False,False
7756260638975,1,51.18,20.47,51.18,D8,D8,Direct / Organic,Other,MY,False,2022-12,2022,False,False,False
7756260901119,1,51.18,20.47,51.18,D8,D8,Direct / Organic,Other,MY,False,2022-12,2022,False,False,False
7756263588095,1,51.18,20.47,51.18,D8,D8,Direct / Organic,Unknown,MY,False,2022-12,2022,False,False,False
7756358811903,1,51.18,20.47,51.18,D8,D8,Direct / Organic,Other,MY,False,2023-04,2023,False,False,False
7756384305407,1,51.18,20.47,51.18,D8,D8,Direct / Organic,Other,MY,False,2023-10,2023,False,False,False
7756459475199,1,51.18,20.47,51.18,D8,D7,Direct / Organic,Other,MY,False,2024-08,2024,False,False,False
7521958330623,1,51.18,20.47,51.18,D8,D9,Subscription,Unknown,SG,False,2024-09,2024,False,False,False
7756421955839,1,51.16,20.47,51.16,D8,D7,Direct / Organic,Collagen Glow,MY,False,2024-04,2024,False,False,False
7756404982015,1,51.15,20.46,51.15,D8,D7,Direct / Organic,Soy Protein,MY,False,2024-01,2024,False,False,False
7756045353215,2,51.05,20.42,25.53,D8,D3,Direct / Organic,Unknown,MY,False,2022-01,2022,False,False,False
6692441456895,1,50.92,20.37,50.92,D8,D10,Subscription,Other,SG,True,2023-06,2023,False,False,False
7313089888511,1,50.92,20.37,50.92,D8,D9,Subscription,Lean Protein,SG,True,2024-05,2024,False,False,False
8474561478911,1,50.92,20.37,50.92,D8,D5,Direct / Organic,Lean Protein,SG,False,2025-10,2025,False,False,False
8478279467263,1,50.92,20.37,50.92,D8,D5,Direct / Organic,Lean Protein,SG,False,2025-10,2025,False,False,False
8478338089215,1,50.92,20.37,50.92,D8,D5,Direct / Organic,Lean Protein,SG,False,2025-10,2025,False,False,False
8483167600895,1,50.92,20.37,50.92,D8,D5,Direct / Organic,Lean Protein,SG,False,2025-10,2025,False,False,False
8483189162239,1,50.92,20.37,50.92,D8,D5,Direct / Organic,Lean Protein,SG,False,2025-10,2025,False,False,False
8483266560255,1,50.92,20.37,50.92,D8,D5,Direct / Organic,Lean Protein,SG,False,2025-10,2025,False,False,False
8483268362495,1,50.92,20.37,50.92,D8,D5,Direct / Organic,Lean Protein,SG,False,2025-10,2025,False,False,False
8483479322879,1,50.92,20.37,50.92,D8,D5,Direct / Organic,Lean Protein,SG,False,2025-10,2025,False,False,False
8761417793791,1,50.92,20.37,50.92,D8,D4,Direct / Organic,Lean Protein,SG,False,2026-02,2026,False,False,False
8761430671615,1,50.92,20.37,50.92,D8,D4,Direct / Organic,Lean Protein,SG,False,2026-02,2026,False,False,False
8761574621439,1,50.92,20.37,50.92,D8,D4,Direct / Organic,Lean Protein,SG,False,2026-02,2026,False,False,False
8794134937855,1,50.92,20.37,50.92,D8,D4,Direct / Organic,Lean Protein,SG,False,2026-02,2026,False,False,False
7756465766655,1,50.91,20.36,50.91,D8,D7,Direct / Organic,Lean Protein,MY,False,2024-09,2024,False,False,False
7756466192639,1,50.91,20.36,50.91,D8,D7,Direct / Organic,Lean Protein,MY,False,2024-09,2024,False,False,False
7756473303295,1,50.91,20.36,50.91,D8,D7,Direct / Organic,Lean Protein,MY,False,2024-10,2024,False,False,False
6718461051135,1,50.84,20.34,50.84,D8,D10,Subscription,Other,SG,True,2023-06,2023,False,False,False
8175537717503,1,50.8,20.32,50.8,D8,D5,Direct / Organic,Lean Protein,SG,False,2025-12,2025,False,False,False
8252778774783,1,50.8,20.32,50.8,D8,D5,Paid Search,Lean Protein,SG,False,2025-08,2025,False,False,False
8437151236351,1,50.8,20.32,50.8,D8,D5,Paid Social,Clear Protein,SG,False,2025-10,2025,False,False,False
8484593008895,1,50.8,20.32,50.8,D8,D5,Direct / Organic,Clear Protein,SG,False,2025-10,2025,False,False,False
8717072433407,1,50.8,20.32,50.8,D8,D4,Direct / Organic,Lean Protein,SG,False,2026-01,2026,False,False,False
8835264250111,1,50.8,20.32,50.8,D8,D4,Direct / Organic,Clear Protein,SG,False,2026-03,2026,False,False,False
8612424483071,1,50.78,20.31,50.78,D8,D5,Direct / Organic,Lean Protein,SG,False,2025-12,2025,False,False,False
7756042797311,1,50.74,20.3,50.74,D8,D8,Direct / Organic,Unknown,MY,False,2022-02,2022,False,False,False
7756005802239,1,50.58,20.23,50.58,D8,D9,Direct / Organic,Unknown,MY,False,2022-10,2022,False,False,False
8861155229951,1,50.54,20.22,50.54,D8,D4,Direct / Organic,Other,SG,False,2026-03,2026,False,False,False
7297195835647,1,50.38,20.15,50.38,D8,D9,Subscription,Lean Protein,SG,False,2024-05,2024,False,False,False
7755934007551,1,50.32,20.13,50.32,D8,D9,Direct / Organic,Unknown,MY,False,2022-02,2022,False,False,False
7756046336255,2,50.27,20.11,25.14,D8,D3,Direct / Organic,Unknown,MY,False,2022-01,2022,False,False,False
7146957078783,1,50.15,20.06,50.15,D8,D9,Subscription,Clear Protein,SG,True,2024-03,2024,False,False,False
7136351912191,1,50.03,20.01,50.03,D8,D9,Subscription,Clear Protein,SG,False,2024-03,2024,False,False,False
7755998101759,1,50.0,20.0,50.0,D8,D9,Direct / Organic,Unknown,MY,False,2022-04,2022,False,False,False
7756028412159,2,50.0,20.0,25.0,D8,D3,Direct / Organic,Unknown,MY,False,2022-06,2022,False,False,False
7756034900223,1,50.0,20.0,50.0,D8,D8,Direct / Organic,Unknown,MY,False,2022-05,2022,False,False,False
6336697958655,1,49.9,19.96,49.9,D8,D10,Subscription,Unknown,SG,False,2022-01,2022,False,False,False
8243172376831,1,49.88,19.95,49.88,D8,D5,Direct / Organic,Clear Protein,SG,False,2025-08,2025,False,False,False
7477005385983,1,49.82,19.93,49.82,D8,D9,Subscription,Clear Protein,SG,False,2024-09,2024,False,False,False
7694672920831,1,49.82,19.93,49.82,D8,D9,Subscription,Lean Protein,SG,False,2024-12,2024,False,False,False
6329603686655,2,49.78,19.91,24.89,D8,D3,Subscription,Unknown,SG,False,2022-02,2022,False,False,False
8144576479487,2,49.78,19.91,24.89,D8,D2,Subscription,Other,SG,True,2025-06,2025,False,False,False
7755996397823,2,49.7,19.88,24.85,D8,D3,Direct / Organic,Unknown,MY,False,2022-03,2022,False,False,False
6532514840831,1,49.66,19.86,49.66,D8,D10,Direct / Organic,Other,MY,False,2023-01,2023,False,False,False
7755937448191,1,49.66,19.86,49.66,D8,D9,Direct / Organic,Other,MY,False,2023-01,2023,False,False,False
7756035752191,2,49.61,19.84,24.8,D8,D3,Direct / Organic,Unknown,MY,False,2022-05,2022,False,False,False
7756438601983,1,49.41,19.76,49.41,D8,D7,Subscription,Unknown,MY,True,2024-06,2024,False,False,False
6423593255167,1,49.4,19.76,49.4,D8,D10,Subscription,Unknown,SG,False,2022-04,2022,False,False,False
7756468224255,1,49.35,19.74,49.35,D8,D7,Direct / Organic,Other,MY,False,2024-09,2024,False,False,False
7756032868607,1,49.23,19.69,49.23,D8,D8,Direct / Organic,Unknown,MY,False,2022-06,2022,False,False,False
7756347736319,1,49.18,19.67,49.18,D8,D8,Direct / Organic,Other,MY,False,2024-09,2024,False,False,False
7756468683007,1,49.18,19.67,49.18,D8,D7,Direct / Organic,Other,MY,False,2024-09,2024,False,False,False
7756266275071,1,49.17,19.67,49.17,D8,D8,Direct / Organic,Accessories,MY,False,2023-01,2023,False,False,False
7363903357183,1,49.15,19.66,49.15,D8,D9,Subscription,Clear Protein,SG,False,2024-06,2024,False,False,False
7366254100735,1,49.15,19.66,49.15,D8,D9,Subscription,Clear Protein,SG,False,2024-06,2024,False,False,False
7755999936767,1,49.09,19.64,49.09,D8,D9,Direct / Organic,Unknown,MY,False,2022-09,2022,False,False,False
8728781127935,1,49.09,19.64,49.09,D8,D4,Subscription,Lean Protein,SG,True,2026-02,2026,False,False,False
7756413731071,2,49.04,19.62,24.52,D8,D3,Subscription,Other,MY,True,2024-03,2024,False,False,False
6327607001343,2,49.0,19.6,24.5,D8,D3,Subscription,Unknown,SG,False,2022-08,2022,False,False,False
6327694459135,2,49.0,19.6,24.5,D8,D3,Subscription,Unknown,SG,False,2022-04,2022,False,False,False
6423599546623,1,48.99,19.6,48.99,D8,D10,Subscription,Unknown,SG,False,2022-03,2022,False,False,False
7968974504191,1,48.92,19.57,48.92,D8,D6,Paid Social,Other,SG,False,2025-04,2025,False,False,False
7756427657471,1,48.89,19.56,48.89,D8,D7,Direct / Organic,Other,MY,False,2024-05,2024,False,False,False
7475045269759,1,48.86,19.54,48.86,D8,D9,Subscription,Collagen Glow,SG,False,2024-08,2024,False,False,False
7756432310527,1,48.73,19.49,48.73,D8,D7,Direct / Organic,Unknown,MY,False,2024-05,2024,False,False,False
7756470681855,1,48.73,19.49,48.73,D8,D7,Direct / Organic,Other,MY,False,2024-10,2024,False,False,False
7898587037951,1,48.7,19.48,48.7,D8,D7,Subscription,Lean Protein,SG,True,2025-03,2025,False,False,False
7756412616959,1,48.55,19.42,48.55,D8,D7,Direct / Organic,Clear Protein,MY,False,2024-03,2024,False,False,False
7756415271167,1,48.55,19.42,48.55,D8,D7,Direct / Organic,Clear Protein,MY,False,2024-03,2024,False,False,False
7756422906111,1,48.55,19.42,48.55,D8,D7,Direct / Organic,Clear Protein,MY,False,2024-04,2024,False,False,False
7756439814399,1,48.55,19.42,48.55,D8,D7,Direct / Organic,Clear Protein,MY,False,2024-06,2024,False,False,False
8566936469759,1,48.52,19.41,48.52,D8,D5,Subscription,Lean Protein,SG,True,2026-01,2026,False,False,False
7817996632319,1,48.51,19.4,48.51,D8,D7,Subscription,Lean Protein,SG,True,2025-01,2025,False,False,False
7756016681215,1,48.5,19.4,48.5,D8,D8,Direct / Organic,Unknown,MY,False,2022-08,2022,False,False,False
7755916542207,1,48.45,19.38,48.45,D8,D9,Direct / Organic,Unknown,MY,False,2022-01,2022,False,False,False
7756357468415,1,48.43,19.37,48.43,D8,D8,Direct / Organic,Collagen Glow,MY,False,2023-03,2023,False,False,False
8486535069951,2,48.42,19.37,24.21,D8,D2,Paid Social,Lean Protein,SG,False,2025-10,2025,False,False,False
6336741933311,1,48.4,19.36,48.4,D8,D10,Subscription,Unknown,SG,False,2022-01,2022,False,False,False
8079619653887,1,48.3,19.32,48.3,D8,D6,Direct / Organic,Lean Protein,SG,False,2025-05,2025,False,False,False
7756005409023,1,48.18,19.27,48.18,D8,D9,Direct / Organic,Other,MY,False,2022-10,2022,False,False,False
7756025790719,2,48.18,19.27,24.09,D8,D3,Direct / Organic,Unknown,MY,False,2022-05,2022,False,False,False
8090155057407,2,48.17,19.27,24.08,D8,D2,Direct / Organic,Other,SG,False,2025-05,2025,False,False,False
7756173345023,1,48.15,19.26,48.15,D8,D8,Direct / Organic,Unknown,MY,False,2023-06,2023,False,False,False
7756376965375,1,48.15,19.26,48.15,D8,D8,Direct / Organic,Unknown,MY,False,2023-08,2023,False,False,False
7756438700287,1,48.15,19.26,48.15,D8,D7,Direct / Organic,Other,MY,False,2024-06,2024,False,False,False
8452477878527,1,48.11,19.24,48.11,D8,D5,Direct / Organic,Other,SG,False,2025-10,2025,False,False,False
7959817552127,1,48.1,19.24,48.1,D8,D6,Subscription,Lean Protein,SG,True,2025-04,2025,False,False,False
6329631408383,1,48.09,19.24,48.09,D8,D10,Subscription,Unknown,SG,False,2022-08,2022,False,False,False
6824946204927,1,48.02,19.21,48.02,D8,D10,Subscription,Other,SG,False,2023-09,2023,False,False,False
8629921972479,1,47.92,19.17,47.92,D8,D4,Direct / Organic,Lean Protein,SG,False,2025-12,2025,False,False,False
7755940462847,1,47.88,19.15,47.88,D8,D9,Direct / Organic,Unknown,MY,False,2022-08,2022,False,False,False
7755966054655,1,47.88,19.15,47.88,D8,D9,Direct / Organic,Unknown,MY,False,2022-09,2022,False,False,False
7756016255231,1,47.88,19.15,47.88,D8,D8,Direct / Organic,Unknown,MY,False,2022-09,2022,False,False,False
7756018155775,1,47.88,19.15,47.88,D8,D8,Direct / Organic,Unknown,MY,False,2022-08,2022,False,False,False
7756019564799,1,47.88,19.15,47.88,D8,D8,Direct / Organic,Unknown,MY,False,2022-08,2022,False,False,False
8720535388415,1,47.8,19.12,47.8,D8,D4,Direct / Organic,Clear Protein,SG,False,2026-01,2026,False,False,False
7756030116095,1,47.67,19.07,47.67,D8,D8,Direct / Organic,Unknown,MY,False,2022-06,2022,False,False,False
7756038570239,1,47.56,19.02,47.56,D8,D8,Direct / Organic,Unknown,MY,False,2022-03,2022,False,False,False
7756043223295,1,47.56,19.02,47.56,D8,D8,Direct / Organic,Unknown,MY,False,2022-02,2022,False,False,False
6329618006271,1,47.44,18.98,47.44,D8,D10,Subscription,Unknown,SG,False,2022-02,2022,False,False,False
7755941904639,1,47.28,18.91,47.28,D8,D9,Direct / Organic,Unknown,MY,False,2022-05,2022,False,False,False
7756008325375,1,47.23,18.89,47.23,D8,D8,Direct / Organic,Unknown,MY,False,2022-03,2022,False,False,False
7756015567103,2,46.91,18.76,23.45,D8,D3,Direct / Organic,Unknown,MY,False,2022-09,2022,False,False,False
6327703240959,1,46.9,18.76,46.9,D8,D10,Subscription,Unknown,SG,False,2022-08,2022,False,False,False
6328266129663,1,46.9,18.76,46.9,D8,D10,Subscription,Unknown,SG,False,2022-08,2022,False,False,False
6328303943935,1,46.9,18.76,46.9,D8,D10,Subscription,Unknown,SG,False,2022-08,2022,False,False,False
6543953953023,1,46.85,18.74,46.85,D8,D10,Subscription,Other,SG,False,2023-02,2023,False,False,False
7308225970431,1,46.83,18.73,46.83,D8,D9,Subscription,Lean Protein,SG,False,2024-05,2024,False,False,False
7519999066367,1,46.83,18.73,46.83,D8,D9,Subscription,Lean Protein,SG,False,2024-09,2024,False,False,False
7520596295935,1,46.83,18.73,46.83,D8,D9,Subscription,Clear Protein,SG,False,2024-09,2024,False,False,False
7520742703359,1,46.83,18.73,46.83,D8,D9,Subscription,Clear Protein,SG,False,2024-09,2024,False,False,False
7520819249407,1,46.83,18.73,46.83,D8,D9,Subscription,Clear Protein,SG,False,2024-09,2024,False,False,False
7521717682431,1,46.83,18.73,46.83,D8,D9,Subscription,Clear Protein,SG,False,2024-09,2024,False,False,False
7521949188351,1,46.83,18.73,46.83,D8,D9,Subscription,Lean Protein,SG,False,2024-09,2024,False,False,False
7522965946623,1,46.83,18.73,46.83,D8,D9,Subscription,Clear Protein,SG,False,2024-09,2024,False,False,False
7523199582463,1,46.83,18.73,46.83,D8,D9,Subscription,Clear Protein,SG,False,2024-09,2024,False,False,False
7756016287999,1,46.82,18.73,46.82,D8,D8,Direct / Organic,Unknown,MY,False,2022-09,2022,False,False,False
7756031492351,2,46.77,18.71,23.39,D8,D3,Direct / Organic,Unknown,MY,False,2022-06,2022,False,False,False
6532515135743,1,46.72,18.69,46.72,D8,D10,Direct / Organic,Other,MY,False,2023-01,2023,False,False,False
7756017336575,1,46.67,18.67,46.67,D8,D8,Direct / Organic,Unknown,MY,False,2022-08,2022,False,False,False
8090067173631,1,46.63,18.65,46.63,D8,D6,Direct / Organic,Other,SG,False,2025-05,2025,False,False,False
7756044599551,2,46.52,18.61,23.26,D8,D3,Direct / Organic,Unknown,MY,False,2022-01,2022,False,False,False
7108628939007,1,46.5,18.6,46.5,D8,D9,Subscription,Clear Protein,SG,False,2024-03,2024,False,False,False
7755940299007,2,46.33,18.53,23.17,D8,D3,Direct / Organic,Unknown,MY,False,2022-02,2022,False,False,False
8361322807551,1,46.25,18.5,46.25,D8,D5,Direct / Organic,Clear Protein,SG,False,2025-10,2025,False,False,False
7151885091071,1,46.2,18.48,46.2,D8,D9,Subscription,Clear Protein,SG,False,2024-05,2024,False,False,False
7312641884415,1,46.2,18.48,46.2,D8,D9,Subscription,Clear Protein,SG,False,2024-05,2024,False,False,False
7756430934271,1,46.15,18.46,46.15,D8,D7,Direct / Organic,Clear Protein,MY,False,2024-05,2024,False,False,False
7756039717119,1,45.99,18.4,45.99,D8,D8,Direct / Organic,Unknown,MY,False,2022-03,2022,False,False,False
8870517539071,1,45.94,18.38,45.94,D8,D4,Subscription,Collagen Glow,SG,True,2026-03,2026,False,False,False
7756034375935,1,45.92,18.37,45.92,D8,D8,Direct / Organic,Unknown,MY,False,2022-05,2022,False,False,False
7756440076543,1,45.89,18.36,45.89,D8,D7,Direct / Organic,Other,MY,False,2024-06,2024,False,False,False
8798684545279,1,45.83,18.33,45.83,D8,D4,Subscription,Lean Protein,SG,True,2026-02,2026,False,False,False
7572782612735,1,45.82,18.33,45.82,D8,D9,Subscription,Lean Protein,SG,True,2024-10,2024,False,False,False
8284492071167,1,45.82,18.33,45.82,D8,D5,Subscription,Other,SG,True,2025-08,2025,False,False,False
7888779870463,1,45.78,18.31,45.78,D8,D7,Subscription,Lean Protein,SG,True,2025-03,2025,False,False,False
6715478900991,1,45.75,18.3,45.75,D8,D10,Subscription,Other,SG,True,2023-06,2023,False,False,False
7756440207615,1,45.68,18.27,45.68,D8,D7,Direct / Organic,Clear Protein,MY,False,2024-06,2024,False,False,False
6875347910911,1,45.63,18.25,45.63,D8,D9,Subscription,Other,SG,True,2023-10,2023,False,False,False
7756017139967,1,45.62,18.25,45.62,D8,D8,Direct / Organic,Unknown,MY,False,2022-08,2022,False,False,False
8817388421375,1,45.61,18.24,45.61,D8,D4,Direct / Organic,Other,SG,False,2026-03,2026,False,False,False
6327638491391,1,45.4,18.16,45.4,D8,D10,Subscription,Unknown,SG,False,2022-06,2022,False,False,False
6423239360767,1,45.4,18.16,45.4,D8,D10,Subscription,Unknown,SG,False,2022-06,2022,False,False,False
7756037521663,1,45.3,18.12,45.3,D8,D8,Direct / Organic,Unknown,MY,False,2022-04,2022,False,False,False
7756032671999,1,45.27,18.11,45.27,D8,D8,Direct / Organic,Unknown,MY,False,2022-06,2022,False,False,False
7756032803071,1,45.27,18.11,45.27,D8,D8,Direct / Organic,Unknown,MY,False,2022-06,2022,False,False,False
7756016550143,1,45.15,18.06,45.15,D8,D8,Direct / Organic,Unknown,MY,False,2022-08,2022,False,False,False
8015556968703,1,45.12,18.05,45.12,D8,D6,Direct / Organic,Other,SG,False,2025-05,2025,False,False,False
7756430278911,1,45.11,18.04,45.11,D8,D7,Direct / Organic,Collagen Glow,MY,False,2024-05,2024,False,False,False
7756040339711,1,45.03,18.01,45.03,D8,D8,Direct / Organic,Unknown,MY,False,2022-03,2022,False,False,False
6423594598655,1,44.9,17.96,44.9,D8,D10,Subscription,Unknown,SG,False,2022-04,2022,False,False,False
8065620410623,1,44.9,17.96,44.9,D8,D6,Direct / Organic,Collagen Glow,SG,False,2025-05,2025,False,False,False
8246777282815,1,44.9,17.96,44.9,D8,D5,Direct / Organic,Other,SG,False,2025-08,2025,False,False,False
8681786704127,1,44.9,17.96,44.9,D8,D4,Direct / Organic,Collagen Glow,SG,False,2026-01,2026,False,False,False
7756349833471,1,44.82,17.93,44.82,D8,D8,Direct / Organic,Other,MY,False,2023-03,2023,False,False,False
6469874483455,1,44.8,17.92,44.8,D8,D10,Subscription,Other,SG,False,2023-08,2023,False,False,False
6492358639871,1,44.8,17.92,44.8,D8,D10,Subscription,Other,SG,False,2022-12,2022,False,False,False
6601910976767,1,44.8,17.92,44.8,D8,D10,Subscription,Other,SG,False,2023-03,2023,False,False,False
6601972154623,1,44.8,17.92,44.8,D8,D10,Subscription,Other,SG,False,2023-03,2023,False,False,False
6803687801087,1,44.8,17.92,44.8,D8,D10,Subscription,Other,SG,False,2023-09,2023,False,False,False
6951967162623,1,44.8,17.92,44.8,D8,D9,Subscription,Other,SG,False,2023-12,2023,False,False,False
7466578280703,1,44.8,17.92,44.8,D8,D9,Subscription,Clear Protein,SG,False,2024-08,2024,False,False,False
7469025329407,1,44.8,17.92,44.8,D8,D9,Subscription,Clear Protein,SG,False,2024-08,2024,False,False,False
7473725866239,1,44.8,17.92,44.8,D8,D9,Subscription,Clear Protein,SG,False,2024-08,2024,False,False,False
7475532923135,1,44.8,17.92,44.8,D8,D9,Subscription,Clear Protein,SG,False,2024-08,2024,False,False,False
7582926274815,1,44.8,17.92,44.8,D8,D9,Subscription,Collagen Glow,SG,False,2024-10,2024,False,False,False
7948679774463,1,44.8,17.92,44.8,D8,D6,Email,Other,SG,False,2026-02,2026,False,False,False
8309050933503,1,44.8,17.92,44.8,D8,D5,Paid Social,Accessories,SG,False,2025-09,2025,False,False,False
8709102731519,1,44.8,17.92,44.8,D8,D4,Direct / Organic,Other,SG,False,2026-01,2026,False,False,False
8721866129663,1,44.8,17.92,44.8,D8,D4,Direct / Organic,Other,SG,False,2026-01,2026,False,False,False
7755949506815,2,44.55,17.82,22.27,D8,D3,Direct / Organic,Unknown,MY,False,2022-03,2022,False,False,False
7829344321791,1,44.55,17.82,44.55,D8,D7,Direct / Organic,Unknown,MY,False,2022-05,2022,False,False,False
7756044665087,1,43.94,17.58,43.94,D8,D8,Direct / Organic,Unknown,MY,False,2022-02,2022,False,False,False
7756264014079,1,43.92,17.57,43.92,D8,D8,Direct / Organic,Other,MY,False,2023-02,2023,False,False,False
7756264341759,1,43.92,17.57,43.92,D8,D8,Direct / Organic,Other,MY,False,2023-01,2023,False,False,False
7756267028735,1,43.92,17.57,43.92,D8,D8,Direct / Organic,Other,MY,False,2023-01,2023,False,False,False
7756328730879,1,43.92,17.57,43.92,D8,D8,Direct / Organic,Other,MY,False,2023-02,2023,False,False,False
7756357959935,1,43.92,17.57,43.92,D8,D8,Subscription,Other,MY,True,2023-04,2023,False,False,False
7755970969855,1,43.89,17.56,43.89,D8,D9,Direct / Organic,Other,MY,False,2024-04,2024,False,False,False
7944984461567,1,43.75,17.5,43.75,D8,D7,Direct / Organic,Lean Protein,SG,False,2025-04,2025,False,False,False
7756458819839,1,43.68,17.47,43.68,D8,D7,Direct / Organic,Lean Protein,MY,False,2024-09,2024,False,False,False
7756409078015,1,43.61,17.44,43.61,D8,D7,Direct / Organic,Other,MY,False,2024-02,2024,False,False,False
7756001902847,1,43.48,17.39,43.48,D8,D9,Direct / Organic,Unknown,MY,False,2022-08,2022,False,False,False
7756041715967,1,43.48,17.39,43.48,D8,D8,Direct / Organic,Unknown,MY,False,2022-03,2022,False,False,False
7756431294719,1,43.24,17.29,43.24,D8,D7,Subscription,Other,MY,True,2024-05,2024,False,False,False
7756362711295,1,43.01,17.2,43.01,D8,D8,Direct / Organic,Other,MY,False,2023-06,2023,False,False,False
7756430672127,1,43.01,17.2,43.01,D8,D7,Direct / Organic,Other,MY,False,2024-05,2024,False,False,False
7756043845887,2,43.0,17.2,21.5,D8,D3,Direct / Organic,Unknown,MY,False,2022-02,2022,False,False,False
7756467831039,1,42.99,17.2,42.99,D8,D7,Direct / Organic,Other,MY,False,2024-09,2024,False,False,False
7756033425663,1,42.98,17.19,42.98,D8,D8,Direct / Organic,Unknown,MY,False,2022-05,2022,False,False,False
6593253343487,1,42.9,17.16,42.9,D8,D10,Subscription,Other,SG,False,2023-03,2023,False,False,False
7756431458559,1,42.82,17.13,42.82,D8,D7,Direct / Organic,Clear Protein,MY,False,2024-05,2024,False,False,False
7756467798271,1,42.82,17.13,42.82,D8,D7,Direct / Organic,Clear Protein,MY,False,2024-09,2024,False,False,False
7756468388095,1,42.82,17.13,42.82,D8,D7,Direct / Organic,Clear Protein,MY,False,2024-09,2024,False,False,False
7756469338367,1,42.82,17.13,42.82,D8,D7,Direct / Organic,Clear Protein,MY,False,2024-09,2024,False,False,False
7425455227135,1,42.81,17.12,42.81,D8,D9,Subscription,Collagen Glow,SG,False,2024-08,2024,False,False,False
8863438635263,1,42.8,17.12,42.8,D8,D4,Direct / Organic,Clear Protein,SG,False,2026-03,2026,False,False,False
6329873694975,1,42.65,17.06,42.65,D8,D10,Subscription,Unknown,SG,False,2022-01,2022,False,False,False
7476708835583,1,42.56,17.02,42.56,D8,D9,Subscription,Other,SG,False,2024-09,2024,False,False,False
7756044402943,1,42.32,16.93,42.32,D8,D8,Direct / Organic,Unknown,MY,False,2022-02,2022,False,False,False
8353020543231,1,42.24,16.9,42.24,D8,D5,Direct / Organic,Other,SG,False,2025-09,2025,False,False,False
6327659954431,1,42.13,16.85,42.13,D8,D10,Subscription,Unknown,SG,False,2022-02,2022,False,False,False
8341148041471,1,42.12,16.85,42.12,D8,D5,Direct / Organic,Other,SG,False,2025-09,2025,False,False,False
6851588653311,1,42.09,16.84,42.09,D8,D9,Direct / Organic,Unknown,MY,False,2023-10,2023,False,False,False
7756385583359,1,42.09,16.84,42.09,D8,D8,Direct / Organic,Other,MY,False,2023-10,2023,False,False,False
8108930564351,1,42.03,16.81,42.03,D8,D6,Paid Social,Clear Protein,SG,False,2025-08,2025,False,False,False
7713343406335,1,42.01,16.8,42.01,D8,D9,Subscription,Unknown,SG,False,2024-12,2024,False,False,False
6327505355007,1,41.93,16.77,41.93,D8,D10,Subscription,Clear Protein,SG,False,2024-09,2024,False,False,False
7288033837311,1,41.93,16.77,41.93,D8,D9,Subscription,Clear Protein,SG,False,2024-09,2024,False,False,False
7475152355583,1,41.93,16.77,41.93,D8,D9,Subscription,Other,SG,False,2024-08,2024,False,False,False
7475209109759,1,41.93,16.77,41.93,D8,D9,Subscription,Lean Protein,SG,False,2024-08,2024,False,False,False
7475220250879,1,41.93,16.77,41.93,D8,D9,Subscription,Clear Protein,SG,False,2024-08,2024,False,False,False
7475224707327,1,41.93,16.77,41.93,D8,D9,Subscription,Clear Protein,SG,False,2024-08,2024,False,False,False
7475235553535,1,41.93,16.77,41.93,D8,D9,Subscription,Clear Protein,SG,False,2024-08,2024,False,False,False
7475258982655,1,41.93,16.77,41.93,D8,D9,Subscription,Clear Protein,SG,False,2024-08,2024,False,False,False
7475259932927,1,41.93,16.77,41.93,D8,D9,Subscription,Clear Protein,SG,False,2024-08,2024,False,False,False
7475294765311,1,41.93,16.77,41.93,D8,D9,Subscription,Clear Protein,SG,False,2024-08,2024,False,False,False
7475295518975,1,41.93,16.77,41.93,D8,D9,Subscription,Clear Protein,SG,False,2024-08,2024,False,False,False
7475296927999,1,41.93,16.77,41.93,D8,D9,Subscription,Clear Protein,SG,False,2024-08,2024,False,False,False
7475298042111,1,41.93,16.77,41.93,D8,D9,Subscription,Clear Protein,SG,False,2024-08,2024,False,False,False
7475306332415,1,41.93,16.77,41.93,D8,D9,Subscription,Clear Protein,SG,False,2024-08,2024,False,False,False
7475307348223,1,41.93,16.77,41.93,D8,D9,Subscription,Lean Protein,SG,False,2024-08,2024,False,False,False
7475329827071,1,41.93,16.77,41.93,D8,D9,Subscription,Clear Protein,SG,False,2024-08,2024,False,False,False
7475371213055,1,41.93,16.77,41.93,D8,D9,Subscription,Clear Protein,SG,False,2024-08,2024,False,False,False
7475443892479,1,41.93,16.77,41.93,D8,D9,Subscription,Clear Protein,SG,False,2024-08,2024,False,False,False
7475468665087,1,41.93,16.77,41.93,D8,D9,Subscription,Clear Protein,SG,False,2024-08,2024,False,False,False
7475492520191,1,41.93,16.77,41.93,D8,D9,Subscription,Clear Protein,SG,False,2024-08,2024,False,False,False
7475534790911,1,41.93,16.77,41.93,D8,D9,Subscription,Clear Protein,SG,False,2024-08,2024,False,False,False
7475539050751,1,41.93,16.77,41.93,D8,D9,Subscription,Clear Protein,SG,False,2024-08,2024,False,False,False
7476538605823,1,41.93,16.77,41.93,D8,D9,Subscription,Clear Protein,SG,False,2024-09,2024,False,False,False
7476541194495,1,41.93,16.77,41.93,D8,D9,Subscription,Clear Protein,SG,False,2024-09,2024,False,False,False
7476546830591,1,41.93,16.77,41.93,D8,D9,Subscription,Clear Protein,SG,False,2024-09,2024,False,False,False
7476547485951,1,41.93,16.77,41.93,D8,D9,Subscription,Clear Protein,SG,False,2024-09,2024,False,False,False
7476565213439,1,41.93,16.77,41.93,D8,D9,Subscription,Clear Protein,SG,False,2024-09,2024,False,False,False
7476622885119,1,41.93,16.77,41.93,D8,D9,Subscription,Clear Protein,SG,False,2024-09,2024,False,False,False
7476634714367,1,41.93,16.77,41.93,D8,D9,Subscription,Clear Protein,SG,False,2024-09,2024,False,False,False
7476644774143,1,41.93,16.77,41.93,D8,D9,Subscription,Clear Protein,SG,False,2024-09,2024,False,False,False
7476665712895,1,41.93,16.77,41.93,D8,D9,Subscription,Clear Protein,SG,False,2024-09,2024,False,False,False
7476666433791,1,41.93,16.77,41.93,D8,D9,Subscription,Clear Protein,SG,False,2024-09,2024,False,False,False
7476672692479,1,41.93,16.77,41.93,D8,D9,Subscription,Clear Protein,SG,False,2024-09,2024,False,False,False
7476677738751,1,41.93,16.77,41.93,D8,D9,Subscription,Clear Protein,SG,False,2024-09,2024,False,False,False
7476696088831,1,41.93,16.77,41.93,D8,D9,Subscription,Clear Protein,SG,False,2024-09,2024,False,False,False
7476709654783,1,41.93,16.77,41.93,D8,D9,Subscription,Clear Protein,SG,False,2024-09,2024,False,False,False
7476710899967,1,41.93,16.77,41.93,D8,D9,Subscription,Clear Protein,SG,False,2024-09,2024,False,False,False
7476712440063,1,41.93,16.77,41.93,D8,D9,Subscription,Clear Protein,SG,False,2024-09,2024,False,False,False
7476737868031,1,41.93,16.77,41.93,D8,D9,Subscription,Clear Protein,SG,False,2024-09,2024,False,False,False
7476743209215,1,41.93,16.77,41.93,D8,D9,Subscription,Lean Protein,SG,False,2024-09,2024,False,False,False
7476756971775,1,41.93,16.77,41.93,D8,D9,Subscription,Clear Protein,SG,False,2024-09,2024,False,False,False
7476792590591,1,41.93,16.77,41.93,D8,D9,Subscription,Clear Protein,SG,False,2024-09,2024,False,False,False
7476809302271,1,41.93,16.77,41.93,D8,D9,Subscription,Clear Protein,SG,False,2024-09,2024,False,False,False
7476847116543,1,41.93,16.77,41.93,D8,D9,Subscription,Clear Protein,SG,False,2024-09,2024,False,False,False
7476863992063,1,41.93,16.77,41.93,D8,D9,Subscription,Clear Protein,SG,False,2024-09,2024,False,False,False
7476874215679,1,41.93,16.77,41.93,D8,D9,Subscription,Other,SG,False,2024-09,2024,False,False,False
7476879655167,1,41.93,16.77,41.93,D8,D9,Subscription,Clear Protein,SG,False,2024-09,2024,False,False,False
7476881555711,1,41.93,16.77,41.93,D8,D9,Subscription,Clear Protein,SG,False,2024-09,2024,False,False,False
7476891648255,1,41.93,16.77,41.93,D8,D9,Subscription,Lean Protein,SG,False,2024-09,2024,False,False,False
7476914422015,1,41.93,16.77,41.93,D8,D9,Subscription,Clear Protein,SG,False,2024-09,2024,False,False,False
6329613844735,1,41.89,16.76,41.89,D8,D10,Subscription,Unknown,SG,False,2022-01,2022,False,False,False
7475380420863,1,41.86,16.74,41.86,D8,D9,Subscription,Other,SG,False,2024-08,2024,False,False,False
7476565934335,1,41.86,16.74,41.86,D8,D9,Subscription,Other,SG,False,2024-09,2024,False,False,False
7476633960703,1,41.86,16.74,41.86,D8,D9,Subscription,Other,SG,False,2024-09,2024,False,False,False
7756395053311,1,41.64,16.66,41.64,D8,D7,Direct / Organic,Collagen Glow,MY,False,2024-10,2024,False,False,False
8316323397887,1,41.63,16.65,41.63,D8,D5,Subscription,Lean Protein,SG,True,2025-09,2025,False,False,False
7756041814271,1,41.48,16.59,41.48,D8,D8,Direct / Organic,Unknown,MY,False,2022-03,2022,False,False,False
7756439027967,1,41.47,16.59,41.47,D8,D7,Direct / Organic,Soy Protein,MY,False,2024-06,2024,False,False,False
7756031525119,1,41.37,16.55,41.37,D8,D8,Direct / Organic,Unknown,MY,False,2022-06,2022,False,False,False
7756439552255,1,41.27,16.51,41.27,D8,D7,Direct / Organic,Lean Protein,MY,False,2024-06,2024,False,False,False
8364274221311,1,41.22,16.49,41.22,D8,D5,Direct / Organic,Lean Protein,SG,False,2025-10,2025,False,False,False
8488362180863,1,41.22,16.49,41.22,D8,D5,Direct / Organic,Clear Protein,SG,False,2025-11,2025,False,False,False
8653085704447,1,41.22,16.49,41.22,D8,D4,Direct / Organic,Clear Protein,SG,False,2025-12,2025,False,False,False
7756352159999,1,41.19,16.48,41.19,D8,D8,Subscription,Other,MY,True,2023-03,2023,False,False,False
8657403445503,1,40.99,16.4,40.99,D8,D4,Direct / Organic,Clear Protein,SG,False,2025-12,2025,False,False,False
6327627022591,1,40.91,16.36,40.91,D8,D10,Direct / Organic,Collagen Glow,SG,False,2025-10,2025,False,False,False
7756018123007,1,40.91,16.36,40.91,D8,D8,Direct / Organic,Unknown,MY,False,2022-08,2022,False,False,False
6329604210943,1,40.9,16.36,40.9,D8,D10,Direct / Organic,Soy Protein,SG,False,2026-01,2026,False,False,False
7981308379391,1,40.9,16.36,40.9,D8,D6,Direct / Organic,Soy Protein,SG,False,2025-04,2025,False,False,False
8670310531327,1,40.9,16.36,40.9,D8,D4,Direct / Organic,Soy Protein,SG,False,2026-01,2026,False,False,False
6336759955711,1,40.89,16.36,40.89,D8,D10,Subscription,Unknown,SG,False,2023-05,2023,False,False,False
6601910911231,1,40.89,16.36,40.89,D8,D10,Subscription,Unknown,SG,False,2023-03,2023,False,False,False
6700602786047,1,40.89,16.36,40.89,D8,D10,Subscription,Unknown,SG,False,2023-06,2023,False,False,False
7756439355647,1,40.86,16.35,40.86,D8,D7,Direct / Organic,Other,MY,False,2024-06,2024,False,False,False
6601909141759,1,40.81,16.32,40.81,D8,D10,Subscription,Collagen Glow,SG,False,2023-03,2023,False,False,False
6609653694719,1,40.81,16.32,40.81,D8,D10,Subscription,Other,SG,False,2023-03,2023,False,False,False
7012883824895,1,40.81,16.32,40.81,D8,D9,Subscription,Other,SG,False,2024-01,2024,False,False,False
7016101970175,1,40.81,16.32,40.81,D8,D9,Subscription,Other,SG,False,2024-01,2024,False,False,False
7031191503103,1,40.81,16.32,40.81,D8,D9,Subscription,Collagen Glow,SG,False,2024-01,2024,False,False,False
7089753653503,1,40.81,16.32,40.81,D8,D9,Subscription,Other,SG,False,2024-02,2024,False,False,False
7881287041279,1,40.81,16.32,40.81,D8,D7,Direct / Organic,Collagen Glow,SG,False,2025-03,2025,False,False,False
6327743709439,1,40.8,16.32,40.8,D8,D10,Subscription,Soy Protein,SG,False,2023-03,2023,False,False,False
6602513154303,1,40.8,16.32,40.8,D8,D10,Subscription,Soy Protein,SG,False,2023-03,2023,False,False,False
7177783116031,1,40.8,16.32,40.8,D8,D9,Subscription,Soy Protein,SG,False,2024-04,2024,False,False,False
7756475465983,1,40.8,16.32,40.8,D8,D7,Direct / Organic,Soy Protein,SG,False,2025-02,2025,False,False,False
7755974344959,1,40.76,16.3,40.76,D8,D9,Direct / Organic,Unknown,MY,False,2022-04,2022,False,False,False
7756038144255,1,40.76,16.3,40.76,D8,D8,Direct / Organic,Unknown,MY,False,2022-04,2022,False,False,False
7756039782655,1,40.76,16.3,40.76,D8,D8,Direct / Organic,Unknown,MY,False,2022-03,2022,False,False,False
8717923418367,1,40.73,16.29,40.73,D8,D4,Direct / Organic,Clear Protein,SG,False,2026-01,2026,False,False,False
7756047810815,1,40.72,16.29,40.72,D8,D8,Direct / Organic,Unknown,MY,False,2022-01,2022,False,False,False
7756044828927,2,40.48,16.19,20.24,D8,D3,Direct / Organic,Unknown,MY,False,2022-01,2022,False,False,False
8906250879231,1,40.45,16.18,40.45,D8,D3,Direct / Organic,Clear Protein,SG,False,2026-03,2026,False,False,False
8096187580671,1,40.4,16.16,40.4,D8,D6,Paid Social,Clear Protein,SG,False,2025-06,2025,False,False,False
8712295612671,1,40.34,16.14,40.34,D8,D4,Direct / Organic,Clear Protein,SG,False,2026-01,2026,False,False,False
8596374290687,1,40.33,16.13,40.33,D8,D5,Direct / Organic,Collagen Glow,SG,False,2025-12,2025,False,False,False
7756398919935,1,40.25,16.1,40.25,D8,D7,Direct / Organic,Unknown,MY,False,2024-01,2024,False,False,False
6601910878463,1,40.01,16.0,40.01,D8,D10,Subscription,Collagen Glow,SG,False,2023-04,2023,False,False,False
6328246960383,1,40.0,16.0,40.0,D8,D10,Subscription,Unknown,SG,False,2022-08,2022,False,False,False
6336747012351,1,40.0,16.0,40.0,D8,D10,Subscription,Unknown,SG,False,2022-02,2022,False,False,False
6836349403391,1,39.9,15.96,39.9,D8,D9,Subscription,Collagen Glow,SG,False,2023-10,2023,False,False,False
8785460625663,1,39.8,15.92,39.8,D8,D4,Direct / Organic,Other,SG,False,2026-02,2026,False,False,False
8847684993279,1,39.8,15.92,39.8,D8,D4,Direct / Organic,Accessories,SG,False,2026-03,2026,False,False,False
7755939479807,1,39.79,15.92,39.79,D8,D9,Direct / Organic,Lean Protein,MY,False,2024-05,2024,False,False,False
7756469698815,1,39.79,15.92,39.79,D8,D7,Direct / Organic,Lean Protein,MY,False,2024-09,2024,False,False,False
8899212771583,1,39.7,15.88,39.7,D8,D4,Direct / Organic,Lean Protein,SG,False,2026-03,2026,False,False,False
7966502945023,4,39.6,15.84,9.9,D8,D1,Paid Social,Unknown,SG,False,2025-04,2025,False,True,False
8307071779071,1,39.24,15.7,39.24,D8,D5,Direct / Organic,Other,SG,False,2025-09,2025,False,False,False
8438249554175,1,39.24,15.7,39.24,D8,D5,Paid Social,Collagen Glow,SG,False,2025-10,2025,False,False,False
8902711247103,1,39.23,15.69,39.23,D8,D4,Direct / Organic,Collagen Glow,SG,False,2026-03,2026,False,False,False
7756422676735,1,39.13,15.65,39.13,D8,D7,Subscription,Other,MY,True,2024-04,2024,False,False,False
7756038799615,1,39.09,15.64,39.09,D8,D8,Direct / Organic,Unknown,MY,False,2022-03,2022,False,False,False
7756045418751,1,39.09,15.64,39.09,D8,D8,Direct / Organic,Unknown,MY,False,2022-01,2022,False,False,False
7756421693695,1,39.07,15.63,39.07,D8,D7,Direct / Organic,Unknown,MY,False,2024-04,2024,False,False,False
7756434014463,1,39.07,15.63,39.07,D8,D7,Direct / Organic,Other,MY,False,2024-06,2024,False,False,False
7756376834303,1,39.06,15.62,39.06,D8,D8,Direct / Organic,Other,MY,False,2023-08,2023,False,False,False
7756382896383,1,39.06,15.62,39.06,D8,D8,Direct / Organic,Unknown,MY,False,2023-09,2023,False,False,False
7756487590143,1,39.03,15.61,39.03,D8,D7,Direct / Organic,Other,MY,False,2024-12,2024,False,False,False
7756361695487,1,38.94,15.58,38.94,D8,D8,Direct / Organic,Other,MY,False,2023-05,2023,False,False,False
8310376792319,1,38.94,15.58,38.94,D8,D5,Direct / Organic,Collagen Glow,SG,False,2025-09,2025,False,False,False
7756440371455,1,38.86,15.55,38.86,D8,D7,Direct / Organic,Lean Protein,MY,False,2024-06,2024,False,False,False
7756440699135,1,38.86,15.55,38.86,D8,D7,Direct / Organic,Lean Protein,MY,False,2024-07,2024,False,False,False
7755930403071,1,38.85,15.54,38.85,D8,D9,Direct / Organic,Unknown,MY,False,2022-05,2022,False,False,False
7756035391743,1,38.85,15.54,38.85,D8,D8,Direct / Organic,Unknown,MY,False,2022-05,2022,False,False,False
8306167054591,1,38.83,15.53,38.83,D8,D5,Affiliate,Other,SG,False,2025-09,2025,False,False,False
6327653794047,1,38.81,15.52,38.81,D8,D10,Subscription,Other,SG,False,2023-01,2023,False,False,False
6518409691391,1,38.81,15.52,38.81,D8,D10,Subscription,Other,SG,False,2023-01,2023,False,False,False
6532503077119,1,38.81,15.52,38.81,D8,D10,Subscription,Other,SG,False,2023-02,2023,False,False,False
6601910943999,1,38.81,15.52,38.81,D8,D10,Subscription,Collagen Glow,SG,False,2023-04,2023,False,False,False
7099485159679,1,38.81,15.52,38.81,D8,D9,Subscription,Other,SG,False,2024-02,2024,False,False,False
7183667331327,1,38.81,15.52,38.81,D8,D9,Subscription,Collagen Glow,SG,False,2024-04,2024,False,False,False
7575695851775,1,38.81,15.52,38.81,D8,D9,Subscription,Collagen Glow,SG,False,2024-10,2024,False,False,False
7829328363775,1,38.79,15.52,38.79,D8,D7,Direct / Organic,Collagen Glow,MY,False,2025-01,2025,False,False,False
7756415697151,1,38.61,15.44,38.61,D8,D7,Subscription,Other,MY,True,2024-04,2024,False,False,False
7756416975103,1,38.61,15.44,38.61,D8,D7,Subscription,Other,MY,True,2024-04,2024,False,False,False
8140701565183,1,38.4,15.36,38.4,D8,D6,Direct / Organic,Clear Protein,SG,False,2025-06,2025,False,False,False
7756001378559,1,38.36,15.35,38.36,D8,D9,Direct / Organic,Unknown,MY,False,2022-05,2022,False,False,False
7756379291903,1,38.15,15.26,38.15,D8,D8,Direct / Organic,Other,MY,False,2023-09,2023,False,False,False
7756379685119,1,38.15,15.26,38.15,D8,D8,Direct / Organic,Other,MY,False,2023-09,2023,False,False,False
7756386009343,1,38.15,15.26,38.15,D8,D7,Direct / Organic,Other,MY,False,2023-10,2023,False,False,False
7755975950591,1,37.76,15.1,37.76,D8,D9,Direct / Organic,Unknown,MY,False,2022-04,2022,False,False,False
7969924874495,1,37.69,15.08,37.69,D8,D6,Direct / Organic,Lean Protein,SG,False,2025-04,2025,False,False,False
6329868943615,1,37.34,14.94,37.34,D8,D10,Subscription,Unknown,SG,False,2022-02,2022,False,False,False
6423602168063,1,37.34,14.94,37.34,D8,D10,Subscription,Unknown,SG,False,2022-02,2022,False,False,False
8875323588863,1,37.31,14.92,37.31,D8,D4,Direct / Organic,Soy Protein,SG,False,2026-03,2026,False,False,False
7756377620735,1,37.22,14.89,37.22,D8,D8,Direct / Organic,Unknown,MY,False,2023-08,2023,False,False,False
7756195037439,1,37.09,14.84,37.09,D8,D8,Direct / Organic,Soy Protein,MY,False,2024-01,2024,False,False,False
8843522703615,1,36.98,14.79,36.98,D8,D4,Direct / Organic,Other,SG,False,2026-03,2026,False,False,False
7756018221311,1,36.91,14.76,36.91,D8,D8,Direct / Organic,Unknown,MY,False,2022-08,2022,False,False,False
6327759241471,1,36.9,14.76,36.9,D8,D10,Subscription,Unknown,SG,False,2022-05,2022,False,False,False
6329867763967,1,36.9,14.76,36.9,D8,D10,Subscription,Unknown,SG,False,2022-08,2022,False,False,False
8306859081983,1,36.84,14.74,36.84,D8,D5,Paid Social,Lean Protein,SG,False,2025-09,2025,False,False,False
6616188879103,1,36.82,14.73,36.82,D8,D10,Subscription,Other,SG,False,2023-03,2023,False,False,False
7930953138431,1,36.8,14.72,36.8,D8,D7,Subscription,Lean Protein,SG,True,2025-03,2025,False,False,False
7756468551935,1,36.65,14.66,36.65,D8,D7,Direct / Organic,Other,MY,False,2024-09,2024,False,False,False
7756469108991,1,36.65,14.66,36.65,D8,D7,Direct / Organic,Other,MY,False,2024-09,2024,False,False,False
7756469829887,1,36.65,14.66,36.65,D8,D7,Direct / Organic,Other,MY,False,2024-09,2024,False,False,False
7756477530367,1,36.65,14.66,36.65,D8,D7,Direct / Organic,Other,MY,False,2024-10,2024,False,False,False
7756035883263,1,36.58,14.63,36.58,D8,D8,Direct / Organic,Unknown,MY,False,2022-05,2022,False,False,False
7756429787391,1,36.45,14.58,36.45,D8,D7,Direct / Organic,Lean Protein,MY,False,2024-05,2024,False,False,False
7756430835967,1,36.45,14.58,36.45,D8,D7,Direct / Organic,Lean Protein,MY,False,2024-05,2024,False,False,False
7756431032575,1,36.45,14.58,36.45,D8,D7,Direct / Organic,Lean Protein,MY,False,2024-05,2024,False,False,False
7756468748543,1,36.45,14.58,36.45,D8,D7,Direct / Organic,Lean Protein,MY,False,2024-09,2024,False,False,False
8708667474175,1,36.38,14.55,36.38,D8,D4,Direct / Organic,Other,SG,False,2026-01,2026,False,False,False
7756045746431,1,36.35,14.54,36.35,D8,D8,Direct / Organic,Unknown,MY,False,2022-01,2022,False,False,False
7756350488831,1,36.33,14.53,36.33,D8,D8,Direct / Organic,Collagen Glow,MY,False,2023-03,2023,False,False,False
7756398166271,1,36.33,14.53,36.33,D8,D7,Direct / Organic,Collagen Glow,MY,False,2023-12,2023,False,False,False
7756034769151,1,36.27,14.51,36.27,D8,D8,Direct / Organic,Unknown,MY,False,2022-05,2022,False,False,False
7756477235455,1,36.24,14.49,36.24,D8,D7,Subscription,Other,MY,True,2024-10,2024,False,False,False
7756382699775,1,36.19,14.48,36.19,D8,D8,Direct / Organic,Other,MY,False,2023-09,2023,False,False,False
7756468781311,1,36.08,14.43,36.08,D8,D7,Subscription,Clear Protein,MY,True,2024-09,2024,False,False,False
8096731693311,1,35.9,14.36,35.9,D8,D6,Direct / Organic,Soy Protein,SG,False,2025-06,2025,False,False,False
8109830078719,1,35.9,14.36,35.9,D8,D6,Direct / Organic,Soy Protein,SG,False,2025-06,2025,False,False,False
8246269673727,1,35.9,14.36,35.9,D8,D5,Direct / Organic,Soy Protein,SG,False,2025-08,2025,False,False,False
8285542351103,1,35.9,14.36,35.9,D8,D5,Direct / Organic,Soy Protein,SG,False,2025-08,2025,False,False,False
7756037980415,1,35.87,14.35,35.87,D8,D8,Direct / Organic,Unknown,MY,False,2022-04,2022,False,False,False
8435432358143,1,35.5,14.2,35.5,D8,D5,Paid Social,Other,SG,False,2025-10,2025,False,False,False
7549590896895,1,35.41,14.16,35.41,D8,D9,Subscription,Soy Protein,SG,False,2024-10,2024,False,False,False
7756000035071,1,35.39,14.16,35.39,D8,D9,Direct / Organic,Unknown,MY,False,2022-08,2022,False,False,False
7756009177343,1,35.33,14.13,35.33,D8,D8,Direct / Organic,Unknown,MY,False,2022-04,2022,False,False,False
7756033261823,1,35.33,14.13,35.33,D8,D8,Direct / Organic,Unknown,MY,False,2022-05,2022,False,False,False
7756035653887,1,35.33,14.13,35.33,D8,D8,Direct / Organic,Unknown,MY,False,2022-05,2022,False,False,False
8080070476031,1,34.9,13.96,34.9,D8,D6,Direct / Organic,Other,SG,False,2025-05,2025,False,False,False
7756280692991,1,34.84,13.94,34.84,D8,D8,Direct / Organic,Soy Protein,SG,False,2026-03,2026,False,False,False
6500262969599,1,34.8,13.92,34.8,D8,D10,Subscription,Other,SG,False,2023-01,2023,False,False,False
6601909534975,1,34.8,13.92,34.8,D8,D10,Subscription,Other,SG,False,2023-03,2023,False,False,False
6601910845695,1,34.8,13.92,34.8,D8,D10,Subscription,Unknown,SG,False,2023-03,2023,False,False,False
6620081684735,1,34.8,13.92,34.8,D8,D10,Subscription,Other,SG,False,2023-03,2023,False,False,False
6644874084607,1,34.8,13.92,34.8,D8,D10,Subscription,Unknown,SG,False,2023-04,2023,False,False,False
6837428453631,1,34.8,13.92,34.8,D8,D9,Subscription,Other,SG,False,2023-10,2023,False,False,False
7288823283967,1,34.8,13.92,34.8,D8,D9,Subscription,Other,SG,False,2024-05,2024,False,False,False
7834599522559,1,34.8,13.92,34.8,D8,D7,Direct / Organic,Other,SG,False,2025-02,2025,False,False,False
8850290114815,1,34.8,13.92,34.8,D8,D4,Direct / Organic,Accessories,SG,False,2026-03,2026,False,False,False
8763113734399,1,34.79,13.92,34.79,D8,D4,Direct / Organic,Soy Protein,SG,False,2026-02,2026,False,False,False
7756017238271,1,34.77,13.91,34.77,D8,D8,Direct / Organic,Unknown,MY,False,2022-08,2022,False,False,False
8717997375743,1,34.58,13.83,34.58,D8,D4,Direct / Organic,Accessories,SG,False,2026-01,2026,False,False,False
7756036833535,4,34.54,13.82,8.63,D8,D1,Direct / Organic,Unknown,MY,False,2022-02,2022,False,True,False
8077244072191,1,34.5,13.8,34.5,D8,D6,Direct / Organic,Clear Protein,SG,False,2025-05,2025,False,False,False
8125631594751,1,34.5,13.8,34.5,D8,D6,Direct / Organic,Clear Protein,SG,False,2025-06,2025,False,False,False
8764788277503,1,34.5,13.8,34.5,D8,D4,Direct / Organic,Other,SG,False,2026-02,2026,False,False,False
6532482859263,1,34.49,13.8,34.49,D8,D10,Direct / Organic,Accessories,MY,False,2022-12,2022,False,False,False
8762675659007,1,34.46,13.78,34.46,D8,D4,Direct / Organic,Other,SG,False,2026-02,2026,False,False,False
6334087627007,1,34.4,13.76,34.4,D8,D10,Subscription,Unknown,SG,False,2022-02,2022,False,False,False
6423594500351,1,34.4,13.76,34.4,D8,D10,Subscription,Unknown,SG,False,2022-04,2022,False,False,False
6423605018879,2,34.4,13.76,17.2,D8,D3,Subscription,Unknown,SG,False,2022-02,2022,False,False,False
8780130713855,1,34.3,13.72,34.3,D8,D4,Direct / Organic,Other,SG,False,2026-02,2026,False,False,False
8683962335487,1,34.12,13.65,34.12,D8,D4,Direct / Organic,Soy Protein,SG,False,2026-01,2026,False,False,False
7756034015487,1,33.85,13.54,33.85,D8,D8,Direct / Organic,Unknown,MY,False,2022-05,2022,False,False,False
7250974277887,1,33.8,13.52,33.8,D8,D9,Direct / Organic,Lean Protein,SG,False,2025-10,2025,False,False,False
7756469764351,1,33.73,13.49,33.73,D8,D7,Direct / Organic,Lean Protein,MY,False,2024-09,2024,False,False,False
7756385386751,1,33.46,13.38,33.46,D8,D8,Subscription,Other,MY,True,2023-10,2023,False,False,False
7756015468799,1,33.45,13.38,33.45,D8,D8,Direct / Organic,Unknown,MY,False,2022-09,2022,False,False,False
7756018811135,1,33.45,13.38,33.45,D8,D8,Direct / Organic,Unknown,MY,False,2022-08,2022,False,False,False
6532495114495,1,63.3,25.32,63.3,D7,D10,Direct / Organic,Other,MY,False,2022-12,2022,False,False,False
7755923226879,1,63.3,25.32,63.3,D7,D9,Direct / Organic,Unknown,MY,False,2023-01,2023,False,False,False
7756007735551,1,63.3,25.32,63.3,D7,D8,Direct / Organic,Other,MY,False,2022-10,2022,False,False,False
7756260475135,1,63.3,25.32,63.3,D7,D8,Direct / Organic,Other,MY,False,2022-12,2022,False,False,False
7756261490943,1,63.3,25.32,63.3,D7,D8,Direct / Organic,Other,MY,False,2022-12,2022,False,False,False
7756264046847,1,63.3,25.32,63.3,D7,D8,Direct / Organic,Other,MY,False,2023-01,2022,False,False,False
7756348588287,1,63.28,25.31,63.28,D7,D8,Direct / Organic,Other,MY,False,2023-02,2023,False,False,False
7756379980031,1,63.28,25.31,63.28,D7,D8,Direct / Organic,Accessories,MY,False,2023-09,2023,False,False,False
7756357730559,1,63.25,25.3,63.25,D7,D8,Direct / Organic,Unknown,MY,False,2023-03,2023,False,False,False
8766992941311,1,63.15,25.26,63.15,D7,D4,Direct / Organic,Clear Protein,SG,False,2026-02,2026,False,False,False
8667886878975,1,63.11,25.24,63.11,D7,D4,Direct / Organic,Other,SG,False,2026-01,2026,False,False,False
6336697762047,1,63.08,25.23,63.08,D7,D10,Subscription,Unknown,SG,False,2022-03,2022,False,False,False
7756415893759,1,63.02,25.21,63.02,D7,D7,Direct / Organic,Accessories,MY,False,2024-04,2024,False,False,False
7756433621247,1,63.02,25.21,63.02,D7,D7,Direct / Organic,Accessories,MY,False,2024-06,2024,False,False,False
7756434178303,1,63.02,25.21,63.02,D7,D7,Direct / Organic,Accessories,MY,False,2024-06,2024,False,False,False
8874820043007,1,62.93,25.17,62.93,D7,D4,Direct / Organic,Lean Protein,SG,False,2026-03,2026,False,False,False
8697246744831,1,62.89,25.16,62.89,D7,D4,Direct / Organic,Clear Protein,SG,False,2026-01,2026,False,False,False
7476690583807,1,62.86,25.14,62.86,D7,D9,Subscription,Other,SG,False,2024-09,2024,False,False,False
8879046230271,1,62.85,25.14,62.85,D7,D4,Direct / Organic,Lean Protein,SG,False,2026-03,2026,False,False,False
8891095023871,1,62.85,25.14,62.85,D7,D4,Direct / Organic,Lean Protein,SG,False,2026-03,2026,False,False,False
8904983281919,1,62.85,25.14,62.85,D7,D3,Direct / Organic,Lean Protein,SG,False,2026-03,2026,False,False,False
7756414025983,1,62.76,25.1,62.76,D7,D7,Direct / Organic,Lean Protein,MY,False,2024-04,2024,False,False,False
7756404359423,1,62.67,25.07,62.67,D7,D7,Direct / Organic,Unknown,MY,False,2024-01,2024,False,False,False
8416067551487,1,62.6,25.04,62.6,D7,D5,Direct / Organic,Lean Protein,SG,False,2025-10,2025,False,False,False
6592534642943,1,62.59,25.04,62.59,D7,D10,Subscription,Unknown,SG,False,2023-03,2023,False,False,False
6613804351743,1,62.57,25.03,62.57,D7,D10,Subscription,Unknown,SG,False,2023-03,2023,False,False,False
7756035719423,1,62.52,25.01,62.52,D7,D8,Direct / Organic,Unknown,MY,False,2022-05,2022,False,False,False
8710849069311,1,62.52,25.01,62.52,D7,D4,Direct / Organic,Lean Protein,SG,False,2026-01,2026,False,False,False
6582888300799,1,62.51,25.0,62.51,D7,D10,Subscription,Other,SG,False,2023-02,2023,False,False,False
7756041945343,1,62.43,24.97,62.43,D7,D8,Direct / Organic,Unknown,MY,False,2022-02,2022,False,False,False
7539696337151,1,62.37,24.95,62.37,D7,D9,Subscription,Unknown,SG,False,2024-10,2024,False,False,False
8603014627583,2,62.33,24.93,31.16,D7,D2,Direct / Organic,Lean Protein,SG,False,2025-12,2025,False,False,False
7755981259007,1,62.3,24.92,62.3,D7,D9,Direct / Organic,Unknown,MY,False,2022-08,2022,False,False,False
6336672530687,1,62.29,24.92,62.29,D7,D10,Subscription,Unknown,SG,False,2022-06,2022,False,False,False
8898951086335,1,62.29,24.92,62.29,D7,D4,Subscription,Lean Protein,SG,True,2026-03,2026,False,False,False
6328262263039,1,62.1,24.84,62.1,D7,D10,Subscription,Clear Protein,SG,True,2026-02,2026,False,False,False
8073982476543,1,62.1,24.84,62.1,D7,D6,Subscription,Clear Protein,SG,True,2025-05,2025,False,False,False
8079628501247,1,62.1,24.84,62.1,D7,D6,Subscription,Clear Protein,SG,True,2025-05,2025,False,False,False
8094175363327,1,62.1,24.84,62.1,D7,D6,Subscription,Clear Protein,SG,True,2025-06,2025,False,False,False
8097262534911,1,62.1,24.84,62.1,D7,D6,Subscription,Clear Protein,SG,True,2025-06,2025,False,False,False
8115199738111,1,62.1,24.84,62.1,D7,D6,Subscription,Clear Protein,SG,True,2025-06,2025,False,False,False
8164918395135,1,62.1,24.84,62.1,D7,D5,Direct / Organic,Clear Protein,SG,False,2025-06,2025,False,False,False
8166562496767,1,62.1,24.84,62.1,D7,D5,Direct / Organic,Clear Protein,SG,False,2025-06,2025,False,False,False
8166873858303,1,62.1,24.84,62.1,D7,D5,Direct / Organic,Clear Protein,SG,False,2025-06,2025,False,False,False
8292704780543,1,62.1,24.84,62.1,D7,D5,Subscription,Clear Protein,SG,True,2025-08,2025,False,False,False
8488219017471,1,62.1,24.84,62.1,D7,D5,Direct / Organic,Clear Protein,SG,False,2025-11,2025,False,False,False
8488239988991,1,62.1,24.84,62.1,D7,D5,Direct / Organic,Clear Protein,SG,False,2025-11,2025,False,False,False
8488432992511,1,62.1,24.84,62.1,D7,D5,Direct / Organic,Clear Protein,SG,False,2025-11,2025,False,False,False
8770482307327,1,62.1,24.84,62.1,D7,D4,Subscription,Clear Protein,SG,True,2026-02,2026,False,False,False
8809370812671,1,62.1,24.84,62.1,D7,D4,Subscription,Clear Protein,SG,True,2026-02,2026,False,False,False
8834452357375,1,62.1,24.84,62.1,D7,D4,Subscription,Clear Protein,SG,True,2026-03,2026,False,False,False
7756362842367,1,62.07,24.83,62.07,D7,D8,Subscription,Other,MY,True,2023-06,2023,False,False,False
6329600966911,3,62.03,24.81,20.68,D7,D2,Direct / Organic,Unknown,MY,False,2022-05,2022,False,False,False
8488282390783,1,61.83,24.73,61.83,D7,D5,Direct / Organic,Clear Protein,SG,False,2025-11,2025,False,False,False
7527460929791,1,61.81,24.72,61.81,D7,D9,Subscription,Clear Protein,SG,False,2024-10,2024,False,False,False
7756375490815,2,61.77,24.71,30.88,D7,D3,Subscription,Other,MY,True,2023-09,2023,False,False,False
6327719756031,1,61.71,24.68,61.71,D7,D10,Subscription,Other,SG,False,2024-04,2024,False,False,False
6336751894783,1,61.71,24.68,61.71,D7,D10,Subscription,Other,SG,False,2022-12,2022,False,False,False
6616451449087,1,61.71,24.68,61.71,D7,D10,Subscription,Unknown,SG,False,2023-03,2023,False,False,False
6620088500479,1,61.71,24.68,61.71,D7,D10,Subscription,Other,SG,False,2023-03,2023,False,False,False
6978829582591,1,61.71,24.68,61.71,D7,D9,Subscription,Other,SG,False,2023-12,2023,False,False,False
7307541086463,1,61.71,24.68,61.71,D7,D9,Subscription,Other,SG,False,2024-05,2024,False,False,False
7756031983871,2,61.68,24.67,30.84,D7,D3,Direct / Organic,Unknown,MY,False,2022-04,2022,False,False,False
7857218584831,1,61.67,24.67,61.67,D7,D7,Direct / Organic,Unknown,SG,False,2025-02,2025,False,False,False
8639497470207,1,61.63,24.65,61.63,D7,D4,Direct / Organic,Lean Protein,SG,False,2025-12,2025,False,False,False
8488356380927,1,61.53,24.61,61.53,D7,D5,Paid Social,Clear Protein,SG,False,2025-11,2025,False,False,False
8168881619199,2,61.5,24.6,30.75,D7,D2,Paid Social,Accessories,SG,True,2025-06,2025,False,False,False
6511603646719,1,61.26,24.5,61.26,D7,D10,Subscription,Accessories,SG,False,2023-01,2023,False,False,False
8870516621567,1,61.25,24.5,61.25,D7,D4,Direct / Organic,Lean Protein,SG,False,2026-03,2026,False,False,False
7756037685503,2,61.24,24.5,30.62,D7,D3,Direct / Organic,Unknown,MY,False,2022-04,2022,False,False,False
7756264866047,1,61.12,24.45,61.12,D7,D8,Direct / Organic,Unknown,MY,False,2023-01,2023,False,False,False
7756031066367,1,61.12,24.45,61.12,D7,D8,Direct / Organic,Unknown,MY,False,2022-06,2022,False,False,False
8811549393151,1,61.11,24.44,61.11,D7,D4,Direct / Organic,Lean Protein,SG,False,2026-02,2026,False,False,False
6329708675327,1,61.05,24.42,61.05,D7,D10,Subscription,Unknown,SG,False,2022-01,2022,False,False,False
8841478340863,1,61.05,24.42,61.05,D7,D4,Direct / Organic,Lean Protein,SG,False,2026-03,2026,False,False,False
8101924536575,1,61.0,24.4,61.0,D7,D6,Direct / Organic,Lean Protein,SG,False,2025-06,2025,False,False,False
8436807762175,1,60.98,24.39,60.98,D7,D5,Paid Social,Accessories,SG,False,2025-10,2025,False,False,False
8439345479935,1,60.96,24.38,60.96,D7,D5,Paid Social,Accessories,SG,False,2025-10,2025,False,False,False
7756418351359,2,60.93,24.37,30.47,D7,D3,Direct / Organic,Clear Protein,MY,False,2024-04,2024,False,False,False
6327624859903,1,60.9,24.36,60.9,D7,D10,Subscription,Unknown,SG,False,2022-08,2022,False,False,False
6336660472063,1,60.9,24.36,60.9,D7,D10,Subscription,Unknown,SG,False,2022-08,2022,False,False,False
8427014684927,1,60.88,24.35,60.88,D7,D5,Paid Social,Accessories,SG,False,2025-10,2025,False,False,False
8484645535999,1,60.85,24.34,60.85,D7,D5,Direct / Organic,Clear Protein,SG,False,2025-10,2025,False,False,False
6329609191679,1,60.75,24.3,60.75,D7,D10,Subscription,Unknown,SG,False,2022-09,2022,False,False,False
7756044763391,1,60.74,24.29,60.74,D7,D8,Direct / Organic,Unknown,MY,False,2022-01,2022,False,False,False
7756048957695,3,60.68,24.27,20.23,D7,D2,Direct / Organic,Unknown,MY,False,2022-01,2021,False,False,False
8050160206079,1,60.66,24.26,60.66,D7,D6,Subscription,Clear Protein,SG,True,2025-05,2025,False,False,False
7843205382399,2,60.62,24.25,30.31,D7,D2,Direct / Organic,Other,SG,False,2025-02,2025,False,False,False
7756039651583,1,60.59,24.24,60.59,D7,D8,Direct / Organic,Unknown,MY,False,2022-03,2022,False,False,False
7756263981311,1,60.58,24.23,60.58,D7,D8,Direct / Organic,Other,MY,False,2022-12,2022,False,False,False
7756179079423,2,60.56,24.22,30.28,D7,D3,Direct / Organic,Unknown,MY,False,2023-09,2023,False,False,False
7756006621439,1,60.55,24.22,60.55,D7,D9,Direct / Organic,Soy Protein,MY,False,2022-10,2022,False,False,False
7756488605951,1,60.55,24.22,60.55,D7,D7,Direct / Organic,Soy Protein,MY,False,2025-01,2025,False,False,False
6423590371583,1,60.49,24.2,60.49,D7,D10,Subscription,Unknown,SG,False,2022-05,2022,False,False,False
8716097192191,1,60.44,24.18,60.44,D7,D4,Direct / Organic,Lean Protein,SG,False,2026-01,2026,False,False,False
7756440994047,1,60.4,24.16,60.4,D7,D7,Direct / Organic,Other,MY,False,2024-07,2024,False,False,False
8894605689087,1,60.39,24.16,60.39,D7,D4,Paid Social,Lean Protein,SG,False,2026-03,2026,False,False,False
8899516563711,1,60.37,24.15,60.37,D7,D4,Direct / Organic,Lean Protein,SG,False,2026-03,2026,False,False,False
7756002033919,2,60.3,24.12,30.15,D7,D3,Direct / Organic,Unknown,MY,False,2022-08,2022,False,False,False
7755972935935,1,60.27,24.11,60.27,D7,D9,Direct / Organic,Unknown,MY,False,2024-06,2024,False,False,False
7756381159679,1,60.27,24.11,60.27,D7,D8,Direct / Organic,Other,MY,False,2023-09,2023,False,False,False
7756410814719,1,60.27,24.11,60.27,D7,D7,Direct / Organic,Other,MY,False,2024-03,2024,False,False,False
7756412977407,1,60.27,24.11,60.27,D7,D7,Direct / Organic,Other,MY,False,2024-03,2024,False,False,False
7756007080191,1,60.25,24.1,60.25,D7,D9,Direct / Organic,Collagen Glow,MY,False,2022-10,2022,False,False,False
6532496064767,1,60.25,24.1,60.25,D7,D10,Direct / Organic,Collagen Glow,MY,False,2022-12,2022,False,False,False
7756318507263,1,60.14,24.06,60.14,D7,D8,Direct / Organic,Collagen Glow,MY,False,2024-04,2024,False,False,False
8259199205631,1,60.05,24.02,60.05,D7,D5,Direct / Organic,Lean Protein,SG,False,2025-08,2025,False,False,False
6532486037759,1,60.0,24.0,60.0,D7,D10,Email,Clear Protein,MY,False,2024-01,2024,False,False,False
7756413206783,1,60.0,24.0,60.0,D7,D7,Direct / Organic,Clear Protein,MY,False,2024-03,2024,False,False,False
7756415074559,1,60.0,24.0,60.0,D7,D7,Direct / Organic,Clear Protein,MY,False,2024-03,2024,False,False,False
7756417532159,1,60.0,24.0,60.0,D7,D7,Direct / Organic,Clear Protein,MY,False,2024-04,2024,False,False,False
7756418547967,1,60.0,24.0,60.0,D7,D7,Direct / Organic,Clear Protein,MY,False,2024-04,2024,False,False,False
7756424544511,1,60.0,24.0,60.0,D7,D7,Direct / Organic,Clear Protein,MY,False,2024-05,2024,False,False,False
7756426477823,1,60.0,24.0,60.0,D7,D7,Direct / Organic,Clear Protein,MY,False,2024-05,2024,False,False,False
7756426871039,1,60.0,24.0,60.0,D7,D7,Direct / Organic,Clear Protein,MY,False,2024-05,2024,False,False,False
7756428804351,1,60.0,24.0,60.0,D7,D7,Direct / Organic,Clear Protein,MY,False,2024-05,2024,False,False,False
7756433785087,1,60.0,24.0,60.0,D7,D7,Direct / Organic,Clear Protein,MY,False,2024-06,2024,False,False,False
7756434735359,1,60.0,24.0,60.0,D7,D7,Direct / Organic,Clear Protein,MY,False,2024-06,2024,False,False,False
7756435685631,1,60.0,24.0,60.0,D7,D7,Direct / Organic,Clear Protein,MY,False,2024-06,2024,False,False,False
7756436209919,1,60.0,24.0,60.0,D7,D7,Direct / Organic,Clear Protein,MY,False,2024-06,2024,False,False,False
7756456395007,1,60.0,24.0,60.0,D7,D7,Direct / Organic,Clear Protein,MY,False,2024-08,2024,False,False,False
7756460687615,1,60.0,24.0,60.0,D7,D7,Direct / Organic,Clear Protein,MY,False,2024-08,2024,False,False,False
7756460818687,1,60.0,24.0,60.0,D7,D7,Direct / Organic,Clear Protein,MY,False,2024-08,2024,False,False,False
7756465176831,1,60.0,24.0,60.0,D7,D7,Direct / Organic,Clear Protein,MY,False,2024-09,2024,False,False,False
7756465307903,1,60.0,24.0,60.0,D7,D7,Direct / Organic,Clear Protein,MY,False,2024-09,2024,False,False,False
7756466847999,1,60.0,24.0,60.0,D7,D7,Direct / Organic,Clear Protein,MY,False,2024-09,2024,False,False,False
7756467011839,1,60.0,24.0,60.0,D7,D7,Direct / Organic,Clear Protein,MY,False,2024-09,2024,False,False,False
7756467142911,1,60.0,24.0,60.0,D7,D7,Direct / Organic,Clear Protein,MY,False,2024-09,2024,False,False,False
7756467536127,1,60.0,24.0,60.0,D7,D7,Direct / Organic,Clear Protein,MY,False,2024-09,2024,False,False,False
7756467568895,1,60.0,24.0,60.0,D7,D7,Direct / Organic,Clear Protein,MY,False,2024-09,2024,False,False,False
7756468060415,1,60.0,24.0,60.0,D7,D7,Direct / Organic,Clear Protein,MY,False,2024-09,2024,False,False,False
7756468158719,1,60.0,24.0,60.0,D7,D7,Direct / Organic,Clear Protein,MY,False,2024-09,2024,False,False,False
7756469305599,1,60.0,24.0,60.0,D7,D7,Direct / Organic,Clear Protein,MY,False,2024-09,2024,False,False,False
8035693494527,1,60.0,24.0,60.0,D7,D6,Paid Social,Lean Protein,SG,False,2025-05,2025,False,False,False
7857216094463,1,59.9,23.96,59.9,D7,D7,Direct / Organic,Lean Protein,SG,False,2025-02,2025,False,False,False
7918627094783,1,59.9,23.96,59.9,D7,D7,Direct / Organic,Other,SG,False,2025-03,2025,False,False,False
7927629185279,1,59.9,23.96,59.9,D7,D7,Direct / Organic,Lean Protein,SG,False,2025-03,2025,False,False,False
7939320578303,1,59.9,23.96,59.9,D7,D7,Direct / Organic,Lean Protein,SG,False,2025-04,2025,False,False,False
7944435400959,1,59.9,23.96,59.9,D7,D7,Direct / Organic,Lean Protein,SG,False,2025-04,2025,False,False,False
7945951576319,1,59.9,23.96,59.9,D7,D7,Direct / Organic,Lean Protein,SG,False,2025-04,2025,False,False,False
7958759571711,1,59.9,23.96,59.9,D7,D6,Direct / Organic,Lean Protein,SG,False,2025-04,2025,False,False,False
7969697235199,1,59.9,23.96,59.9,D7,D6,Direct / Organic,Lean Protein,SG,False,2025-04,2025,False,False,False
7973731008767,1,59.9,23.96,59.9,D7,D6,Direct / Organic,Lean Protein,SG,False,2025-04,2025,False,False,False
7975199604991,1,59.9,23.96,59.9,D7,D6,Direct / Organic,Lean Protein,SG,False,2025-04,2025,False,False,False
7978313023743,1,59.9,23.96,59.9,D7,D6,Direct / Organic,Lean Protein,SG,False,2025-04,2025,False,False,False
8055355998463,1,59.9,23.96,59.9,D7,D6,Direct / Organic,Lean Protein,SG,False,2025-05,2025,False,False,False
8078227734783,1,59.9,23.96,59.9,D7,D6,Direct / Organic,Lean Protein,SG,False,2025-05,2025,False,False,False
8089496355071,1,59.9,23.96,59.9,D7,D6,Direct / Organic,Lean Protein,SG,False,2025-05,2025,False,False,False
8094797889791,1,59.9,23.96,59.9,D7,D6,Direct / Organic,Lean Protein,SG,False,2025-05,2025,False,False,False
8096909394175,1,59.9,23.96,59.9,D7,D6,Direct / Organic,Lean Protein,SG,False,2025-06,2025,False,False,False
8099585458431,1,59.9,23.96,59.9,D7,D6,Direct / Organic,Lean Protein,SG,False,2025-06,2025,False,False,False
8101292966143,1,59.9,23.96,59.9,D7,D6,Direct / Organic,Lean Protein,SG,False,2025-06,2025,False,False,False
8103684276479,1,59.9,23.96,59.9,D7,D6,Direct / Organic,Lean Protein,SG,False,2025-06,2025,False,False,False
8113545249023,1,59.9,23.96,59.9,D7,D6,Direct / Organic,Lean Protein,SG,False,2025-06,2025,False,False,False
8156006482175,1,59.9,23.96,59.9,D7,D6,Direct / Organic,Lean Protein,SG,False,2025-06,2025,False,False,False
8161485390079,1,59.9,23.96,59.9,D7,D5,Direct / Organic,Lean Protein,SG,False,2025-06,2025,False,False,False
8170304831743,1,59.9,23.96,59.9,D7,D5,Direct / Organic,Lean Protein,SG,False,2025-07,2025,False,False,False
8254218666239,1,59.9,23.96,59.9,D7,D5,Direct / Organic,Lean Protein,SG,False,2025-08,2025,False,False,False
8255421350143,1,59.9,23.96,59.9,D7,D5,Direct / Organic,Lean Protein,SG,False,2025-08,2025,False,False,False
8279665180927,1,59.9,23.96,59.9,D7,D5,Direct / Organic,Other,SG,False,2025-08,2025,False,False,False
8353293893887,1,59.9,23.96,59.9,D7,D5,Direct / Organic,Lean Protein,SG,False,2025-09,2025,False,False,False
8395334975743,1,59.9,23.96,59.9,D7,D5,Direct / Organic,Lean Protein,SG,False,2025-10,2025,False,False,False
8679114932479,1,59.9,23.96,59.9,D7,D4,Direct / Organic,Lean Protein,SG,False,2026-01,2026,False,False,False
8794800619775,1,59.9,23.96,59.9,D7,D4,Direct / Organic,Lean Protein,SG,False,2026-02,2026,False,False,False
8273637835007,1,59.88,23.95,59.88,D7,D5,Subscription,Clear Protein,SG,True,2025-08,2025,False,False,False
6329849872639,1,59.85,23.94,59.85,D7,D10,Subscription,Unknown,SG,False,2022-04,2022,False,False,False
7756019368191,1,59.82,23.93,59.82,D7,D8,Direct / Organic,Unknown,MY,False,2022-08,2022,False,False,False
7964726853887,1,59.8,23.92,59.8,D7,D6,Direct / Organic,Other,SG,False,2025-04,2025,False,False,False
8779097800959,1,59.78,23.91,59.78,D7,D4,Subscription,Lean Protein,SG,True,2026-02,2026,False,False,False
7756473958655,1,59.73,23.89,59.73,D7,D7,Direct / Organic,Clear Protein,MY,False,2024-10,2024,False,False,False
7756475531519,1,59.73,23.89,59.73,D7,D7,Direct / Organic,Clear Protein,MY,False,2024-10,2024,False,False,False
7756484608255,1,59.73,23.89,59.73,D7,D7,Subscription,Clear Protein,MY,True,2024-12,2024,False,False,False
7756486836479,1,59.73,23.89,59.73,D7,D7,Subscription,Clear Protein,MY,True,2024-12,2024,False,False,False
7929718046975,1,59.68,23.87,59.68,D7,D7,Subscription,Clear Protein,SG,True,2025-06,2025,False,False,False
7944776253695,1,59.64,23.86,59.64,D7,D7,Paid Social,Accessories,SG,False,2025-05,2025,False,False,False
8297493004543,1,59.63,23.85,59.63,D7,D5,Direct / Organic,Lean Protein,SG,False,2025-09,2025,False,False,False
7929798164735,1,59.57,23.83,59.57,D7,D7,Subscription,Clear Protein,SG,True,2025-03,2025,False,False,False
8087155572991,1,59.53,23.81,59.53,D7,D6,Direct / Organic,Clear Protein,SG,False,2025-05,2025,False,False,False
7756430311679,2,59.38,23.75,29.69,D7,D3,Subscription,Lean Protein,MY,True,2024-06,2024,False,False,False
8241018011903,1,59.38,23.75,59.38,D7,D5,Direct / Organic,Clear Protein,SG,False,2025-08,2025,False,False,False
7756474581247,1,59.34,23.74,59.34,D7,D7,Direct / Organic,Other,MY,False,2024-10,2024,False,False,False
7819758993663,1,59.28,23.71,59.28,D7,D7,Email,Clear Protein,SG,False,2025-03,2025,False,False,False
7963035402495,1,59.16,23.66,59.16,D7,D6,Direct / Organic,Lean Protein,SG,False,2025-04,2025,False,False,False
7956440285439,1,59.14,23.66,59.14,D7,D6,Direct / Organic,Lean Protein,SG,False,2025-04,2025,False,False,False
7829327315199,1,59.14,23.65,59.14,D7,D7,Direct / Organic,Clear Protein,MY,False,2025-01,2025,False,False,False
7756420481279,1,59.11,23.64,59.11,D7,D7,Direct / Organic,Accessories,MY,False,2024-04,2024,False,False,False
7756460032255,1,59.11,23.64,59.11,D7,D7,Direct / Organic,Other,MY,False,2024-08,2024,False,False,False
7756261949695,1,59.09,23.64,59.09,D7,D8,Direct / Organic,Other,MY,False,2022-12,2022,False,False,False
8799600935167,1,59.0,23.6,59.0,D7,D4,Direct / Organic,Other,SG,False,2026-02,2026,False,False,False
8841991520511,1,59.0,23.6,59.0,D7,D4,Direct / Organic,Other,SG,False,2026-03,2026,False,False,False
8878118961407,1,59.0,23.6,59.0,D7,D4,Subscription,Clear Protein,SG,True,2026-03,2026,False,False,False
7942600655103,1,58.91,23.56,58.91,D7,D7,Direct / Organic,Lean Protein,SG,False,2025-04,2025,False,False,False
7995077689599,1,58.91,23.56,58.91,D7,D6,Affiliate,Lean Protein,SG,False,2025-05,2025,False,False,False
8393190441215,1,58.91,23.56,58.91,D7,D5,Subscription,Accessories,SG,True,2025-10,2025,False,False,False
8475329659135,1,58.91,23.56,58.91,D7,D5,Affiliate,Lean Protein,SG,False,2025-10,2025,False,False,False
8890803716351,1,58.91,23.56,58.91,D7,D4,Direct / Organic,Lean Protein,SG,False,2026-03,2026,False,False,False
7964082503935,1,58.9,23.56,58.9,D7,D6,Subscription,Lean Protein,SG,True,2025-08,2025,False,False,False
6334080876799,1,58.89,23.56,58.89,D7,D10,Subscription,Unknown,SG,False,2022-06,2022,False,False,False
7756355436799,2,58.88,23.55,29.44,D7,D3,Direct / Organic,Collagen Glow,MY,False,2023-03,2023,False,False,False
6329836404991,1,58.85,23.54,58.85,D7,D10,Subscription,Unknown,SG,False,2022-06,2022,False,False,False
8483491119359,1,58.84,23.54,58.84,D7,D5,Direct / Organic,Lean Protein,SG,False,2025-10,2025,False,False,False
6781260038399,1,58.81,23.52,58.81,D7,D10,Subscription,Other,SG,False,2023-08,2023,False,False,False
6797463945471,1,58.81,23.52,58.81,D7,D10,Subscription,Other,SG,False,2023-10,2023,False,False,False
7097624822015,1,58.81,23.52,58.81,D7,D9,Subscription,Other,SG,False,2024-02,2024,False,False,False
8653191905535,1,58.8,23.52,58.8,D7,D4,Direct / Organic,Soy Protein,SG,False,2025-12,2025,False,False,False
8902215663871,1,58.79,23.52,58.79,D7,D4,Subscription,Lean Protein,SG,True,2026-03,2026,False,False,False
8761140216063,1,58.65,23.46,58.65,D7,D4,Direct / Organic,Clear Protein,SG,False,2026-02,2026,False,False,False
8761335447807,1,58.65,23.46,58.65,D7,D4,Direct / Organic,Clear Protein,SG,False,2026-02,2026,False,False,False
8761361301759,1,58.65,23.46,58.65,D7,D4,Direct / Organic,Clear Protein,SG,False,2026-02,2026,False,False,False
8761495748863,1,58.65,23.46,58.65,D7,D4,Direct / Organic,Clear Protein,SG,False,2026-02,2026,False,False,False
8761725026559,1,58.65,23.46,58.65,D7,D4,Direct / Organic,Clear Protein,SG,False,2026-02,2026,False,False,False
7966747197695,1,58.55,23.42,58.55,D7,D6,Direct / Organic,Clear Protein,SG,False,2025-04,2025,False,False,False
8165778358527,1,58.52,23.41,58.52,D7,D5,Direct / Organic,Soy Protein,SG,False,2025-06,2025,False,False,False
8794184843519,1,58.4,23.36,58.4,D7,D4,Direct / Organic,Lean Protein,SG,False,2026-02,2026,False,False,False
7756354224383,1,58.37,23.35,58.37,D7,D8,Direct / Organic,Accessories,MY,False,2023-03,2023,False,False,False
7756005998847,1,58.37,23.35,58.37,D7,D9,Direct / Organic,Unknown,MY,False,2022-10,2022,False,False,False
8868197859583,1,58.2,23.28,58.2,D7,D4,Subscription,Lean Protein,SG,True,2026-03,2026,False,False,False
8327479558399,1,58.16,23.26,58.16,D7,D5,Paid Social,Lean Protein,SG,False,2025-09,2025,False,False,False
8894920818943,1,58.14,23.26,58.14,D7,D4,Subscription,Lean Protein,SG,True,2026-03,2026,False,False,False
8275451150591,1,58.08,23.23,58.08,D7,D5,Subscription,Accessories,SG,True,2025-08,2025,False,False,False
7152061481215,1,58.0,23.2,58.0,D7,D9,Subscription,Clear Protein,SG,False,2024-03,2024,False,False,False
7175451934975,1,58.0,23.2,58.0,D7,D9,Subscription,Clear Protein,SG,False,2024-04,2024,False,False,False
7183440052479,1,58.0,23.2,58.0,D7,D9,Subscription,Clear Protein,SG,False,2024-04,2024,False,False,False
7756468912383,1,57.84,23.13,57.84,D7,D7,Direct / Organic,Collagen Glow,MY,False,2024-09,2024,False,False,False
6532458578175,1,57.82,23.13,57.82,D7,D10,Direct / Organic,Unknown,MY,False,2023-01,2023,False,False,False
6532492591359,1,57.82,23.13,57.82,D7,D10,Direct / Organic,Unknown,MY,False,2023-01,2023,False,False,False
7954180342015,2,57.82,23.13,28.91,D7,D2,Paid Social,Unknown,SG,True,2025-04,2025,False,False,False
7756466159871,1,57.52,23.01,57.52,D7,D7,Direct / Organic,Soy Protein,MY,False,2024-09,2024,False,False,False
7756265029887,1,57.4,22.96,57.4,D7,D8,Direct / Organic,Other,MY,False,2023-01,2023,False,False,False
6532505764095,1,57.37,22.95,57.37,D7,D10,Direct / Organic,Other,MY,False,2022-12,2022,False,False,False
7755981357311,1,57.37,22.95,57.37,D7,D9,Direct / Organic,Unknown,MY,False,2023-03,2023,False,False,False
7756263162111,1,57.37,22.95,57.37,D7,D8,Direct / Organic,Collagen Glow,MY,False,2022-12,2022,False,False,False
7756365496575,1,57.37,22.95,57.37,D7,D8,Direct / Organic,Other,MY,False,2023-06,2023,False,False,False
7756439126271,1,57.37,22.95,57.37,D7,D7,Direct / Organic,Other,MY,False,2024-06,2024,False,False,False
7756425560319,1,57.27,22.91,57.27,D7,D7,Direct / Organic,Clear Protein,MY,False,2024-05,2024,False,False,False
7756427165951,1,57.27,22.91,57.27,D7,D7,Direct / Organic,Clear Protein,MY,False,2024-05,2024,False,False,False
7756465144063,1,57.27,22.91,57.27,D7,D7,Direct / Organic,Clear Protein,MY,False,2024-09,2024,False,False,False
7829346124031,1,57.27,22.91,57.27,D7,D7,Direct / Organic,Unknown,MY,False,2022-04,2022,False,False,False
7829327872255,1,57.22,22.89,57.22,D7,D7,Direct / Organic,Soy Protein,MY,False,2025-01,2025,False,False,False
7756361400575,1,57.21,22.88,57.21,D7,D8,Direct / Organic,Other,MY,False,2023-05,2023,False,False,False
7756033589503,1,57.12,22.85,57.12,D7,D8,Direct / Organic,Unknown,MY,False,2022-05,2022,False,False,False
6327517413631,1,57.09,22.84,57.09,D7,D10,Subscription,Unknown,SG,False,2022-05,2022,False,False,False
6327705108735,1,57.09,22.84,57.09,D7,D10,Subscription,Unknown,SG,False,2022-05,2022,False,False,False
8649217278207,1,57.06,22.82,57.06,D7,D4,Direct / Organic,Lean Protein,SG,False,2025-12,2025,False,False,False
7756263489791,1,57.06,22.82,57.06,D7,D8,Direct / Organic,Accessories,MY,False,2023-04,2023,False,False,False
8530377933055,1,57.0,22.8,57.0,D7,D5,Email,Lean Protein,SG,False,2026-02,2026,False,False,False
8776134164735,1,57.0,22.8,57.0,D7,D4,Direct / Organic,Lean Protein,SG,False,2026-02,2026,False,False,False
8781385236735,1,57.0,22.8,57.0,D7,D4,Direct / Organic,Lean Protein,SG,False,2026-02,2026,False,False,False
8795969782015,1,57.0,22.8,57.0,D7,D4,Direct / Organic,Lean Protein,SG,False,2026-02,2026,False,False,False
8798465261823,1,57.0,22.8,57.0,D7,D4,Direct / Organic,Lean Protein,SG,False,2026-02,2026,False,False,False
8798471684351,1,57.0,22.8,57.0,D7,D4,Direct / Organic,Lean Protein,SG,False,2026-02,2026,False,False,False
6327713792255,1,56.99,22.8,56.99,D7,D10,Subscription,Unknown,SG,False,2022-02,2022,False,False,False
6423602856191,1,56.99,22.8,56.99,D7,D10,Subscription,Unknown,SG,False,2022-02,2022,False,False,False
7756418121983,1,56.99,22.8,56.99,D7,D7,Direct / Organic,Unknown,MY,False,2024-05,2024,False,False,False
6532515463423,1,56.98,22.79,56.98,D7,D10,Direct / Organic,Accessories,MY,False,2023-01,2023,False,False,False
7756283052287,1,56.98,22.79,56.98,D7,D8,Direct / Organic,Accessories,MY,False,2023-02,2023,False,False,False
7756354781439,2,56.92,22.77,28.46,D7,D3,Subscription,Collagen Glow,MY,True,2023-03,2023,False,False,False
8903976583423,1,56.91,22.76,56.91,D7,D3,Subscription,Lean Protein,SG,True,2026-03,2026,False,False,False
8000416088319,2,56.66,22.66,28.33,D7,D2,Direct / Organic,Soy Protein,SG,False,2025-05,2025,False,False,False
8635191984383,1,56.48,22.59,56.48,D7,D4,Direct / Organic,Lean Protein,SG,False,2025-12,2025,False,False,False
7756458033407,2,56.47,22.59,28.24,D7,D3,Direct / Organic,Unknown,MY,False,2024-08,2024,False,False,False
8880554836223,1,56.43,22.57,56.43,D7,D4,Direct / Organic,Other,SG,False,2026-03,2026,False,False,False
8690224333055,1,56.11,22.44,56.11,D7,D4,Subscription,Clear Protein,SG,True,2026-01,2026,False,False,False
7755989188863,1,56.06,22.42,56.06,D7,D9,Direct / Organic,Unknown,MY,False,2022-08,2022,False,False,False
6607911551231,1,56.03,22.41,56.03,D7,D10,Subscription,Unknown,SG,False,2023-03,2023,False,False,False
6715986182399,1,56.03,22.41,56.03,D7,D10,Subscription,Other,SG,False,2023-06,2023,False,False,False
6601909240063,1,55.94,22.38,55.94,D7,D10,Subscription,Other,SG,True,2023-04,2023,False,False,False
7476624916735,1,55.93,22.37,55.93,D7,D9,Subscription,Other,SG,False,2024-09,2024,False,False,False
7476673413375,1,55.93,22.37,55.93,D7,D9,Subscription,Other,SG,False,2024-09,2024,False,False,False
7476777386239,1,55.93,22.37,55.93,D7,D9,Subscription,Other,SG,False,2024-09,2024,False,False,False
8667816952063,1,55.92,22.37,55.92,D7,D4,Direct / Organic,Lean Protein,SG,False,2026-01,2026,False,False,False
8764004925695,1,55.92,22.37,55.92,D7,D4,Direct / Organic,Lean Protein,SG,False,2026-02,2026,False,False,False
6327693345023,1,55.89,22.36,55.89,D7,D10,Subscription,Unknown,SG,False,2022-02,2022,False,False,False
8131162177791,1,55.89,22.36,55.89,D7,D6,Subscription,Clear Protein,SG,True,2025-06,2025,False,False,False
7475299582207,1,55.86,22.34,55.86,D7,D9,Subscription,Collagen Glow,SG,False,2024-08,2024,False,False,False
6423598760191,1,55.85,22.34,55.85,D7,D10,Subscription,Unknown,SG,False,2022-03,2022,False,False,False
6423610458367,1,55.85,22.34,55.85,D7,D10,Subscription,Unknown,SG,False,2022-01,2022,False,False,False
7019605262591,1,55.81,22.32,55.81,D7,D9,Subscription,Other,SG,False,2024-01,2024,False,False,False
7279393374463,1,55.81,22.32,55.81,D7,D9,Subscription,Other,SG,False,2024-05,2024,False,False,False
7314094194943,1,55.81,22.32,55.81,D7,D9,Subscription,Lean Protein,SG,False,2024-05,2024,False,False,False
7895743430911,1,55.81,22.32,55.81,D7,D7,Direct / Organic,Lean Protein,SG,False,2025-03,2025,False,False,False
7943295992063,1,55.81,22.32,55.81,D7,D7,Direct / Organic,Other,SG,False,2025-04,2025,False,False,False
8713866346751,2,55.8,22.32,27.9,D7,D2,Direct / Organic,Soy Protein,SG,False,2026-01,2026,False,False,False
7756422086911,1,55.79,22.32,55.79,D7,D7,Direct / Organic,Accessories,MY,False,2024-04,2024,False,False,False
6390530113791,1,55.73,22.29,55.73,D7,D10,Subscription,Other,SG,False,2022-10,2022,False,False,False
7756432539903,1,55.72,22.29,55.72,D7,D7,Direct / Organic,Other,MY,False,2024-05,2024,False,False,False
7756431196415,1,55.69,22.28,55.69,D7,D7,Subscription,Other,MY,True,2024-05,2024,False,False,False
7756460884223,1,55.68,22.27,55.68,D7,D7,Subscription,Other,MY,True,2024-08,2024,False,False,False
6423606493439,1,55.6,22.24,55.6,D7,D10,Subscription,Unknown,SG,False,2022-01,2022,False,False,False
8869115035903,1,55.37,22.15,55.37,D7,D4,Subscription,Lean Protein,SG,True,2026-03,2026,False,False,False
6329605193983,2,55.29,22.12,27.64,D7,D3,Subscription,Unknown,SG,False,2022-05,2022,False,False,False
7756030083327,1,55.27,22.11,55.27,D7,D8,Direct / Organic,Unknown,MY,False,2022-06,2022,False,False,False
7567425732863,1,55.21,22.08,55.21,D7,D9,Subscription,Other,SG,True,2024-10,2024,False,False,False
8761661260031,1,55.2,22.08,55.2,D7,D4,Direct / Organic,Clear Protein,SG,False,2026-02,2026,False,False,False
7756034441471,1,55.1,22.04,55.1,D7,D8,Direct / Organic,Unknown,MY,False,2022-05,2022,False,False,False
7062069641471,1,55.05,22.02,55.05,D7,D9,Subscription,Clear Protein,SG,False,2024-02,2024,False,False,False
7144463663359,1,55.05,22.02,55.05,D7,D9,Subscription,Clear Protein,SG,False,2024-03,2024,False,False,False
7169622475007,1,55.05,22.02,55.05,D7,D9,Subscription,Clear Protein,SG,False,2024-04,2024,False,False,False
7328844644607,1,55.05,22.02,55.05,D7,D9,Subscription,Clear Protein,SG,False,2024-06,2024,False,False,False
7437842317567,1,55.05,22.02,55.05,D7,D9,Subscription,Clear Protein,SG,False,2024-08,2024,False,False,False
8679713308927,1,55.0,22.0,55.0,D7,D4,Direct / Organic,Lean Protein,SG,False,2026-02,2026,False,False,False
7756037357823,2,54.97,21.99,27.48,D7,D3,Direct / Organic,Unknown,MY,False,2022-04,2022,False,False,False
8875288789247,1,54.96,21.98,54.96,D7,D4,Subscription,Lean Protein,SG,True,2026-03,2026,False,False,False
6423598989567,1,54.9,21.96,54.9,D7,D10,Subscription,Unknown,SG,False,2022-03,2022,False,False,False
7960785453311,2,54.89,21.96,27.44,D7,D2,Paid Social,Unknown,SG,True,2025-04,2025,False,False,False
6481084547327,1,54.8,21.92,54.8,D7,D10,Subscription,Other,SG,False,2022-12,2022,False,False,False
6510186463487,1,54.8,21.92,54.8,D7,D10,Subscription,Other,SG,False,2023-01,2023,False,False,False
6594939814143,1,54.8,21.92,54.8,D7,D10,Subscription,Other,SG,False,2023-10,2023,False,False,False
6991872295167,1,54.8,21.92,54.8,D7,D9,Subscription,Other,SG,False,2024-01,2024,False,False,False
8401176232191,1,54.8,21.92,54.8,D7,D5,Direct / Organic,Other,SG,False,2025-10,2025,False,False,False
8465112105215,1,54.76,21.9,54.76,D7,D5,Direct / Organic,Lean Protein,SG,False,2025-10,2025,False,False,False
8373783462143,1,54.68,21.87,54.68,D7,D5,Direct / Organic,Accessories,SG,False,2025-10,2025,False,False,False
8436001407231,1,54.55,21.82,54.55,D7,D5,Paid Social,Lean Protein,SG,False,2025-10,2025,False,False,False
7829347598591,1,54.55,21.82,54.55,D7,D7,Direct / Organic,Unknown,MY,False,2022-04,2022,False,False,False
7756380995839,1,54.52,21.81,54.52,D7,D8,Direct / Organic,Unknown,MY,False,2023-09,2023,False,False,False
8367143485695,1,54.51,21.8,54.51,D7,D5,Direct / Organic,Accessories,SG,False,2025-10,2025,False,False,False
7756006392063,1,54.49,21.8,54.49,D7,D9,Direct / Organic,Unknown,MY,False,2022-10,2022,False,False,False
7756413468927,1,54.49,21.8,54.49,D7,D7,Direct / Organic,Collagen Glow,MY,False,2024-03,2024,False,False,False
7756484575487,2,54.49,21.8,27.25,D7,D2,Subscription,Soy Protein,MY,True,2024-12,2024,False,False,False
7756007473407,1,54.49,21.8,54.49,D7,D8,Direct / Organic,Other,MY,False,2022-11,2022,False,False,False
7756264243455,1,54.49,21.8,54.49,D7,D8,Direct / Organic,Unknown,MY,False,2023-01,2023,False,False,False
7756365660415,1,54.49,21.8,54.49,D7,D8,Direct / Organic,Other,MY,False,2023-06,2023,False,False,False
7756380864767,1,54.49,21.8,54.49,D7,D8,Direct / Organic,Unknown,MY,False,2023-09,2023,False,False,False
7756414714111,1,54.49,21.8,54.49,D7,D7,Direct / Organic,Other,MY,False,2024-03,2024,False,False,False
8295903920383,2,54.42,21.77,27.21,D7,D2,Direct / Organic,Lean Protein,SG,True,2025-08,2025,False,False,False
6327524557055,1,54.39,21.76,54.39,D7,D10,Subscription,Unknown,SG,False,2022-03,2022,False,False,False
6328253186303,1,54.39,21.76,54.39,D7,D10,Subscription,Unknown,SG,False,2022-02,2022,False,False,False
6329830015231,1,54.39,21.76,54.39,D7,D10,Subscription,Unknown,SG,False,2022-02,2022,False,False,False
8336949149951,1,54.38,21.75,54.38,D7,D5,Direct / Organic,Lean Protein,SG,False,2025-09,2025,False,False,False
7756418580735,1,54.27,21.71,54.27,D7,D7,Direct / Organic,Clear Protein,MY,False,2024-04,2024,False,False,False
6329848496383,2,54.27,21.71,27.14,D7,D3,Subscription,Unknown,SG,False,2022-01,2022,False,False,False
8303046361343,1,54.25,21.7,54.25,D7,D5,Paid Social,Lean Protein,SG,False,2025-09,2025,False,False,False
7756264603903,1,54.22,21.69,54.22,D7,D8,Direct / Organic,Other,MY,False,2023-01,2023,False,False,False
7756266963199,1,54.22,21.69,54.22,D7,D8,Direct / Organic,Other,MY,False,2023-01,2023,False,False,False
7756360614143,1,54.22,21.69,54.22,D7,D8,Direct / Organic,Unknown,MY,False,2023-05,2023,False,False,False
7756362055935,1,54.22,21.69,54.22,D7,D8,Subscription,Unknown,MY,True,2023-05,2023,False,False,False
8291463627007,1,54.2,21.68,54.2,D7,D5,Paid Social,Lean Protein,SG,False,2025-08,2025,False,False,False
7756460949759,1,54.18,21.67,54.18,D7,D7,Direct / Organic,Other,MY,False,2024-08,2024,False,False,False
7756461113599,1,54.15,21.66,54.15,D7,D7,Direct / Organic,Other,MY,False,2024-08,2024,False,False,False
8275588153599,1,54.15,21.66,54.15,D7,D5,Direct / Organic,Lean Protein,SG,False,2025-08,2025,False,False,False
8110306787583,1,54.11,21.64,54.11,D7,D6,Paid Social,Lean Protein,SG,False,2025-06,2025,False,False,False
7938808807679,1,54.05,21.62,54.05,D7,D7,Direct / Organic,Lean Protein,SG,False,2025-06,2025,False,False,False
7918399881471,1,54.04,21.62,54.04,D7,D7,Direct / Organic,Other,SG,False,2025-03,2025,False,False,False
7943632584959,1,54.0,21.6,54.0,D7,D7,Paid Social,Lean Protein,SG,False,2025-04,2025,False,False,False
7756487360767,1,53.96,21.58,53.96,D7,D7,Direct / Organic,Accessories,MY,False,2024-12,2024,False,False,False
7756485427455,1,53.94,21.58,53.94,D7,D7,Direct / Organic,Lean Protein,MY,False,2024-12,2024,False,False,False
7756486115583,1,53.94,21.58,53.94,D7,D7,Direct / Organic,Lean Protein,MY,False,2024-12,2024,False,False,False
7756487459071,1,53.94,21.58,53.94,D7,D7,Direct / Organic,Lean Protein,MY,False,2024-12,2024,False,False,False
7460404625663,1,53.92,21.57,53.92,D7,D9,Subscription,Other,SG,True,2024-08,2024,False,False,False
6327530193151,1,53.91,21.56,53.91,D7,D10,Subscription,Other,SG,True,2025-08,2025,False,False,False
8164713496831,1,53.91,21.56,53.91,D7,D5,Direct / Organic,Lean Protein,SG,False,2025-06,2025,False,False,False
8164993827071,1,53.91,21.56,53.91,D7,D5,Direct / Organic,Lean Protein,SG,False,2025-06,2025,False,False,False
8166566101247,1,53.91,21.56,53.91,D7,D5,Direct / Organic,Lean Protein,SG,False,2025-06,2025,False,False,False
8166657687807,1,53.91,21.56,53.91,D7,D5,Direct / Organic,Lean Protein,SG,False,2025-06,2025,False,False,False
8166758482175,1,53.91,21.56,53.91,D7,D5,Direct / Organic,Lean Protein,SG,False,2025-06,2025,False,False,False
8166902923519,1,53.91,21.56,53.91,D7,D5,Direct / Organic,Lean Protein,SG,False,2025-06,2025,False,False,False
8166966722815,1,53.91,21.56,53.91,D7,D5,Direct / Organic,Lean Protein,SG,False,2025-06,2025,False,False,False
8166978748671,1,53.91,21.56,53.91,D7,D5,Direct / Organic,Lean Protein,SG,False,2025-06,2025,False,False,False
8249131860223,1,53.91,21.56,53.91,D7,D5,Direct / Organic,Lean Protein,SG,False,2025-08,2025,False,False,False
8251529855231,1,53.91,21.56,53.91,D7,D5,Subscription,Lean Protein,SG,True,2025-08,2025,False,False,False
8476304867583,1,53.91,21.56,53.91,D7,D5,Direct / Organic,Lean Protein,SG,False,2025-10,2025,False,False,False
8488211513599,1,53.91,21.56,53.91,D7,D5,Direct / Organic,Lean Protein,SG,False,2025-11,2025,False,False,False
8652378013951,1,53.91,21.56,53.91,D7,D4,Direct / Organic,Lean Protein,SG,False,2025-12,2025,False,False,False
8652474581247,1,53.91,21.56,53.91,D7,D4,Direct / Organic,Lean Protein,SG,False,2025-12,2025,False,False,False
8652478349567,1,53.91,21.56,53.91,D7,D4,Direct / Organic,Lean Protein,SG,False,2025-12,2025,False,False,False
8744074248447,1,53.91,21.56,53.91,D7,D4,Subscription,Lean Protein,SG,True,2026-02,2026,False,False,False
8776238039295,1,53.91,21.56,53.91,D7,D4,Email,Lean Protein,SG,False,2026-02,2026,False,False,False
8827870347519,1,53.91,21.56,53.91,D7,D4,Subscription,Lean Protein,SG,True,2026-03,2026,False,False,False
7756460523775,1,53.91,21.56,53.91,D7,D7,Direct / Organic,Accessories,MY,False,2024-08,2024,False,False,False
7756460589311,1,53.91,21.56,53.91,D7,D7,Direct / Organic,Accessories,MY,False,2024-08,2024,False,False,False
6423598072063,2,53.88,21.55,26.94,D7,D3,Subscription,Unknown,SG,False,2022-03,2022,False,False,False
7938603286783,1,53.85,21.54,53.85,D7,D7,Direct / Organic,Lean Protein,SG,False,2025-04,2025,False,False,False
6329849905407,1,53.84,21.54,53.84,D7,D10,Subscription,Unknown,SG,False,2022-02,2022,False,False,False
6423603380479,1,53.84,21.54,53.84,D7,D10,Subscription,Unknown,SG,False,2022-02,2022,False,False,False
6423604691199,1,53.84,21.54,53.84,D7,D10,Subscription,Unknown,SG,False,2022-02,2022,False,False,False
8237699858687,2,53.82,21.53,26.91,D7,D2,Subscription,Other,SG,True,2025-08,2025,False,False,False
7946308026623,1,53.71,21.48,53.71,D7,D6,Direct / Organic,Lean Protein,SG,False,2025-04,2025,False,False,False
8841657483519,1,53.55,21.42,53.55,D7,D4,Direct / Organic,Other,SG,False,2026-03,2026,False,False,False
7946024288511,1,53.52,21.41,53.52,D7,D6,Paid Social,Lean Protein,SG,False,2025-04,2025,False,False,False
7756003410175,2,53.48,21.39,26.74,D7,D3,Direct / Organic,Unknown,MY,False,2022-08,2022,False,False,False
7900598927615,1,53.44,21.38,53.44,D7,D7,Direct / Organic,Lean Protein,SG,False,2025-03,2025,False,False,False
7901894574335,1,53.41,21.36,53.41,D7,D7,Direct / Organic,Lean Protein,SG,False,2025-03,2025,False,False,False
7575786225919,1,53.4,21.36,53.4,D7,D9,Subscription,Other,SG,True,2024-10,2024,False,False,False
7914152001791,1,53.36,21.34,53.36,D7,D7,Direct / Organic,Lean Protein,SG,False,2025-03,2025,False,False,False
7756429426943,2,53.26,21.3,26.63,D7,D3,Subscription,Unknown,MY,True,2024-05,2024,False,False,False
7755940135167,1,53.16,21.26,53.16,D7,D9,Direct / Organic,Other,MY,False,2022-10,2022,False,False,False
6327553655039,1,52.89,21.16,52.89,D7,D10,Subscription,Unknown,SG,False,2022-06,2022,False,False,False
6329607586047,1,52.89,21.16,52.89,D7,D10,Subscription,Unknown,SG,False,2022-06,2022,False,False,False
6783954354431,1,52.82,21.13,52.82,D7,D10,Subscription,Other,SG,False,2023-08,2023,False,False,False
6826542989567,1,52.82,21.13,52.82,D7,D10,Subscription,Other,SG,False,2023-09,2023,False,False,False
7065468207359,1,52.82,21.13,52.82,D7,D9,Subscription,Other,SG,False,2024-02,2024,False,False,False
8813602636031,1,52.79,21.12,52.79,D7,D4,Subscription,Clear Protein,SG,True,2026-03,2026,False,False,False
8058071318783,1,52.78,21.11,52.78,D7,D6,Subscription,Clear Protein,SG,True,2025-05,2025,False,False,False
7157991342335,1,52.74,21.1,52.74,D7,D9,Subscription,Other,SG,False,2024-03,2024,False,False,False
8800514015487,1,52.44,20.98,52.44,D7,D4,Direct / Organic,Lean Protein,SG,False,2026-02,2026,False,False,False
8799603196159,1,52.41,20.96,52.41,D7,D4,Direct / Organic,Lean Protein,SG,False,2026-02,2026,False,False,False
8800153993471,1,52.37,20.95,52.37,D7,D4,Subscription,Lean Protein,SG,True,2026-02,2026,False,False,False
8800377176319,1,52.37,20.95,52.37,D7,D4,Direct / Organic,Lean Protein,SG,False,2026-02,2026,False,False,False
8794406584575,1,52.28,20.91,52.28,D7,D4,Direct / Organic,Lean Protein,SG,False,2026-02,2026,False,False,False
8796526772479,1,52.28,20.91,52.28,D7,D4,Subscription,Lean Protein,SG,True,2026-02,2026,False,False,False
8796562194687,1,52.27,20.91,52.27,D7,D4,Direct / Organic,Lean Protein,SG,False,2026-02,2026,False,False,False
8182055305471,1,52.21,20.88,52.21,D7,D5,Email,Lean Protein,SG,False,2026-02,2026,False,False,False
8835805577471,1,52.2,20.88,52.2,D7,D4,Direct / Organic,Clear Protein,SG,False,2026-03,2026,False,False,False
7153927815423,1,52.1,20.84,52.1,D7,D9,Subscription,Clear Protein,SG,False,2024-03,2024,False,False,False
7155245351167,1,52.1,20.84,52.1,D7,D9,Subscription,Clear Protein,SG,False,2024-03,2024,False,False,False
7156459798783,1,52.1,20.84,52.1,D7,D9,Subscription,Clear Protein,SG,False,2024-03,2024,False,False,False
7156507672831,1,52.1,20.84,52.1,D7,D9,Subscription,Clear Protein,SG,False,2024-03,2024,False,False,False
7252201898239,1,52.1,20.84,52.1,D7,D9,Subscription,Clear Protein,SG,False,2024-04,2024,False,False,False
7366333694207,1,52.1,20.84,52.1,D7,D9,Subscription,Clear Protein,SG,False,2024-06,2024,False,False,False
7756355666175,1,52.07,20.83,52.07,D7,D8,Direct / Organic,Lean Protein,SG,False,2026-02,2026,False,False,False
8758015328511,1,52.03,20.81,52.03,D7,D4,Direct / Organic,Lean Protein,SG,False,2026-02,2026,False,False,False
8841650897151,1,52.0,20.8,52.0,D7,D4,Subscription,Other,SG,True,2026-03,2026,False,False,False
8783227945215,1,51.99,20.8,51.99,D7,D4,Subscription,Soy Protein,SG,True,2026-03,2026,False,False,False
7756015862015,1,51.83,20.73,51.83,D7,D8,Direct / Organic,Unknown,MY,False,2022-09,2022,False,False,False
7756004819199,1,51.82,20.73,51.82,D7,D9,Direct / Organic,Other,MY,False,2022-10,2022,False,False,False
6329622954239,1,51.69,20.68,51.69,D7,D10,Subscription,Unknown,SG,False,2022-01,2022,False,False,False
7756194939135,1,51.62,20.65,51.62,D7,D8,Direct / Organic,Collagen Glow,MY,False,2023-02,2023,False,False,False
7756399313151,1,51.55,20.62,51.55,D7,D7,Direct / Organic,Clear Protein,MY,False,2024-01,2024,False,False,False
7756457050367,1,51.55,20.62,51.55,D7,D7,Subscription,Clear Protein,MY,True,2024-08,2024,False,False,False
7756470583551,1,51.55,20.62,51.55,D7,D7,Subscription,Clear Protein,MY,True,2024-10,2024,False,False,False
8249708642559,1,51.53,20.61,51.53,D7,D5,Affiliate,Lean Protein,SG,False,2025-08,2025,False,False,False
7756361433343,1,51.48,20.59,51.48,D7,D8,Direct / Organic,Unknown,MY,False,2023-05,2023,False,False,False
7756386435327,1,51.48,20.59,51.48,D7,D7,Direct / Organic,Unknown,MY,False,2023-10,2023,False,False,False
7756466389247,2,51.46,20.59,25.73,D7,D2,Direct / Organic,Collagen Glow,MY,False,2024-09,2024,False,False,False
6423592861951,1,51.44,20.58,51.44,D7,D10,Subscription,Unknown,SG,False,2022-04,2022,False,False,False
6328296767743,1,51.42,20.57,51.42,D7,D10,Subscription,Unknown,SG,False,2022-06,2022,False,False,False
7756457672959,1,51.41,20.56,51.41,D7,D7,Direct / Organic,Clear Protein,MY,False,2024-08,2024,False,False,False
7756459049215,1,51.41,20.56,51.41,D7,D7,Direct / Organic,Clear Protein,MY,False,2024-08,2024,False,False,False
7756460261631,1,51.41,20.56,51.41,D7,D7,Direct / Organic,Clear Protein,MY,False,2024-08,2024,False,False,False
7756463931647,1,51.41,20.56,51.41,D7,D7,Direct / Organic,Clear Protein,MY,False,2024-09,2024,False,False,False
8821739782399,1,51.37,20.55,51.37,D7,D4,Direct / Organic,Other,SG,False,2026-03,2026,False,False,False
7756349047039,1,51.19,20.48,51.19,D7,D8,Direct / Organic,Other,MY,False,2023-02,2023,False,False,False
7877148934399,1,76.58,30.63,76.58,D6,D7,Direct / Organic,Other,SG,False,2025-03,2025,False,False,False
8110426095871,2,76.55,30.62,38.28,D6,D2,Direct / Organic,Lean Protein,SG,False,2025-06,2025,False,False,False
7756398657791,1,76.52,30.61,76.52,D6,D7,Direct / Organic,Clear Protein,MY,False,2024-01,2024,False,False,False
6327681515775,1,76.39,30.56,76.39,D6,D10,Subscription,Unknown,SG,False,2022-02,2022,False,False,False
7519844368639,2,76.33,30.53,38.16,D6,D3,Subscription,Clear Protein,SG,False,2024-09,2024,False,False,False
8772908646655,1,76.32,30.53,76.32,D6,D4,Direct / Organic,Clear Protein,SG,False,2026-02,2026,False,False,False
7756045517055,1,76.3,30.52,76.3,D6,D8,Direct / Organic,Unknown,MY,False,2022-01,2022,False,False,False
7756354617599,1,76.28,30.51,76.28,D6,D8,Direct / Organic,Accessories,MY,False,2023-03,2023,False,False,False
6614257369343,3,76.26,30.5,25.42,D6,D2,Subscription,Other,SG,True,2023-03,2023,False,False,False
7756030968063,1,76.18,30.47,76.18,D6,D8,Direct / Organic,Unknown,MY,False,2022-06,2022,False,False,False
7756031099135,1,76.18,30.47,76.18,D6,D8,Direct / Organic,Unknown,MY,False,2022-06,2022,False,False,False
8361276866815,1,76.17,30.47,76.17,D6,D5,Paid Social,Clear Protein,SG,False,2025-10,2025,False,False,False
7756398493951,1,76.13,30.45,76.13,D6,D7,Subscription,Other,MY,True,2023-12,2023,False,False,False
7756469633279,1,76.11,30.44,76.11,D6,D7,Direct / Organic,Collagen Glow,MY,False,2024-09,2024,False,False,False
8344497946879,1,76.07,30.43,76.07,D6,D5,Direct / Organic,Accessories,SG,False,2025-09,2025,False,False,False
7153236443391,1,76.02,30.41,76.02,D6,D9,Subscription,Other,SG,False,2024-03,2024,False,False,False
6327785095423,2,75.94,30.38,37.97,D6,D3,Subscription,Unknown,SG,False,2022-03,2022,False,False,False
7755995742463,1,75.9,30.36,75.9,D6,D9,Direct / Organic,Unknown,MY,False,2022-01,2022,False,False,False
8858360283391,1,75.72,30.29,75.72,D6,D4,Subscription,Clear Protein,SG,True,2026-03,2026,False,False,False
8831281823999,1,75.66,30.26,75.66,D6,D4,Subscription,Clear Protein,SG,True,2026-03,2026,False,False,False
8231864926463,1,75.61,30.24,75.61,D6,D5,Direct / Organic,Clear Protein,SG,False,2025-08,2025,False,False,False
8771832185087,1,75.23,30.09,75.23,D6,D4,Subscription,Clear Protein,SG,True,2026-02,2026,False,False,False
7916394086655,2,75.22,30.09,37.61,D6,D2,Direct / Organic,Clear Protein,SG,False,2025-03,2025,False,False,False
7756033884415,1,75.18,30.07,75.18,D6,D8,Direct / Organic,Unknown,MY,False,2022-05,2022,False,False,False
7756008751359,1,75.14,30.05,75.14,D6,D8,Direct / Organic,Soy Protein,MY,False,2022-10,2022,False,False,False
8133835391231,1,75.13,30.05,75.13,D6,D6,Direct / Organic,Accessories,SG,False,2025-06,2025,False,False,False
7756021039359,5,75.13,30.05,15.03,D6,D1,Direct / Organic,Unknown,MY,False,2022-02,2022,False,True,False
7756439519487,1,74.88,29.95,74.88,D6,D7,Direct / Organic,Lean Protein,MY,False,2024-06,2024,False,False,False
8118606430463,1,74.87,29.95,74.87,D6,D6,Direct / Organic,Collagen Glow,SG,False,2025-06,2025,False,False,False
8050169282815,2,74.8,29.92,37.4,D6,D2,Direct / Organic,Accessories,SG,False,2025-06,2025,False,False,False
6601909305599,1,74.8,29.92,74.8,D6,D10,Subscription,Other,SG,False,2023-03,2023,False,False,False
8036161880319,1,74.8,29.92,74.8,D6,D6,Direct / Organic,Lean Protein,SG,False,2025-05,2025,False,False,False
8041292071167,1,74.8,29.92,74.8,D6,D6,Direct / Organic,Other,SG,False,2025-05,2025,False,False,False
6532515266815,1,74.79,29.92,74.79,D6,D10,Direct / Organic,Unknown,MY,False,2022-12,2022,False,False,False
7705926893823,2,74.7,29.88,37.35,D6,D3,Subscription,Lean Protein,SG,False,2024-12,2024,False,False,False
7169039302911,1,74.65,29.86,74.65,D6,D9,Subscription,Other,MY,True,2024-04,2024,False,False,False
7756435194111,1,74.53,29.81,74.53,D6,D7,Direct / Organic,Collagen Glow,MY,False,2024-06,2024,False,False,False
7756469960959,1,74.53,29.81,74.53,D6,D7,Direct / Organic,Collagen Glow,MY,False,2024-10,2024,False,False,False
8476216754431,2,74.52,29.81,37.26,D6,D2,Direct / Organic,Lean Protein,SG,False,2025-10,2025,False,False,False
7756484018431,1,74.48,29.79,74.48,D6,D7,Direct / Organic,Accessories,MY,False,2024-12,2024,False,False,False
6423241130239,1,74.44,29.78,74.44,D6,D10,Subscription,Unknown,SG,False,2022-05,2022,False,False,False
7756458295551,1,74.41,29.76,74.41,D6,D7,Direct / Organic,Clear Protein,MY,False,2024-08,2024,False,False,False
7756021465343,3,74.36,29.74,24.79,D6,D2,Direct / Organic,Unknown,MY,False,2022-04,2022,False,False,False
7756036014335,1,74.25,29.7,74.25,D6,D8,Direct / Organic,Unknown,MY,False,2022-04,2022,False,False,False
7905859633407,1,74.25,29.7,74.25,D6,D7,Direct / Organic,Other,SG,False,2025-03,2025,False,False,False
7312130572543,1,74.13,29.65,74.13,D6,D9,Subscription,Collagen Glow,SG,False,2024-05,2024,False,False,False
6327504011519,1,74.0,29.6,74.0,D6,D10,Direct / Organic,Clear Protein,SG,False,2025-12,2025,False,False,False
7975628898559,1,74.0,29.6,74.0,D6,D6,Paid Social,Clear Protein,SG,False,2025-04,2025,False,False,False
7978120249599,1,74.0,29.6,74.0,D6,D6,Direct / Organic,Clear Protein,SG,False,2025-04,2025,False,False,False
7984381395199,1,74.0,29.6,74.0,D6,D6,Direct / Organic,Clear Protein,SG,False,2025-04,2025,False,False,False
8001274544383,1,74.0,29.6,74.0,D6,D6,Direct / Organic,Clear Protein,SG,False,2025-05,2025,False,False,False
8026798129407,1,74.0,29.6,74.0,D6,D6,Direct / Organic,Clear Protein,SG,False,2025-05,2025,False,False,False
8030223007999,1,74.0,29.6,74.0,D6,D6,Direct / Organic,Clear Protein,SG,False,2025-05,2025,False,False,False
8036132880639,1,74.0,29.6,74.0,D6,D6,Paid Social,Clear Protein,SG,False,2025-05,2025,False,False,False
8039752990975,1,74.0,29.6,74.0,D6,D6,Direct / Organic,Clear Protein,SG,False,2025-05,2025,False,False,False
8042502553855,1,74.0,29.6,74.0,D6,D6,Direct / Organic,Clear Protein,SG,False,2025-05,2025,False,False,False
8052477853951,1,74.0,29.6,74.0,D6,D6,Direct / Organic,Clear Protein,SG,False,2025-05,2025,False,False,False
8062020255999,1,74.0,29.6,74.0,D6,D6,Paid Social,Clear Protein,SG,False,2025-05,2025,False,False,False
8065677295871,1,74.0,29.6,74.0,D6,D6,Paid Social,Clear Protein,SG,False,2025-05,2025,False,False,False
8081719984383,1,74.0,29.6,74.0,D6,D6,Direct / Organic,Clear Protein,SG,False,2025-05,2025,False,False,False
8086122987775,1,74.0,29.6,74.0,D6,D6,Paid Social,Clear Protein,SG,False,2025-05,2025,False,False,False
8093538975999,1,74.0,29.6,74.0,D6,D6,Direct / Organic,Clear Protein,SG,False,2025-05,2025,False,False,False
8096610910463,1,74.0,29.6,74.0,D6,D6,Paid Social,Clear Protein,SG,False,2025-06,2025,False,False,False
8108885016831,1,74.0,29.6,74.0,D6,D6,Direct / Organic,Clear Protein,SG,False,2025-06,2025,False,False,False
8109982777599,1,74.0,29.6,74.0,D6,D6,Paid Social,Clear Protein,SG,False,2025-06,2025,False,False,False
8115816890623,1,74.0,29.6,74.0,D6,D6,Direct / Organic,Clear Protein,SG,False,2025-06,2025,False,False,False
8117297119487,1,74.0,29.6,74.0,D6,D6,Direct / Organic,Clear Protein,SG,False,2025-06,2025,False,False,False
8123205091583,1,74.0,29.6,74.0,D6,D6,Paid Social,Clear Protein,SG,False,2025-06,2025,False,False,False
8143274115327,1,74.0,29.6,74.0,D6,D6,Direct / Organic,Clear Protein,SG,False,2025-06,2025,False,False,False
8149397504255,1,74.0,29.6,74.0,D6,D6,Paid Social,Clear Protein,SG,False,2025-06,2025,False,False,False
8151503044863,1,74.0,29.6,74.0,D6,D6,Paid Social,Clear Protein,SG,False,2025-06,2025,False,False,False
8251518222591,1,74.0,29.6,74.0,D6,D5,Paid Social,Clear Protein,SG,False,2025-08,2025,False,False,False
8276623556863,1,74.0,29.6,74.0,D6,D5,Direct / Organic,Clear Protein,SG,False,2025-08,2025,False,False,False
8276952056063,1,74.0,29.6,74.0,D6,D5,Direct / Organic,Clear Protein,SG,False,2025-08,2025,False,False,False
8325816582399,1,74.0,29.6,74.0,D6,D5,Direct / Organic,Accessories,SG,False,2025-09,2025,False,False,False
8327681605887,1,74.0,29.6,74.0,D6,D5,Direct / Organic,Accessories,SG,False,2025-09,2025,False,False,False
8329594667263,1,74.0,29.6,74.0,D6,D5,Direct / Organic,Accessories,SG,False,2025-09,2025,False,False,False
8337828905215,1,74.0,29.6,74.0,D6,D5,Paid Social,Accessories,SG,False,2025-09,2025,False,False,False
8350754898175,1,74.0,29.6,74.0,D6,D5,Direct / Organic,Clear Protein,SG,False,2025-09,2025,False,False,False
8350990729471,1,74.0,29.6,74.0,D6,D5,Direct / Organic,Unknown,SG,False,2025-10,2025,False,False,False
8438487843071,1,74.0,29.6,74.0,D6,D5,Direct / Organic,Clear Protein,SG,False,2025-10,2025,False,False,False
8591215427839,1,74.0,29.6,74.0,D6,D5,Direct / Organic,Clear Protein,SG,False,2025-12,2025,False,False,False
8672541606143,1,74.0,29.6,74.0,D6,D4,Direct / Organic,Clear Protein,SG,False,2026-01,2026,False,False,False
8708959928575,1,74.0,29.6,74.0,D6,D4,Direct / Organic,Clear Protein,SG,False,2026-01,2026,False,False,False
8713261121791,1,74.0,29.6,74.0,D6,D4,Direct / Organic,Clear Protein,SG,False,2026-01,2026,False,False,False
8718133362943,1,74.0,29.6,74.0,D6,D4,Direct / Organic,Clear Protein,SG,False,2026-01,2026,False,False,False
8719516795135,1,74.0,29.6,74.0,D6,D4,Subscription,Lean Protein,SG,True,2026-01,2026,False,False,False
8737075822847,1,74.0,29.6,74.0,D6,D4,Direct / Organic,Clear Protein,SG,False,2026-02,2026,False,False,False
8768194806015,1,74.0,29.6,74.0,D6,D4,Direct / Organic,Clear Protein,SG,False,2026-02,2026,False,False,False
8785986322687,1,74.0,29.6,74.0,D6,D4,Direct / Organic,Clear Protein,SG,False,2026-02,2026,False,False,False
8822041116927,1,74.0,29.6,74.0,D6,D4,Direct / Organic,Clear Protein,SG,False,2026-03,2026,False,False,False
8822341075199,1,74.0,29.6,74.0,D6,D4,Direct / Organic,Clear Protein,SG,False,2026-03,2026,False,False,False
8828864200959,1,74.0,29.6,74.0,D6,D4,Direct / Organic,Clear Protein,SG,False,2026-03,2026,False,False,False
8839762575615,1,74.0,29.6,74.0,D6,D4,Direct / Organic,Clear Protein,SG,False,2026-03,2026,False,False,False
8848180150527,1,74.0,29.6,74.0,D6,D4,Direct / Organic,Clear Protein,SG,False,2026-03,2026,False,False,False
8856898175231,1,74.0,29.6,74.0,D6,D4,Direct / Organic,Clear Protein,SG,False,2026-03,2026,False,False,False
7756468879615,1,73.99,29.6,73.99,D6,D7,Direct / Organic,Other,MY,False,2024-09,2024,False,False,False
6327557423359,1,73.9,29.56,73.9,D6,D10,Direct / Organic,Clear Protein,SG,False,2025-03,2025,False,False,False
7707604812031,1,73.9,29.56,73.9,D6,D9,Subscription,Clear Protein,SG,False,2024-12,2024,False,False,False
7709729292543,1,73.9,29.56,73.9,D6,D9,Subscription,Clear Protein,SG,False,2024-12,2024,False,False,False
7802589675775,1,73.9,29.56,73.9,D6,D7,Subscription,Clear Protein,SG,False,2025-01,2025,False,False,False
7802592067839,1,73.9,29.56,73.9,D6,D7,Subscription,Clear Protein,SG,False,2025-01,2025,False,False,False
7852863193343,1,73.9,29.56,73.9,D6,D7,Direct / Organic,Clear Protein,SG,False,2025-02,2025,False,False,False
7870681383167,1,73.9,29.56,73.9,D6,D7,Direct / Organic,Clear Protein,SG,False,2025-02,2025,False,False,False
7875287580927,1,73.9,29.56,73.9,D6,D7,Direct / Organic,Clear Protein,SG,False,2025-02,2025,False,False,False
7877345804543,1,73.9,29.56,73.9,D6,D7,Direct / Organic,Clear Protein,SG,False,2025-02,2025,False,False,False
7893114618111,1,73.9,29.56,73.9,D6,D7,Direct / Organic,Clear Protein,SG,False,2025-03,2025,False,False,False
7933266723071,1,73.9,29.56,73.9,D6,D7,Direct / Organic,Clear Protein,SG,False,2025-03,2025,False,False,False
7934578458879,1,73.9,29.56,73.9,D6,D7,Direct / Organic,Clear Protein,SG,False,2025-03,2025,False,False,False
7945138209023,1,73.9,29.56,73.9,D6,D7,Direct / Organic,Clear Protein,SG,False,2025-04,2025,False,False,False
7954109268223,1,73.9,29.56,73.9,D6,D6,Paid Social,Clear Protein,SG,False,2025-04,2025,False,False,False
6329872974079,1,73.89,29.56,73.89,D6,D10,Subscription,Unknown,SG,False,2022-02,2022,False,False,False
7756440600831,1,73.83,29.53,73.83,D6,D7,Subscription,Unknown,MY,True,2024-07,2024,False,False,False
7756440731903,1,73.82,29.53,73.82,D6,D7,Direct / Organic,Unknown,MY,False,2024-07,2024,False,False,False
7756349243647,1,73.65,29.46,73.65,D6,D8,Direct / Organic,Other,MY,False,2023-02,2023,False,False,False
6336745406719,1,73.64,29.46,73.64,D6,D10,Subscription,Unknown,SG,False,2022-02,2022,False,False,False
7756260245759,1,73.64,29.46,73.64,D6,D8,Direct / Organic,Unknown,MY,False,2022-12,2022,False,False,False
6329873924351,2,73.58,29.43,36.79,D6,D3,Subscription,Unknown,SG,False,2022-05,2022,False,False,False
8226077245695,1,73.51,29.4,73.51,D6,D5,Direct / Organic,Clear Protein,SG,False,2025-10,2025,False,False,False
6600826159359,1,73.28,29.31,73.28,D6,D10,Subscription,Unknown,SG,False,2023-03,2023,False,False,False
7755986075903,1,73.23,29.29,73.23,D6,D9,Direct / Organic,Unknown,MY,False,2022-06,2022,False,False,False
8353921532159,1,73.14,29.26,73.14,D6,D5,Direct / Organic,Clear Protein,SG,False,2025-09,2025,False,False,False
6974029693183,1,73.11,29.24,73.11,D6,D9,Subscription,Soy Protein,SG,False,2023-12,2023,False,False,False
7756030509311,1,73.06,29.23,73.06,D6,D8,Direct / Organic,Unknown,MY,False,2022-06,2022,False,False,False
8621737640191,1,73.0,29.2,73.0,D6,D4,Paid Search,Soy Protein,SG,False,2025-12,2025,False,False,False
8879036399871,1,72.99,29.2,72.99,D6,D4,Direct / Organic,Lean Protein,SG,False,2026-03,2026,False,False,False
8595374997759,1,72.97,29.19,72.97,D6,D5,Direct / Organic,Accessories,SG,False,2025-12,2025,False,False,False
8865436369151,1,72.86,29.14,72.86,D6,D4,Direct / Organic,Lean Protein,SG,False,2026-03,2026,False,False,False
7970622636287,2,72.83,29.13,36.42,D6,D2,Direct / Organic,Lean Protein,SG,False,2025-04,2025,False,False,False
7881282453759,1,72.73,29.09,72.73,D6,D7,Subscription,Other,SG,True,2025-03,2025,False,False,False
8891012612351,1,72.64,29.06,72.64,D6,D4,Paid Social,Lean Protein,SG,False,2026-03,2026,False,False,False
8895680217343,1,72.57,29.03,72.57,D6,D4,Paid Social,Lean Protein,SG,False,2026-03,2026,False,False,False
7756009799935,1,72.38,28.95,72.38,D6,D8,Direct / Organic,Other,MY,False,2022-10,2022,False,False,False
7695319695615,1,72.24,28.9,72.24,D6,D9,Subscription,Other,SG,False,2024-12,2024,False,False,False
8350898585855,1,72.2,28.88,72.2,D6,D5,Direct / Organic,Clear Protein,SG,False,2025-09,2025,False,False,False
7756469469439,1,72.16,28.87,72.16,D6,D7,Subscription,Clear Protein,MY,True,2024-09,2024,False,False,False
7756039094527,1,72.0,28.8,72.0,D6,D8,Direct / Organic,Unknown,MY,False,2022-03,2022,False,False,False
7915894931711,1,71.98,28.79,71.98,D6,D7,Direct / Organic,Clear Protein,SG,False,2025-03,2025,False,False,False
6423600824575,2,71.94,28.78,35.97,D6,D3,Subscription,Unknown,SG,False,2022-01,2022,False,False,False
7756359827711,1,71.91,28.76,71.91,D6,D8,Direct / Organic,Other,MY,False,2023-08,2023,False,False,False
7756428443903,1,71.91,28.76,71.91,D6,D7,Direct / Organic,Collagen Glow,MY,False,2024-05,2024,False,False,False
8811665064191,1,71.84,28.74,71.84,D6,D4,Subscription,Clear Protein,SG,True,2026-02,2026,False,False,False
7756435456255,1,71.84,28.74,71.84,D6,D7,Subscription,Other,MY,True,2024-06,2024,False,False,False
7964573794559,2,71.82,28.73,35.91,D6,D2,Subscription,Collagen Glow,SG,True,2025-04,2025,False,False,False
8702625251583,1,71.69,28.68,71.69,D6,D4,Direct / Organic,Clear Protein,SG,False,2026-01,2026,False,False,False
6423613210879,1,71.65,28.66,71.65,D6,D10,Subscription,Unknown,SG,False,2022-01,2022,False,False,False
8345056280831,1,71.49,28.6,71.49,D6,D5,Paid Social,Clear Protein,SG,False,2025-09,2025,False,False,False
8875277025535,1,71.24,28.5,71.24,D6,D4,Direct / Organic,Other,SG,False,2026-03,2026,False,False,False
8721809441023,1,71.16,28.46,71.16,D6,D4,Subscription,Clear Protein,SG,True,2026-01,2026,False,False,False
7927091200255,1,71.11,28.44,71.11,D6,D7,Direct / Organic,Clear Protein,SG,False,2025-04,2025,False,False,False
8796435054847,1,71.09,28.44,71.09,D6,D4,Direct / Organic,Clear Protein,SG,False,2026-02,2026,False,False,False
8247973347583,1,71.08,28.43,71.08,D6,D5,Direct / Organic,Other,SG,False,2025-08,2025,False,False,False
8878778581247,1,71.02,28.41,71.02,D6,D4,Paid Social,Lean Protein,SG,False,2026-03,2026,False,False,False
7756264767743,1,70.91,28.36,70.91,D6,D8,Direct / Organic,Unknown,MY,False,2023-01,2023,False,False,False
7756008390911,1,70.91,28.36,70.91,D6,D8,Direct / Organic,Unknown,MY,False,2022-08,2022,False,False,False
7986128716031,1,70.82,28.33,70.82,D6,D6,Subscription,Other,SG,True,2025-04,2025,False,False,False
7977048670463,1,70.8,28.32,70.8,D6,D6,Direct / Organic,Lean Protein,SG,False,2025-08,2025,False,False,False
8239210463487,1,70.8,28.32,70.8,D6,D5,Direct / Organic,Soy Protein,SG,False,2025-08,2025,False,False,False
8337895751935,1,70.8,28.32,70.8,D6,D5,Paid Social,Lean Protein,SG,False,2025-09,2025,False,False,False
8697188122879,1,70.73,28.29,70.73,D6,D4,Direct / Organic,Clear Protein,SG,False,2026-01,2026,False,False,False
8017229218047,1,70.72,28.29,70.72,D6,D6,Direct / Organic,Clear Protein,SG,False,2025-05,2025,False,False,False
6327639015679,1,70.69,28.28,70.69,D6,D10,Subscription,Unknown,SG,False,2022-08,2022,False,False,False
8730810679551,1,70.57,28.23,70.57,D6,D4,Direct / Organic,Clear Protein,SG,False,2026-02,2026,False,False,False
8761884639487,1,70.54,28.22,70.54,D6,D4,Direct / Organic,Clear Protein,SG,False,2026-02,2026,False,False,False
8474714669311,1,70.38,28.15,70.38,D6,D5,Direct / Organic,Lean Protein,SG,False,2025-10,2025,False,False,False
8478334320895,1,70.38,28.15,70.38,D6,D5,Direct / Organic,Lean Protein,SG,False,2025-10,2025,False,False,False
8691058213119,1,70.38,28.15,70.38,D6,D4,Direct / Organic,Clear Protein,SG,False,2026-01,2026,False,False,False
8761596641535,1,70.38,28.15,70.38,D6,D4,Direct / Organic,Lean Protein,SG,False,2026-02,2026,False,False,False
8794201358591,1,70.38,28.15,70.38,D6,D4,Direct / Organic,Lean Protein,SG,False,2026-02,2026,False,False,False
8811215388927,1,70.38,28.15,70.38,D6,D4,Direct / Organic,Lean Protein,SG,False,2026-02,2026,False,False,False
7755971199231,1,70.25,28.1,70.25,D6,D9,Subscription,Other,MY,True,2023-05,2023,False,False,False
7755957633279,1,70.02,28.01,70.02,D6,D9,Subscription,Other,MY,True,2023-05,2023,False,False,False
8716200411391,1,69.99,28.0,69.99,D6,D4,Direct / Organic,Clear Protein,SG,False,2026-01,2026,False,False,False
6327625089279,1,69.9,27.96,69.9,D6,D10,Subscription,Unknown,SG,False,2022-02,2022,False,False,False
7475029606655,1,69.86,27.94,69.86,D6,D9,Subscription,Lean Protein,SG,False,2024-08,2024,False,False,False
7475157991679,1,69.86,27.94,69.86,D6,D9,Subscription,Collagen Glow,SG,False,2024-08,2024,False,False,False
7475279692031,1,69.86,27.94,69.86,D6,D9,Subscription,Clear Protein,SG,False,2024-08,2024,False,False,False
7476910588159,1,69.86,27.94,69.86,D6,D9,Subscription,Clear Protein,SG,False,2024-09,2024,False,False,False
8165107958015,1,69.84,27.94,69.84,D6,D5,Direct / Organic,Lean Protein,SG,False,2025-06,2025,False,False,False
7967464521983,1,69.8,27.92,69.8,D6,D6,Direct / Organic,Lean Protein,SG,False,2025-04,2025,False,False,False
8633815073023,1,69.8,27.92,69.8,D6,D4,Direct / Organic,Other,SG,False,2025-12,2025,False,False,False
6329871073535,2,69.77,27.91,34.88,D6,D3,Subscription,Unknown,SG,False,2022-03,2022,False,False,False
7756350292223,1,69.73,27.89,69.73,D6,D8,Direct / Organic,Other,MY,False,2023-03,2023,False,False,False
7756470616319,1,69.7,27.88,69.7,D6,D7,Subscription,Clear Protein,MY,True,2024-10,2024,False,False,False
8712990687487,1,69.58,27.83,69.58,D6,D4,Direct / Organic,Clear Protein,SG,False,2026-01,2026,False,False,False
8713464840447,1,69.58,27.83,69.58,D6,D4,Direct / Organic,Clear Protein,SG,False,2026-01,2026,False,False,False
8700572008703,1,69.56,27.82,69.56,D6,D4,Direct / Organic,Clear Protein,SG,False,2026-01,2026,False,False,False
8369895768319,1,69.51,27.8,69.51,D6,D5,Direct / Organic,Clear Protein,SG,False,2025-10,2025,False,False,False
7756385190143,1,69.47,27.79,69.47,D6,D8,Subscription,Unknown,MY,True,2023-10,2023,False,False,False
8669942120703,1,69.43,27.77,69.43,D6,D4,Direct / Organic,Clear Protein,SG,False,2026-01,2026,False,False,False
7756465701119,2,69.37,27.75,34.69,D6,D2,Direct / Organic,Lean Protein,MY,False,2024-09,2024,False,False,False
8040106819839,2,69.35,27.74,34.67,D6,D2,Paid Social,Clear Protein,SG,False,2025-06,2025,False,False,False
7756350816511,1,69.34,27.73,69.34,D6,D8,Direct / Organic,Other,MY,False,2023-03,2023,False,False,False
7496457650431,1,69.31,27.72,69.31,D6,D9,Subscription,Other,SG,False,2024-10,2024,False,False,False
8630208233727,1,69.17,27.67,69.17,D6,D4,Paid Social,Clear Protein,SG,False,2025-12,2025,False,False,False
7968738312447,2,69.12,27.65,34.56,D6,D2,Subscription,Other,SG,True,2025-04,2025,False,False,False
8415890473215,1,69.09,27.64,69.09,D6,D5,Direct / Organic,Collagen Glow,SG,False,2025-10,2025,False,False,False
7779969761535,1,69.08,27.63,69.08,D6,D7,Subscription,Lean Protein,SG,False,2025-01,2025,False,False,False
7756377587967,1,69.03,27.61,69.03,D6,D8,Direct / Organic,Other,MY,False,2023-08,2023,False,False,False
8607681282303,1,69.02,27.61,69.02,D6,D5,Paid Social,Clear Protein,SG,False,2025-12,2025,False,False,False
7756377293055,1,69.01,27.6,69.01,D6,D8,Direct / Organic,Unknown,MY,False,2023-08,2023,False,False,False
7756399247615,1,69.01,27.6,69.01,D6,D7,Direct / Organic,Accessories,MY,False,2024-01,2024,False,False,False
7574655336703,1,69.0,27.6,69.0,D6,D9,Subscription,Clear Protein,SG,False,2024-10,2024,False,False,False
7956356399359,1,69.0,27.6,69.0,D6,D6,Direct / Organic,Clear Protein,SG,False,2025-04,2025,False,False,False
7958758752511,1,69.0,27.6,69.0,D6,D6,Direct / Organic,Clear Protein,SG,False,2025-04,2025,False,False,False
7958995828991,1,69.0,27.6,69.0,D6,D6,Direct / Organic,Clear Protein,SG,False,2025-04,2025,False,False,False
7969166819583,1,69.0,27.6,69.0,D6,D6,Direct / Organic,Clear Protein,SG,False,2025-04,2025,False,False,False
7973788745983,1,69.0,27.6,69.0,D6,D6,Direct / Organic,Clear Protein,SG,False,2025-04,2025,False,False,False
7978400940287,1,69.0,27.6,69.0,D6,D6,Direct / Organic,Clear Protein,SG,False,2025-04,2025,False,False,False
8111530934527,1,69.0,27.6,69.0,D6,D6,Direct / Organic,Clear Protein,SG,False,2025-06,2025,False,False,False
8140247105791,1,69.0,27.6,69.0,D6,D6,Direct / Organic,Clear Protein,SG,False,2025-06,2025,False,False,False
8244695531775,1,69.0,27.6,69.0,D6,D5,Direct / Organic,Clear Protein,SG,False,2025-08,2025,False,False,False
8761679806719,1,69.0,27.6,69.0,D6,D4,Direct / Organic,Clear Protein,SG,False,2026-02,2026,False,False,False
8880816423167,1,69.0,27.6,69.0,D6,D4,Direct / Organic,Clear Protein,SG,False,2026-03,2026,False,False,False
6329840173311,1,68.97,27.59,68.97,D6,D10,Subscription,Unknown,SG,False,2022-04,2022,False,False,False
7942389006591,1,68.87,27.55,68.87,D6,D7,Direct / Organic,Clear Protein,SG,False,2026-01,2026,False,False,False
6805761556735,1,68.82,27.53,68.82,D6,D10,Subscription,Other,SG,False,2023-09,2023,False,False,False
8608190365951,2,68.82,27.53,34.41,D6,D2,Direct / Organic,Soy Protein,SG,False,2025-12,2025,False,False,False
7756399116543,1,68.82,27.53,68.82,D6,D7,Direct / Organic,Lean Protein,MY,False,2024-04,2024,False,False,False
8166915997951,2,68.81,27.52,34.4,D6,D2,Direct / Organic,Lean Protein,SG,False,2025-06,2025,False,False,False
8608936100095,1,68.81,27.52,68.81,D6,D5,Paid Social,Clear Protein,SG,False,2025-12,2025,False,False,False
6328226644223,1,68.72,27.49,68.72,D6,D10,Subscription,Collagen Glow,SG,True,2023-10,2023,False,False,False
7756260933887,3,68.7,27.48,22.9,D6,D2,Direct / Organic,Other,MY,False,2024-03,2024,False,False,False
8901867831551,1,68.56,27.42,68.56,D6,D4,Subscription,Lean Protein,SG,True,2026-03,2026,False,False,False
8025023512831,1,68.33,27.33,68.33,D6,D6,Affiliate,Accessories,SG,False,2025-05,2025,False,False,False
7756415631615,1,68.13,27.25,68.13,D6,D7,Direct / Organic,Collagen Glow,MY,False,2024-04,2024,False,False,False
8683348623615,1,68.1,27.24,68.1,D6,D4,Direct / Organic,Clear Protein,SG,False,2026-01,2026,False,False,False
7755974050047,2,68.01,27.2,34.0,D6,D3,Direct / Organic,Unknown,MY,False,2022-09,2022,False,False,False
8800846971135,1,67.99,27.2,67.99,D6,D4,Direct / Organic,Accessories,SG,False,2026-02,2026,False,False,False
8853473394943,1,67.86,27.14,67.86,D6,D4,Subscription,Clear Protein,SG,True,2026-03,2026,False,False,False
6650460700927,1,67.84,27.14,67.84,D6,D10,Subscription,Collagen Glow,SG,True,2023-04,2023,False,False,False
8877871202559,1,67.84,27.14,67.84,D6,D4,Direct / Organic,Accessories,SG,False,2026-03,2026,False,False,False
7756477268223,1,67.84,27.13,67.84,D6,D7,Direct / Organic,Other,MY,False,2024-10,2024,False,False,False
6613396193535,1,67.81,27.12,67.81,D6,D10,Subscription,Other,SG,False,2023-03,2023,False,False,False
8118123331839,1,67.81,27.12,67.81,D6,D6,Direct / Organic,Clear Protein,SG,False,2025-06,2025,False,False,False
7756458000639,2,67.68,27.07,33.84,D6,D3,Direct / Organic,Collagen Glow,MY,True,2024-08,2024,False,False,False
7756349800703,1,67.55,27.02,67.55,D6,D8,Direct / Organic,Accessories,MY,False,2023-03,2023,False,False,False
8484438245631,1,67.47,26.99,67.47,D6,D5,Direct / Organic,Clear Protein,SG,False,2025-10,2025,False,False,False
7756264898815,1,67.46,26.98,67.46,D6,D8,Direct / Organic,Unknown,MY,False,2023-01,2023,False,False,False
7756446138623,1,67.45,26.98,67.45,D6,D7,Direct / Organic,Lean Protein,MY,False,2024-09,2024,False,False,False
8031944671487,1,67.41,26.96,67.41,D6,D6,Subscription,Clear Protein,SG,True,2025-05,2025,False,False,False
8373600026879,1,67.32,26.93,67.32,D6,D5,Direct / Organic,Clear Protein,SG,False,2025-10,2025,False,False,False
8488214135039,1,67.32,26.93,67.32,D6,D5,Direct / Organic,Lean Protein,SG,False,2025-11,2025,False,False,False
7756359467263,1,67.31,26.92,67.31,D6,D8,Direct / Organic,Unknown,MY,False,2023-04,2023,False,False,False
6423594533119,2,67.31,26.92,33.66,D6,D3,Subscription,Unknown,SG,False,2022-04,2022,False,False,False
6328293490943,1,67.29,26.92,67.29,D6,D10,Subscription,Unknown,SG,False,2022-07,2022,False,False,False
8093702029567,2,67.27,26.91,33.64,D6,D2,Direct / Organic,Accessories,SG,True,2025-05,2025,False,False,False
8438075523327,1,67.13,26.85,67.13,D6,D5,Direct / Organic,Clear Protein,SG,False,2025-10,2025,False,False,False
8438237298943,1,67.13,26.85,67.13,D6,D5,Direct / Organic,Clear Protein,SG,False,2025-10,2025,False,False,False
8439901749503,1,67.12,26.85,67.12,D6,D5,Direct / Organic,Clear Protein,SG,False,2025-10,2025,False,False,False
8362934567167,1,67.11,26.84,67.11,D6,D5,Direct / Organic,Clear Protein,SG,False,2025-10,2025,False,False,False
8120263606527,1,67.1,26.84,67.1,D6,D6,Direct / Organic,Clear Protein,SG,False,2025-06,2025,False,False,False
8310327738623,1,67.1,26.84,67.1,D6,D5,Subscription,Accessories,SG,True,2025-09,2025,False,False,False
8343408869631,1,67.1,26.84,67.1,D6,D5,Subscription,Accessories,SG,True,2025-09,2025,False,False,False
8479441551615,1,67.1,26.84,67.1,D6,D5,Direct / Organic,Clear Protein,SG,False,2025-10,2025,False,False,False
7783089176831,1,67.0,26.8,67.0,D6,D7,Subscription,Clear Protein,SG,False,2025-01,2025,False,False,False
7942630015231,1,67.0,26.8,67.0,D6,D7,Direct / Organic,Clear Protein,SG,False,2025-04,2025,False,False,False
8263332397311,1,67.0,26.8,67.0,D6,D5,Paid Social,Collagen Glow,SG,False,2025-08,2025,False,False,False
7756386074879,1,66.92,26.77,66.92,D6,D7,Subscription,Other,MY,True,2023-10,2023,False,False,False
7756019269887,2,66.91,26.76,33.45,D6,D3,Direct / Organic,Unknown,MY,False,2022-08,2022,False,False,False
8337740628223,1,66.86,26.74,66.86,D6,D5,Paid Social,Accessories,SG,False,2025-09,2025,False,False,False
8327074316543,1,66.82,26.73,66.82,D6,D5,Direct / Organic,Accessories,SG,False,2025-09,2025,False,False,False
7755996365055,3,66.82,26.73,22.27,D6,D2,Direct / Organic,Unknown,MY,False,2022-02,2022,False,False,False
7950392361215,1,66.79,26.72,66.79,D6,D6,Affiliate,Lean Protein,SG,False,2025-04,2025,False,False,False
8329706176767,1,66.75,26.7,66.75,D6,D5,Direct / Organic,Accessories,SG,False,2025-09,2025,False,False,False
8868617486591,1,66.75,26.7,66.75,D6,D4,Paid Social,Lean Protein,SG,False,2026-03,2026,False,False,False
8288895009023,1,66.74,26.7,66.74,D6,D5,Direct / Organic,Clear Protein,SG,False,2025-08,2025,False,False,False
8335408660735,1,66.74,26.7,66.74,D6,D5,Paid Social,Accessories,SG,False,2025-09,2025,False,False,False
8079305408767,1,66.69,26.68,66.69,D6,D6,Direct / Organic,Clear Protein,SG,False,2025-05,2025,False,False,False
7756459639039,1,66.69,26.68,66.69,D6,D7,Direct / Organic,Collagen Glow,MY,False,2024-08,2024,False,False,False
6423463756031,2,66.62,26.65,33.31,D6,D3,Subscription,Unknown,SG,False,2022-05,2022,False,False,False
8291132899583,1,66.62,26.65,66.62,D6,D5,Direct / Organic,Clear Protein,SG,False,2025-08,2025,False,False,False
8309109752063,1,66.62,26.65,66.62,D6,D5,Direct / Organic,Clear Protein,SG,False,2025-09,2025,False,False,False
8794462519551,1,66.59,26.64,66.59,D6,D4,Subscription,Lean Protein,SG,True,2026-02,2026,False,False,False
8318056333567,1,66.54,26.62,66.54,D6,D5,Paid Social,Accessories,SG,False,2025-09,2025,False,False,False
8274112545023,1,66.53,26.61,66.53,D6,D5,Paid Social,Clear Protein,SG,False,2025-08,2025,False,False,False
8246421651711,1,66.39,26.56,66.39,D6,D5,Direct / Organic,Clear Protein,SG,False,2025-08,2025,False,False,False
7756175606015,1,66.38,26.55,66.38,D6,D8,Paid Social,Clear Protein,SG,False,2025-08,2025,False,False,False
7756459180287,1,66.36,26.55,66.36,D6,D7,Direct / Organic,Other,MY,False,2024-08,2024,False,False,False
7756463079679,1,66.36,26.55,66.36,D6,D7,Direct / Organic,Other,MY,False,2024-09,2024,False,False,False
7756467470591,1,66.36,26.55,66.36,D6,D7,Direct / Organic,Other,MY,False,2024-10,2024,False,False,False
7756474188031,1,66.36,26.55,66.36,D6,D7,Direct / Organic,Clear Protein,MY,False,2024-10,2024,False,False,False
7756484706559,1,66.36,26.55,66.36,D6,D7,Direct / Organic,Accessories,MY,False,2024-12,2024,False,False,False
7756485132543,1,66.36,26.55,66.36,D6,D7,Direct / Organic,Accessories,MY,False,2024-12,2024,False,False,False
7756486017279,1,66.36,26.55,66.36,D6,D7,Direct / Organic,Accessories,MY,False,2024-12,2024,False,False,False
7756486738175,1,66.36,26.55,66.36,D6,D7,Direct / Organic,Accessories,MY,False,2024-12,2024,False,False,False
7756487065855,1,66.36,26.55,66.36,D6,D7,Direct / Organic,Accessories,MY,False,2024-12,2024,False,False,False
7756487688447,1,66.36,26.55,66.36,D6,D7,Direct / Organic,Accessories,MY,False,2025-01,2024,False,False,False
7756488343807,1,66.36,26.55,66.36,D6,D7,Direct / Organic,Accessories,MY,False,2025-01,2025,False,False,False
7829327446271,1,66.36,26.55,66.36,D6,D7,Direct / Organic,Clear Protein,MY,False,2025-01,2025,False,False,False
7933079257343,1,66.25,26.5,66.25,D6,D7,Paid Social,Clear Protein,SG,False,2025-03,2025,False,False,False
8699386724607,1,66.2,26.48,66.2,D6,D4,Affiliate,Soy Protein,SG,False,2026-01,2026,False,False,False
7756000002303,2,66.18,26.47,33.09,D6,D3,Direct / Organic,Other,MY,False,2022-09,2022,False,False,False
7756359106815,1,66.15,26.46,66.15,D6,D8,Direct / Organic,Accessories,MY,False,2023-04,2023,False,False,False
7756156698879,1,66.13,26.45,66.13,D6,D8,Direct / Organic,Soy Protein,MY,False,2024-01,2024,False,False,False
8802133311743,1,66.04,26.42,66.04,D6,D4,Direct / Organic,Lean Protein,SG,False,2026-02,2026,False,False,False
8106575036671,1,66.03,26.41,66.03,D6,D6,Direct / Organic,Soy Protein,SG,False,2025-06,2025,False,False,False
7756352127231,2,66.0,26.4,33.0,D6,D3,Direct / Organic,Collagen Glow,MY,False,2023-03,2023,False,False,False
7756260606207,1,65.99,26.4,65.99,D6,D8,Direct / Organic,Unknown,MY,False,2023-01,2023,False,False,False
7756267258111,1,65.99,26.4,65.99,D6,D8,Direct / Organic,Other,MY,False,2023-01,2023,False,False,False
7756414255359,1,65.86,26.35,65.86,D6,D7,Subscription,Other,MY,True,2024-03,2024,False,False,False
8902232310015,1,65.86,26.34,65.86,D6,D4,Direct / Organic,Accessories,SG,False,2026-03,2026,False,False,False
8874836590847,1,65.75,26.3,65.75,D6,D4,Paid Social,Lean Protein,SG,False,2026-03,2026,False,False,False
6329849053439,1,65.73,26.29,65.73,D6,D10,Subscription,Unknown,SG,False,2022-05,2022,False,False,False
6423590207743,1,65.73,26.29,65.73,D6,D10,Subscription,Unknown,SG,False,2022-05,2022,False,False,False
8350728290559,1,65.73,26.29,65.73,D6,D5,Paid Social,Accessories,SG,False,2025-09,2025,False,False,False
7902015652095,1,65.72,26.29,65.72,D6,D7,Direct / Organic,Clear Protein,SG,False,2025-03,2025,False,False,False
7756430541055,1,65.69,26.28,65.69,D6,D7,Direct / Organic,Other,MY,False,2024-05,2024,False,False,False
8002072051967,2,65.57,26.23,32.78,D6,D2,Subscription,Other,SG,True,2025-05,2025,False,False,False
8869025480959,1,65.55,26.22,65.55,D6,D4,Subscription,Clear Protein,SG,True,2026-03,2026,False,False,False
7756431491327,1,65.52,26.21,65.52,D6,D7,Direct / Organic,Lean Protein,MY,False,2024-05,2024,False,False,False
8899332014335,1,65.39,26.16,65.39,D6,D4,Direct / Organic,Lean Protein,SG,False,2026-03,2026,False,False,False
7756007964927,1,65.36,26.15,65.36,D6,D8,Direct / Organic,Unknown,MY,False,2022-10,2022,False,False,False
7756488442111,4,65.35,26.14,16.34,D6,D1,Subscription,Other,MY,True,2025-01,2025,False,True,False
7756385976575,2,65.25,26.1,32.62,D6,D3,Subscription,Other,MY,True,2023-10,2023,False,False,False
8880793944319,1,65.16,26.06,65.16,D6,D4,Paid Social,Lean Protein,SG,False,2026-03,2026,False,False,False
7756042273023,1,65.0,26.0,65.0,D6,D8,Direct / Organic,Unknown,MY,False,2022-02,2022,False,False,False
8875316052223,1,64.93,25.97,64.93,D6,D4,Direct / Organic,Lean Protein,SG,False,2026-03,2026,False,False,False
6327731028223,1,64.9,25.96,64.9,D6,D10,Subscription,Unknown,SG,False,2022-08,2022,False,False,False
7955146408191,1,64.9,25.96,64.9,D6,D6,Direct / Organic,Lean Protein,SG,False,2025-04,2025,False,False,False
7958430187775,1,64.9,25.96,64.9,D6,D6,Direct / Organic,Lean Protein,SG,False,2025-04,2025,False,False,False
7973405720831,1,64.9,25.96,64.9,D6,D6,Direct / Organic,Lean Protein,SG,False,2025-04,2025,False,False,False
7979892637951,1,64.9,25.96,64.9,D6,D6,Direct / Organic,Lean Protein,SG,False,2025-04,2025,False,False,False
8039330185471,1,64.9,25.96,64.9,D6,D6,Direct / Organic,Lean Protein,SG,False,2025-05,2025,False,False,False
8061810802943,1,64.9,25.96,64.9,D6,D6,Paid Social,Lean Protein,SG,False,2025-05,2025,False,False,False
8086166831359,1,64.9,25.96,64.9,D6,D6,Direct / Organic,Lean Protein,SG,False,2025-05,2025,False,False,False
8102148604159,1,64.9,25.96,64.9,D6,D6,Paid Social,Lean Protein,SG,False,2025-06,2025,False,False,False
8296424341759,1,64.9,25.96,64.9,D6,D5,Direct / Organic,Lean Protein,SG,False,2025-08,2025,False,False,False
8304532979967,1,64.9,25.96,64.9,D6,D5,Direct / Organic,Lean Protein,SG,False,2025-09,2025,False,False,False
8337021468927,1,64.9,25.96,64.9,D6,D5,Paid Social,Lean Protein,SG,False,2025-09,2025,False,False,False
8341024964863,1,64.9,25.96,64.9,D6,D5,Direct / Organic,Accessories,SG,False,2025-09,2025,False,False,False
8349264281855,1,64.9,25.96,64.9,D6,D5,Direct / Organic,Accessories,SG,False,2025-09,2025,False,False,False
8349303865599,1,64.9,25.96,64.9,D6,D5,Direct / Organic,Accessories,SG,False,2025-09,2025,False,False,False
8370214273279,1,64.9,25.96,64.9,D6,D5,Direct / Organic,Accessories,SG,False,2025-10,2025,False,False,False
8383897141503,1,64.9,25.96,64.9,D6,D5,Direct / Organic,Accessories,SG,False,2025-10,2025,False,False,False
8480311738623,1,64.9,25.96,64.9,D6,D5,Paid Social,Lean Protein,SG,False,2025-10,2025,False,False,False
8486671810815,1,64.9,25.96,64.9,D6,D5,Direct / Organic,Lean Protein,SG,False,2025-10,2025,False,False,False
8657067901183,1,64.9,25.96,64.9,D6,D4,Direct / Organic,Lean Protein,SG,False,2025-12,2025,False,False,False
8665932595455,1,64.9,25.96,64.9,D6,D4,Direct / Organic,Lean Protein,SG,False,2026-01,2026,False,False,False
8712570437887,1,64.9,25.96,64.9,D6,D4,Direct / Organic,Lean Protein,SG,False,2026-01,2026,False,False,False
8779666784511,1,64.9,25.96,64.9,D6,D4,Direct / Organic,Lean Protein,SG,False,2026-02,2026,False,False,False
8796973695231,1,64.9,25.96,64.9,D6,D4,Direct / Organic,Lean Protein,SG,False,2026-02,2026,False,False,False
8813182877951,1,64.9,25.96,64.9,D6,D4,Direct / Organic,Lean Protein,SG,False,2026-03,2026,False,False,False
8816193470719,1,64.9,25.96,64.9,D6,D4,Direct / Organic,Lean Protein,SG,False,2026-03,2026,False,False,False
8894655037695,1,64.9,25.96,64.9,D6,D4,Paid Social,Lean Protein,SG,False,2026-03,2026,False,False,False
8895137054975,1,64.9,25.96,64.9,D6,D4,Direct / Organic,Lean Protein,SG,False,2026-03,2026,False,False,False
8906074259711,1,64.9,25.96,64.9,D6,D3,Paid Social,Lean Protein,SG,False,2026-03,2026,False,False,False
6423223828735,1,64.86,25.94,64.86,D6,D10,Subscription,Unknown,SG,False,2022-09,2022,False,False,False
6686265540863,1,64.8,25.92,64.8,D6,D10,Subscription,Other,SG,False,2023-05,2023,False,False,False
7065442451711,1,64.8,25.92,64.8,D6,D9,Subscription,Other,SG,False,2024-02,2024,False,False,False
7240948154623,1,64.8,25.92,64.8,D6,D9,Subscription,Other,SG,False,2024-05,2024,False,False,False
7267774398719,1,64.8,25.92,64.8,D6,D9,Subscription,Other,SG,False,2024-09,2024,False,False,False
7288596758783,1,64.8,25.92,64.8,D6,D9,Subscription,Other,SG,False,2024-05,2024,False,False,False
7467457609983,1,64.8,25.92,64.8,D6,D9,Subscription,Clear Protein,SG,False,2024-08,2024,False,False,False
7471965110527,1,64.8,25.92,64.8,D6,D9,Subscription,Lean Protein,SG,False,2024-08,2024,False,False,False
7476745863423,1,64.8,25.92,64.8,D6,D9,Subscription,Lean Protein,SG,False,2024-09,2024,False,False,False
7483064877311,1,64.8,25.92,64.8,D6,D9,Subscription,Clear Protein,SG,False,2024-09,2024,False,False,False
7493078221055,1,64.8,25.92,64.8,D6,D9,Subscription,Other,SG,False,2024-09,2024,False,False,False
7501481345279,1,64.8,25.92,64.8,D6,D9,Subscription,Clear Protein,SG,False,2024-09,2024,False,False,False
7511292346623,1,64.8,25.92,64.8,D6,D9,Subscription,Other,SG,False,2024-09,2024,False,False,False
7514098761983,1,64.8,25.92,64.8,D6,D9,Subscription,Lean Protein,SG,False,2024-09,2024,False,False,False
7517817372927,1,64.8,25.92,64.8,D6,D9,Subscription,Lean Protein,SG,False,2024-09,2024,False,False,False
7549021913343,1,64.8,25.92,64.8,D6,D9,Subscription,Lean Protein,SG,False,2024-10,2024,False,False,False
7895503831295,1,64.8,25.92,64.8,D6,D7,Direct / Organic,Lean Protein,SG,False,2025-03,2025,False,False,False
7902379475199,1,64.8,25.92,64.8,D6,D7,Direct / Organic,Lean Protein,SG,False,2025-03,2025,False,False,False
7915910988031,1,64.8,25.92,64.8,D6,D7,Direct / Organic,Lean Protein,SG,False,2025-03,2025,False,False,False
7941936939263,1,64.8,25.92,64.8,D6,D7,Direct / Organic,Lean Protein,SG,False,2025-04,2025,False,False,False
6765619511551,1,64.74,25.9,64.74,D6,D10,Subscription,Other,SG,False,2023-08,2023,False,False,False
7365375525119,2,64.72,25.89,32.36,D6,D3,Subscription,Lean Protein,SG,False,2024-06,2024,False,False,False
8346039877887,1,64.71,25.88,64.71,D6,D5,Direct / Organic,Other,SG,False,2025-09,2025,False,False,False
7476819820799,2,64.7,25.88,32.35,D6,D3,Subscription,Clear Protein,SG,False,2024-09,2024,False,False,False
8841467396351,1,64.7,25.88,64.7,D6,D4,Direct / Organic,Other,SG,False,2026-03,2026,False,False,False
7845481414911,3,64.65,25.86,21.55,D6,D2,Direct / Organic,Other,SG,False,2025-02,2025,False,False,False
8396561285375,1,64.64,25.86,64.64,D6,D5,Direct / Organic,Accessories,SG,False,2025-10,2025,False,False,False
6713553879295,1,64.62,25.85,64.62,D6,D10,Subscription,Other,SG,False,2023-06,2023,False,False,False
8175629893887,1,64.61,25.84,64.61,D6,D5,Direct / Organic,Accessories,SG,False,2025-09,2025,False,False,False
8843455529215,1,64.53,25.81,64.53,D6,D4,Direct / Organic,Clear Protein,SG,False,2026-03,2026,False,False,False
8366920139007,1,64.47,25.79,64.47,D6,D5,Direct / Organic,Accessories,SG,False,2025-10,2025,False,False,False
7963876983039,1,64.43,25.77,64.43,D6,D6,Direct / Organic,Lean Protein,SG,False,2025-04,2025,False,False,False
7756048990463,1,64.35,25.74,64.35,D6,D8,Direct / Organic,Unknown,MY,False,2022-01,2021,False,False,False
8445704863999,1,64.3,25.72,64.3,D6,D5,Direct / Organic,Clear Protein,SG,False,2025-10,2025,False,False,False
8316975972607,1,64.29,25.72,64.29,D6,D5,Direct / Organic,Lean Protein,SG,False,2025-09,2025,False,False,False
7491937861887,1,64.23,25.69,64.23,D6,D9,Subscription,Collagen Glow,SG,False,2024-09,2024,False,False,False
8474967245055,1,64.22,25.69,64.22,D6,D5,Affiliate,Soy Protein,SG,False,2025-10,2025,False,False,False
7756045385983,1,64.18,25.67,64.18,D6,D8,Direct / Organic,Unknown,MY,False,2022-01,2022,False,False,False
7756475564287,1,64.11,25.64,64.11,D6,D7,Direct / Organic,Other,MY,False,2024-10,2024,False,False,False
8725894365439,1,64.04,25.62,64.04,D6,D4,Direct / Organic,Lean Protein,SG,False,2026-01,2026,False,False,False
8078896857343,1,64.0,25.6,64.0,D6,D6,Direct / Organic,Clear Protein,SG,False,2025-05,2025,False,False,False
8718628159743,1,64.0,25.6,64.0,D6,D4,Direct / Organic,Lean Protein,SG,False,2026-01,2026,False,False,False
8815690514687,1,64.0,25.6,64.0,D6,D4,Direct / Organic,Lean Protein,SG,False,2026-03,2026,False,False,False
7756440436991,1,63.98,25.59,63.98,D6,D7,Direct / Organic,Unknown,MY,False,2024-06,2024,False,False,False
8875263361279,1,63.91,25.56,63.91,D6,D4,Direct / Organic,Collagen Glow,SG,False,2026-03,2026,False,False,False
7125935882495,1,63.9,25.56,63.9,D6,D9,Subscription,Clear Protein,SG,False,2024-03,2024,False,False,False
7138632499455,1,63.9,25.56,63.9,D6,D9,Subscription,Clear Protein,SG,False,2024-03,2024,False,False,False
7168769261823,1,63.9,25.56,63.9,D6,D9,Subscription,Clear Protein,SG,False,2024-04,2024,False,False,False
7177885614335,1,63.9,25.56,63.9,D6,D9,Subscription,Clear Protein,SG,False,2024-04,2024,False,False,False
7181382025471,1,63.9,25.56,63.9,D6,D9,Subscription,Clear Protein,SG,False,2024-04,2024,False,False,False
7184370958591,1,63.9,25.56,63.9,D6,D9,Subscription,Clear Protein,SG,False,2024-04,2024,False,False,False
7258667909375,1,63.9,25.56,63.9,D6,D9,Subscription,Clear Protein,SG,False,2024-05,2024,False,False,False
7268007084287,1,63.9,25.56,63.9,D6,D9,Subscription,Clear Protein,SG,False,2024-05,2024,False,False,False
7288602657023,1,63.9,25.56,63.9,D6,D9,Subscription,Clear Protein,SG,False,2024-05,2024,False,False,False
7303136674047,1,63.9,25.56,63.9,D6,D9,Subscription,Clear Protein,SG,False,2024-05,2024,False,False,False
7306038247679,1,63.9,25.56,63.9,D6,D9,Subscription,Clear Protein,SG,False,2024-05,2024,False,False,False
7307119755519,1,63.9,25.56,63.9,D6,D9,Subscription,Clear Protein,SG,False,2024-05,2024,False,False,False
7323303674111,1,63.9,25.56,63.9,D6,D9,Subscription,Clear Protein,SG,False,2024-06,2024,False,False,False
7425832714495,1,63.9,25.56,63.9,D6,D9,Subscription,Clear Protein,SG,False,2024-08,2024,False,False,False
7436716343551,1,63.9,25.56,63.9,D6,D9,Subscription,Clear Protein,SG,False,2024-08,2024,False,False,False
8832675840255,1,63.89,25.56,63.89,D6,D4,Subscription,Clear Protein,SG,True,2026-03,2026,False,False,False
8073543909631,2,63.81,25.52,31.9,D6,D2,Direct / Organic,Accessories,SG,False,2025-05,2025,False,False,False
8089151799551,2,63.81,25.52,31.9,D6,D2,Direct / Organic,Accessories,SG,True,2025-05,2025,False,False,False
8105977348351,2,63.81,25.52,31.9,D6,D2,Paid Social,Accessories,SG,True,2025-06,2025,False,False,False
7976295858431,1,63.71,25.48,63.71,D6,D6,Direct / Organic,Other,SG,False,2025-08,2025,False,False,False
7756042895615,2,63.7,25.48,31.85,D6,D3,Direct / Organic,Unknown,MY,False,2022-02,2022,False,False,False
7755997053183,1,63.7,25.48,63.7,D6,D9,Direct / Organic,Unknown,MY,False,2022-02,2022,False,False,False
7986809078015,1,63.65,25.46,63.65,D6,D6,Direct / Organic,Clear Protein,SG,False,2025-06,2025,False,False,False
8094913626367,1,63.65,25.46,63.65,D6,D6,Direct / Organic,Clear Protein,SG,False,2025-06,2025,False,False,False
8779428036863,1,63.65,25.46,63.65,D6,D4,Subscription,Clear Protein,SG,True,2026-02,2026,False,False,False
7756448334079,1,63.64,25.46,63.64,D6,D7,Subscription,Collagen Glow,MY,True,2024-08,2024,False,False,False
7756359434495,2,63.59,25.44,31.79,D6,D3,Subscription,Collagen Glow,MY,True,2023-04,2023,False,False,False
7728018129151,1,63.58,25.43,63.58,D6,D9,Subscription,Unknown,SG,False,2024-12,2024,False,False,False
6532456907007,1,63.58,25.43,63.58,D6,D10,Direct / Organic,Collagen Glow,MY,False,2023-01,2023,False,False,False
7756006228223,2,63.58,25.43,31.79,D6,D3,Direct / Organic,Unknown,MY,False,2022-10,2022,False,False,False
7756431425791,1,63.57,25.43,63.57,D6,D7,Direct / Organic,Collagen Glow,MY,False,2024-05,2024,False,False,False
7756397609215,1,63.55,25.42,63.55,D6,D7,Direct / Organic,Other,MY,False,2023-12,2023,False,False,False
8299593564415,2,63.52,25.41,31.76,D6,D2,Direct / Organic,Accessories,SG,False,2025-09,2025,False,False,False
8623599485183,1,63.39,25.36,63.39,D6,D4,Direct / Organic,Unknown,SG,False,2025-12,2025,False,False,False
7755997774079,1,63.39,25.36,63.39,D6,D9,Direct / Organic,Other,MY,False,2024-04,2024,False,False,False
7756264734975,1,63.3,25.32,63.3,D6,D8,Direct / Organic,Unknown,MY,False,2023-01,2023,False,False,False
7756348883199,1,63.3,25.32,63.3,D6,D8,Direct / Organic,Other,MY,False,2023-02,2023,False,False,False
7756355240191,1,63.3,25.32,63.3,D6,D8,Direct / Organic,Other,MY,False,2023-03,2023,False,False,False
7756361597183,1,63.3,25.32,63.3,D6,D8,Direct / Organic,Other,MY,False,2023-05,2023,False,False,False
7756361761023,1,63.3,25.32,63.3,D6,D8,Direct / Organic,Other,MY,False,2023-05,2023,False,False,False
7756328239359,2,99.19,39.68,49.59,D5,D3,Direct / Organic,Accessories,MY,False,2023-02,2023,False,False,False
7756043911423,1,99.16,39.67,99.16,D5,D8,Direct / Organic,Unknown,MY,False,2022-02,2022,False,False,False
6704209985791,1,99.15,39.66,99.15,D5,D10,Subscription,Accessories,SG,False,2023-06,2023,False,False,False
7756180357375,1,99.15,39.66,99.15,D5,D8,Email,Lean Protein,SG,False,2026-02,2026,False,False,False
8763339538687,1,99.11,39.64,99.11,D5,D4,Subscription,Lean Protein,SG,True,2026-02,2026,False,False,False
7756030771455,1,99.04,39.62,99.04,D5,D8,Direct / Organic,Unknown,MY,False,2022-06,2022,False,False,False
7756376375551,3,99.0,39.6,33.0,D5,D2,Direct / Organic,Other,MY,False,2023-08,2023,False,False,False
8843730125055,1,99.0,39.6,99.0,D5,D4,Direct / Organic,Other,SG,False,2026-03,2026,False,False,False
8795253014783,1,98.99,39.6,98.99,D5,D4,Direct / Organic,Lean Protein,SG,False,2026-02,2026,False,False,False
6424267260159,1,98.96,39.58,98.96,D5,D10,Subscription,Unknown,SG,False,2022-05,2022,False,False,False
6423598498047,1,98.95,39.58,98.95,D5,D10,Subscription,Unknown,SG,False,2022-03,2022,False,False,False
8127814893823,1,98.9,39.56,98.9,D5,D6,Direct / Organic,Other,SG,False,2025-06,2025,False,False,False
8305762664703,1,98.9,39.56,98.9,D5,D5,Direct / Organic,Other,SG,False,2025-09,2025,False,False,False
8341396881663,1,98.9,39.56,98.9,D5,D5,Direct / Organic,Other,SG,False,2025-09,2025,False,False,False
8787345572095,1,98.85,39.54,98.85,D5,D4,Direct / Organic,Lean Protein,SG,False,2026-02,2026,False,False,False
8270038335743,1,98.8,39.52,98.8,D5,D5,Paid Social,Clear Protein,SG,False,2025-08,2025,False,False,False
8904738275583,1,98.72,39.49,98.72,D5,D3,Subscription,Lean Protein,SG,True,2026-03,2026,False,False,False
6327633543423,1,98.71,39.48,98.71,D5,D10,Subscription,Other,SG,False,2024-01,2024,False,False,False
7756328435967,1,98.69,39.48,98.69,D5,D8,Direct / Organic,Collagen Glow,MY,False,2023-02,2023,False,False,False
8143262155007,1,98.68,39.47,98.68,D5,D6,Subscription,Clear Protein,SG,True,2025-06,2025,False,False,False
8167174832383,2,98.65,39.46,49.32,D5,D2,Direct / Organic,Clear Protein,SG,True,2025-06,2025,False,False,False
8111245000959,1,98.5,39.4,98.5,D5,D6,Direct / Organic,Clear Protein,SG,False,2025-06,2025,False,False,False
7755968905471,3,98.19,39.28,32.73,D5,D2,Direct / Organic,Unknown,MY,False,2022-05,2022,False,False,False
7756430377215,2,98.19,39.28,49.1,D5,D3,Subscription,Clear Protein,MY,True,2024-05,2024,False,False,False
6327713562879,2,98.19,39.28,49.1,D5,D3,Subscription,Unknown,SG,False,2022-01,2022,False,False,False
8251162099967,1,98.1,39.24,98.1,D5,D5,Direct / Organic,Other,SG,False,2025-08,2025,False,False,False
7756401017087,1,98.08,39.23,98.08,D5,D7,Direct / Organic,Collagen Glow,MY,False,2024-01,2024,False,False,False
7756260180223,1,98.07,39.23,98.07,D5,D8,Direct / Organic,Unknown,MY,False,2022-12,2022,False,False,False
7756358385919,1,98.07,39.23,98.07,D5,D8,Direct / Organic,Unknown,MY,False,2023-04,2023,False,False,False
7756376637695,1,98.07,39.23,98.07,D5,D8,Direct / Organic,Other,MY,False,2023-08,2023,False,False,False
7756458098943,2,98.07,39.23,49.04,D5,D3,Subscription,Other,MY,True,2024-08,2024,False,False,False
7711383027967,1,98.02,39.21,98.02,D5,D9,Subscription,Clear Protein,SG,True,2024-12,2024,False,False,False
6327612276991,1,97.98,39.19,97.98,D5,D10,Subscription,Unknown,SG,False,2022-03,2022,False,False,False
6327777001727,1,97.98,39.19,97.98,D5,D10,Subscription,Unknown,SG,False,2022-03,2022,False,False,False
6423595024639,1,97.98,39.19,97.98,D5,D10,Subscription,Unknown,SG,False,2022-04,2022,False,False,False
7756411470079,1,97.94,39.17,97.94,D5,D7,Direct / Organic,Clear Protein,MY,False,2024-03,2024,False,False,False
8077216153855,1,97.7,39.08,97.7,D5,D6,Direct / Organic,Lean Protein,SG,False,2025-05,2025,False,False,False
7756002164991,1,97.61,39.04,97.61,D5,D9,Direct / Organic,Unknown,MY,False,2022-08,2022,False,False,False
7829327184127,1,97.59,39.04,97.59,D5,D7,Direct / Organic,Accessories,SG,False,2025-09,2025,False,False,False
7756470288639,2,97.59,39.03,48.79,D5,D2,Direct / Organic,Other,MY,False,2024-10,2024,False,False,False
7756279578879,1,97.53,39.01,97.53,D5,D8,Direct / Organic,Lean Protein,SG,False,2025-09,2025,False,False,False
7756396101887,2,97.51,39.0,48.75,D5,D3,Direct / Organic,Other,MY,False,2023-12,2023,False,False,False
7756440338687,2,97.37,38.95,48.69,D5,D3,Direct / Organic,Other,MY,False,2024-06,2024,False,False,False
7756425232639,2,97.36,38.95,48.68,D5,D3,Subscription,Clear Protein,MY,True,2024-05,2024,False,False,False
7756434047231,2,97.36,38.95,48.68,D5,D3,Subscription,Clear Protein,MY,True,2024-06,2024,False,False,False
7756465373439,1,97.36,38.95,97.36,D5,D7,Direct / Organic,Clear Protein,MY,False,2024-09,2024,False,False,False
8241099636991,2,97.27,38.91,48.64,D5,D2,Subscription,Lean Protein,SG,True,2025-08,2025,False,False,False
7755989221631,2,97.2,38.88,48.6,D5,D3,Direct / Organic,Other,MY,False,2024-06,2024,False,False,False
6424908759295,1,97.04,38.82,97.04,D5,D10,Subscription,Lean Protein,SG,True,2026-02,2026,False,False,False
8772284514559,1,97.04,38.82,97.04,D5,D4,Subscription,Lean Protein,SG,True,2026-03,2026,False,False,False
7709267230975,1,96.96,38.78,96.96,D5,D9,Subscription,Other,SG,True,2024-12,2024,False,False,False
7530355884287,3,96.94,38.78,32.31,D5,D2,Subscription,Soy Protein,SG,True,2024-10,2024,False,False,False
7756385714431,1,96.91,38.76,96.91,D5,D8,Direct / Organic,Other,MY,False,2023-10,2023,False,False,False
7756410749183,1,96.9,38.76,96.9,D5,D7,Direct / Organic,Other,MY,False,2024-03,2024,False,False,False
6327653662975,1,96.69,38.68,96.69,D5,D10,Subscription,Unknown,SG,False,2022-06,2022,False,False,False
7671933108479,1,96.67,38.67,96.67,D5,D9,Subscription,Clear Protein,SG,False,2024-12,2024,False,False,False
6328310857983,2,96.55,38.62,48.28,D5,D3,Subscription,Other,SG,True,2024-03,2024,False,False,False
7307232772351,1,96.53,38.61,96.53,D5,D9,Subscription,Accessories,SG,False,2024-05,2024,False,False,False
7313633411327,2,96.45,38.58,48.22,D5,D3,Subscription,Soy Protein,SG,True,2024-06,2024,False,False,False
8244228129023,1,96.37,38.55,96.37,D5,D5,Direct / Organic,Clear Protein,SG,False,2025-08,2025,False,False,False
7756486443263,1,96.35,38.54,96.35,D5,D7,Direct / Organic,Lean Protein,MY,False,2024-12,2024,False,False,False
7756037193983,3,96.28,38.51,32.09,D5,D2,Direct / Organic,Unknown,MY,False,2022-03,2022,False,False,False
8789820375295,1,96.12,38.45,96.12,D5,D4,Direct / Organic,Clear Protein,SG,False,2026-02,2026,False,False,False
8036122493183,2,96.08,38.43,48.04,D5,D2,Paid Social,Accessories,SG,True,2025-05,2025,False,False,False
6348036178175,1,96.0,38.4,96.0,D5,D10,Subscription,Other,SG,False,2022-09,2022,False,False,False
7756031656191,3,95.98,38.39,31.99,D5,D2,Direct / Organic,Unknown,MY,False,2022-06,2022,False,False,False
7976335540479,1,95.8,38.32,95.8,D5,D6,Direct / Organic,Soy Protein,SG,False,2025-04,2025,False,False,False
8343381836031,1,95.79,38.32,95.79,D5,D5,Paid Social,Other,SG,False,2025-09,2025,False,False,False
8722076762367,1,95.76,38.3,95.76,D5,D4,Direct / Organic,Lean Protein,SG,False,2026-01,2026,False,False,False
8603055128831,1,95.68,38.27,95.68,D5,D5,Direct / Organic,Accessories,SG,False,2025-12,2025,False,False,False
7756408652031,2,95.68,38.27,47.84,D5,D3,Direct / Organic,Other,MY,True,2024-02,2024,False,False,False
8820378665215,1,95.67,38.27,95.67,D5,D4,Direct / Organic,Lean Protein,SG,False,2026-03,2026,False,False,False
6329631146239,1,95.6,38.24,95.6,D5,D10,Direct / Organic,Lean Protein,SG,False,2025-10,2025,False,False,False
6423601709311,2,95.56,38.22,47.78,D5,D3,Subscription,Unknown,SG,False,2022-02,2022,False,False,False
8799534481663,2,95.43,38.17,47.72,D5,D2,Direct / Organic,Clear Protein,SG,False,2026-02,2026,False,False,False
7347034816767,2,95.11,38.04,47.56,D5,D3,Subscription,Other,SG,False,2024-06,2024,False,False,False
8175536832767,1,95.02,38.01,95.02,D5,D5,Subscription,Clear Protein,SG,True,2026-02,2026,False,False,False
8814978072831,1,95.02,38.01,95.02,D5,D4,Subscription,Clear Protein,SG,True,2026-03,2026,False,False,False
7756430803199,1,95.01,38.0,95.01,D5,D7,Direct / Organic,Collagen Glow,MY,False,2024-05,2024,False,False,False
8665323438335,1,94.92,37.97,94.92,D5,D4,Direct / Organic,Clear Protein,SG,False,2026-01,2026,False,False,False
6327524688127,1,94.89,37.96,94.89,D5,D10,Subscription,Unknown,SG,False,2022-03,2022,False,False,False
6327698194687,1,94.87,37.95,94.87,D5,D10,Subscription,Unknown,SG,False,2022-08,2022,False,False,False
6489009225983,1,94.8,37.92,94.8,D5,D10,Subscription,Other,SG,False,2022-12,2022,False,False,False
7471355822335,1,94.8,37.92,94.8,D5,D9,Subscription,Clear Protein,SG,False,2024-08,2024,False,False,False
7471478767871,1,94.8,37.92,94.8,D5,D9,Subscription,Clear Protein,SG,False,2024-08,2024,False,False,False
7471875326207,1,94.8,37.92,94.8,D5,D9,Subscription,Clear Protein,SG,False,2024-08,2024,False,False,False
7475447496959,1,94.8,37.92,94.8,D5,D9,Subscription,Clear Protein,SG,False,2024-08,2024,False,False,False
8163541680383,1,94.8,37.92,94.8,D5,D5,Direct / Organic,Clear Protein,SG,False,2025-06,2025,False,False,False
8164768678143,1,94.8,37.92,94.8,D5,D5,Direct / Organic,Lean Protein,SG,False,2025-06,2025,False,False,False
7470139703551,1,94.75,37.9,94.75,D5,D9,Subscription,Other,SG,False,2024-08,2024,False,False,False
7471389180159,1,94.75,37.9,94.75,D5,D9,Subscription,Clear Protein,SG,False,2024-08,2024,False,False,False
7480472994047,1,94.75,37.9,94.75,D5,D9,Subscription,Clear Protein,SG,False,2024-09,2024,False,False,False
7756424806655,2,94.65,37.86,47.33,D5,D3,Direct / Organic,Clear Protein,MY,False,2024-05,2024,False,False,False
6798553186559,2,94.6,37.84,47.3,D5,D3,Subscription,Other,SG,False,2023-10,2023,False,False,False
7252347551999,1,94.4,37.76,94.4,D5,D9,Subscription,Clear Protein,SG,False,2024-04,2024,False,False,False
7252477477119,1,94.4,37.76,94.4,D5,D9,Subscription,Clear Protein,SG,False,2024-04,2024,False,False,False
7984595435775,2,94.4,37.76,47.2,D5,D2,Direct / Organic,Lean Protein,SG,False,2025-04,2025,False,False,False
6423592730879,1,94.39,37.76,94.39,D5,D10,Subscription,Unknown,SG,False,2022-04,2022,False,False,False
7756436111615,2,94.36,37.75,47.18,D5,D3,Direct / Organic,Clear Protein,MY,False,2024-06,2024,False,False,False
8798257447167,1,94.23,37.69,94.23,D5,D4,Subscription,Lean Protein,SG,True,2026-02,2026,False,False,False
7944904311039,1,94.15,37.66,94.15,D5,D7,Direct / Organic,Clear Protein,SG,False,2025-04,2025,False,False,False
8820452688127,1,94.1,37.64,94.1,D5,D4,Subscription,Lean Protein,SG,True,2026-03,2026,False,False,False
7363427959039,1,94.08,37.63,94.08,D5,D9,Subscription,Clear Protein,SG,False,2024-06,2024,False,False,False
7257876594943,1,94.07,37.63,94.07,D5,D9,Subscription,Other,SG,False,2024-05,2024,False,False,False
7981535985919,3,94.07,37.63,31.36,D5,D1,Paid Social,Unknown,SG,False,2025-04,2025,False,True,False
8832823591167,1,94.04,37.62,94.04,D5,D4,Subscription,Lean Protein,SG,True,2026-03,2026,False,False,False
7288937775359,1,93.95,37.58,93.95,D5,D9,Subscription,Collagen Glow,SG,False,2024-05,2024,False,False,False
7293467492607,1,93.95,37.58,93.95,D5,D9,Subscription,Clear Protein,SG,False,2024-05,2024,False,False,False
7818623779071,1,93.9,37.56,93.9,D5,D7,Direct / Organic,Other,SG,False,2025-01,2025,False,False,False
8090103939327,1,93.9,37.56,93.9,D5,D6,Direct / Organic,Accessories,SG,False,2025-05,2025,False,False,False
8310473425151,1,93.9,37.56,93.9,D5,D5,Direct / Organic,Other,SG,False,2025-09,2025,False,False,False
8338561401087,1,93.9,37.56,93.9,D5,D5,Direct / Organic,Accessories,SG,False,2025-09,2025,False,False,False
8415963611391,1,93.9,37.56,93.9,D5,D5,Direct / Organic,Other,SG,False,2025-10,2025,False,False,False
8710576505087,1,93.9,37.56,93.9,D5,D4,Direct / Organic,Clear Protein,SG,False,2026-01,2026,False,False,False
8821455421695,1,93.9,37.56,93.9,D5,D4,Subscription,Lean Protein,SG,True,2026-03,2026,False,False,False
7756036047103,2,93.89,37.56,46.94,D5,D3,Direct / Organic,Unknown,MY,False,2022-01,2022,False,False,False
7496402895103,1,93.86,37.54,93.86,D5,D9,Subscription,Clear Protein,SG,False,2024-09,2024,False,False,False
7504260137215,1,93.86,37.54,93.86,D5,D9,Subscription,Other,SG,False,2024-09,2024,False,False,False
7901486842111,1,93.8,37.52,93.8,D5,D7,Direct / Organic,Other,SG,False,2025-03,2025,False,False,False
8095915049215,1,93.65,37.46,93.65,D5,D6,Paid Social,Clear Protein,SG,False,2025-06,2025,False,False,False
8098546254079,1,93.5,37.4,93.5,D5,D6,Direct / Organic,Clear Protein,SG,False,2025-06,2025,False,False,False
8649011167487,1,93.42,37.37,93.42,D5,D4,Direct / Organic,Lean Protein,SG,False,2025-12,2025,False,False,False
8870801408255,1,93.42,37.37,93.42,D5,D4,Paid Social,Lean Protein,SG,False,2026-03,2026,False,False,False
7756004786431,2,93.19,37.28,46.59,D5,D3,Direct / Organic,Unknown,MY,False,2022-10,2022,False,False,False
7756044140799,1,93.1,37.24,93.1,D5,D8,Direct / Organic,Unknown,MY,False,2022-02,2022,False,False,False
7755981193471,2,93.04,37.22,46.52,D5,D3,Direct / Organic,Unknown,MY,False,2022-06,2022,False,False,False
7756000329983,1,92.72,37.09,92.72,D5,D9,Direct / Organic,Unknown,MY,False,2022-09,2022,False,False,False
8367587492095,1,92.7,37.08,92.7,D5,D5,Paid Social,Unknown,SG,False,2025-10,2025,False,False,False
7756431851775,2,92.65,37.06,46.33,D5,D3,Subscription,Soy Protein,MY,True,2024-05,2024,False,False,False
7756266864895,1,92.63,37.05,92.63,D5,D8,Direct / Organic,Collagen Glow,MY,False,2023-01,2023,False,False,False
7905973895423,3,92.57,37.03,30.86,D5,D1,Direct / Organic,Unknown,SG,False,2025-04,2025,False,True,False
7961039569151,1,92.56,37.02,92.56,D5,D6,Direct / Organic,Collagen Glow,SG,False,2025-04,2025,False,False,False
8000261095679,1,92.48,36.99,92.48,D5,D6,Direct / Organic,Other,SG,False,2025-05,2025,False,False,False
8247928389887,1,92.48,36.99,92.48,D5,D5,Direct / Organic,Other,SG,False,2025-08,2025,False,False,False
8067217883391,1,92.47,36.99,92.47,D5,D6,Subscription,Clear Protein,SG,True,2025-05,2025,False,False,False
7756413239551,1,92.43,36.97,92.43,D5,D7,Direct / Organic,Unknown,MY,False,2024-03,2024,False,False,False
7756361629951,1,92.37,36.95,92.37,D5,D8,Direct / Organic,Soy Protein,MY,False,2023-05,2023,False,False,False
7756384338175,1,92.37,36.95,92.37,D5,D8,Direct / Organic,Other,MY,False,2023-10,2023,False,False,False
7756399706367,3,92.23,36.89,30.74,D5,D2,Direct / Organic,Other,MY,False,2024-01,2024,False,False,False
7381485093119,1,92.15,36.86,92.15,D5,D9,Subscription,Other,SG,False,2024-08,2024,False,False,False
6532496195839,1,92.06,36.83,92.06,D5,D10,Direct / Organic,Other,MY,False,2023-01,2023,False,False,False
7756004524287,1,92.06,36.83,92.06,D5,D9,Direct / Organic,Unknown,MY,False,2022-10,2022,False,False,False
7756351996159,1,92.06,36.83,92.06,D5,D8,Direct / Organic,Other,MY,False,2023-03,2023,False,False,False
7756362416383,1,92.06,36.83,92.06,D5,D8,Direct / Organic,Other,MY,False,2023-06,2023,False,False,False
7756457345279,1,92.06,36.83,92.06,D5,D7,Direct / Organic,Other,MY,False,2024-08,2024,False,False,False
8058424099071,1,92.06,36.82,92.06,D5,D6,Subscription,Lean Protein,SG,True,2025-05,2025,False,False,False
7756263391487,1,92.04,36.81,92.04,D5,D8,Direct / Organic,Unknown,MY,False,2022-12,2022,False,False,False
8794176553215,1,91.91,36.76,91.91,D5,D4,Direct / Organic,Clear Protein,SG,False,2026-02,2026,False,False,False
7476727906559,2,91.73,36.69,45.86,D5,D3,Subscription,Lean Protein,SG,False,2024-09,2024,False,False,False
6327519084799,1,91.71,36.68,91.71,D5,D10,Subscription,Other,SG,False,2022-10,2022,False,False,False
8789804351743,1,91.7,36.68,91.7,D5,D4,Direct / Organic,Clear Protein,SG,False,2026-02,2026,False,False,False
7756421726463,1,91.64,36.65,91.64,D5,D7,Direct / Organic,Other,MY,False,2024-04,2024,False,False,False
7756439716095,1,91.64,36.65,91.64,D5,D7,Direct / Organic,Clear Protein,MY,False,2024-06,2024,False,False,False
7756440043775,1,91.64,36.65,91.64,D5,D7,Direct / Organic,Clear Protein,MY,False,2024-06,2024,False,False,False
7756440240383,1,91.64,36.65,91.64,D5,D7,Direct / Organic,Clear Protein,MY,False,2024-06,2024,False,False,False
8304456368383,1,91.6,36.64,91.6,D5,D5,Direct / Organic,Clear Protein,SG,False,2025-09,2025,False,False,False
8312187060479,1,91.6,36.64,91.6,D5,D5,Direct / Organic,Clear Protein,SG,False,2025-09,2025,False,False,False
7756239372543,1,91.59,36.64,91.59,D5,D8,Direct / Organic,Clear Protein,SG,False,2026-01,2026,False,False,False
7547822899455,1,91.57,36.63,91.57,D5,D9,Subscription,Other,SG,True,2024-10,2024,False,False,False
7756450529535,1,91.55,36.62,91.55,D5,D7,Direct / Organic,Lean Protein,MY,False,2024-08,2024,False,False,False
7756469534975,1,91.55,36.62,91.55,D5,D7,Direct / Organic,Lean Protein,MY,False,2024-09,2024,False,False,False
8676491591935,1,91.53,36.61,91.53,D5,D4,Direct / Organic,Other,SG,False,2026-01,2026,False,False,False
6723752263935,1,91.51,36.6,91.51,D5,D10,Subscription,Other,SG,True,2023-07,2023,False,False,False
7967041978623,1,91.49,36.6,91.49,D5,D6,Direct / Organic,Other,SG,False,2025-04,2025,False,False,False
8171195957503,1,91.44,36.58,91.44,D5,D5,Direct / Organic,Lean Protein,SG,False,2025-07,2025,False,False,False
8836836098303,1,91.36,36.54,91.36,D5,D4,Direct / Organic,Clear Protein,SG,False,2026-03,2026,False,False,False
6327743545599,2,91.3,36.52,45.65,D5,D3,Subscription,Unknown,SG,False,2022-01,2022,False,False,False
7756034834687,1,91.22,36.49,91.22,D5,D8,Direct / Organic,Unknown,MY,False,2022-05,2022,False,False,False
7469864222975,1,91.2,36.48,91.2,D5,D9,Subscription,Other,SG,False,2024-08,2024,False,False,False
6423223927039,1,91.19,36.48,91.19,D5,D10,Subscription,Unknown,SG,False,2022-09,2022,False,False,False
8144255942911,2,91.07,36.43,45.54,D5,D2,Subscription,Soy Protein,SG,True,2025-06,2025,False,False,False
7756262899967,1,91.04,36.42,91.04,D5,D8,Direct / Organic,Accessories,MY,False,2022-12,2022,False,False,False
7513899139327,1,90.91,36.36,90.91,D5,D9,Subscription,Soy Protein,SG,False,2024-09,2024,False,False,False
8692036763903,1,90.88,36.35,90.88,D5,D4,Direct / Organic,Lean Protein,SG,False,2026-01,2026,False,False,False
7476608958719,1,90.79,36.32,90.79,D5,D9,Subscription,Clear Protein,SG,False,2024-09,2024,False,False,False
8477606019327,1,90.75,36.3,90.75,D5,D5,Direct / Organic,Lean Protein,SG,False,2025-10,2025,False,False,False
7756422938879,2,90.6,36.24,45.3,D5,D3,Subscription,Other,MY,True,2024-04,2024,False,False,False
6532514971903,2,90.49,36.2,45.24,D5,D3,Direct / Organic,Collagen Glow,MY,False,2023-01,2023,False,False,False
7756362350847,3,90.35,36.14,30.12,D5,D2,Direct / Organic,Unknown,MY,True,2023-05,2023,False,False,False
7756461342975,1,90.3,36.12,90.3,D5,D7,Direct / Organic,Lean Protein,MY,False,2024-08,2024,False,False,False
7756028739839,2,90.18,36.07,45.09,D5,D3,Direct / Organic,Unknown,MY,False,2022-01,2022,False,False,False
7574819307775,1,90.16,36.06,90.16,D5,D9,Subscription,Other,SG,False,2024-10,2024,False,False,False
8845556613375,1,89.92,35.97,89.92,D5,D4,Paid Social,Clear Protein,SG,False,2026-03,2026,False,False,False
8841867395327,1,89.87,35.95,89.87,D5,D4,Direct / Organic,Clear Protein,SG,False,2026-03,2026,False,False,False
8252828811519,1,89.83,35.93,89.83,D5,D5,Direct / Organic,Lean Protein,SG,False,2025-08,2025,False,False,False
8839752810751,2,89.8,35.92,44.9,D5,D2,Direct / Organic,Other,SG,False,2026-03,2026,False,False,False
8283892121855,1,89.8,35.92,89.8,D5,D5,Direct / Organic,Other,SG,False,2025-08,2025,False,False,False
7756437881087,1,89.64,35.85,89.64,D5,D7,Direct / Organic,Lean Protein,MY,False,2024-06,2024,False,False,False
7250960810239,2,89.6,35.84,44.8,D5,D3,Subscription,Collagen Glow,SG,False,2024-04,2024,False,False,False
7756347965695,1,89.46,35.78,89.46,D5,D8,Direct / Organic,Unknown,MY,False,2023-02,2023,False,False,False
7183853453567,1,89.35,35.74,89.35,D5,D9,Subscription,Clear Protein,SG,False,2024-04,2024,False,False,False
8144634249471,2,89.21,35.68,44.6,D5,D2,Direct / Organic,Lean Protein,SG,True,2025-06,2025,False,False,False
7755979129087,2,89.17,35.67,44.59,D5,D3,Direct / Organic,Unknown,MY,False,2022-06,2022,False,False,False
7756433359103,1,88.93,35.57,88.93,D5,D7,Direct / Organic,Unknown,MY,False,2024-06,2024,False,False,False
7756009865471,1,88.92,35.57,88.92,D5,D8,Direct / Organic,Other,MY,False,2022-10,2022,False,False,False
8358854361343,1,88.9,35.56,88.9,D5,D5,Direct / Organic,Clear Protein,SG,False,2025-10,2025,False,False,False
8718699757823,1,88.9,35.56,88.9,D5,D4,Direct / Organic,Clear Protein,SG,False,2026-01,2026,False,False,False
7312493347071,1,88.76,35.5,88.76,D5,D9,Subscription,Other,SG,False,2024-05,2024,False,False,False
7521212825855,1,88.76,35.5,88.76,D5,D9,Subscription,Other,SG,False,2024-09,2024,False,False,False
7756463243519,2,88.69,35.48,44.35,D5,D2,Direct / Organic,Other,MY,False,2024-09,2024,False,False,False
6334095098111,2,88.67,35.47,44.34,D5,D3,Subscription,Unknown,SG,False,2022-02,2022,False,False,False
7756040274175,2,88.52,35.41,44.26,D5,D3,Direct / Organic,Unknown,MY,False,2022-02,2022,False,False,False
6329630163199,1,88.48,35.39,88.48,D5,D10,Subscription,Unknown,SG,False,2022-04,2022,False,False,False
7756035916031,1,88.44,35.37,88.44,D5,D8,Direct / Organic,Unknown,MY,False,2022-04,2022,False,False,False
8452494754047,1,88.41,35.36,88.41,D5,D5,Direct / Organic,Lean Protein,SG,False,2025-10,2025,False,False,False
8142910947583,1,88.3,35.32,88.3,D5,D6,Direct / Organic,Other,SG,False,2025-06,2025,False,False,False
7308139725055,1,88.13,35.25,88.13,D5,D9,Subscription,Lean Protein,SG,False,2024-05,2024,False,False,False
7311522038015,1,88.13,35.25,88.13,D5,D9,Subscription,Clear Protein,SG,False,2024-05,2024,False,False,False
7756015141119,1,88.04,35.21,88.04,D5,D8,Direct / Organic,Unknown,MY,False,2022-09,2022,False,False,False
7756030411007,1,88.04,35.21,88.04,D5,D8,Direct / Organic,Unknown,MY,False,2022-06,2022,False,False,False
7756354158847,1,88.03,35.21,88.03,D5,D8,Direct / Organic,Other,MY,False,2023-03,2023,False,False,False
6327799841023,2,87.93,35.17,43.97,D5,D3,Subscription,Unknown,MY,True,2024-01,2024,False,False,False
8697064423679,1,87.93,35.17,87.93,D5,D4,Direct / Organic,Lean Protein,SG,False,2026-01,2026,False,False,False
7756422512895,1,87.88,35.15,87.88,D5,D7,Direct / Organic,Unknown,MY,False,2024-04,2024,False,False,False
8314650263807,1,87.84,35.14,87.84,D5,D5,Subscription,Lean Protein,SG,True,2025-09,2025,False,False,False
7756468846847,2,87.63,35.05,43.81,D5,D2,Subscription,Clear Protein,MY,True,2024-09,2024,False,False,False
7756038209791,1,87.58,35.03,87.58,D5,D8,Direct / Organic,Unknown,MY,False,2022-04,2022,False,False,False
7279632613631,1,87.5,35.0,87.5,D5,D9,Subscription,Clear Protein,SG,False,2024-05,2024,False,False,False
8371571982591,1,87.44,34.98,87.44,D5,D5,Direct / Organic,Clear Protein,SG,False,2025-10,2025,False,False,False
7756006260991,1,87.22,34.89,87.22,D5,D9,Direct / Organic,Other,MY,False,2022-10,2022,False,False,False
7499170152703,2,87.01,34.8,43.5,D5,D3,Subscription,Accessories,SG,False,2024-09,2024,False,False,False
7038325817599,1,86.74,34.7,86.74,D5,D9,Subscription,Unknown,SG,True,2024-01,2024,False,False,False
6863957590271,1,86.37,34.55,86.37,D5,D9,Subscription,Other,SG,True,2023-10,2023,False,False,False
7756484673791,2,86.37,34.55,43.18,D5,D2,Direct / Organic,Other,MY,False,2024-12,2024,False,False,False
7756328534271,1,86.31,34.52,86.31,D5,D8,Direct / Organic,Collagen Glow,MY,False,2023-02,2023,False,False,False
7756385779967,1,86.31,34.52,86.31,D5,D8,Direct / Organic,Unknown,MY,False,2023-10,2023,False,False,False
7756426051839,1,86.28,34.51,86.28,D5,D7,Direct / Organic,Collagen Glow,MY,False,2024-05,2024,False,False,False
7756468420863,1,86.24,34.5,86.24,D5,D7,Direct / Organic,Clear Protein,MY,False,2024-09,2024,False,False,False
8260054483199,2,86.1,34.44,43.05,D5,D2,Direct / Organic,Clear Protein,SG,True,2025-08,2025,False,False,False
7756266635519,2,86.01,34.4,43.0,D5,D3,Direct / Organic,Unknown,MY,False,2023-01,2023,False,False,False
7756434407679,1,85.91,34.36,85.91,D5,D7,Direct / Organic,Clear Protein,MY,False,2024-06,2024,False,False,False
8446000103679,2,85.82,34.33,42.91,D5,D2,Paid Social,Other,SG,False,2025-10,2025,False,False,False
6609298161919,1,85.81,34.32,85.81,D5,D10,Subscription,Other,SG,False,2023-03,2023,False,False,False
8239725478143,1,85.8,34.32,85.8,D5,D5,Direct / Organic,Lean Protein,SG,False,2025-08,2025,False,False,False
7756038635775,2,85.64,34.25,42.82,D5,D3,Direct / Organic,Unknown,MY,False,2022-03,2022,False,False,False
7756266701055,1,85.57,34.23,85.57,D5,D8,Direct / Organic,Accessories,MY,False,2023-01,2023,False,False,False
7756031197439,2,85.34,34.14,42.67,D5,D3,Direct / Organic,Unknown,MY,True,2022-06,2022,False,False,False
7755945017599,2,85.27,34.11,42.64,D5,D3,Direct / Organic,Unknown,MY,False,2022-04,2022,False,False,False
7756262998271,1,85.15,34.06,85.15,D5,D8,Direct / Organic,Other,MY,False,2022-12,2022,False,False,False
8163537879295,4,85.09,34.04,21.27,D5,D1,Direct / Organic,Other,SG,True,2025-06,2025,False,True,False
7832253006079,1,85.08,34.03,85.08,D5,D7,Direct / Organic,Other,SG,False,2025-02,2025,False,False,False
8091391557887,1,85.01,34.0,85.01,D5,D6,Paid Social,Accessories,SG,False,2025-05,2025,False,False,False
6423593681151,1,84.89,33.96,84.89,D5,D10,Subscription,Unknown,SG,False,2022-04,2022,False,False,False
7437367148799,1,84.8,33.92,84.8,D5,D9,Subscription,Other,SG,False,2024-08,2024,False,False,False
8337920524543,1,84.8,33.92,84.8,D5,D5,Direct / Organic,Other,SG,False,2025-09,2025,False,False,False
7756469403903,1,84.76,33.91,84.76,D5,D7,Direct / Organic,Collagen Glow,MY,False,2024-09,2024,False,False,False
7345272127743,1,84.7,33.88,84.7,D5,D9,Direct / Organic,Collagen Glow,SG,False,2025-02,2025,False,False,False
7156209287423,1,84.66,33.86,84.66,D5,D9,Subscription,Collagen Glow,SG,False,2024-03,2024,False,False,False
7756045025535,1,84.64,33.85,84.64,D5,D8,Direct / Organic,Unknown,MY,False,2022-01,2022,False,False,False
8784016179455,2,84.58,33.83,42.29,D5,D2,Direct / Organic,Clear Protein,SG,True,2026-02,2026,False,False,False
8699614593279,1,84.53,33.81,84.53,D5,D4,Subscription,Clear Protein,SG,True,2026-01,2026,False,False,False
7168270795007,1,84.51,33.8,84.51,D5,D9,Subscription,Lean Protein,SG,False,2024-04,2024,False,False,False
8116779909375,2,84.51,33.8,42.26,D5,D2,Affiliate,Other,SG,False,2025-06,2025,False,False,False
8340290339071,1,84.38,33.75,84.38,D5,D5,Direct / Organic,Clear Protein,SG,False,2025-09,2025,False,False,False
6532503666943,2,84.37,33.75,42.19,D5,D3,Direct / Organic,Unknown,MY,False,2022-05,2022,False,False,False
8629778284799,2,84.35,33.74,42.18,D5,D2,Direct / Organic,Accessories,SG,False,2025-12,2025,False,False,False
6532476403967,1,84.32,33.73,84.32,D5,D10,Direct / Organic,Other,MY,False,2023-01,2023,False,False,False
7756268634367,1,84.32,33.73,84.32,D5,D8,Direct / Organic,Other,MY,False,2023-05,2023,False,False,False
7755979718911,2,84.21,33.68,42.1,D5,D3,Direct / Organic,Unknown,MY,False,2022-01,2021,False,False,False
7755974082815,1,84.19,33.68,84.19,D5,D9,Direct / Organic,Clear Protein,MY,False,2024-09,2024,False,False,False
8015555100927,2,84.08,33.63,42.04,D5,D2,Direct / Organic,Other,SG,False,2025-05,2025,False,False,False
7949327368447,1,84.07,33.63,84.07,D5,D6,Subscription,Clear Protein,SG,True,2025-04,2025,False,False,False
7139969335551,1,84.02,33.61,84.02,D5,D9,Subscription,Collagen Glow,SG,False,2024-03,2024,False,False,False
7254008201471,1,84.02,33.61,84.02,D5,D9,Subscription,Collagen Glow,SG,False,2024-04,2024,False,False,False
7756365758719,2,83.96,33.59,41.98,D5,D3,Direct / Organic,Clear Protein,MY,False,2024-03,2024,False,False,False
6336672694527,2,83.9,33.56,41.95,D5,D3,Subscription,Unknown,SG,False,2022-01,2022,False,False,False
7957664694527,2,83.9,33.56,41.95,D5,D2,Paid Social,Unknown,SG,False,2025-04,2025,False,False,False
8245034778879,1,83.9,33.56,83.9,D5,D5,Direct / Organic,Accessories,SG,False,2025-08,2025,False,False,False
6352858775807,1,83.86,33.54,83.86,D5,D10,Subscription,Clear Protein,SG,False,2024-08,2024,False,False,False
7312475947263,1,83.86,33.54,83.86,D5,D9,Subscription,Lean Protein,SG,False,2024-08,2024,False,False,False
7475184992511,2,83.86,33.54,41.93,D5,D3,Subscription,Clear Protein,SG,False,2024-08,2024,False,False,False
7475199344895,1,83.86,33.54,83.86,D5,D9,Subscription,Lean Protein,SG,False,2024-08,2024,False,False,False
7475289653503,1,83.86,33.54,83.86,D5,D9,Subscription,Clear Protein,SG,False,2024-08,2024,False,False,False
7475301023999,1,83.86,33.54,83.86,D5,D9,Subscription,Clear Protein,SG,False,2024-08,2024,False,False,False
7475340181759,1,83.86,33.54,83.86,D5,D9,Subscription,Clear Protein,SG,False,2024-08,2024,False,False,False
7475370459391,1,83.86,33.54,83.86,D5,D9,Subscription,Clear Protein,SG,False,2024-08,2024,False,False,False
7475480199423,1,83.86,33.54,83.86,D5,D9,Subscription,Clear Protein,SG,False,2024-08,2024,False,False,False
7475531383039,1,83.86,33.54,83.86,D5,D9,Subscription,Clear Protein,SG,False,2024-08,2024,False,False,False
7476462551295,1,83.86,33.54,83.86,D5,D9,Subscription,Clear Protein,SG,False,2024-09,2024,False,False,False
7476558364927,1,83.86,33.54,83.86,D5,D9,Subscription,Clear Protein,SG,False,2024-09,2024,False,False,False
7476578058495,1,83.86,33.54,83.86,D5,D9,Subscription,Clear Protein,SG,False,2024-09,2024,False,False,False
7476629799167,1,83.86,33.54,83.86,D5,D9,Subscription,Clear Protein,SG,False,2024-09,2024,False,False,False
7476681769215,1,83.86,33.54,83.86,D5,D9,Subscription,Clear Protein,SG,False,2024-09,2024,False,False,False
7476753400063,1,83.86,33.54,83.86,D5,D9,Subscription,Clear Protein,SG,False,2024-09,2024,False,False,False
7476778959103,1,83.86,33.54,83.86,D5,D9,Subscription,Clear Protein,SG,False,2024-09,2024,False,False,False
7476805697791,1,83.86,33.54,83.86,D5,D9,Subscription,Clear Protein,SG,False,2024-09,2024,False,False,False
7476822147327,1,83.86,33.54,83.86,D5,D9,Subscription,Clear Protein,SG,False,2024-09,2024,False,False,False
7476840038655,2,83.86,33.54,41.93,D5,D3,Subscription,Clear Protein,SG,False,2024-09,2024,False,False,False
7476861501695,2,83.86,33.54,41.93,D5,D3,Subscription,Other,SG,False,2024-09,2024,False,False,False
7476875067647,1,83.86,33.54,83.86,D5,D9,Subscription,Clear Protein,SG,False,2024-09,2024,False,False,False
7476880802047,1,83.86,33.54,83.86,D5,D9,Subscription,Clear Protein,SG,False,2024-09,2024,False,False,False
7476927922431,1,83.86,33.54,83.86,D5,D9,Subscription,Clear Protein,SG,False,2024-09,2024,False,False,False
7476928381183,1,83.86,33.54,83.86,D5,D9,Subscription,Clear Protein,SG,False,2024-09,2024,False,False,False
7755966578943,2,83.84,33.53,41.92,D5,D3,Direct / Organic,Unknown,MY,False,2022-08,2022,False,False,False
6327678501119,2,83.54,33.42,41.77,D5,D3,Subscription,Unknown,SG,False,2022-02,2022,False,False,False
8329648210175,1,83.5,33.4,83.5,D5,D5,Direct / Organic,Accessories,SG,False,2025-09,2025,False,False,False
7756017303807,1,83.48,33.39,83.48,D5,D8,Direct / Organic,Unknown,MY,False,2022-08,2022,False,False,False
7756195463423,1,83.43,33.37,83.43,D5,D8,Direct / Organic,Unknown,MY,False,2023-02,2023,False,False,False
7756260344063,1,83.43,33.37,83.43,D5,D8,Direct / Organic,Unknown,MY,False,2022-12,2022,False,False,False
7756261523711,1,83.43,33.37,83.43,D5,D8,Direct / Organic,Other,MY,False,2022-12,2022,False,False,False
7756356092159,1,83.43,33.37,83.43,D5,D8,Direct / Organic,Unknown,MY,False,2023-03,2023,False,False,False
7756005540095,2,83.27,33.31,41.64,D5,D3,Direct / Organic,Other,MY,False,2022-10,2022,False,False,False
8621587202303,1,83.21,33.28,83.21,D5,D4,Direct / Organic,Accessories,SG,False,2025-12,2025,False,False,False
7756034867455,3,83.2,33.28,27.73,D5,D2,Direct / Organic,Unknown,MY,False,2022-01,2022,False,False,False
8781075415295,1,83.18,33.27,83.18,D5,D4,Direct / Organic,Clear Protein,SG,False,2026-02,2026,False,False,False
7756408094975,1,83.17,33.27,83.17,D5,D7,Direct / Organic,Collagen Glow,MY,False,2024-02,2024,False,False,False
7756434112767,1,83.17,33.27,83.17,D5,D7,Direct / Organic,Soy Protein,MY,False,2024-06,2024,False,False,False
7756467044607,1,83.17,33.27,83.17,D5,D7,Direct / Organic,Clear Protein,MY,False,2024-09,2024,False,False,False
7756467601663,1,83.17,33.27,83.17,D5,D7,Direct / Organic,Collagen Glow,MY,False,2024-09,2024,False,False,False
6327507452159,1,83.11,33.24,83.11,D5,D10,Subscription,Unknown,SG,False,2022-03,2022,False,False,False
7756487622911,1,83.03,33.21,83.03,D5,D7,Direct / Organic,Accessories,MY,False,2024-12,2024,False,False,False
8808630419711,1,83.02,33.21,83.02,D5,D4,Subscription,Clear Protein,SG,True,2026-02,2026,False,False,False
7756010029311,2,82.97,33.19,41.48,D5,D3,Direct / Organic,Other,MY,False,2022-10,2022,False,False,False
7756038471935,2,82.95,33.18,41.48,D5,D3,Direct / Organic,Unknown,MY,False,2022-03,2022,False,False,False
7756467634431,1,82.91,33.16,82.91,D5,D7,Direct / Organic,Clear Protein,MY,False,2024-09,2024,False,False,False
6336695763199,2,82.89,33.16,41.44,D5,D3,Subscription,Unknown,SG,False,2022-03,2022,False,False,False
6532504453375,3,82.85,33.14,27.62,D5,D2,Direct / Organic,Unknown,MY,False,2022-05,2022,False,False,False
7756425494783,1,82.76,33.1,82.76,D5,D7,Subscription,Clear Protein,MY,True,2024-05,2024,False,False,False
7756430704895,2,82.76,33.1,41.38,D5,D3,Subscription,Clear Protein,MY,True,2024-05,2024,False,False,False
7756430770431,2,82.76,33.1,41.38,D5,D3,Subscription,Accessories,MY,True,2024-05,2024,False,False,False
6327517053183,1,82.61,33.04,82.61,D5,D10,Subscription,Other,SG,False,2023-12,2023,False,False,False
7304255078655,1,82.6,33.04,82.6,D5,D9,Subscription,Collagen Glow,SG,True,2024-05,2024,False,False,False
6423593746687,2,82.46,32.98,41.23,D5,D3,Subscription,Unknown,SG,False,2022-01,2022,False,False,False
7756422217983,1,82.38,32.95,82.38,D5,D7,Direct / Organic,Other,MY,False,2024-04,2024,False,False,False
7756008227071,1,82.37,32.95,82.37,D5,D8,Direct / Organic,Unknown,MY,False,2022-10,2022,False,False,False
8151131488511,1,82.33,32.93,82.33,D5,D6,Direct / Organic,Clear Protein,SG,False,2025-06,2025,False,False,False
7755965235455,2,82.22,32.89,41.11,D5,D3,Direct / Organic,Unknown,MY,False,2022-09,2022,False,False,False
7756438962431,1,82.16,32.86,82.16,D5,D7,Direct / Organic,Clear Protein,MY,False,2024-06,2024,False,False,False
7756006031615,1,82.04,32.81,82.04,D5,D9,Direct / Organic,Collagen Glow,MY,False,2022-10,2022,False,False,False
8652582355199,2,81.81,32.72,40.9,D5,D2,Direct / Organic,Lean Protein,SG,False,2025-12,2025,False,False,False
7756474712319,3,81.74,32.69,27.25,D5,D2,Subscription,Collagen Glow,MY,True,2024-10,2024,False,False,False
7756361269503,2,81.73,32.69,40.87,D5,D3,Direct / Organic,Other,MY,False,2023-05,2023,False,False,False
7756396069119,1,81.73,32.69,81.73,D5,D7,Direct / Organic,Unknown,MY,False,2023-12,2023,False,False,False
6532489150719,1,81.71,32.68,81.71,D5,D10,Direct / Organic,Unknown,MY,False,2022-12,2022,False,False,False
7922624430335,1,81.52,32.61,81.52,D5,D7,Direct / Organic,Lean Protein,SG,False,2025-03,2025,False,False,False
7756030935295,1,81.52,32.61,81.52,D5,D8,Direct / Organic,Unknown,MY,False,2022-06,2022,False,False,False
8082176082175,1,81.5,32.6,81.5,D5,D6,Direct / Organic,Clear Protein,SG,False,2025-05,2025,False,False,False
7756409536767,1,81.49,32.6,81.49,D5,D7,Direct / Organic,Other,MY,False,2024-03,2024,False,False,False
6327655301375,1,81.48,32.59,81.48,D5,D10,Subscription,Other,SG,True,2024-06,2024,False,False,False
6671998746879,2,81.47,32.59,40.74,D5,D3,Subscription,Other,SG,True,2023-05,2023,False,False,False
6505222308095,1,81.31,32.52,81.31,D5,D10,Subscription,Other,SG,False,2023-01,2023,False,False,False
7942456410367,1,81.29,32.52,81.29,D5,D7,Direct / Organic,Lean Protein,SG,False,2025-04,2025,False,False,False
6329620398335,2,81.16,32.46,40.58,D5,D3,Subscription,Unknown,SG,True,2023-10,2023,False,False,False
8748209570047,1,80.82,32.33,80.82,D5,D4,Direct / Organic,Lean Protein,SG,False,2026-02,2026,False,False,False
8794676658431,1,80.82,32.33,80.82,D5,D4,Direct / Organic,Lean Protein,SG,False,2026-02,2026,False,False,False
8069832278271,1,80.8,32.32,80.8,D5,D6,Direct / Organic,Collagen Glow,SG,False,2025-05,2025,False,False,False
8231259963647,1,80.8,32.32,80.8,D5,D5,Direct / Organic,Other,SG,False,2025-08,2025,False,False,False
8312653938943,1,80.73,32.29,80.73,D5,D5,Subscription,Other,SG,True,2025-09,2025,False,False,False
6474696687871,1,80.71,32.28,80.71,D5,D10,Subscription,Other,SG,False,2022-12,2022,False,False,False
6477558612223,1,80.71,32.28,80.71,D5,D10,Subscription,Other,SG,False,2022-12,2022,False,False,False
7318538158335,1,80.71,32.28,80.71,D5,D9,Subscription,Collagen Glow,SG,False,2024-06,2024,False,False,False
7896942477567,1,80.7,32.28,80.7,D5,D7,Direct / Organic,Collagen Glow,SG,False,2025-03,2025,False,False,False
8096074957055,2,80.7,32.28,40.35,D5,D2,Direct / Organic,Accessories,SG,False,2025-06,2025,False,False,False
7959059300607,1,80.62,32.25,80.62,D5,D6,Direct / Organic,Lean Protein,SG,False,2025-04,2025,False,False,False
7756459344127,1,80.59,32.24,80.59,D5,D7,Direct / Organic,Lean Protein,MY,False,2024-08,2024,False,False,False
7756431655167,1,80.56,32.23,80.56,D5,D7,Direct / Organic,Other,MY,False,2024-05,2024,False,False,False
6532477485311,1,80.55,32.22,80.55,D5,D10,Direct / Organic,Unknown,MY,False,2022-12,2022,False,False,False
8612801708287,1,80.35,32.14,80.35,D5,D4,Direct / Organic,Clear Protein,SG,False,2025-12,2025,False,False,False
6423463919871,1,80.29,32.12,80.29,D5,D10,Subscription,Unknown,SG,False,2022-05,2022,False,False,False
7756466323711,1,80.29,32.12,80.29,D5,D7,Direct / Organic,Clear Protein,MY,False,2024-09,2024,False,False,False
7756462915839,2,80.22,32.09,40.11,D5,D2,Subscription,Lean Protein,MY,True,2024-09,2024,False,False,False
8763457470719,1,80.22,32.09,80.22,D5,D4,Direct / Organic,Clear Protein,SG,False,2026-02,2026,False,False,False
7756428771583,1,80.18,32.07,80.18,D5,D7,Direct / Organic,Clear Protein,MY,False,2024-05,2024,False,False,False
7756431327487,1,80.18,32.07,80.18,D5,D7,Direct / Organic,Clear Protein,MY,False,2024-05,2024,False,False,False
7756467994879,1,80.18,32.07,80.18,D5,D7,Direct / Organic,Clear Protein,MY,False,2024-09,2024,False,False,False
7756468257023,1,80.18,32.07,80.18,D5,D7,Direct / Organic,Clear Protein,MY,False,2024-09,2024,False,False,False
7756469043455,1,80.18,32.07,80.18,D5,D7,Direct / Organic,Clear Protein,MY,False,2024-09,2024,False,False,False
7756469797119,1,80.18,32.07,80.18,D5,D7,Direct / Organic,Clear Protein,MY,False,2024-09,2024,False,False,False
8723271581951,1,80.11,32.04,80.11,D5,D4,Subscription,Clear Protein,SG,True,2026-01,2026,False,False,False
8827248673023,1,80.11,32.04,80.11,D5,D4,Subscription,Clear Protein,SG,True,2026-03,2026,False,False,False
6329698124031,1,80.1,32.04,80.1,D5,D10,Subscription,Unknown,SG,False,2022-01,2022,False,False,False
8770599354623,1,80.1,32.04,80.1,D5,D4,Direct / Organic,Clear Protein,SG,False,2026-02,2026,False,False,False
7829353070847,1,80.0,32.0,80.0,D5,D7,Direct / Organic,Unknown,MY,False,2022-01,2022,False,False,False
8807018856703,1,80.0,32.0,80.0,D5,D4,Subscription,Collagen Glow,SG,True,2026-02,2026,False,False,False
6423240966399,2,79.99,32.0,39.99,D5,D3,Subscription,Unknown,SG,False,2022-05,2022,False,False,False
7756428083455,2,79.89,31.96,39.95,D5,D3,Direct / Organic,Lean Protein,MY,False,2024-05,2024,False,False,False
7756284690687,1,79.89,31.96,79.89,D5,D8,Direct / Organic,Unknown,MY,False,2023-10,2023,False,False,False
8242419433727,2,79.8,31.92,39.9,D5,D2,Direct / Organic,Accessories,SG,False,2025-08,2025,False,False,False
8263812120831,2,79.8,31.92,39.9,D5,D2,Direct / Organic,Accessories,SG,False,2025-08,2025,False,False,False
8081655464191,1,79.8,31.92,79.8,D5,D6,Direct / Organic,Lean Protein,SG,False,2025-05,2025,False,False,False
8796982870271,1,79.8,31.92,79.8,D5,D4,Direct / Organic,Accessories,SG,False,2026-02,2026,False,False,False
7942104416511,1,79.71,31.88,79.71,D5,D7,Paid Social,Clear Protein,SG,False,2025-08,2025,False,False,False
8767016272127,1,79.62,31.85,79.62,D5,D4,Direct / Organic,Other,SG,False,2026-02,2026,False,False,False
6602801479935,1,79.42,31.77,79.42,D5,D10,Subscription,Other,SG,False,2023-03,2023,False,False,False
6423595254015,1,79.39,31.76,79.39,D5,D10,Subscription,Unknown,SG,False,2022-04,2022,False,False,False
7756361203967,1,79.37,31.75,79.37,D5,D8,Direct / Organic,Other,MY,False,2023-05,2023,False,False,False
6423592272127,1,79.36,31.74,79.36,D5,D10,Subscription,Unknown,SG,False,2022-04,2022,False,False,False
6424267686143,1,79.36,31.74,79.36,D5,D10,Subscription,Unknown,SG,False,2022-05,2022,False,False,False
6961928438015,1,79.21,31.68,79.21,D5,D9,Subscription,Other,SG,False,2023-12,2023,False,False,False
7756439879935,1,79.09,31.64,79.09,D5,D7,Direct / Organic,Lean Protein,MY,False,2024-06,2024,False,False,False
7756032246015,1,78.9,31.56,78.9,D5,D8,Direct / Organic,Unknown,MY,False,2022-06,2022,False,False,False
6423594860799,1,78.89,31.56,78.89,D5,D10,Subscription,Unknown,SG,False,2022-04,2022,False,False,False
7523193225471,1,78.89,31.56,78.89,D5,D9,Subscription,Collagen Glow,SG,False,2024-09,2024,False,False,False
7756407046399,4,78.88,31.55,19.72,D5,D1,Subscription,Other,MY,True,2024-02,2024,False,True,False
7538719129855,1,78.71,31.48,78.71,D5,D9,Subscription,Accessories,SG,True,2024-10,2024,False,False,False
7756040372479,1,78.69,31.48,78.69,D5,D8,Direct / Organic,Unknown,MY,False,2022-03,2022,False,False,False
7755966841087,1,78.67,31.47,78.67,D5,D9,Direct / Organic,Unknown,MY,False,2022-05,2022,False,False,False
8154965737727,1,78.48,31.39,78.48,D5,D6,Direct / Organic,Other,SG,False,2025-06,2025,False,False,False
8362782654719,4,78.41,31.36,19.6,D5,D1,Subscription,Other,SG,True,2025-10,2025,False,True,False
6329633571071,1,78.33,31.33,78.33,D5,D10,Subscription,Unknown,SG,False,2022-05,2022,False,False,False
6532515889407,1,78.25,31.3,78.25,D5,D10,Direct / Organic,Unknown,MY,False,2023-01,2023,False,False,False
7756264538367,1,78.25,31.3,78.25,D5,D8,Direct / Organic,Other,MY,False,2023-01,2023,False,False,False
7756265292031,1,78.25,31.3,78.25,D5,D8,Direct / Organic,Unknown,MY,False,2023-01,2023,False,False,False
7756265718015,1,78.25,31.3,78.25,D5,D8,Direct / Organic,Other,MY,False,2023-01,2023,False,False,False
7756267192575,1,78.25,31.3,78.25,D5,D8,Direct / Organic,Other,MY,False,2023-01,2023,False,False,False
8474707689727,1,78.12,31.25,78.12,D5,D5,Direct / Organic,Clear Protein,SG,False,2025-10,2025,False,False,False
8446136254719,1,77.85,31.14,77.85,D5,D5,Direct / Organic,Clear Protein,SG,False,2025-10,2025,False,False,False
6327566205183,1,77.79,31.12,77.79,D5,D10,Subscription,Unknown,SG,False,2022-06,2022,False,False,False
8711864516863,1,77.77,31.11,77.77,D5,D4,Subscription,Lean Protein,SG,True,2026-01,2026,False,False,False
8289029488895,1,77.73,31.09,77.73,D5,D5,Paid Social,Lean Protein,SG,False,2025-08,2025,False,False,False
8033439154431,1,77.72,31.09,77.72,D5,D6,Direct / Organic,Clear Protein,SG,False,2025-05,2025,False,False,False
7756358222079,1,77.67,31.07,77.67,D5,D8,Direct / Organic,Unknown,MY,False,2023-04,2023,False,False,False
6423610523903,1,77.65,31.06,77.65,D5,D10,Subscription,Unknown,SG,False,2022-01,2022,False,False,False
7756267389183,1,77.64,31.06,77.64,D5,D8,Direct / Organic,Other,MY,False,2023-01,2023,False,False,False
7756485558527,2,77.55,31.02,38.77,D5,D2,Direct / Organic,Collagen Glow,MY,False,2024-12,2024,False,False,False
7756018516223,2,77.55,31.02,38.77,D5,D3,Direct / Organic,Unknown,MY,False,2022-08,2022,False,False,False
7756032835839,2,77.55,31.02,38.77,D5,D3,Direct / Organic,Unknown,MY,False,2022-06,2022,False,False,False
6327713857791,1,77.5,31.0,77.5,D5,D10,Subscription,Unknown,SG,False,2022-01,2022,False,False,False
7756044435711,1,77.48,30.99,77.48,D5,D8,Direct / Organic,Unknown,MY,False,2022-02,2022,False,False,False
7756264571135,1,77.25,30.9,77.25,D5,D8,Direct / Organic,Collagen Glow,MY,False,2023-01,2023,False,False,False
7756364284159,1,77.22,30.89,77.22,D5,D8,Subscription,Unknown,MY,True,2023-06,2023,False,False,False
7756381815039,2,77.21,30.89,38.61,D5,D3,Direct / Organic,Other,MY,False,2023-09,2023,False,False,False
6697080127743,2,77.09,30.84,38.54,D5,D3,Subscription,Soy Protein,SG,False,2023-06,2023,False,False,False
8637598171391,2,77.05,30.82,38.52,D5,D2,Direct / Organic,Lean Protein,SG,False,2025-12,2025,False,False,False
8084358234367,2,77.0,30.8,38.5,D5,D2,Paid Social,Accessories,SG,False,2025-05,2025,False,False,False
6522940883199,1,76.91,30.76,76.91,D5,D10,Subscription,Other,SG,False,2023-01,2023,False,False,False
6327680434431,1,76.89,30.76,76.89,D5,D10,Subscription,Unknown,SG,False,2022-08,2022,False,False,False
6327700783359,1,76.89,30.76,76.89,D5,D10,Subscription,Unknown,SG,False,2022-09,2022,False,False,False
6336645169407,1,76.89,30.76,76.89,D5,D10,Subscription,Unknown,SG,False,2022-08,2022,False,False,False
6423226220799,1,76.89,30.76,76.89,D5,D10,Subscription,Unknown,SG,False,2022-08,2022,False,False,False
8006799393023,1,76.82,30.73,76.82,D5,D6,Direct / Organic,Accessories,SG,False,2025-05,2025,False,False,False
6718421565695,1,76.81,30.72,76.81,D5,D10,Subscription,Other,SG,False,2023-06,2023,False,False,False
8338200854783,1,125.07,50.03,125.07,D4,D5,Direct / Organic,Accessories,SG,False,2025-09,2025,False,False,False
6329600704767,1,124.99,50.0,124.99,D4,D10,Subscription,Unknown,SG,False,2022-02,2022,False,False,False
7755984273663,5,124.77,49.91,24.95,D4,D1,Subscription,Unknown,MY,True,2024-03,2024,False,True,False
7756181373183,1,124.73,49.89,124.73,D4,D8,Subscription,Lean Protein,SG,True,2026-03,2026,False,False,False
7180621021439,1,124.43,49.77,124.43,D4,D9,Subscription,Unknown,SG,False,2024-04,2024,False,False,False
7968715604223,1,124.2,49.68,124.2,D4,D6,Affiliate,Clear Protein,SG,False,2025-04,2025,False,False,False
8003138027775,1,124.2,49.68,124.2,D4,D6,Affiliate,Clear Protein,SG,False,2025-05,2025,False,False,False
8016385671423,2,124.2,49.68,62.1,D4,D2,Subscription,Clear Protein,SG,True,2025-05,2025,False,False,False
8042937680127,1,124.2,49.68,124.2,D4,D6,Direct / Organic,Clear Protein,SG,False,2025-05,2025,False,False,False
8079432679679,2,124.2,49.68,62.1,D4,D2,Subscription,Clear Protein,SG,True,2025-05,2025,False,False,False
8115150946559,1,124.2,49.68,124.2,D4,D6,Subscription,Clear Protein,SG,True,2025-06,2025,False,False,False
8124393455871,1,124.2,49.68,124.2,D4,D6,Affiliate,Clear Protein,SG,False,2025-06,2025,False,False,False
8164599759103,1,124.2,49.68,124.2,D4,D5,Direct / Organic,Clear Protein,SG,False,2025-06,2025,False,False,False
8459023909119,1,124.2,49.68,124.2,D4,D5,Direct / Organic,Clear Protein,SG,False,2026-02,2026,False,False,False
8712473673983,1,124.2,49.68,124.2,D4,D4,Affiliate,Clear Protein,SG,False,2026-01,2026,False,False,False
8763046232319,1,124.2,49.68,124.2,D4,D4,Direct / Organic,Clear Protein,SG,False,2026-02,2026,False,False,False
8765608427775,1,124.2,49.68,124.2,D4,D4,Direct / Organic,Clear Protein,SG,False,2026-02,2026,False,False,False
8780621709567,1,124.2,49.68,124.2,D4,D4,Direct / Organic,Clear Protein,SG,False,2026-02,2026,False,False,False
8800267174143,1,124.2,49.68,124.2,D4,D4,Direct / Organic,Clear Protein,SG,False,2026-02,2026,False,False,False
8811190157567,1,124.2,49.68,124.2,D4,D4,Direct / Organic,Clear Protein,SG,False,2026-02,2026,False,False,False
8885362819327,1,124.2,49.68,124.2,D4,D4,Direct / Organic,Clear Protein,SG,False,2026-03,2026,False,False,False
7307052122367,1,123.9,49.56,123.9,D4,D9,Subscription,Clear Protein,SG,False,2024-05,2024,False,False,False
7960963154175,2,123.73,49.49,61.86,D4,D2,Direct / Organic,Lean Protein,SG,False,2025-04,2025,False,False,False
6532495900927,2,123.63,49.45,61.82,D4,D3,Subscription,Clear Protein,SG,False,2024-03,2024,False,False,False
8882059575551,1,123.59,49.44,123.59,D4,D4,Direct / Organic,Lean Protein,SG,False,2026-03,2026,False,False,False
7756380963071,2,123.58,49.43,61.79,D4,D3,Direct / Organic,Soy Protein,MY,False,2023-09,2023,False,False,False
7756364677375,2,123.55,49.42,61.77,D4,D3,Direct / Organic,Other,MY,False,2023-06,2023,False,False,False
8796338585855,1,123.38,49.35,123.38,D4,D4,Direct / Organic,Clear Protein,SG,False,2026-02,2026,False,False,False
8856763826431,1,123.35,49.34,123.35,D4,D4,Subscription,Lean Protein,SG,True,2026-03,2026,False,False,False
6336692224255,1,123.31,49.32,123.31,D4,D10,Subscription,Other,SG,False,2023-02,2023,False,False,False
6832308551935,1,123.21,49.28,123.21,D4,D9,Subscription,Other,SG,False,2024-04,2024,False,False,False
8820475494655,2,123.19,49.28,61.6,D4,D2,Subscription,Lean Protein,SG,True,2026-03,2026,False,False,False
7756461244671,3,123.13,49.25,41.04,D4,D2,Direct / Organic,Other,MY,False,2024-08,2024,False,False,False
7756363104511,4,123.08,49.23,30.77,D4,D1,Subscription,Unknown,MY,True,2023-06,2023,False,True,False
8341214560511,1,123.06,49.22,123.06,D4,D5,Direct / Organic,Lean Protein,SG,False,2026-01,2026,False,False,False
8097477132543,1,122.9,49.16,122.9,D4,D6,Subscription,Accessories,SG,True,2025-06,2025,False,False,False
8478316331263,2,122.78,49.11,61.39,D4,D2,Direct / Organic,Clear Protein,SG,True,2025-10,2025,False,False,False
6423594107135,1,122.58,49.03,122.58,D4,D10,Subscription,Unknown,SG,False,2022-04,2022,False,False,False
7756468355327,1,122.56,49.03,122.56,D4,D7,Direct / Organic,Clear Protein,MY,False,2024-09,2024,False,False,False
8241444520191,1,122.52,49.01,122.52,D4,D5,Direct / Organic,Lean Protein,SG,False,2025-08,2025,False,False,False
8293395071231,1,122.5,49.0,122.5,D4,D5,Direct / Organic,Lean Protein,SG,False,2025-08,2025,False,False,False
8902720225535,1,122.34,48.94,122.34,D4,D4,Subscription,Other,SG,True,2026-03,2026,False,False,False
8288888717567,1,122.32,48.93,122.32,D4,D5,Direct / Organic,Lean Protein,SG,False,2025-08,2025,False,False,False
7341017956607,1,122.26,48.9,122.26,D4,D9,Subscription,Other,SG,True,2024-06,2024,False,False,False
8259196453119,1,122.24,48.9,122.24,D4,D5,Direct / Organic,Other,SG,False,2025-08,2025,False,False,False
7955058655487,2,121.81,48.72,60.9,D4,D2,Direct / Organic,Lean Protein,SG,False,2025-04,2025,False,False,False
8593221681407,2,121.73,48.69,60.86,D4,D2,Direct / Organic,Accessories,SG,False,2025-12,2025,False,False,False
8683550081279,1,121.43,48.57,121.43,D4,D4,Direct / Organic,Other,SG,False,2026-01,2026,False,False,False
8837740986623,1,121.4,48.56,121.4,D4,D4,Subscription,Clear Protein,SG,True,2026-03,2026,False,False,False
7230763499775,1,121.32,48.53,121.32,D4,D9,Subscription,Other,SG,False,2024-04,2024,False,False,False
6327509713151,1,121.25,48.5,121.25,D4,D10,Subscription,Unknown,SG,False,2022-04,2022,False,False,False
7756007571711,1,121.15,48.46,121.15,D4,D8,Direct / Organic,Other,MY,False,2022-10,2022,False,False,False
6580292550911,1,121.14,48.46,121.14,D4,D10,Subscription,Accessories,SG,False,2023-02,2023,False,False,False
6532502290687,1,121.09,48.44,121.09,D4,D10,Direct / Organic,Unknown,MY,False,2022-10,2022,False,False,False
6328286970111,1,121.05,48.42,121.05,D4,D10,Subscription,Unknown,SG,False,2022-08,2022,False,False,False
8608022495487,2,120.94,48.38,60.47,D4,D2,Direct / Organic,Other,SG,False,2025-12,2025,False,False,False
7756032278783,2,120.94,48.38,60.47,D4,D3,Direct / Organic,Unknown,MY,False,2022-06,2022,False,False,False
7823779168511,4,120.9,48.36,30.23,D4,D1,Subscription,Collagen Glow,MY,True,2025-01,2025,False,True,False
8226074820863,1,120.49,48.2,120.49,D4,D5,Email,Lean Protein,SG,False,2025-08,2025,False,False,False
8304218046719,2,120.4,48.16,60.2,D4,D2,Subscription,Accessories,SG,True,2025-09,2025,False,False,False
6788480467199,1,120.37,48.15,120.37,D4,D10,Subscription,Other,SG,False,2023-08,2023,False,False,False
8899717791999,1,120.28,48.11,120.28,D4,D4,Subscription,Clear Protein,SG,True,2026-03,2026,False,False,False
6327740858623,1,119.99,48.0,119.99,D4,D10,Subscription,Unknown,SG,False,2022-08,2022,False,False,False
7154177769727,3,119.96,47.98,39.99,D4,D2,Subscription,Other,SG,False,2024-03,2024,False,False,False
7755969102079,2,119.91,47.96,59.95,D4,D3,Direct / Organic,Unknown,MY,False,2022-09,2022,False,False,False
6424704024831,1,119.8,47.92,119.8,D4,D10,Direct / Organic,Other,SG,False,2025-05,2025,False,False,False
7845034328319,1,119.8,47.92,119.8,D4,D7,Direct / Organic,Lean Protein,SG,False,2025-02,2025,False,False,False
7878869090559,1,119.8,47.92,119.8,D4,D7,Direct / Organic,Lean Protein,SG,False,2025-02,2025,False,False,False
8170778689791,1,119.8,47.92,119.8,D4,D5,Direct / Organic,Lean Protein,SG,False,2025-07,2025,False,False,False
8239061270783,1,119.8,47.92,119.8,D4,D5,Direct / Organic,Other,SG,False,2025-08,2025,False,False,False
8312130797823,1,119.8,47.92,119.8,D4,D5,Direct / Organic,Lean Protein,SG,False,2025-09,2025,False,False,False
8422907248895,1,119.8,47.92,119.8,D4,D5,Direct / Organic,Lean Protein,SG,False,2025-10,2025,False,False,False
6329848627455,3,119.7,47.88,39.9,D4,D2,Subscription,Unknown,SG,False,2022-01,2022,False,False,False
6480331735295,1,119.59,47.84,119.59,D4,D10,Subscription,Unknown,SG,False,2022-12,2022,False,False,False
8123952955647,2,119.57,47.83,59.78,D4,D2,Direct / Organic,Clear Protein,SG,False,2025-06,2025,False,False,False
6336639664383,5,119.5,47.8,23.9,D4,D1,Subscription,Unknown,SG,False,2022-01,2022,False,True,False
7756475793663,2,119.45,47.78,59.73,D4,D2,Subscription,Clear Protein,MY,True,2024-10,2024,False,False,False
7756300517631,3,119.45,47.78,39.82,D4,D2,Direct / Organic,Unknown,MY,True,2023-02,2023,False,False,False
7755929977087,2,119.41,47.76,59.71,D4,D3,Direct / Organic,Unknown,MY,False,2022-01,2022,False,False,False
8109213352191,2,119.38,47.75,59.69,D4,D2,Subscription,Clear Protein,SG,True,2025-06,2025,False,False,False
8393520251135,1,119.18,47.67,119.18,D4,D5,Paid Social,Lean Protein,SG,False,2025-10,2025,False,False,False
7756439683327,2,119.13,47.65,59.57,D4,D3,Direct / Organic,Accessories,MY,True,2024-06,2024,False,False,False
7756429590783,2,119.08,47.63,59.54,D4,D3,Direct / Organic,Unknown,MY,False,2024-05,2024,False,False,False
8273713201407,1,118.9,47.56,118.9,D4,D5,Direct / Organic,Accessories,SG,False,2025-08,2025,False,False,False
8286039703807,1,118.9,47.56,118.9,D4,D5,Direct / Organic,Lean Protein,SG,False,2025-08,2025,False,False,False
8800596754687,1,118.71,47.48,118.71,D4,D4,Direct / Organic,Clear Protein,SG,False,2026-02,2026,False,False,False
7101868769535,2,118.7,47.48,59.35,D4,D3,Subscription,Other,SG,False,2024-02,2024,False,False,False
7756019302655,1,118.58,47.43,118.58,D4,D8,Direct / Organic,Unknown,MY,False,2022-08,2022,False,False,False
8394029629695,1,118.56,47.42,118.56,D4,D5,Direct / Organic,Clear Protein,SG,False,2025-10,2025,False,False,False
7756357566719,2,118.52,47.41,59.26,D4,D3,Subscription,Unknown,MY,True,2023-03,2023,False,False,False
7756039553279,1,118.33,47.33,118.33,D4,D8,Direct / Organic,Unknown,MY,False,2022-03,2022,False,False,False
7755954127103,1,118.18,47.27,118.18,D4,D9,Direct / Organic,Unknown,MY,False,2022-08,2022,False,False,False
7756044304639,2,118.14,47.26,59.07,D4,D3,Direct / Organic,Unknown,MY,False,2022-02,2022,False,False,False
8029078454527,1,118.0,47.2,118.0,D4,D6,Subscription,Clear Protein,SG,True,2026-03,2026,False,False,False
8721983963391,1,118.0,47.2,118.0,D4,D4,Subscription,Clear Protein,SG,True,2026-01,2026,False,False,False
8854738862335,1,118.0,47.2,118.0,D4,D4,Subscription,Clear Protein,SG,True,2026-03,2026,False,False,False
8875121836287,1,118.0,47.2,118.0,D4,D4,Subscription,Clear Protein,SG,True,2026-03,2026,False,False,False
8035905110271,2,117.99,47.2,59.0,D4,D2,Subscription,Clear Protein,SG,True,2025-05,2025,False,False,False
8371435536639,1,117.98,47.19,117.98,D4,D5,Direct / Organic,Collagen Glow,SG,False,2025-10,2025,False,False,False
7056242082047,2,117.95,47.18,58.97,D4,D3,Subscription,Clear Protein,SG,False,2024-02,2024,False,False,False
7894442672383,2,117.72,47.09,58.86,D4,D2,Affiliate,Lean Protein,SG,False,2025-03,2025,False,False,False
7756474777855,1,117.68,47.07,117.68,D4,D7,Direct / Organic,Accessories,MY,False,2024-10,2024,False,False,False
7756435849471,1,117.58,47.03,117.58,D4,D7,Direct / Organic,Other,MY,False,2024-08,2024,False,False,False
6327562043647,2,117.54,47.02,58.77,D4,D3,Subscription,Unknown,SG,False,2022-01,2022,False,False,False
8160918765823,1,117.53,47.01,117.53,D4,D5,Direct / Organic,Clear Protein,SG,False,2025-06,2025,False,False,False
7580912025855,1,117.3,46.92,117.3,D4,D9,Subscription,Clear Protein,SG,False,2024-10,2024,False,False,False
7903429984511,1,117.3,46.92,117.3,D4,D7,Direct / Organic,Clear Protein,SG,False,2025-03,2025,False,False,False
8108000968959,1,117.3,46.92,117.3,D4,D6,Direct / Organic,Clear Protein,SG,False,2025-06,2025,False,False,False
8246793732351,1,117.3,46.92,117.3,D4,D5,Direct / Organic,Clear Protein,SG,False,2025-08,2025,False,False,False
8300895535359,1,117.3,46.92,117.3,D4,D5,Direct / Organic,Clear Protein,SG,False,2025-09,2025,False,False,False
8607713788159,1,117.3,46.92,117.3,D4,D5,Direct / Organic,Clear Protein,SG,False,2025-12,2025,False,False,False
7756019007743,3,117.22,46.89,39.07,D4,D2,Direct / Organic,Unknown,MY,False,2022-08,2022,False,False,False
8846411104511,1,117.09,46.84,117.09,D4,D4,Direct / Organic,Lean Protein,SG,False,2026-03,2026,False,False,False
8084383236351,2,116.9,46.76,58.45,D4,D2,Direct / Organic,Collagen Glow,SG,True,2025-05,2025,False,False,False
7756038963455,1,116.56,46.62,116.56,D4,D8,Direct / Organic,Unknown,MY,False,2022-03,2022,False,False,False
6423606395135,1,116.54,46.62,116.54,D4,D10,Subscription,Unknown,SG,False,2022-01,2022,False,False,False
7756433883391,3,116.54,46.62,38.85,D4,D2,Subscription,Soy Protein,MY,True,2024-06,2024,False,False,False
8093656678655,1,116.52,46.61,116.52,D4,D6,Direct / Organic,Clear Protein,SG,False,2025-05,2025,False,False,False
6327510335743,1,116.43,46.57,116.43,D4,D10,Subscription,Unknown,SG,False,2022-05,2022,False,False,False
8875701960959,1,116.26,46.5,116.26,D4,D4,Paid Social,Lean Protein,SG,False,2026-03,2026,False,False,False
8245924004095,1,116.1,46.44,116.1,D4,D5,Direct / Organic,Clear Protein,SG,False,2025-08,2025,False,False,False
8464926867711,1,116.1,46.44,116.1,D4,D5,Affiliate,Unknown,SG,False,2025-10,2025,False,False,False
8488207614207,1,116.1,46.44,116.1,D4,D5,Direct / Organic,Clear Protein,SG,False,2025-11,2025,False,False,False
8488391901439,1,116.1,46.44,116.1,D4,D5,Direct / Organic,Clear Protein,SG,False,2025-11,2025,False,False,False
7847033995519,1,116.03,46.41,116.03,D4,D7,Direct / Organic,Clear Protein,SG,False,2025-02,2025,False,False,False
7867022213375,1,116.01,46.4,116.01,D4,D7,Direct / Organic,Clear Protein,SG,False,2025-02,2025,False,False,False
8035262234879,1,116.01,46.4,116.01,D4,D6,Subscription,Lean Protein,SG,True,2025-05,2025,False,False,False
8121945030911,1,116.01,46.4,116.01,D4,D6,Direct / Organic,Lean Protein,SG,False,2025-06,2025,False,False,False
8133545754879,1,116.01,46.4,116.01,D4,D6,Subscription,Lean Protein,SG,True,2025-06,2025,False,False,False
8488361033983,1,116.01,46.4,116.01,D4,D5,Direct / Organic,Clear Protein,SG,False,2025-11,2025,False,False,False
7168840892671,1,115.92,46.37,115.92,D4,D9,Subscription,Collagen Glow,SG,False,2024-04,2024,False,False,False
7756382535935,2,115.84,46.33,57.92,D4,D3,Subscription,Accessories,MY,True,2023-09,2023,False,False,False
7756260540671,1,115.82,46.33,115.82,D4,D8,Direct / Organic,Other,MY,False,2023-01,2023,False,False,False
7756266242303,1,115.79,46.32,115.79,D4,D8,Direct / Organic,Collagen Glow,MY,False,2023-01,2023,False,False,False
8633915900159,2,115.74,46.3,57.87,D4,D2,Direct / Organic,Clear Protein,SG,False,2025-12,2025,False,False,False
8293135089919,1,115.4,46.16,115.4,D4,D5,Direct / Organic,Lean Protein,SG,False,2025-08,2025,False,False,False
7756023169279,3,115.33,46.13,38.44,D4,D2,Direct / Organic,Unknown,MY,False,2022-05,2022,False,False,False
8811892932863,1,115.3,46.12,115.3,D4,D4,Subscription,Clear Protein,SG,True,2026-02,2026,False,False,False
7755980243199,2,115.22,46.09,57.61,D4,D3,Direct / Organic,Unknown,MY,False,2022-02,2022,False,False,False
7756461605119,2,115.18,46.07,57.59,D4,D3,Subscription,Collagen Glow,MY,True,2024-08,2024,False,False,False
8708128473343,1,115.11,46.04,115.11,D4,D4,Direct / Organic,Lean Protein,SG,False,2026-01,2026,False,False,False
7756261032191,1,115.09,46.04,115.09,D4,D8,Direct / Organic,Other,MY,False,2022-12,2022,False,False,False
8082604687615,2,114.88,45.95,57.44,D4,D2,Subscription,Clear Protein,SG,True,2025-05,2025,False,False,False
7756413567231,2,114.68,45.87,57.34,D4,D3,Direct / Organic,Clear Protein,MY,False,2024-04,2024,False,False,False
8731388903679,1,114.62,45.85,114.62,D4,D4,Subscription,Clear Protein,SG,True,2026-02,2026,False,False,False
6334064951551,1,114.59,45.84,114.59,D4,D10,Subscription,Other,SG,False,2024-05,2024,False,False,False
6991974007039,1,114.53,45.81,114.53,D4,D9,Subscription,Other,SG,True,2024-01,2024,False,False,False
8761249235199,2,114.5,45.8,57.25,D4,D2,Direct / Organic,Accessories,SG,False,2026-02,2026,False,False,False
7756048662783,1,114.45,45.78,114.45,D4,D8,Direct / Organic,Unknown,MY,False,2022-01,2022,False,False,False
8765564977407,1,114.32,45.73,114.32,D4,D4,Subscription,Clear Protein,SG,True,2026-02,2026,False,False,False
6329829785855,1,114.29,45.72,114.29,D4,D10,Subscription,Unknown,SG,False,2022-05,2022,False,False,False
7938715844863,1,114.13,45.65,114.13,D4,D7,Direct / Organic,Collagen Glow,SG,False,2025-04,2025,False,False,False
8716791546111,1,114.0,45.6,114.0,D4,D4,Direct / Organic,Lean Protein,SG,False,2026-01,2026,False,False,False
8717736640767,1,114.0,45.6,114.0,D4,D4,Direct / Organic,Lean Protein,SG,False,2026-01,2026,False,False,False
8088279548159,1,113.98,45.59,113.98,D4,D6,Subscription,Clear Protein,SG,True,2025-05,2025,False,False,False
7756468945151,1,113.91,45.56,113.91,D4,D7,Direct / Organic,Lean Protein,MY,False,2024-09,2024,False,False,False
8289248674047,1,113.9,45.56,113.9,D4,D5,Direct / Organic,Clear Protein,SG,False,2025-08,2025,False,False,False
6329616859391,1,113.87,45.55,113.87,D4,D10,Subscription,Unknown,SG,False,2022-01,2022,False,False,False
7756354584831,4,113.84,45.54,28.46,D4,D1,Subscription,Collagen Glow,MY,True,2023-03,2023,False,True,False
6327830610175,1,113.81,45.52,113.81,D4,D10,Subscription,Other,SG,False,2023-06,2023,False,False,False
6689737474303,1,113.81,45.52,113.81,D4,D10,Subscription,Other,SG,False,2023-06,2023,False,False,False
7093066268927,1,113.81,45.52,113.81,D4,D9,Subscription,Other,SG,False,2024-02,2024,False,False,False
7477933015295,1,113.81,45.52,113.81,D4,D9,Subscription,Lean Protein,SG,False,2024-09,2024,False,False,False
7489532428543,1,113.81,45.52,113.81,D4,D9,Subscription,Clear Protein,SG,False,2024-09,2024,False,False,False
7490946433279,1,113.81,45.52,113.81,D4,D9,Subscription,Other,SG,False,2024-09,2024,False,False,False
7505538220287,1,113.81,45.52,113.81,D4,D9,Subscription,Other,SG,False,2024-09,2024,False,False,False
7516977463551,1,113.81,45.52,113.81,D4,D9,Subscription,Clear Protein,SG,False,2024-09,2024,False,False,False
7756469010687,2,113.81,45.52,56.9,D4,D2,Subscription,Lean Protein,MY,True,2024-09,2024,False,False,False
8147523043583,1,113.8,45.52,113.8,D4,D6,Direct / Organic,Other,SG,False,2025-06,2025,False,False,False
6880155533567,1,113.71,45.48,113.71,D4,D9,Subscription,Collagen Glow,SG,False,2023-11,2023,False,False,False
8445726687487,1,113.51,45.4,113.51,D4,D5,Subscription,Clear Protein,SG,True,2025-10,2025,False,False,False
8311560995071,2,113.5,45.4,56.75,D4,D2,Paid Social,Other,SG,False,2025-09,2025,False,False,False
7755969855743,2,113.35,45.34,56.68,D4,D3,Direct / Organic,Unknown,MY,True,2022-02,2022,False,False,False
6532515234047,2,113.3,45.32,56.65,D4,D3,Direct / Organic,Unknown,MY,False,2022-05,2022,False,False,False
6704357310719,1,113.15,45.26,113.15,D4,D10,Subscription,Other,SG,False,2023-06,2023,False,False,False
8002156495103,1,113.0,45.2,113.0,D4,D6,Direct / Organic,Lean Protein,SG,False,2025-06,2025,False,False,False
8287246614783,1,113.0,45.2,113.0,D4,D5,Direct / Organic,Lean Protein,SG,False,2025-08,2025,False,False,False
8339344425215,1,113.0,45.2,113.0,D4,D5,Direct / Organic,Other,SG,False,2025-09,2025,False,False,False
8369445601535,1,113.0,45.2,113.0,D4,D5,Direct / Organic,Other,SG,False,2025-10,2025,False,False,False
8404537704703,1,113.0,45.2,113.0,D4,D5,Direct / Organic,Lean Protein,SG,False,2025-10,2025,False,False,False
8427522457855,1,113.0,45.2,113.0,D4,D5,Direct / Organic,Lean Protein,SG,False,2025-10,2025,False,False,False
8675023978751,1,113.0,45.2,113.0,D4,D4,Direct / Organic,Lean Protein,SG,False,2026-01,2026,False,False,False
8812239978751,1,112.96,45.18,112.96,D4,D4,Subscription,Lean Protein,SG,True,2026-03,2026,False,False,False
7294782996735,1,112.95,45.18,112.95,D4,D9,Subscription,Other,SG,False,2024-05,2024,False,False,False
7313721196799,1,112.95,45.18,112.95,D4,D9,Subscription,Other,SG,False,2024-05,2024,False,False,False
6514794725631,1,112.89,45.16,112.89,D4,D10,Subscription,Other,SG,False,2023-01,2023,False,False,False
6624970440959,1,112.89,45.16,112.89,D4,D10,Subscription,Other,SG,False,2023-04,2023,False,False,False
6327655137535,1,112.88,45.15,112.88,D4,D10,Subscription,Unknown,SG,False,2022-05,2022,False,False,False
6336720568575,1,112.88,45.15,112.88,D4,D10,Subscription,Unknown,SG,False,2022-05,2022,False,False,False
7756462096639,2,112.83,45.13,56.42,D4,D3,Direct / Organic,Clear Protein,MY,False,2024-09,2024,False,False,False
8029437657343,2,112.82,45.13,56.41,D4,D2,Direct / Organic,Lean Protein,SG,True,2025-05,2025,False,False,False
7756361498879,1,112.78,45.11,112.78,D4,D8,Direct / Organic,Unknown,MY,False,2023-05,2023,False,False,False
8868214866175,1,112.65,45.06,112.65,D4,D4,Paid Social,Lean Protein,SG,False,2026-03,2026,False,False,False
8798809587967,1,112.58,45.03,112.58,D4,D4,Direct / Organic,Lean Protein,SG,False,2026-02,2026,False,False,False
6327827955967,1,112.18,44.87,112.18,D4,D10,Subscription,Unknown,SG,False,2022-02,2022,False,False,False
7158892429567,1,112.1,44.84,112.1,D4,D9,Subscription,Clear Protein,SG,False,2024-04,2024,False,False,False
7316711014655,1,112.1,44.84,112.1,D4,D9,Subscription,Clear Protein,SG,False,2024-06,2024,False,False,False
7434780836095,1,112.1,44.84,112.1,D4,D9,Subscription,Clear Protein,SG,False,2024-08,2024,False,False,False
7446789619967,1,112.1,44.84,112.1,D4,D9,Subscription,Clear Protein,SG,False,2024-08,2024,False,False,False
7756359926015,2,111.93,44.77,55.96,D4,D3,Direct / Organic,Accessories,MY,False,2023-05,2023,False,False,False
8867118907647,1,111.83,44.73,111.83,D4,D4,Paid Social,Clear Protein,SG,False,2026-03,2026,False,False,False
8771600711935,1,111.78,44.71,111.78,D4,D4,Subscription,Clear Protein,SG,True,2026-02,2026,False,False,False
8784170647807,1,111.78,44.71,111.78,D4,D4,Subscription,Clear Protein,SG,True,2026-02,2026,False,False,False
8800920436991,1,111.78,44.71,111.78,D4,D4,Subscription,Clear Protein,SG,True,2026-02,2026,False,False,False
8822106685695,1,111.78,44.71,111.78,D4,D4,Subscription,Clear Protein,SG,True,2026-03,2026,False,False,False
7756414091519,2,111.75,44.7,55.87,D4,D3,Direct / Organic,Other,MY,False,2024-03,2024,False,False,False
7756462227711,2,111.7,44.68,55.85,D4,D3,Direct / Organic,Other,MY,False,2024-09,2024,False,False,False
6336752222463,2,111.63,44.65,55.82,D4,D3,Subscription,Unknown,SG,False,2022-02,2022,False,False,False
8249196839167,1,111.59,44.64,111.59,D4,D5,Direct / Organic,Other,SG,False,2025-08,2025,False,False,False
7829327675647,2,111.22,44.49,55.61,D4,D2,Direct / Organic,Lean Protein,MY,False,2025-01,2025,False,False,False
8327709753599,1,111.14,44.46,111.14,D4,D5,Direct / Organic,Accessories,SG,False,2025-09,2025,False,False,False
7756043321599,2,111.13,44.45,55.57,D4,D3,Direct / Organic,Unknown,MY,False,2022-02,2022,False,False,False
6329625379071,1,111.12,44.45,111.12,D4,D10,Subscription,Other,SG,False,2024-03,2024,False,False,False
7884680397055,1,111.0,44.4,111.0,D4,D7,Direct / Organic,Lean Protein,SG,False,2025-03,2025,False,False,False
7891339510015,1,111.0,44.4,111.0,D4,D7,Direct / Organic,Clear Protein,SG,False,2025-03,2025,False,False,False
8096402768127,1,111.0,44.4,111.0,D4,D6,Direct / Organic,Clear Protein,SG,False,2025-06,2025,False,False,False
8700295446783,1,111.0,44.4,111.0,D4,D4,Direct / Organic,Clear Protein,SG,False,2026-01,2026,False,False,False
8028146925823,2,110.95,44.38,55.48,D4,D2,Direct / Organic,Accessories,SG,False,2025-06,2025,False,False,False
6423602266367,3,110.6,44.24,36.87,D4,D2,Subscription,Unknown,SG,False,2022-02,2022,False,False,False
7122183651583,2,110.51,44.2,55.26,D4,D3,Subscription,Collagen Glow,SG,True,2024-03,2024,False,False,False
7169592623359,1,110.4,44.16,110.4,D4,D9,Direct / Organic,Clear Protein,SG,False,2026-02,2026,False,False,False
8761558171903,1,110.4,44.16,110.4,D4,D4,Direct / Organic,Clear Protein,SG,False,2026-02,2026,False,False,False
8699412250879,1,110.38,44.15,110.38,D4,D4,Subscription,Collagen Glow,SG,True,2026-01,2026,False,False,False
7756438995199,3,110.38,44.15,36.79,D4,D2,Subscription,Other,MY,True,2024-06,2024,False,False,False
7347175325951,2,110.28,44.11,55.14,D4,D3,Subscription,Soy Protein,SG,True,2026-02,2026,False,False,False
8248092655871,1,110.26,44.1,110.26,D4,D5,Direct / Organic,Lean Protein,SG,False,2025-08,2025,False,False,False
7756355010815,2,110.2,44.08,55.1,D4,D3,Subscription,Unknown,MY,True,2023-03,2023,False,False,False
8904301314303,1,110.12,44.05,110.12,D4,D3,Direct / Organic,Lean Protein,SG,False,2026-03,2026,False,False,False
7010309046527,1,110.08,44.03,110.08,D4,D9,Subscription,Other,SG,False,2024-01,2024,False,False,False
8772592926975,1,110.04,44.02,110.04,D4,D4,Direct / Organic,Lean Protein,SG,False,2026-02,2026,False,False,False
6329694191871,1,109.85,43.94,109.85,D4,D10,Subscription,Soy Protein,SG,False,2023-01,2023,False,False,False
6508011389183,1,109.85,43.94,109.85,D4,D10,Subscription,Soy Protein,SG,False,2023-01,2023,False,False,False
7047726334207,2,109.7,43.88,54.85,D4,D3,Subscription,Other,SG,False,2024-02,2024,False,False,False
8049669374207,1,109.65,43.86,109.65,D4,D6,Direct / Organic,Accessories,SG,False,2025-05,2025,False,False,False
8299058594047,1,109.65,43.86,109.65,D4,D5,Direct / Organic,Clear Protein,SG,False,2025-09,2025,False,False,False
7448764088575,2,109.6,43.84,54.8,D4,D3,Subscription,Other,SG,False,2024-08,2024,False,False,False
8161189069055,1,109.57,43.83,109.57,D4,D5,Direct / Organic,Clear Protein,SG,False,2025-06,2025,False,False,False
8679067418879,1,109.57,43.83,109.57,D4,D4,Direct / Organic,Lean Protein,SG,False,2026-01,2026,False,False,False
8761342951679,1,109.57,43.83,109.57,D4,D4,Direct / Organic,Lean Protein,SG,False,2026-02,2026,False,False,False
7728017015039,1,109.56,43.82,109.56,D4,D9,Subscription,Clear Protein,SG,False,2024-12,2024,False,False,False
7899396669695,2,109.35,43.74,54.68,D4,D2,Direct / Organic,Lean Protein,SG,False,2025-03,2025,False,False,False
7756386369791,1,109.34,43.73,109.34,D4,D7,Direct / Organic,Other,MY,False,2023-10,2023,False,False,False
6479260352767,2,109.31,43.72,54.66,D4,D3,Subscription,Other,SG,False,2022-12,2022,False,False,False
7029599928575,1,109.17,43.67,109.17,D4,D9,Subscription,Unknown,SG,True,2024-01,2024,False,False,False
7756007014655,1,109.04,43.61,109.04,D4,D9,Direct / Organic,Unknown,MY,False,2022-10,2022,False,False,False
7058101633279,1,109.02,43.61,109.02,D4,D9,Subscription,Accessories,SG,False,2024-02,2024,False,False,False
7946205430015,1,109.0,43.6,109.0,D4,D6,Direct / Organic,Other,SG,False,2025-04,2025,False,False,False
8063660425471,1,109.0,43.6,109.0,D4,D6,Direct / Organic,Other,SG,False,2025-05,2025,False,False,False
7756423037183,1,108.99,43.6,108.99,D4,D7,Direct / Organic,Other,MY,False,2024-04,2024,False,False,False
8800401883391,1,108.99,43.6,108.99,D4,D4,Subscription,Clear Protein,SG,True,2026-02,2026,False,False,False
7520123322623,1,108.92,43.57,108.92,D4,D9,Subscription,Other,SG,False,2024-09,2024,False,False,False
8368009117951,1,108.82,43.53,108.82,D4,D5,Paid Social,Clear Protein,SG,False,2025-10,2025,False,False,False
7756408750335,1,108.82,43.53,108.82,D4,D7,Direct / Organic,Clear Protein,MY,False,2024-02,2024,False,False,False
7756415303935,1,108.82,43.53,108.82,D4,D7,Direct / Organic,Clear Protein,MY,False,2024-03,2024,False,False,False
7756421595391,1,108.82,43.53,108.82,D4,D7,Direct / Organic,Other,MY,False,2024-04,2024,False,False,False
7756435521791,1,108.82,43.53,108.82,D4,D7,Direct / Organic,Clear Protein,MY,False,2024-06,2024,False,False,False
7756435751167,1,108.82,43.53,108.82,D4,D7,Direct / Organic,Clear Protein,MY,False,2024-06,2024,False,False,False
7756437520639,1,108.82,43.53,108.82,D4,D7,Direct / Organic,Clear Protein,MY,False,2024-06,2024,False,False,False
7756446793983,1,108.82,43.53,108.82,D4,D7,Direct / Organic,Clear Protein,MY,False,2024-08,2024,False,False,False
7756460458239,1,108.82,43.53,108.82,D4,D7,Direct / Organic,Clear Protein,MY,False,2024-08,2024,False,False,False
7756462653695,1,108.82,43.53,108.82,D4,D7,Direct / Organic,Clear Protein,MY,False,2024-09,2024,False,False,False
7756465864959,1,108.82,43.53,108.82,D4,D7,Direct / Organic,Clear Protein,MY,False,2024-09,2024,False,False,False
7756466913535,1,108.82,43.53,108.82,D4,D7,Direct / Organic,Clear Protein,MY,False,2024-09,2024,False,False,False
7756469207295,1,108.82,43.53,108.82,D4,D7,Direct / Organic,Clear Protein,MY,False,2024-09,2024,False,False,False
7756476449023,1,108.82,43.53,108.82,D4,D7,Direct / Organic,Lean Protein,MY,False,2024-10,2024,False,False,False
8077416464639,1,108.8,43.52,108.8,D4,D6,Paid Social,Clear Protein,SG,False,2025-05,2025,False,False,False
7756428476671,1,108.79,43.52,108.79,D4,D7,Direct / Organic,Other,MY,False,2024-05,2024,False,False,False
7962467172607,4,108.44,43.38,27.11,D4,D1,Paid Social,Unknown,SG,False,2025-04,2025,False,True,False
6532514939135,4,108.32,43.33,27.08,D4,D1,Direct / Organic,Unknown,MY,True,2022-06,2022,False,True,False
7826394972415,2,108.18,43.27,54.09,D4,D2,Direct / Organic,Lean Protein,SG,False,2025-02,2025,False,False,False
7756423758079,2,108.08,43.23,54.04,D4,D3,Subscription,Other,MY,True,2024-05,2024,False,False,False
7251086573823,1,108.0,43.2,108.0,D4,D9,Subscription,Unknown,SG,True,2024-04,2024,False,False,False
8731505590527,1,108.0,43.2,108.0,D4,D4,Direct / Organic,Lean Protein,SG,False,2026-02,2026,False,False,False
8779021549823,1,108.0,43.2,108.0,D4,D4,Direct / Organic,Lean Protein,SG,False,2026-02,2026,False,False,False
8785318707455,1,108.0,43.2,108.0,D4,D4,Direct / Organic,Lean Protein,SG,False,2026-02,2026,False,False,False
8798376165631,1,108.0,43.2,108.0,D4,D4,Direct / Organic,Lean Protein,SG,False,2026-02,2026,False,False,False
6334064722175,2,107.82,43.13,53.91,D4,D3,Subscription,Other,SG,True,2025-04,2025,False,False,False
6964050362623,1,107.82,43.13,107.82,D4,D9,Subscription,Other,SG,False,2023-12,2023,False,False,False
7174332809471,1,107.82,43.13,107.82,D4,D9,Subscription,Other,SG,False,2024-04,2024,False,False,False
7176356004095,1,107.82,43.13,107.82,D4,D9,Subscription,Other,SG,False,2024-04,2024,False,False,False
7471600238847,2,107.82,43.13,53.91,D4,D3,Subscription,Lean Protein,SG,True,2024-08,2024,False,False,False
7522714976511,2,107.82,43.13,53.91,D4,D3,Subscription,Lean Protein,SG,True,2024-09,2024,False,False,False
7695737127167,2,107.82,43.13,53.91,D4,D3,Subscription,Lean Protein,SG,True,2024-12,2024,False,False,False
8117549793535,2,107.82,43.13,53.91,D4,D2,Subscription,Lean Protein,SG,True,2025-06,2025,False,False,False
8124723888383,2,107.82,43.13,53.91,D4,D2,Subscription,Lean Protein,SG,True,2025-06,2025,False,False,False
8150100574463,2,107.82,43.13,53.91,D4,D2,Subscription,Lean Protein,SG,True,2025-06,2025,False,False,False
8165022564607,1,107.82,43.13,107.82,D4,D5,Direct / Organic,Lean Protein,SG,False,2025-06,2025,False,False,False
8166847676671,1,107.82,43.13,107.82,D4,D5,Direct / Organic,Lean Protein,SG,False,2025-06,2025,False,False,False
8166912459007,1,107.82,43.13,107.82,D4,D5,Direct / Organic,Lean Protein,SG,False,2025-06,2025,False,False,False
8701271113983,2,107.82,43.13,53.91,D4,D2,Subscription,Lean Protein,SG,True,2026-01,2026,False,False,False
8712672116991,2,107.82,43.13,53.91,D4,D2,Subscription,Lean Protein,SG,True,2026-01,2026,False,False,False
8757996159231,1,107.82,43.13,107.82,D4,D4,Direct / Organic,Lean Protein,SG,False,2026-02,2026,False,False,False
8821302821119,1,107.82,43.13,107.82,D4,D4,Direct / Organic,Lean Protein,SG,False,2026-03,2026,False,False,False
8712179876095,3,107.73,43.09,35.91,D4,D1,Subscription,Collagen Glow,SG,True,2026-01,2026,False,True,False
8710500319487,1,107.54,43.02,107.54,D4,D4,Direct / Organic,Lean Protein,SG,False,2026-01,2026,False,False,False
7756415533311,2,107.53,43.01,53.77,D4,D3,Direct / Organic,Collagen Glow,MY,False,2024-04,2024,False,False,False
7756430737663,3,107.52,43.01,35.84,D4,D2,Paid Social,Unknown,SG,True,2025-04,2025,False,False,False
6334066000127,1,107.39,42.96,107.39,D4,D10,Subscription,Unknown,SG,False,2022-06,2022,False,False,False
8698453983487,2,107.35,42.94,53.68,D4,D2,Direct / Organic,Clear Protein,SG,False,2026-01,2026,False,False,False
6528300384511,1,107.24,42.9,107.24,D4,D10,Subscription,Other,SG,False,2023-01,2023,False,False,False
8226081210623,1,107.19,42.88,107.19,D4,D5,Direct / Organic,Lean Protein,SG,False,2025-08,2025,False,False,False
8790289252607,1,107.1,42.84,107.1,D4,D4,Direct / Organic,Lean Protein,SG,False,2026-02,2026,False,False,False
8726668050687,2,107.02,42.81,53.51,D4,D2,Subscription,Clear Protein,SG,True,2026-01,2026,False,False,False
7756037259519,1,106.97,42.79,106.97,D4,D8,Direct / Organic,Unknown,MY,False,2022-04,2022,False,False,False
8373295153407,1,106.92,42.77,106.92,D4,D5,Direct / Organic,Other,SG,False,2025-10,2025,False,False,False
8086485106943,2,106.9,42.76,53.45,D4,D2,Direct / Organic,Accessories,SG,False,2025-05,2025,False,False,False
7307883872511,1,106.89,42.76,106.89,D4,D9,Subscription,Other,SG,True,2024-05,2024,False,False,False
7755928142079,2,106.85,42.74,53.43,D4,D3,Direct / Organic,Unknown,MY,False,2022-06,2022,False,False,False
6796578291967,2,106.74,42.7,53.37,D4,D3,Subscription,Other,SG,True,2023-09,2023,False,False,False
8325712871679,1,106.54,42.62,106.54,D4,D5,Paid Social,Clear Protein,SG,False,2025-09,2025,False,False,False
7756374016255,1,106.49,42.6,106.49,D4,D8,Subscription,Other,MY,True,2024-09,2024,False,False,False
7756035522815,1,106.38,42.55,106.38,D4,D8,Direct / Organic,Unknown,MY,False,2022-05,2022,False,False,False
6585818710271,1,106.25,42.5,106.25,D4,D10,Subscription,Other,SG,False,2023-02,2023,False,False,False
6586846314751,1,106.25,42.5,106.25,D4,D10,Subscription,Other,SG,False,2023-03,2023,False,False,False
6545737908479,1,106.2,42.48,106.2,D4,D10,Subscription,Other,SG,False,2023-02,2023,False,False,False
7125782331647,1,106.2,42.48,106.2,D4,D9,Subscription,Clear Protein,SG,False,2024-04,2024,False,False,False
7151788130559,1,106.2,42.48,106.2,D4,D9,Subscription,Clear Protein,SG,False,2024-03,2024,False,False,False
7182578843903,1,106.2,42.48,106.2,D4,D9,Subscription,Clear Protein,SG,False,2024-04,2024,False,False,False
8244467302655,1,106.11,42.44,106.11,D4,D5,Email,Lean Protein,SG,False,2025-08,2025,False,False,False
8094505500927,1,106.1,42.44,106.1,D4,D6,Direct / Organic,Accessories,SG,False,2025-05,2025,False,False,False
7756017467647,1,106.06,42.42,106.06,D4,D8,Direct / Organic,Unknown,MY,False,2022-08,2022,False,False,False
8857096126719,1,105.97,42.39,105.97,D4,D4,Direct / Organic,Soy Protein,SG,False,2026-03,2026,False,False,False
8337704026367,1,105.74,42.3,105.74,D4,D5,Direct / Organic,Unknown,SG,False,2025-09,2025,False,False,False
8201852879103,1,105.7,42.28,105.7,D4,D5,Direct / Organic,Clear Protein,SG,False,2025-09,2025,False,False,False
8839905706239,2,105.55,42.22,52.78,D4,D2,Direct / Organic,Accessories,SG,False,2026-03,2026,False,False,False
6336735740159,2,105.43,42.17,52.72,D4,D3,Subscription,Unknown,SG,False,2022-04,2022,False,False,False
8035980280063,2,105.35,42.14,52.68,D4,D2,Paid Social,Other,SG,True,2025-05,2025,False,False,False
7756349538559,2,105.15,42.06,52.57,D4,D3,Direct / Organic,Unknown,MY,False,2023-02,2023,False,False,False
8868033036543,1,105.03,42.01,105.03,D4,D4,Paid Social,Lean Protein,SG,False,2026-03,2026,False,False,False
8817306009855,1,104.93,41.97,104.93,D4,D4,Direct / Organic,Clear Protein,SG,False,2026-03,2026,False,False,False
6336637272319,1,104.88,41.95,104.88,D4,D10,Subscription,Unknown,SG,False,2022-04,2022,False,False,False
8006221234431,1,104.87,41.95,104.87,D4,D6,Affiliate,Collagen Glow,SG,False,2025-05,2025,False,False,False
8407616291071,1,104.8,41.92,104.8,D4,D5,Direct / Organic,Other,SG,False,2025-10,2025,False,False,False
7476683997439,1,104.79,41.92,104.79,D4,D9,Subscription,Clear Protein,SG,False,2024-09,2024,False,False,False
7522847850751,1,104.79,41.92,104.79,D4,D9,Subscription,Other,SG,False,2024-09,2024,False,False,False
8891214725375,1,104.72,41.89,104.72,D4,D4,Subscription,Lean Protein,SG,True,2026-03,2026,False,False,False
8800401391871,2,104.59,41.84,52.3,D4,D2,Direct / Organic,Lean Protein,SG,True,2026-02,2026,False,False,False
8799977931007,2,104.55,41.82,52.28,D4,D2,Subscription,Lean Protein,SG,True,2026-02,2026,False,False,False
7176846934271,1,104.4,41.76,104.4,D4,D9,Subscription,Other,SG,True,2024-04,2024,False,False,False
8125883908351,1,104.4,41.76,104.4,D4,D6,Subscription,Lean Protein,SG,True,2025-06,2025,False,False,False
7756356616447,1,104.15,41.66,104.15,D4,D8,Direct / Organic,Soy Protein,MY,False,2023-03,2023,False,False,False
7756038930687,2,103.9,41.56,51.95,D4,D3,Direct / Organic,Unknown,MY,False,2022-02,2022,False,False,False
7967450366207,1,103.86,41.54,103.86,D4,D6,Subscription,Soy Protein,SG,True,2025-04,2025,False,False,False
6329830703359,1,103.84,41.54,103.84,D4,D10,Subscription,Unknown,SG,False,2022-02,2022,False,False,False
7756018450687,2,103.81,41.52,51.91,D4,D3,Direct / Organic,Unknown,MY,False,2022-01,2022,False,False,False
7156947484927,1,103.76,41.5,103.76,D4,D9,Subscription,Other,SG,False,2024-03,2024,False,False,False
7886223180031,1,103.76,41.5,103.76,D4,D7,Direct / Organic,Clear Protein,SG,False,2025-03,2025,False,False,False
6532452057343,2,103.7,41.48,51.85,D4,D3,Direct / Organic,Unknown,MY,False,2022-12,2022,False,False,False
8704297763071,1,103.53,41.41,103.53,D4,D4,Direct / Organic,Lean Protein,SG,False,2026-01,2026,False,False,False
8702918426879,2,103.5,41.4,51.75,D4,D2,Subscription,Lean Protein,SG,True,2026-01,2026,False,False,False
8277078343935,1,103.24,41.3,103.24,D4,D5,Direct / Organic,Clear Protein,SG,False,2025-08,2025,False,False,False
8088380178687,1,103.23,41.29,103.23,D4,D6,Subscription,Other,SG,True,2025-05,2025,False,False,False
6423595155711,2,103.22,41.29,51.61,D4,D3,Subscription,Unknown,SG,False,2022-04,2022,False,False,False
8761387385087,1,103.12,41.25,103.12,D4,D4,Direct / Organic,Lean Protein,SG,False,2026-02,2026,False,False,False
7756458885375,2,103.09,41.24,51.55,D4,D3,Subscription,Clear Protein,MY,True,2024-08,2024,False,False,False
7756354322687,2,103.08,41.23,51.54,D4,D3,Subscription,Soy Protein,MY,True,2023-03,2023,False,False,False
7756407996671,1,102.99,41.2,102.99,D4,D7,Direct / Organic,Other,MY,False,2024-02,2024,False,False,False
8304454074623,1,102.98,41.19,102.98,D4,D5,Direct / Organic,Lean Protein,SG,False,2025-09,2025,False,False,False
7756400918783,1,102.93,41.17,102.93,D4,D7,Subscription,Collagen Glow,MY,True,2024-01,2024,False,False,False
7756436013311,4,102.93,41.17,25.73,D4,D1,Subscription,Soy Protein,MY,True,2024-06,2024,False,True,False
7756419203327,2,102.87,41.15,51.44,D4,D3,Direct / Organic,Clear Protein,MY,False,2024-04,2024,False,False,False
8249665028351,1,102.66,41.06,102.66,D4,D5,Paid Social,Lean Protein,SG,False,2025-08,2025,False,False,False
7755990008063,4,102.65,41.06,25.66,D4,D1,Direct / Organic,Unknown,MY,False,2022-03,2022,False,True,False
8035787800831,1,102.58,41.03,102.58,D4,D6,Direct / Organic,Other,SG,False,2025-05,2025,False,False,False
6336688324863,1,102.56,41.02,102.56,D4,D10,Subscription,Accessories,SG,False,2022-11,2022,False,False,False
7756019204351,1,102.55,41.02,102.55,D4,D8,Direct / Organic,Unknown,MY,False,2022-08,2022,False,False,False
6695490814207,1,102.54,41.02,102.54,D4,D10,Subscription,Other,SG,False,2023-06,2023,False,False,False
7875698360575,1,102.46,40.98,102.46,D4,D7,Direct / Organic,Lean Protein,SG,False,2025-02,2025,False,False,False
8226072887551,1,102.44,40.98,102.44,D4,D5,Subscription,Lean Protein,SG,True,2026-03,2026,False,False,False
8890334576895,1,102.44,40.98,102.44,D4,D4,Subscription,Lean Protein,SG,True,2026-03,2026,False,False,False
7756169871615,1,102.44,40.97,102.44,D4,D8,Direct / Organic,Unknown,MY,False,2022-12,2022,False,False,False
6707767410943,1,102.43,40.97,102.43,D4,D10,Subscription,Other,SG,False,2023-06,2023,False,False,False
7756421923071,1,102.42,40.97,102.42,D4,D7,Direct / Organic,Lean Protein,MY,False,2024-12,2024,False,False,False
6601910255871,1,102.34,40.94,102.34,D4,D10,Subscription,Collagen Glow,SG,False,2023-04,2023,False,False,False
6811857191167,1,102.26,40.9,102.26,D4,D10,Subscription,Other,SG,False,2023-09,2023,False,False,False
7756411797759,1,102.21,40.88,102.21,D4,D7,Direct / Organic,Other,MY,False,2024-04,2024,False,False,False
6424671617279,2,101.84,40.74,50.92,D4,D3,Subscription,Other,SG,True,2024-03,2024,False,False,False
6696211022079,1,101.84,40.74,101.84,D4,D10,Subscription,Other,SG,True,2023-06,2023,False,False,False
6767084306687,1,101.84,40.74,101.84,D4,D10,Subscription,Other,SG,True,2023-08,2023,False,False,False
7110112608511,1,101.84,40.74,101.84,D4,D9,Subscription,Other,SG,True,2024-03,2024,False,False,False
7306157261055,1,101.83,40.73,101.83,D4,D9,Subscription,Lean Protein,SG,False,2024-05,2024,False,False,False
7493685543167,1,101.83,40.73,101.83,D4,D9,Subscription,Clear Protein,SG,False,2024-09,2024,False,False,False
7877314773247,1,101.83,40.73,101.83,D4,D7,Direct / Organic,Lean Protein,SG,False,2025-02,2025,False,False,False
8161186349311,1,101.83,40.73,101.83,D4,D5,Direct / Organic,Lean Protein,SG,False,2025-06,2025,False,False,False
8482740830463,1,101.83,40.73,101.83,D4,D5,Direct / Organic,Lean Protein,SG,False,2025-10,2025,False,False,False
8687142535423,1,101.83,40.73,101.83,D4,D4,Direct / Organic,Lean Protein,SG,False,2026-01,2026,False,False,False
8794639859967,1,101.83,40.73,101.83,D4,D4,Direct / Organic,Lean Protein,SG,False,2026-02,2026,False,False,False
8621981827327,1,101.7,40.68,101.7,D4,D4,Direct / Organic,Lean Protein,SG,False,2025-12,2025,False,False,False
8653165756671,1,101.7,40.68,101.7,D4,D4,Direct / Organic,Lean Protein,SG,False,2025-12,2025,False,False,False
6665240019199,4,101.68,40.67,25.42,D4,D1,Subscription,Unknown,SG,True,2023-05,2023,False,True,False
6823871906047,2,101.64,40.66,50.82,D4,D3,Subscription,Unknown,SG,True,2023-09,2023,False,False,False
8596648853759,1,101.61,40.64,101.61,D4,D5,Subscription,Soy Protein,SG,True,2025-12,2025,False,False,False
7756477628671,2,101.54,40.61,50.77,D4,D2,Subscription,Clear Protein,MY,True,2024-11,2024,False,False,False
7756041158911,2,101.31,40.52,50.65,D4,D3,Direct / Organic,Unknown,MY,False,2022-03,2022,False,False,False
6984833335551,1,101.24,40.5,101.24,D4,D9,Subscription,Unknown,SG,True,2024-01,2024,False,False,False
7148373213439,1,101.06,40.42,101.06,D4,D9,Subscription,Other,SG,False,2024-03,2024,False,False,False
7988833779967,2,100.99,40.4,50.5,D4,D2,Subscription,Lean Protein,SG,True,2025-04,2025,False,False,False
8828478980351,1,100.97,40.39,100.97,D4,D4,Direct / Organic,Collagen Glow,SG,False,2026-03,2026,False,False,False
8149547942143,1,100.94,40.38,100.94,D4,D6,Direct / Organic,Other,SG,False,2025-08,2025,False,False,False
7147869012223,1,100.83,40.33,100.83,D4,D9,Subscription,Other,SG,True,2024-03,2024,False,False,False
7756348915967,1,100.8,40.32,100.8,D4,D8,Direct / Organic,Unknown,MY,False,2023-02,2023,False,False,False
8343827972351,1,100.79,40.32,100.79,D4,D5,Direct / Organic,Lean Protein,SG,False,2025-09,2025,False,False,False
7117603078399,2,100.74,40.3,50.37,D4,D3,Subscription,Other,SG,False,2024-03,2024,False,False,False
6327629250815,1,100.74,40.3,100.74,D4,D10,Subscription,Other,SG,False,2023-01,2023,False,False,False
7756417695999,1,100.67,40.27,100.67,D4,D7,Direct / Organic,Collagen Glow,MY,False,2024-04,2024,False,False,False
8797495951615,1,100.66,40.26,100.66,D4,D4,Direct / Organic,Clear Protein,SG,False,2026-02,2026,False,False,False
6424475828479,1,100.53,40.21,100.53,D4,D10,Subscription,Collagen Glow,SG,False,2024-08,2024,False,False,False
6329848889599,1,100.51,40.2,100.51,D4,D10,Subscription,Other,SG,False,2023-04,2023,False,False,False
7756039323903,1,100.31,40.12,100.31,D4,D8,Direct / Organic,Unknown,MY,False,2022-03,2022,False,False,False
7174366757119,1,100.31,40.12,100.31,D4,D9,Subscription,Clear Protein,SG,True,2024-04,2024,False,False,False
7126219489535,1,100.3,40.12,100.3,D4,D9,Subscription,Clear Protein,SG,False,2024-03,2024,False,False,False
7153029873919,2,100.3,40.12,50.15,D4,D3,Subscription,Clear Protein,SG,True,2024-03,2024,False,False,False
7168931725567,1,100.3,40.12,100.3,D4,D9,Subscription,Clear Protein,SG,False,2024-04,2024,False,False,False
7218224693503,1,100.3,40.12,100.3,D4,D9,Subscription,Clear Protein,SG,False,2024-04,2024,False,False,False
7241275932927,1,100.3,40.12,100.3,D4,D9,Subscription,Clear Protein,SG,False,2024-04,2024,False,False,False
7756016091391,2,100.21,40.08,50.11,D4,D3,Direct / Organic,Unknown,MY,False,2022-03,2022,False,False,False
7756438667519,1,100.18,40.07,100.18,D4,D7,Direct / Organic,Lean Protein,MY,False,2024-06,2024,False,False,False
7756463964415,1,100.18,40.07,100.18,D4,D7,Direct / Organic,Clear Protein,MY,False,2024-09,2024,False,False,False
7756466946303,1,100.18,40.07,100.18,D4,D7,Direct / Organic,Clear Protein,MY,False,2024-09,2024,False,False,False
6863773204735,1,100.06,40.02,100.06,D4,D9,Subscription,Other,SG,False,2023-10,2023,False,False,False
7756440502527,1,99.91,39.96,99.91,D4,D7,Direct / Organic,Other,MY,False,2024-06,2024,False,False,False
8151997710591,1,99.9,39.96,99.9,D4,D6,Direct / Organic,Clear Protein,SG,False,2025-06,2025,False,False,False
8350713184511,1,99.9,39.96,99.9,D4,D5,Direct / Organic,Clear Protein,SG,False,2025-09,2025,False,False,False
8712923447551,1,99.9,39.96,99.9,D4,D4,Direct / Organic,Clear Protein,SG,False,2026-01,2026,False,False,False
7756408127743,3,99.72,39.89,33.24,D4,D2,Subscription,Unknown,MY,True,2024-02,2024,False,False,False
8275327189247,1,99.7,39.88,99.7,D4,D5,Direct / Organic,Accessories,SG,False,2025-08,2025,False,False,False
6532515004671,2,99.64,39.85,49.82,D4,D3,Direct / Organic,Other,MY,False,2023-01,2023,False,False,False
7154295111935,1,99.3,39.72,99.3,D4,D9,Subscription,Clear Protein,SG,False,2024-04,2024,False,False,False
7154553553151,1,99.3,39.72,99.3,D4,D9,Subscription,Clear Protein,SG,False,2024-03,2024,False,False,False
7155253117183,1,99.3,39.72,99.3,D4,D9,Subscription,Clear Protein,SG,False,2024-03,2024,False,False,False
7155442090239,1,99.3,39.72,99.3,D4,D9,Subscription,Clear Protein,SG,False,2024-03,2024,False,False,False
7756468519167,1,99.25,39.7,99.25,D4,D7,Direct / Organic,Other,MY,False,2024-09,2024,False,False,False
8474565968127,2,170.97,68.39,85.48,D3,D2,Direct / Organic,Clear Protein,SG,False,2025-10,2025,False,False,False
6336648675583,3,170.51,68.2,56.84,D3,D2,Subscription,Other,SG,False,2024-01,2024,False,False,False
7756016189695,2,170.1,68.04,85.05,D3,D3,Direct / Organic,Unknown,MY,False,2022-08,2022,False,False,False
8807533609215,2,169.92,67.97,84.96,D3,D2,Subscription,Clear Protein,SG,True,2026-02,2026,False,False,False
7574580756735,4,169.75,67.9,42.44,D3,D1,Subscription,Other,SG,True,2024-10,2024,False,True,False
6327552540927,2,169.6,67.84,84.8,D3,D3,Subscription,Unknown,SG,False,2022-04,2022,False,False,False
6780370485503,1,169.6,67.84,169.6,D3,D10,Subscription,Collagen Glow,SG,True,2023-08,2023,False,False,False
7427649962239,2,169.6,67.84,84.8,D3,D3,Subscription,Other,SG,False,2024-08,2024,False,False,False
6336631603455,2,169.11,67.64,84.56,D3,D3,Subscription,Other,SG,False,2023-05,2023,False,False,False
7756420317439,2,168.82,67.53,84.41,D3,D3,Direct / Organic,Clear Protein,MY,False,2024-04,2024,False,False,False
7756440109311,2,168.81,67.52,84.4,D3,D3,Direct / Organic,Other,MY,False,2024-06,2024,False,False,False
7756414910719,2,168.41,67.36,84.2,D3,D3,Direct / Organic,Clear Protein,MY,False,2024-03,2024,False,False,False
7141155700991,1,168.15,67.26,168.15,D3,D9,Subscription,Clear Protein,SG,False,2024-03,2024,False,False,False
7755986731263,2,168.11,67.24,84.06,D3,D3,Direct / Organic,Other,SG,False,2025-04,2025,False,False,False
7183640199423,1,167.72,67.09,167.72,D3,D9,Subscription,Other,SG,False,2024-05,2024,False,False,False
7308128321791,1,167.72,67.09,167.72,D3,D9,Subscription,Other,SG,False,2024-05,2024,False,False,False
7308405080319,1,167.72,67.09,167.72,D3,D9,Subscription,Lean Protein,SG,False,2024-05,2024,False,False,False
7475322421503,1,167.72,67.09,167.72,D3,D9,Subscription,Clear Protein,SG,False,2024-08,2024,False,False,False
7476820934911,1,167.72,67.09,167.72,D3,D9,Subscription,Clear Protein,SG,False,2024-09,2024,False,False,False
7476853145855,1,167.72,67.09,167.72,D3,D9,Subscription,Clear Protein,SG,False,2024-09,2024,False,False,False
7523069362431,1,167.72,67.09,167.72,D3,D9,Subscription,Lean Protein,SG,False,2024-09,2024,False,False,False
8364461097215,2,167.72,67.09,83.86,D3,D2,Direct / Organic,Lean Protein,SG,False,2025-10,2025,False,False,False
6334064328959,1,167.55,67.02,167.55,D3,D10,Subscription,Unknown,SG,False,2022-03,2022,False,False,False
8767224807679,1,167.32,66.93,167.32,D3,D4,Direct / Organic,Clear Protein,SG,False,2026-02,2026,False,False,False
6329716637951,1,167.04,66.82,167.04,D3,D10,Subscription,Unknown,SG,False,2022-01,2022,False,False,False
7522002174207,2,166.63,66.65,83.32,D3,D3,Subscription,Lean Protein,SG,False,2024-09,2024,False,False,False
7567909912831,2,166.47,66.59,83.24,D3,D3,Subscription,Other,SG,False,2024-10,2024,False,False,False
7055525249279,1,166.34,66.54,166.34,D3,D9,Subscription,Other,SG,False,2024-02,2024,False,False,False
7829327708415,3,166.21,66.49,55.4,D3,D2,Direct / Organic,Clear Protein,MY,True,2025-01,2025,False,False,False
8079774515455,2,165.8,66.32,82.9,D3,D2,Subscription,Clear Protein,SG,True,2025-05,2025,False,False,False
7756264997119,2,165.72,66.29,82.86,D3,D3,Direct / Organic,Unknown,MY,False,2023-01,2023,False,False,False
6336684065023,2,165.44,66.18,82.72,D3,D3,Subscription,Unknown,SG,False,2022-01,2022,False,False,False
8279962517759,3,165.32,66.13,55.11,D3,D1,Subscription,Lean Protein,SG,True,2025-08,2025,False,True,False
7756007670015,4,165.24,66.09,41.31,D3,D1,Direct / Organic,Unknown,MY,False,2022-03,2022,False,True,False
7308209324287,1,165.2,66.08,165.2,D3,D9,Subscription,Clear Protein,SG,False,2024-05,2024,False,False,False
7755987058943,3,164.91,65.96,54.97,D3,D2,Direct / Organic,Unknown,MY,False,2022-08,2022,False,False,False
6328270061823,2,164.88,65.95,82.44,D3,D3,Subscription,Unknown,SG,False,2022-06,2022,False,False,False
8862032593151,1,164.78,65.91,164.78,D3,D4,Subscription,Lean Protein,SG,True,2026-03,2026,False,False,False
7756037718271,1,164.73,65.89,164.73,D3,D8,Direct / Organic,Unknown,MY,False,2022-04,2022,False,False,False
7756473794815,5,164.7,65.88,32.94,D3,D1,Subscription,Other,MY,True,2024-10,2024,False,True,False
8244287111423,1,164.48,65.79,164.48,D3,D5,Direct / Organic,Lean Protein,SG,False,2025-08,2025,False,False,False
8239569142015,3,164.45,65.78,54.82,D3,D1,Subscription,Lean Protein,SG,True,2025-08,2025,False,True,False
7756426150143,4,164.42,65.77,41.1,D3,D1,Direct / Organic,Other,MY,False,2024-05,2024,False,True,False
6327696097535,1,164.25,65.7,164.25,D3,D10,Subscription,Unknown,SG,False,2022-01,2022,False,False,False
7014327156991,2,164.2,65.68,82.1,D3,D3,Subscription,Clear Protein,SG,False,2024-01,2024,False,False,False
7756037325055,3,164.0,65.6,54.67,D3,D2,Direct / Organic,Unknown,MY,False,2022-03,2022,False,False,False
8758133653759,2,163.8,65.52,81.9,D3,D2,Direct / Organic,Other,SG,False,2026-02,2026,False,False,False
7756434899199,2,163.8,65.52,81.9,D3,D3,Direct / Organic,Other,MY,False,2024-06,2024,False,False,False
8727942627583,1,163.74,65.5,163.74,D3,D4,Subscription,Lean Protein,SG,True,2026-02,2026,False,False,False
7756005900543,2,163.73,65.49,81.87,D3,D3,Direct / Organic,Unknown,MY,False,2022-09,2022,False,False,False
6423596663039,1,163.62,65.45,163.62,D3,D10,Subscription,Unknown,SG,False,2022-03,2022,False,False,False
7107881697535,1,163.62,65.45,163.62,D3,D9,Subscription,Other,SG,False,2024-03,2024,False,False,False
7309650067711,3,163.5,65.4,54.5,D3,D2,Subscription,Other,SG,False,2024-05,2024,False,False,False
7756260573439,2,163.42,65.37,81.71,D3,D3,Direct / Organic,Other,MY,True,2022-12,2022,False,False,False
7308613058815,2,163.2,65.28,81.6,D3,D3,Subscription,Clear Protein,SG,False,2024-05,2024,False,False,False
7756211585279,2,162.84,65.14,81.42,D3,D3,Direct / Organic,Other,MY,False,2023-02,2023,False,False,False
6329637929215,2,162.62,65.05,81.31,D3,D3,Subscription,Clear Protein,SG,False,2024-02,2024,False,False,False
6327406952703,3,162.58,65.03,54.19,D3,D2,Subscription,Unknown,SG,False,2022-06,2022,False,False,False
8844887752959,1,162.56,65.02,162.56,D3,D4,Subscription,Lean Protein,SG,True,2026-03,2026,False,False,False
7308786237695,2,162.44,64.98,81.22,D3,D3,Subscription,Other,SG,False,2024-05,2024,False,False,False
7312633561343,2,162.29,64.92,81.14,D3,D3,Subscription,Other,SG,False,2024-05,2024,False,False,False
7756486672639,5,162.27,64.91,32.45,D3,D1,Subscription,Collagen Glow,MY,True,2024-12,2024,False,True,False
7756038275327,1,162.0,64.8,162.0,D3,D8,Direct / Organic,Unknown,MY,False,2022-04,2022,False,False,False
7756437750015,2,161.94,64.78,80.97,D3,D3,Direct / Organic,Clear Protein,MY,False,2024-06,2024,False,False,False
7756360319231,4,161.86,64.74,40.46,D3,D1,Subscription,Other,MY,True,2023-05,2023,False,True,False
6327635181823,1,161.8,64.72,161.8,D3,D10,Subscription,Unknown,SG,False,2022-01,2022,False,False,False
6336758415615,2,161.79,64.72,80.9,D3,D3,Subscription,Unknown,SG,False,2022-04,2022,False,False,False
6327516889343,3,161.73,64.69,53.91,D3,D2,Subscription,Other,SG,True,2025-04,2025,False,False,False
7729333272831,3,161.73,64.69,53.91,D3,D2,Subscription,Lean Protein,SG,True,2024-12,2024,False,False,False
6836180877567,1,161.68,64.67,161.68,D3,D9,Subscription,Other,SG,False,2023-10,2023,False,False,False
6592949715199,1,161.64,64.66,161.64,D3,D10,Subscription,Collagen Glow,SG,False,2023-03,2023,False,False,False
7482746601727,1,161.64,64.66,161.64,D3,D9,Subscription,Other,SG,False,2024-09,2024,False,False,False
6708449607935,2,161.61,64.64,80.81,D3,D3,Subscription,Other,SG,False,2023-06,2023,False,False,False
6328281137407,5,161.55,64.62,32.31,D3,D1,Subscription,Other,SG,True,2025-08,2025,False,True,False
7756459213055,2,161.35,64.54,80.68,D3,D3,Subscription,Other,MY,True,2024-10,2024,False,False,False
7264693223679,1,160.92,64.37,160.92,D3,D9,Subscription,Other,SG,False,2024-05,2024,False,False,False
8714014359807,3,160.82,64.33,53.61,D3,D1,Subscription,Lean Protein,SG,True,2026-01,2026,False,True,False
7735604707583,2,160.7,64.28,80.35,D3,D3,Subscription,Lean Protein,SG,False,2024-12,2024,False,False,False
7515696890111,2,160.64,64.26,80.32,D3,D3,Subscription,Lean Protein,SG,False,2024-09,2024,False,False,False
8120812536063,2,160.61,64.24,80.31,D3,D2,Direct / Organic,Lean Protein,SG,False,2025-06,2025,False,False,False
8244468383999,2,160.57,64.23,80.28,D3,D2,Subscription,Lean Protein,SG,True,2026-02,2026,False,False,False
6880733135103,4,160.48,64.19,40.12,D3,D1,Subscription,Other,SG,True,2023-12,2023,False,True,False
7756429820159,1,160.36,64.15,160.36,D3,D7,Direct / Organic,Clear Protein,MY,False,2024-05,2024,False,False,False
7756467208447,2,160.36,64.15,80.18,D3,D2,Subscription,Clear Protein,MY,True,2024-09,2024,False,False,False
7756469436671,1,160.36,64.15,160.36,D3,D7,Direct / Organic,Clear Protein,MY,False,2024-09,2024,False,False,False
6327505322239,1,160.36,64.14,160.36,D3,D10,Subscription,Other,SG,False,2024-06,2024,False,False,False
8629353545983,1,160.34,64.14,160.34,D3,D4,Direct / Organic,Lean Protein,SG,False,2025-12,2025,False,False,False
6526214340863,1,160.19,64.08,160.19,D3,D10,Subscription,Unknown,SG,False,2023-01,2023,False,False,False
7995001045247,1,160.09,64.04,160.09,D3,D6,Direct / Organic,Accessories,SG,False,2025-05,2025,False,False,False
6329616695551,2,160.02,64.01,80.01,D3,D3,Subscription,Unknown,SG,False,2023-04,2023,False,False,False
7756348719359,6,159.85,63.94,26.64,D3,D1,Subscription,Collagen Glow,MY,True,2023-03,2023,False,True,False
7955250249983,2,159.74,63.9,79.87,D3,D2,Direct / Organic,Lean Protein,SG,False,2025-04,2025,False,False,False
8037819154687,1,159.21,63.68,159.21,D3,D6,Direct / Organic,Clear Protein,SG,False,2025-05,2025,False,False,False
7756457541887,2,159.01,63.6,79.5,D3,D3,Direct / Organic,Clear Protein,MY,False,2024-08,2024,False,False,False
8286057464063,1,158.9,63.56,158.9,D3,D5,Direct / Organic,Other,SG,False,2025-08,2025,False,False,False
8474627080447,2,158.74,63.5,79.37,D3,D2,Direct / Organic,Lean Protein,SG,False,2025-10,2025,False,False,False
6336758251775,2,158.73,63.49,79.36,D3,D3,Subscription,Unknown,SG,False,2022-08,2022,False,False,False
6329832046847,2,157.97,63.19,78.98,D3,D3,Subscription,Unknown,SG,False,2022-08,2022,False,False,False
7475205636351,2,157.94,63.18,78.97,D3,D3,Subscription,Clear Protein,SG,False,2024-08,2024,False,False,False
7755917885695,3,157.85,63.14,52.62,D3,D2,Direct / Organic,Unknown,MY,False,2022-02,2022,False,False,False
8244140081407,2,157.35,62.94,78.68,D3,D2,Paid Social,Lean Protein,SG,False,2025-08,2025,False,False,False
7958933405951,2,157.14,62.86,78.57,D3,D2,Paid Social,Unknown,SG,False,2025-04,2025,False,False,False
7756043518207,3,157.0,62.8,52.33,D3,D2,Direct / Organic,Unknown,MY,False,2022-02,2022,False,False,False
8895815352575,1,156.82,62.73,156.82,D3,D4,Direct / Organic,Lean Protein,SG,False,2026-03,2026,False,False,False
6329712935167,3,156.77,62.71,52.26,D3,D2,Subscription,Unknown,SG,False,2022-01,2022,False,False,False
6336754450687,4,156.69,62.68,39.17,D3,D1,Subscription,Unknown,SG,False,2022-01,2022,False,True,False
7476694876415,3,156.63,62.65,52.21,D3,D2,Subscription,Clear Protein,SG,False,2024-09,2024,False,False,False
6532489183487,3,156.52,62.61,52.17,D3,D2,Direct / Organic,Collagen Glow,MY,False,2023-01,2023,False,False,False
6327399678207,3,156.19,62.48,52.06,D3,D2,Subscription,Unknown,SG,False,2022-05,2022,False,False,False
8337910989055,3,155.81,62.32,51.94,D3,D1,Subscription,Other,SG,True,2025-09,2025,False,True,False
7476574650623,2,155.74,62.3,77.87,D3,D3,Subscription,Clear Protein,SG,False,2024-09,2024,False,False,False
7756431786239,3,155.7,62.28,51.9,D3,D2,Direct / Organic,Other,MY,True,2024-10,2024,False,False,False
7756409667839,3,155.58,62.23,51.86,D3,D2,Direct / Organic,Other,MY,False,2024-03,2024,False,False,False
7321657475327,2,155.35,62.14,77.68,D3,D3,Subscription,Clear Protein,SG,False,2024-06,2024,False,False,False
7756425298175,2,155.13,62.05,77.56,D3,D3,Direct / Organic,Clear Protein,MY,False,2024-05,2024,False,False,False
6327515152639,3,154.88,61.95,51.63,D3,D2,Subscription,Unknown,SG,True,2022-04,2022,False,False,False
7756435587327,2,154.81,61.92,77.4,D3,D3,Subscription,Accessories,MY,True,2024-06,2024,False,False,False
8477676601599,1,154.7,61.88,154.7,D3,D5,Direct / Organic,Clear Protein,SG,False,2025-10,2025,False,False,False
7756465537279,3,154.64,61.85,51.55,D3,D2,Subscription,Clear Protein,MY,True,2024-09,2024,False,False,False
7756465668351,3,154.64,61.85,51.55,D3,D2,Subscription,Clear Protein,MY,True,2024-09,2024,False,False,False
8364298830079,1,154.53,61.81,154.53,D3,D5,Direct / Organic,Clear Protein,SG,False,2025-10,2025,False,False,False
7756396265727,2,154.4,61.76,77.2,D3,D3,Subscription,Soy Protein,MY,True,2023-12,2023,False,False,False
7089768923391,2,154.4,61.76,77.2,D3,D3,Subscription,Other,SG,False,2024-02,2024,False,False,False
7756469600511,1,154.34,61.74,154.34,D3,D7,Direct / Organic,Other,MY,False,2024-09,2024,False,False,False
8071788527871,1,154.17,61.67,154.17,D3,D6,Direct / Organic,Other,SG,False,2025-05,2025,False,False,False
7756001804543,4,154.15,61.66,38.54,D3,D1,Direct / Organic,Unknown,MY,False,2022-04,2022,False,True,False
8130705981695,2,154.1,61.64,77.05,D3,D2,Subscription,Clear Protein,SG,True,2025-06,2025,False,False,False
8335092252927,1,153.9,61.56,153.9,D3,D5,Direct / Organic,Clear Protein,SG,False,2025-09,2025,False,False,False
7756028543231,4,153.82,61.53,38.46,D3,D1,Direct / Organic,Unknown,MY,False,2022-03,2022,False,True,False
6390669017343,2,153.64,61.46,76.82,D3,D3,Subscription,Other,SG,False,2022-10,2022,False,False,False
7113347105023,2,153.62,61.45,76.81,D3,D3,Subscription,Other,SG,False,2024-03,2024,False,False,False
6329641795839,1,153.58,61.43,153.58,D3,D10,Subscription,Unknown,SG,False,2022-02,2022,False,False,False
8312861491455,1,153.55,61.42,153.55,D3,D5,Direct / Organic,Other,SG,False,2025-09,2025,False,False,False
7884672827647,2,153.51,61.4,76.76,D3,D2,Direct / Organic,Other,SG,False,2025-03,2025,False,False,False
7335513391359,3,153.41,61.36,51.14,D3,D2,Subscription,Clear Protein,SG,True,2024-06,2024,False,False,False
8304445751551,2,153.23,61.29,76.62,D3,D2,Direct / Organic,Lean Protein,SG,True,2025-09,2025,False,False,False
7756407341311,1,153.18,61.27,153.18,D3,D7,Direct / Organic,Collagen Glow,MY,False,2024-02,2024,False,False,False
6554631667967,5,152.99,61.2,30.6,D3,D1,Subscription,Unknown,SG,True,2023-02,2023,False,True,False
8474630390015,1,152.75,61.1,152.75,D3,D5,Direct / Organic,Lean Protein,SG,False,2025-10,2025,False,False,False
6773309407487,1,152.71,61.08,152.71,D3,D10,Subscription,Other,SG,True,2023-08,2023,False,False,False
8416333791487,1,152.59,61.04,152.59,D3,D5,Paid Social,Unknown,SG,False,2025-10,2025,False,False,False
7755969396991,2,152.36,60.95,76.18,D3,D3,Direct / Organic,Unknown,MY,False,2022-03,2022,False,False,False
7756029362431,3,152.18,60.87,50.73,D3,D2,Direct / Organic,Unknown,MY,False,2022-06,2022,False,False,False
8438245097727,1,152.06,60.82,152.06,D3,D5,Direct / Organic,Accessories,SG,False,2025-10,2025,False,False,False
7673187434751,1,151.92,60.77,151.92,D3,D9,Subscription,Lean Protein,SG,True,2024-12,2024,False,False,False
8150025306367,1,151.92,60.77,151.92,D3,D6,Direct / Organic,Clear Protein,SG,False,2025-06,2025,False,False,False
8780897124607,1,151.61,60.64,151.61,D3,D4,Subscription,Collagen Glow,SG,True,2026-03,2026,False,False,False
8848376529151,1,151.54,60.62,151.54,D3,D4,Subscription,Collagen Glow,SG,True,2026-03,2026,False,False,False
7756395020543,1,151.42,60.57,151.42,D3,D7,Direct / Organic,Other,MY,False,2024-03,2024,False,False,False
7971533324543,1,151.4,60.56,151.4,D3,D6,Paid Social,Lean Protein,SG,False,2025-04,2025,False,False,False
6327398400255,1,150.97,60.39,150.97,D3,D10,Subscription,Unknown,SG,False,2022-01,2022,False,False,False
6703429976319,1,150.95,60.38,150.95,D3,D10,Subscription,Other,SG,False,2023-06,2023,False,False,False
6327740727551,1,150.91,60.36,150.91,D3,D10,Subscription,Accessories,SG,False,2023-02,2023,False,False,False
7756010127615,2,150.88,60.35,75.44,D3,D3,Direct / Organic,Unknown,MY,False,2022-10,2022,False,False,False
7756007702783,2,150.52,60.21,75.26,D3,D3,Direct / Organic,Other,MY,True,2022-10,2022,False,False,False
7202402926847,1,150.45,60.18,150.45,D3,D9,Subscription,Clear Protein,SG,False,2024-04,2024,False,False,False
6373099667711,1,150.34,60.14,150.34,D3,D10,Subscription,Accessories,SG,False,2022-10,2022,False,False,False
7308582682879,2,150.29,60.12,75.14,D3,D3,Subscription,Clear Protein,SG,False,2024-05,2024,False,False,False
8698913390847,2,150.25,60.1,75.12,D3,D2,Direct / Organic,Lean Protein,SG,False,2026-01,2026,False,False,False
7159798726911,1,150.0,60.0,150.0,D3,D9,Subscription,Collagen Glow,SG,False,2024-04,2024,False,False,False
7756468027647,3,149.89,59.96,49.96,D3,D2,Direct / Organic,Other,MY,True,2024-09,2024,False,False,False
8881050845439,1,149.87,59.95,149.87,D3,D4,Direct / Organic,Clear Protein,SG,False,2026-03,2026,False,False,False
6327719330047,2,149.71,59.88,74.86,D3,D3,Subscription,Unknown,SG,False,2022-06,2022,False,False,False
8829393436927,1,149.63,59.85,149.63,D3,D4,Subscription,Clear Protein,SG,True,2026-03,2026,False,False,False
8335227355391,1,149.6,59.84,149.6,D3,D5,Direct / Organic,Collagen Glow,SG,False,2025-09,2025,False,False,False
6588193865983,2,149.45,59.78,74.72,D3,D3,Subscription,Collagen Glow,SG,False,2023-03,2023,False,False,False
6328264360191,1,149.03,59.61,149.03,D3,D10,Subscription,Unknown,SG,False,2022-08,2022,False,False,False
8714975674623,1,148.9,59.56,148.9,D3,D4,Direct / Organic,Clear Protein,SG,False,2026-01,2026,False,False,False
8251601027327,1,148.8,59.52,148.8,D3,D5,Direct / Organic,Lean Protein,SG,False,2025-08,2025,False,False,False
8294475825407,1,148.8,59.52,148.8,D3,D5,Direct / Organic,Accessories,SG,False,2025-08,2025,False,False,False
8263488635135,2,148.6,59.44,74.3,D3,D2,Paid Search,Soy Protein,SG,False,2025-08,2025,False,False,False
6336758808831,2,148.52,59.41,74.26,D3,D3,Subscription,Unknown,SG,False,2022-09,2022,False,False,False
6423602528511,2,148.38,59.35,74.19,D3,D3,Subscription,Unknown,SG,False,2022-02,2022,False,False,False
7756423495935,2,148.34,59.33,74.17,D3,D3,Direct / Organic,Collagen Glow,MY,False,2024-05,2024,False,False,False
6327696294143,1,148.19,59.28,148.19,D3,D10,Subscription,Unknown,SG,False,2022-06,2022,False,False,False
6328298209535,1,148.19,59.28,148.19,D3,D10,Subscription,Unknown,SG,False,2022-06,2022,False,False,False
8781274153215,1,148.0,59.2,148.0,D3,D4,Direct / Organic,Lean Protein,SG,False,2026-02,2026,False,False,False
8787607060735,1,148.0,59.2,148.0,D3,D4,Direct / Organic,Lean Protein,SG,False,2026-02,2026,False,False,False
8795868758271,1,148.0,59.2,148.0,D3,D4,Direct / Organic,Lean Protein,SG,False,2026-02,2026,False,False,False
8796871360767,1,148.0,59.2,148.0,D3,D4,Direct / Organic,Lean Protein,SG,False,2026-02,2026,False,False,False
8798951178495,1,148.0,59.2,148.0,D3,D4,Direct / Organic,Lean Protein,SG,False,2026-02,2026,False,False,False
7304430321919,3,147.97,59.19,49.32,D3,D2,Subscription,Other,SG,False,2024-06,2024,False,False,False
7866897531135,2,147.9,59.16,73.95,D3,D2,Direct / Organic,Clear Protein,SG,False,2025-02,2025,False,False,False
7756405211391,1,147.6,59.04,147.6,D3,D7,Direct / Organic,Other,MY,False,2024-01,2024,False,False,False
7756378931455,3,147.58,59.03,49.19,D3,D2,Direct / Organic,Other,MY,False,2023-09,2023,False,False,False
8329035481343,1,147.58,59.03,147.58,D3,D5,Direct / Organic,Other,SG,False,2025-09,2025,False,False,False
7756362645759,1,147.16,58.87,147.16,D3,D8,Direct / Organic,Other,MY,False,2023-06,2023,False,False,False
7756015993087,1,146.73,58.69,146.73,D3,D8,Direct / Organic,Unknown,MY,False,2022-09,2022,False,False,False
7756037095679,1,146.73,58.69,146.73,D3,D8,Direct / Organic,Unknown,MY,False,2022-04,2022,False,False,False
7756038111487,1,146.73,58.69,146.73,D3,D8,Direct / Organic,Unknown,MY,False,2022-04,2022,False,False,False
7756193169663,2,146.65,58.66,73.32,D3,D3,Direct / Organic,Clear Protein,MY,False,2024-06,2024,False,False,False
8725525266687,2,145.76,58.3,72.88,D3,D2,Direct / Organic,Lean Protein,SG,False,2026-01,2026,False,False,False
7583061606655,3,145.57,58.23,48.52,D3,D2,Subscription,Unknown,SG,True,2024-10,2024,False,False,False
7756240191743,2,145.52,58.21,72.76,D3,D3,Direct / Organic,Soy Protein,MY,False,2024-04,2024,False,False,False
7125851439359,2,145.5,58.2,72.75,D3,D3,Subscription,Clear Protein,SG,False,2024-03,2024,False,False,False
6329603490047,1,145.19,58.08,145.19,D3,D10,Subscription,Other,SG,False,2023-01,2023,False,False,False
6477783892223,1,145.19,58.08,145.19,D3,D10,Subscription,Other,SG,False,2023-01,2023,False,False,False
7756002132223,2,145.01,58.0,72.5,D3,D3,Direct / Organic,Other,MY,False,2024-03,2024,False,False,False
7756035129599,3,144.9,57.96,48.3,D3,D2,Direct / Organic,Unknown,MY,False,2022-04,2022,False,False,False
8255558091007,2,144.8,57.92,72.4,D3,D2,Direct / Organic,Lean Protein,SG,False,2025-08,2025,False,False,False
7252877705471,2,144.61,57.84,72.3,D3,D3,Subscription,Unknown,SG,True,2024-04,2024,False,False,False
8371222905087,2,143.67,57.47,71.84,D3,D2,Subscription,Accessories,SG,True,2025-10,2025,False,False,False
6549652734207,1,143.64,57.46,143.64,D3,D10,Subscription,Other,SG,False,2023-02,2023,False,False,False
7756456820991,1,143.64,57.46,143.64,D3,D7,Direct / Organic,Accessories,MY,False,2024-08,2024,False,False,False
8067328737535,1,143.55,57.42,143.55,D3,D6,Affiliate,Other,SG,False,2025-05,2025,False,False,False
7968778813695,1,143.48,57.39,143.48,D3,D6,Direct / Organic,Collagen Glow,SG,False,2025-04,2025,False,False,False
6327788863743,1,143.32,57.33,143.32,D3,D10,Subscription,Unknown,SG,False,2022-06,2022,False,False,False
7756015829247,1,143.02,57.21,143.02,D3,D8,Direct / Organic,Unknown,MY,False,2022-09,2022,False,False,False
8702512464127,1,143.0,57.2,143.0,D3,D4,Direct / Organic,Collagen Glow,SG,False,2026-01,2026,False,False,False
8115042943231,1,142.92,57.17,142.92,D3,D6,Direct / Organic,Other,SG,False,2025-06,2025,False,False,False
8395236245759,2,142.9,57.16,71.45,D3,D2,Direct / Organic,Other,SG,False,2025-10,2025,False,False,False
6532515561727,3,142.7,57.08,47.57,D3,D2,Direct / Organic,Other,MY,False,2023-01,2023,False,False,False
7829214429439,3,142.62,57.05,47.54,D3,D2,Subscription,Lean Protein,SG,True,2025-02,2025,False,False,False
6329828606207,2,142.55,57.02,71.28,D3,D3,Subscription,Unknown,SG,False,2022-01,2022,False,False,False
7476882833663,2,142.51,57.0,71.26,D3,D3,Subscription,Clear Protein,SG,False,2024-09,2024,False,False,False
7756033982719,1,142.36,56.95,142.36,D3,D8,Direct / Organic,Unknown,MY,False,2022-05,2022,False,False,False
6329687212287,1,142.32,56.93,142.32,D3,D10,Subscription,Clear Protein,SG,False,2024-03,2024,False,False,False
6327628464383,1,142.21,56.88,142.21,D3,D10,Subscription,Other,SG,False,2024-01,2023,False,False,False
6929385324799,1,141.26,56.5,141.26,D3,D9,Subscription,Other,SG,False,2023-12,2023,False,False,False
8696770265343,1,141.04,56.42,141.04,D3,D4,Direct / Organic,Clear Protein,SG,False,2026-01,2026,False,False,False
8333431931135,1,140.76,56.3,140.76,D3,D5,Direct / Organic,Accessories,SG,False,2025-09,2025,False,False,False
7756440305919,3,140.68,56.27,46.89,D3,D2,Direct / Organic,Lean Protein,MY,False,2024-06,2024,False,False,False
7756430213375,5,140.16,56.07,28.03,D3,D1,Subscription,Other,MY,True,2024-05,2024,False,True,False
8890628243711,1,140.12,56.05,140.12,D3,D4,Direct / Organic,Clear Protein,SG,False,2026-03,2026,False,False,False
8738683289855,1,139.74,55.9,139.74,D3,D4,Subscription,Lean Protein,SG,True,2026-02,2026,False,False,False
8796055666943,1,139.7,55.88,139.7,D3,D4,Direct / Organic,Accessories,SG,False,2026-02,2026,False,False,False
6644271644927,2,139.6,55.84,69.8,D3,D3,Subscription,Other,SG,False,2023-04,2023,False,False,False
8667748958463,1,139.54,55.82,139.54,D3,D4,Direct / Organic,Clear Protein,SG,False,2026-01,2026,False,False,False
7582665900287,2,139.48,55.79,69.74,D3,D3,Subscription,Lean Protein,SG,False,2024-10,2024,False,False,False
6327396303103,2,139.44,55.78,69.72,D3,D3,Subscription,Unknown,SG,False,2022-01,2022,False,False,False
8081416552703,1,139.34,55.74,139.34,D3,D6,Direct / Organic,Other,SG,False,2025-05,2025,False,False,False
7755991810303,1,139.22,55.69,139.22,D3,D9,Direct / Organic,Unknown,MY,False,2022-08,2022,False,False,False
6391423762687,2,139.11,55.64,69.56,D3,D3,Subscription,Other,SG,False,2022-10,2022,False,False,False
7756429492479,2,139.09,55.64,69.54,D3,D3,Direct / Organic,Other,MY,False,2024-05,2024,False,False,False
6716826288383,1,138.98,55.59,138.98,D3,D10,Direct / Organic,Other,MY,False,2023-06,2023,False,False,False
7336611250431,3,138.77,55.51,46.26,D3,D2,Subscription,Unknown,SG,True,2024-06,2024,False,False,False
8347971485951,3,138.75,55.5,46.25,D3,D1,Direct / Organic,Accessories,SG,False,2025-09,2025,False,True,False
7756029985023,2,138.66,55.46,69.33,D3,D3,Direct / Organic,Unknown,MY,False,2022-05,2022,False,False,False
7756362973439,1,138.07,55.23,138.07,D3,D8,Direct / Organic,Other,MY,False,2023-06,2023,False,False,False
7807449334015,1,138.0,55.2,138.0,D3,D7,Subscription,Clear Protein,SG,False,2025-01,2025,False,False,False
7830799909119,1,138.0,55.2,138.0,D3,D7,Direct / Organic,Clear Protein,SG,False,2025-02,2025,False,False,False
7958813212927,1,138.0,55.2,138.0,D3,D6,Direct / Organic,Clear Protein,SG,False,2025-04,2025,False,False,False
8064049643775,1,138.0,55.2,138.0,D3,D6,Direct / Organic,Clear Protein,SG,False,2025-05,2025,False,False,False
8084515258623,1,138.0,55.2,138.0,D3,D6,Direct / Organic,Clear Protein,SG,False,2025-05,2025,False,False,False
8110293385471,1,138.0,55.2,138.0,D3,D6,Paid Social,Clear Protein,SG,False,2025-06,2025,False,False,False
8119961092351,1,138.0,55.2,138.0,D3,D6,Paid Social,Clear Protein,SG,False,2025-06,2025,False,False,False
8139501338879,1,138.0,55.2,138.0,D3,D6,Direct / Organic,Clear Protein,SG,False,2025-06,2025,False,False,False
8303876473087,1,138.0,55.2,138.0,D3,D5,Direct / Organic,Accessories,SG,False,2025-09,2025,False,False,False
8438000550143,1,138.0,55.2,138.0,D3,D5,Direct / Organic,Clear Protein,SG,False,2025-10,2025,False,False,False
8608561889535,1,138.0,55.2,138.0,D3,D5,Direct / Organic,Clear Protein,SG,False,2025-12,2025,False,False,False
8677680251135,1,138.0,55.2,138.0,D3,D4,Direct / Organic,Clear Protein,SG,False,2026-01,2026,False,False,False
7756483952895,2,137.97,55.19,68.98,D3,D2,Direct / Organic,Accessories,MY,False,2024-12,2024,False,False,False
7252598948095,1,137.65,55.06,137.65,D3,D9,Subscription,Clear Protein,SG,False,2024-04,2024,False,False,False
8681942548735,1,137.63,55.05,137.63,D3,D4,Direct / Organic,Lean Protein,SG,False,2026-01,2026,False,False,False
7897447629055,1,137.5,55.0,137.5,D3,D7,Email,Clear Protein,SG,False,2026-03,2026,False,False,False
7755928469759,1,137.37,54.95,137.37,D3,D9,Direct / Organic,Unknown,MY,False,2022-01,2022,False,False,False
7756040241407,1,137.22,54.89,137.22,D3,D8,Direct / Organic,Unknown,MY,False,2022-03,2022,False,False,False
7756300091647,2,137.22,54.89,68.61,D3,D3,Direct / Organic,Clear Protein,MY,False,2024-04,2024,False,False,False
7756351439103,1,136.86,54.74,136.86,D3,D8,Direct / Organic,Unknown,MY,False,2023-03,2023,False,False,False
7756000559359,2,136.64,54.66,68.32,D3,D3,Direct / Organic,Collagen Glow,MY,False,2024-10,2024,False,False,False
7756418941183,2,136.41,54.56,68.21,D3,D3,Direct / Organic,Accessories,MY,False,2024-04,2024,False,False,False
8878172831999,1,136.19,54.48,136.19,D3,D4,Paid Social,Lean Protein,SG,False,2026-03,2026,False,False,False
8757515223295,1,136.16,54.46,136.16,D3,D4,Direct / Organic,Clear Protein,SG,False,2026-02,2026,False,False,False
8905962848511,1,136.16,54.46,136.16,D3,D3,Direct / Organic,Clear Protein,SG,False,2026-03,2026,False,False,False
8719946580223,2,136.0,54.4,68.0,D3,D2,Subscription,Clear Protein,SG,True,2026-01,2026,False,False,False
6336736297215,1,135.89,54.36,135.89,D3,D10,Subscription,Unknown,SG,False,2022-06,2022,False,False,False
6703512977663,1,135.88,54.35,135.88,D3,D10,Subscription,Unknown,SG,False,2023-06,2023,False,False,False
7826734874879,1,135.81,54.32,135.81,D3,D7,Direct / Organic,Collagen Glow,SG,False,2025-02,2025,False,False,False
7756485853439,2,135.62,54.25,67.81,D3,D2,Direct / Organic,Accessories,MY,False,2024-12,2024,False,False,False
8819560546559,1,135.6,54.24,135.6,D3,D4,Paid Social,Clear Protein,SG,False,2026-03,2026,False,False,False
6336691994879,2,135.39,54.16,67.69,D3,D3,Subscription,Unknown,SG,False,2022-05,2022,False,False,False
8792260149503,1,135.24,54.1,135.24,D3,D4,Direct / Organic,Lean Protein,SG,False,2026-02,2026,False,False,False
8715066867967,2,135.19,54.08,67.6,D3,D2,Direct / Organic,Clear Protein,SG,True,2026-01,2026,False,False,False
8696541905151,1,135.14,54.06,135.14,D3,D4,Email,Lean Protein,SG,False,2026-02,2026,False,False,False
7756429852927,2,135.14,54.06,67.57,D3,D3,Direct / Organic,Other,MY,False,2024-05,2024,False,False,False
7470529708287,1,134.77,53.91,134.77,D3,D9,Subscription,Lean Protein,SG,False,2024-08,2024,False,False,False
6328298111231,2,134.58,53.83,67.29,D3,D3,Subscription,Unknown,SG,False,2022-08,2022,False,False,False
7756185796863,1,134.54,53.82,134.54,D3,D8,Email,Lean Protein,SG,False,2026-02,2026,False,False,False
7755960221951,3,134.53,53.81,44.84,D3,D2,Direct / Organic,Unknown,MY,False,2022-02,2022,False,False,False
6423596859647,1,134.48,53.79,134.48,D3,D10,Subscription,Unknown,SG,False,2022-02,2022,False,False,False
7756415860991,3,134.47,53.79,44.82,D3,D2,Subscription,Collagen Glow,MY,True,2024-04,2024,False,False,False
7756409045247,2,134.46,53.78,67.23,D3,D3,Direct / Organic,Other,MY,False,2024-02,2024,False,False,False
8899465314559,1,134.28,53.71,134.28,D3,D4,Direct / Organic,Clear Protein,SG,False,2026-03,2026,False,False,False
7756470649087,2,134.16,53.66,67.08,D3,D2,Direct / Organic,Clear Protein,MY,False,2024-10,2024,False,False,False
7963787067647,2,134.1,53.64,67.05,D3,D2,Paid Social,Unknown,SG,False,2025-04,2025,False,False,False
8283591377151,1,134.0,53.6,134.0,D3,D5,Direct / Organic,Clear Protein,SG,False,2025-08,2025,False,False,False
8017438605567,2,133.75,53.5,66.88,D3,D2,Direct / Organic,Accessories,SG,True,2025-05,2025,False,False,False
8899202810111,1,133.68,53.47,133.68,D3,D4,Subscription,Clear Protein,SG,True,2026-03,2026,False,False,False
7756048695551,2,133.52,53.41,66.76,D3,D3,Direct / Organic,Unknown,MY,False,2022-01,2022,False,False,False
6336661586175,1,133.38,53.35,133.38,D3,D10,Subscription,Unknown,SG,False,2022-04,2022,False,False,False
6329866911999,1,133.3,53.32,133.3,D3,D10,Subscription,Unknown,SG,False,2022-01,2022,False,False,False
8343144956159,2,133.14,53.26,66.57,D3,D2,Direct / Organic,Other,SG,False,2025-09,2025,False,False,False
8211027558655,1,133.08,53.23,133.08,D3,D5,Paid Social,Clear Protein,SG,False,2025-08,2025,False,False,False
6327503552767,1,132.81,53.12,132.81,D3,D10,Subscription,Other,SG,False,2023-01,2023,False,False,False
6329828180223,1,132.81,53.12,132.81,D3,D10,Subscription,Other,SG,False,2022-12,2022,False,False,False
6659616538879,1,132.81,53.12,132.81,D3,D10,Subscription,Other,SG,False,2023-05,2023,False,False,False
7756457312511,2,132.73,53.09,66.36,D3,D3,Direct / Organic,Other,MY,False,2024-08,2024,False,False,False
7756476940543,2,132.73,53.09,66.36,D3,D2,Direct / Organic,Clear Protein,MY,False,2024-10,2024,False,False,False
7756485230847,1,132.73,53.09,132.73,D3,D7,Direct / Organic,Accessories,MY,False,2024-12,2024,False,False,False
7869806838015,1,132.52,53.01,132.52,D3,D7,Subscription,Accessories,SG,True,2025-02,2025,False,False,False
8633602900223,1,132.44,52.98,132.44,D3,D4,Direct / Organic,Accessories,SG,False,2025-12,2025,False,False,False
7825248059647,1,132.34,52.94,132.34,D3,D7,Direct / Organic,Lean Protein,SG,False,2025-01,2025,False,False,False
6327760879871,1,132.32,52.93,132.32,D3,D10,Subscription,Unknown,SG,False,2022-08,2022,False,False,False
8802529640703,2,132.31,52.92,66.16,D3,D2,Subscription,Lean Protein,SG,True,2026-02,2026,False,False,False
7756464947455,2,132.3,52.92,66.15,D3,D2,Direct / Organic,Clear Protein,MY,False,2024-09,2024,False,False,False
7756436472063,2,132.2,52.88,66.1,D3,D3,Direct / Organic,Lean Protein,MY,False,2024-06,2024,False,False,False
8713364570367,1,132.07,52.83,132.07,D3,D4,Direct / Organic,Lean Protein,SG,False,2026-01,2026,False,False,False
7756030836991,1,132.05,52.82,132.05,D3,D8,Direct / Organic,Unknown,MY,False,2022-06,2022,False,False,False
7756466061567,1,131.93,52.77,131.93,D3,D7,Direct / Organic,Collagen Glow,MY,False,2024-09,2024,False,False,False
8226075803903,1,131.72,52.69,131.72,D3,D5,Direct / Organic,Other,SG,False,2025-09,2025,False,False,False
8312444027135,1,131.72,52.69,131.72,D3,D5,Direct / Organic,Clear Protein,SG,False,2025-10,2025,False,False,False
8686846345471,1,131.71,52.68,131.71,D3,D4,Direct / Organic,Clear Protein,SG,False,2026-01,2026,False,False,False
8343051698431,1,131.7,52.68,131.7,D3,D5,Direct / Organic,Clear Protein,SG,False,2025-09,2025,False,False,False
8635114750207,1,131.65,52.66,131.65,D3,D4,Paid Social,Clear Protein,SG,False,2025-12,2025,False,False,False
8637500195071,1,131.65,52.66,131.65,D3,D4,Direct / Organic,Clear Protein,SG,False,2025-12,2025,False,False,False
8325623087359,1,131.6,52.64,131.6,D3,D5,Direct / Organic,Other,SG,False,2025-09,2025,False,False,False
8329028370687,1,131.6,52.64,131.6,D3,D5,Direct / Organic,Other,SG,False,2025-09,2025,False,False,False
8334140932351,1,131.59,52.64,131.59,D3,D5,Direct / Organic,Other,SG,False,2025-09,2025,False,False,False
8404637155583,1,131.53,52.61,131.53,D3,D5,Direct / Organic,Clear Protein,SG,False,2025-10,2025,False,False,False
7972114432255,4,131.46,52.58,32.86,D3,D1,Subscription,Accessories,SG,True,2025-04,2025,False,True,False
7755960910079,5,131.39,52.56,26.28,D3,D1,Subscription,Soy Protein,MY,True,2023-09,2023,False,True,False
7756353601791,5,131.39,52.56,26.28,D3,D1,Subscription,Collagen Glow,MY,True,2023-09,2023,False,True,False
7230568595711,2,131.32,52.53,65.66,D3,D3,Subscription,Lean Protein,SG,False,2024-05,2024,False,False,False
7756263817471,2,131.25,52.5,65.62,D3,D3,Direct / Organic,Collagen Glow,MY,False,2023-01,2023,False,False,False
6327696425215,1,131.24,52.5,131.24,D3,D10,Subscription,Collagen Glow,SG,True,2023-04,2023,False,False,False
8106290151679,1,131.1,52.44,131.1,D3,D6,Direct / Organic,Clear Protein,SG,False,2025-06,2025,False,False,False
8721444208895,1,131.1,52.44,131.1,D3,D4,Direct / Organic,Clear Protein,SG,False,2026-01,2026,False,False,False
8435695354111,2,131.08,52.43,65.54,D3,D2,Paid Social,Accessories,SG,False,2025-10,2025,False,False,False
7756399640831,2,130.95,52.38,65.47,D3,D3,Direct / Organic,Collagen Glow,MY,False,2024-01,2024,False,False,False
8344473633023,1,130.9,52.36,130.9,D3,D5,Direct / Organic,Clear Protein,SG,False,2025-09,2025,False,False,False
7756487655679,4,130.69,52.28,32.67,D3,D1,Subscription,Other,MY,True,2024-12,2024,False,True,False
7478289858815,2,130.66,52.26,65.33,D3,D3,Subscription,Clear Protein,SG,True,2024-09,2024,False,False,False
7862649389311,1,130.58,52.23,130.58,D3,D7,Direct / Organic,Lean Protein,SG,False,2025-02,2025,False,False,False
7756420546815,2,130.39,52.16,65.2,D3,D3,Subscription,Clear Protein,MY,True,2024-04,2024,False,False,False
7756375163135,3,130.34,52.14,43.45,D3,D2,Direct / Organic,Accessories,MY,True,2023-08,2023,False,False,False
7756420153599,1,130.34,52.13,130.34,D3,D7,Direct / Organic,Clear Protein,MY,False,2024-05,2024,False,False,False
7585086046463,3,130.31,52.12,43.44,D3,D2,Subscription,Other,SG,True,2024-10,2024,False,False,False
7756032082175,2,130.13,52.05,65.07,D3,D3,Direct / Organic,Unknown,MY,False,2022-04,2022,False,False,False
7756000788735,2,129.85,51.94,64.93,D3,D3,Direct / Organic,Unknown,MY,False,2022-09,2022,False,False,False
7756203524351,4,129.82,51.93,32.45,D3,D1,Subscription,Collagen Glow,MY,True,2024-12,2024,False,True,False
7967067177215,2,129.8,51.92,64.9,D3,D2,Paid Social,Lean Protein,SG,False,2025-04,2025,False,False,False
8353731182847,2,129.8,51.92,64.9,D3,D2,Paid Social,Accessories,SG,False,2025-09,2025,False,False,False
8763296612607,2,129.74,51.9,64.87,D3,D2,Direct / Organic,Other,SG,False,2026-02,2026,False,False,False
7756012585215,2,129.7,51.88,64.85,D3,D3,Direct / Organic,Unknown,MY,False,2022-08,2022,False,False,False
8298977493247,1,129.7,51.88,129.7,D3,D5,Direct / Organic,Lean Protein,SG,False,2025-09,2025,False,False,False
7843278913791,2,129.6,51.84,64.8,D3,D2,Direct / Organic,Lean Protein,SG,False,2025-02,2025,False,False,False
6423228088575,1,129.59,51.84,129.59,D3,D10,Subscription,Unknown,SG,False,2022-08,2022,False,False,False
8055235969279,1,129.5,51.8,129.5,D3,D6,Direct / Organic,Clear Protein,SG,False,2025-05,2025,False,False,False
7756035358975,1,129.35,51.74,129.35,D3,D8,Direct / Organic,Unknown,MY,False,2022-05,2022,False,False,False
7756045943039,2,129.33,51.73,64.67,D3,D3,Direct / Organic,Unknown,MY,False,2022-01,2022,False,False,False
7756464783615,2,129.28,51.71,64.64,D3,D2,Direct / Organic,Other,MY,False,2024-09,2024,False,False,False
7756430115071,2,129.28,51.71,64.64,D3,D3,Direct / Organic,Other,MY,False,2024-05,2024,False,False,False
7888540107007,2,129.2,51.68,64.6,D3,D2,Subscription,Accessories,SG,True,2025-09,2025,False,False,False
8343062544639,1,129.06,51.62,129.06,D3,D5,Subscription,Other,SG,True,2026-02,2026,False,False,False
8242647171327,2,129.03,51.61,64.52,D3,D2,Subscription,Clear Protein,SG,True,2025-08,2025,False,False,False
7341024936191,1,129.0,51.6,129.0,D3,D9,Direct / Organic,Accessories,SG,False,2025-09,2025,False,False,False
8234630742271,1,129.0,51.6,129.0,D3,D5,Direct / Organic,Clear Protein,SG,False,2025-08,2025,False,False,False
8244487782655,1,129.0,51.6,129.0,D3,D5,Direct / Organic,Clear Protein,SG,False,2025-08,2025,False,False,False
8289397440767,1,129.0,51.6,129.0,D3,D5,Paid Social,Clear Protein,SG,False,2025-08,2025,False,False,False
8298998956287,1,129.0,51.6,129.0,D3,D5,Direct / Organic,Clear Protein,SG,False,2025-09,2025,False,False,False
8306218533119,1,129.0,51.6,129.0,D3,D5,Affiliate,Other,SG,False,2025-09,2025,False,False,False
8312191123711,1,129.0,51.6,129.0,D3,D5,Direct / Organic,Clear Protein,SG,False,2025-09,2025,False,False,False
8335390179583,1,129.0,51.6,129.0,D3,D5,Direct / Organic,Accessories,SG,False,2025-09,2025,False,False,False
8351296422143,1,129.0,51.6,129.0,D3,D5,Paid Social,Clear Protein,SG,False,2025-09,2025,False,False,False
8354197012735,1,129.0,51.6,129.0,D3,D5,Paid Social,Clear Protein,SG,False,2025-10,2025,False,False,False
8362599383295,1,129.0,51.6,129.0,D3,D5,Direct / Organic,Clear Protein,SG,False,2025-10,2025,False,False,False
8488870707455,1,129.0,51.6,129.0,D3,D5,Direct / Organic,Clear Protein,SG,False,2025-11,2025,False,False,False
8618087284991,1,129.0,51.6,129.0,D3,D4,Direct / Organic,Clear Protein,SG,False,2025-12,2025,False,False,False
8705236009215,1,129.0,51.6,129.0,D3,D4,Direct / Organic,Clear Protein,SG,False,2026-01,2026,False,False,False
8090152206591,5,128.97,51.59,25.79,D3,D1,Affiliate,Accessories,SG,True,2025-05,2025,False,True,False
7756465570047,1,128.94,51.58,128.94,D3,D7,Direct / Organic,Clear Protein,MY,False,2024-09,2024,False,False,False
7756038701311,2,128.93,51.57,64.46,D3,D3,Direct / Organic,Unknown,MY,True,2022-03,2022,False,False,False
7707724022015,1,128.9,51.56,128.9,D3,D9,Subscription,Lean Protein,SG,False,2024-12,2024,False,False,False
7723877564671,1,128.9,51.56,128.9,D3,D9,Subscription,Lean Protein,SG,False,2025-01,2025,False,False,False
7977957818623,1,128.9,51.56,128.9,D3,D6,Paid Social,Clear Protein,SG,False,2025-04,2025,False,False,False
8094545182975,1,128.9,51.56,128.9,D3,D6,Direct / Organic,Lean Protein,SG,False,2025-05,2025,False,False,False
8171262771455,1,128.9,51.56,128.9,D3,D5,Direct / Organic,Lean Protein,SG,False,2025-07,2025,False,False,False
8324492656895,1,128.9,51.56,128.9,D3,D5,Direct / Organic,Accessories,SG,False,2025-09,2025,False,False,False
8348116812031,1,128.9,51.56,128.9,D3,D5,Direct / Organic,Accessories,SG,False,2025-09,2025,False,False,False
8722679988479,1,128.9,51.56,128.9,D3,D4,Direct / Organic,Lean Protein,SG,False,2026-01,2026,False,False,False
8761739477247,1,128.9,51.56,128.9,D3,D4,Direct / Organic,Clear Protein,SG,False,2026-02,2026,False,False,False
8858569834751,1,128.9,51.56,128.9,D3,D4,Direct / Organic,Clear Protein,SG,False,2026-03,2026,False,False,False
6612679590143,2,128.88,51.55,64.44,D3,D3,Subscription,Other,SG,True,2023-03,2023,False,False,False
8814719992063,1,128.83,51.53,128.83,D3,D4,Subscription,Lean Protein,SG,True,2026-03,2026,False,False,False
7756421497087,2,128.72,51.49,64.36,D3,D3,Direct / Organic,Lean Protein,MY,False,2024-04,2024,False,False,False
7756158107903,2,128.69,51.48,64.35,D3,D3,Subscription,Other,MY,True,2024-04,2024,False,False,False
7756398854399,2,128.69,51.48,64.35,D3,D3,Subscription,Other,MY,True,2024-01,2024,False,False,False
7364114153727,1,128.56,51.42,128.56,D3,D9,Subscription,Other,SG,False,2024-08,2024,False,False,False
7756215746815,2,128.51,51.41,64.26,D3,D3,Direct / Organic,Lean Protein,MY,False,2024-05,2024,False,False,False
6423611080959,1,128.43,51.37,128.43,D3,D10,Subscription,Unknown,SG,False,2022-01,2022,False,False,False
7206147490047,1,128.36,51.34,128.36,D3,D9,Subscription,Other,SG,False,2024-04,2024,False,False,False
8865785348351,1,128.31,51.32,128.31,D3,D4,Direct / Organic,Accessories,SG,False,2026-03,2026,False,False,False
7756427919615,2,128.22,51.29,64.11,D3,D3,Subscription,Other,MY,True,2024-05,2024,False,False,False
7756428378367,2,128.22,51.29,64.11,D3,D3,Subscription,Other,MY,True,2024-05,2024,False,False,False
7929521078527,3,128.08,51.23,42.69,D3,D1,Paid Social,Clear Protein,SG,False,2025-03,2025,False,True,False
8094234902783,1,128.0,51.2,128.0,D3,D6,Direct / Organic,Clear Protein,SG,False,2025-05,2025,False,False,False
8896736788735,1,128.0,51.2,128.0,D3,D4,Direct / Organic,Clear Protein,SG,False,2026-03,2026,False,False,False
7756415205631,1,127.93,51.17,127.93,D3,D7,Direct / Organic,Accessories,MY,False,2024-03,2024,False,False,False
8759001809151,1,127.7,51.08,127.7,D3,D4,Subscription,Clear Protein,SG,True,2026-02,2026,False,False,False
8767300337919,1,127.7,51.08,127.7,D3,D4,Subscription,Clear Protein,SG,True,2026-02,2026,False,False,False
8796446458111,1,127.7,51.08,127.7,D3,D4,Subscription,Clear Protein,SG,True,2026-02,2026,False,False,False
7756030148863,2,127.51,51.0,63.75,D3,D3,Direct / Organic,Unknown,MY,False,2022-06,2022,False,False,False
7756044730623,1,127.36,50.95,127.36,D3,D8,Direct / Organic,Unknown,MY,False,2022-01,2022,False,False,False
7756484772095,2,127.3,50.92,63.65,D3,D2,Direct / Organic,Accessories,MY,False,2024-12,2024,False,False,False
8136331428095,2,127.28,50.91,63.64,D3,D2,Direct / Organic,Lean Protein,SG,False,2025-06,2025,False,False,False
8074346168575,1,127.24,50.9,127.24,D3,D6,Direct / Organic,Lean Protein,SG,False,2025-05,2025,False,False,False
8093263364351,2,127.2,50.88,63.6,D3,D2,Direct / Organic,Accessories,SG,False,2025-05,2025,False,False,False
7756007866623,1,127.15,50.86,127.15,D3,D8,Direct / Organic,Soy Protein,MY,False,2022-10,2022,False,False,False
8767346180351,1,127.13,50.85,127.13,D3,D4,Direct / Organic,Clear Protein,SG,False,2026-02,2026,False,False,False
8841594208511,1,126.81,50.72,126.81,D3,D4,Direct / Organic,Clear Protein,SG,False,2026-03,2026,False,False,False
8898839871743,1,126.78,50.71,126.78,D3,D4,Paid Social,Clear Protein,SG,False,2026-03,2026,False,False,False
6329694552319,1,126.76,50.7,126.76,D3,D10,Direct / Organic,Clear Protein,SG,False,2026-03,2026,False,False,False
8087298408703,1,126.7,50.68,126.7,D3,D6,Subscription,Lean Protein,SG,True,2025-05,2025,False,False,False
8326961922303,1,126.64,50.66,126.64,D3,D5,Direct / Organic,Clear Protein,SG,False,2025-09,2025,False,False,False
8748175589631,1,126.62,50.65,126.62,D3,D4,Direct / Organic,Clear Protein,SG,False,2026-02,2026,False,False,False
7872851575039,1,126.56,50.62,126.56,D3,D7,Direct / Organic,Collagen Glow,SG,False,2025-02,2025,False,False,False
7756015403263,1,126.55,50.62,126.55,D3,D8,Direct / Organic,Unknown,MY,False,2022-09,2022,False,False,False
6610407424255,3,126.5,50.6,42.17,D3,D2,Subscription,Collagen Glow,SG,False,2023-03,2023,False,False,False
8791594074367,1,126.5,50.6,126.5,D3,D4,Direct / Organic,Lean Protein,SG,False,2026-02,2026,False,False,False
8242684559615,1,126.48,50.59,126.48,D3,D5,Direct / Organic,Accessories,SG,False,2025-08,2025,False,False,False
8311984554239,1,126.33,50.53,126.33,D3,D5,Direct / Organic,Accessories,SG,False,2025-09,2025,False,False,False
7845454479615,1,126.21,50.48,126.21,D3,D7,Paid Social,Lean Protein,SG,False,2025-05,2025,False,False,False
7756462326015,2,126.03,50.41,63.02,D3,D2,Direct / Organic,Clear Protein,MY,False,2024-09,2024,False,False,False
7075370729727,2,125.92,50.37,62.96,D3,D3,Subscription,Clear Protein,SG,False,2024-02,2024,False,False,False
7519112855807,1,125.79,50.32,125.79,D3,D9,Subscription,Other,SG,False,2024-09,2024,False,False,False
7475360497919,2,125.79,50.32,62.9,D3,D3,Subscription,Clear Protein,SG,False,2024-08,2024,False,False,False
6329857638655,1,125.58,50.23,125.58,D3,D10,Subscription,Other,SG,False,2024-05,2024,False,False,False
6521577373951,2,125.51,50.2,62.76,D3,D3,Subscription,Collagen Glow,SG,False,2023-01,2023,False,False,False
7878900580607,4,125.41,50.16,31.35,D3,D1,Subscription,Other,SG,True,2025-02,2025,False,True,False
8111806447871,1,125.4,50.16,125.4,D3,D6,Direct / Organic,Lean Protein,SG,False,2025-06,2025,False,False,False
7756411535615,2,125.36,50.15,62.68,D3,D3,Subscription,Other,MY,True,2024-03,2024,False,False,False
7305996370175,1,125.16,50.06,125.16,D3,D9,Subscription,Clear Protein,SG,False,2024-05,2024,False,False,False
7756398035199,6,294.41,117.76,49.07,D2,D1,Direct / Organic,Other,MY,False,2023-12,2023,False,True,False
8151474929919,3,294.21,117.68,98.07,D2,D1,Direct / Organic,Accessories,SG,False,2025-06,2025,False,True,False
7756173213951,6,293.9,117.56,48.98,D2,D1,Direct / Organic,Soy Protein,MY,False,2023-06,2023,False,True,False
8015408922879,4,293.85,117.54,73.46,D2,D1,Subscription,Other,SG,True,2025-05,2025,False,True,False
7756020351231,2,292.92,117.17,146.46,D2,D3,Direct / Organic,Unknown,MY,False,2022-04,2022,False,False,False
8166904529151,3,292.89,117.16,97.63,D2,D1,Direct / Organic,Lean Protein,SG,False,2025-06,2025,False,True,False
7756423299327,2,292.74,117.1,146.37,D2,D3,Direct / Organic,Other,MY,False,2024-04,2024,False,False,False
7947663081727,3,292.7,117.08,97.57,D2,D1,Direct / Organic,Lean Protein,SG,True,2025-04,2025,False,True,False
6336759333119,3,292.46,116.98,97.49,D2,D2,Subscription,Unknown,SG,False,2022-03,2022,False,False,False
7267551379711,2,289.1,115.64,144.55,D2,D3,Subscription,Clear Protein,SG,False,2024-05,2024,False,False,False
6763164958975,1,287.64,115.06,287.64,D2,D10,Subscription,Other,SG,False,2023-08,2023,False,False,False
8148081869055,3,287.2,114.88,95.73,D2,D1,Direct / Organic,Other,SG,False,2025-06,2025,False,True,False
7826465128703,2,286.98,114.79,143.49,D2,D2,Direct / Organic,Collagen Glow,SG,False,2025-02,2025,False,False,False
7756357796095,9,286.15,114.46,31.79,D2,D1,Subscription,Collagen Glow,MY,True,2023-03,2023,False,True,False
7756190777599,6,285.61,114.24,47.6,D2,D1,Subscription,Other,MY,True,2023-09,2023,False,True,False
6327761830143,3,285.47,114.19,95.16,D2,D2,Subscription,Unknown,SG,False,2022-04,2022,False,False,False
7756001870079,4,284.58,113.83,71.14,D2,D1,Direct / Organic,Unknown,MY,True,2022-08,2022,False,True,False
7756440404223,5,284.03,113.61,56.81,D2,D1,Direct / Organic,Unknown,MY,False,2024-06,2024,False,True,False
7154402656511,4,283.9,113.56,70.97,D2,D1,Subscription,Clear Protein,SG,False,2024-03,2024,False,True,False
6820808163583,6,283.84,113.54,47.31,D2,D1,Subscription,Unknown,SG,True,2023-09,2023,False,True,False
7168635830527,5,283.81,113.52,56.76,D2,D1,Subscription,Other,SG,True,2024-04,2024,False,True,False
6327698981119,2,283.46,113.38,141.73,D2,D3,Subscription,Unknown,SG,False,2022-06,2022,False,False,False
7756022776063,2,283.34,113.33,141.67,D2,D3,Direct / Organic,Unknown,MY,False,2022-06,2022,False,False,False
6327616831743,1,282.6,113.04,282.6,D2,D10,Subscription,Unknown,SG,False,2022-05,2022,False,False,False
6532515791103,2,282.58,113.03,141.29,D2,D3,Direct / Organic,Unknown,MY,False,2022-05,2022,False,False,False
7756022055167,2,281.9,112.76,140.95,D2,D3,Direct / Organic,Unknown,MY,False,2022-06,2022,False,False,False
7756037390591,2,281.45,112.58,140.73,D2,D3,Direct / Organic,Unknown,MY,False,2022-03,2022,False,False,False
6329870385407,2,281.41,112.56,140.71,D2,D3,Subscription,Unknown,SG,False,2022-03,2022,False,False,False
7756375097599,2,280.56,112.23,140.28,D2,D3,Subscription,Other,MY,True,2023-08,2023,False,False,False
6327692722431,3,280.49,112.2,93.5,D2,D2,Subscription,Unknown,SG,False,2022-05,2022,False,False,False
7268175544575,3,280.21,112.08,93.4,D2,D2,Subscription,Other,SG,False,2024-05,2024,False,False,False
7870756061439,3,279.48,111.79,93.16,D2,D2,Subscription,Lean Protein,SG,True,2025-03,2025,False,False,False
7959761486079,4,278.46,111.38,69.61,D2,D1,Subscription,Collagen Glow,SG,True,2025-04,2025,False,True,False
7756320964863,4,278.02,111.21,69.5,D2,D1,Subscription,Other,MY,True,2023-03,2023,False,True,False
7756352356607,4,277.58,111.03,69.4,D2,D1,Direct / Organic,Collagen Glow,MY,False,2023-03,2023,False,True,False
8345098289407,1,276.6,110.64,276.6,D2,D5,Paid Social,Clear Protein,SG,False,2025-09,2025,False,False,False
7756266930431,2,276.52,110.61,138.26,D2,D3,Direct / Organic,Collagen Glow,MY,False,2023-01,2023,False,False,False
7829520974079,2,276.0,110.4,138.0,D2,D2,Direct / Organic,Clear Protein,SG,False,2025-02,2025,False,False,False
7756418613503,4,275.72,110.29,68.93,D2,D1,Direct / Organic,Collagen Glow,MY,False,2024-04,2024,False,True,False
6327523148031,1,275.09,110.04,275.09,D2,D10,Subscription,Other,SG,False,2023-04,2023,False,False,False
7971635331327,6,274.05,109.62,45.67,D2,D1,Direct / Organic,Unknown,SG,True,2025-04,2025,False,True,False
7756461441279,3,273.55,109.42,91.18,D2,D2,Subscription,Lean Protein,MY,True,2024-08,2024,False,False,False
8653246890239,2,273.38,109.35,136.69,D2,D2,Direct / Organic,Lean Protein,SG,False,2025-12,2025,False,False,False
7756030705919,4,273.08,109.23,68.27,D2,D1,Direct / Organic,Unknown,MY,True,2022-06,2022,False,True,False
7755958354175,2,272.35,108.94,136.17,D2,D3,Direct / Organic,Clear Protein,MY,False,2024-04,2024,False,False,False
7755989319935,2,270.69,108.28,135.35,D2,D3,Direct / Organic,Unknown,MY,False,2022-03,2022,False,False,False
7756181897471,8,269.65,107.86,33.71,D2,D1,Direct / Organic,Unknown,MY,True,2023-03,2023,False,True,False
7756031361279,2,269.56,107.83,134.78,D2,D3,Direct / Organic,Unknown,MY,False,2022-06,2022,False,False,False
7869262201087,1,269.55,107.82,269.55,D2,D7,Direct / Organic,Lean Protein,SG,False,2025-02,2025,False,False,False
7307595514111,3,269.35,107.74,89.78,D2,D2,Subscription,Collagen Glow,SG,False,2024-05,2024,False,False,False
8071643332863,2,269.1,107.64,134.55,D2,D2,Direct / Organic,Other,SG,False,2025-05,2025,False,False,False
8713832366335,1,268.9,107.56,268.9,D2,D4,Direct / Organic,Clear Protein,SG,False,2026-01,2026,False,False,False
7308278366463,3,268.78,107.51,89.59,D2,D2,Subscription,Lean Protein,SG,False,2024-05,2024,False,False,False
6423595909375,3,268.45,107.38,89.48,D2,D2,Subscription,Unknown,SG,False,2022-03,2022,False,False,False
6328212750591,4,267.6,107.04,66.9,D2,D1,Direct / Organic,Lean Protein,SG,False,2025-04,2025,False,True,False
6631997964543,3,267.44,106.98,89.15,D2,D2,Subscription,Other,SG,True,2023-04,2023,False,False,False
8341118517503,1,267.19,106.88,267.19,D2,D5,Direct / Organic,Other,SG,False,2025-09,2025,False,False,False
8344990417151,3,266.82,106.73,88.94,D2,D1,Subscription,Other,SG,True,2025-09,2025,False,True,False
6336648052991,3,266.25,106.5,88.75,D2,D2,Subscription,Unknown,SG,False,2022-02,2022,False,False,False
8286033117439,1,265.68,106.27,265.68,D2,D5,Subscription,Lean Protein,SG,True,2025-08,2025,False,False,False
7756019532031,2,265.53,106.21,132.76,D2,D3,Direct / Organic,Unknown,MY,False,2022-08,2022,False,False,False
6607239348479,3,265.16,106.06,88.39,D2,D2,Subscription,Other,SG,True,2023-03,2023,False,False,False
7756360876287,3,264.4,105.76,88.13,D2,D2,Direct / Organic,Unknown,MY,False,2023-05,2023,False,False,False
8035367223551,5,264.15,105.66,52.83,D2,D1,Subscription,Lean Protein,SG,True,2025-05,2025,False,True,False
7756040634623,1,264.11,105.64,264.11,D2,D8,Direct / Organic,Unknown,MY,False,2022-03,2022,False,False,False
6670248935679,4,263.87,105.55,65.97,D2,D1,Subscription,Other,SG,False,2023-05,2023,False,True,False
7475323666687,3,263.42,105.37,87.81,D2,D2,Subscription,Lean Protein,SG,False,2024-08,2024,False,False,False
8226067218687,1,263.42,105.37,263.42,D2,D5,Direct / Organic,Accessories,SG,False,2025-09,2025,False,False,False
7756397412607,4,263.36,105.34,65.84,D2,D1,Direct / Organic,Unknown,MY,True,2023-12,2023,False,True,False
7756429361407,7,262.46,104.98,37.49,D2,D1,Subscription,Other,MY,True,2024-05,2024,False,True,False
7756018942207,4,262.15,104.86,65.54,D2,D1,Direct / Organic,Unknown,MY,True,2022-08,2022,False,True,False
8566894854399,3,260.83,104.33,86.94,D2,D1,Subscription,Lean Protein,SG,True,2025-12,2025,False,True,False
8349350920447,2,260.42,104.17,130.21,D2,D2,Paid Social,Other,SG,False,2025-09,2025,False,False,False
8249601130751,2,259.5,103.8,129.75,D2,D2,Direct / Organic,Lean Protein,SG,False,2025-08,2025,False,False,False
7146181067007,1,258.87,103.55,258.87,D2,D9,Subscription,Other,SG,False,2024-03,2024,False,False,False
7756459114751,6,258.82,103.53,43.14,D2,D1,Direct / Organic,Clear Protein,MY,True,2024-08,2024,False,True,False
7756442730751,6,258.56,103.43,43.09,D2,D1,Direct / Organic,Other,MY,False,2024-08,2024,False,True,False
6336718930175,3,258.5,103.4,86.17,D2,D2,Subscription,Other,SG,False,2022-12,2022,False,False,False
7875674800383,1,257.8,103.12,257.8,D2,D7,Direct / Organic,Unknown,SG,False,2025-02,2025,False,False,False
7756035588351,1,256.58,102.63,256.58,D2,D8,Direct / Organic,Unknown,MY,False,2022-05,2022,False,False,False
8060160180479,4,256.02,102.41,64.0,D2,D1,Direct / Organic,Lean Protein,SG,True,2025-05,2025,False,True,False
7756039127295,1,256.0,102.4,256.0,D2,D8,Direct / Organic,Unknown,MY,False,2022-03,2022,False,False,False
7756039258367,1,256.0,102.4,256.0,D2,D8,Direct / Organic,Unknown,MY,False,2022-03,2022,False,False,False
6683695710463,2,255.61,102.24,127.8,D2,D3,Subscription,Other,SG,False,2023-05,2023,False,False,False
6423611441407,1,255.38,102.15,255.38,D2,D10,Subscription,Unknown,SG,False,2022-01,2022,False,False,False
6327675945215,2,255.03,102.01,127.51,D2,D3,Direct / Organic,Unknown,MY,False,2022-01,2022,False,False,False
6329603752191,3,254.08,101.63,84.69,D2,D2,Subscription,Unknown,SG,False,2022-02,2022,False,False,False
7135383421183,2,253.04,101.22,126.52,D2,D3,Subscription,Clear Protein,SG,False,2024-03,2024,False,False,False
6366358503679,2,252.8,101.12,126.4,D2,D3,Subscription,Other,SG,False,2022-10,2022,False,False,False
7755921326335,2,252.77,101.11,126.38,D2,D3,Direct / Organic,Clear Protein,SG,False,2025-08,2025,False,False,False
8347459059967,5,252.63,101.05,50.53,D2,D1,Subscription,Accessories,SG,True,2025-09,2025,False,True,False
8339521929471,3,252.1,100.84,84.03,D2,D1,Direct / Organic,Accessories,SG,False,2025-09,2025,False,True,False
7484961325311,2,251.81,100.72,125.9,D2,D3,Subscription,Lean Protein,SG,False,2024-09,2024,False,False,False
7756424708351,5,251.63,100.65,50.33,D2,D1,Direct / Organic,Clear Protein,MY,True,2024-05,2024,False,True,False
7475483541759,8,251.3,100.52,31.41,D2,D1,Subscription,Soy Protein,SG,True,2024-08,2024,False,True,False
6329703432447,6,250.72,100.29,41.79,D2,D1,Subscription,Unknown,SG,False,2022-02,2022,False,True,False
7756410683647,3,250.31,100.12,83.44,D2,D2,Direct / Organic,Lean Protein,MY,True,2024-04,2024,False,False,False
7168908230911,4,249.97,99.99,62.49,D2,D1,Subscription,Clear Protein,SG,False,2024-04,2024,False,True,False
8767332450559,3,249.58,99.83,83.19,D2,D1,Direct / Organic,Lean Protein,SG,True,2026-02,2026,False,True,False
8663410245887,1,249.0,99.6,249.0,D2,D4,Direct / Organic,Clear Protein,SG,False,2026-01,2025,False,False,False
7340202328319,1,248.94,99.58,248.94,D2,D9,Subscription,Accessories,SG,False,2024-06,2024,False,False,False
7756034703615,2,248.48,99.39,124.24,D2,D3,Direct / Organic,Unknown,MY,False,2022-05,2022,False,False,False
7756432212223,3,248.25,99.3,82.75,D2,D2,Direct / Organic,Other,MY,False,2024-05,2024,False,False,False
7756263457023,5,247.92,99.17,49.58,D2,D1,Direct / Organic,Other,MY,False,2022-12,2022,False,True,False
7756260671743,4,247.8,99.12,61.95,D2,D1,Subscription,Collagen Glow,MY,True,2023-03,2023,False,True,False
7896021860607,2,247.66,99.06,123.83,D2,D2,Subscription,Lean Protein,SG,True,2025-03,2025,False,False,False
6423606231295,1,246.98,98.79,246.98,D2,D10,Subscription,Unknown,SG,False,2022-01,2022,False,False,False
7756034146559,4,246.48,98.59,61.62,D2,D1,Direct / Organic,Unknown,MY,False,2022-05,2022,False,True,False
7394844180735,3,246.12,98.45,82.04,D2,D2,Subscription,Collagen Glow,SG,False,2024-08,2024,False,False,False
7756471304447,2,244.88,97.95,122.44,D2,D2,Direct / Organic,Clear Protein,MY,False,2024-10,2024,False,False,False
7756261589247,3,244.83,97.93,81.61,D2,D2,Direct / Organic,Collagen Glow,MY,True,2022-12,2022,False,False,False
7756027887871,4,244.73,97.89,61.18,D2,D1,Direct / Organic,Unknown,MY,False,2022-02,2022,False,True,False
7756422578431,3,244.42,97.77,81.47,D2,D2,Subscription,Clear Protein,MY,True,2024-04,2024,False,False,False
7756396921087,9,244.22,97.69,27.14,D2,D1,Subscription,Other,MY,True,2023-12,2023,False,True,False
7927261954303,4,242.7,97.08,60.68,D2,D1,Direct / Organic,Clear Protein,SG,False,2025-03,2025,False,True,False
8676518789375,3,242.54,97.02,80.85,D2,D1,Direct / Organic,Clear Protein,SG,True,2026-01,2026,False,True,False
6532494196991,3,242.52,97.01,80.84,D2,D2,Subscription,Other,SG,False,2023-10,2023,False,False,False
6362962821375,2,242.5,97.0,121.25,D2,D3,Subscription,Other,SG,False,2022-10,2022,False,False,False
7756423627007,4,242.36,96.94,60.59,D2,D1,Direct / Organic,Collagen Glow,MY,True,2024-05,2024,False,True,False
7756015927551,3,242.24,96.9,80.75,D2,D2,Direct / Organic,Unknown,MY,False,2022-01,2022,False,False,False
7469847445759,5,241.37,96.55,48.27,D2,D1,Subscription,Accessories,SG,True,2024-08,2024,False,True,False
7756387909887,9,240.99,96.4,26.78,D2,D1,Direct / Organic,Unknown,MY,True,2024-01,2024,False,True,False
6372751343871,2,240.54,96.22,120.27,D2,D3,Subscription,Other,SG,False,2022-10,2022,False,False,False
8312709251327,1,240.44,96.18,240.44,D2,D5,Paid Social,Accessories,SG,False,2025-09,2025,False,False,False
7756043256063,3,240.18,96.07,80.06,D2,D2,Direct / Organic,Unknown,MY,True,2022-02,2022,False,False,False
8233176006911,2,239.51,95.8,119.76,D2,D2,Subscription,Collagen Glow,SG,True,2025-08,2025,False,False,False
7696462545151,2,239.5,95.8,119.75,D2,D3,Subscription,Unknown,SG,False,2024-12,2024,False,False,False
7476901839103,4,239.47,95.79,59.87,D2,D1,Subscription,Collagen Glow,SG,True,2024-09,2024,False,True,False
7756000198911,5,239.23,95.69,47.85,D2,D1,Direct / Organic,Unknown,MY,False,2022-05,2022,False,True,False
7829327544575,4,238.91,95.56,59.73,D2,D1,Subscription,Clear Protein,MY,True,2025-01,2025,False,True,False
7756436701439,5,238.48,95.39,47.7,D2,D1,Direct / Organic,Collagen Glow,MY,False,2024-06,2024,False,True,False
8148206747903,6,238.2,95.28,39.7,D2,D1,Subscription,Collagen Glow,SG,True,2025-06,2025,False,True,False
6423596499199,2,237.47,94.99,118.74,D2,D3,Subscription,Unknown,SG,False,2022-02,2022,False,False,False
7898656243967,3,237.31,94.92,79.1,D2,D1,Direct / Organic,Other,SG,False,2025-03,2025,False,True,False
7756382339327,2,236.9,94.76,118.45,D2,D3,Direct / Organic,Other,MY,False,2023-09,2023,False,False,False
7756361367807,2,236.82,94.73,118.41,D2,D3,Subscription,Other,MY,True,2023-05,2023,False,False,False
7756461375743,3,236.74,94.69,78.91,D2,D2,Direct / Organic,Clear Protein,MY,False,2024-08,2024,False,False,False
8904390836479,1,236.48,94.59,236.48,D2,D3,Subscription,Clear Protein,SG,True,2026-03,2026,False,False,False
7756033687807,2,236.36,94.55,118.18,D2,D3,Direct / Organic,Unknown,MY,False,2022-03,2022,False,False,False
8119165911295,2,235.98,94.39,117.99,D2,D2,Subscription,Clear Protein,SG,True,2025-06,2025,False,False,False
6593759609087,3,235.66,94.26,78.55,D2,D2,Subscription,Other,SG,True,2023-03,2023,False,False,False
8364385337599,1,235.62,94.25,235.62,D2,D5,Direct / Organic,Lean Protein,SG,False,2025-10,2025,False,False,False
7733235646719,2,234.78,93.91,117.39,D2,D3,Subscription,Collagen Glow,SG,False,2024-12,2024,False,False,False
8286293852415,1,234.6,93.84,234.6,D2,D5,Direct / Organic,Other,SG,False,2025-08,2025,False,False,False
7464591687935,3,234.23,93.69,78.08,D2,D2,Subscription,Clear Protein,SG,False,2024-08,2024,False,False,False
7953613816063,2,233.85,93.54,116.93,D2,D2,Direct / Organic,Clear Protein,SG,False,2025-04,2025,False,False,False
8488364703999,2,233.69,93.48,116.84,D2,D2,Direct / Organic,Clear Protein,SG,False,2025-11,2025,False,False,False
7915596251391,3,233.59,93.44,77.86,D2,D1,Direct / Organic,Collagen Glow,SG,True,2025-03,2025,False,True,False
6336660111615,2,233.32,93.33,116.66,D2,D3,Subscription,Unknown,SG,False,2023-08,2023,False,False,False
7756033949951,1,233.05,93.22,233.05,D2,D8,Direct / Organic,Unknown,MY,False,2022-05,2022,False,False,False
7974875758847,5,232.93,93.17,46.59,D2,D1,Subscription,Lean Protein,SG,True,2025-04,2025,False,True,False
8149869854975,2,232.2,92.88,116.1,D2,D2,Subscription,Clear Protein,SG,True,2025-06,2025,False,False,False
8253776953599,2,232.2,92.88,116.1,D2,D2,Subscription,Clear Protein,SG,True,2025-08,2025,False,False,False
8701446029567,2,232.2,92.88,116.1,D2,D2,Subscription,Clear Protein,SG,True,2026-01,2026,False,False,False
8133951881471,2,232.02,92.81,116.01,D2,D2,Subscription,Other,SG,True,2025-06,2025,False,False,False
8761818906879,1,232.02,92.81,232.02,D2,D4,Direct / Organic,Clear Protein,SG,False,2026-02,2026,False,False,False
7756460294399,3,231.89,92.76,77.3,D2,D2,Direct / Organic,Unknown,MY,True,2024-08,2024,False,False,False
6423591354623,1,231.81,92.72,231.81,D2,D10,Subscription,Unknown,SG,False,2022-04,2022,False,False,False
6424716706047,2,231.71,92.68,115.86,D2,D3,Subscription,Collagen Glow,SG,False,2023-05,2023,False,False,False
8310005006591,3,231.48,92.59,77.16,D2,D1,Paid Social,Accessories,SG,True,2025-09,2025,False,True,False
8312613896447,2,230.82,92.33,115.41,D2,D2,Subscription,Clear Protein,SG,True,2025-09,2025,False,False,False
7878625362175,3,230.31,92.12,76.77,D2,D2,Direct / Organic,Unknown,SG,True,2025-04,2025,False,False,False
6532501864703,2,230.19,92.08,115.09,D2,D3,Direct / Organic,Other,MY,False,2022-12,2022,False,False,False
7756430967039,3,230.06,92.02,76.69,D2,D2,Direct / Organic,Other,MY,False,2024-05,2024,False,False,False
6365653270783,1,229.79,91.92,229.79,D2,D10,Subscription,Unknown,SG,False,2022-10,2022,False,False,False
7756277252351,5,229.09,91.64,45.82,D2,D1,Subscription,Other,MY,True,2024-04,2024,False,True,False
7756420579583,2,229.09,91.64,114.55,D2,D3,Direct / Organic,Other,MY,False,2024-05,2024,False,False,False
6599308607743,4,228.77,91.51,57.19,D2,D1,Subscription,Other,SG,True,2023-03,2023,False,True,False
8350682448127,5,228.5,91.4,45.7,D2,D1,Email,Other,SG,False,2025-10,2025,False,True,False
7756485656831,2,228.42,91.37,114.21,D2,D2,Direct / Organic,Accessories,MY,False,2024-12,2024,False,False,False
6529440514303,2,227.39,90.96,113.7,D2,D3,Subscription,Other,SG,False,2023-02,2023,False,False,False
7583185371391,2,226.81,90.72,113.4,D2,D3,Subscription,Lean Protein,SG,False,2024-10,2024,False,False,False
6336694845695,1,226.62,90.65,226.62,D2,D10,Subscription,Unknown,SG,False,2022-02,2022,False,False,False
6327673618687,2,225.76,90.3,112.88,D2,D3,Subscription,Unknown,SG,False,2022-05,2022,False,False,False
7756159058175,2,225.67,90.27,112.83,D2,D3,Subscription,Soy Protein,MY,True,2023-09,2023,False,False,False
7756027429119,4,225.5,90.2,56.38,D2,D1,Direct / Organic,Unknown,MY,False,2022-04,2022,False,True,False
8825355141375,1,225.48,90.19,225.48,D2,D4,Direct / Organic,Lean Protein,SG,False,2026-03,2026,False,False,False
6336726204671,2,225.45,90.18,112.72,D2,D3,Subscription,Unknown,SG,False,2022-08,2022,False,False,False
7756018319615,5,225.42,90.17,45.08,D2,D1,Direct / Organic,Unknown,MY,False,2022-01,2022,False,True,False
7252280738047,3,225.3,90.12,75.1,D2,D2,Subscription,Clear Protein,SG,False,2024-04,2024,False,False,False
7269385601279,2,225.03,90.01,112.52,D2,D3,Subscription,Soy Protein,SG,False,2024-05,2024,False,False,False
8415875727615,2,224.75,89.9,112.38,D2,D2,Direct / Organic,Other,SG,False,2025-10,2025,False,False,False
7756453216511,3,224.72,89.89,74.91,D2,D2,Subscription,Soy Protein,MY,True,2024-09,2024,False,False,False
6327614800127,1,224.62,89.85,224.62,D2,D10,Subscription,Unknown,SG,False,2022-06,2022,False,False,False
7756404261119,3,224.6,89.84,74.87,D2,D2,Direct / Organic,Soy Protein,MY,True,2024-01,2024,False,False,False
7756038373631,3,224.18,89.67,74.73,D2,D2,Direct / Organic,Unknown,MY,False,2022-04,2022,False,False,False
6327627383039,3,223.84,89.54,74.61,D2,D2,Subscription,Other,SG,True,2024-12,2024,False,False,False
7856082321663,2,223.7,89.48,111.85,D2,D2,Direct / Organic,Other,SG,False,2025-02,2025,False,False,False
8067675586815,2,223.7,89.48,111.85,D2,D2,Direct / Organic,Other,SG,False,2025-06,2025,False,False,False
8837407637759,1,223.39,89.36,223.39,D2,D4,Direct / Organic,Lean Protein,SG,False,2026-03,2026,False,False,False
8667708227839,3,222.89,89.16,74.3,D2,D1,Subscription,Clear Protein,SG,True,2026-01,2026,False,True,False
8832270598399,1,222.73,89.09,222.73,D2,D4,Direct / Organic,Clear Protein,SG,False,2026-03,2026,False,False,False
7756469240063,2,222.52,89.01,111.26,D2,D2,Direct / Organic,Clear Protein,MY,False,2024-09,2024,False,False,False
6336720011519,1,222.28,88.91,222.28,D2,D10,Subscription,Unknown,SG,False,2022-06,2022,False,False,False
7521916289279,3,222.19,88.88,74.06,D2,D2,Subscription,Other,SG,False,2024-09,2024,False,False,False
7994690470143,3,222.0,88.8,74.0,D2,D1,Direct / Organic,Clear Protein,SG,False,2025-05,2025,False,True,False
7756407505151,4,221.97,88.79,55.49,D2,D1,Direct / Organic,Other,MY,True,2024-02,2024,False,True,False
6650644726015,3,221.61,88.64,73.87,D2,D2,Subscription,Other,SG,True,2023-04,2023,False,False,False
8299066654975,2,221.55,88.62,110.78,D2,D2,Direct / Organic,Collagen Glow,SG,False,2025-09,2025,False,False,False
8702702944511,2,221.43,88.57,110.72,D2,D2,Direct / Organic,Clear Protein,SG,True,2026-01,2026,False,False,False
7534855061759,1,221.31,88.52,221.31,D2,D9,Subscription,Unknown,SG,False,2024-10,2024,False,False,False
7092583399679,4,221.29,88.52,55.32,D2,D1,Subscription,Unknown,SG,False,2024-02,2024,False,True,False
8234169762047,2,220.9,88.36,110.45,D2,D2,Paid Social,Clear Protein,SG,False,2025-08,2025,False,False,False
7304552186111,2,219.79,87.92,109.9,D2,D3,Subscription,Clear Protein,SG,False,2024-05,2024,False,False,False
7756486476031,2,219.76,87.9,109.88,D2,D2,Direct / Organic,Accessories,MY,True,2024-12,2024,False,False,False
7755919819007,2,219.71,87.88,109.85,D2,D3,Direct / Organic,Unknown,MY,False,2022-08,2022,False,False,False
8761752518911,1,219.13,87.65,219.13,D2,D4,Direct / Organic,Clear Protein,SG,False,2026-02,2026,False,False,False
8483228352767,3,218.26,87.3,72.75,D2,D1,Direct / Organic,Lean Protein,SG,True,2025-10,2025,False,True,False
7756348522751,4,218.17,87.27,54.54,D2,D1,Direct / Organic,Soy Protein,MY,False,2023-02,2023,False,True,False
7756412387583,3,218.1,87.24,72.7,D2,D2,Direct / Organic,Other,MY,False,2024-03,2024,False,False,False
7756476973311,3,217.9,87.16,72.63,D2,D2,Direct / Organic,Collagen Glow,MY,False,2024-10,2024,False,False,False
7756037128447,2,217.89,87.16,108.94,D2,D3,Direct / Organic,Unknown,MY,False,2022-04,2022,False,False,False
7841564426495,1,217.8,87.12,217.8,D2,D7,Direct / Organic,Lean Protein,SG,False,2025-02,2025,False,False,False
7519345475839,2,217.66,87.06,108.83,D2,D3,Subscription,Clear Protein,SG,False,2024-09,2024,False,False,False
7756470321407,1,217.64,87.05,217.64,D2,D7,Direct / Organic,Clear Protein,MY,False,2024-10,2024,False,False,False
7135034441983,2,217.31,86.92,108.66,D2,D3,Subscription,Clear Protein,SG,True,2024-03,2024,False,False,False
6582510584063,1,217.08,86.83,217.08,D2,D10,Subscription,Other,SG,True,2023-02,2023,False,False,False
6424534089983,3,216.93,86.77,72.31,D2,D2,Subscription,Other,SG,False,2023-09,2023,False,False,False
6423592337663,2,216.25,86.5,108.12,D2,D3,Subscription,Unknown,SG,False,2022-01,2022,False,False,False
7755927912703,4,215.99,86.4,54.0,D2,D1,Subscription,Accessories,MY,True,2023-12,2023,False,True,False
8349936746751,1,215.71,86.28,215.71,D2,D5,Subscription,Other,SG,True,2025-09,2025,False,False,False
8854317859071,2,215.7,86.28,107.85,D2,D2,Direct / Organic,Lean Protein,SG,False,2026-03,2026,False,False,False
7756436144383,3,215.67,86.27,71.89,D2,D2,Direct / Organic,Clear Protein,MY,False,2024-06,2024,False,False,False
7910880280831,1,215.64,86.26,215.64,D2,D7,Direct / Organic,Other,SG,False,2025-03,2025,False,False,False
8117830811903,4,215.64,86.26,53.91,D2,D1,Subscription,Lean Protein,SG,True,2025-06,2025,False,True,False
8723761168639,2,215.59,86.24,107.8,D2,D2,Direct / Organic,Accessories,SG,False,2026-01,2026,False,False,False
7894464626943,3,215.55,86.22,71.85,D2,D1,Subscription,Other,SG,True,2025-03,2025,False,True,False
7677500752127,6,215.46,86.18,35.91,D2,D1,Subscription,Collagen Glow,SG,True,2024-12,2024,False,True,False
8835435233535,1,215.04,86.02,215.04,D2,D4,Subscription,Clear Protein,SG,True,2026-03,2026,False,False,False
8841410478335,1,215.04,86.02,215.04,D2,D4,Subscription,Clear Protein,SG,True,2026-03,2026,False,False,False
7756033720575,1,214.44,85.77,214.44,D2,D8,Direct / Organic,Unknown,MY,False,2022-05,2022,False,False,False
8091443003647,3,214.32,85.73,71.44,D2,D1,Subscription,Clear Protein,SG,True,2025-05,2025,False,True,False
7756393611519,2,213.38,85.35,106.69,D2,D3,Direct / Organic,Other,MY,False,2023-12,2023,False,False,False
7756003803391,3,213.16,85.27,71.05,D2,D2,Direct / Organic,Clear Protein,MY,False,2024-03,2024,False,False,False
8366984167679,1,213.1,85.24,213.1,D2,D5,Direct / Organic,Accessories,SG,False,2025-10,2025,False,False,False
8714446045439,2,212.52,85.01,106.26,D2,D2,Direct / Organic,Other,SG,False,2026-01,2026,False,False,False
6547456491775,2,212.31,84.92,106.16,D2,D3,Subscription,Collagen Glow,SG,False,2023-02,2023,False,False,False
8290909290751,5,212.3,84.92,42.46,D2,D1,Direct / Organic,Accessories,SG,False,2025-08,2025,False,True,False
8360854388991,2,212.08,84.83,106.04,D2,D2,Direct / Organic,Lean Protein,SG,True,2025-10,2025,False,False,False
6327391977727,2,211.97,84.79,105.98,D2,D3,Subscription,Unknown,SG,False,2022-08,2022,False,False,False
8315540439295,2,211.86,84.74,105.93,D2,D2,Direct / Organic,Clear Protein,SG,False,2025-09,2025,False,False,False
6327719231743,2,211.48,84.59,105.74,D2,D3,Direct / Organic,Lean Protein,SG,False,2025-04,2025,False,False,False
8310327673087,2,211.4,84.56,105.7,D2,D2,Direct / Organic,Lean Protein,SG,False,2025-09,2025,False,False,False
7756407177471,4,211.03,84.41,52.76,D2,D1,Subscription,Soy Protein,MY,True,2024-02,2024,False,True,False
8765829415167,1,210.98,84.39,210.98,D2,D4,Direct / Organic,Lean Protein,SG,False,2026-02,2026,False,False,False
7957746417919,2,210.74,84.3,105.37,D2,D2,Direct / Organic,Other,SG,True,2025-04,2025,False,False,False
7756218728703,2,210.64,84.26,105.32,D2,D3,Direct / Organic,Lean Protein,SG,False,2025-12,2025,False,False,False
8290383069439,2,210.37,84.15,105.18,D2,D2,Direct / Organic,Accessories,SG,False,2025-08,2025,False,False,False
7755918934271,3,210.29,84.12,70.1,D2,D2,Direct / Organic,Unknown,MY,False,2022-02,2022,False,False,False
6336760447231,2,209.41,83.76,104.71,D2,D3,Subscription,Unknown,SG,False,2022-04,2022,False,False,False
6644955775231,3,209.3,83.72,69.77,D2,D2,Direct / Organic,Unknown,MY,False,2022-01,2022,False,False,False
6329834832127,3,209.27,83.71,69.76,D2,D2,Subscription,Unknown,SG,False,2022-01,2022,False,False,False
7961351127295,1,208.8,83.52,208.8,D2,D6,Direct / Organic,Other,SG,False,2025-04,2025,False,False,False
7756010979583,6,208.8,83.52,34.8,D2,D1,Direct / Organic,Unknown,MY,False,2022-02,2022,False,True,False
6328275697919,1,208.76,83.5,208.76,D2,D10,Subscription,Unknown,SG,False,2022-06,2022,False,False,False
7254253404415,2,208.66,83.46,104.33,D2,D3,Subscription,Other,SG,False,2024-04,2024,False,False,False
7755935547647,1,207.88,83.15,207.88,D2,D9,Direct / Organic,Unknown,MY,False,2022-08,2022,False,False,False
8347824554239,3,207.87,83.15,69.29,D2,D1,Affiliate,Accessories,SG,False,2025-10,2025,False,True,False
6329843384575,3,207.75,83.1,69.25,D2,D2,Subscription,Unknown,SG,False,2022-08,2022,False,False,False
6862672658687,4,207.65,83.06,51.91,D2,D1,Subscription,Other,SG,True,2023-10,2023,False,True,False
7172742021375,2,207.63,83.05,103.82,D2,D3,Subscription,Clear Protein,SG,False,2024-04,2024,False,False,False
6329836175615,3,207.41,82.96,69.14,D2,D2,Subscription,Unknown,SG,False,2022-04,2022,False,False,False
7521591755007,1,206.78,82.71,206.78,D2,D9,Subscription,Clear Protein,SG,False,2024-09,2024,False,False,False
7756199952639,4,206.47,82.59,51.62,D2,D1,Subscription,Other,MY,True,2023-12,2023,False,True,False
7756464914687,1,206.43,82.57,206.43,D2,D7,Direct / Organic,Other,MY,False,2024-09,2024,False,False,False
7756008128767,1,205.96,82.38,205.96,D2,D8,Direct / Organic,Other,MY,False,2022-10,2022,False,False,False
8109930512639,2,204.85,81.94,102.42,D2,D2,Subscription,Lean Protein,SG,True,2025-06,2025,False,False,False
7927058858239,3,204.8,81.92,68.27,D2,D1,Paid Social,Clear Protein,SG,False,2025-03,2025,False,True,False
7114650845439,4,204.64,81.86,51.16,D2,D1,Subscription,Clear Protein,SG,True,2024-03,2024,False,True,False
7756019335423,2,203.73,81.49,101.86,D2,D3,Direct / Organic,Unknown,MY,False,2022-08,2022,False,False,False
6424737513727,2,203.69,81.48,101.84,D2,D3,Subscription,Other,SG,True,2024-05,2024,False,False,False
7819138269439,3,203.6,81.44,67.87,D2,D2,Direct / Organic,Lean Protein,SG,False,2025-01,2025,False,False,False
6329873727743,2,203.4,81.36,101.7,D2,D3,Subscription,Unknown,SG,False,2022-05,2022,False,False,False
6616314282239,8,203.36,81.34,25.42,D2,D1,Subscription,Unknown,SG,True,2023-03,2023,False,True,False
7339270406399,1,203.16,81.26,203.16,D2,D9,Subscription,Clear Protein,SG,False,2024-06,2024,False,False,False
8394724212991,2,202.94,81.18,101.47,D2,D2,Direct / Organic,Clear Protein,SG,False,2025-10,2025,False,False,False
7868325495039,2,202.9,81.16,101.45,D2,D2,Direct / Organic,Clear Protein,SG,False,2025-02,2025,False,False,False
7756022415615,4,202.79,81.12,50.7,D2,D1,Direct / Organic,Unknown,MY,False,2022-03,2022,False,True,False
7756038308095,1,202.5,81.0,202.5,D2,D8,Direct / Organic,Unknown,MY,False,2022-04,2022,False,False,False
8089410470143,2,202.24,80.9,101.12,D2,D2,Direct / Organic,Other,SG,False,2025-05,2025,False,False,False
7755925487871,4,202.18,80.87,50.55,D2,D1,Direct / Organic,Unknown,MY,False,2022-01,2022,False,True,False
7168728498431,3,202.12,80.85,67.37,D2,D2,Subscription,Collagen Glow,SG,True,2024-04,2024,False,False,False
7572976107775,5,202.04,80.82,40.41,D2,D1,Subscription,Other,SG,False,2024-10,2024,False,True,False
6327726637311,4,202.01,80.8,50.5,D2,D1,Subscription,Other,SG,False,2024-03,2024,False,True,False
7756033458431,1,201.84,80.74,201.84,D2,D8,Direct / Organic,Unknown,MY,False,2022-05,2022,False,False,False
7461546655999,3,201.61,80.64,67.2,D2,D2,Subscription,Soy Protein,SG,False,2024-08,2024,False,False,False
7136595673343,3,201.09,80.44,67.03,D2,D2,Subscription,Other,SG,False,2024-03,2024,False,False,False
7948693700863,3,200.67,80.27,66.89,D2,D1,Paid Social,Accessories,SG,False,2025-04,2025,False,True,False
7756429754623,2,200.67,80.27,100.33,D2,D3,Direct / Organic,Lean Protein,MY,False,2024-05,2024,False,False,False
8794668663039,1,200.64,80.26,200.64,D2,D4,Subscription,Other,SG,True,2026-02,2026,False,False,False
7755946361087,1,200.54,80.21,200.54,D2,D9,Direct / Organic,Unknown,MY,False,2022-08,2022,False,False,False
7756468453631,2,200.45,80.18,100.23,D2,D2,Direct / Organic,Clear Protein,MY,False,2024-09,2024,False,False,False
8445907501311,2,200.4,80.16,100.2,D2,D2,Paid Social,Unknown,SG,False,2025-10,2025,False,False,False
7756406751487,2,200.26,80.1,100.13,D2,D3,Direct / Organic,Other,MY,True,2024-02,2024,False,False,False
7957906981119,2,199.82,79.93,99.91,D2,D2,Subscription,Lean Protein,SG,True,2025-04,2025,False,False,False
8234476634367,1,199.67,79.87,199.67,D2,D5,Direct / Organic,Accessories,SG,False,2025-08,2025,False,False,False
6329860260095,1,199.56,79.82,199.56,D2,D10,Subscription,Unknown,SG,False,2022-01,2022,False,False,False
7756477300991,3,199.52,79.81,66.51,D2,D2,Direct / Organic,Clear Protein,MY,False,2024-10,2024,False,False,False
8730866352383,2,199.47,79.79,99.74,D2,D2,Subscription,Lean Protein,SG,True,2026-02,2026,False,False,False
7756439585023,3,199.26,79.7,66.42,D2,D2,Subscription,Lean Protein,MY,True,2024-06,2024,False,False,False
7258491322623,1,198.72,79.49,198.72,D2,D9,Subscription,Clear Protein,SG,False,2024-05,2024,False,False,False
7755935875327,2,198.55,79.42,99.27,D2,D3,Direct / Organic,Unknown,MY,False,2022-04,2022,False,False,False
7940967268607,2,198.54,79.42,99.27,D2,D2,Direct / Organic,Clear Protein,SG,False,2025-04,2025,False,False,False
7312284057855,2,198.45,79.38,99.22,D2,D3,Subscription,Clear Protein,SG,True,2024-05,2024,False,False,False
8297726083327,3,198.23,79.29,66.08,D2,D1,Subscription,Lean Protein,SG,True,2025-08,2025,False,True,False
7967440109823,2,198.2,79.28,99.1,D2,D2,Paid Social,Clear Protein,SG,False,2025-04,2025,False,False,False
7425530396927,1,197.8,79.12,197.8,D2,D9,Direct / Organic,Other,SG,False,2025-05,2025,False,False,False
8590782955775,2,197.24,78.9,98.62,D2,D2,Subscription,Clear Protein,SG,True,2025-12,2025,False,False,False
7755976147199,2,197.23,78.89,98.62,D2,D3,Direct / Organic,Unknown,MY,False,2022-03,2022,False,False,False
6328289788159,1,197.12,78.85,197.12,D2,D10,Subscription,Unknown,SG,False,2022-06,2022,False,False,False
8361846472959,3,197.0,78.8,65.67,D2,D1,Email,Accessories,SG,False,2025-10,2025,False,True,False
7755916050687,2,196.67,78.67,98.33,D2,D3,Direct / Organic,Unknown,MY,False,2022-04,2022,False,False,False
7756380176639,5,195.79,78.32,39.16,D2,D1,Subscription,Other,MY,True,2023-09,2023,False,True,False
6327655891199,2,195.18,78.07,97.59,D2,D3,Subscription,Unknown,SG,False,2022-08,2022,False,False,False
7756009570559,2,195.17,78.07,97.58,D2,D3,Direct / Organic,Other,MY,False,2022-10,2022,False,False,False
8694256533759,1,194.77,77.91,194.77,D2,D4,Direct / Organic,Clear Protein,SG,False,2026-01,2026,False,False,False
7756434211071,4,194.73,77.89,48.68,D2,D1,Subscription,Clear Protein,MY,True,2024-06,2024,False,True,False
7932359868671,2,194.15,77.66,97.07,D2,D2,Direct / Organic,Lean Protein,SG,False,2025-03,2025,False,False,False
6327633510655,2,194.11,77.64,97.06,D2,D3,Subscription,Unknown,SG,False,2023-02,2023,False,False,False
8069502337279,2,193.94,77.58,96.97,D2,D2,Subscription,Other,SG,True,2025-05,2025,False,False,False
7756483690751,2,193.85,77.54,96.92,D2,D2,Subscription,Accessories,MY,True,2024-12,2024,False,False,False
8245528232191,2,193.8,77.52,96.9,D2,D2,Direct / Organic,Lean Protein,SG,False,2025-08,2025,False,False,False
7756038603007,2,193.56,77.42,96.78,D2,D3,Direct / Organic,Unknown,MY,False,2022-01,2021,False,False,False
8092301197567,3,193.55,77.42,64.52,D2,D1,Paid Social,Accessories,SG,False,2025-05,2025,False,True,False
6616678793471,2,193.49,77.4,96.74,D2,D3,Subscription,Other,SG,True,2023-03,2023,False,False,False
7755992695039,1,193.46,77.38,193.46,D2,D9,Direct / Organic,Unknown,MY,False,2022-08,2022,False,False,False
6395505901823,2,193.27,77.31,96.64,D2,D3,Subscription,Other,SG,False,2022-10,2022,False,False,False
6329710412031,1,192.98,77.19,192.98,D2,D10,Subscription,Unknown,SG,False,2022-02,2022,False,False,False
7949137477887,2,192.55,77.02,96.28,D2,D2,Paid Social,Clear Protein,SG,False,2025-04,2025,False,False,False
7870948802815,4,192.53,77.01,48.13,D2,D1,Subscription,Collagen Glow,SG,True,2025-02,2025,False,True,False
8585926672639,2,192.1,76.84,96.05,D2,D2,Direct / Organic,Lean Protein,SG,False,2025-12,2025,False,False,False
7756031754495,3,191.76,76.7,63.92,D2,D2,Direct / Organic,Unknown,MY,False,2022-06,2022,False,False,False
7476877230335,4,191.59,76.64,47.9,D2,D1,Subscription,Lean Protein,SG,True,2024-09,2024,False,True,False
7756435915007,3,191.58,76.63,63.86,D2,D2,Direct / Organic,Other,MY,False,2024-06,2024,False,False,False
8795078983935,2,190.98,76.39,95.49,D2,D2,Direct / Organic,Lean Protein,SG,False,2026-02,2026,False,False,False
7756008030463,4,190.97,76.39,47.74,D2,D1,Direct / Organic,Unknown,MY,False,2022-01,2022,False,True,False
7756016648447,1,190.8,76.32,190.8,D2,D8,Direct / Organic,Unknown,MY,False,2022-08,2022,False,False,False
8273489494271,3,190.06,76.02,63.35,D2,D1,Subscription,Lean Protein,SG,True,2025-08,2025,False,True,False
7311808626943,2,189.96,75.98,94.98,D2,D3,Subscription,Clear Protein,SG,False,2024-05,2024,False,False,False
7136674087167,2,189.5,75.8,94.75,D2,D3,Subscription,Other,SG,False,2024-03,2024,False,False,False
7756033327359,3,189.45,75.78,63.15,D2,D2,Direct / Organic,Unknown,MY,False,2022-03,2022,False,False,False
7366249840895,2,189.2,75.68,94.6,D2,D3,Subscription,Clear Protein,SG,False,2024-06,2024,False,False,False
8358432014591,2,188.94,75.58,94.47,D2,D2,Direct / Organic,Other,SG,False,2025-10,2025,False,False,False
7138245443839,1,188.8,75.52,188.8,D2,D9,Subscription,Clear Protein,SG,False,2024-03,2024,False,False,False
7154163482879,1,188.8,75.52,188.8,D2,D9,Subscription,Clear Protein,SG,False,2024-03,2024,False,False,False
7756017107199,2,188.55,75.42,94.27,D2,D3,Direct / Organic,Unknown,MY,False,2022-08,2022,False,False,False
7756398264575,3,188.15,75.26,62.72,D2,D2,Subscription,Unknown,MY,True,2023-12,2023,False,False,False
7251339804927,2,187.25,74.9,93.62,D2,D3,Subscription,Other,SG,False,2024-04,2024,False,False,False
7430469386495,2,186.86,74.74,93.43,D2,D3,Subscription,Clear Protein,SG,False,2024-08,2024,False,False,False
7756468486399,3,186.74,74.7,62.25,D2,D2,Direct / Organic,Lean Protein,MY,True,2024-09,2024,False,False,False
8657433362687,1,186.7,74.68,186.7,D2,D4,Paid Social,Lean Protein,SG,False,2025-12,2025,False,False,False
7970493825279,2,186.5,74.6,93.25,D2,D2,Direct / Organic,Lean Protein,SG,True,2025-04,2025,False,False,False
7756375785727,1,186.45,74.58,186.45,D2,D8,Direct / Organic,Other,MY,False,2023-08,2023,False,False,False
7946949165311,3,186.3,74.52,62.1,D2,D1,Subscription,Clear Protein,SG,True,2025-04,2025,False,True,False
7979789648127,3,186.3,74.52,62.1,D2,D1,Subscription,Clear Protein,SG,True,2025-04,2025,False,True,False
8770382364927,3,186.3,74.52,62.1,D2,D1,Subscription,Clear Protein,SG,True,2026-02,2026,False,True,False
8902266945791,1,186.12,74.45,186.12,D2,D4,Paid Social,Lean Protein,SG,False,2026-03,2026,False,False,False
8786180342015,2,185.84,74.34,92.92,D2,D2,Subscription,Lean Protein,SG,True,2026-02,2026,False,False,False
7475341721855,2,185.69,74.28,92.84,D2,D3,Subscription,Clear Protein,SG,False,2024-08,2024,False,False,False
6377877831935,2,185.6,74.24,92.8,D2,D3,Subscription,Other,SG,False,2022-10,2022,False,False,False
7756466094335,2,185.5,74.2,92.75,D2,D2,Direct / Organic,Clear Protein,MY,False,2024-09,2024,False,False,False
7954004803839,2,184.89,73.96,92.44,D2,D2,Paid Social,Other,SG,False,2025-04,2025,False,False,False
6327515873535,3,184.41,73.76,61.47,D2,D2,Subscription,Unknown,SG,False,2022-02,2022,False,False,False
8275771687167,2,184.34,73.74,92.17,D2,D2,Direct / Organic,Lean Protein,SG,False,2025-08,2025,False,False,False
8807161102591,1,184.23,73.69,184.23,D2,D4,Subscription,Clear Protein,SG,True,2026-02,2026,False,False,False
7756264177919,2,184.13,73.65,92.06,D2,D3,Direct / Organic,Other,MY,False,2023-01,2023,False,False,False
8144777707775,2,184.1,73.64,92.05,D2,D2,Subscription,Clear Protein,SG,True,2025-06,2025,False,False,False
8146098356479,2,184.1,73.64,92.05,D2,D2,Subscription,Clear Protein,SG,True,2025-06,2025,False,False,False
7309950812415,2,183.78,73.51,91.89,D2,D3,Subscription,Clear Protein,SG,True,2024-05,2024,False,False,False
8115521323263,2,183.65,73.46,91.82,D2,D2,Paid Social,Clear Protein,SG,False,2025-06,2025,False,False,False
7519676170495,2,183.61,73.44,91.8,D2,D3,Subscription,Other,SG,False,2024-09,2024,False,False,False
7756288622847,3,183.53,73.41,61.18,D2,D2,Direct / Organic,Unknown,MY,False,2023-02,2023,False,False,False
6648608686335,2,183.51,73.4,91.76,D2,D3,Subscription,Other,SG,False,2023-09,2023,False,False,False
7756040896767,2,183.33,73.33,91.66,D2,D3,Direct / Organic,Unknown,MY,False,2022-03,2022,False,False,False
7098288799999,1,183.29,73.32,183.29,D2,D9,Subscription,Other,SG,False,2024-02,2024,False,False,False
7927412392191,1,183.29,73.32,183.29,D2,D7,Paid Social,Lean Protein,SG,False,2025-03,2025,False,False,False
7991992877311,1,183.2,73.28,183.2,D2,D6,Direct / Organic,Other,SG,False,2025-05,2025,False,False,False
7237650612479,6,183.13,73.25,30.52,D2,D1,Subscription,Soy Protein,SG,True,2024-04,2024,False,True,False
7753766043903,2,182.81,73.12,91.4,D2,D3,Subscription,Clear Protein,SG,True,2025-01,2025,False,False,False
8147962560767,1,182.0,72.8,182.0,D2,D6,Direct / Organic,Lean Protein,SG,False,2025-06,2025,False,False,False
6590913347839,4,181.97,72.79,45.49,D2,D1,Subscription,Other,SG,True,2023-03,2023,False,True,False
6976895189247,2,181.51,72.6,90.76,D2,D3,Subscription,Other,SG,False,2024-01,2024,False,False,False
7756048236799,2,181.5,72.6,90.75,D2,D3,Direct / Organic,Unknown,MY,False,2022-01,2022,False,False,False
6423228121343,2,181.38,72.55,90.69,D2,D3,Subscription,Unknown,SG,False,2022-08,2022,False,False,False
7355300544767,7,181.19,72.48,25.88,D2,D1,Subscription,Other,MY,True,2023-06,2023,False,True,False
6423604887807,1,181.1,72.44,181.1,D2,D10,Subscription,Unknown,SG,False,2022-02,2022,False,False,False
6532515594495,1,180.82,72.33,180.82,D2,D10,Direct / Organic,Unknown,MY,False,2022-06,2022,False,False,False
7843128967423,1,180.34,72.14,180.34,D2,D7,Direct / Organic,Lean Protein,SG,False,2025-02,2025,False,False,False
7755926143231,3,180.22,72.09,60.07,D2,D2,Direct / Organic,Unknown,MY,False,2022-02,2022,False,False,False
6328249286911,3,179.91,71.96,59.97,D2,D2,Subscription,Unknown,SG,False,2022-03,2022,False,False,False
8633033228543,1,179.28,71.71,179.28,D2,D4,Direct / Organic,Collagen Glow,SG,False,2025-12,2025,False,False,False
8639310823679,2,178.92,71.57,89.46,D2,D2,Direct / Organic,Other,SG,False,2025-12,2025,False,False,False
6423224484095,1,178.76,71.5,178.76,D2,D10,Subscription,Unknown,SG,False,2022-09,2022,False,False,False
7756460425471,2,178.74,71.5,89.37,D2,D3,Subscription,Unknown,MY,True,2025-01,2025,False,False,False
8168451309823,2,178.7,71.48,89.35,D2,D2,Direct / Organic,Accessories,SG,True,2025-06,2025,False,False,False
6351154741503,9,178.6,71.44,19.84,D2,D1,Direct / Organic,Unknown,MY,False,2022-02,2022,False,True,False
8274425446655,1,178.39,71.36,178.39,D2,D5,Subscription,Other,SG,True,2025-08,2025,False,False,False
7249233608959,2,178.34,71.34,89.17,D2,D3,Subscription,Other,SG,True,2024-04,2024,False,False,False
8364503302399,1,178.2,71.28,178.2,D2,D5,Direct / Organic,Clear Protein,SG,False,2025-10,2025,False,False,False
8480155238655,1,178.11,71.24,178.11,D2,D5,Direct / Organic,Lean Protein,SG,False,2025-10,2025,False,False,False
6698931585279,4,177.9,71.16,44.47,D2,D1,Subscription,Other,SG,True,2023-08,2023,False,True,False
6532515332351,3,177.73,71.09,59.24,D2,D2,Direct / Organic,Unknown,MY,False,2022-12,2022,False,False,False
6327732863231,3,177.2,70.88,59.07,D2,D2,Subscription,Unknown,SG,True,2022-02,2022,False,False,False
8351278334207,1,177.2,70.88,177.2,D2,D5,Direct / Organic,Clear Protein,SG,False,2025-09,2025,False,False,False
8781121421567,2,177.09,70.84,88.54,D2,D2,Direct / Organic,Accessories,SG,True,2026-02,2026,False,False,False
7756439912703,2,176.99,70.8,88.5,D2,D3,Direct / Organic,Collagen Glow,MY,False,2024-06,2024,False,False,False
7475348308223,2,176.71,70.68,88.36,D2,D3,Subscription,Other,SG,False,2024-08,2024,False,False,False
8301754482943,2,176.68,70.67,88.34,D2,D2,Direct / Organic,Lean Protein,SG,True,2025-09,2025,False,False,False
6328304304383,1,176.57,70.63,176.57,D2,D10,Subscription,Unknown,SG,False,2022-03,2022,False,False,False
7756349866239,3,176.34,70.54,58.78,D2,D2,Direct / Organic,Unknown,MY,False,2023-03,2023,False,False,False
8794067861759,1,176.31,70.52,176.31,D2,D4,Direct / Organic,Other,SG,False,2026-02,2026,False,False,False
7756361859327,4,175.66,70.26,43.92,D2,D1,Subscription,Unknown,MY,True,2023-05,2023,False,True,False
7113287008511,2,175.34,70.14,87.67,D2,D3,Subscription,Other,SG,False,2024-03,2024,False,False,False
7756016812287,2,175.32,70.13,87.66,D2,D3,Direct / Organic,Unknown,MY,False,2022-02,2022,False,False,False
7756425822463,2,175.23,70.09,87.62,D2,D3,Direct / Organic,Lean Protein,MY,False,2024-05,2024,False,False,False
6328308859135,3,174.9,69.96,58.3,D2,D2,Subscription,Other,SG,True,2023-03,2023,False,False,False
7756406522111,3,174.85,69.94,58.28,D2,D2,Direct / Organic,Other,MY,False,2024-02,2024,False,False,False
8014286160127,3,174.44,69.78,58.15,D2,D1,Subscription,Lean Protein,SG,True,2025-05,2025,False,True,False
7919433187583,2,174.4,69.76,87.2,D2,D2,Direct / Organic,Accessories,SG,False,2025-03,2025,False,False,False
7829412086015,1,174.36,69.75,174.36,D2,D7,Direct / Organic,Other,MY,False,2023-02,2023,False,False,False
7756035817727,3,174.34,69.74,58.11,D2,D2,Direct / Organic,Unknown,MY,False,2022-03,2022,False,False,False
7756420350207,3,174.14,69.66,58.05,D2,D2,Subscription,Other,MY,True,2024-04,2024,False,False,False
7875433824511,2,173.9,69.56,86.95,D2,D2,Direct / Organic,Other,SG,False,2025-02,2025,False,False,False
8169437790463,2,173.89,69.56,86.94,D2,D2,Direct / Organic,Accessories,SG,False,2025-07,2025,False,False,False
8342710878463,2,173.35,69.34,86.68,D2,D2,Direct / Organic,Clear Protein,SG,False,2025-09,2025,False,False,False
7755953963263,1,172.95,69.18,172.95,D2,D9,Direct / Organic,Unknown,MY,False,2022-01,2022,False,False,False
7756037488895,2,172.7,69.08,86.35,D2,D3,Direct / Organic,Unknown,MY,False,2022-03,2022,False,False,False
6327720739071,4,172.49,69.0,43.12,D2,D1,Subscription,Unknown,SG,False,2022-01,2022,False,True,False
8247671292159,2,172.19,68.88,86.1,D2,D2,Subscription,Clear Protein,SG,True,2025-08,2025,False,False,False
8849562370303,1,172.06,68.82,172.06,D2,D4,Direct / Organic,Clear Protein,SG,False,2026-03,2026,False,False,False
7756380111103,4,171.71,68.68,42.93,D2,D1,Subscription,Unknown,MY,True,2023-09,2023,False,True,False
7756470976767,2,171.43,68.57,85.71,D2,D2,Direct / Organic,Clear Protein,MY,False,2024-10,2024,False,False,False
7755957895423,46,7081.9,2832.76,153.95,D1,D1,Direct / Organic,Unknown,MY,True,2022-03,2022,True,True,True
6336631275775,3,6531.02,2612.41,2177.01,D1,D2,Subscription,Unknown,SG,False,2022-04,2022,True,False,False
6336728531199,3,5542.97,2217.19,1847.66,D1,D2,Subscription,Unknown,SG,False,2022-05,2022,True,False,False
7756026904831,6,5078.14,2031.25,846.36,D1,D1,Direct / Organic,Unknown,MY,False,2022-02,2022,True,True,True
6329689735423,27,4799.67,1919.87,177.77,D1,D1,Direct / Organic,Unknown,MY,False,2022-03,2022,True,True,True
6327501881599,7,4696.03,1878.41,670.86,D1,D1,Subscription,Unknown,SG,False,2022-01,2022,True,True,True
7756000690431,6,4447.75,1779.1,741.29,D1,D1,Direct / Organic,Unknown,MY,False,2022-06,2022,True,True,True
6558688313599,17,4235.2,1694.08,249.13,D1,D1,Direct / Organic,Unknown,MY,True,2022-05,2022,True,True,True
6336747438335,5,3180.03,1272.01,636.01,D1,D1,Subscription,Unknown,SG,False,2022-08,2022,True,True,True
7756016877823,2,2763.27,1105.31,1381.64,D1,D3,Direct / Organic,Unknown,MY,False,2022-08,2022,True,False,False
6334073602303,8,2657.89,1063.16,332.24,D1,D1,Subscription,Unknown,SG,False,2022-08,2022,True,True,True
6336658145535,3,2461.76,984.7,820.59,D1,D2,Subscription,Unknown,SG,False,2022-05,2022,True,False,False
6327617454335,8,2318.34,927.34,289.79,D1,D1,Subscription,Other,SG,False,2022-10,2022,True,True,True
7756002066687,13,2259.69,903.88,173.82,D1,D1,Direct / Organic,Unknown,MY,True,2022-04,2022,True,True,True
7756005474559,13,2214.37,885.75,170.34,D1,D1,Direct / Organic,Unknown,MY,False,2022-02,2022,True,True,True
6327679418623,14,2129.94,851.98,152.14,D1,D1,Subscription,Other,SG,True,2022-10,2022,True,True,True
8081852530943,7,1933.2,773.28,276.17,D1,D1,Direct / Organic,Clear Protein,SG,False,2025-05,2025,True,True,True
6327806263551,3,1898.63,759.45,632.88,D1,D2,Subscription,Unknown,SG,False,2022-01,2022,True,False,False
7756006097151,6,1876.45,750.58,312.74,D1,D1,Direct / Organic,Unknown,MY,False,2022-05,2022,True,True,True
7756013306111,13,1784.08,713.63,137.24,D1,D1,Direct / Organic,Unknown,MY,True,2022-12,2022,True,True,True
7756011536639,14,1782.41,712.96,127.31,D1,D1,Direct / Organic,Unknown,MY,False,2022-06,2022,True,True,True
7476721352959,13,1737.1,694.84,133.62,D1,D1,Subscription,Clear Protein,SG,True,2024-09,2024,True,True,True
6327387259135,1,1693.12,677.25,1693.12,D1,D10,Subscription,Unknown,SG,False,2022-06,2022,True,False,False
6327663034623,1,1660.8,664.32,1660.8,D1,D10,Subscription,Unknown,SG,False,2022-08,2022,True,False,False
6328214618367,17,1615.0,646.0,95.0,D1,D1,Subscription,Unknown,SG,True,2022-06,2022,True,True,True
6327697834239,16,1604.2,641.68,100.26,D1,D1,Direct / Organic,Unknown,MY,True,2022-06,2022,True,True,True
6328270815487,2,1599.1,639.64,799.55,D1,D3,Subscription,Unknown,SG,False,2022-02,2022,True,False,False
7755915886847,5,1527.63,611.05,305.53,D1,D1,Direct / Organic,Unknown,MY,False,2022-01,2022,True,True,True
7756023529727,4,1476.2,590.48,369.05,D1,D1,Direct / Organic,Unknown,MY,False,2022-01,2021,True,True,True
7756011569407,13,1465.38,586.15,112.72,D1,D1,Subscription,Soy Protein,MY,True,2023-04,2023,True,True,True
7755983421695,3,1448.79,579.52,482.93,D1,D2,Direct / Organic,Unknown,MY,False,2022-01,2022,True,False,False
6328289657087,3,1382.72,553.09,460.91,D1,D2,Subscription,Unknown,SG,False,2022-03,2022,True,False,False
7756020580607,4,1340.75,536.3,335.19,D1,D1,Direct / Organic,Unknown,MY,False,2022-03,2022,True,True,True
7756045648127,5,1339.73,535.89,267.95,D1,D1,Direct / Organic,Unknown,MY,True,2022-01,2022,True,True,True
7566592344319,4,1299.22,519.69,324.8,D1,D1,Subscription,Lean Protein,SG,False,2024-10,2024,True,True,True
7916487934207,12,1299.1,519.64,108.26,D1,D1,Paid Social,Clear Protein,SG,True,2025-03,2025,True,True,True
7756260311295,16,1298.81,519.52,81.18,D1,D1,Direct / Organic,Unknown,MY,False,2022-12,2022,True,True,True
7756030181631,6,1280.09,512.04,213.35,D1,D1,Direct / Organic,Unknown,MY,False,2022-02,2022,True,True,True
7756032934143,1,1278.9,511.56,1278.9,D1,D8,Direct / Organic,Unknown,MY,False,2022-05,2022,True,False,False
7338895868159,5,1265.88,506.35,253.18,D1,D1,Subscription,Clear Protein,SG,True,2024-06,2024,True,True,True
7755988041983,8,1238.8,495.52,154.85,D1,D1,Direct / Organic,Unknown,MY,False,2022-05,2022,True,True,True
7756015698175,2,1237.09,494.84,618.55,D1,D3,Direct / Organic,Unknown,MY,False,2022-09,2022,True,False,False
6590570627327,15,1201.58,480.63,80.11,D1,D1,Subscription,Other,SG,True,2023-03,2023,True,True,True
6423228776703,4,1198.28,479.31,299.57,D1,D1,Subscription,Unknown,SG,False,2022-05,2022,True,True,True
6327607623935,13,1155.99,462.4,88.92,D1,D1,Subscription,Collagen Glow,SG,True,2024-08,2024,True,True,True
7755978309887,8,1125.75,450.3,140.72,D1,D1,Direct / Organic,Unknown,MY,False,2022-01,2022,True,True,True
6420678377727,4,1118.49,447.4,279.62,D1,D1,Subscription,Unknown,SG,False,2022-04,2022,True,True,True
6329618301183,2,1107.88,443.15,553.94,D1,D3,Subscription,Unknown,SG,False,2022-04,2022,True,False,False
7756034539775,8,1102.08,440.83,137.76,D1,D1,Direct / Organic,Unknown,MY,True,2022-01,2022,True,True,True
6423603740927,1,1099.9,439.96,1099.9,D1,D10,Subscription,Unknown,SG,False,2022-02,2022,True,False,False
7755925979391,7,1078.24,431.29,154.03,D1,D1,Direct / Organic,Unknown,MY,False,2022-02,2022,True,True,True
6327682236671,9,1078.05,431.22,119.78,D1,D1,Subscription,Unknown,SG,False,2022-03,2022,True,True,True
6329711493375,10,1063.37,425.35,106.34,D1,D1,Subscription,Other,SG,True,2024-08,2024,True,True,True
7516736061695,2,1042.26,416.9,521.13,D1,D3,Subscription,Unknown,SG,False,2024-09,2024,True,False,False
8235052826879,4,1037.77,415.11,259.44,D1,D1,Direct / Organic,Lean Protein,SG,False,2025-08,2025,True,True,True
7756025200895,3,1015.06,406.02,338.35,D1,D2,Direct / Organic,Unknown,MY,False,2022-06,2022,True,False,False
7756033753343,3,987.25,394.9,329.08,D1,D2,Direct / Organic,Unknown,MY,False,2022-05,2022,True,False,False
6327390765311,1,972.7,389.08,972.7,D1,D10,Subscription,Unknown,SG,False,2022-08,2022,True,False,False
6327522230527,1,959.9,383.96,959.9,D1,D10,Subscription,Unknown,SG,False,2022-08,2022,True,False,False
6423225073919,1,959.9,383.96,959.9,D1,D10,Subscription,Unknown,SG,False,2022-08,2022,True,False,False
7756026577151,5,941.57,376.63,188.31,D1,D1,Direct / Organic,Unknown,MY,False,2022-05,2022,True,True,True
7968977092863,7,939.78,375.91,134.25,D1,D1,Subscription,Clear Protein,SG,True,2025-04,2025,True,True,True
7033655099647,18,925.77,370.31,51.43,D1,D1,Subscription,Unknown,SG,True,2024-01,2024,True,True,True
7756359336191,13,921.49,368.6,70.88,D1,D1,Subscription,Other,MY,True,2023-04,2023,True,True,True
7756430016767,6,919.36,367.74,153.23,D1,D1,Direct / Organic,Clear Protein,MY,True,2024-05,2024,True,True,True
7755980079359,29,917.78,367.11,31.65,D1,D1,Direct / Organic,Unknown,MY,True,2022-01,2022,True,True,True
6327780704511,2,914.75,365.9,457.38,D1,D3,Subscription,Unknown,SG,False,2022-04,2022,True,False,False
6328247255295,5,908.95,363.58,181.79,D1,D1,Subscription,Unknown,SG,False,2022-02,2022,True,True,True
6970579321087,18,902.94,361.18,50.16,D1,D1,Subscription,Other,SG,True,2023-12,2023,True,True,True
7756396953855,14,892.75,357.1,63.77,D1,D1,Subscription,Unknown,MY,True,2023-12,2023,True,True,True
7521981661439,17,892.08,356.83,52.48,D1,D1,Subscription,Lean Protein,SG,True,2024-09,2024,True,True,True
7756048630015,2,881.7,352.68,440.85,D1,D3,Direct / Organic,Unknown,MY,False,2022-01,2021,True,False,False
7700304986367,14,879.16,351.66,62.8,D1,D1,Subscription,Other,SG,True,2024-12,2024,True,True,True
7959445766399,2,878.39,351.36,439.2,D1,D2,Subscription,Other,SG,True,2025-04,2025,True,False,False
7755920408831,1,875.05,350.02,875.05,D1,D9,Direct / Organic,Unknown,MY,False,2022-08,2022,True,False,False
7999782879487,13,872.2,348.88,67.09,D1,D1,Direct / Organic,Clear Protein,SG,True,2025-05,2025,True,True,True
8403609026815,3,870.41,348.16,290.14,D1,D1,Direct / Organic,Other,SG,False,2025-10,2025,True,True,True
7756015337727,6,869.47,347.79,144.91,D1,D1,Direct / Organic,Unknown,MY,False,2022-04,2022,True,True,True
7756002328831,5,862.96,345.19,172.59,D1,D1,Direct / Organic,Unknown,MY,False,2022-02,2022,True,True,True
7756022874367,3,859.93,343.97,286.64,D1,D2,Direct / Organic,Unknown,MY,False,2022-03,2022,True,False,False
6327733223679,5,856.79,342.72,171.36,D1,D1,Subscription,Unknown,SG,False,2022-01,2022,True,True,True
8134241386751,6,854.06,341.62,142.34,D1,D1,Subscription,Other,SG,True,2025-06,2025,True,True,True
6327607918847,4,847.64,339.06,211.91,D1,D1,Subscription,Unknown,SG,False,2022-03,2022,True,True,True
7755942527231,4,845.28,338.11,211.32,D1,D1,Direct / Organic,Unknown,MY,False,2022-01,2022,True,True,True
8098552250623,8,843.66,337.46,105.46,D1,D1,Direct / Organic,Collagen Glow,SG,False,2025-06,2025,True,True,True
7756038406399,2,832.0,332.8,416.0,D1,D3,Direct / Organic,Unknown,MY,False,2022-03,2022,True,False,False
7124600881407,7,827.28,330.91,118.18,D1,D1,Subscription,Other,SG,True,2024-03,2024,True,True,True
7756261130495,3,826.98,330.79,275.66,D1,D2,Direct / Organic,Collagen Glow,MY,False,2022-12,2022,True,False,False
7756349112575,12,817.39,326.95,68.12,D1,D1,Direct / Organic,Collagen Glow,MY,True,2023-02,2023,True,True,True
7677544628479,5,817.27,326.91,163.45,D1,D1,Subscription,Clear Protein,SG,True,2024-12,2024,True,True,True
6327709139199,1,815.91,326.36,815.91,D1,D10,Subscription,Unknown,SG,False,2022-06,2022,True,False,False
6327720083711,1,800.9,320.36,800.9,D1,D10,Subscription,Unknown,SG,False,2022-06,2022,True,False,False
6423240638719,1,800.9,320.36,800.9,D1,D10,Subscription,Unknown,SG,False,2022-06,2022,True,False,False
6329874153727,7,799.78,319.91,114.25,D1,D1,Subscription,Unknown,SG,True,2022-06,2022,True,True,True
6423605838079,4,791.25,316.5,197.81,D1,D1,Subscription,Unknown,SG,False,2022-02,2022,True,True,True
7756003279103,11,786.8,314.72,71.53,D1,D1,Direct / Organic,Unknown,MY,False,2022-04,2022,True,True,True
7848237498623,4,781.0,312.4,195.25,D1,D1,Direct / Organic,Clear Protein,SG,False,2025-02,2025,True,True,True
7756000854271,7,777.94,311.18,111.13,D1,D1,Direct / Organic,Unknown,MY,True,2022-08,2022,True,True,True
6336754647295,4,754.9,301.96,188.72,D1,D1,Subscription,Unknown,SG,True,2022-08,2022,True,True,True
6765611876607,11,747.12,298.85,67.92,D1,D1,Subscription,Other,SG,True,2023-08,2023,True,True,True
6423463854335,1,743.75,297.5,743.75,D1,D10,Subscription,Unknown,SG,False,2022-05,2022,True,False,False
7756415500543,13,742.34,296.94,57.1,D1,D1,Subscription,Collagen Glow,MY,True,2024-04,2024,True,True,True
6336712999167,2,739.36,295.74,369.68,D1,D3,Subscription,Unknown,SG,False,2022-08,2022,True,False,False
7756430180607,5,737.17,294.87,147.43,D1,D1,Direct / Organic,Other,MY,False,2024-05,2024,True,True,True
7756016484607,4,736.98,294.79,184.24,D1,D1,Direct / Organic,Unknown,MY,True,2022-05,2022,True,True,True
7475324551423,10,734.05,293.62,73.4,D1,D1,Subscription,Lean Protein,SG,True,2024-08,2024,True,True,True
7817754509567,1,732.8,293.12,732.8,D1,D7,Direct / Organic,Clear Protein,SG,False,2025-01,2025,True,False,False
7756421300479,15,730.23,292.09,48.68,D1,D1,Subscription,Clear Protein,MY,True,2024-04,2024,True,True,True
7756044239103,1,727.7,291.08,727.7,D1,D8,Direct / Organic,Unknown,MY,False,2022-02,2022,True,False,False
6336693305599,8,726.21,290.48,90.78,D1,D1,Subscription,Collagen Glow,SG,True,2024-01,2024,True,True,True
6787329097983,6,725.87,290.35,120.98,D1,D1,Subscription,Other,SG,False,2023-08,2023,True,True,True
7756437455103,5,725.82,290.33,145.16,D1,D1,Direct / Organic,Clear Protein,MY,False,2024-06,2024,True,True,True
6329604407551,10,721.24,288.5,72.12,D1,D1,Subscription,Clear Protein,SG,True,2024-03,2024,True,True,True
6850481160447,10,717.21,286.88,71.72,D1,D1,Subscription,Unknown,SG,True,2023-10,2023,True,True,True
6327689576703,5,716.9,286.76,143.38,D1,D1,Subscription,Unknown,SG,False,2022-04,2022,True,True,True
7486364188927,7,711.0,284.4,101.57,D1,D1,Subscription,Clear Protein,SG,False,2024-09,2024,True,True,True
7756468977919,12,702.31,280.93,58.53,D1,D1,Direct / Organic,Clear Protein,MY,True,2024-09,2024,True,True,True
7922399772927,12,700.94,280.38,58.41,D1,D1,Direct / Organic,Lean Protein,SG,True,2025-03,2025,True,True,True
6328228872447,3,697.78,279.11,232.59,D1,D2,Subscription,Unknown,SG,False,2022-02,2022,True,False,False
6329849118975,3,697.36,278.94,232.45,D1,D2,Subscription,Unknown,SG,False,2022-06,2022,True,False,False
7755986567423,2,692.17,276.87,346.08,D1,D3,Direct / Organic,Unknown,MY,False,2022-02,2022,True,False,False
6450369855743,2,688.89,275.56,344.44,D1,D3,Subscription,Other,SG,False,2022-12,2022,True,False,False
7991231217919,6,681.0,272.4,113.5,D1,D1,Direct / Organic,Clear Protein,SG,True,2025-05,2025,True,True,True
6328217010431,4,676.7,270.68,169.18,D1,D1,Subscription,Other,SG,False,2023-08,2023,True,True,True
6336696123647,5,675.67,270.27,135.13,D1,D1,Subscription,Unknown,SG,False,2022-01,2022,True,True,True
7756266340607,7,673.92,269.57,96.27,D1,D1,Direct / Organic,Other,MY,True,2023-01,2023,True,True,True
6352389472511,3,673.36,269.34,224.45,D1,D2,Subscription,Unknown,SG,False,2022-01,2022,True,False,False
7142554403071,9,672.18,268.87,74.69,D1,D1,Subscription,Other,SG,True,2024-03,2024,True,True,True
6328258035967,7,669.71,267.88,95.67,D1,D1,Subscription,Unknown,SG,False,2022-08,2022,True,True,True
6328230281471,5,665.26,266.1,133.05,D1,D1,Subscription,Unknown,SG,False,2022-04,2022,True,True,True
6649360122111,6,665.22,266.09,110.87,D1,D1,Subscription,Other,SG,True,2023-04,2023,True,True,True
6327561027839,5,663.86,265.54,132.77,D1,D1,Subscription,Unknown,SG,True,2022-05,2022,True,True,True
7835384873215,4,661.94,264.78,165.48,D1,D1,Direct / Organic,Lean Protein,SG,True,2025-02,2025,True,True,True
7522571616511,6,659.88,263.95,109.98,D1,D1,Subscription,Lean Protein,SG,True,2024-09,2024,True,True,True
7755941183743,2,650.73,260.29,325.36,D1,D3,Direct / Organic,Unknown,MY,False,2022-03,2022,True,False,False
6327752720639,4,649.48,259.79,162.37,D1,D1,Subscription,Unknown,SG,True,2022-01,2022,True,True,True
6327399940351,1,648.91,259.56,648.91,D1,D10,Subscription,Unknown,SG,False,2022-06,2022,True,False,False
7476702085375,5,645.83,258.33,129.17,D1,D1,Subscription,Clear Protein,SG,False,2024-09,2024,True,True,True
6453495759103,6,640.9,256.36,106.82,D1,D1,Subscription,Other,SG,False,2022-12,2022,True,True,True
6336747471103,1,639.9,255.96,639.9,D1,D10,Subscription,Unknown,SG,False,2022-05,2022,True,False,False
7756473499903,11,634.51,253.81,57.68,D1,D1,Subscription,Other,MY,True,2024-10,2024,True,True,True
6328238899455,1,629.28,251.71,629.28,D1,D10,Subscription,Unknown,SG,False,2022-01,2022,True,False,False
7304842477823,4,629.18,251.67,157.29,D1,D1,Subscription,Clear Protein,SG,False,2024-05,2024,True,True,True
7755945574655,6,626.11,250.44,104.35,D1,D1,Direct / Organic,Unknown,MY,True,2022-01,2021,True,True,True
7756430639359,5,621.17,248.47,124.23,D1,D1,Subscription,Clear Protein,MY,True,2024-05,2024,True,True,True
7756019466495,1,620.61,248.24,620.61,D1,D8,Direct / Organic,Unknown,MY,False,2022-08,2022,True,False,False
7122726191359,6,619.77,247.91,103.3,D1,D1,Subscription,Clear Protein,SG,True,2024-03,2024,True,True,True
8048350658815,9,619.3,247.72,68.81,D1,D1,Subscription,Collagen Glow,SG,True,2025-05,2025,True,True,True
8264846573823,5,618.6,247.44,123.72,D1,D1,Subscription,Clear Protein,SG,True,2025-08,2025,True,True,True
6336698253567,2,617.55,247.02,308.77,D1,D3,Subscription,Unknown,SG,False,2022-06,2022,True,False,False
7756374442239,5,616.69,246.68,123.34,D1,D1,Direct / Organic,Unknown,MY,False,2023-10,2023,True,True,True
6423590142207,2,615.5,246.2,307.75,D1,D3,Subscription,Unknown,SG,False,2022-05,2022,True,False,False
7145852895487,6,612.36,244.94,102.06,D1,D1,Subscription,Collagen Glow,SG,True,2024-03,2024,True,True,True
6327639572735,7,608.25,243.3,86.89,D1,D1,Subscription,Other,SG,True,2024-03,2024,True,True,True
7956357021951,10,607.69,243.08,60.77,D1,D1,Paid Social,Lean Protein,SG,True,2025-04,2025,True,True,True
7497109635327,5,603.1,241.24,120.62,D1,D1,Subscription,Other,SG,True,2024-09,2024,True,True,True
7971501867263,6,602.85,241.14,100.48,D1,D1,Direct / Organic,Lean Protein,SG,False,2025-04,2025,True,True,True
6327522361599,8,599.82,239.93,74.98,D1,D1,Subscription,Unknown,SG,True,2022-08,2022,True,True,True
7756431556863,7,598.36,239.34,85.48,D1,D1,Direct / Organic,Collagen Glow,MY,False,2024-05,2024,True,True,True
7756414583039,4,596.4,238.56,149.1,D1,D1,Direct / Organic,Collagen Glow,MY,False,2024-04,2024,True,True,True
7737236259071,1,594.92,237.97,594.92,D1,D9,Subscription,Other,SG,False,2025-01,2025,True,False,False
8463938388223,4,590.48,236.19,147.62,D1,D1,Direct / Organic,Unknown,SG,False,2025-10,2025,True,True,True
7756438634751,3,584.18,233.67,194.73,D1,D2,Subscription,Accessories,MY,True,2024-06,2024,True,False,False
7971386065151,8,582.05,232.82,72.76,D1,D1,Direct / Organic,Unknown,SG,True,2025-04,2025,True,True,True
6329833160959,2,580.55,232.22,290.27,D1,D3,Subscription,Unknown,SG,False,2022-04,2022,True,False,False
7931025457407,8,578.49,231.4,72.31,D1,D1,Email,Lean Protein,SG,True,2025-03,2025,True,True,True
6327702487295,2,576.66,230.66,288.33,D1,D3,Subscription,Unknown,SG,False,2022-01,2022,True,False,False
6327763042559,1,573.2,229.28,573.2,D1,D10,Subscription,Unknown,SG,False,2022-01,2022,True,False,False
7158105604351,4,570.86,228.34,142.72,D1,D1,Subscription,Clear Protein,SG,True,2024-04,2024,True,True,True
7756439748863,8,570.79,228.32,71.35,D1,D1,Direct / Organic,Collagen Glow,MY,True,2024-06,2024,True,True,True
7295407227135,6,568.64,227.46,94.77,D1,D1,Subscription,Clear Protein,SG,False,2024-05,2024,True,True,True
7756263522559,8,566.9,226.76,70.86,D1,D1,Direct / Organic,Other,MY,True,2022-12,2022,True,True,True
6368762626303,2,566.4,226.56,283.2,D1,D3,Subscription,Other,SG,False,2022-10,2022,True,False,False
6336660734207,2,562.7,225.08,281.35,D1,D3,Subscription,Unknown,SG,True,2022-05,2022,True,False,False
6329708708095,2,560.02,224.01,280.01,D1,D3,Subscription,Unknown,SG,False,2022-05,2022,True,False,False
7467076026623,8,558.75,223.5,69.84,D1,D1,Subscription,Lean Protein,SG,False,2024-09,2024,True,True,True
8002930802943,5,551.2,220.48,110.24,D1,D1,Paid Social,Lean Protein,SG,True,2025-05,2025,True,True,True
8291080372479,3,550.22,220.09,183.41,D1,D1,Direct / Organic,Accessories,SG,False,2025-08,2025,True,True,True
7988268073215,4,549.82,219.93,137.45,D1,D1,Paid Social,Unknown,SG,True,2025-04,2025,True,True,True
6327531176191,5,549.32,219.73,109.86,D1,D1,Subscription,Clear Protein,SG,True,2024-04,2024,True,True,True
6423240835327,7,545.19,218.08,77.88,D1,D1,Subscription,Unknown,SG,True,2022-05,2022,True,True,True
7756349440255,11,544.94,217.98,49.54,D1,D1,Subscription,Unknown,MY,True,2023-02,2023,True,True,True
8438298673407,4,542.12,216.85,135.53,D1,D1,Direct / Organic,Accessories,SG,True,2025-10,2025,True,True,True
7756348162303,8,539.45,215.78,67.43,D1,D1,Direct / Organic,Other,MY,True,2023-02,2023,True,True,True
6329611485439,3,534.65,213.86,178.22,D1,D2,Subscription,Unknown,SG,False,2022-07,2022,True,False,False
7756404064511,6,533.85,213.54,88.98,D1,D1,Direct / Organic,Other,MY,False,2024-01,2024,True,True,True
7756015894783,3,532.36,212.95,177.45,D1,D2,Direct / Organic,Unknown,MY,False,2022-09,2022,True,False,False
7756410978559,5,531.43,212.57,106.29,D1,D1,Direct / Organic,Collagen Glow,MY,True,2024-03,2024,True,True,True
7151938994431,10,530.45,212.18,53.04,D1,D1,Subscription,Other,SG,True,2024-03,2024,True,True,True
7236677632255,9,527.75,211.1,58.64,D1,D1,Subscription,Clear Protein,SG,True,2024-04,2024,True,True,True
7756316672255,15,526.98,210.79,35.13,D1,D1,Subscription,Collagen Glow,MY,True,2023-04,2023,True,True,True
7756408029439,10,517.38,206.95,51.74,D1,D1,Subscription,Other,MY,True,2024-02,2024,True,True,True
8339720569087,7,516.95,206.78,73.85,D1,D1,Direct / Organic,Accessories,SG,True,2025-09,2025,True,True,True
8706965569791,2,514.1,205.64,257.05,D1,D2,Subscription,Accessories,SG,True,2026-01,2026,True,False,False
7756358844671,16,508.7,203.48,31.79,D1,D1,Subscription,Collagen Glow,MY,True,2023-04,2023,True,True,True
6423604723967,4,508.03,203.21,127.01,D1,D1,Subscription,Unknown,SG,False,2022-02,2022,True,True,True
7756386042111,9,507.97,203.19,56.44,D1,D1,Subscription,Other,MY,True,2024-01,2024,True,True,True
7756010160383,7,506.83,202.73,72.4,D1,D1,Direct / Organic,Unknown,MY,True,2022-02,2022,True,True,True
7756183634175,5,506.82,202.73,101.36,D1,D1,Direct / Organic,Collagen Glow,MY,True,2024-04,2024,True,True,True
7756433686783,4,506.01,202.4,126.5,D1,D1,Direct / Organic,Unknown,MY,False,2024-06,2024,True,True,True
8337105322239,4,504.05,201.62,126.01,D1,D1,Direct / Organic,Accessories,SG,False,2025-09,2025,True,True,True
6336647954687,4,501.74,200.7,125.44,D1,D1,Subscription,Unknown,SG,False,2022-04,2022,True,True,True
7756043747583,2,500.62,200.25,250.31,D1,D3,Direct / Organic,Unknown,MY,False,2022-01,2022,True,False,False
7756001116415,8,498.88,199.55,62.36,D1,D1,Direct / Organic,Unknown,MY,False,2022-02,2022,True,True,True
7756000133375,6,498.84,199.53,83.14,D1,D1,Direct / Organic,Unknown,MY,False,2022-05,2022,True,True,True
6510694334719,3,498.78,199.51,166.26,D1,D2,Subscription,Other,SG,False,2023-01,2023,True,False,False
7962798620927,10,497.2,198.88,49.72,D1,D1,Paid Social,Lean Protein,SG,True,2025-04,2025,True,True,True
7756006064383,7,496.37,198.55,70.91,D1,D1,Direct / Organic,Unknown,MY,True,2022-09,2022,True,True,True
7756354257151,6,496.12,198.45,82.69,D1,D1,Direct / Organic,Other,MY,True,2023-03,2023,True,True,True
7824197943551,1,493.2,197.28,493.2,D1,D7,Direct / Organic,Other,SG,False,2025-01,2025,True,False,False
7755978670335,11,484.57,193.83,44.05,D1,D1,Direct / Organic,Unknown,MY,False,2022-03,2022,True,True,True
7756376408319,6,484.24,193.7,80.71,D1,D1,Direct / Organic,Other,MY,True,2023-08,2023,True,True,True
7819297620223,1,484.1,193.64,484.1,D1,D7,Direct / Organic,Other,SG,False,2025-01,2025,True,False,False
7476798292223,4,483.29,193.32,120.82,D1,D1,Subscription,Clear Protein,SG,False,2024-09,2024,True,True,True
8332113117439,2,480.19,192.08,240.1,D1,D2,Paid Social,Other,SG,False,2025-09,2025,True,False,False
7756040503551,2,479.16,191.66,239.58,D1,D3,Direct / Organic,Unknown,MY,False,2022-01,2022,True,False,False
7756267454719,8,476.43,190.57,59.55,D1,D1,Direct / Organic,Other,MY,True,2023-02,2023,True,True,True
6423226679551,4,476.39,190.56,119.1,D1,D1,Subscription,Unknown,SG,False,2022-08,2022,True,True,True
6329708839167,1,475.12,190.05,475.12,D1,D10,Subscription,Unknown,SG,False,2022-06,2022,True,False,False
6329600803071,5,473.99,189.6,94.8,D1,D1,Subscription,Unknown,SG,False,2022-02,2022,True,True,True
6336651559167,2,470.69,188.28,235.34,D1,D3,Subscription,Unknown,SG,False,2022-03,2022,True,False,False
7756357763327,5,468.99,187.6,93.8,D1,D1,Subscription,Other,MY,True,2023-10,2023,True,True,True
7475231457535,4,468.8,187.52,117.2,D1,D1,Subscription,Lean Protein,SG,False,2024-08,2024,True,True,True
8339756974335,5,467.71,187.08,93.54,D1,D1,Paid Social,Accessories,SG,False,2025-09,2025,True,True,True
7756004458751,5,466.96,186.79,93.39,D1,D1,Direct / Organic,Unknown,MY,False,2022-03,2022,True,True,True
8347407614207,3,466.74,186.7,155.58,D1,D1,Direct / Organic,Other,SG,True,2025-10,2025,True,True,True
7933864575231,4,466.43,186.57,116.61,D1,D1,Subscription,Clear Protein,SG,True,2025-03,2025,True,True,True
7537170055423,4,466.41,186.56,116.6,D1,D1,Subscription,Other,SG,False,2024-10,2024,True,True,True
7755925750015,5,464.22,185.69,92.84,D1,D1,Direct / Organic,Unknown,MY,False,2022-04,2022,True,True,True
6822588449023,4,462.32,184.93,115.58,D1,D1,Subscription,Other,SG,False,2023-09,2023,True,True,True
6601910747391,5,462.15,184.86,92.43,D1,D1,Subscription,Other,SG,False,2023-05,2023,True,True,True
7756327911679,6,461.51,184.6,76.92,D1,D1,Direct / Organic,Collagen Glow,MY,True,2023-02,2023,True,True,True
6336735478015,4,461.48,184.59,115.37,D1,D1,Subscription,Unknown,SG,False,2022-05,2022,True,True,True
6329696682239,2,460.6,184.24,230.3,D1,D3,Subscription,Other,SG,False,2022-10,2022,True,False,False
6327748264191,9,458.28,183.31,50.92,D1,D1,Subscription,Other,SG,True,2023-06,2023,True,True,True
7756009373951,7,456.51,182.6,65.22,D1,D1,Direct / Organic,Unknown,MY,True,2022-08,2022,True,True,True
7136686768383,4,456.12,182.45,114.03,D1,D1,Subscription,Other,SG,False,2024-03,2024,True,True,True
7143014727935,4,453.92,181.57,113.48,D1,D1,Subscription,Clear Protein,SG,False,2024-03,2024,True,True,True
7756357435647,16,453.58,181.43,28.35,D1,D1,Direct / Organic,Collagen Glow,MY,True,2023-03,2023,True,True,True
7756008358143,6,452.7,181.08,75.45,D1,D1,Direct / Organic,Unknown,MY,False,2022-02,2022,True,True,True
6329639960831,2,451.61,180.64,225.8,D1,D3,Subscription,Unknown,SG,False,2022-05,2022,True,False,False
7756428902655,8,450.91,180.37,56.36,D1,D1,Subscription,Clear Protein,MY,True,2024-05,2024,True,True,True
7756048204031,11,439.97,175.99,40.0,D1,D1,Direct / Organic,Unknown,MY,True,2022-01,2022,True,True,True
7756023890175,5,439.95,175.98,87.99,D1,D1,Direct / Organic,Unknown,MY,False,2022-05,2022,True,True,True
7756044566783,1,439.77,175.91,439.77,D1,D8,Direct / Organic,Unknown,MY,False,2022-02,2022,True,False,False
7756440535295,2,439.52,175.81,219.76,D1,D3,Direct / Organic,Lean Protein,MY,False,2024-06,2024,True,False,False
7756015763711,8,437.71,175.08,54.71,D1,D1,Direct / Organic,Unknown,MY,False,2022-09,2022,True,True,True
7968511426815,7,436.6,174.64,62.37,D1,D1,Subscription,Clear Protein,SG,True,2025-04,2025,True,True,True
7756016779519,5,434.12,173.65,86.82,D1,D1,Direct / Organic,Unknown,MY,False,2022-05,2022,True,True,True
8234418274559,2,433.9,173.56,216.95,D1,D2,Direct / Organic,Collagen Glow,SG,False,2025-08,2025,True,False,False
7292403122431,4,432.4,172.96,108.1,D1,D1,Subscription,Clear Protein,SG,False,2024-05,2024,True,True,True
7272156496127,2,432.13,172.85,216.06,D1,D3,Subscription,Accessories,SG,False,2024-05,2024,True,False,False
6663954465023,4,431.71,172.68,107.93,D1,D1,Subscription,Other,SG,True,2023-05,2023,True,True,True
7756026773759,6,431.2,172.48,71.87,D1,D1,Direct / Organic,Unknown,MY,False,2022-04,2022,True,True,True
8335039529215,2,430.0,172.0,215.0,D1,D2,Direct / Organic,Lean Protein,SG,False,2025-09,2025,True,False,False
7756476645631,4,429.14,171.66,107.29,D1,D1,Direct / Organic,Other,MY,False,2024-10,2024,True,True,True
7756039913727,1,429.09,171.64,429.09,D1,D8,Direct / Organic,Unknown,MY,False,2022-03,2022,True,False,False
6336719192319,6,428.28,171.31,71.38,D1,D1,Subscription,Unknown,SG,True,2022-06,2022,True,True,True
7755938726143,14,428.24,171.3,30.59,D1,D1,Subscription,Other,MY,True,2024-03,2024,True,True,True
7756396036351,11,427.46,170.98,38.86,D1,D1,Subscription,Other,MY,True,2023-12,2023,True,True,True
7756420251903,4,426.78,170.71,106.69,D1,D1,Direct / Organic,Other,MY,True,2024-04,2024,True,True,True
7259717894399,2,425.88,170.35,212.94,D1,D3,Subscription,Clear Protein,SG,False,2024-05,2024,True,False,False
8244807008511,4,424.53,169.81,106.13,D1,D1,Direct / Organic,Other,SG,True,2025-08,2025,True,True,True
7756016615679,4,423.94,169.58,105.98,D1,D1,Direct / Organic,Unknown,MY,False,2022-05,2022,True,True,True
6327712874751,1,423.28,169.31,423.28,D1,D10,Subscription,Unknown,SG,False,2022-08,2022,True,False,False
6329600409855,1,422.3,168.92,422.3,D1,D10,Subscription,Unknown,SG,False,2022-08,2022,True,False,False
6329709887743,1,421.14,168.46,421.14,D1,D10,Subscription,Unknown,SG,False,2022-06,2022,True,False,False
7756484346111,7,418.09,167.24,59.73,D1,D1,Subscription,Clear Protein,MY,True,2024-12,2024,True,True,True
6327691772159,1,418.08,167.23,418.08,D1,D10,Subscription,Unknown,SG,False,2022-05,2022,True,False,False
7521930281215,3,413.98,165.59,137.99,D1,D2,Subscription,Other,SG,False,2024-09,2024,True,False,False
7756418973951,15,413.24,165.29,27.55,D1,D1,Subscription,Collagen Glow,MY,True,2024-04,2024,True,True,True
7755970740479,4,412.72,165.09,103.18,D1,D1,Direct / Organic,Unknown,MY,False,2022-06,2022,True,True,True
7756428116223,5,411.51,164.61,82.3,D1,D1,Direct / Organic,Lean Protein,MY,True,2024-05,2024,True,True,True
7756462293247,3,409.85,163.94,136.62,D1,D2,Direct / Organic,Accessories,MY,False,2024-09,2024,True,False,False
7336841543935,4,407.68,163.07,101.92,D1,D1,Subscription,Other,SG,True,2024-06,2024,True,True,True
7756048597247,1,406.55,162.62,406.55,D1,D8,Direct / Organic,Unknown,MY,False,2022-01,2022,True,False,False
6327555457279,5,406.26,162.5,81.25,D1,D1,Subscription,Unknown,SG,False,2022-08,2022,True,True,True
6772333609215,5,405.71,162.28,81.14,D1,D1,Subscription,Other,SG,False,2023-08,2023,True,True,True
7883697324287,2,404.9,161.96,202.45,D1,D2,Direct / Organic,Clear Protein,SG,False,2025-03,2025,True,False,False
6334077829375,1,404.64,161.86,404.64,D1,D10,Subscription,Unknown,SG,False,2022-05,2022,True,False,False
7278303510783,8,401.21,160.48,50.15,D1,D1,Subscription,Clear Protein,SG,True,2024-05,2024,True,True,True
6329602670847,4,401.2,160.48,100.3,D1,D1,Subscription,Clear Protein,SG,True,2024-03,2024,True,True,True
7756041027839,1,400.0,160.0,400.0,D1,D8,Direct / Organic,Unknown,MY,False,2022-03,2022,True,False,False
7755996463359,5,399.21,159.68,79.84,D1,D1,Direct / Organic,Unknown,MY,True,2022-02,2022,True,True,True
7756042174719,6,398.26,159.3,66.38,D1,D1,Direct / Organic,Unknown,MY,True,2022-02,2022,True,True,True
8305913921791,2,397.0,158.8,198.5,D1,D2,Direct / Organic,Other,SG,False,2025-09,2025,True,False,False
7756003639551,9,396.6,158.64,44.07,D1,D1,Direct / Organic,Unknown,MY,True,2022-08,2022,True,True,True
7756468125951,3,393.23,157.29,131.08,D1,D2,Direct / Organic,Clear Protein,MY,False,2024-09,2024,True,False,False
7756466028799,4,392.27,156.91,98.07,D1,D1,Subscription,Other,MY,True,2024-09,2024,True,True,True
6329863766271,2,391.45,156.58,195.72,D1,D3,Subscription,Unknown,SG,False,2022-08,2022,True,False,False
6329831588095,7,391.2,156.48,55.89,D1,D1,Subscription,Other,SG,False,2024-09,2024,True,True,True
7756461670655,5,389.83,155.93,77.97,D1,D1,Direct / Organic,Lean Protein,MY,False,2024-08,2024,True,True,True
8345035243775,3,387.0,154.8,129.0,D1,D1,Direct / Organic,Accessories,SG,False,2025-09,2025,True,True,True
6767682453759,4,386.07,154.43,96.52,D1,D1,Subscription,Other,SG,True,2023-08,2023,True,True,True
7756381683967,6,385.85,154.34,64.31,D1,D1,Direct / Organic,Other,MY,False,2023-09,2023,True,True,True
8134168314111,3,385.35,154.14,128.45,D1,D1,Direct / Organic,Clear Protein,SG,True,2025-06,2025,True,True,True
7483704705279,3,383.31,153.32,127.77,D1,D2,Subscription,Clear Protein,SG,False,2024-09,2024,True,False,False
6835415613695,3,382.71,153.08,127.57,D1,D2,Subscription,Soy Protein,SG,False,2023-10,2023,True,False,False
8404134985983,2,382.56,153.02,191.28,D1,D2,Direct / Organic,Clear Protein,SG,False,2025-10,2025,True,False,False
6423596531967,2,382.12,152.85,191.06,D1,D3,Subscription,Unknown,SG,False,2022-03,2022,True,False,False
8308809007359,2,378.0,151.2,189.0,D1,D2,Direct / Organic,Other,SG,False,2025-09,2025,True,False,False
7182675083519,3,375.61,150.24,125.2,D1,D2,Subscription,Clear Protein,SG,False,2024-04,2024,True,False,False
8162392932607,4,375.41,150.16,93.85,D1,D1,Direct / Organic,Lean Protein,SG,False,2025-06,2025,True,True,True
7940749426943,2,373.77,149.51,186.88,D1,D2,Direct / Organic,Accessories,SG,False,2025-04,2025,True,False,False
7756486934783,3,371.56,148.62,123.85,D1,D2,Direct / Organic,Clear Protein,MY,True,2024-12,2024,True,False,False
8766572364031,1,371.52,148.61,371.52,D1,D4,Direct / Organic,Other,SG,False,2026-02,2026,True,False,False
8306264637695,5,370.99,148.4,74.2,D1,D1,Paid Social,Lean Protein,SG,True,2025-09,2025,True,True,True
7956311998719,7,368.28,147.31,52.61,D1,D1,Subscription,Collagen Glow,SG,True,2025-06,2025,True,True,True
8117513683199,6,367.93,147.17,61.32,D1,D1,Subscription,Clear Protein,SG,True,2025-06,2025,True,True,True
6641585848575,2,367.53,147.01,183.76,D1,D3,Subscription,Unknown,SG,False,2023-04,2023,True,False,False
7755927191807,7,367.42,146.97,52.49,D1,D1,Direct / Organic,Other,MY,True,2023-03,2023,True,True,True
6329858785535,2,367.25,146.9,183.62,D1,D3,Subscription,Unknown,SG,False,2022-04,2022,True,False,False
6559129141503,6,367.1,146.84,61.18,D1,D1,Subscription,Other,SG,False,2023-02,2023,True,True,True
6336712409343,6,366.36,146.54,61.06,D1,D1,Subscription,Unknown,SG,True,2022-01,2021,True,True,True
7756002918655,5,365.94,146.37,73.19,D1,D1,Direct / Organic,Unknown,MY,False,2022-01,2022,True,True,True
7756392923391,5,365.64,146.26,73.13,D1,D1,Direct / Organic,Unknown,MY,True,2023-12,2023,True,True,True
8093415178495,4,365.61,146.24,91.4,D1,D1,Direct / Organic,Accessories,SG,False,2025-06,2025,True,True,True
7756485361919,6,365.0,146.0,60.83,D1,D1,Direct / Organic,Accessories,MY,True,2024-12,2024,True,True,True
6328274747647,4,364.68,145.87,91.17,D1,D1,Subscription,Unknown,SG,False,2022-04,2022,True,True,True
6685270081791,4,364.2,145.68,91.05,D1,D1,Subscription,Other,SG,True,2023-05,2023,True,True,True
7755924472063,14,363.69,145.48,25.98,D1,D1,Direct / Organic,Unknown,MY,True,2022-05,2022,True,True,True
6327689543935,5,363.55,145.42,72.71,D1,D1,Subscription,Unknown,SG,False,2022-03,2022,True,True,True
7756042502399,1,363.15,145.26,363.15,D1,D8,Direct / Organic,Unknown,MY,False,2022-02,2022,True,False,False
6327401709823,3,363.04,145.22,121.01,D1,D2,Subscription,Unknown,SG,False,2022-04,2022,True,False,False
7851112497407,9,362.18,144.87,40.24,D1,D1,Subscription,Other,SG,True,2025-02,2025,True,True,True
6327404921087,2,361.09,144.44,180.54,D1,D3,Subscription,Unknown,SG,False,2022-08,2022,True,False,False
7341135954175,2,360.4,144.16,180.2,D1,D3,Subscription,Clear Protein,SG,False,2024-06,2024,True,False,False
7276078170367,4,360.3,144.12,90.07,D1,D1,Subscription,Other,SG,False,2024-05,2024,True,True,True
7756357632255,7,358.82,143.53,51.26,D1,D1,Direct / Organic,Other,MY,True,2023-03,2023,True,True,True
6329699729663,1,357.62,143.05,357.62,D1,D10,Subscription,Unknown,SG,False,2022-08,2022,True,False,False
7756043583743,1,357.2,142.88,357.2,D1,D8,Direct / Organic,Unknown,MY,False,2022-02,2022,True,False,False
6423599907071,1,356.86,142.74,356.86,D1,D10,Subscription,Unknown,SG,False,2022-03,2022,True,False,False
6334060429567,2,356.21,142.48,178.1,D1,D3,Subscription,Unknown,SG,False,2022-04,2022,True,False,False
6329836339455,2,355.61,142.24,177.8,D1,D3,Subscription,Unknown,SG,False,2022-04,2022,True,False,False
8758023454975,2,351.99,140.8,176.0,D1,D2,Subscription,Lean Protein,SG,True,2026-02,2026,True,False,False
8350900257023,2,349.8,139.92,174.9,D1,D2,Subscription,Other,SG,True,2025-09,2025,True,False,False
7937013809407,4,349.54,139.82,87.38,D1,D1,Direct / Organic,Other,SG,True,2025-04,2025,True,True,True
6329714376959,3,349.15,139.66,116.38,D1,D2,Subscription,Unknown,SG,False,2022-04,2022,True,False,False
7252742078719,3,348.89,139.56,116.3,D1,D2,Subscription,Other,SG,False,2024-04,2024,True,False,False
7756262801663,8,348.61,139.44,43.58,D1,D1,Direct / Organic,Unknown,MY,False,2022-12,2022,True,True,True
8602896433407,1,348.3,139.32,348.3,D1,D5,Subscription,Lean Protein,SG,True,2025-12,2025,True,False,False
6328231035135,1,348.12,139.25,348.12,D1,D10,Subscription,Unknown,SG,False,2022-04,2022,True,False,False
8273287708927,2,347.9,139.16,173.95,D1,D2,Direct / Organic,Lean Protein,SG,False,2025-08,2025,True,False,False
6424573640959,3,347.26,138.9,115.75,D1,D2,Subscription,Other,SG,False,2023-09,2023,True,False,False
7968443990271,5,346.92,138.77,69.38,D1,D1,Direct / Organic,Unknown,SG,True,2025-04,2025,True,True,True
7851775066367,5,346.0,138.4,69.2,D1,D1,Direct / Organic,Clear Protein,SG,True,2025-02,2025,True,True,True
7261004103935,4,343.86,137.54,85.96,D1,D1,Subscription,Clear Protein,SG,True,2024-06,2024,True,True,True
7756265619711,4,343.34,137.34,85.83,D1,D1,Direct / Organic,Collagen Glow,MY,False,2023-01,2023,True,True,True
7755991482623,3,343.22,137.29,114.41,D1,D2,Direct / Organic,Unknown,MY,False,2022-02,2022,True,False,False
6423596761343,2,343.13,137.25,171.56,D1,D3,Subscription,Unknown,SG,False,2022-01,2022,True,False,False
6424544575743,3,342.81,137.12,114.27,D1,D2,Subscription,Clear Protein,SG,False,2023-12,2023,True,False,False
7756429525247,4,342.58,137.03,85.65,D1,D1,Subscription,Lean Protein,SG,True,2025-06,2025,True,True,True
7756016582911,1,341.83,136.73,341.83,D1,D8,Direct / Organic,Unknown,MY,False,2022-08,2022,True,False,False
7755966710015,3,340.71,136.28,113.57,D1,D2,Direct / Organic,Unknown,MY,False,2022-03,2022,True,False,False
6328277893375,3,339.6,135.84,113.2,D1,D2,Subscription,Other,SG,True,2023-06,2023,True,False,False
8054880207103,3,339.6,135.84,113.2,D1,D1,Direct / Organic,Lean Protein,SG,False,2025-05,2025,True,True,True
6327795548415,3,339.52,135.81,113.17,D1,D2,Subscription,Unknown,SG,False,2022-02,2022,True,False,False
7723643175167,6,339.35,135.74,56.56,D1,D1,Subscription,Lean Protein,SG,True,2024-12,2024,True,True,True
7756418023679,7,339.03,135.61,48.43,D1,D1,Subscription,Other,MY,True,2024-04,2024,True,True,True
8477642031359,2,337.4,134.96,168.7,D1,D2,Direct / Organic,Lean Protein,SG,False,2025-10,2025,True,False,False
7756170002687,2,337.27,134.91,168.64,D1,D3,Subscription,Other,SG,True,2025-08,2025,True,False,False
7167085084927,4,334.3,133.72,83.58,D1,D1,Subscription,Clear Protein,SG,False,2024-04,2024,True,True,True
7144399864063,3,334.1,133.64,111.37,D1,D2,Subscription,Clear Protein,SG,True,2024-03,2024,True,False,False
6327622566143,1,332.74,133.1,332.74,D1,D10,Subscription,Unknown,SG,False,2022-04,2022,True,False,False
7968596427007,9,332.19,132.88,36.91,D1,D1,Subscription,Other,SG,True,2025-04,2025,True,True,True
7756020908287,6,332.09,132.83,55.35,D1,D1,Direct / Organic,Unknown,MY,True,2022-02,2022,True,True,True
6329869861119,3,330.56,132.22,110.19,D1,D2,Subscription,Unknown,SG,False,2022-06,2022,True,False,False
8037245124863,5,330.55,132.22,66.11,D1,D1,Subscription,Lean Protein,SG,True,2025-05,2025,True,True,True
7969066320127,5,330.4,132.16,66.08,D1,D1,Subscription,Clear Protein,SG,True,2025-04,2025,True,True,True
7756028248319,9,329.66,131.87,36.63,D1,D1,Direct / Organic,Unknown,MY,False,2022-03,2022,True,True,True
7756457443583,4,329.47,131.79,82.37,D1,D1,Direct / Organic,Clear Protein,MY,False,2024-08,2024,True,True,True
6336669483263,3,328.42,131.37,109.47,D1,D2,Subscription,Other,SG,True,2024-09,2024,True,False,False
7755954094335,4,327.82,131.13,81.96,D1,D1,Direct / Organic,Unknown,MY,False,2022-06,2022,True,True,True
8055471735039,4,326.45,130.58,81.61,D1,D1,Direct / Organic,Clear Protein,SG,False,2025-05,2025,True,True,True
7427694067967,3,324.15,129.66,108.05,D1,D2,Subscription,Clear Protein,SG,False,2024-08,2024,True,False,False
7756485951743,4,323.02,129.21,80.76,D1,D1,Direct / Organic,Accessories,MY,False,2024-12,2024,True,True,True
7756425134335,3,322.36,128.95,107.45,D1,D2,Subscription,Collagen Glow,MY,True,2024-05,2024,True,False,False
7942386712831,6,322.04,128.82,53.67,D1,D1,Paid Social,Accessories,SG,True,2025-05,2025,True,True,True
7573622128895,4,321.2,128.48,80.3,D1,D1,Subscription,Clear Protein,SG,False,2024-10,2024,True,True,True
8341243035903,3,320.8,128.32,106.93,D1,D1,Direct / Organic,Other,SG,False,2025-09,2025,True,True,True
7945581887743,6,320.44,128.18,53.41,D1,D1,Paid Social,Lean Protein,SG,True,2025-04,2025,True,True,True
7089442390271,4,319.66,127.86,79.91,D1,D1,Subscription,Other,SG,True,2024-02,2024,True,True,True
8343572152575,3,319.57,127.83,106.52,D1,D1,Subscription,Accessories,SG,True,2025-09,2025,True,True,True
7335218184447,1,318.6,127.44,318.6,D1,D9,Subscription,Clear Protein,SG,False,2024-06,2024,True,False,False
6532484989183,4,317.28,126.91,79.32,D1,D1,Direct / Organic,Unknown,MY,True,2022-08,2022,True,True,True
7756328009983,3,315.9,126.36,105.3,D1,D2,Direct / Organic,Accessories,MY,False,2023-02,2023,True,False,False
7691249844479,3,315.81,126.32,105.27,D1,D2,Subscription,Other,SG,False,2024-12,2024,True,False,False
7756264440063,3,315.56,126.22,105.19,D1,D2,Direct / Organic,Other,MY,False,2023-01,2023,True,False,False
7756045811967,1,315.55,126.22,315.55,D1,D8,Direct / Organic,Unknown,MY,False,2022-01,2022,True,False,False
8474687602943,3,314.67,125.87,104.89,D1,D1,Direct / Organic,Lean Protein,SG,False,2025-10,2025,True,True,True
7988988313855,4,311.02,124.41,77.76,D1,D1,Direct / Organic,Other,SG,False,2025-04,2025,True,True,True
7984809738495,5,310.5,124.2,62.1,D1,D1,Subscription,Clear Protein,SG,True,2025-04,2025,True,True,True
8071589462271,5,310.5,124.2,62.1,D1,D1,Subscription,Clear Protein,SG,True,2025-05,2025,True,True,True
7755999576319,2,310.45,124.18,155.23,D1,D3,Direct / Organic,Unknown,MY,False,2022-01,2021,True,False,False
6336662634751,3,309.55,123.82,103.18,D1,D2,Subscription,Other,SG,True,2023-04,2023,True,False,False
7756457509119,5,309.12,123.65,61.82,D1,D1,Direct / Organic,Clear Protein,MY,False,2024-08,2024,True,True,True
7756469895423,7,309.07,123.63,44.15,D1,D1,Subscription,Other,MY,True,2024-10,2024,True,True,True
8384362742015,2,308.9,123.56,154.45,D1,D2,Paid Social,Clear Protein,SG,False,2025-10,2025,True,False,False
7756383486207,4,308.9,123.56,77.22,D1,D1,Subscription,Other,MY,True,2023-10,2023,True,True,True
6329853542655,5,308.8,123.52,61.76,D1,D1,Subscription,Other,MY,True,2023-06,2023,True,True,True
6550479470847,4,308.76,123.5,77.19,D1,D1,Subscription,Other,SG,False,2023-02,2023,True,True,True
7307284611327,2,307.34,122.94,153.67,D1,D3,Subscription,Clear Protein,SG,False,2024-05,2024,True,False,False
6423592370431,2,307.29,122.92,153.65,D1,D3,Subscription,Unknown,SG,False,2022-04,2022,True,False,False
7756469731583,7,307.19,122.88,43.88,D1,D1,Direct / Organic,Other,MY,True,2024-09,2024,True,True,True
6776240406783,3,306.49,122.6,102.16,D1,D2,Subscription,Other,SG,False,2023-08,2023,True,False,False
6327734927615,8,306.04,122.42,38.26,D1,D1,Subscription,Unknown,SG,True,2022-05,2022,True,True,True
7756264800511,5,305.92,122.37,61.18,D1,D1,Direct / Organic,Unknown,MY,True,2023-01,2023,True,True,True
6804197376255,3,305.04,122.02,101.68,D1,D2,Subscription,Other,SG,True,2023-09,2023,True,False,False
7756457148671,4,304.56,121.82,76.14,D1,D1,Subscription,Clear Protein,MY,True,2024-08,2024,True,True,True
6601910092031,6,304.3,121.72,50.72,D1,D1,Subscription,Other,SG,True,2023-03,2023,True,True,True
7516825649407,2,303.96,121.58,151.98,D1,D3,Subscription,Clear Protein,SG,False,2024-09,2024,True,False,False
7984357114111,2,303.84,121.54,151.92,D1,D2,Subscription,Collagen Glow,SG,True,2025-04,2025,True,False,False
8236594004223,1,303.8,121.52,303.8,D1,D5,Direct / Organic,Clear Protein,SG,False,2025-08,2025,True,False,False
7756400787711,13,303.78,121.51,23.37,D1,D1,Subscription,Other,MY,True,2024-01,2024,True,True,True
6336654704895,2,303.67,121.47,151.84,D1,D3,Subscription,Unknown,SG,False,2022-08,2022,True,False,False
7756017893631,4,303.58,121.43,75.89,D1,D1,Direct / Organic,Unknown,MY,False,2022-04,2022,True,True,True
8114101715199,4,303.05,121.22,75.76,D1,D1,Subscription,Accessories,SG,True,2025-08,2025,True,True,True
6329719718143,1,302.53,121.01,302.53,D1,D10,Subscription,Unknown,SG,False,2022-06,2022,True,False,False
8015956279551,4,302.4,120.96,75.6,D1,D1,Subscription,Clear Protein,SG,True,2025-05,2025,True,True,True
7272645099775,1,300.9,120.36,300.9,D1,D9,Subscription,Unknown,SG,False,2024-05,2024,True,False,False
6336651133183,3,300.55,120.22,100.18,D1,D2,Subscription,Unknown,SG,False,2022-03,2022,True,False,False
8004947214591,2,300.5,120.2,150.25,D1,D2,Direct / Organic,Accessories,SG,False,2025-05,2025,True,False,False
7364057563391,3,300.09,120.04,100.03,D1,D2,Subscription,Accessories,SG,False,2024-06,2024,True,False,False
8260457005311,4,298.75,119.5,74.69,D1,D1,Direct / Organic,Lean Protein,SG,False,2025-08,2025,True,True,True
7441933336831,3,298.7,119.48,99.57,D1,D2,Subscription,Clear Protein,SG,False,2024-08,2024,True,False,False
7756428509439,7,297.96,119.18,42.57,D1,D1,Subscription,Collagen Glow,MY,True,2024-05,2024,True,True,True
8082865291519,5,296.71,118.68,59.34,D1,D1,Direct / Organic,Accessories,SG,True,2025-05,2025,True,True,True
6336760545535,1,296.38,118.55,296.38,D1,D10,Subscription,Unknown,SG,False,2022-06,2022,True,False,False
7155206750463,3,295.51,118.2,98.5,D1,D2,Subscription,Clear Protein,SG,False,2024-03,2024,True,False,False
7313591402751,3,295.46,118.18,98.49,D1,D2,Subscription,Lean Protein,SG,True,2024-05,2024,True,False,False
7756000067839,3,295.15,118.06,98.38,D1,D2,Direct / Organic,Other,MY,True,2022-09,2022,True,False,False
8676694294783,2,294.91,117.96,147.45,D1,D2,Subscription,Collagen Glow,SG,True,2026-01,2026,True,False,False
8476754673919,3,294.5,117.8,98.17,D1,D1,Direct / Organic,Collagen Glow,SG,False,2025-10,2025,True,True,True
