customer_id,crm_treatment_tier,contribution_margin_decile,order_freq_decile,true_gross_profit,finals_orders,finals_revenue,aov,n_categories_ever,ever_subscribed,is_top_cm,is_top_freq,is_top_both,first_channel,first_product_cat,retention_budget_5pct_sgd,retention_budget_10pct_sgd,max_sample_cost_sgd,promo_policy,incentive_types
7756044599551,T2,D5,D1,18.61,2,46.52,23.26,1,False,False,True,False,Direct / Organic,Unknown,0.93,1.86,1.86,SUBSCRIBE_AND_SAVE | bundle_offers | no_blanket_10pct,subscribe_discount|bundle|category_sample
7756032868607,T5,D5,D4,18.6,1,49.23,49.23,1,False,False,False,False,Direct / Organic,Unknown,0.93,1.86,0.0,WINBACK_EMAIL_ONLY,none_or_email_only
8712766128383,T5,D5,D2,18.58,1,28.27,28.27,2,False,False,False,False,Direct / Organic,Clear Protein,0.93,1.86,0.0,WINBACK_EMAIL_ONLY,none_or_email_only
7964005826815,T2,D5,D1,18.46,2,28.18,14.09,4,False,False,True,False,Paid Social,Unknown,0.92,1.85,1.85,SUBSCRIBE_AND_SAVE | bundle_offers | no_blanket_10pct,subscribe_discount|bundle|category_sample
7958758916351,T5,D5,D3,18.32,1,19.9,19.9,1,False,False,False,False,Direct / Organic,Accessories,0.92,1.83,0.0,WINBACK_EMAIL_ONLY,none_or_email_only
7958759211263,T5,D5,D3,18.32,1,19.9,19.9,1,False,False,False,False,Direct / Organic,Accessories,0.92,1.83,0.0,WINBACK_EMAIL_ONLY,none_or_email_only
7973381570815,T5,D5,D3,18.32,1,19.9,19.9,1,False,False,False,False,Direct / Organic,Accessories,0.92,1.83,0.0,WINBACK_EMAIL_ONLY,none_or_email_only
7756015862015,T5,D5,D4,18.31,1,51.83,51.83,1,False,False,False,False,Direct / Organic,Unknown,0.92,1.83,0.0,WINBACK_EMAIL_ONLY,none_or_email_only
7756016681215,T5,D5,D4,18.31,1,48.5,48.5,1,False,False,False,False,Direct / Organic,Unknown,0.92,1.83,0.0,WINBACK_EMAIL_ONLY,none_or_email_only
7756432310527,T5,D5,D4,18.26,1,48.73,48.73,1,False,False,False,False,Direct / Organic,Unknown,0.91,1.83,0.0,WINBACK_EMAIL_ONLY,none_or_email_only
7756379291903,T5,D5,D4,18.26,1,38.15,38.15,1,False,False,False,False,Direct / Organic,Other,0.91,1.83,0.0,WINBACK_EMAIL_ONLY,none_or_email_only
7756379685119,T5,D5,D4,18.26,1,38.15,38.15,1,False,False,False,False,Direct / Organic,Other,0.91,1.83,0.0,WINBACK_EMAIL_ONLY,none_or_email_only
7756380012799,T5,D5,D4,18.26,1,33.0,33.0,1,False,False,False,False,Direct / Organic,Other,0.91,1.83,0.0,WINBACK_EMAIL_ONLY,none_or_email_only
7756382699775,T5,D5,D4,18.26,1,36.19,36.19,1,False,False,False,False,Direct / Organic,Other,0.91,1.83,0.0,WINBACK_EMAIL_ONLY,none_or_email_only
7756385878271,T5,D5,D4,18.26,1,21.18,21.18,1,False,False,False,False,Direct / Organic,Other,0.91,1.83,0.0,WINBACK_EMAIL_ONLY,none_or_email_only
7756386009343,T5,D5,D4,18.26,1,38.15,38.15,1,False,False,False,False,Direct / Organic,Other,0.91,1.83,0.0,WINBACK_EMAIL_ONLY,none_or_email_only
8761459179775,T5,D5,D2,18.17,1,33.18,33.18,1,False,False,False,False,Direct / Organic,Clear Protein,0.91,1.82,0.0,WINBACK_EMAIL_ONLY,none_or_email_only
7756376965375,T5,D5,D4,18.17,1,48.15,48.15,1,False,False,False,False,Direct / Organic,Unknown,0.91,1.82,0.0,WINBACK_EMAIL_ONLY,none_or_email_only
7756386435327,T5,D5,D4,18.17,1,51.48,51.48,1,False,False,False,False,Direct / Organic,Unknown,0.91,1.82,0.0,WINBACK_EMAIL_ONLY,none_or_email_only
7755940462847,T5,D5,D5,18.06,1,47.88,47.88,1,False,False,False,False,Direct / Organic,Unknown,0.9,1.81,0.0,WINBACK_EMAIL_ONLY,none_or_email_only
7755966054655,T5,D5,D5,18.06,1,47.88,47.88,1,False,False,False,False,Direct / Organic,Unknown,0.9,1.81,0.0,WINBACK_EMAIL_ONLY,none_or_email_only
7756016255231,T5,D5,D4,18.06,1,47.88,47.88,1,False,False,False,False,Direct / Organic,Unknown,0.9,1.81,0.0,WINBACK_EMAIL_ONLY,none_or_email_only
7756016550143,T5,D5,D4,18.06,1,45.15,45.15,1,False,False,False,False,Direct / Organic,Unknown,0.9,1.81,0.0,WINBACK_EMAIL_ONLY,none_or_email_only
7756018155775,T5,D5,D4,18.06,1,47.88,47.88,1,False,False,False,False,Direct / Organic,Unknown,0.9,1.81,0.0,WINBACK_EMAIL_ONLY,none_or_email_only
7756019564799,T5,D5,D4,18.06,1,47.88,47.88,1,False,False,False,False,Direct / Organic,Unknown,0.9,1.81,0.0,WINBACK_EMAIL_ONLY,none_or_email_only
6336697958655,T5,D5,D5,18.0,1,49.9,49.9,1,False,False,False,False,Subscription,Unknown,0.9,1.8,0.0,WINBACK_EMAIL_ONLY,none_or_email_only
7756375490815,T5,D5,D4,17.95,1,30.88,30.88,2,True,False,False,False,Subscription,Other,0.9,1.8,0.0,WINBACK_EMAIL_ONLY,none_or_email_only
7756038570239,T5,D5,D4,17.93,1,47.56,47.56,1,False,False,False,False,Direct / Organic,Unknown,0.9,1.79,0.0,WINBACK_EMAIL_ONLY,none_or_email_only
7756043223295,T5,D5,D4,17.93,1,47.56,47.56,1,False,False,False,False,Direct / Organic,Unknown,0.9,1.79,0.0,WINBACK_EMAIL_ONLY,none_or_email_only
7122183651583,T5,D5,D5,17.91,1,33.73,33.73,2,True,False,False,False,Subscription,Collagen Glow,0.9,1.79,0.0,WINBACK_EMAIL_ONLY,none_or_email_only
7914981261567,T5,D5,D3,17.9,1,22.05,22.05,1,True,False,False,False,Subscription,Lean Protein,0.9,1.79,0.0,WINBACK_EMAIL_ONLY,none_or_email_only
8101182767359,T2,D5,D1,17.88,2,24.8,12.4,3,False,False,True,False,Direct / Organic,Accessories,0.89,1.79,1.79,SUBSCRIBE_AND_SAVE | bundle_offers | no_blanket_10pct,subscribe_discount|bundle|category_sample
8055524688127,T5,D5,D3,17.84,1,26.6,26.6,2,False,False,False,False,Direct / Organic,Lean Protein,0.89,1.78,0.0,WINBACK_EMAIL_ONLY,none_or_email_only
8097250345215,T5,D5,D3,17.84,1,26.6,26.6,2,False,False,False,False,Paid Social,Lean Protein,0.89,1.78,0.0,WINBACK_EMAIL_ONLY,none_or_email_only
7755949506815,T5,D5,D2,17.82,2,44.55,22.275,1,False,False,False,False,Direct / Organic,Unknown,0.89,1.78,0.0,WINBACK_EMAIL_ONLY,none_or_email_only
7829344321791,T5,D5,D3,17.82,1,44.55,44.55,1,False,False,False,False,Direct / Organic,Unknown,0.89,1.78,0.0,WINBACK_EMAIL_ONLY,none_or_email_only
6423593255167,T5,D5,D5,17.8,1,49.4,49.4,1,False,False,False,False,Subscription,Unknown,0.89,1.78,0.0,WINBACK_EMAIL_ONLY,none_or_email_only
6329848496383,T5,D5,D2,17.79,2,54.27,27.135,1,False,False,False,False,Subscription,Unknown,0.89,1.78,0.0,WINBACK_EMAIL_ONLY,none_or_email_only
7155123814655,T5,D5,D5,17.75,1,25.23,25.23,2,True,False,False,False,Subscription,Other,0.89,1.78,0.0,WINBACK_EMAIL_ONLY,none_or_email_only
8369912414463,T5,D5,D2,17.65,1,27.9,27.9,1,False,False,False,False,Direct / Organic,Clear Protein,0.88,1.76,0.0,WINBACK_EMAIL_ONLY,none_or_email_only
8476172157183,T5,D5,D2,17.65,1,20.61,20.61,1,False,False,False,False,Direct / Organic,Clear Protein,0.88,1.76,0.0,WINBACK_EMAIL_ONLY,none_or_email_only
8595943260415,T5,D5,D2,17.65,1,25.61,25.61,1,False,False,False,False,Affiliate,Clear Protein,0.88,1.76,0.0,WINBACK_EMAIL_ONLY,none_or_email_only
8761487556863,T5,D5,D2,17.65,1,19.47,19.47,1,False,False,False,False,Direct / Organic,Clear Protein,0.88,1.76,0.0,WINBACK_EMAIL_ONLY,none_or_email_only
8761534906623,T5,D5,D2,17.65,1,19.47,19.47,1,False,False,False,False,Direct / Organic,Clear Protein,0.88,1.76,0.0,WINBACK_EMAIL_ONLY,none_or_email_only
8761555124479,T5,D5,D2,17.65,1,19.47,19.47,1,False,False,False,False,Direct / Organic,Clear Protein,0.88,1.76,0.0,WINBACK_EMAIL_ONLY,none_or_email_only
8790428057855,T5,D5,D2,17.65,1,27.9,27.9,1,False,False,False,False,Direct / Organic,Clear Protein,0.88,1.76,0.0,WINBACK_EMAIL_ONLY,none_or_email_only
8857631686911,T5,D5,D2,17.65,1,25.61,25.61,1,False,False,False,False,Direct / Organic,Clear Protein,0.88,1.76,0.0,WINBACK_EMAIL_ONLY,none_or_email_only
7756031492351,T2,D5,D1,17.62,2,46.77,23.385,1,False,False,True,False,Direct / Organic,Unknown,0.88,1.76,1.76,SUBSCRIBE_AND_SAVE | bundle_offers | no_blanket_10pct,subscribe_discount|bundle|category_sample
7756438241535,T5,D5,D4,17.61,1,21.88,21.88,2,True,False,False,False,Subscription,Soy Protein,0.88,1.76,0.0,WINBACK_EMAIL_ONLY,none_or_email_only
7756361695487,T5,D5,D4,17.6,1,38.94,38.94,2,False,False,False,False,Direct / Organic,Other,0.88,1.76,0.0,WINBACK_EMAIL_ONLY,none_or_email_only
7756017336575,T5,D5,D4,17.58,1,46.67,46.67,1,False,False,False,False,Direct / Organic,Unknown,0.88,1.76,0.0,WINBACK_EMAIL_ONLY,none_or_email_only
7756044665087,T5,D5,D4,17.58,1,43.94,43.94,1,False,False,False,False,Direct / Organic,Unknown,0.88,1.76,0.0,WINBACK_EMAIL_ONLY,none_or_email_only
7755940299007,T5,D5,D2,17.44,2,46.33,23.165,1,False,False,False,False,Direct / Organic,Unknown,0.87,1.74,0.0,WINBACK_EMAIL_ONLY,none_or_email_only
8853291663615,T5,D5,D2,17.4,1,15.73,15.73,1,False,False,False,False,Direct / Organic,Other,0.87,1.74,0.0,WINBACK_EMAIL_ONLY,none_or_email_only
7756039717119,T5,D5,D4,17.31,1,45.99,45.99,1,False,False,False,False,Direct / Organic,Unknown,0.87,1.73,0.0,WINBACK_EMAIL_ONLY,none_or_email_only
8830565548287,T5,D5,D2,17.3,1,15.66,15.66,1,False,False,False,False,Direct / Organic,Other,0.87,1.73,0.0,WINBACK_EMAIL_ONLY,none_or_email_only
7756034375935,T5,D5,D4,17.28,1,45.92,45.92,1,False,False,False,False,Direct / Organic,Unknown,0.86,1.73,0.0,WINBACK_EMAIL_ONLY,none_or_email_only
6329631408383,T5,D5,D5,17.28,1,48.09,48.09,1,False,False,False,False,Subscription,Unknown,0.86,1.73,0.0,WINBACK_EMAIL_ONLY,none_or_email_only
7756043845887,T2,D5,D1,17.2,2,43.0,21.5,1,False,False,True,False,Direct / Organic,Unknown,0.86,1.72,1.72,SUBSCRIBE_AND_SAVE | bundle_offers | no_blanket_10pct,subscribe_discount|bundle|category_sample
7756017139967,T5,D5,D4,17.16,1,45.62,45.62,1,False,False,False,False,Direct / Organic,Unknown,0.86,1.72,0.0,WINBACK_EMAIL_ONLY,none_or_email_only
7756028739839,T5,D5,D4,17.05,1,45.35,45.35,1,False,False,False,False,Direct / Organic,Unknown,0.85,1.7,0.0,WINBACK_EMAIL_ONLY,none_or_email_only
7756037521663,T5,D5,D4,17.03,1,45.3,45.3,1,False,False,False,False,Direct / Organic,Unknown,0.85,1.7,0.0,WINBACK_EMAIL_ONLY,none_or_email_only
7756032671999,T5,D5,D4,17.02,1,45.27,45.27,1,False,False,False,False,Direct / Organic,Unknown,0.85,1.7,0.0,WINBACK_EMAIL_ONLY,none_or_email_only
7756032803071,T5,D5,D4,17.02,1,45.27,45.27,1,False,False,False,False,Direct / Organic,Unknown,0.85,1.7,0.0,WINBACK_EMAIL_ONLY,none_or_email_only
6329618006271,T5,D5,D5,17.02,1,47.44,47.44,1,False,False,False,False,Subscription,Unknown,0.85,1.7,0.0,WINBACK_EMAIL_ONLY,none_or_email_only
7755916542207,T5,D5,D5,16.96,1,48.45,48.45,1,False,False,False,False,Direct / Organic,Unknown,0.85,1.7,0.0,WINBACK_EMAIL_ONLY,none_or_email_only
7756021465343,T5,D5,D2,16.93,2,42.32,21.16,1,False,False,False,False,Direct / Organic,Unknown,0.85,1.69,0.0,WINBACK_EMAIL_ONLY,none_or_email_only
7756044402943,T5,D5,D4,16.93,1,42.32,42.32,1,False,False,False,False,Direct / Organic,Unknown,0.85,1.69,0.0,WINBACK_EMAIL_ONLY,none_or_email_only
7756040339711,T5,D5,D4,16.92,1,45.03,45.03,1,False,False,False,False,Direct / Organic,Unknown,0.85,1.69,0.0,WINBACK_EMAIL_ONLY,none_or_email_only
8657032413439,T5,D5,D2,16.82,1,24.74,24.74,1,False,False,False,False,Direct / Organic,Other,0.84,1.68,0.0,WINBACK_EMAIL_ONLY,none_or_email_only
6327703240959,T5,D5,D5,16.8,1,46.9,46.9,1,False,False,False,False,Subscription,Unknown,0.84,1.68,0.0,WINBACK_EMAIL_ONLY,none_or_email_only
6328266129663,T5,D5,D5,16.8,1,46.9,46.9,1,False,False,False,False,Subscription,Unknown,0.84,1.68,0.0,WINBACK_EMAIL_ONLY,none_or_email_only
6328303943935,T5,D5,D5,16.8,1,46.9,46.9,1,False,False,False,False,Subscription,Unknown,0.84,1.68,0.0,WINBACK_EMAIL_ONLY,none_or_email_only
8644783702271,T5,D5,D2,16.72,1,24.63,24.63,1,False,False,False,False,Direct / Organic,Other,0.84,1.67,0.0,WINBACK_EMAIL_ONLY,none_or_email_only
7755979129087,T5,D5,D4,16.65,1,41.64,41.64,1,False,False,False,False,Direct / Organic,Unknown,0.83,1.66,0.0,WINBACK_EMAIL_ONLY,none_or_email_only
7756422938879,T5,D5,D4,16.61,1,39.13,39.13,1,True,False,False,False,Subscription,Other,0.83,1.66,0.0,WINBACK_EMAIL_ONLY,none_or_email_only
8898942533887,T5,D5,D2,16.4,1,31.8,31.8,1,False,False,False,False,Paid Social,Other,0.82,1.64,0.0,WINBACK_EMAIL_ONLY,none_or_email_only
8693529247999,T5,D5,D2,16.4,1,24.6,24.6,2,False,False,False,False,Direct / Organic,Collagen Glow,0.82,1.64,0.0,WINBACK_EMAIL_ONLY,none_or_email_only
7755974344959,T5,D5,D4,16.3,1,40.76,40.76,1,False,False,False,False,Direct / Organic,Unknown,0.82,1.63,0.0,WINBACK_EMAIL_ONLY,none_or_email_only
7756001902847,T5,D5,D4,16.3,1,43.48,43.48,1,False,False,False,False,Direct / Organic,Unknown,0.82,1.63,0.0,WINBACK_EMAIL_ONLY,none_or_email_only
7756016287999,T5,D5,D4,16.3,1,46.82,46.82,1,False,False,False,False,Direct / Organic,Unknown,0.82,1.63,0.0,WINBACK_EMAIL_ONLY,none_or_email_only
7756037685503,T5,D5,D4,16.3,1,40.76,40.76,1,False,False,False,False,Direct / Organic,Unknown,0.82,1.63,0.0,WINBACK_EMAIL_ONLY,none_or_email_only
7756038144255,T5,D5,D4,16.3,1,40.76,40.76,1,False,False,False,False,Direct / Organic,Unknown,0.82,1.63,0.0,WINBACK_EMAIL_ONLY,none_or_email_only
7756039782655,T5,D5,D4,16.3,1,40.76,40.76,1,False,False,False,False,Direct / Organic,Unknown,0.82,1.63,0.0,WINBACK_EMAIL_ONLY,none_or_email_only
7756041715967,T5,D5,D4,16.3,1,43.48,43.48,1,False,False,False,False,Direct / Organic,Unknown,0.82,1.63,0.0,WINBACK_EMAIL_ONLY,none_or_email_only
8080407593215,T5,D5,D3,16.28,1,24.6,24.6,1,False,False,False,False,Paid Social,Lean Protein,0.81,1.63,0.0,WINBACK_EMAIL_ONLY,none_or_email_only
8136331428095,T5,D5,D3,16.28,1,24.6,24.6,1,False,False,False,False,Direct / Organic,Lean Protein,0.81,1.63,0.0,WINBACK_EMAIL_ONLY,none_or_email_only
6327638491391,T5,D5,D5,16.2,1,45.4,45.4,1,False,False,False,False,Subscription,Unknown,0.81,1.62,0.0,WINBACK_EMAIL_ONLY,none_or_email_only
6423239360767,T5,D5,D5,16.2,1,45.4,45.4,1,False,False,False,False,Subscription,Unknown,0.81,1.62,0.0,WINBACK_EMAIL_ONLY,none_or_email_only
7756044828927,T2,D5,D1,16.19,2,40.48,20.24,1,False,False,True,False,Direct / Organic,Unknown,0.81,1.62,1.62,SUBSCRIBE_AND_SAVE | bundle_offers | no_blanket_10pct,subscribe_discount|bundle|category_sample
7756033425663,T5,D5,D4,16.1,1,42.98,42.98,1,False,False,False,False,Direct / Organic,Unknown,0.81,1.61,0.0,WINBACK_EMAIL_ONLY,none_or_email_only
8353015988479,T5,D5,D3,16.05,1,21.12,21.12,1,False,False,False,False,Direct / Organic,Other,0.8,1.61,0.0,WINBACK_EMAIL_ONLY,none_or_email_only
8337971413247,T5,D5,D3,16.01,1,23.83,23.83,1,False,False,False,False,Paid Social,Other,0.8,1.6,0.0,WINBACK_EMAIL_ONLY,none_or_email_only
6328246960383,T5,D5,D5,16.0,1,40.0,40.0,1,False,False,False,False,Subscription,Unknown,0.8,1.6,0.0,WINBACK_EMAIL_ONLY,none_or_email_only
6423594598655,T5,D5,D5,16.0,1,44.9,44.9,1,False,False,False,False,Subscription,Unknown,0.8,1.6,0.0,WINBACK_EMAIL_ONLY,none_or_email_only
7756415697151,T5,D5,D4,15.93,1,38.61,38.61,2,True,False,False,False,Subscription,Other,0.8,1.59,0.0,WINBACK_EMAIL_ONLY,none_or_email_only
7756416975103,T5,D5,D4,15.93,1,38.61,38.61,2,True,False,False,False,Subscription,Other,0.8,1.59,0.0,WINBACK_EMAIL_ONLY,none_or_email_only
8333338870015,T5,D5,D3,15.93,1,21.0,21.0,1,False,False,False,False,Direct / Organic,Other,0.8,1.59,0.0,WINBACK_EMAIL_ONLY,none_or_email_only
8333341917439,T5,D5,D3,15.93,1,21.0,21.0,1,False,False,False,False,Direct / Organic,Other,0.8,1.59,0.0,WINBACK_EMAIL_ONLY,none_or_email_only
8704501580031,T5,D5,D2,15.93,1,24.9,24.9,1,False,False,False,False,Direct / Organic,Other,0.8,1.59,0.0,WINBACK_EMAIL_ONLY,none_or_email_only
8712013512959,T5,D5,D2,15.93,1,24.9,24.9,1,False,False,False,False,Direct / Organic,Other,0.8,1.59,0.0,WINBACK_EMAIL_ONLY,none_or_email_only
8712121778431,T5,D5,D2,15.93,1,24.9,24.9,1,False,False,False,False,Direct / Organic,Other,0.8,1.59,0.0,WINBACK_EMAIL_ONLY,none_or_email_only
8713560162559,T5,D5,D2,15.93,1,19.9,19.9,1,False,False,False,False,Direct / Organic,Other,0.8,1.59,0.0,WINBACK_EMAIL_ONLY,none_or_email_only
8714151526655,T5,D5,D2,15.93,1,24.9,24.9,1,False,False,False,False,Direct / Organic,Other,0.8,1.59,0.0,WINBACK_EMAIL_ONLY,none_or_email_only
8718409695487,T5,D5,D2,15.93,1,24.9,24.9,1,False,False,False,False,Direct / Organic,Other,0.8,1.59,0.0,WINBACK_EMAIL_ONLY,none_or_email_only
8728687378687,T5,D5,D2,15.93,1,24.9,24.9,1,False,False,False,False,Direct / Organic,Other,0.8,1.59,0.0,WINBACK_EMAIL_ONLY,none_or_email_only
8749442302207,T5,D5,D2,15.93,1,21.92,21.92,1,False,False,False,False,Direct / Organic,Other,0.8,1.59,0.0,WINBACK_EMAIL_ONLY,none_or_email_only
8761373196543,T5,D5,D2,15.93,1,24.9,24.9,1,False,False,False,False,Direct / Organic,Other,0.8,1.59,0.0,WINBACK_EMAIL_ONLY,none_or_email_only
8833190265087,T5,D5,D2,15.93,1,19.9,19.9,1,False,False,False,False,Direct / Organic,Other,0.8,1.59,0.0,WINBACK_EMAIL_ONLY,none_or_email_only
8840257175807,T5,D5,D2,15.93,1,24.9,24.9,1,False,False,False,False,Direct / Organic,Other,0.8,1.59,0.0,WINBACK_EMAIL_ONLY,none_or_email_only
8842018816255,T5,D5,D2,15.93,1,24.9,24.9,1,False,False,False,False,Direct / Organic,Other,0.8,1.59,0.0,WINBACK_EMAIL_ONLY,none_or_email_only
8847873147135,T5,D5,D2,15.93,1,24.9,24.9,1,False,False,False,False,Direct / Organic,Other,0.8,1.59,0.0,WINBACK_EMAIL_ONLY,none_or_email_only
8857318129919,T5,D5,D2,15.93,1,24.9,24.9,1,False,False,False,False,Direct / Organic,Other,0.8,1.59,0.0,WINBACK_EMAIL_ONLY,none_or_email_only
8869226938623,T5,D5,D2,15.93,1,24.9,24.9,1,False,False,False,False,Paid Social,Other,0.8,1.59,0.0,WINBACK_EMAIL_ONLY,none_or_email_only
8904588067071,T5,D5,D2,15.93,1,24.9,24.9,1,False,False,False,False,Direct / Organic,Other,0.8,1.59,0.0,WINBACK_EMAIL_ONLY,none_or_email_only
7756260278527,T5,D5,D4,15.84,1,33.0,33.0,1,False,False,False,False,Direct / Organic,Collagen Glow,0.79,1.58,0.0,WINBACK_EMAIL_ONLY,none_or_email_only
7756264210687,T5,D5,D4,15.84,1,33.0,33.0,1,False,False,False,False,Direct / Organic,Collagen Glow,0.79,1.58,0.0,WINBACK_EMAIL_ONLY,none_or_email_only
7756265521407,T5,D5,D4,15.84,1,33.0,33.0,1,False,False,False,False,Direct / Organic,Collagen Glow,0.79,1.58,0.0,WINBACK_EMAIL_ONLY,none_or_email_only
7756265783551,T5,D5,D4,15.84,1,33.0,33.0,1,False,False,False,False,Direct / Organic,Collagen Glow,0.79,1.58,0.0,WINBACK_EMAIL_ONLY,none_or_email_only
7756299960575,T5,D5,D4,15.84,1,25.43,25.43,1,False,False,False,False,Direct / Organic,Collagen Glow,0.79,1.58,0.0,WINBACK_EMAIL_ONLY,none_or_email_only
7756350226687,T5,D5,D4,15.84,1,26.95,26.95,1,False,False,False,False,Direct / Organic,Collagen Glow,0.79,1.58,0.0,WINBACK_EMAIL_ONLY,none_or_email_only
7756350488831,T5,D5,D4,15.84,1,36.33,36.33,1,False,False,False,False,Direct / Organic,Collagen Glow,0.79,1.58,0.0,WINBACK_EMAIL_ONLY,none_or_email_only
7756354027775,T5,D5,D4,15.84,1,30.27,30.27,1,False,False,False,False,Direct / Organic,Collagen Glow,0.79,1.58,0.0,WINBACK_EMAIL_ONLY,none_or_email_only
7756354093311,T5,D5,D4,15.84,1,33.0,33.0,1,False,False,False,False,Direct / Organic,Collagen Glow,0.79,1.58,0.0,WINBACK_EMAIL_ONLY,none_or_email_only
7756358025471,T5,D5,D4,15.84,1,33.0,33.0,1,False,False,False,False,Direct / Organic,Collagen Glow,0.79,1.58,0.0,WINBACK_EMAIL_ONLY,none_or_email_only
7756360188159,T5,D5,D4,15.84,1,33.0,33.0,1,False,False,False,False,Direct / Organic,Collagen Glow,0.79,1.58,0.0,WINBACK_EMAIL_ONLY,none_or_email_only
7756397445375,T5,D5,D4,15.84,1,33.0,33.0,1,False,False,False,False,Direct / Organic,Collagen Glow,0.79,1.58,0.0,WINBACK_EMAIL_ONLY,none_or_email_only
7756398166271,T5,D5,D4,15.84,1,36.33,36.33,1,False,False,False,False,Direct / Organic,Collagen Glow,0.79,1.58,0.0,WINBACK_EMAIL_ONLY,none_or_email_only
7756460196095,T5,D5,D4,15.84,1,33.0,33.0,1,False,False,False,False,Direct / Organic,Collagen Glow,0.79,1.58,0.0,WINBACK_EMAIL_ONLY,none_or_email_only
7756461932799,T5,D5,D4,15.84,1,22.71,22.71,1,False,False,False,False,Direct / Organic,Collagen Glow,0.79,1.58,0.0,WINBACK_EMAIL_ONLY,none_or_email_only
7756473860351,T5,D5,D4,15.84,1,33.0,33.0,1,False,False,False,False,Direct / Organic,Collagen Glow,0.79,1.58,0.0,WINBACK_EMAIL_ONLY,none_or_email_only
7756477333759,T5,D5,D4,15.84,1,23.92,23.92,1,False,False,False,False,Direct / Organic,Collagen Glow,0.79,1.58,0.0,WINBACK_EMAIL_ONLY,none_or_email_only
6327607001343,T5,D5,D2,15.68,2,49.0,24.5,1,False,False,False,False,Subscription,Unknown,0.78,1.57,0.0,WINBACK_EMAIL_ONLY,none_or_email_only
8801983463679,T5,D5,D2,15.64,1,22.33,22.33,2,False,False,False,False,Direct / Organic,Lean Protein,0.78,1.56,0.0,WINBACK_EMAIL_ONLY,none_or_email_only
7756038799615,T5,D5,D4,15.64,1,39.09,39.09,1,False,False,False,False,Direct / Organic,Unknown,0.78,1.56,0.0,WINBACK_EMAIL_ONLY,none_or_email_only
7756045418751,T5,D5,D4,15.64,1,39.09,39.09,1,False,False,False,False,Direct / Organic,Unknown,0.78,1.56,0.0,WINBACK_EMAIL_ONLY,none_or_email_only
7756041814271,T5,D5,D4,15.5,1,41.48,41.48,1,False,False,False,False,Direct / Organic,Unknown,0.78,1.55,0.0,WINBACK_EMAIL_ONLY,none_or_email_only
7756031525119,T5,D5,D4,15.46,1,41.37,41.37,1,False,False,False,False,Direct / Organic,Unknown,0.77,1.55,0.0,WINBACK_EMAIL_ONLY,none_or_email_only
7756042797311,T5,D5,D4,15.45,1,50.74,50.74,1,False,False,False,False,Direct / Organic,Unknown,0.77,1.54,0.0,WINBACK_EMAIL_ONLY,none_or_email_only
7756018123007,T5,D5,D4,15.27,1,40.91,40.91,1,False,False,False,False,Direct / Organic,Unknown,0.76,1.53,0.0,WINBACK_EMAIL_ONLY,none_or_email_only
7756421267711,T2,D5,D1,15.25,2,27.77,13.885,2,True,False,True,False,Subscription,Other,0.76,1.52,1.52,SUBSCRIBE_AND_SAVE | bundle_offers | no_blanket_10pct,subscribe_discount|bundle|category_sample
8809900736767,T5,D5,D2,15.24,1,22.14,22.14,1,False,False,False,False,Direct / Organic,Other,0.76,1.52,0.0,WINBACK_EMAIL_ONLY,none_or_email_only
7756388237567,T5,D5,D4,15.23,1,19.97,19.97,1,False,False,False,False,Direct / Organic,Unknown,0.76,1.52,0.0,WINBACK_EMAIL_ONLY,none_or_email_only
7756403441919,T5,D5,D4,15.23,1,20.58,20.58,1,False,False,False,False,Direct / Organic,Unknown,0.76,1.52,0.0,WINBACK_EMAIL_ONLY,none_or_email_only
7756405604607,T5,D5,D4,15.23,1,20.58,20.58,1,False,False,False,False,Direct / Organic,Unknown,0.76,1.52,0.0,WINBACK_EMAIL_ONLY,none_or_email_only
8800135348479,T5,D5,D2,15.12,1,20.16,20.16,1,True,False,False,False,Subscription,Other,0.76,1.51,0.0,WINBACK_EMAIL_ONLY,none_or_email_only
6329873694975,T5,D5,D5,15.1,1,42.65,42.65,1,False,False,False,False,Subscription,Unknown,0.76,1.51,0.0,WINBACK_EMAIL_ONLY,none_or_email_only
8733017506047,T5,D5,D2,15.08,1,21.96,21.96,1,False,False,False,False,Direct / Organic,Other,0.75,1.51,0.0,WINBACK_EMAIL_ONLY,none_or_email_only
8761795346687,T5,D5,D2,15.03,1,21.9,21.9,1,False,False,False,False,Direct / Organic,Other,0.75,1.5,0.0,WINBACK_EMAIL_ONLY,none_or_email_only
8763563245823,T5,D5,D2,15.03,1,21.9,21.9,1,False,False,False,False,Direct / Organic,Other,0.75,1.5,0.0,WINBACK_EMAIL_ONLY,none_or_email_only
7756422676735,T5,D5,D4,15.03,1,39.13,39.13,2,True,False,False,False,Subscription,Other,0.75,1.5,0.0,WINBACK_EMAIL_ONLY,none_or_email_only
8905018802431,T5,D5,D2,14.98,1,21.84,21.84,1,False,False,False,False,Direct / Organic,Other,0.75,1.5,0.0,WINBACK_EMAIL_ONLY,none_or_email_only
8821927051519,T5,D5,D2,14.96,1,22.02,22.02,1,False,False,False,False,Direct / Organic,Lean Protein,0.75,1.5,0.0,WINBACK_EMAIL_ONLY,none_or_email_only
6327659954431,T5,D5,D5,14.89,1,42.13,42.13,1,False,False,False,False,Subscription,Unknown,0.74,1.49,0.0,WINBACK_EMAIL_ONLY,none_or_email_only
8877755302143,T5,D5,D2,14.89,1,21.74,21.74,1,False,False,False,False,Direct / Organic,Other,0.74,1.49,0.0,WINBACK_EMAIL_ONLY,none_or_email_only
8904403845375,T5,D5,D2,14.89,1,21.74,21.74,1,False,False,False,False,Paid Social,Other,0.74,1.49,0.0,WINBACK_EMAIL_ONLY,none_or_email_only
6329613844735,T5,D5,D5,14.8,1,41.89,41.89,1,False,False,False,False,Subscription,Unknown,0.74,1.48,0.0,WINBACK_EMAIL_ONLY,none_or_email_only
8170748444927,T5,D5,D3,14.77,1,22.7,22.7,2,False,False,False,False,Direct / Organic,Clear Protein,0.74,1.48,0.0,WINBACK_EMAIL_ONLY,none_or_email_only
8718015594751,T5,D5,D2,14.77,1,21.81,21.81,1,False,False,False,False,Direct / Organic,Lean Protein,0.74,1.48,0.0,WINBACK_EMAIL_ONLY,none_or_email_only
8061733208319,T5,D5,D3,14.7,1,21.7,21.7,1,False,False,False,False,Direct / Organic,Accessories,0.74,1.47,0.0,WINBACK_EMAIL_ONLY,none_or_email_only
7756409471231,T5,D5,D4,14.66,1,23.33,23.33,1,False,False,False,False,Direct / Organic,Unknown,0.73,1.47,0.0,WINBACK_EMAIL_ONLY,none_or_email_only
8014419394815,T5,D5,D3,14.65,1,23.74,23.74,1,False,False,False,False,Direct / Organic,Other,0.73,1.46,0.0,WINBACK_EMAIL_ONLY,none_or_email_only
8077293191423,T5,D5,D3,14.6,1,23.68,23.68,1,False,False,False,False,Direct / Organic,Other,0.73,1.46,0.0,WINBACK_EMAIL_ONLY,none_or_email_only
8090155057407,T5,D5,D3,14.58,1,23.66,23.66,1,False,False,False,False,Direct / Organic,Other,0.73,1.46,0.0,WINBACK_EMAIL_ONLY,none_or_email_only
7756413731071,T2,D5,D1,14.58,2,49.04,24.52,2,True,False,True,False,Subscription,Other,0.73,1.46,1.46,SUBSCRIBE_AND_SAVE | bundle_offers | no_blanket_10pct,subscribe_discount|bundle|category_sample
8287226429695,T5,D5,D3,14.57,1,20.92,20.92,1,False,False,False,False,Direct / Organic,Other,0.73,1.46,0.0,WINBACK_EMAIL_ONLY,none_or_email_only
8287233278207,T5,D5,D3,14.57,1,20.92,20.92,1,False,False,False,False,Direct / Organic,Other,0.73,1.46,0.0,WINBACK_EMAIL_ONLY,none_or_email_only
7756377620735,T5,D5,D4,14.52,1,37.22,37.22,2,False,False,False,False,Direct / Organic,Unknown,0.73,1.45,0.0,WINBACK_EMAIL_ONLY,none_or_email_only
7755930403071,T5,D5,D5,14.45,1,38.85,38.85,1,False,False,False,False,Direct / Organic,Unknown,0.72,1.44,0.0,WINBACK_EMAIL_ONLY,none_or_email_only
7756035391743,T5,D5,D4,14.45,1,38.85,38.85,1,False,False,False,False,Direct / Organic,Unknown,0.72,1.44,0.0,WINBACK_EMAIL_ONLY,none_or_email_only
6336759955711,T5,D5,D5,14.4,1,40.89,40.89,1,False,False,False,False,Subscription,Unknown,0.72,1.44,0.0,WINBACK_EMAIL_ONLY,none_or_email_only
6601910911231,T5,D5,D5,14.4,1,40.89,40.89,1,False,False,False,False,Subscription,Unknown,0.72,1.44,0.0,WINBACK_EMAIL_ONLY,none_or_email_only
6700602786047,T5,D5,D5,14.4,1,40.89,40.89,1,False,False,False,False,Subscription,Unknown,0.72,1.44,0.0,WINBACK_EMAIL_ONLY,none_or_email_only
8588209455359,T5,D5,D2,14.36,1,18.55,18.55,1,False,False,False,False,Direct / Organic,Lean Protein,0.72,1.44,0.0,WINBACK_EMAIL_ONLY,none_or_email_only
7756206735615,T5,D5,D4,14.26,1,28.46,28.46,2,False,False,False,False,Direct / Organic,Collagen Glow,0.71,1.43,0.0,WINBACK_EMAIL_ONLY,none_or_email_only
7756457935103,T5,D5,D4,14.26,1,33.0,33.0,2,False,False,False,False,Direct / Organic,Collagen Glow,0.71,1.43,0.0,WINBACK_EMAIL_ONLY,none_or_email_only
7756001378559,T5,D5,D4,14.25,1,38.36,38.36,1,False,False,False,False,Direct / Organic,Unknown,0.71,1.42,0.0,WINBACK_EMAIL_ONLY,none_or_email_only
8486535069951,T5,D5,D2,14.11,1,21.05,21.05,1,False,False,False,False,Paid Social,Lean Protein,0.71,1.41,0.0,WINBACK_EMAIL_ONLY,none_or_email_only
7967214207231,T5,D5,D3,14.09,1,20.52,20.52,4,False,False,False,False,Direct / Organic,Other,0.7,1.41,0.0,WINBACK_EMAIL_ONLY,none_or_email_only
6336747012351,T5,D5,D5,14.04,1,40.0,40.0,1,False,False,False,False,Subscription,Unknown,0.7,1.4,0.0,WINBACK_EMAIL_ONLY,none_or_email_only
7755975950591,T5,D5,D4,14.01,1,37.76,37.76,1,False,False,False,False,Direct / Organic,Unknown,0.7,1.4,0.0,WINBACK_EMAIL_ONLY,none_or_email_only
7756260147455,T5,D5,D4,13.98,1,29.06,29.06,1,False,False,False,False,Direct / Organic,Unknown,0.7,1.4,0.0,WINBACK_EMAIL_ONLY,none_or_email_only
7756261687551,T5,D5,D4,13.98,1,29.06,29.06,1,False,False,False,False,Direct / Organic,Other,0.7,1.4,0.0,WINBACK_EMAIL_ONLY,none_or_email_only
7756262539519,T5,D5,D4,13.98,1,31.79,31.79,1,False,False,False,False,Direct / Organic,Other,0.7,1.4,0.0,WINBACK_EMAIL_ONLY,none_or_email_only
7756263555327,T5,D5,D4,13.98,1,31.79,31.79,1,False,False,False,False,Direct / Organic,Other,0.7,1.4,0.0,WINBACK_EMAIL_ONLY,none_or_email_only
7756263751935,T5,D5,D4,13.98,1,31.79,31.79,1,False,False,False,False,Direct / Organic,Other,0.7,1.4,0.0,WINBACK_EMAIL_ONLY,none_or_email_only
7756264407295,T5,D5,D4,13.98,1,31.79,31.79,1,False,False,False,False,Direct / Organic,Other,0.7,1.4,0.0,WINBACK_EMAIL_ONLY,none_or_email_only
7756265947391,T5,D5,D4,13.98,1,31.79,31.79,1,False,False,False,False,Direct / Organic,Other,0.7,1.4,0.0,WINBACK_EMAIL_ONLY,none_or_email_only
7756348326143,T5,D5,D4,13.98,1,31.79,31.79,1,False,False,False,False,Direct / Organic,Other,0.7,1.4,0.0,WINBACK_EMAIL_ONLY,none_or_email_only
7756355633407,T5,D5,D4,13.98,1,31.79,31.79,1,False,False,False,False,Direct / Organic,Other,0.7,1.4,0.0,WINBACK_EMAIL_ONLY,none_or_email_only
7756360089855,T5,D5,D4,13.98,1,31.79,31.79,1,False,False,False,False,Direct / Organic,Other,0.7,1.4,0.0,WINBACK_EMAIL_ONLY,none_or_email_only
8109927891199,T5,D5,D3,13.77,1,21.7,21.7,2,False,False,False,False,Paid Social,Clear Protein,0.69,1.38,0.0,WINBACK_EMAIL_ONLY,none_or_email_only
6423605018879,T5,D5,D2,13.76,2,34.4,17.2,1,False,False,False,False,Subscription,Unknown,0.69,1.38,0.0,WINBACK_EMAIL_ONLY,none_or_email_only
7756018221311,T5,D5,D4,13.67,1,36.91,36.91,1,False,False,False,False,Direct / Organic,Unknown,0.68,1.37,0.0,WINBACK_EMAIL_ONLY,none_or_email_only
7756034015487,T5,D5,D4,13.54,1,33.85,33.85,1,False,False,False,False,Direct / Organic,Unknown,0.68,1.35,0.0,WINBACK_EMAIL_ONLY,none_or_email_only
7756035883263,T5,D5,D4,13.54,1,36.58,36.58,1,False,False,False,False,Direct / Organic,Unknown,0.68,1.35,0.0,WINBACK_EMAIL_ONLY,none_or_email_only
8712621621503,T5,D5,D2,13.45,1,21.55,21.55,1,False,False,False,False,Direct / Organic,Clear Protein,0.67,1.34,0.0,WINBACK_EMAIL_ONLY,none_or_email_only
7756045746431,T5,D5,D4,13.45,1,36.35,36.35,1,False,False,False,False,Direct / Organic,Unknown,0.67,1.34,0.0,WINBACK_EMAIL_ONLY,none_or_email_only
7756034769151,T5,D5,D4,13.42,1,36.27,36.27,1,False,False,False,False,Direct / Organic,Unknown,0.67,1.34,0.0,WINBACK_EMAIL_ONLY,none_or_email_only
7970622636287,T5,D5,D3,13.38,1,20.3,20.3,2,False,False,False,False,Direct / Organic,Lean Protein,0.67,1.34,0.0,WINBACK_EMAIL_ONLY,none_or_email_only
8593133437183,T5,D5,D2,13.35,1,21.44,21.44,1,False,False,False,False,Direct / Organic,Clear Protein,0.67,1.34,0.0,WINBACK_EMAIL_ONLY,none_or_email_only
7881587589375,T5,D5,D3,13.32,1,19.8,19.8,2,False,False,False,False,Paid Social,Unknown,0.67,1.33,0.0,WINBACK_EMAIL_ONLY,none_or_email_only
7958775333119,T5,D5,D3,13.32,1,19.8,19.8,2,False,False,False,False,Direct / Organic,Unknown,0.67,1.33,0.0,WINBACK_EMAIL_ONLY,none_or_email_only
7967143395583,T5,D5,D3,13.32,1,16.83,16.83,2,False,False,False,False,Direct / Organic,Unknown,0.67,1.33,0.0,WINBACK_EMAIL_ONLY,none_or_email_only
7969879949567,T5,D5,D3,13.32,1,17.82,17.82,2,False,False,False,False,Direct / Organic,Unknown,0.67,1.33,0.0,WINBACK_EMAIL_ONLY,none_or_email_only
8027339292927,T5,D5,D3,13.32,1,24.8,24.8,2,False,False,False,False,Paid Social,Accessories,0.67,1.33,0.0,WINBACK_EMAIL_ONLY,none_or_email_only
7756037980415,T5,D5,D4,13.26,1,35.87,35.87,1,False,False,False,False,Direct / Organic,Unknown,0.66,1.33,0.0,WINBACK_EMAIL_ONLY,none_or_email_only
7842117648639,T5,D5,D3,13.17,1,29.77,29.77,2,False,False,False,False,Email,Lean Protein,0.66,1.32,0.0,WINBACK_EMAIL_ONLY,none_or_email_only
8276771406079,T5,D5,D3,13.16,1,19.66,19.66,2,False,False,False,False,Direct / Organic,Clear Protein,0.66,1.32,0.0,WINBACK_EMAIL_ONLY,none_or_email_only
8279784784127,T5,D5,D3,13.14,1,19.64,19.64,2,False,False,False,False,Direct / Organic,Lean Protein,0.66,1.31,0.0,WINBACK_EMAIL_ONLY,none_or_email_only
7756000035071,T5,D5,D4,13.07,1,35.39,35.39,1,False,False,False,False,Direct / Organic,Unknown,0.65,1.31,0.0,WINBACK_EMAIL_ONLY,none_or_email_only
7756009177343,T5,D5,D4,13.04,1,35.33,35.33,1,False,False,False,False,Direct / Organic,Unknown,0.65,1.3,0.0,WINBACK_EMAIL_ONLY,none_or_email_only
7756033261823,T5,D5,D4,13.04,1,35.33,35.33,1,False,False,False,False,Direct / Organic,Unknown,0.65,1.3,0.0,WINBACK_EMAIL_ONLY,none_or_email_only
7756035653887,T5,D5,D4,13.04,1,35.33,35.33,1,False,False,False,False,Direct / Organic,Unknown,0.65,1.3,0.0,WINBACK_EMAIL_ONLY,none_or_email_only
6329868943615,T5,D5,D5,12.98,1,37.34,37.34,1,False,False,False,False,Subscription,Unknown,0.65,1.3,0.0,WINBACK_EMAIL_ONLY,none_or_email_only
6423602168063,T5,D5,D5,12.98,1,37.34,37.34,1,False,False,False,False,Subscription,Unknown,0.65,1.3,0.0,WINBACK_EMAIL_ONLY,none_or_email_only
8079974039807,T5,D5,D3,12.88,1,24.8,24.8,3,False,False,False,False,Direct / Organic,Accessories,0.64,1.29,0.0,WINBACK_EMAIL_ONLY,none_or_email_only
8079992914175,T2,D5,D1,12.88,2,19.8,9.9,3,False,False,True,False,Paid Social,Accessories,0.64,1.29,1.29,SUBSCRIBE_AND_SAVE | bundle_offers | no_blanket_10pct,subscribe_discount|bundle|category_sample
8085305164031,T2,D5,D1,12.88,2,19.8,9.9,3,False,False,True,False,Direct / Organic,Accessories,0.64,1.29,1.29,SUBSCRIBE_AND_SAVE | bundle_offers | no_blanket_10pct,subscribe_discount|bundle|category_sample
7756017238271,T5,D5,D4,12.82,1,34.77,34.77,1,False,False,False,False,Direct / Organic,Unknown,0.64,1.28,0.0,WINBACK_EMAIL_ONLY,none_or_email_only
6327759241471,T5,D5,D5,12.8,1,36.9,36.9,1,False,False,False,False,Subscription,Unknown,0.64,1.28,0.0,WINBACK_EMAIL_ONLY,none_or_email_only
6329867763967,T5,D5,D5,12.8,1,36.9,36.9,1,False,False,False,False,Subscription,Unknown,0.64,1.28,0.0,WINBACK_EMAIL_ONLY,none_or_email_only
6532503666943,T5,D5,D5,12.51,1,37.33,37.33,1,False,False,False,False,Direct / Organic,Unknown,0.63,1.25,0.0,WINBACK_EMAIL_ONLY,none_or_email_only
7949200654591,T2,D5,D1,12.39,2,20.44,10.22,3,False,False,True,False,Paid Social,Unknown,0.62,1.24,1.24,SUBSCRIBE_AND_SAVE | bundle_offers | no_blanket_10pct,subscribe_discount|bundle|category_sample
7756380209407,T5,D5,D4,12.36,1,24.37,24.37,2,True,False,False,False,Subscription,Other,0.62,1.24,0.0,WINBACK_EMAIL_ONLY,none_or_email_only
7756015173887,T5,D5,D4,12.29,1,33.45,33.45,1,False,False,False,False,Direct / Organic,Unknown,0.61,1.23,0.0,WINBACK_EMAIL_ONLY,none_or_email_only
7756015468799,T5,D5,D4,12.29,1,33.45,33.45,1,False,False,False,False,Direct / Organic,Unknown,0.61,1.23,0.0,WINBACK_EMAIL_ONLY,none_or_email_only
7756018811135,T5,D5,D4,12.29,1,33.45,33.45,1,False,False,False,False,Direct / Organic,Unknown,0.61,1.23,0.0,WINBACK_EMAIL_ONLY,none_or_email_only
8484907942143,T5,D5,D2,12.25,1,32.4,32.4,2,False,False,False,False,Paid Social,Other,0.61,1.23,0.0,WINBACK_EMAIL_ONLY,none_or_email_only
7756036767999,T5,D5,D4,12.24,1,33.33,33.33,1,False,False,False,False,Direct / Organic,Unknown,0.61,1.22,0.0,WINBACK_EMAIL_ONLY,none_or_email_only
6328261837055,T5,D5,D5,12.24,1,26.0,26.0,1,True,False,False,False,Subscription,Unknown,0.61,1.22,0.0,WINBACK_EMAIL_ONLY,none_or_email_only
7964424962303,T5,D5,D3,12.21,1,14.7,14.7,1,False,False,False,False,Direct / Organic,Lean Protein,0.61,1.22,0.0,WINBACK_EMAIL_ONLY,none_or_email_only
7756398919935,T5,D5,D4,12.2,1,40.25,40.25,1,False,False,False,False,Direct / Organic,Unknown,0.61,1.22,0.0,WINBACK_EMAIL_ONLY,none_or_email_only
7756179079423,T5,D5,D4,12.16,1,26.94,26.94,1,False,False,False,False,Direct / Organic,Unknown,0.61,1.22,0.0,WINBACK_EMAIL_ONLY,none_or_email_only
7756360974591,T5,D5,D4,12.16,1,29.97,29.97,1,False,False,False,False,Direct / Organic,Other,0.61,1.22,0.0,WINBACK_EMAIL_ONLY,none_or_email_only
7756364513535,T5,D5,D4,12.16,1,29.97,29.97,1,False,False,False,False,Direct / Organic,Other,0.61,1.22,0.0,WINBACK_EMAIL_ONLY,none_or_email_only
7756365562111,T5,D5,D4,12.16,1,29.97,29.97,1,False,False,False,False,Direct / Organic,Unknown,0.61,1.22,0.0,WINBACK_EMAIL_ONLY,none_or_email_only
7756377260287,T5,D5,D4,12.16,1,29.97,29.97,1,False,False,False,False,Direct / Organic,Unknown,0.61,1.22,0.0,WINBACK_EMAIL_ONLY,none_or_email_only
7756377686271,T5,D5,D4,12.16,1,27.25,27.25,1,False,False,False,False,Direct / Organic,Unknown,0.61,1.22,0.0,WINBACK_EMAIL_ONLY,none_or_email_only
7756432277759,T5,D5,D4,12.16,1,29.97,29.97,1,False,False,False,False,Direct / Organic,Other,0.61,1.22,0.0,WINBACK_EMAIL_ONLY,none_or_email_only
7756440568063,T5,D5,D4,12.16,1,23.16,23.16,1,False,False,False,False,Direct / Organic,Other,0.61,1.22,0.0,WINBACK_EMAIL_ONLY,none_or_email_only
7756486344959,T5,D5,D4,12.16,1,33.3,33.3,1,False,False,False,False,Direct / Organic,Other,0.61,1.22,0.0,WINBACK_EMAIL_ONLY,none_or_email_only
8437239283967,T5,D5,D2,12.16,1,15.84,15.84,2,False,False,False,False,Direct / Organic,Accessories,0.61,1.22,0.0,WINBACK_EMAIL_ONLY,none_or_email_only
6601910845695,T5,D5,D5,11.96,1,34.8,34.8,1,False,False,False,False,Subscription,Unknown,0.6,1.2,0.0,WINBACK_EMAIL_ONLY,none_or_email_only
6644874084607,T5,D5,D5,11.96,1,34.8,34.8,1,False,False,False,False,Subscription,Unknown,0.6,1.2,0.0,WINBACK_EMAIL_ONLY,none_or_email_only
6423602823423,T5,D5,D2,11.88,2,29.7,14.85,1,False,False,False,False,Subscription,Unknown,0.59,1.19,0.0,WINBACK_EMAIL_ONLY,none_or_email_only
6329600966911,T5,D5,D2,11.83,2,29.58,14.79,1,False,False,False,False,Direct / Organic,Unknown,0.59,1.18,0.0,WINBACK_EMAIL_ONLY,none_or_email_only
7756417270015,T5,D5,D4,11.8,1,15.43,15.43,1,False,False,False,False,Direct / Organic,Other,0.59,1.18,0.0,WINBACK_EMAIL_ONLY,none_or_email_only
7756456689919,T5,D5,D4,11.8,1,20.88,20.88,1,False,False,False,False,Direct / Organic,Other,0.59,1.18,0.0,WINBACK_EMAIL_ONLY,none_or_email_only
7756460327167,T5,D5,D4,11.8,1,20.88,20.88,1,False,False,False,False,Direct / Organic,Other,0.59,1.18,0.0,WINBACK_EMAIL_ONLY,none_or_email_only
7756462063871,T5,D5,D4,11.8,1,20.88,20.88,1,False,False,False,False,Direct / Organic,Other,0.59,1.18,0.0,WINBACK_EMAIL_ONLY,none_or_email_only
7756475728127,T5,D5,D4,11.8,1,20.88,20.88,1,False,False,False,False,Direct / Organic,Other,0.59,1.18,0.0,WINBACK_EMAIL_ONLY,none_or_email_only
7756477104383,T5,D5,D4,11.8,1,15.43,15.43,1,False,False,False,False,Direct / Organic,Other,0.59,1.18,0.0,WINBACK_EMAIL_ONLY,none_or_email_only
7756477563135,T5,D5,D4,11.8,1,20.88,20.88,1,False,False,False,False,Direct / Organic,Other,0.59,1.18,0.0,WINBACK_EMAIL_ONLY,none_or_email_only
6334087627007,T5,D5,D5,11.8,1,34.4,34.4,1,False,False,False,False,Subscription,Unknown,0.59,1.18,0.0,WINBACK_EMAIL_ONLY,none_or_email_only
6423594500351,T5,D5,D5,11.8,1,34.4,34.4,1,False,False,False,False,Subscription,Unknown,0.59,1.18,0.0,WINBACK_EMAIL_ONLY,none_or_email_only
7756038897919,T5,D5,D4,11.8,1,29.5,29.5,1,False,False,False,False,Direct / Organic,Unknown,0.59,1.18,0.0,WINBACK_EMAIL_ONLY,none_or_email_only
7756039291135,T5,D5,D4,11.8,1,32.23,32.23,1,False,False,False,False,Direct / Organic,Unknown,0.59,1.18,0.0,WINBACK_EMAIL_ONLY,none_or_email_only
6334081433855,T5,D5,D5,11.76,1,29.39,29.39,1,False,False,False,False,Subscription,Unknown,0.59,1.18,0.0,WINBACK_EMAIL_ONLY,none_or_email_only
7845554127103,T5,D5,D3,11.75,1,20.82,20.82,1,False,False,False,False,Direct / Organic,Other,0.59,1.18,0.0,WINBACK_EMAIL_ONLY,none_or_email_only
7851713364223,T5,D5,D3,11.74,1,20.81,20.81,1,False,False,False,False,Direct / Organic,Other,0.59,1.17,0.0,WINBACK_EMAIL_ONLY,none_or_email_only
7756017697023,T5,D5,D4,11.73,1,32.06,32.06,1,False,False,False,False,Direct / Organic,Unknown,0.59,1.17,0.0,WINBACK_EMAIL_ONLY,none_or_email_only
8028146925823,T5,D5,D3,11.66,1,14.9,14.9,2,False,False,False,False,Direct / Organic,Accessories,0.58,1.17,0.0,WINBACK_EMAIL_ONLY,none_or_email_only
8108890456319,T5,D5,D3,11.66,1,14.9,14.9,2,False,False,False,False,Direct / Organic,Accessories,0.58,1.17,0.0,WINBACK_EMAIL_ONLY,none_or_email_only
8168451309823,T5,D5,D3,11.66,1,14.9,14.9,2,True,False,False,False,Direct / Organic,Accessories,0.58,1.17,0.0,WINBACK_EMAIL_ONLY,none_or_email_only
8170944856319,T5,D5,D3,11.66,1,14.9,14.9,2,False,False,False,False,Paid Social,Accessories,0.58,1.17,0.0,WINBACK_EMAIL_ONLY,none_or_email_only
8171472552191,T5,D5,D3,11.66,1,14.9,14.9,2,False,False,False,False,Direct / Organic,Accessories,0.58,1.17,0.0,WINBACK_EMAIL_ONLY,none_or_email_only
8171490345215,T5,D5,D3,11.66,1,14.9,14.9,2,False,False,False,False,Direct / Organic,Accessories,0.58,1.17,0.0,WINBACK_EMAIL_ONLY,none_or_email_only
8249718702335,T5,D5,D3,11.66,1,12.67,12.67,2,False,False,False,False,Direct / Organic,Accessories,0.58,1.17,0.0,WINBACK_EMAIL_ONLY,none_or_email_only
8254868586751,T5,D5,D3,11.66,1,14.9,14.9,2,False,False,False,False,Direct / Organic,Accessories,0.58,1.17,0.0,WINBACK_EMAIL_ONLY,none_or_email_only
8273741578495,T5,D5,D3,11.66,1,14.9,14.9,2,False,False,False,False,Paid Social,Accessories,0.58,1.17,0.0,WINBACK_EMAIL_ONLY,none_or_email_only
8280100733183,T5,D5,D3,11.66,1,14.9,14.9,2,False,False,False,False,Direct / Organic,Accessories,0.58,1.17,0.0,WINBACK_EMAIL_ONLY,none_or_email_only
8290481930495,T5,D5,D3,11.66,1,14.9,14.9,2,False,False,False,False,Direct / Organic,Accessories,0.58,1.17,0.0,WINBACK_EMAIL_ONLY,none_or_email_only
8300149407999,T5,D5,D3,11.66,1,14.9,14.9,2,False,False,False,False,Paid Social,Accessories,0.58,1.17,0.0,WINBACK_EMAIL_ONLY,none_or_email_only
8304142582015,T5,D5,D3,11.66,1,14.9,14.9,2,False,False,False,False,Paid Social,Accessories,0.58,1.17,0.0,WINBACK_EMAIL_ONLY,none_or_email_only
8337863606527,T5,D5,D3,11.66,1,14.9,14.9,2,False,False,False,False,Direct / Organic,Accessories,0.58,1.17,0.0,WINBACK_EMAIL_ONLY,none_or_email_only
8384374505727,T5,D5,D2,11.66,1,14.9,14.9,2,False,False,False,False,Direct / Organic,Accessories,0.58,1.17,0.0,WINBACK_EMAIL_ONLY,none_or_email_only
8474628718847,T5,D5,D2,11.66,1,14.9,14.9,2,False,False,False,False,Direct / Organic,Accessories,0.58,1.17,0.0,WINBACK_EMAIL_ONLY,none_or_email_only
8633635832063,T5,D5,D2,11.66,1,19.9,19.9,2,False,False,False,False,Paid Social,Accessories,0.58,1.17,0.0,WINBACK_EMAIL_ONLY,none_or_email_only
8657761501439,T5,D5,D2,11.66,1,19.9,19.9,2,False,False,False,False,Paid Social,Accessories,0.58,1.17,0.0,WINBACK_EMAIL_ONLY,none_or_email_only
8705137574143,T5,D5,D2,11.66,1,19.9,19.9,2,False,False,False,False,Direct / Organic,Accessories,0.58,1.17,0.0,WINBACK_EMAIL_ONLY,none_or_email_only
7756037456127,T5,D5,D4,11.65,1,31.85,31.85,1,False,False,False,False,Direct / Organic,Unknown,0.58,1.16,0.0,WINBACK_EMAIL_ONLY,none_or_email_only
7756015436031,T5,D5,D4,11.56,1,28.91,28.91,1,False,False,False,False,Direct / Organic,Unknown,0.58,1.16,0.0,WINBACK_EMAIL_ONLY,none_or_email_only
7756047810815,T5,D5,D4,11.44,1,40.72,40.72,1,False,False,False,False,Direct / Organic,Unknown,0.57,1.14,0.0,WINBACK_EMAIL_ONLY,none_or_email_only
6327723131135,T5,D5,D5,11.36,1,33.31,33.31,1,False,False,False,False,Subscription,Unknown,0.57,1.14,0.0,WINBACK_EMAIL_ONLY,none_or_email_only
6328271077631,T5,D5,D5,11.36,1,33.31,33.31,1,False,False,False,False,Subscription,Unknown,0.57,1.14,0.0,WINBACK_EMAIL_ONLY,none_or_email_only
7756357501183,T5,D5,D4,11.3,1,28.46,28.46,1,True,False,False,False,Subscription,Collagen Glow,0.57,1.13,0.0,WINBACK_EMAIL_ONLY,none_or_email_only
7756358877439,T5,D5,D4,11.3,1,28.46,28.46,1,True,False,False,False,Subscription,Collagen Glow,0.57,1.13,0.0,WINBACK_EMAIL_ONLY,none_or_email_only
7869216030975,T5,D5,D3,11.22,1,13.41,13.41,2,False,False,False,False,Direct / Organic,Accessories,0.56,1.12,0.0,WINBACK_EMAIL_ONLY,none_or_email_only
8158136729855,T5,D5,D3,11.22,1,14.9,14.9,2,False,False,False,False,Direct / Organic,Accessories,0.56,1.12,0.0,WINBACK_EMAIL_ONLY,none_or_email_only
8168890663167,T5,D5,D3,11.22,1,14.9,14.9,2,False,False,False,False,Direct / Organic,Accessories,0.56,1.12,0.0,WINBACK_EMAIL_ONLY,none_or_email_only
8169068724479,T5,D5,D3,11.22,1,14.9,14.9,2,False,False,False,False,Paid Social,Accessories,0.56,1.12,0.0,WINBACK_EMAIL_ONLY,none_or_email_only
8169379856639,T5,D5,D3,11.22,1,14.9,14.9,2,False,False,False,False,Direct / Organic,Accessories,0.56,1.12,0.0,WINBACK_EMAIL_ONLY,none_or_email_only
8169437790463,T5,D5,D3,11.22,1,13.41,13.41,2,False,False,False,False,Direct / Organic,Accessories,0.56,1.12,0.0,WINBACK_EMAIL_ONLY,none_or_email_only
8244687765759,T5,D5,D3,11.22,1,14.9,14.9,2,False,False,False,False,Direct / Organic,Accessories,0.56,1.12,0.0,WINBACK_EMAIL_ONLY,none_or_email_only
8250130202879,T5,D5,D3,11.22,1,14.9,14.9,2,False,False,False,False,Direct / Organic,Accessories,0.56,1.12,0.0,WINBACK_EMAIL_ONLY,none_or_email_only
8263425392895,T5,D5,D3,11.22,1,14.9,14.9,2,False,False,False,False,Direct / Organic,Accessories,0.56,1.12,0.0,WINBACK_EMAIL_ONLY,none_or_email_only
8293684510975,T5,D5,D3,11.22,1,14.9,14.9,2,False,False,False,False,Direct / Organic,Accessories,0.56,1.12,0.0,WINBACK_EMAIL_ONLY,none_or_email_only
8303912091903,T5,D5,D3,11.22,1,14.9,14.9,2,False,False,False,False,Paid Social,Accessories,0.56,1.12,0.0,WINBACK_EMAIL_ONLY,none_or_email_only
8310615638271,T5,D5,D3,11.22,1,13.41,13.41,2,False,False,False,False,Direct / Organic,Accessories,0.56,1.12,0.0,WINBACK_EMAIL_ONLY,none_or_email_only
8310799532287,T5,D5,D3,11.22,1,14.9,14.9,2,False,False,False,False,Direct / Organic,Accessories,0.56,1.12,0.0,WINBACK_EMAIL_ONLY,none_or_email_only
8325399904511,T5,D5,D3,11.22,1,14.9,14.9,2,False,False,False,False,Paid Social,Accessories,0.56,1.12,0.0,WINBACK_EMAIL_ONLY,none_or_email_only
8340030521599,T5,D5,D3,11.22,1,14.9,14.9,2,False,False,False,False,Direct / Organic,Accessories,0.56,1.12,0.0,WINBACK_EMAIL_ONLY,none_or_email_only
8718118256895,T5,D5,D2,11.22,1,19.9,19.9,2,False,False,False,False,Direct / Organic,Accessories,0.56,1.12,0.0,WINBACK_EMAIL_ONLY,none_or_email_only
8721480614143,T5,D5,D2,11.22,1,14.9,14.9,2,False,False,False,False,Direct / Organic,Accessories,0.56,1.12,0.0,WINBACK_EMAIL_ONLY,none_or_email_only
8813055639807,T5,D5,D2,11.22,1,18.41,18.41,2,False,False,False,False,Direct / Organic,Accessories,0.56,1.12,0.0,WINBACK_EMAIL_ONLY,none_or_email_only
8813196902655,T5,D5,D2,11.22,1,19.9,19.9,2,False,False,False,False,Direct / Organic,Accessories,0.56,1.12,0.0,WINBACK_EMAIL_ONLY,none_or_email_only
6327629381887,T5,D5,D5,11.2,1,28.0,28.0,1,False,False,False,False,Subscription,Unknown,0.56,1.12,0.0,WINBACK_EMAIL_ONLY,none_or_email_only
8071537033471,T2,D5,D1,11.2,2,17.68,8.84,2,False,False,True,False,Paid Social,Accessories,0.56,1.12,1.12,SUBSCRIBE_AND_SAVE | bundle_offers | no_blanket_10pct,subscribe_discount|bundle|category_sample
8001384251647,T5,D5,D3,11.18,1,20.4,20.4,2,False,False,False,False,Paid Social,Unknown,0.56,1.12,0.0,WINBACK_EMAIL_ONLY,none_or_email_only
7756045451519,T5,D5,D4,11.09,1,30.46,30.46,1,False,False,False,False,Direct / Organic,Unknown,0.55,1.11,0.0,WINBACK_EMAIL_ONLY,none_or_email_only
7756030279935,T5,D5,D4,11.08,1,30.42,30.42,1,False,False,False,False,Direct / Organic,Unknown,0.55,1.11,0.0,WINBACK_EMAIL_ONLY,none_or_email_only
8065111785727,T2,D5,D1,11.07,2,15.8,7.9,2,False,False,True,False,Direct / Organic,Clear Protein,0.55,1.11,1.11,SUBSCRIBE_AND_SAVE | bundle_offers | no_blanket_10pct,subscribe_discount|bundle|category_sample
6532488954111,T5,D5,D5,10.9,1,27.24,27.24,1,False,False,False,False,Direct / Organic,Unknown,0.55,1.09,0.0,WINBACK_EMAIL_ONLY,none_or_email_only
7756264145151,T5,D5,D4,10.9,1,29.97,29.97,1,False,False,False,False,Direct / Organic,Unknown,0.55,1.09,0.0,WINBACK_EMAIL_ONLY,none_or_email_only
7756264964351,T5,D5,D4,10.9,1,25.88,25.88,1,False,False,False,False,Direct / Organic,Unknown,0.55,1.09,0.0,WINBACK_EMAIL_ONLY,none_or_email_only
7756265881855,T5,D5,D4,10.9,1,25.88,25.88,1,False,False,False,False,Direct / Organic,Unknown,0.55,1.09,0.0,WINBACK_EMAIL_ONLY,none_or_email_only
7756348096767,T5,D5,D4,10.9,1,29.97,29.97,1,False,False,False,False,Direct / Organic,Unknown,0.55,1.09,0.0,WINBACK_EMAIL_ONLY,none_or_email_only
7756349538559,T5,D5,D4,10.9,1,27.25,27.25,1,False,False,False,False,Direct / Organic,Unknown,0.55,1.09,0.0,WINBACK_EMAIL_ONLY,none_or_email_only
7756353798399,T5,D5,D4,10.9,1,27.25,27.25,1,False,False,False,False,Direct / Organic,Unknown,0.55,1.09,0.0,WINBACK_EMAIL_ONLY,none_or_email_only
7756460916991,T2,D5,D1,10.85,2,17.33,8.665,2,False,False,True,False,Paid Social,Unknown,0.54,1.08,1.08,SUBSCRIBE_AND_SAVE | bundle_offers | no_blanket_10pct,subscribe_discount|bundle|category_sample
7755918016767,T5,D5,D5,10.84,1,29.82,29.82,1,False,False,False,False,Direct / Organic,Unknown,0.54,1.08,0.0,WINBACK_EMAIL_ONLY,none_or_email_only
7756015239423,T5,D5,D4,10.84,1,29.82,29.82,1,False,False,False,False,Direct / Organic,Unknown,0.54,1.08,0.0,WINBACK_EMAIL_ONLY,none_or_email_only
7756015665407,T5,D5,D4,10.84,1,29.82,29.82,1,False,False,False,False,Direct / Organic,Unknown,0.54,1.08,0.0,WINBACK_EMAIL_ONLY,none_or_email_only
7756195201279,T5,D5,D4,10.82,1,17.3,17.3,2,False,False,False,False,Paid Social,Unknown,0.54,1.08,0.0,WINBACK_EMAIL_ONLY,none_or_email_only
7756048924927,T5,D5,D4,10.81,1,29.75,29.75,1,False,False,False,False,Direct / Organic,Unknown,0.54,1.08,0.0,WINBACK_EMAIL_ONLY,none_or_email_only
6329834733823,T5,D5,D5,10.8,1,26.99,26.99,1,False,False,False,False,Subscription,Unknown,0.54,1.08,0.0,WINBACK_EMAIL_ONLY,none_or_email_only
6329603686655,T5,D5,D5,10.78,1,26.94,26.94,1,False,False,False,False,Subscription,Unknown,0.54,1.08,0.0,WINBACK_EMAIL_ONLY,none_or_email_only
6423604166911,T5,D5,D5,10.78,1,31.84,31.84,1,False,False,False,False,Subscription,Unknown,0.54,1.08,0.0,WINBACK_EMAIL_ONLY,none_or_email_only
7756016419071,T5,D5,D4,10.73,1,29.55,29.55,1,False,False,False,False,Direct / Organic,Unknown,0.54,1.07,0.0,WINBACK_EMAIL_ONLY,none_or_email_only
7755989680383,T5,D5,D4,10.69,1,26.73,26.73,1,False,False,False,False,Direct / Organic,Unknown,0.53,1.07,0.0,WINBACK_EMAIL_ONLY,none_or_email_only
7756029952255,T5,D5,D4,10.69,1,26.73,26.73,1,False,False,False,False,Direct / Organic,Unknown,0.53,1.07,0.0,WINBACK_EMAIL_ONLY,none_or_email_only
7755977949439,T5,D5,D4,10.67,1,29.39,29.39,1,False,False,False,False,Direct / Organic,Unknown,0.53,1.07,0.0,WINBACK_EMAIL_ONLY,none_or_email_only
7756017664255,T5,D5,D4,10.67,1,32.73,32.73,1,False,False,False,False,Direct / Organic,Unknown,0.53,1.07,0.0,WINBACK_EMAIL_ONLY,none_or_email_only
7756018614527,T5,D5,D4,10.67,1,29.39,29.39,1,False,False,False,False,Direct / Organic,Unknown,0.53,1.07,0.0,WINBACK_EMAIL_ONLY,none_or_email_only
7756019171583,T5,D5,D4,10.67,1,29.39,29.39,1,False,False,False,False,Direct / Organic,Unknown,0.53,1.07,0.0,WINBACK_EMAIL_ONLY,none_or_email_only
7756019237119,T5,D5,D4,10.67,1,29.39,29.39,1,False,False,False,False,Direct / Organic,Unknown,0.53,1.07,0.0,WINBACK_EMAIL_ONLY,none_or_email_only
7756019433727,T5,D5,D4,10.67,1,29.39,29.39,1,False,False,False,False,Direct / Organic,Unknown,0.53,1.07,0.0,WINBACK_EMAIL_ONLY,none_or_email_only
6329833390335,T5,D5,D5,10.62,1,31.45,31.45,1,False,False,False,False,Subscription,Unknown,0.53,1.06,0.0,WINBACK_EMAIL_ONLY,none_or_email_only
8659195429119,T5,D5,D2,10.48,1,16.79,16.79,3,False,False,False,False,Direct / Organic,Other,0.52,1.05,0.0,WINBACK_EMAIL_ONLY,none_or_email_only
6328262656255,T5,D5,D5,10.4,1,30.9,30.9,1,False,False,False,False,Subscription,Unknown,0.52,1.04,0.0,WINBACK_EMAIL_ONLY,none_or_email_only
6327614406911,T5,D5,D5,10.39,1,30.87,30.87,1,False,False,False,False,Subscription,Unknown,0.52,1.04,0.0,WINBACK_EMAIL_ONLY,none_or_email_only
7756032999679,T5,D5,D4,10.33,1,28.56,28.56,1,False,False,False,False,Direct / Organic,Unknown,0.52,1.03,0.0,WINBACK_EMAIL_ONLY,none_or_email_only
7756033229055,T5,D5,D4,10.33,1,25.84,25.84,1,False,False,False,False,Direct / Organic,Unknown,0.52,1.03,0.0,WINBACK_EMAIL_ONLY,none_or_email_only
8815621275903,T5,D5,D2,10.24,1,12.34,12.34,1,False,False,False,False,Direct / Organic,Clear Protein,0.51,1.02,0.0,WINBACK_EMAIL_ONLY,none_or_email_only
6328281465087,T5,D5,D5,10.19,1,25.47,25.47,1,False,False,False,False,Subscription,Unknown,0.51,1.02,0.0,WINBACK_EMAIL_ONLY,none_or_email_only
8367820144895,T5,D5,D2,10.18,1,28.22,28.22,1,False,False,False,False,Paid Social,Unknown,0.51,1.02,0.0,WINBACK_EMAIL_ONLY,none_or_email_only
6963853328639,T5,D5,D5,10.17,1,22.87,22.87,1,True,False,False,False,Subscription,Other,0.51,1.02,0.0,WINBACK_EMAIL_ONLY,none_or_email_only
8339814678783,T5,D5,D3,10.11,1,15.79,15.79,2,False,False,False,False,Paid Social,Lean Protein,0.51,1.01,0.0,WINBACK_EMAIL_ONLY,none_or_email_only
7756025790719,T5,D5,D4,10.09,1,27.95,27.95,1,False,False,False,False,Direct / Organic,Unknown,0.5,1.01,0.0,WINBACK_EMAIL_ONLY,none_or_email_only
7756037619967,T5,D5,D4,10.0,1,27.73,27.73,1,False,False,False,False,Direct / Organic,Unknown,0.5,1.0,0.0,WINBACK_EMAIL_ONLY,none_or_email_only
7756037652735,T5,D5,D4,10.0,1,27.73,27.73,1,False,False,False,False,Direct / Organic,Unknown,0.5,1.0,0.0,WINBACK_EMAIL_ONLY,none_or_email_only
7756037816575,T5,D5,D4,10.0,1,27.73,27.73,1,False,False,False,False,Direct / Organic,Unknown,0.5,1.0,0.0,WINBACK_EMAIL_ONLY,none_or_email_only
8136190361855,T5,D5,D3,9.96,1,15.61,15.61,2,False,False,False,False,Direct / Organic,Lean Protein,0.5,1.0,0.0,WINBACK_EMAIL_ONLY,none_or_email_only
8370024710399,T5,D5,D2,9.96,1,29.9,29.9,1,False,False,False,False,Paid Social,Unknown,0.5,1.0,0.0,WINBACK_EMAIL_ONLY,none_or_email_only
8415875498239,T5,D5,D2,9.96,1,29.9,29.9,1,False,False,False,False,Direct / Organic,Unknown,0.5,1.0,0.0,WINBACK_EMAIL_ONLY,none_or_email_only
6327712055551,T5,D5,D5,9.9,1,29.65,29.65,1,False,False,False,False,Subscription,Unknown,0.5,0.99,0.0,WINBACK_EMAIL_ONLY,none_or_email_only
6327653826815,T5,D5,D5,9.8,1,29.4,29.4,1,False,False,False,False,Subscription,Unknown,0.49,0.98,0.0,WINBACK_EMAIL_ONLY,none_or_email_only
6327704223999,T5,D5,D5,9.8,1,29.4,29.4,1,False,False,False,False,Subscription,Unknown,0.49,0.98,0.0,WINBACK_EMAIL_ONLY,none_or_email_only
6327757406463,T5,D5,D5,9.8,1,24.5,24.5,1,False,False,False,False,Subscription,Unknown,0.49,0.98,0.0,WINBACK_EMAIL_ONLY,none_or_email_only
6423592796415,T5,D5,D5,9.8,1,24.5,24.5,1,False,False,False,False,Subscription,Unknown,0.49,0.98,0.0,WINBACK_EMAIL_ONLY,none_or_email_only
6423605772543,T5,D5,D5,9.8,1,24.5,24.5,1,False,False,False,False,Subscription,Unknown,0.49,0.98,0.0,WINBACK_EMAIL_ONLY,none_or_email_only
6423606755583,T5,D5,D5,9.8,1,29.4,29.4,1,False,False,False,False,Subscription,Unknown,0.49,0.98,0.0,WINBACK_EMAIL_ONLY,none_or_email_only
8074934288639,T5,D5,D3,9.7,1,16.8,16.8,1,False,False,False,False,Paid Social,Clear Protein,0.48,0.97,0.0,WINBACK_EMAIL_ONLY,none_or_email_only
8083629015295,T5,D5,D3,9.7,1,15.62,15.62,1,False,False,False,False,Direct / Organic,Clear Protein,0.48,0.97,0.0,WINBACK_EMAIL_ONLY,none_or_email_only
8085728002303,T5,D5,D3,9.7,1,16.8,16.8,1,False,False,False,False,Direct / Organic,Clear Protein,0.48,0.97,0.0,WINBACK_EMAIL_ONLY,none_or_email_only
8114087887103,T5,D5,D3,9.7,1,16.8,16.8,1,False,False,False,False,Paid Social,Clear Protein,0.48,0.97,0.0,WINBACK_EMAIL_ONLY,none_or_email_only
7756043124991,T5,D5,D4,9.67,1,24.17,24.17,1,False,False,False,False,Direct / Organic,Unknown,0.48,0.97,0.0,WINBACK_EMAIL_ONLY,none_or_email_only
8298738483455,T5,D5,D3,9.66,1,11.14,11.14,2,False,False,False,False,Direct / Organic,Lean Protein,0.48,0.97,0.0,WINBACK_EMAIL_ONLY,none_or_email_only
7755965235455,T5,D5,D5,9.64,1,24.09,24.09,1,False,False,False,False,Direct / Organic,Unknown,0.48,0.96,0.0,WINBACK_EMAIL_ONLY,none_or_email_only
7756016058623,T5,D5,D4,9.64,1,24.09,24.09,1,False,False,False,False,Direct / Organic,Unknown,0.48,0.96,0.0,WINBACK_EMAIL_ONLY,none_or_email_only
6327607853311,T5,D5,D5,9.6,1,28.9,28.9,1,False,False,False,False,Subscription,Unknown,0.48,0.96,0.0,WINBACK_EMAIL_ONLY,none_or_email_only
6327623418111,T5,D5,D5,9.6,1,28.9,28.9,1,False,False,False,False,Subscription,Unknown,0.48,0.96,0.0,WINBACK_EMAIL_ONLY,none_or_email_only
6328284643583,T5,D5,D5,9.6,1,28.9,28.9,1,False,False,False,False,Subscription,Unknown,0.48,0.96,0.0,WINBACK_EMAIL_ONLY,none_or_email_only
6336738099455,T5,D5,D5,9.6,1,28.89,28.89,1,False,False,False,False,Subscription,Unknown,0.48,0.96,0.0,WINBACK_EMAIL_ONLY,none_or_email_only
8848895017215,T5,D5,D2,9.47,1,13.73,13.73,2,False,False,False,False,Direct / Organic,Accessories,0.47,0.95,0.0,WINBACK_EMAIL_ONLY,none_or_email_only
7756036833535,T2,D5,D1,9.45,4,34.54,8.635,1,False,False,True,False,Direct / Organic,Unknown,0.47,0.94,0.94,SUBSCRIBE_AND_SAVE | bundle_offers | no_blanket_10pct,subscribe_discount|bundle|category_sample
8812240175359,T5,D5,D2,9.43,1,15.6,15.6,2,False,False,False,False,Direct / Organic,Accessories,0.47,0.94,0.0,WINBACK_EMAIL_ONLY,none_or_email_only
8748461129983,T5,D5,D2,9.38,1,15.53,15.53,2,False,False,False,False,Direct / Organic,Accessories,0.47,0.94,0.0,WINBACK_EMAIL_ONLY,none_or_email_only
7756039225599,T5,D5,D4,9.27,1,25.89,25.89,1,False,False,False,False,Direct / Organic,Unknown,0.46,0.93,0.0,WINBACK_EMAIL_ONLY,none_or_email_only
7756047089919,T5,D5,D4,9.27,1,23.16,23.16,1,False,False,False,False,Direct / Organic,Unknown,0.46,0.93,0.0,WINBACK_EMAIL_ONLY,none_or_email_only
7756030345471,T2,D5,D1,9.26,2,23.15,11.575,1,False,False,True,False,Direct / Organic,Unknown,0.46,0.93,0.93,SUBSCRIBE_AND_SAVE | bundle_offers | no_blanket_10pct,subscribe_discount|bundle|category_sample
7756378964223,T5,D5,D4,9.17,1,33.0,33.0,1,False,False,False,False,Direct / Organic,Unknown,0.46,0.92,0.0,WINBACK_EMAIL_ONLY,none_or_email_only
8657572921599,T5,D5,D2,9.14,1,15.24,15.24,2,False,False,False,False,Direct / Organic,Accessories,0.46,0.91,0.0,WINBACK_EMAIL_ONLY,none_or_email_only
8708556095743,T5,D5,D2,9.14,1,15.24,15.24,2,False,False,False,False,Direct / Organic,Accessories,0.46,0.91,0.0,WINBACK_EMAIL_ONLY,none_or_email_only
7756432834815,T5,D5,D4,9.13,1,26.94,26.94,1,False,False,False,False,Direct / Organic,Unknown,0.46,0.91,0.0,WINBACK_EMAIL_ONLY,none_or_email_only
7756434374911,T5,D5,D4,9.13,1,26.94,26.94,1,False,False,False,False,Direct / Organic,Unknown,0.46,0.91,0.0,WINBACK_EMAIL_ONLY,none_or_email_only
6327641178367,T5,D5,D5,9.12,1,22.81,22.81,1,False,False,False,False,Direct / Organic,Unknown,0.46,0.91,0.0,WINBACK_EMAIL_ONLY,none_or_email_only
7755958714623,T5,D5,D5,9.03,1,28.64,28.64,1,False,False,False,False,Direct / Organic,Unknown,0.45,0.9,0.0,WINBACK_EMAIL_ONLY,none_or_email_only
7756022776063,T5,D5,D4,9.0,1,25.23,25.23,1,False,False,False,False,Direct / Organic,Unknown,0.45,0.9,0.0,WINBACK_EMAIL_ONLY,none_or_email_only
7756028412159,T5,D5,D4,9.0,1,22.5,22.5,1,False,False,False,False,Direct / Organic,Unknown,0.45,0.9,0.0,WINBACK_EMAIL_ONLY,none_or_email_only
8093275193599,T2,D5,D1,8.92,2,10.8,5.4,2,False,False,True,False,Direct / Organic,Lean Protein,0.45,0.89,0.89,SUBSCRIBE_AND_SAVE | bundle_offers | no_blanket_10pct,subscribe_discount|bundle|category_sample
8108928467199,T5,D5,D3,8.92,1,10.8,10.8,2,False,False,False,False,Direct / Organic,Lean Protein,0.45,0.89,0.0,WINBACK_EMAIL_ONLY,none_or_email_only
7756007637247,T5,D5,D4,8.91,1,25.0,25.0,1,False,False,False,False,Direct / Organic,Unknown,0.45,0.89,0.0,WINBACK_EMAIL_ONLY,none_or_email_only
7756037030143,T5,D5,D4,8.91,1,25.0,25.0,1,False,False,False,False,Direct / Organic,Unknown,0.45,0.89,0.0,WINBACK_EMAIL_ONLY,none_or_email_only
7756044534015,T5,D5,D4,8.91,1,22.27,22.27,1,False,False,False,False,Direct / Organic,Unknown,0.45,0.89,0.0,WINBACK_EMAIL_ONLY,none_or_email_only
6327556669695,T5,D5,D5,8.82,1,22.05,22.05,1,False,False,False,False,Subscription,Unknown,0.44,0.88,0.0,WINBACK_EMAIL_ONLY,none_or_email_only
6327556735231,T5,D5,D5,8.82,1,22.05,22.05,1,False,False,False,False,Subscription,Unknown,0.44,0.88,0.0,WINBACK_EMAIL_ONLY,none_or_email_only
6424267456767,T5,D5,D5,8.8,1,26.9,26.9,1,False,False,False,False,Subscription,Unknown,0.44,0.88,0.0,WINBACK_EMAIL_ONLY,none_or_email_only
6423239950591,T5,D5,D5,8.76,1,26.8,26.8,1,False,False,False,False,Subscription,Unknown,0.44,0.88,0.0,WINBACK_EMAIL_ONLY,none_or_email_only
6423463395583,T5,D5,D5,8.76,1,26.8,26.8,1,False,False,False,False,Subscription,Unknown,0.44,0.88,0.0,WINBACK_EMAIL_ONLY,none_or_email_only
7755992203519,T5,D5,D4,8.73,1,24.55,24.55,1,False,False,False,False,Direct / Organic,Unknown,0.44,0.87,0.0,WINBACK_EMAIL_ONLY,none_or_email_only
8078001438975,T5,D5,D3,8.72,1,13.57,13.57,1,False,False,False,False,Affiliate,Lean Protein,0.44,0.87,0.0,WINBACK_EMAIL_ONLY,none_or_email_only
8364507791615,T5,D5,D2,8.71,1,11.95,11.95,2,False,False,False,False,Direct / Organic,Accessories,0.44,0.87,0.0,WINBACK_EMAIL_ONLY,none_or_email_only
8211697926399,T5,D5,D3,8.64,1,11.88,11.88,2,False,False,False,False,Paid Social,Accessories,0.43,0.86,0.0,WINBACK_EMAIL_ONLY,none_or_email_only
8291685826815,T5,D5,D3,8.64,1,11.28,11.28,2,False,False,False,False,Direct / Organic,Accessories,0.43,0.86,0.0,WINBACK_EMAIL_ONLY,none_or_email_only
8286290379007,T5,D5,D3,8.6,1,11.84,11.84,2,False,False,False,False,Direct / Organic,Accessories,0.43,0.86,0.0,WINBACK_EMAIL_ONLY,none_or_email_only
7756043288831,T5,D5,D4,8.6,1,24.23,24.23,1,False,False,False,False,Direct / Organic,Unknown,0.43,0.86,0.0,WINBACK_EMAIL_ONLY,none_or_email_only
7756448170239,T5,D5,D4,8.59,1,10.06,10.06,2,False,False,False,False,Direct / Organic,Accessories,0.43,0.86,0.0,WINBACK_EMAIL_ONLY,none_or_email_only
8083228492031,T5,D5,D3,8.56,1,11.8,11.8,2,False,False,False,False,Direct / Organic,Accessories,0.43,0.86,0.0,WINBACK_EMAIL_ONLY,none_or_email_only
8236354601215,T5,D5,D3,8.51,1,11.75,11.75,2,False,False,False,False,Direct / Organic,Accessories,0.43,0.85,0.0,WINBACK_EMAIL_ONLY,none_or_email_only
7756030607615,T5,D5,D4,8.27,1,20.67,20.67,1,False,False,False,False,Direct / Organic,Unknown,0.41,0.83,0.0,WINBACK_EMAIL_ONLY,none_or_email_only
8352688177407,T5,D5,D3,8.26,1,11.94,11.94,2,False,False,False,False,Direct / Organic,Accessories,0.41,0.83,0.0,WINBACK_EMAIL_ONLY,none_or_email_only
8308721484031,T5,D5,D3,8.22,1,11.9,11.9,2,False,False,False,False,Direct / Organic,Accessories,0.41,0.82,0.0,WINBACK_EMAIL_ONLY,none_or_email_only
8330979180799,T5,D5,D3,8.19,1,11.87,11.87,2,False,False,False,False,Direct / Organic,Accessories,0.41,0.82,0.0,WINBACK_EMAIL_ONLY,none_or_email_only
8240841982207,T5,D5,D3,8.18,1,11.86,11.86,2,False,False,False,False,Direct / Organic,Accessories,0.41,0.82,0.0,WINBACK_EMAIL_ONLY,none_or_email_only
7956289716479,T5,D5,D3,8.14,1,12.4,12.4,1,False,False,False,False,Direct / Organic,Lean Protein,0.41,0.81,0.0,WINBACK_EMAIL_ONLY,none_or_email_only
7957573435647,T5,D5,D3,8.14,1,9.8,9.8,1,False,False,False,False,Direct / Organic,Lean Protein,0.41,0.81,0.0,WINBACK_EMAIL_ONLY,none_or_email_only
7978157310207,T5,D5,D3,8.14,1,9.8,9.8,1,False,False,False,False,Direct / Organic,Lean Protein,0.41,0.81,0.0,WINBACK_EMAIL_ONLY,none_or_email_only
7980815548671,T5,D5,D3,8.14,1,9.8,9.8,1,False,False,False,False,Direct / Organic,Lean Protein,0.41,0.81,0.0,WINBACK_EMAIL_ONLY,none_or_email_only
8089858441471,T5,D5,D3,8.14,1,12.4,12.4,1,False,False,False,False,Direct / Organic,Lean Protein,0.41,0.81,0.0,WINBACK_EMAIL_ONLY,none_or_email_only
8162851520767,T5,D5,D3,8.07,1,11.75,11.75,2,False,False,False,False,Direct / Organic,Accessories,0.4,0.81,0.0,WINBACK_EMAIL_ONLY,none_or_email_only
8800279101695,T5,D5,D2,8.04,1,12.63,12.63,1,False,False,False,False,Direct / Organic,Lean Protein,0.4,0.8,0.0,WINBACK_EMAIL_ONLY,none_or_email_only
7755924635903,T5,D5,D5,8.02,1,22.77,22.77,1,False,False,False,False,Direct / Organic,Unknown,0.4,0.8,0.0,WINBACK_EMAIL_ONLY,none_or_email_only
7755935645951,T5,D5,D5,8.02,1,22.77,22.77,1,False,False,False,False,Direct / Organic,Unknown,0.4,0.8,0.0,WINBACK_EMAIL_ONLY,none_or_email_only
7756031000831,T5,D5,D4,8.02,1,20.05,20.05,1,False,False,False,False,Direct / Organic,Unknown,0.4,0.8,0.0,WINBACK_EMAIL_ONLY,none_or_email_only
7756031262975,T5,D5,D4,8.02,1,20.05,20.05,1,False,False,False,False,Direct / Organic,Unknown,0.4,0.8,0.0,WINBACK_EMAIL_ONLY,none_or_email_only
7756031328511,T5,D5,D4,8.02,1,22.77,22.77,1,False,False,False,False,Direct / Organic,Unknown,0.4,0.8,0.0,WINBACK_EMAIL_ONLY,none_or_email_only
7756031394047,T5,D5,D4,8.02,1,20.05,20.05,1,False,False,False,False,Direct / Organic,Unknown,0.4,0.8,0.0,WINBACK_EMAIL_ONLY,none_or_email_only
7756031885567,T5,D5,D4,8.02,1,20.05,20.05,1,False,False,False,False,Direct / Organic,Unknown,0.4,0.8,0.0,WINBACK_EMAIL_ONLY,none_or_email_only
7756032180479,T5,D5,D4,8.02,1,22.77,22.77,1,False,False,False,False,Direct / Organic,Unknown,0.4,0.8,0.0,WINBACK_EMAIL_ONLY,none_or_email_only
7756038537471,T5,D5,D4,8.02,1,20.05,20.05,1,False,False,False,False,Direct / Organic,Unknown,0.4,0.8,0.0,WINBACK_EMAIL_ONLY,none_or_email_only
7756037226751,T5,D5,D4,8.0,1,22.73,22.73,1,False,False,False,False,Direct / Organic,Unknown,0.4,0.8,0.0,WINBACK_EMAIL_ONLY,none_or_email_only
7756038439167,T5,D5,D4,8.0,1,20.0,20.0,1,False,False,False,False,Direct / Organic,Unknown,0.4,0.8,0.0,WINBACK_EMAIL_ONLY,none_or_email_only
6327623549183,T5,D5,D2,7.92,2,19.8,9.9,1,False,False,False,False,Subscription,Unknown,0.4,0.79,0.0,WINBACK_EMAIL_ONLY,none_or_email_only
6327666114815,T5,D5,D2,7.92,2,19.8,9.9,1,False,False,False,False,Subscription,Unknown,0.4,0.79,0.0,WINBACK_EMAIL_ONLY,none_or_email_only
6329716080895,T5,D5,D2,7.92,2,19.8,9.9,1,False,False,False,False,Subscription,Unknown,0.4,0.79,0.0,WINBACK_EMAIL_ONLY,none_or_email_only
6334090838271,T5,D5,D2,7.92,2,19.8,9.9,1,False,False,False,False,Subscription,Unknown,0.4,0.79,0.0,WINBACK_EMAIL_ONLY,none_or_email_only
6423603773695,T5,D5,D2,7.92,2,19.8,9.9,1,False,False,False,False,Subscription,Unknown,0.4,0.79,0.0,WINBACK_EMAIL_ONLY,none_or_email_only
6423607312639,T5,D5,D2,7.92,2,19.8,9.9,1,False,False,False,False,Subscription,Unknown,0.4,0.79,0.0,WINBACK_EMAIL_ONLY,none_or_email_only
8657495490815,T5,D5,D2,7.88,1,12.31,12.31,1,False,False,False,False,Paid Social,Accessories,0.39,0.79,0.0,WINBACK_EMAIL_ONLY,none_or_email_only
7947783307519,T2,D5,D1,7.87,2,14.35,7.175,2,False,False,True,False,Paid Social,Unknown,0.39,0.79,0.79,SUBSCRIBE_AND_SAVE | bundle_offers | no_blanket_10pct,subscribe_discount|bundle|category_sample
6424267227391,T5,D5,D5,7.84,1,19.6,19.6,1,False,False,False,False,Subscription,Unknown,0.39,0.78,0.0,WINBACK_EMAIL_ONLY,none_or_email_only
8868306649343,T5,D5,D2,7.84,1,12.65,12.65,2,False,False,False,False,Direct / Organic,Clear Protein,0.39,0.78,0.0,WINBACK_EMAIL_ONLY,none_or_email_only
6327401644287,T5,D5,D5,7.8,1,24.4,24.4,1,False,False,False,False,Subscription,Unknown,0.39,0.78,0.0,WINBACK_EMAIL_ONLY,none_or_email_only
7756361662719,T5,D5,D4,7.71,1,33.12,33.12,2,True,False,False,False,Subscription,Other,0.39,0.77,0.0,WINBACK_EMAIL_ONLY,none_or_email_only
7756043616511,T2,D5,D1,7.7,2,25.3,12.65,1,False,False,True,False,Direct / Organic,Unknown,0.38,0.77,0.77,SUBSCRIBE_AND_SAVE | bundle_offers | no_blanket_10pct,subscribe_discount|bundle|category_sample
8477979836671,T5,D5,D2,7.62,1,9.2,9.2,1,False,False,False,False,Direct / Organic,Accessories,0.38,0.76,0.0,WINBACK_EMAIL_ONLY,none_or_email_only
6328285921535,T5,D5,D5,7.6,1,23.9,23.9,1,False,False,False,False,Subscription,Unknown,0.38,0.76,0.0,WINBACK_EMAIL_ONLY,none_or_email_only
6423612063999,T5,D5,D5,7.6,1,23.9,23.9,1,False,False,False,False,Subscription,Unknown,0.38,0.76,0.0,WINBACK_EMAIL_ONLY,none_or_email_only
6423612129535,T5,D5,D5,7.6,1,23.9,23.9,1,False,False,False,False,Subscription,Unknown,0.38,0.76,0.0,WINBACK_EMAIL_ONLY,none_or_email_only
6423613047039,T5,D5,D5,7.6,1,23.9,23.9,1,False,False,False,False,Subscription,Unknown,0.38,0.76,0.0,WINBACK_EMAIL_ONLY,none_or_email_only
6423613604095,T5,D5,D5,7.6,1,23.9,23.9,1,False,False,False,False,Subscription,Unknown,0.38,0.76,0.0,WINBACK_EMAIL_ONLY,none_or_email_only
6423613669631,T5,D5,D5,7.6,1,23.9,23.9,1,False,False,False,False,Subscription,Unknown,0.38,0.76,0.0,WINBACK_EMAIL_ONLY,none_or_email_only
6423614062847,T5,D5,D5,7.6,1,23.9,23.9,1,False,False,False,False,Subscription,Unknown,0.38,0.76,0.0,WINBACK_EMAIL_ONLY,none_or_email_only
6423614095615,T5,D5,D5,7.6,1,23.9,23.9,1,False,False,False,False,Subscription,Unknown,0.38,0.76,0.0,WINBACK_EMAIL_ONLY,none_or_email_only
7756042076415,T5,D5,D4,7.53,1,18.82,18.82,1,False,False,False,False,Direct / Organic,Unknown,0.38,0.75,0.0,WINBACK_EMAIL_ONLY,none_or_email_only
7756045779199,T5,D5,D4,7.53,1,21.55,21.55,1,False,False,False,False,Direct / Organic,Unknown,0.38,0.75,0.0,WINBACK_EMAIL_ONLY,none_or_email_only
8251368603903,T5,D5,D3,7.52,1,9.1,9.1,1,False,False,False,False,Direct / Organic,Accessories,0.38,0.75,0.0,WINBACK_EMAIL_ONLY,none_or_email_only
7875579904255,T5,D5,D3,7.49,1,11.8,11.8,1,False,False,False,False,Direct / Organic,Accessories,0.37,0.75,0.0,WINBACK_EMAIL_ONLY,none_or_email_only
7756157026559,T5,D5,D4,7.48,1,9.06,9.06,1,False,False,False,False,Direct / Organic,Accessories,0.37,0.75,0.0,WINBACK_EMAIL_ONLY,none_or_email_only
7756325323007,T5,D5,D4,7.48,1,11.79,11.79,1,False,False,False,False,Direct / Organic,Accessories,0.37,0.75,0.0,WINBACK_EMAIL_ONLY,none_or_email_only
8147352027391,T5,D5,D3,7.47,1,9.05,9.05,1,False,False,False,False,Paid Social,Accessories,0.37,0.75,0.0,WINBACK_EMAIL_ONLY,none_or_email_only
8111457501439,T5,D5,D3,7.35,1,14.6,14.6,3,False,False,False,False,Direct / Organic,Accessories,0.37,0.74,0.0,WINBACK_EMAIL_ONLY,none_or_email_only
7756422807807,T5,D5,D4,7.32,1,26.73,26.73,2,False,False,False,False,Direct / Organic,Other,0.37,0.73,0.0,WINBACK_EMAIL_ONLY,none_or_email_only
7756430868735,T5,D5,D4,7.26,1,15.43,15.43,2,False,False,False,False,Direct / Organic,Other,0.36,0.73,0.0,WINBACK_EMAIL_ONLY,none_or_email_only
7755959533823,T5,D5,D5,7.22,1,18.06,18.06,1,False,False,False,False,Direct / Organic,Unknown,0.36,0.72,0.0,WINBACK_EMAIL_ONLY,none_or_email_only
7755928436991,T5,D5,D5,7.15,1,20.61,20.61,1,False,False,False,False,Direct / Organic,Unknown,0.36,0.72,0.0,WINBACK_EMAIL_ONLY,none_or_email_only
7755958911231,T5,D5,D5,7.15,1,17.88,17.88,1,False,False,False,False,Direct / Organic,Unknown,0.36,0.72,0.0,WINBACK_EMAIL_ONLY,none_or_email_only
7756018483455,T5,D5,D4,7.15,1,20.61,20.61,1,False,False,False,False,Direct / Organic,Unknown,0.36,0.72,0.0,WINBACK_EMAIL_ONLY,none_or_email_only
7756047253759,T5,D5,D4,7.15,1,20.61,20.61,1,False,False,False,False,Direct / Organic,Unknown,0.36,0.72,0.0,WINBACK_EMAIL_ONLY,none_or_email_only
7756047352063,T5,D5,D4,7.15,1,20.61,20.61,1,False,False,False,False,Direct / Organic,Unknown,0.36,0.72,0.0,WINBACK_EMAIL_ONLY,none_or_email_only
7756047384831,T5,D5,D4,7.15,1,20.61,20.61,1,False,False,False,False,Direct / Organic,Unknown,0.36,0.72,0.0,WINBACK_EMAIL_ONLY,none_or_email_only
7756047515903,T5,D5,D4,7.15,1,20.61,20.61,1,False,False,False,False,Direct / Organic,Unknown,0.36,0.72,0.0,WINBACK_EMAIL_ONLY,none_or_email_only
7756047843583,T5,D5,D4,7.15,1,20.61,20.61,1,False,False,False,False,Direct / Organic,Unknown,0.36,0.72,0.0,WINBACK_EMAIL_ONLY,none_or_email_only
7756048040191,T5,D5,D4,7.15,1,17.88,17.88,1,False,False,False,False,Direct / Organic,Unknown,0.36,0.72,0.0,WINBACK_EMAIL_ONLY,none_or_email_only
7755939021055,T5,D5,D5,7.13,1,20.55,20.55,1,False,False,False,False,Direct / Organic,Unknown,0.36,0.71,0.0,WINBACK_EMAIL_ONLY,none_or_email_only
7756035326207,T5,D5,D4,7.13,1,17.82,17.82,1,False,False,False,False,Direct / Organic,Unknown,0.36,0.71,0.0,WINBACK_EMAIL_ONLY,none_or_email_only
7756036440319,T5,D5,D4,7.13,1,20.55,20.55,1,False,False,False,False,Direct / Organic,Unknown,0.36,0.71,0.0,WINBACK_EMAIL_ONLY,none_or_email_only
7756036636927,T5,D5,D4,7.13,1,20.55,20.55,1,False,False,False,False,Direct / Organic,Unknown,0.36,0.71,0.0,WINBACK_EMAIL_ONLY,none_or_email_only
8373738406143,T5,D5,D2,7.08,1,9.18,9.18,1,False,False,False,False,Direct / Organic,Clear Protein,0.35,0.71,0.0,WINBACK_EMAIL_ONLY,none_or_email_only
7756043780351,T2,D5,D1,7.03,2,17.58,8.79,1,False,False,True,False,Direct / Organic,Unknown,0.35,0.7,0.7,SUBSCRIBE_AND_SAVE | bundle_offers | no_blanket_10pct,subscribe_discount|bundle|category_sample
7756437717247,T5,D5,D4,6.94,1,9.04,9.04,1,False,False,False,False,Paid Social,Clear Protein,0.35,0.69,0.0,WINBACK_EMAIL_ONLY,none_or_email_only
8251513569535,T5,D5,D3,6.94,1,9.04,9.04,1,False,False,False,False,Direct / Organic,Clear Protein,0.35,0.69,0.0,WINBACK_EMAIL_ONLY,none_or_email_only
7756047974655,T2,D5,D1,6.91,2,17.27,8.635,1,False,False,True,False,Direct / Organic,Unknown,0.35,0.69,0.69,SUBSCRIBE_AND_SAVE | bundle_offers | no_blanket_10pct,subscribe_discount|bundle|category_sample
8134042910975,T5,D5,D3,6.9,1,9.0,9.0,1,False,False,False,False,Direct / Organic,Clear Protein,0.34,0.69,0.0,WINBACK_EMAIL_ONLY,none_or_email_only
6423240081663,T5,D5,D2,6.84,2,26.9,13.45,1,False,False,False,False,Subscription,Unknown,0.34,0.68,0.0,WINBACK_EMAIL_ONLY,none_or_email_only
6329615220991,T5,D5,D5,6.66,1,9.9,9.9,2,False,False,False,False,Direct / Organic,Unknown,0.33,0.67,0.0,WINBACK_EMAIL_ONLY,none_or_email_only
6336684916991,T5,D5,D5,6.66,1,9.9,9.9,2,False,False,False,False,Paid Social,Accessories,0.33,0.67,0.0,WINBACK_EMAIL_ONLY,none_or_email_only
7127991779583,T5,D5,D5,6.66,1,9.9,9.9,2,False,False,False,False,Paid Social,Unknown,0.33,0.67,0.0,WINBACK_EMAIL_ONLY,none_or_email_only
7356383363327,T5,D5,D5,6.66,1,8.41,8.41,2,False,False,False,False,Direct / Organic,Unknown,0.33,0.67,0.0,WINBACK_EMAIL_ONLY,none_or_email_only
7694044201215,T5,D5,D5,6.66,1,9.9,9.9,2,False,False,False,False,Paid Social,Unknown,0.33,0.67,0.0,WINBACK_EMAIL_ONLY,none_or_email_only
7944523645183,T5,D5,D3,6.66,1,9.9,9.9,2,False,False,False,False,Direct / Organic,Accessories,0.33,0.67,0.0,WINBACK_EMAIL_ONLY,none_or_email_only
7944993079551,T5,D5,D3,6.66,1,9.9,9.9,2,False,False,False,False,Paid Social,Unknown,0.33,0.67,0.0,WINBACK_EMAIL_ONLY,none_or_email_only
7947239391487,T5,D5,D3,6.66,1,9.9,9.9,2,False,False,False,False,Paid Social,Unknown,0.33,0.67,0.0,WINBACK_EMAIL_ONLY,none_or_email_only
7947243618559,T5,D5,D3,6.66,1,9.9,9.9,2,False,False,False,False,Paid Social,Unknown,0.33,0.67,0.0,WINBACK_EMAIL_ONLY,none_or_email_only
7947423645951,T5,D5,D3,6.66,1,9.9,9.9,2,False,False,False,False,Paid Social,Unknown,0.33,0.67,0.0,WINBACK_EMAIL_ONLY,none_or_email_only
7947792810239,T5,D5,D3,6.66,1,9.9,9.9,2,False,False,False,False,Paid Social,Unknown,0.33,0.67,0.0,WINBACK_EMAIL_ONLY,none_or_email_only
7947850252543,T5,D5,D3,6.66,1,9.9,9.9,2,False,False,False,False,Paid Social,Unknown,0.33,0.67,0.0,WINBACK_EMAIL_ONLY,none_or_email_only
7947985584383,T5,D5,D3,6.66,1,9.9,9.9,2,False,False,False,False,Direct / Organic,Unknown,0.33,0.67,0.0,WINBACK_EMAIL_ONLY,none_or_email_only
7948420382975,T5,D5,D3,6.66,1,9.9,9.9,2,False,False,False,False,Paid Social,Unknown,0.33,0.67,0.0,WINBACK_EMAIL_ONLY,none_or_email_only
7949065060607,T5,D5,D3,6.66,1,9.9,9.9,2,False,False,False,False,Paid Social,Unknown,0.33,0.67,0.0,WINBACK_EMAIL_ONLY,none_or_email_only
7949364068607,T5,D5,D3,6.66,1,8.91,8.91,2,False,False,False,False,Direct / Organic,Unknown,0.33,0.67,0.0,WINBACK_EMAIL_ONLY,none_or_email_only
7953853120767,T5,D5,D3,6.66,1,9.9,9.9,2,False,False,False,False,Paid Social,Unknown,0.33,0.67,0.0,WINBACK_EMAIL_ONLY,none_or_email_only
7953984815359,T5,D5,D3,6.66,1,9.9,9.9,2,False,False,False,False,Direct / Organic,Unknown,0.33,0.67,0.0,WINBACK_EMAIL_ONLY,none_or_email_only
7953987862783,T5,D5,D3,6.66,1,9.9,9.9,2,False,False,False,False,Direct / Organic,Unknown,0.33,0.67,0.0,WINBACK_EMAIL_ONLY,none_or_email_only
7954748440831,T5,D5,D3,6.66,1,9.9,9.9,2,False,False,False,False,Paid Social,Unknown,0.33,0.67,0.0,WINBACK_EMAIL_ONLY,none_or_email_only
7955123634431,T5,D5,D3,6.66,1,9.9,9.9,2,False,False,False,False,Paid Social,Unknown,0.33,0.67,0.0,WINBACK_EMAIL_ONLY,none_or_email_only
7956543766783,T5,D5,D3,6.66,1,9.9,9.9,2,False,False,False,False,Paid Social,Unknown,0.33,0.67,0.0,WINBACK_EMAIL_ONLY,none_or_email_only
7956611399935,T5,D5,D3,6.66,1,9.9,9.9,2,False,False,False,False,Paid Social,Unknown,0.33,0.67,0.0,WINBACK_EMAIL_ONLY,none_or_email_only
7957658271999,T5,D5,D3,6.66,1,9.9,9.9,2,False,False,False,False,Paid Social,Unknown,0.33,0.67,0.0,WINBACK_EMAIL_ONLY,none_or_email_only
7957910520063,T5,D5,D3,6.66,1,9.9,9.9,2,False,False,False,False,Direct / Organic,Unknown,0.33,0.67,0.0,WINBACK_EMAIL_ONLY,none_or_email_only
7958863151359,T5,D5,D3,6.66,1,9.9,9.9,2,False,False,False,False,Paid Social,Unknown,0.33,0.67,0.0,WINBACK_EMAIL_ONLY,none_or_email_only
7958938517759,T5,D5,D3,6.66,1,9.9,9.9,2,False,False,False,False,Paid Social,Unknown,0.33,0.67,0.0,WINBACK_EMAIL_ONLY,none_or_email_only
7960663032063,T5,D5,D3,6.66,1,9.9,9.9,2,False,False,False,False,Direct / Organic,Unknown,0.33,0.67,0.0,WINBACK_EMAIL_ONLY,none_or_email_only
7960702255359,T5,D5,D3,6.66,1,9.9,9.9,2,False,False,False,False,Direct / Organic,Unknown,0.33,0.67,0.0,WINBACK_EMAIL_ONLY,none_or_email_only
7960884084991,T5,D5,D3,6.66,1,9.9,9.9,2,False,False,False,False,Paid Social,Unknown,0.33,0.67,0.0,WINBACK_EMAIL_ONLY,none_or_email_only
7960931926271,T5,D5,D3,6.66,1,9.9,9.9,2,False,False,False,False,Paid Social,Unknown,0.33,0.67,0.0,WINBACK_EMAIL_ONLY,none_or_email_only
7961317933311,T5,D5,D3,6.66,1,9.9,9.9,2,False,False,False,False,Paid Social,Unknown,0.33,0.67,0.0,WINBACK_EMAIL_ONLY,none_or_email_only
7963011383551,T5,D5,D3,6.66,1,9.9,9.9,2,False,False,False,False,Paid Social,Unknown,0.33,0.67,0.0,WINBACK_EMAIL_ONLY,none_or_email_only
7963058274559,T5,D5,D3,6.66,1,9.9,9.9,2,False,False,False,False,Direct / Organic,Unknown,0.33,0.67,0.0,WINBACK_EMAIL_ONLY,none_or_email_only
7963208450303,T5,D5,D3,6.66,1,9.9,9.9,2,False,False,False,False,Paid Social,Unknown,0.33,0.67,0.0,WINBACK_EMAIL_ONLY,none_or_email_only
7964860383487,T5,D5,D3,6.66,1,9.9,9.9,2,False,False,False,False,Paid Social,Unknown,0.33,0.67,0.0,WINBACK_EMAIL_ONLY,none_or_email_only
7966279008511,T5,D5,D3,6.66,1,9.9,9.9,2,False,False,False,False,Direct / Organic,Unknown,0.33,0.67,0.0,WINBACK_EMAIL_ONLY,none_or_email_only
7967101387007,T5,D5,D3,6.66,1,9.9,9.9,2,False,False,False,False,Paid Social,Unknown,0.33,0.67,0.0,WINBACK_EMAIL_ONLY,none_or_email_only
7969128972543,T5,D5,D3,6.66,1,9.9,9.9,2,False,False,False,False,Paid Social,Unknown,0.33,0.67,0.0,WINBACK_EMAIL_ONLY,none_or_email_only
7969943060735,T5,D5,D3,6.66,1,9.9,9.9,2,False,False,False,False,Paid Social,Unknown,0.33,0.67,0.0,WINBACK_EMAIL_ONLY,none_or_email_only
7970179580159,T5,D5,D3,6.66,1,9.9,9.9,2,False,False,False,False,Paid Social,Accessories,0.33,0.67,0.0,WINBACK_EMAIL_ONLY,none_or_email_only
7971528638719,T5,D5,D3,6.66,1,9.9,9.9,2,False,False,False,False,Direct / Organic,Unknown,0.33,0.67,0.0,WINBACK_EMAIL_ONLY,none_or_email_only
7971586015487,T5,D5,D3,6.66,1,9.9,9.9,2,False,False,False,False,Paid Social,Unknown,0.33,0.67,0.0,WINBACK_EMAIL_ONLY,none_or_email_only
7976802779391,T5,D5,D3,6.66,1,9.9,9.9,2,False,False,False,False,Paid Social,Unknown,0.33,0.67,0.0,WINBACK_EMAIL_ONLY,none_or_email_only
7976827355391,T5,D5,D3,6.66,1,8.41,8.41,2,False,False,False,False,Paid Social,Unknown,0.33,0.67,0.0,WINBACK_EMAIL_ONLY,none_or_email_only
7977191375103,T5,D5,D3,6.66,1,9.9,9.9,2,False,False,False,False,Direct / Organic,Unknown,0.33,0.67,0.0,WINBACK_EMAIL_ONLY,none_or_email_only
7978194665727,T5,D5,D3,6.66,1,9.9,9.9,2,False,False,False,False,Paid Social,Unknown,0.33,0.67,0.0,WINBACK_EMAIL_ONLY,none_or_email_only
7979969282303,T5,D5,D3,6.66,1,9.9,9.9,2,False,False,False,False,Paid Social,Unknown,0.33,0.67,0.0,WINBACK_EMAIL_ONLY,none_or_email_only
7980154650879,T5,D5,D3,6.66,1,9.9,9.9,2,False,False,False,False,Paid Social,Unknown,0.33,0.67,0.0,WINBACK_EMAIL_ONLY,none_or_email_only
7981276627199,T5,D5,D3,6.66,1,9.9,9.9,2,False,False,False,False,Paid Social,Unknown,0.33,0.67,0.0,WINBACK_EMAIL_ONLY,none_or_email_only
7981445284095,T5,D5,D3,6.66,1,9.9,9.9,2,False,False,False,False,Paid Social,Unknown,0.33,0.67,0.0,WINBACK_EMAIL_ONLY,none_or_email_only
7981721747711,T5,D5,D3,6.66,1,9.9,9.9,2,False,False,False,False,Direct / Organic,Unknown,0.33,0.67,0.0,WINBACK_EMAIL_ONLY,none_or_email_only
7986218402047,T5,D5,D3,6.66,1,9.9,9.9,2,False,False,False,False,Paid Social,Unknown,0.33,0.67,0.0,WINBACK_EMAIL_ONLY,none_or_email_only
7986317426943,T5,D5,D3,6.66,1,9.9,9.9,2,False,False,False,False,Direct / Organic,Unknown,0.33,0.67,0.0,WINBACK_EMAIL_ONLY,none_or_email_only
7988104200447,T5,D5,D3,6.66,1,9.9,9.9,2,False,False,False,False,Paid Social,Unknown,0.33,0.67,0.0,WINBACK_EMAIL_ONLY,none_or_email_only
7991643373823,T5,D5,D3,6.66,1,9.9,9.9,2,False,False,False,False,Paid Social,Unknown,0.33,0.67,0.0,WINBACK_EMAIL_ONLY,none_or_email_only
7993809535231,T5,D5,D3,6.66,1,9.9,9.9,2,False,False,False,False,Paid Social,Unknown,0.33,0.67,0.0,WINBACK_EMAIL_ONLY,none_or_email_only
7994766262527,T5,D5,D3,6.66,1,9.9,9.9,2,False,False,False,False,Paid Social,Unknown,0.33,0.67,0.0,WINBACK_EMAIL_ONLY,none_or_email_only
8017390960895,T5,D5,D3,6.66,1,9.9,9.9,2,False,False,False,False,Direct / Organic,Accessories,0.33,0.67,0.0,WINBACK_EMAIL_ONLY,none_or_email_only
8028452782335,T5,D5,D3,6.66,1,9.9,9.9,2,False,False,False,False,Paid Social,Accessories,0.33,0.67,0.0,WINBACK_EMAIL_ONLY,none_or_email_only
8033804583167,T5,D5,D3,6.66,1,9.9,9.9,2,False,False,False,False,Paid Social,Accessories,0.33,0.67,0.0,WINBACK_EMAIL_ONLY,none_or_email_only
8035329016063,T5,D5,D3,6.66,1,9.9,9.9,2,False,False,False,False,Direct / Organic,Accessories,0.33,0.67,0.0,WINBACK_EMAIL_ONLY,none_or_email_only
8035369779455,T5,D5,D3,6.66,1,9.9,9.9,2,False,False,False,False,Paid Social,Accessories,0.33,0.67,0.0,WINBACK_EMAIL_ONLY,none_or_email_only
8036106404095,T5,D5,D3,6.66,1,9.9,9.9,2,False,False,False,False,Paid Social,Accessories,0.33,0.67,0.0,WINBACK_EMAIL_ONLY,none_or_email_only
8038275481855,T5,D5,D3,6.66,1,9.9,9.9,2,False,False,False,False,Direct / Organic,Accessories,0.33,0.67,0.0,WINBACK_EMAIL_ONLY,none_or_email_only
8044753846527,T5,D5,D3,6.66,1,9.9,9.9,2,False,False,False,False,Direct / Organic,Accessories,0.33,0.67,0.0,WINBACK_EMAIL_ONLY,none_or_email_only
8059895546111,T5,D5,D3,6.66,1,9.9,9.9,2,False,False,False,False,Paid Social,Accessories,0.33,0.67,0.0,WINBACK_EMAIL_ONLY,none_or_email_only
8060349612287,T5,D5,D3,6.66,1,9.9,9.9,2,False,False,False,False,Paid Social,Accessories,0.33,0.67,0.0,WINBACK_EMAIL_ONLY,none_or_email_only
8060442607871,T5,D5,D3,6.66,1,9.9,9.9,2,False,False,False,False,Paid Social,Accessories,0.33,0.67,0.0,WINBACK_EMAIL_ONLY,none_or_email_only
8061688185087,T5,D5,D3,6.66,1,9.9,9.9,2,False,False,False,False,Direct / Organic,Accessories,0.33,0.67,0.0,WINBACK_EMAIL_ONLY,none_or_email_only
8062138417407,T5,D5,D3,6.66,1,9.9,9.9,2,False,False,False,False,Direct / Organic,Accessories,0.33,0.67,0.0,WINBACK_EMAIL_ONLY,none_or_email_only
8062283251967,T5,D5,D3,6.66,1,8.41,8.41,2,False,False,False,False,Paid Social,Accessories,0.33,0.67,0.0,WINBACK_EMAIL_ONLY,none_or_email_only
8062293704959,T5,D5,D3,6.66,1,9.9,9.9,2,False,False,False,False,Paid Social,Accessories,0.33,0.67,0.0,WINBACK_EMAIL_ONLY,none_or_email_only
8062496899327,T5,D5,D3,6.66,1,8.91,8.91,2,False,False,False,False,Direct / Organic,Accessories,0.33,0.67,0.0,WINBACK_EMAIL_ONLY,none_or_email_only
8073543909631,T5,D5,D3,6.66,1,9.9,9.9,2,False,False,False,False,Direct / Organic,Accessories,0.33,0.67,0.0,WINBACK_EMAIL_ONLY,none_or_email_only
8073981886719,T5,D5,D3,6.66,1,8.91,8.91,2,False,False,False,False,Direct / Organic,Accessories,0.33,0.67,0.0,WINBACK_EMAIL_ONLY,none_or_email_only
8075827020031,T5,D5,D3,6.66,1,9.9,9.9,2,False,False,False,False,Paid Social,Accessories,0.33,0.67,0.0,WINBACK_EMAIL_ONLY,none_or_email_only
8076994806015,T5,D5,D3,6.66,1,9.9,9.9,2,False,False,False,False,Direct / Organic,Accessories,0.33,0.67,0.0,WINBACK_EMAIL_ONLY,none_or_email_only
8077209796863,T5,D5,D3,6.66,1,9.9,9.9,2,False,False,False,False,Paid Social,Accessories,0.33,0.67,0.0,WINBACK_EMAIL_ONLY,none_or_email_only
8077735428351,T5,D5,D3,6.66,1,9.9,9.9,2,False,False,False,False,Paid Social,Accessories,0.33,0.67,0.0,WINBACK_EMAIL_ONLY,none_or_email_only
8079725232383,T5,D5,D3,6.66,1,9.9,9.9,2,False,False,False,False,Direct / Organic,Accessories,0.33,0.67,0.0,WINBACK_EMAIL_ONLY,none_or_email_only
8081417273599,T5,D5,D3,6.66,1,9.9,9.9,2,False,False,False,False,Direct / Organic,Accessories,0.33,0.67,0.0,WINBACK_EMAIL_ONLY,none_or_email_only
8082145935615,T5,D5,D3,6.66,1,9.9,9.9,2,False,False,False,False,Paid Social,Accessories,0.33,0.67,0.0,WINBACK_EMAIL_ONLY,none_or_email_only
8082524045567,T5,D5,D3,6.66,1,9.9,9.9,2,False,False,False,False,Direct / Organic,Accessories,0.33,0.67,0.0,WINBACK_EMAIL_ONLY,none_or_email_only
8086454305023,T5,D5,D3,6.66,1,9.9,9.9,2,False,False,False,False,Paid Social,Accessories,0.33,0.67,0.0,WINBACK_EMAIL_ONLY,none_or_email_only
8086722543871,T5,D5,D3,6.66,1,9.9,9.9,2,False,False,False,False,Paid Social,Accessories,0.33,0.67,0.0,WINBACK_EMAIL_ONLY,none_or_email_only
8089827574015,T5,D5,D3,6.66,1,9.9,9.9,2,False,False,False,False,Direct / Organic,Accessories,0.33,0.67,0.0,WINBACK_EMAIL_ONLY,none_or_email_only
8090247790847,T5,D5,D3,6.66,1,9.9,9.9,2,False,False,False,False,Direct / Organic,Accessories,0.33,0.67,0.0,WINBACK_EMAIL_ONLY,none_or_email_only
8091200127231,T5,D5,D3,6.66,1,9.9,9.9,2,False,False,False,False,Paid Social,Accessories,0.33,0.67,0.0,WINBACK_EMAIL_ONLY,none_or_email_only
8091952742655,T5,D5,D3,6.66,1,9.9,9.9,2,False,False,False,False,Direct / Organic,Accessories,0.33,0.67,0.0,WINBACK_EMAIL_ONLY,none_or_email_only
8092348940543,T5,D5,D3,6.66,1,9.9,9.9,2,False,False,False,False,Paid Social,Accessories,0.33,0.67,0.0,WINBACK_EMAIL_ONLY,none_or_email_only
8093702029567,T5,D5,D3,6.66,1,9.9,9.9,2,True,False,False,False,Direct / Organic,Accessories,0.33,0.67,0.0,WINBACK_EMAIL_ONLY,none_or_email_only
8098376089855,T5,D5,D3,6.66,1,9.9,9.9,2,False,False,False,False,Direct / Organic,Accessories,0.33,0.67,0.0,WINBACK_EMAIL_ONLY,none_or_email_only
8099252928767,T5,D5,D3,6.66,1,9.9,9.9,2,False,False,False,False,Direct / Organic,Accessories,0.33,0.67,0.0,WINBACK_EMAIL_ONLY,none_or_email_only
8099338027263,T5,D5,D3,6.66,1,9.9,9.9,2,False,False,False,False,Paid Social,Accessories,0.33,0.67,0.0,WINBACK_EMAIL_ONLY,none_or_email_only
8099785801983,T5,D5,D3,6.66,1,9.9,9.9,2,False,False,False,False,Direct / Organic,Accessories,0.33,0.67,0.0,WINBACK_EMAIL_ONLY,none_or_email_only
8106785079551,T5,D5,D3,6.66,1,9.9,9.9,2,False,False,False,False,Direct / Organic,Accessories,0.33,0.67,0.0,WINBACK_EMAIL_ONLY,none_or_email_only
8107064525055,T5,D5,D3,6.66,1,9.9,9.9,2,False,False,False,False,Direct / Organic,Accessories,0.33,0.67,0.0,WINBACK_EMAIL_ONLY,none_or_email_only
8263965409535,T2,D5,D1,6.57,2,16.42,8.21,1,False,False,True,False,Direct / Organic,Other,0.33,0.66,0.66,SUBSCRIBE_AND_SAVE | bundle_offers | no_blanket_10pct,subscribe_discount|bundle|category_sample
7756039487743,T5,D5,D4,6.44,1,16.09,16.09,1,False,False,False,False,Direct / Organic,Unknown,0.32,0.64,0.0,WINBACK_EMAIL_ONLY,none_or_email_only
7905979990271,T5,D5,D3,6.39,1,8.88,8.88,1,False,False,False,False,Paid Social,Lean Protein,0.32,0.64,0.0,WINBACK_EMAIL_ONLY,none_or_email_only
7756033032447,T5,D5,D4,6.25,1,15.64,15.64,1,False,False,False,False,Direct / Organic,Unknown,0.31,0.62,0.0,WINBACK_EMAIL_ONLY,none_or_email_only
6327793615103,T5,D5,D5,6.24,1,20.5,20.5,1,False,False,False,False,Subscription,Unknown,0.31,0.62,0.0,WINBACK_EMAIL_ONLY,none_or_email_only
6423594926335,T5,D5,D5,6.24,1,20.5,20.5,1,False,False,False,False,Subscription,Unknown,0.31,0.62,0.0,WINBACK_EMAIL_ONLY,none_or_email_only
6423596826879,T5,D5,D5,6.24,1,20.5,20.5,1,False,False,False,False,Subscription,Unknown,0.31,0.62,0.0,WINBACK_EMAIL_ONLY,none_or_email_only
6423597613311,T5,D5,D5,6.24,1,20.5,20.5,1,False,False,False,False,Subscription,Unknown,0.31,0.62,0.0,WINBACK_EMAIL_ONLY,none_or_email_only
7756021039359,T2,D5,D1,6.24,4,21.05,5.2625,1,False,False,True,False,Direct / Organic,Unknown,0.31,0.62,0.62,SUBSCRIBE_AND_SAVE | bundle_offers | no_blanket_10pct,subscribe_discount|bundle|category_sample
7955169247487,T5,D5,D3,6.22,1,8.41,8.41,2,False,False,False,False,Paid Social,Accessories,0.31,0.62,0.0,WINBACK_EMAIL_ONLY,none_or_email_only
8079793520895,T5,D5,D3,6.22,1,8.91,8.91,2,False,False,False,False,Direct / Organic,Accessories,0.31,0.62,0.0,WINBACK_EMAIL_ONLY,none_or_email_only
8085072314623,T5,D5,D3,6.22,1,9.9,9.9,2,False,False,False,False,Paid Social,Accessories,0.31,0.62,0.0,WINBACK_EMAIL_ONLY,none_or_email_only
8093263364351,T5,D5,D3,6.22,1,9.9,9.9,2,False,False,False,False,Direct / Organic,Accessories,0.31,0.62,0.0,WINBACK_EMAIL_ONLY,none_or_email_only
8098559328511,T5,D5,D3,6.22,1,9.9,9.9,2,False,False,False,False,Direct / Organic,Accessories,0.31,0.62,0.0,WINBACK_EMAIL_ONLY,none_or_email_only
8099604300031,T5,D5,D3,6.22,1,9.9,9.9,2,False,False,False,False,Paid Social,Accessories,0.31,0.62,0.0,WINBACK_EMAIL_ONLY,none_or_email_only
8099616981247,T5,D5,D3,6.22,1,8.41,8.41,2,False,False,False,False,Direct / Organic,Accessories,0.31,0.62,0.0,WINBACK_EMAIL_ONLY,none_or_email_only
8101295620351,T5,D5,D3,6.22,1,9.9,9.9,2,False,False,False,False,Direct / Organic,Accessories,0.31,0.62,0.0,WINBACK_EMAIL_ONLY,none_or_email_only
8101696995583,T5,D5,D3,6.22,1,9.9,9.9,2,False,False,False,False,Direct / Organic,Accessories,0.31,0.62,0.0,WINBACK_EMAIL_ONLY,none_or_email_only
8106201874687,T5,D5,D3,6.22,1,9.9,9.9,2,False,False,False,False,Direct / Organic,Accessories,0.31,0.62,0.0,WINBACK_EMAIL_ONLY,none_or_email_only
7756425855231,T5,D5,D4,6.17,1,15.43,15.43,2,True,False,False,False,Subscription,Unknown,0.31,0.62,0.0,WINBACK_EMAIL_ONLY,none_or_email_only
8017510826239,T5,D5,D3,5.62,1,8.86,8.86,2,False,False,False,False,Paid Social,Accessories,0.28,0.56,0.0,WINBACK_EMAIL_ONLY,none_or_email_only
8081163682047,T5,D5,D3,5.61,1,8.85,8.85,2,False,False,False,False,Paid Social,Accessories,0.28,0.56,0.0,WINBACK_EMAIL_ONLY,none_or_email_only
8009441018111,T5,D5,D3,5.6,1,8.84,8.84,2,False,False,False,False,Direct / Organic,Accessories,0.28,0.56,0.0,WINBACK_EMAIL_ONLY,none_or_email_only
8001316258047,T5,D5,D3,5.59,1,8.83,8.83,2,False,False,False,False,Paid Social,Unknown,0.28,0.56,0.0,WINBACK_EMAIL_ONLY,none_or_email_only
8013910507775,T5,D5,D3,5.59,1,8.83,8.83,2,False,False,False,False,Paid Social,Accessories,0.28,0.56,0.0,WINBACK_EMAIL_ONLY,none_or_email_only
8017677648127,T5,D5,D3,5.59,1,8.83,8.83,2,False,False,False,False,Paid Social,Accessories,0.28,0.56,0.0,WINBACK_EMAIL_ONLY,none_or_email_only
8025648005375,T5,D5,D3,5.59,1,8.83,8.83,2,False,False,False,False,Direct / Organic,Accessories,0.28,0.56,0.0,WINBACK_EMAIL_ONLY,none_or_email_only
8080121921791,T5,D5,D3,5.59,1,8.83,8.83,2,False,False,False,False,Paid Social,Accessories,0.28,0.56,0.0,WINBACK_EMAIL_ONLY,none_or_email_only
7756478316799,T5,D5,D4,5.57,1,8.81,8.81,2,False,False,False,False,Paid Social,Accessories,0.28,0.56,0.0,WINBACK_EMAIL_ONLY,none_or_email_only
8052244119807,T5,D5,D3,5.57,1,8.81,8.81,2,False,False,False,False,Paid Social,Accessories,0.28,0.56,0.0,WINBACK_EMAIL_ONLY,none_or_email_only
8082922176767,T5,D5,D3,5.57,1,8.81,8.81,2,False,False,False,False,Paid Social,Accessories,0.28,0.56,0.0,WINBACK_EMAIL_ONLY,none_or_email_only
8091621916927,T5,D5,D3,5.56,1,8.8,8.8,2,False,False,False,False,Paid Social,Accessories,0.28,0.56,0.0,WINBACK_EMAIL_ONLY,none_or_email_only
8096862929151,T5,D5,D3,5.56,1,8.8,8.8,2,False,False,False,False,Direct / Organic,Accessories,0.28,0.56,0.0,WINBACK_EMAIL_ONLY,none_or_email_only
7974247530751,T5,D5,D3,5.55,1,8.79,8.79,2,False,False,False,False,Direct / Organic,Unknown,0.28,0.56,0.0,WINBACK_EMAIL_ONLY,none_or_email_only
7986042929407,T5,D5,D3,5.55,1,8.79,8.79,2,False,False,False,False,Paid Social,Unknown,0.28,0.56,0.0,WINBACK_EMAIL_ONLY,none_or_email_only
7987021545727,T5,D5,D3,5.55,1,8.79,8.79,2,False,False,False,False,Paid Social,Unknown,0.28,0.56,0.0,WINBACK_EMAIL_ONLY,none_or_email_only
7994403029247,T5,D5,D3,5.55,1,8.79,8.79,2,False,False,False,False,Paid Social,Unknown,0.28,0.56,0.0,WINBACK_EMAIL_ONLY,none_or_email_only
8025703809279,T5,D5,D3,5.55,1,8.79,8.79,2,False,False,False,False,Paid Social,Accessories,0.28,0.56,0.0,WINBACK_EMAIL_ONLY,none_or_email_only
8026601783551,T5,D5,D3,5.55,1,8.79,8.79,2,False,False,False,False,Paid Social,Accessories,0.28,0.56,0.0,WINBACK_EMAIL_ONLY,none_or_email_only
8084578664703,T5,D5,D3,5.55,1,7.91,7.91,2,False,False,False,False,Direct / Organic,Accessories,0.28,0.56,0.0,WINBACK_EMAIL_ONLY,none_or_email_only
7756468814079,T5,D5,D4,5.54,1,8.78,8.78,2,False,False,False,False,Paid Social,Accessories,0.28,0.55,0.0,WINBACK_EMAIL_ONLY,none_or_email_only
7984326705407,T5,D5,D3,5.54,1,8.78,8.78,2,False,False,False,False,Direct / Organic,Unknown,0.28,0.55,0.0,WINBACK_EMAIL_ONLY,none_or_email_only
7989422915839,T5,D5,D3,5.54,1,8.78,8.78,2,False,False,False,False,Paid Social,Unknown,0.28,0.55,0.0,WINBACK_EMAIL_ONLY,none_or_email_only
8054260531455,T5,D5,D3,5.54,1,8.78,8.78,2,False,False,False,False,Direct / Organic,Accessories,0.28,0.55,0.0,WINBACK_EMAIL_ONLY,none_or_email_only
8058275791103,T5,D5,D3,5.54,1,8.78,8.78,2,False,False,False,False,Paid Social,Accessories,0.28,0.55,0.0,WINBACK_EMAIL_ONLY,none_or_email_only
8033668399359,T5,D5,D3,5.52,1,8.76,8.76,2,False,False,False,False,Paid Social,Accessories,0.28,0.55,0.0,WINBACK_EMAIL_ONLY,none_or_email_only
8035219767551,T5,D5,D3,5.52,1,8.76,8.76,2,False,False,False,False,Paid Social,Accessories,0.28,0.55,0.0,WINBACK_EMAIL_ONLY,none_or_email_only
8036005380351,T5,D5,D3,5.52,1,8.76,8.76,2,False,False,False,False,Paid Social,Accessories,0.28,0.55,0.0,WINBACK_EMAIL_ONLY,none_or_email_only
8054987063551,T5,D5,D3,5.52,1,8.76,8.76,2,False,False,False,False,Paid Social,Accessories,0.28,0.55,0.0,WINBACK_EMAIL_ONLY,none_or_email_only
8063554158847,T5,D5,D3,5.52,1,8.76,8.76,2,False,False,False,False,Direct / Organic,Accessories,0.28,0.55,0.0,WINBACK_EMAIL_ONLY,none_or_email_only
8099512942847,T5,D5,D3,5.52,1,8.76,8.76,2,False,False,False,False,Paid Social,Accessories,0.28,0.55,0.0,WINBACK_EMAIL_ONLY,none_or_email_only
7953635377407,T5,D5,D3,5.51,1,8.75,8.75,2,False,False,False,False,Paid Social,Accessories,0.28,0.55,0.0,WINBACK_EMAIL_ONLY,none_or_email_only
8033865564415,T5,D5,D3,5.51,1,8.75,8.75,2,False,False,False,False,Paid Social,Accessories,0.28,0.55,0.0,WINBACK_EMAIL_ONLY,none_or_email_only
8033941029119,T5,D5,D3,5.51,1,8.75,8.75,2,False,False,False,False,Paid Social,Accessories,0.28,0.55,0.0,WINBACK_EMAIL_ONLY,none_or_email_only
8033941389567,T5,D5,D3,5.51,1,8.75,8.75,2,False,False,False,False,Direct / Organic,Accessories,0.28,0.55,0.0,WINBACK_EMAIL_ONLY,none_or_email_only
8035869753599,T5,D5,D3,5.51,1,8.75,8.75,2,False,False,False,False,Paid Social,Accessories,0.28,0.55,0.0,WINBACK_EMAIL_ONLY,none_or_email_only
8041640952063,T5,D5,D3,5.51,1,8.75,8.75,2,False,False,False,False,Direct / Organic,Accessories,0.28,0.55,0.0,WINBACK_EMAIL_ONLY,none_or_email_only
8040205353215,T5,D5,D3,5.5,1,8.74,8.74,2,False,False,False,False,Direct / Organic,Accessories,0.28,0.55,0.0,WINBACK_EMAIL_ONLY,none_or_email_only
8041565847807,T5,D5,D3,5.5,1,8.74,8.74,2,False,False,False,False,Paid Social,Accessories,0.28,0.55,0.0,WINBACK_EMAIL_ONLY,none_or_email_only
8041576464639,T5,D5,D3,5.5,1,8.74,8.74,2,False,False,False,False,Direct / Organic,Accessories,0.28,0.55,0.0,WINBACK_EMAIL_ONLY,none_or_email_only
7978250043647,T5,D5,D3,5.48,1,8.72,8.72,2,False,False,False,False,Paid Social,Unknown,0.27,0.55,0.0,WINBACK_EMAIL_ONLY,none_or_email_only
7979875467519,T5,D5,D3,5.48,1,8.72,8.72,2,False,False,False,False,Paid Social,Unknown,0.27,0.55,0.0,WINBACK_EMAIL_ONLY,none_or_email_only
7981294485759,T5,D5,D3,5.48,1,8.72,8.72,2,False,False,False,False,Paid Social,Unknown,0.27,0.55,0.0,WINBACK_EMAIL_ONLY,none_or_email_only
7843931291903,T5,D5,D3,5.46,1,8.7,8.7,2,False,False,False,False,Paid Social,Unknown,0.27,0.55,0.0,WINBACK_EMAIL_ONLY,none_or_email_only
7975543505151,T5,D5,D3,5.46,1,8.7,8.7,2,False,False,False,False,Paid Social,Unknown,0.27,0.55,0.0,WINBACK_EMAIL_ONLY,none_or_email_only
7953771331839,T5,D5,D3,5.45,1,8.69,8.69,2,False,False,False,False,Direct / Organic,Unknown,0.27,0.55,0.0,WINBACK_EMAIL_ONLY,none_or_email_only
7962148634879,T5,D5,D3,5.42,1,8.66,8.66,2,False,False,False,False,Paid Social,Unknown,0.27,0.54,0.0,WINBACK_EMAIL_ONLY,none_or_email_only
7971282485503,T5,D5,D3,5.42,1,8.66,8.66,2,False,False,False,False,Paid Social,Unknown,0.27,0.54,0.0,WINBACK_EMAIL_ONLY,none_or_email_only
7946981572863,T5,D5,D3,5.41,1,8.65,8.65,2,False,False,False,False,Direct / Organic,Unknown,0.27,0.54,0.0,WINBACK_EMAIL_ONLY,none_or_email_only
7960906924287,T5,D5,D3,5.41,1,8.65,8.65,2,False,False,False,False,Paid Social,Unknown,0.27,0.54,0.0,WINBACK_EMAIL_ONLY,none_or_email_only
7973855068415,T5,D5,D3,5.41,1,8.65,8.65,2,False,False,False,False,Paid Social,Unknown,0.27,0.54,0.0,WINBACK_EMAIL_ONLY,none_or_email_only
7953742430463,T5,D5,D3,5.4,1,7.78,7.78,2,False,False,False,False,Paid Social,Unknown,0.27,0.54,0.0,WINBACK_EMAIL_ONLY,none_or_email_only
7955217023231,T5,D5,D3,5.4,1,8.64,8.64,2,False,False,False,False,Direct / Organic,Unknown,0.27,0.54,0.0,WINBACK_EMAIL_ONLY,none_or_email_only
7958669623551,T5,D5,D3,5.4,1,8.64,8.64,2,False,False,False,False,Paid Social,Unknown,0.27,0.54,0.0,WINBACK_EMAIL_ONLY,none_or_email_only
7962873069823,T5,D5,D3,5.4,1,8.64,8.64,2,False,False,False,False,Paid Social,Unknown,0.27,0.54,0.0,WINBACK_EMAIL_ONLY,none_or_email_only
7939081961727,T5,D5,D3,5.39,1,8.63,8.63,2,False,False,False,False,Paid Social,Unknown,0.27,0.54,0.0,WINBACK_EMAIL_ONLY,none_or_email_only
7954731794687,T5,D5,D3,5.39,1,7.77,7.77,2,False,False,False,False,Direct / Organic,Unknown,0.27,0.54,0.0,WINBACK_EMAIL_ONLY,none_or_email_only
7959066575103,T5,D5,D3,5.39,1,8.63,8.63,2,False,False,False,False,Paid Social,Unknown,0.27,0.54,0.0,WINBACK_EMAIL_ONLY,none_or_email_only
7962473169151,T5,D5,D3,5.39,1,8.63,8.63,2,False,False,False,False,Paid Social,Unknown,0.27,0.54,0.0,WINBACK_EMAIL_ONLY,none_or_email_only
7962796523775,T5,D5,D3,5.39,1,8.63,8.63,2,False,False,False,False,Paid Social,Unknown,0.27,0.54,0.0,WINBACK_EMAIL_ONLY,none_or_email_only
7964162883839,T5,D5,D3,5.39,1,7.77,7.77,2,False,False,False,False,Paid Social,Unknown,0.27,0.54,0.0,WINBACK_EMAIL_ONLY,none_or_email_only
7831677305087,T5,D5,D3,5.38,1,8.62,8.62,2,False,False,False,False,Paid Social,Unknown,0.27,0.54,0.0,WINBACK_EMAIL_ONLY,none_or_email_only
7756452692223,T5,D5,D4,5.37,1,8.61,8.61,2,False,False,False,False,Paid Social,Unknown,0.27,0.54,0.0,WINBACK_EMAIL_ONLY,none_or_email_only
7967132156159,T5,D5,D3,5.37,1,8.61,8.61,2,False,False,False,False,Paid Social,Unknown,0.27,0.54,0.0,WINBACK_EMAIL_ONLY,none_or_email_only
7967145787647,T5,D5,D3,5.37,1,8.61,8.61,2,False,False,False,False,Paid Social,Unknown,0.27,0.54,0.0,WINBACK_EMAIL_ONLY,none_or_email_only
7967631802623,T5,D5,D3,5.37,1,8.61,8.61,2,False,False,False,False,Paid Social,Unknown,0.27,0.54,0.0,WINBACK_EMAIL_ONLY,none_or_email_only
7968520470783,T5,D5,D3,5.37,1,8.61,8.61,2,False,False,False,False,Paid Social,Unknown,0.27,0.54,0.0,WINBACK_EMAIL_ONLY,none_or_email_only
7969001079039,T5,D5,D3,5.37,1,7.33,7.33,2,False,False,False,False,Direct / Organic,Unknown,0.27,0.54,0.0,WINBACK_EMAIL_ONLY,none_or_email_only
8140492046591,T5,D5,D3,5.37,1,9.05,9.05,2,False,False,False,False,Direct / Organic,Accessories,0.27,0.54,0.0,WINBACK_EMAIL_ONLY,none_or_email_only
8081245405439,T5,D5,D3,5.17,1,8.85,8.85,2,False,False,False,False,Direct / Organic,Accessories,0.26,0.52,0.0,WINBACK_EMAIL_ONLY,none_or_email_only
8066563244287,T5,D5,D3,5.13,1,8.81,8.81,2,False,False,False,False,Direct / Organic,Accessories,0.26,0.51,0.0,WINBACK_EMAIL_ONLY,none_or_email_only
8077599473919,T5,D5,D3,5.13,1,8.81,8.81,2,False,False,False,False,Direct / Organic,Accessories,0.26,0.51,0.0,WINBACK_EMAIL_ONLY,none_or_email_only
8096271827199,T5,D5,D3,5.13,1,8.81,8.81,2,False,False,False,False,Paid Social,Accessories,0.26,0.51,0.0,WINBACK_EMAIL_ONLY,none_or_email_only
8096681820415,T5,D5,D3,5.13,1,8.81,8.81,2,False,False,False,False,Direct / Organic,Accessories,0.26,0.51,0.0,WINBACK_EMAIL_ONLY,none_or_email_only
8071174652159,T5,D5,D3,5.1,1,7.9,7.9,2,False,False,False,False,Direct / Organic,Accessories,0.26,0.51,0.0,WINBACK_EMAIL_ONLY,none_or_email_only
7949365117183,T5,D5,D3,4.9,1,11.38,11.38,2,False,False,False,False,Paid Social,Unknown,0.25,0.49,0.0,WINBACK_EMAIL_ONLY,none_or_email_only
7518816469247,T5,D5,D5,4.85,1,5.9,5.9,1,False,False,False,False,Direct / Organic,Clear Protein,0.24,0.48,0.0,WINBACK_EMAIL_ONLY,none_or_email_only
8028178481407,T5,D5,D3,4.85,1,5.9,5.9,1,False,False,False,False,Paid Social,Clear Protein,0.24,0.48,0.0,WINBACK_EMAIL_ONLY,none_or_email_only
8079788310783,T5,D5,D3,4.85,1,5.9,5.9,1,False,False,False,False,Direct / Organic,Clear Protein,0.24,0.48,0.0,WINBACK_EMAIL_ONLY,none_or_email_only
7756042469631,T2,D5,D1,4.61,2,11.52,5.76,1,False,False,True,False,Direct / Organic,Unknown,0.23,0.46,0.46,SUBSCRIBE_AND_SAVE | bundle_offers | no_blanket_10pct,subscribe_discount|bundle|category_sample
7756042600703,T2,D5,D1,4.61,2,11.52,5.76,1,False,False,True,False,Direct / Organic,Unknown,0.23,0.46,0.46,SUBSCRIBE_AND_SAVE | bundle_offers | no_blanket_10pct,subscribe_discount|bundle|category_sample
7756042764543,T5,D5,D4,4.61,1,11.52,11.52,1,False,False,False,False,Direct / Organic,Unknown,0.23,0.46,0.0,WINBACK_EMAIL_ONLY,none_or_email_only
7756046205183,T2,D5,D1,4.61,2,11.52,5.76,1,False,False,True,False,Direct / Organic,Unknown,0.23,0.46,0.46,SUBSCRIBE_AND_SAVE | bundle_offers | no_blanket_10pct,subscribe_discount|bundle|category_sample
7756419006719,T5,D5,D4,4.54,1,7.7,7.7,1,True,False,False,False,Subscription,Accessories,0.23,0.45,0.0,WINBACK_EMAIL_ONLY,none_or_email_only
7960494932223,T5,D5,D3,4.07,1,4.9,4.9,1,False,False,False,False,Paid Social,Lean Protein,0.2,0.41,0.0,WINBACK_EMAIL_ONLY,none_or_email_only
7966805885183,T5,D5,D3,4.07,1,4.9,4.9,1,False,False,False,False,Direct / Organic,Lean Protein,0.2,0.41,0.0,WINBACK_EMAIL_ONLY,none_or_email_only
7975535345919,T5,D5,D3,4.07,1,4.9,4.9,1,False,False,False,False,Direct / Organic,Lean Protein,0.2,0.41,0.0,WINBACK_EMAIL_ONLY,none_or_email_only
8013711114495,T5,D5,D3,4.07,1,4.41,4.41,1,False,False,False,False,Direct / Organic,Lean Protein,0.2,0.41,0.0,WINBACK_EMAIL_ONLY,none_or_email_only
8014995226879,T5,D5,D3,4.07,1,9.8,9.8,1,False,False,False,False,Direct / Organic,Lean Protein,0.2,0.41,0.0,WINBACK_EMAIL_ONLY,none_or_email_only
8015538847999,T5,D5,D3,4.07,1,4.9,4.9,1,False,False,False,False,Direct / Organic,Lean Protein,0.2,0.41,0.0,WINBACK_EMAIL_ONLY,none_or_email_only
8065487667455,T5,D5,D3,4.07,1,4.9,4.9,1,False,False,False,False,Direct / Organic,Lean Protein,0.2,0.41,0.0,WINBACK_EMAIL_ONLY,none_or_email_only
8070474268927,T5,D5,D3,4.07,1,4.9,4.9,1,False,False,False,False,Direct / Organic,Lean Protein,0.2,0.41,0.0,WINBACK_EMAIL_ONLY,none_or_email_only
8108609241343,T5,D5,D3,4.07,1,4.9,4.9,1,False,False,False,False,Direct / Organic,Lean Protein,0.2,0.41,0.0,WINBACK_EMAIL_ONLY,none_or_email_only
8108840026367,T5,D5,D3,4.07,1,4.9,4.9,1,False,False,False,False,Direct / Organic,Lean Protein,0.2,0.41,0.0,WINBACK_EMAIL_ONLY,none_or_email_only
6327521149183,T5,D5,D5,3.96,1,9.9,9.9,1,False,False,False,False,Subscription,Unknown,0.2,0.4,0.0,WINBACK_EMAIL_ONLY,none_or_email_only
6327547461887,T5,D5,D5,3.96,1,9.9,9.9,1,False,False,False,False,Subscription,Unknown,0.2,0.4,0.0,WINBACK_EMAIL_ONLY,none_or_email_only
6327562043647,T5,D5,D5,3.96,1,9.9,9.9,1,False,False,False,False,Subscription,Unknown,0.2,0.4,0.0,WINBACK_EMAIL_ONLY,none_or_email_only
6327635149055,T5,D5,D5,3.96,1,9.9,9.9,1,False,False,False,False,Subscription,Unknown,0.2,0.4,0.0,WINBACK_EMAIL_ONLY,none_or_email_only
6327638130943,T5,D5,D5,3.96,1,9.9,9.9,1,False,False,False,False,Subscription,Unknown,0.2,0.4,0.0,WINBACK_EMAIL_ONLY,none_or_email_only
6327775232255,T5,D5,D5,3.96,1,9.9,9.9,1,False,False,False,False,Subscription,Unknown,0.2,0.4,0.0,WINBACK_EMAIL_ONLY,none_or_email_only
6328269734143,T5,D5,D5,3.96,1,9.9,9.9,1,False,False,False,False,Subscription,Unknown,0.2,0.4,0.0,WINBACK_EMAIL_ONLY,none_or_email_only
6328296833279,T5,D5,D5,3.96,1,9.9,9.9,1,False,False,False,False,Subscription,Unknown,0.2,0.4,0.0,WINBACK_EMAIL_ONLY,none_or_email_only
6329623871743,T5,D5,D5,3.96,1,9.9,9.9,1,False,False,False,False,Subscription,Unknown,0.2,0.4,0.0,WINBACK_EMAIL_ONLY,none_or_email_only
6329863831807,T5,D5,D5,3.96,1,9.9,9.9,1,False,False,False,False,Subscription,Unknown,0.2,0.4,0.0,WINBACK_EMAIL_ONLY,none_or_email_only
6329871991039,T5,D5,D5,3.96,1,9.9,9.9,1,False,False,False,False,Subscription,Unknown,0.2,0.4,0.0,WINBACK_EMAIL_ONLY,none_or_email_only
6329874088191,T5,D5,D5,3.96,1,9.9,9.9,1,False,False,False,False,Subscription,Unknown,0.2,0.4,0.0,WINBACK_EMAIL_ONLY,none_or_email_only
6336636748031,T5,D5,D5,3.96,1,9.9,9.9,1,False,False,False,False,Subscription,Unknown,0.2,0.4,0.0,WINBACK_EMAIL_ONLY,none_or_email_only
6336667287807,T5,D5,D5,3.96,1,9.9,9.9,1,False,False,False,False,Subscription,Unknown,0.2,0.4,0.0,WINBACK_EMAIL_ONLY,none_or_email_only
6336677970175,T5,D5,D5,3.96,1,9.9,9.9,1,False,False,False,False,Subscription,Unknown,0.2,0.4,0.0,WINBACK_EMAIL_ONLY,none_or_email_only
6336681378047,T5,D5,D5,3.96,1,9.9,9.9,1,False,False,False,False,Subscription,Unknown,0.2,0.4,0.0,WINBACK_EMAIL_ONLY,none_or_email_only
6336760840447,T5,D5,D5,3.96,1,9.9,9.9,1,False,False,False,False,Subscription,Unknown,0.2,0.4,0.0,WINBACK_EMAIL_ONLY,none_or_email_only
6423601152255,T5,D5,D5,3.96,1,9.9,9.9,1,False,False,False,False,Subscription,Unknown,0.2,0.4,0.0,WINBACK_EMAIL_ONLY,none_or_email_only
6423601217791,T5,D5,D5,3.96,1,9.9,9.9,1,False,False,False,False,Subscription,Unknown,0.2,0.4,0.0,WINBACK_EMAIL_ONLY,none_or_email_only
6423601381631,T5,D5,D5,3.96,1,9.9,9.9,1,False,False,False,False,Subscription,Unknown,0.2,0.4,0.0,WINBACK_EMAIL_ONLY,none_or_email_only
6423601479935,T5,D5,D5,3.96,1,9.9,9.9,1,False,False,False,False,Subscription,Unknown,0.2,0.4,0.0,WINBACK_EMAIL_ONLY,none_or_email_only
6423601709311,T5,D5,D5,3.96,1,9.9,9.9,1,False,False,False,False,Subscription,Unknown,0.2,0.4,0.0,WINBACK_EMAIL_ONLY,none_or_email_only
6423602036991,T5,D5,D5,3.96,1,9.9,9.9,1,False,False,False,False,Subscription,Unknown,0.2,0.4,0.0,WINBACK_EMAIL_ONLY,none_or_email_only
6423602200831,T5,D5,D5,3.96,1,9.9,9.9,1,False,False,False,False,Subscription,Unknown,0.2,0.4,0.0,WINBACK_EMAIL_ONLY,none_or_email_only
6423602790655,T5,D5,D5,3.96,1,9.9,9.9,1,False,False,False,False,Subscription,Unknown,0.2,0.4,0.0,WINBACK_EMAIL_ONLY,none_or_email_only
6423603839231,T5,D5,D5,3.96,1,9.9,9.9,1,False,False,False,False,Subscription,Unknown,0.2,0.4,0.0,WINBACK_EMAIL_ONLY,none_or_email_only
6423604101375,T5,D5,D5,3.96,1,9.9,9.9,1,False,False,False,False,Subscription,Unknown,0.2,0.4,0.0,WINBACK_EMAIL_ONLY,none_or_email_only
6423604134143,T5,D5,D5,3.96,1,9.9,9.9,1,False,False,False,False,Subscription,Unknown,0.2,0.4,0.0,WINBACK_EMAIL_ONLY,none_or_email_only
6423604232447,T5,D5,D5,3.96,1,9.9,9.9,1,False,False,False,False,Subscription,Unknown,0.2,0.4,0.0,WINBACK_EMAIL_ONLY,none_or_email_only
6423604265215,T5,D5,D5,3.96,1,9.9,9.9,1,False,False,False,False,Subscription,Unknown,0.2,0.4,0.0,WINBACK_EMAIL_ONLY,none_or_email_only
6423604592895,T5,D5,D5,3.96,1,9.9,9.9,1,False,False,False,False,Subscription,Unknown,0.2,0.4,0.0,WINBACK_EMAIL_ONLY,none_or_email_only
6423604789503,T5,D5,D5,3.96,1,9.9,9.9,1,False,False,False,False,Subscription,Unknown,0.2,0.4,0.0,WINBACK_EMAIL_ONLY,none_or_email_only
6423604986111,T5,D5,D5,3.96,1,9.9,9.9,1,False,False,False,False,Subscription,Unknown,0.2,0.4,0.0,WINBACK_EMAIL_ONLY,none_or_email_only
6423605051647,T5,D5,D5,3.96,1,9.9,9.9,1,False,False,False,False,Subscription,Unknown,0.2,0.4,0.0,WINBACK_EMAIL_ONLY,none_or_email_only
6423607279871,T5,D5,D5,3.96,1,9.9,9.9,1,False,False,False,False,Subscription,Unknown,0.2,0.4,0.0,WINBACK_EMAIL_ONLY,none_or_email_only
6423608131839,T5,D5,D5,3.96,1,9.9,9.9,1,False,False,False,False,Subscription,Unknown,0.2,0.4,0.0,WINBACK_EMAIL_ONLY,none_or_email_only
6423608426751,T5,D5,D5,3.96,1,9.9,9.9,1,False,False,False,False,Subscription,Unknown,0.2,0.4,0.0,WINBACK_EMAIL_ONLY,none_or_email_only
6423609934079,T5,D5,D5,3.96,1,9.9,9.9,1,False,False,False,False,Subscription,Unknown,0.2,0.4,0.0,WINBACK_EMAIL_ONLY,none_or_email_only
6423610065151,T5,D5,D5,3.96,1,9.9,9.9,1,False,False,False,False,Subscription,Unknown,0.2,0.4,0.0,WINBACK_EMAIL_ONLY,none_or_email_only
6423610261759,T5,D5,D5,3.96,1,9.9,9.9,1,False,False,False,False,Subscription,Unknown,0.2,0.4,0.0,WINBACK_EMAIL_ONLY,none_or_email_only
6423611474175,T5,D5,D5,3.96,1,9.9,9.9,1,False,False,False,False,Subscription,Unknown,0.2,0.4,0.0,WINBACK_EMAIL_ONLY,none_or_email_only
6423611670783,T5,D5,D5,3.96,1,9.9,9.9,1,False,False,False,False,Subscription,Unknown,0.2,0.4,0.0,WINBACK_EMAIL_ONLY,none_or_email_only
6423611965695,T5,D5,D5,3.96,1,9.9,9.9,1,False,False,False,False,Subscription,Unknown,0.2,0.4,0.0,WINBACK_EMAIL_ONLY,none_or_email_only
6423612358911,T5,D5,D5,3.96,1,9.9,9.9,1,False,False,False,False,Subscription,Unknown,0.2,0.4,0.0,WINBACK_EMAIL_ONLY,none_or_email_only
6423612588287,T5,D5,D5,3.96,1,9.9,9.9,1,False,False,False,False,Subscription,Unknown,0.2,0.4,0.0,WINBACK_EMAIL_ONLY,none_or_email_only
6423612752127,T5,D5,D5,3.96,1,9.9,9.9,1,False,False,False,False,Subscription,Unknown,0.2,0.4,0.0,WINBACK_EMAIL_ONLY,none_or_email_only
6423613702399,T5,D5,D5,3.96,1,9.9,9.9,1,False,False,False,False,Subscription,Unknown,0.2,0.4,0.0,WINBACK_EMAIL_ONLY,none_or_email_only
6423613964543,T5,D5,D5,3.96,1,9.9,9.9,1,False,False,False,False,Subscription,Unknown,0.2,0.4,0.0,WINBACK_EMAIL_ONLY,none_or_email_only
6423614030079,T5,D5,D5,3.96,1,9.9,9.9,1,False,False,False,False,Subscription,Unknown,0.2,0.4,0.0,WINBACK_EMAIL_ONLY,none_or_email_only
6423614128383,T5,D5,D5,3.96,1,9.9,9.9,1,False,False,False,False,Subscription,Unknown,0.2,0.4,0.0,WINBACK_EMAIL_ONLY,none_or_email_only
8160775373055,T5,D5,D3,3.96,1,14.8,14.8,1,False,False,False,False,Direct / Organic,Unknown,0.2,0.4,0.0,WINBACK_EMAIL_ONLY,none_or_email_only
8164897816831,T5,D5,D3,3.96,1,14.8,14.8,1,False,False,False,False,Direct / Organic,Unknown,0.2,0.4,0.0,WINBACK_EMAIL_ONLY,none_or_email_only
6327661527295,T5,D5,D5,3.84,1,14.5,14.5,1,False,False,False,False,Subscription,Unknown,0.19,0.38,0.0,WINBACK_EMAIL_ONLY,none_or_email_only
7756034212095,T5,D5,D4,3.83,1,12.3,12.3,1,False,False,False,False,Direct / Organic,Unknown,0.19,0.38,0.0,WINBACK_EMAIL_ONLY,none_or_email_only
7756034638079,T5,D5,D4,3.83,1,12.3,12.3,1,False,False,False,False,Direct / Organic,Unknown,0.19,0.38,0.0,WINBACK_EMAIL_ONLY,none_or_email_only
7756039356671,T5,D5,D4,3.83,1,12.3,12.3,1,False,False,False,False,Direct / Organic,Unknown,0.19,0.38,0.0,WINBACK_EMAIL_ONLY,none_or_email_only
7755961499903,T5,D5,D5,3.52,1,8.79,8.79,1,False,False,False,False,Direct / Organic,Unknown,0.18,0.35,0.0,WINBACK_EMAIL_ONLY,none_or_email_only
7756042207487,T5,D5,D4,3.52,1,11.52,11.52,1,False,False,False,False,Direct / Organic,Unknown,0.18,0.35,0.0,WINBACK_EMAIL_ONLY,none_or_email_only
7756043649279,T5,D5,D4,3.52,1,8.79,8.79,1,False,False,False,False,Direct / Organic,Unknown,0.18,0.35,0.0,WINBACK_EMAIL_ONLY,none_or_email_only
7756043714815,T5,D5,D4,3.52,1,8.79,8.79,1,False,False,False,False,Direct / Organic,Unknown,0.18,0.35,0.0,WINBACK_EMAIL_ONLY,none_or_email_only
7756043813119,T5,D5,D4,3.52,1,8.79,8.79,1,False,False,False,False,Direct / Organic,Unknown,0.18,0.35,0.0,WINBACK_EMAIL_ONLY,none_or_email_only
7756043878655,T5,D5,D4,3.52,1,8.79,8.79,1,False,False,False,False,Direct / Organic,Unknown,0.18,0.35,0.0,WINBACK_EMAIL_ONLY,none_or_email_only
7756043976959,T5,D5,D4,3.52,1,8.79,8.79,1,False,False,False,False,Direct / Organic,Unknown,0.18,0.35,0.0,WINBACK_EMAIL_ONLY,none_or_email_only
7756044009727,T5,D5,D4,3.52,1,8.79,8.79,1,False,False,False,False,Direct / Organic,Unknown,0.18,0.35,0.0,WINBACK_EMAIL_ONLY,none_or_email_only
7756044075263,T5,D5,D4,3.52,1,8.79,8.79,1,False,False,False,False,Direct / Organic,Unknown,0.18,0.35,0.0,WINBACK_EMAIL_ONLY,none_or_email_only
6423240114431,T5,D5,D5,3.42,1,13.45,13.45,1,False,False,False,False,Subscription,Unknown,0.17,0.34,0.0,WINBACK_EMAIL_ONLY,none_or_email_only
6423240212735,T5,D5,D5,3.42,1,13.45,13.45,1,False,False,False,False,Subscription,Unknown,0.17,0.34,0.0,WINBACK_EMAIL_ONLY,none_or_email_only
7756043944191,T5,D5,D4,3.35,1,11.09,11.09,1,False,False,False,False,Direct / Organic,Unknown,0.17,0.34,0.0,WINBACK_EMAIL_ONLY,none_or_email_only
7756046795007,T5,D5,D4,3.35,1,11.09,11.09,1,False,False,False,False,Direct / Organic,Unknown,0.17,0.34,0.0,WINBACK_EMAIL_ONLY,none_or_email_only
8226068988159,T5,D5,D3,3.3,1,8.24,8.24,1,False,False,False,False,Email,Other,0.16,0.33,0.0,WINBACK_EMAIL_ONLY,none_or_email_only
8289088340223,T5,D5,D3,3.3,1,8.24,8.24,1,False,False,False,False,Direct / Organic,Other,0.16,0.33,0.0,WINBACK_EMAIL_ONLY,none_or_email_only
8294948045055,T5,D5,D3,3.3,1,8.24,8.24,1,False,False,False,False,Direct / Organic,Other,0.16,0.33,0.0,WINBACK_EMAIL_ONLY,none_or_email_only
8296332198143,T5,D5,D3,3.29,1,8.23,8.23,1,False,False,False,False,Direct / Organic,Other,0.16,0.33,0.0,WINBACK_EMAIL_ONLY,none_or_email_only
8244467269887,T5,D5,D3,3.28,1,8.21,8.21,1,False,False,False,False,Direct / Organic,Other,0.16,0.33,0.0,WINBACK_EMAIL_ONLY,none_or_email_only
8263964360959,T5,D5,D3,3.28,1,8.21,8.21,1,False,False,False,False,Direct / Organic,Other,0.16,0.33,0.0,WINBACK_EMAIL_ONLY,none_or_email_only
8263988674815,T5,D5,D3,3.28,1,8.21,8.21,1,False,False,False,False,Direct / Organic,Other,0.16,0.33,0.0,WINBACK_EMAIL_ONLY,none_or_email_only
8226071707903,T5,D5,D3,3.28,1,8.2,8.2,1,False,False,False,False,Email,Other,0.16,0.33,0.0,WINBACK_EMAIL_ONLY,none_or_email_only
8244467532031,T5,D5,D3,3.28,1,8.2,8.2,1,False,False,False,False,Email,Other,0.16,0.33,0.0,WINBACK_EMAIL_ONLY,none_or_email_only
8247810031871,T5,D5,D3,3.28,1,8.2,8.2,1,False,False,False,False,Email,Other,0.16,0.33,0.0,WINBACK_EMAIL_ONLY,none_or_email_only
8258907996415,T5,D5,D3,3.28,1,8.2,8.2,1,False,False,False,False,Direct / Organic,Other,0.16,0.33,0.0,WINBACK_EMAIL_ONLY,none_or_email_only
8260049305855,T5,D5,D3,3.28,1,8.2,8.2,1,False,False,False,False,Email,Other,0.16,0.33,0.0,WINBACK_EMAIL_ONLY,none_or_email_only
8261334434047,T5,D5,D3,3.28,1,8.2,8.2,1,False,False,False,False,Email,Other,0.16,0.33,0.0,WINBACK_EMAIL_ONLY,none_or_email_only
8263798915327,T5,D5,D3,3.28,1,8.2,8.2,1,False,False,False,False,Direct / Organic,Other,0.16,0.33,0.0,WINBACK_EMAIL_ONLY,none_or_email_only
8284237594879,T5,D5,D3,3.28,1,8.2,8.2,1,False,False,False,False,Direct / Organic,Other,0.16,0.33,0.0,WINBACK_EMAIL_ONLY,none_or_email_only
8253839147263,T5,D5,D3,3.27,1,8.17,8.17,1,False,False,False,False,Email,Other,0.16,0.33,0.0,WINBACK_EMAIL_ONLY,none_or_email_only
8367200993535,T5,D5,D2,3.12,1,3.95,3.95,1,False,False,False,False,Direct / Organic,Lean Protein,0.16,0.31,0.0,WINBACK_EMAIL_ONLY,none_or_email_only
7756398231807,T5,D5,D4,2.48,1,5.72,5.72,2,False,False,False,False,Direct / Organic,Unknown,0.12,0.25,0.0,WINBACK_EMAIL_ONLY,none_or_email_only
6532493574399,T5,D5,D5,2.47,1,5.71,5.71,2,False,False,False,False,Paid Social,Unknown,0.12,0.25,0.0,WINBACK_EMAIL_ONLY,none_or_email_only
7947457921279,T5,D5,D3,2.47,1,5.71,5.71,2,False,False,False,False,Paid Social,Unknown,0.12,0.25,0.0,WINBACK_EMAIL_ONLY,none_or_email_only
7948912394495,T5,D5,D3,2.47,1,5.71,5.71,2,False,False,False,False,Paid Social,Unknown,0.12,0.25,0.0,WINBACK_EMAIL_ONLY,none_or_email_only
7949118767359,T5,D5,D3,2.45,1,5.69,5.69,2,False,False,False,False,Paid Social,Unknown,0.12,0.25,0.0,WINBACK_EMAIL_ONLY,none_or_email_only
7949352468735,T5,D5,D3,2.45,1,5.69,5.69,2,False,False,False,False,Direct / Organic,Unknown,0.12,0.25,0.0,WINBACK_EMAIL_ONLY,none_or_email_only
7953428513023,T5,D5,D3,2.45,1,5.69,5.69,2,False,False,False,False,Paid Social,Unknown,0.12,0.25,0.0,WINBACK_EMAIL_ONLY,none_or_email_only
7953496867071,T5,D5,D3,2.45,1,5.69,5.69,2,False,False,False,False,Paid Social,Unknown,0.12,0.25,0.0,WINBACK_EMAIL_ONLY,none_or_email_only
7953525604607,T5,D5,D3,2.45,1,5.69,5.69,2,False,False,False,False,Direct / Organic,Unknown,0.12,0.25,0.0,WINBACK_EMAIL_ONLY,none_or_email_only
7756411764991,T5,D5,D4,2.44,1,5.68,5.68,2,False,False,False,False,Paid Social,Unknown,0.12,0.24,0.0,WINBACK_EMAIL_ONLY,none_or_email_only
7949294174463,T5,D5,D3,2.44,1,5.68,5.68,2,False,False,False,False,Email,Unknown,0.12,0.24,0.0,WINBACK_EMAIL_ONLY,none_or_email_only
7952972939519,T5,D5,D3,2.41,1,5.65,5.65,2,False,False,False,False,Paid Social,Unknown,0.12,0.24,0.0,WINBACK_EMAIL_ONLY,none_or_email_only
8242732761343,T5,D5,D3,2.4,1,6.0,6.0,1,False,False,False,False,Direct / Organic,Other,0.12,0.24,0.0,WINBACK_EMAIL_ONLY,none_or_email_only
7756042043647,T5,D5,D4,2.3,1,5.76,5.76,1,False,False,False,False,Direct / Organic,Unknown,0.12,0.23,0.0,WINBACK_EMAIL_ONLY,none_or_email_only
7756042338559,T5,D5,D4,2.3,1,5.76,5.76,1,False,False,False,False,Direct / Organic,Unknown,0.12,0.23,0.0,WINBACK_EMAIL_ONLY,none_or_email_only
7756042436863,T5,D5,D4,2.3,1,5.76,5.76,1,False,False,False,False,Direct / Organic,Unknown,0.12,0.23,0.0,WINBACK_EMAIL_ONLY,none_or_email_only
7756042535167,T5,D5,D4,2.3,1,5.76,5.76,1,False,False,False,False,Direct / Organic,Unknown,0.12,0.23,0.0,WINBACK_EMAIL_ONLY,none_or_email_only
7756042567935,T5,D5,D4,2.3,1,5.76,5.76,1,False,False,False,False,Direct / Organic,Unknown,0.12,0.23,0.0,WINBACK_EMAIL_ONLY,none_or_email_only
7756042666239,T5,D5,D4,2.3,1,5.76,5.76,1,False,False,False,False,Direct / Organic,Unknown,0.12,0.23,0.0,WINBACK_EMAIL_ONLY,none_or_email_only
7756042699007,T5,D5,D4,2.3,1,5.76,5.76,1,False,False,False,False,Direct / Organic,Unknown,0.12,0.23,0.0,WINBACK_EMAIL_ONLY,none_or_email_only
7756042830079,T5,D5,D4,2.3,1,5.76,5.76,1,False,False,False,False,Direct / Organic,Unknown,0.12,0.23,0.0,WINBACK_EMAIL_ONLY,none_or_email_only
7756042862847,T5,D5,D4,2.3,1,5.76,5.76,1,False,False,False,False,Direct / Organic,Unknown,0.12,0.23,0.0,WINBACK_EMAIL_ONLY,none_or_email_only
7756042961151,T5,D5,D4,2.3,1,5.76,5.76,1,False,False,False,False,Direct / Organic,Unknown,0.12,0.23,0.0,WINBACK_EMAIL_ONLY,none_or_email_only
7756043026687,T5,D5,D4,2.3,1,5.76,5.76,1,False,False,False,False,Direct / Organic,Unknown,0.12,0.23,0.0,WINBACK_EMAIL_ONLY,none_or_email_only
7756043157759,T5,D5,D4,2.3,1,5.76,5.76,1,False,False,False,False,Direct / Organic,Unknown,0.12,0.23,0.0,WINBACK_EMAIL_ONLY,none_or_email_only
7756043354367,T5,D5,D4,2.3,1,5.76,5.76,1,False,False,False,False,Direct / Organic,Unknown,0.12,0.23,0.0,WINBACK_EMAIL_ONLY,none_or_email_only
7756043419903,T5,D5,D4,2.3,1,5.76,5.76,1,False,False,False,False,Direct / Organic,Unknown,0.12,0.23,0.0,WINBACK_EMAIL_ONLY,none_or_email_only
7756043452671,T5,D5,D4,2.3,1,5.76,5.76,1,False,False,False,False,Direct / Organic,Unknown,0.12,0.23,0.0,WINBACK_EMAIL_ONLY,none_or_email_only
7756043485439,T5,D5,D4,2.3,1,5.76,5.76,1,False,False,False,False,Direct / Organic,Unknown,0.12,0.23,0.0,WINBACK_EMAIL_ONLY,none_or_email_only
7756043550975,T5,D5,D4,2.3,1,5.76,5.76,1,False,False,False,False,Direct / Organic,Unknown,0.12,0.23,0.0,WINBACK_EMAIL_ONLY,none_or_email_only
7756045844735,T5,D5,D4,2.3,1,5.76,5.76,1,False,False,False,False,Direct / Organic,Unknown,0.12,0.23,0.0,WINBACK_EMAIL_ONLY,none_or_email_only
7756045910271,T5,D5,D4,2.3,1,5.76,5.76,1,False,False,False,False,Direct / Organic,Unknown,0.12,0.23,0.0,WINBACK_EMAIL_ONLY,none_or_email_only
7756046074111,T5,D5,D4,2.3,1,5.76,5.76,1,False,False,False,False,Direct / Organic,Unknown,0.12,0.23,0.0,WINBACK_EMAIL_ONLY,none_or_email_only
7756046401791,T5,D5,D4,2.3,1,5.76,5.76,1,False,False,False,False,Direct / Organic,Unknown,0.12,0.23,0.0,WINBACK_EMAIL_ONLY,none_or_email_only
7756046598399,T5,D5,D4,2.3,1,5.76,5.76,1,False,False,False,False,Direct / Organic,Unknown,0.12,0.23,0.0,WINBACK_EMAIL_ONLY,none_or_email_only
7756046893311,T5,D5,D4,2.3,1,5.76,5.76,1,False,False,False,False,Direct / Organic,Unknown,0.12,0.23,0.0,WINBACK_EMAIL_ONLY,none_or_email_only
7756047122687,T5,D5,D4,2.3,1,5.76,5.76,1,False,False,False,False,Direct / Organic,Unknown,0.12,0.23,0.0,WINBACK_EMAIL_ONLY,none_or_email_only
7756047155455,T5,D5,D4,2.3,1,5.76,5.76,1,False,False,False,False,Direct / Organic,Unknown,0.12,0.23,0.0,WINBACK_EMAIL_ONLY,none_or_email_only
7756047286527,T5,D5,D4,2.3,1,5.76,5.76,1,False,False,False,False,Direct / Organic,Unknown,0.12,0.23,0.0,WINBACK_EMAIL_ONLY,none_or_email_only
7756047548671,T5,D5,D4,2.3,1,5.76,5.76,1,False,False,False,False,Direct / Organic,Unknown,0.12,0.23,0.0,WINBACK_EMAIL_ONLY,none_or_email_only
7756047581439,T5,D5,D4,2.3,1,5.76,5.76,1,False,False,False,False,Direct / Organic,Unknown,0.12,0.23,0.0,WINBACK_EMAIL_ONLY,none_or_email_only
7756047614207,T5,D5,D4,2.3,1,5.76,5.76,1,False,False,False,False,Direct / Organic,Unknown,0.12,0.23,0.0,WINBACK_EMAIL_ONLY,none_or_email_only
7756047646975,T5,D5,D4,2.3,1,5.76,5.76,1,False,False,False,False,Direct / Organic,Unknown,0.12,0.23,0.0,WINBACK_EMAIL_ONLY,none_or_email_only
7756047679743,T5,D5,D4,2.3,1,5.76,5.76,1,False,False,False,False,Direct / Organic,Unknown,0.12,0.23,0.0,WINBACK_EMAIL_ONLY,none_or_email_only
7756047745279,T5,D5,D4,2.3,1,5.76,5.76,1,False,False,False,False,Direct / Organic,Unknown,0.12,0.23,0.0,WINBACK_EMAIL_ONLY,none_or_email_only
7756047778047,T5,D5,D4,2.3,1,5.76,5.76,1,False,False,False,False,Direct / Organic,Unknown,0.12,0.23,0.0,WINBACK_EMAIL_ONLY,none_or_email_only
7756047909119,T5,D5,D4,2.3,1,5.76,5.76,1,False,False,False,False,Direct / Organic,Unknown,0.12,0.23,0.0,WINBACK_EMAIL_ONLY,none_or_email_only
7756048072959,T5,D5,D4,2.3,1,5.76,5.76,1,False,False,False,False,Direct / Organic,Unknown,0.12,0.23,0.0,WINBACK_EMAIL_ONLY,none_or_email_only
7756048171263,T5,D5,D4,2.3,1,5.76,5.76,1,False,False,False,False,Direct / Organic,Unknown,0.12,0.23,0.0,WINBACK_EMAIL_ONLY,none_or_email_only
7756048466175,T5,D5,D4,2.3,1,5.76,5.76,1,False,False,False,False,Direct / Organic,Unknown,0.12,0.23,0.0,WINBACK_EMAIL_ONLY,none_or_email_only
7756039618815,T5,D5,D4,1.93,1,4.83,4.83,1,False,False,False,False,Direct / Organic,Unknown,0.1,0.19,0.0,WINBACK_EMAIL_ONLY,none_or_email_only
7756048138495,T5,D5,D4,1.74,1,7.08,7.08,1,False,False,False,False,Direct / Organic,Unknown,0.09,0.17,0.0,WINBACK_EMAIL_ONLY,none_or_email_only
7756035457279,T5,D5,D4,1.53,1,6.56,6.56,1,False,False,False,False,Direct / Organic,Unknown,0.08,0.15,0.0,WINBACK_EMAIL_ONLY,none_or_email_only
6327706059007,T5,D5,D2,1.48,2,13.5,6.75,1,False,False,False,False,Subscription,Unknown,0.07,0.15,0.0,WINBACK_EMAIL_ONLY,none_or_email_only
6423595516159,T5,D5,D5,0.18,1,5.35,5.35,1,False,False,False,False,Subscription,Unknown,0.01,0.02,0.0,WINBACK_EMAIL_ONLY,none_or_email_only
6423595286783,T5,D5,D5,0.0,1,4.91,4.91,1,False,False,False,False,Subscription,Unknown,0.0,0.0,0.0,WINBACK_EMAIL_ONLY,none_or_email_only
6327551426815,T5,D5,D5,0.0,1,4.9,4.9,1,False,False,False,False,Subscription,Unknown,0.0,0.0,0.0,WINBACK_EMAIL_ONLY,none_or_email_only
6327662870783,T5,D5,D5,0.0,1,4.9,4.9,1,False,False,False,False,Subscription,Unknown,0.0,0.0,0.0,WINBACK_EMAIL_ONLY,none_or_email_only
6328294047999,T5,D5,D5,0.0,1,4.9,4.9,1,False,False,False,False,Subscription,Unknown,0.0,0.0,0.0,WINBACK_EMAIL_ONLY,none_or_email_only
6423590797567,T5,D5,D5,0.0,1,4.9,4.9,1,False,False,False,False,Subscription,Unknown,0.0,0.0,0.0,WINBACK_EMAIL_ONLY,none_or_email_only
6423595417855,T5,D5,D5,0.0,1,4.9,4.9,1,False,False,False,False,Subscription,Unknown,0.0,0.0,0.0,WINBACK_EMAIL_ONLY,none_or_email_only
6423595450623,T5,D5,D5,0.0,1,4.9,4.9,1,False,False,False,False,Subscription,Unknown,0.0,0.0,0.0,WINBACK_EMAIL_ONLY,none_or_email_only
6424267129087,T2,D5,D1,0.0,4,19.6,4.9,1,False,False,True,False,Subscription,Unknown,0.0,0.0,0.0,SUBSCRIBE_AND_SAVE | bundle_offers | no_blanket_10pct,subscribe_discount|bundle|category_sample
7756037587199,T5,D5,D4,0.0,1,2.73,2.73,1,False,False,False,False,Direct / Organic,Unknown,0.0,0.0,0.0,WINBACK_EMAIL_ONLY,none_or_email_only
6327678501119,T5,D5,D2,-2.43,2,83.54,41.77,3,False,False,False,False,Subscription,Unknown,-0.12,-0.24,0.0,WINBACK_EMAIL_ONLY,none_or_email_only
8015279849727,T5,D5,D3,-23.1,1,18.39,18.39,2,False,False,False,False,Direct / Organic,Accessories,-1.16,-2.31,0.0,WINBACK_EMAIL_ONLY,none_or_email_only
8015323431167,T5,D5,D3,-23.1,1,18.39,18.39,2,False,False,False,False,Paid Social,Accessories,-1.16,-2.31,0.0,WINBACK_EMAIL_ONLY,none_or_email_only
8015623946495,T5,D5,D3,-23.1,1,18.39,18.39,2,False,False,False,False,Direct / Organic,Accessories,-1.16,-2.31,0.0,WINBACK_EMAIL_ONLY,none_or_email_only
8007184122111,T5,D5,D3,-29.93,1,9.9,9.9,2,False,False,False,False,Direct / Organic,Accessories,-1.5,-2.99,0.0,WINBACK_EMAIL_ONLY,none_or_email_only
8008304951551,T5,D5,D3,-29.93,1,9.9,9.9,2,False,False,False,False,Paid Social,Accessories,-1.5,-2.99,0.0,WINBACK_EMAIL_ONLY,none_or_email_only
8008515059967,T5,D5,D3,-29.93,1,9.9,9.9,2,False,False,False,False,Paid Social,Accessories,-1.5,-2.99,0.0,WINBACK_EMAIL_ONLY,none_or_email_only
8013774881023,T5,D5,D3,-29.93,1,9.9,9.9,2,False,False,False,False,Direct / Organic,Accessories,-1.5,-2.99,0.0,WINBACK_EMAIL_ONLY,none_or_email_only
8015096807679,T5,D5,D3,-29.93,1,9.9,9.9,2,False,False,False,False,Paid Social,Accessories,-1.5,-2.99,0.0,WINBACK_EMAIL_ONLY,none_or_email_only
7308225970431,T4,D4,D5,40.46,1,46.83,46.83,1,False,False,False,False,Subscription,Lean Protein,2.02,4.05,2.02,ONBOARDING | sachet_cap_5pct_cm,onboarding_sachet|education
7314094194943,T4,D4,D5,40.46,1,55.81,55.81,1,False,False,False,False,Subscription,Lean Protein,2.02,4.05,2.02,ONBOARDING | sachet_cap_5pct_cm,onboarding_sachet|education
7471965110527,T4,D4,D5,40.46,1,64.8,64.8,1,False,False,False,False,Subscription,Lean Protein,2.02,4.05,2.02,ONBOARDING | sachet_cap_5pct_cm,onboarding_sachet|education
7475209109759,T4,D4,D5,40.46,1,41.93,41.93,1,False,False,False,False,Subscription,Lean Protein,2.02,4.05,2.02,ONBOARDING | sachet_cap_5pct_cm,onboarding_sachet|education
7475307348223,T4,D4,D5,40.46,1,41.93,41.93,1,False,False,False,False,Subscription,Lean Protein,2.02,4.05,2.02,ONBOARDING | sachet_cap_5pct_cm,onboarding_sachet|education
7476743209215,T4,D4,D5,40.46,1,41.93,41.93,1,False,False,False,False,Subscription,Lean Protein,2.02,4.05,2.02,ONBOARDING | sachet_cap_5pct_cm,onboarding_sachet|education
7476745863423,T4,D4,D5,40.46,1,64.8,64.8,1,False,False,False,False,Subscription,Lean Protein,2.02,4.05,2.02,ONBOARDING | sachet_cap_5pct_cm,onboarding_sachet|education
7476891648255,T4,D4,D5,40.46,1,41.93,41.93,1,False,False,False,False,Subscription,Lean Protein,2.02,4.05,2.02,ONBOARDING | sachet_cap_5pct_cm,onboarding_sachet|education
7514098761983,T4,D4,D5,40.46,1,64.8,64.8,1,False,False,False,False,Subscription,Lean Protein,2.02,4.05,2.02,ONBOARDING | sachet_cap_5pct_cm,onboarding_sachet|education
7517817372927,T4,D4,D5,40.46,1,64.8,64.8,1,False,False,False,False,Subscription,Lean Protein,2.02,4.05,2.02,ONBOARDING | sachet_cap_5pct_cm,onboarding_sachet|education
7519999066367,T4,D4,D5,40.46,1,46.83,46.83,1,False,False,False,False,Subscription,Lean Protein,2.02,4.05,2.02,ONBOARDING | sachet_cap_5pct_cm,onboarding_sachet|education
7521949188351,T4,D4,D5,40.46,1,46.83,46.83,1,False,False,False,False,Subscription,Lean Protein,2.02,4.05,2.02,ONBOARDING | sachet_cap_5pct_cm,onboarding_sachet|education
7549021913343,T4,D4,D5,40.46,1,64.8,64.8,1,False,False,False,False,Subscription,Lean Protein,2.02,4.05,2.02,ONBOARDING | sachet_cap_5pct_cm,onboarding_sachet|education
7694672920831,T4,D4,D5,40.46,1,49.82,49.82,1,False,False,False,False,Subscription,Lean Protein,2.02,4.05,2.02,ONBOARDING | sachet_cap_5pct_cm,onboarding_sachet|education
7895743430911,T4,D4,D3,40.46,1,55.81,55.81,1,False,False,False,False,Direct / Organic,Lean Protein,2.02,4.05,2.02,ONBOARDING | sachet_cap_5pct_cm,onboarding_sachet|education
7902379475199,T4,D4,D3,40.46,1,64.8,64.8,1,False,False,False,False,Direct / Organic,Lean Protein,2.02,4.05,2.02,ONBOARDING | sachet_cap_5pct_cm,onboarding_sachet|education
7942600655103,T4,D4,D3,40.46,1,58.91,58.91,1,False,False,False,False,Direct / Organic,Lean Protein,2.02,4.05,2.02,ONBOARDING | sachet_cap_5pct_cm,onboarding_sachet|education
7945951576319,T4,D4,D3,40.46,1,59.9,59.9,1,False,False,False,False,Direct / Organic,Lean Protein,2.02,4.05,2.02,ONBOARDING | sachet_cap_5pct_cm,onboarding_sachet|education
7958430187775,T4,D4,D3,40.46,1,64.9,64.9,1,False,False,False,False,Direct / Organic,Lean Protein,2.02,4.05,2.02,ONBOARDING | sachet_cap_5pct_cm,onboarding_sachet|education
7969697235199,T4,D4,D3,40.46,1,59.9,59.9,1,False,False,False,False,Direct / Organic,Lean Protein,2.02,4.05,2.02,ONBOARDING | sachet_cap_5pct_cm,onboarding_sachet|education
7973731008767,T4,D4,D3,40.46,1,59.9,59.9,1,False,False,False,False,Direct / Organic,Lean Protein,2.02,4.05,2.02,ONBOARDING | sachet_cap_5pct_cm,onboarding_sachet|education
7978313023743,T4,D4,D3,40.46,1,59.9,59.9,1,False,False,False,False,Direct / Organic,Lean Protein,2.02,4.05,2.02,ONBOARDING | sachet_cap_5pct_cm,onboarding_sachet|education
7979892637951,T4,D4,D3,40.46,1,64.9,64.9,1,False,False,False,False,Direct / Organic,Lean Protein,2.02,4.05,2.02,ONBOARDING | sachet_cap_5pct_cm,onboarding_sachet|education
7995077689599,T4,D4,D3,40.46,1,58.91,58.91,1,False,False,False,False,Affiliate,Lean Protein,2.02,4.05,2.02,ONBOARDING | sachet_cap_5pct_cm,onboarding_sachet|education
8039330185471,T4,D4,D3,40.46,1,64.9,64.9,1,False,False,False,False,Direct / Organic,Lean Protein,2.02,4.05,2.02,ONBOARDING | sachet_cap_5pct_cm,onboarding_sachet|education
8061810802943,T4,D4,D3,40.46,1,64.9,64.9,1,False,False,False,False,Paid Social,Lean Protein,2.02,4.05,2.02,ONBOARDING | sachet_cap_5pct_cm,onboarding_sachet|education
8086166831359,T4,D4,D3,40.46,1,64.9,64.9,1,False,False,False,False,Direct / Organic,Lean Protein,2.02,4.05,2.02,ONBOARDING | sachet_cap_5pct_cm,onboarding_sachet|education
8089496355071,T4,D4,D3,40.46,1,59.9,59.9,1,False,False,False,False,Direct / Organic,Lean Protein,2.02,4.05,2.02,ONBOARDING | sachet_cap_5pct_cm,onboarding_sachet|education
8094797889791,T4,D4,D3,40.46,1,59.9,59.9,1,False,False,False,False,Direct / Organic,Lean Protein,2.02,4.05,2.02,ONBOARDING | sachet_cap_5pct_cm,onboarding_sachet|education
8249708642559,T4,D4,D3,40.37,1,51.53,51.53,2,False,False,False,False,Affiliate,Lean Protein,2.02,4.04,2.02,ONBOARDING | sachet_cap_5pct_cm,onboarding_sachet|education
8794462519551,T4,D4,D2,40.35,1,66.59,66.59,2,True,False,False,False,Subscription,Lean Protein,2.02,4.04,2.02,ONBOARDING | sachet_cap_5pct_cm,onboarding_sachet|education
7756355010815,T2,D4,D1,40.32,2,110.2,55.1,1,True,False,True,False,Subscription,Unknown,2.02,4.03,4.03,SUBSCRIBE_AND_SAVE | bundle_offers | no_blanket_10pct,subscribe_discount|bundle|category_sample
6336735740159,T3,D4,D2,40.21,2,105.43,52.715,1,False,False,False,False,Subscription,Unknown,2.01,4.02,2.01,CROSS_SELL_SAMPLE | category_incentive,cross_category_sachet|second_order_incentive
7755957633279,T4,D4,D5,40.18,1,70.02,70.02,1,True,False,False,False,Subscription,Other,2.01,4.02,2.01,ONBOARDING | sachet_cap_5pct_cm,onboarding_sachet|education
6532489150719,T4,D4,D5,40.17,1,81.71,81.71,2,False,False,False,False,Direct / Organic,Unknown,2.01,4.02,2.01,ONBOARDING | sachet_cap_5pct_cm,onboarding_sachet|education
7756359827711,T4,D4,D4,40.17,1,71.91,71.91,2,False,False,False,False,Direct / Organic,Other,2.01,4.02,2.01,ONBOARDING | sachet_cap_5pct_cm,onboarding_sachet|education
7756415631615,T4,D4,D4,40.17,1,68.13,68.13,2,False,False,False,False,Direct / Organic,Collagen Glow,2.01,4.02,2.01,ONBOARDING | sachet_cap_5pct_cm,onboarding_sachet|education
7756428443903,T4,D4,D4,40.17,1,71.91,71.91,2,False,False,False,False,Direct / Organic,Collagen Glow,2.01,4.02,2.01,ONBOARDING | sachet_cap_5pct_cm,onboarding_sachet|education
8337021468927,T4,D4,D3,40.16,1,64.9,64.9,2,False,False,False,False,Paid Social,Lean Protein,2.01,4.02,2.01,ONBOARDING | sachet_cap_5pct_cm,onboarding_sachet|education
8870516621567,T4,D4,D2,40.16,1,61.25,61.25,1,False,False,False,False,Direct / Organic,Lean Protein,2.01,4.02,2.01,ONBOARDING | sachet_cap_5pct_cm,onboarding_sachet|education
8247973347583,T4,D4,D3,40.15,1,71.08,71.08,1,False,False,False,False,Direct / Organic,Other,2.01,4.01,2.01,ONBOARDING | sachet_cap_5pct_cm,onboarding_sachet|education
7964082503935,T4,D4,D3,40.14,1,58.9,58.9,2,True,False,False,False,Subscription,Lean Protein,2.01,4.01,2.01,ONBOARDING | sachet_cap_5pct_cm,onboarding_sachet|education
7756035522815,T4,D4,D4,40.13,1,106.38,106.38,1,False,False,False,False,Direct / Organic,Unknown,2.01,4.01,2.01,ONBOARDING | sachet_cap_5pct_cm,onboarding_sachet|education
7756039323903,T4,D4,D4,40.12,1,100.31,100.31,1,False,False,False,False,Direct / Organic,Unknown,2.01,4.01,2.01,ONBOARDING | sachet_cap_5pct_cm,onboarding_sachet|education
8868197859583,T4,D4,D2,40.04,1,58.2,58.2,1,True,False,False,False,Subscription,Lean Protein,2.0,4.0,2.0,ONBOARDING | sachet_cap_5pct_cm,onboarding_sachet|education
7695319695615,T4,D4,D5,40.03,1,72.24,72.24,1,False,False,False,False,Subscription,Other,2.0,4.0,2.0,ONBOARDING | sachet_cap_5pct_cm,onboarding_sachet|education
6336637272319,T4,D4,D5,39.99,1,104.88,104.88,1,False,False,False,False,Subscription,Unknown,2.0,4.0,2.0,ONBOARDING | sachet_cap_5pct_cm,onboarding_sachet|education
8894920818943,T4,D4,D2,39.98,1,58.14,58.14,1,True,False,False,False,Subscription,Lean Protein,2.0,4.0,2.0,ONBOARDING | sachet_cap_5pct_cm,onboarding_sachet|education
7756488442111,T2,D4,D1,39.95,4,65.35,16.3375,1,True,False,True,False,Subscription,Other,2.0,4.0,4.0,SUBSCRIBE_AND_SAVE | bundle_offers | no_blanket_10pct,subscribe_discount|bundle|category_sample
7520596295935,T4,D4,D5,39.94,1,46.83,46.83,2,False,False,False,False,Subscription,Clear Protein,2.0,3.99,2.0,ONBOARDING | sachet_cap_5pct_cm,onboarding_sachet|education
7520742703359,T4,D4,D5,39.94,1,46.83,46.83,2,False,False,False,False,Subscription,Clear Protein,2.0,3.99,2.0,ONBOARDING | sachet_cap_5pct_cm,onboarding_sachet|education
7520819249407,T4,D4,D5,39.94,1,46.83,46.83,2,False,False,False,False,Subscription,Clear Protein,2.0,3.99,2.0,ONBOARDING | sachet_cap_5pct_cm,onboarding_sachet|education
7521717682431,T4,D4,D5,39.94,1,46.83,46.83,2,False,False,False,False,Subscription,Clear Protein,2.0,3.99,2.0,ONBOARDING | sachet_cap_5pct_cm,onboarding_sachet|education
7522965946623,T4,D4,D5,39.94,1,46.83,46.83,2,False,False,False,False,Subscription,Clear Protein,2.0,3.99,2.0,ONBOARDING | sachet_cap_5pct_cm,onboarding_sachet|education
7523199582463,T4,D4,D5,39.94,1,46.83,46.83,2,False,False,False,False,Subscription,Clear Protein,2.0,3.99,2.0,ONBOARDING | sachet_cap_5pct_cm,onboarding_sachet|education
7527460929791,T4,D4,D5,39.94,1,61.81,61.81,2,False,False,False,False,Subscription,Clear Protein,2.0,3.99,2.0,ONBOARDING | sachet_cap_5pct_cm,onboarding_sachet|education
7756019204351,T4,D4,D4,39.93,1,102.55,102.55,1,False,False,False,False,Direct / Organic,Unknown,2.0,3.99,2.0,ONBOARDING | sachet_cap_5pct_cm,onboarding_sachet|education
8035980280063,T4,D4,D3,39.91,1,51.44,51.44,4,True,False,False,False,Paid Social,Other,2.0,3.99,2.0,ONBOARDING | sachet_cap_5pct_cm,onboarding_sachet|education
7756487360767,T4,D4,D4,39.88,1,53.96,53.96,2,False,False,False,False,Direct / Organic,Accessories,1.99,3.99,1.99,ONBOARDING | sachet_cap_5pct_cm,onboarding_sachet|education
6613804351743,T4,D4,D5,39.87,1,62.57,62.57,2,False,False,False,False,Subscription,Unknown,1.99,3.99,1.99,ONBOARDING | sachet_cap_5pct_cm,onboarding_sachet|education
8899516563711,T4,D4,D2,39.83,1,60.37,60.37,1,False,False,False,False,Direct / Organic,Lean Protein,1.99,3.98,1.99,ONBOARDING | sachet_cap_5pct_cm,onboarding_sachet|education
7756475793663,T4,D4,D4,39.76,1,59.73,59.73,2,True,False,False,False,Subscription,Clear Protein,1.99,3.98,1.99,ONBOARDING | sachet_cap_5pct_cm,onboarding_sachet|education
7756438601983,T4,D4,D4,39.72,1,49.41,49.41,3,True,False,False,False,Subscription,Unknown,1.99,3.97,1.99,ONBOARDING | sachet_cap_5pct_cm,onboarding_sachet|education
8835805577471,T4,D4,D2,39.68,1,52.2,52.2,2,False,False,False,False,Direct / Organic,Clear Protein,1.98,3.97,1.98,ONBOARDING | sachet_cap_5pct_cm,onboarding_sachet|education
7756030771455,T4,D4,D4,39.62,1,99.04,99.04,1,False,False,False,False,Direct / Organic,Unknown,1.98,3.96,1.98,ONBOARDING | sachet_cap_5pct_cm,onboarding_sachet|education
6665240019199,T2,D4,D1,39.41,3,76.26,25.42,2,True,False,True,False,Subscription,Unknown,1.97,3.94,3.94,SUBSCRIBE_AND_SAVE | bundle_offers | no_blanket_10pct,subscribe_discount|bundle|category_sample
7756038930687,T2,D4,D1,39.38,2,103.9,51.95,1,False,False,True,False,Direct / Organic,Unknown,1.97,3.94,3.94,SUBSCRIBE_AND_SAVE | bundle_offers | no_blanket_10pct,subscribe_discount|bundle|category_sample
7756005409023,T4,D4,D4,39.36,1,48.18,48.18,1,False,False,False,False,Direct / Organic,Other,1.97,3.94,1.97,ONBOARDING | sachet_cap_5pct_cm,onboarding_sachet|education
8894605689087,T4,D4,D2,39.34,1,60.39,60.39,1,False,False,False,False,Paid Social,Lean Protein,1.97,3.93,1.97,ONBOARDING | sachet_cap_5pct_cm,onboarding_sachet|education
7756414255359,T4,D4,D4,39.19,1,65.86,65.86,3,True,False,False,False,Subscription,Other,1.96,3.92,1.96,ONBOARDING | sachet_cap_5pct_cm,onboarding_sachet|education
7756195463423,T4,D4,D4,39.16,1,83.43,83.43,2,False,False,False,False,Direct / Organic,Unknown,1.96,3.92,1.96,ONBOARDING | sachet_cap_5pct_cm,onboarding_sachet|education
7756260344063,T4,D4,D4,39.16,1,83.43,83.43,1,False,False,False,False,Direct / Organic,Unknown,1.96,3.92,1.96,ONBOARDING | sachet_cap_5pct_cm,onboarding_sachet|education
7756261523711,T4,D4,D4,39.16,1,83.43,83.43,2,False,False,False,False,Direct / Organic,Other,1.96,3.92,1.96,ONBOARDING | sachet_cap_5pct_cm,onboarding_sachet|education
7756264767743,T4,D4,D4,39.16,1,70.91,70.91,1,False,False,False,False,Direct / Organic,Unknown,1.96,3.92,1.96,ONBOARDING | sachet_cap_5pct_cm,onboarding_sachet|education
7756356092159,T4,D4,D4,39.16,1,83.43,83.43,1,False,False,False,False,Direct / Organic,Unknown,1.96,3.92,1.96,ONBOARDING | sachet_cap_5pct_cm,onboarding_sachet|education
7756460949759,T4,D4,D4,39.16,1,54.18,54.18,1,False,False,False,False,Direct / Organic,Other,1.96,3.92,1.96,ONBOARDING | sachet_cap_5pct_cm,onboarding_sachet|education
7756468224255,T4,D4,D4,39.16,1,49.35,49.35,1,False,False,False,False,Direct / Organic,Other,1.96,3.92,1.96,ONBOARDING | sachet_cap_5pct_cm,onboarding_sachet|education
7756474581247,T4,D4,D4,39.16,1,59.34,59.34,1,False,False,False,False,Direct / Organic,Other,1.96,3.92,1.96,ONBOARDING | sachet_cap_5pct_cm,onboarding_sachet|education
7756028543231,T2,D4,D1,39.14,3,103.3,34.43333333333333,1,False,False,True,False,Direct / Organic,Unknown,1.96,3.91,3.91,SUBSCRIBE_AND_SAVE | bundle_offers | no_blanket_10pct,subscribe_discount|bundle|category_sample
7363903357183,T4,D4,D5,39.04,1,49.15,49.15,2,False,False,False,False,Subscription,Clear Protein,1.95,3.9,1.95,ONBOARDING | sachet_cap_5pct_cm,onboarding_sachet|education
7366254100735,T4,D4,D5,39.04,1,49.15,49.15,2,False,False,False,False,Subscription,Clear Protein,1.95,3.9,1.95,ONBOARDING | sachet_cap_5pct_cm,onboarding_sachet|education
7366333694207,T4,D4,D5,39.04,1,52.1,52.1,2,False,False,False,False,Subscription,Clear Protein,1.95,3.9,1.95,ONBOARDING | sachet_cap_5pct_cm,onboarding_sachet|education
6650460700927,T4,D4,D5,38.98,1,67.84,67.84,1,True,False,False,False,Subscription,Collagen Glow,1.95,3.9,1.95,ONBOARDING | sachet_cap_5pct_cm,onboarding_sachet|education
7756260245759,T4,D4,D4,38.98,1,73.64,73.64,2,False,False,False,False,Direct / Organic,Unknown,1.95,3.9,1.95,ONBOARDING | sachet_cap_5pct_cm,onboarding_sachet|education
6532486037759,T4,D4,D5,38.88,1,60.0,60.0,1,False,False,False,False,Email,Clear Protein,1.94,3.89,1.94,ONBOARDING | sachet_cap_5pct_cm,onboarding_sachet|education
7756365758719,T4,D4,D4,38.88,1,48.55,48.55,1,False,False,False,False,Direct / Organic,Clear Protein,1.94,3.89,1.94,ONBOARDING | sachet_cap_5pct_cm,onboarding_sachet|education
7756399313151,T4,D4,D4,38.88,1,51.55,51.55,1,False,False,False,False,Direct / Organic,Clear Protein,1.94,3.89,1.94,ONBOARDING | sachet_cap_5pct_cm,onboarding_sachet|education
7756412616959,T4,D4,D4,38.88,1,48.55,48.55,1,False,False,False,False,Direct / Organic,Clear Protein,1.94,3.89,1.94,ONBOARDING | sachet_cap_5pct_cm,onboarding_sachet|education
7756413206783,T4,D4,D4,38.88,1,60.0,60.0,1,False,False,False,False,Direct / Organic,Clear Protein,1.94,3.89,1.94,ONBOARDING | sachet_cap_5pct_cm,onboarding_sachet|education
7756413567231,T4,D4,D4,38.88,1,51.41,51.41,1,False,False,False,False,Direct / Organic,Clear Protein,1.94,3.89,1.94,ONBOARDING | sachet_cap_5pct_cm,onboarding_sachet|education
7756415074559,T4,D4,D4,38.88,1,60.0,60.0,1,False,False,False,False,Direct / Organic,Clear Protein,1.94,3.89,1.94,ONBOARDING | sachet_cap_5pct_cm,onboarding_sachet|education
7756415271167,T4,D4,D4,38.88,1,48.55,48.55,1,False,False,False,False,Direct / Organic,Clear Protein,1.94,3.89,1.94,ONBOARDING | sachet_cap_5pct_cm,onboarding_sachet|education
7756417532159,T4,D4,D4,38.88,1,60.0,60.0,1,False,False,False,False,Direct / Organic,Clear Protein,1.94,3.89,1.94,ONBOARDING | sachet_cap_5pct_cm,onboarding_sachet|education
7756418547967,T4,D4,D4,38.88,1,60.0,60.0,1,False,False,False,False,Direct / Organic,Clear Protein,1.94,3.89,1.94,ONBOARDING | sachet_cap_5pct_cm,onboarding_sachet|education
7756418580735,T4,D4,D4,38.88,1,54.27,54.27,1,False,False,False,False,Direct / Organic,Clear Protein,1.94,3.89,1.94,ONBOARDING | sachet_cap_5pct_cm,onboarding_sachet|education
7756422906111,T4,D4,D4,38.88,1,48.55,48.55,1,False,False,False,False,Direct / Organic,Clear Protein,1.94,3.89,1.94,ONBOARDING | sachet_cap_5pct_cm,onboarding_sachet|education
7756424544511,T4,D4,D4,38.88,1,60.0,60.0,1,False,False,False,False,Direct / Organic,Clear Protein,1.94,3.89,1.94,ONBOARDING | sachet_cap_5pct_cm,onboarding_sachet|education
7756425560319,T4,D4,D4,38.88,1,57.27,57.27,1,False,False,False,False,Direct / Organic,Clear Protein,1.94,3.89,1.94,ONBOARDING | sachet_cap_5pct_cm,onboarding_sachet|education
7756426477823,T4,D4,D4,38.88,1,60.0,60.0,1,False,False,False,False,Direct / Organic,Clear Protein,1.94,3.89,1.94,ONBOARDING | sachet_cap_5pct_cm,onboarding_sachet|education
7756426871039,T4,D4,D4,38.88,1,60.0,60.0,1,False,False,False,False,Direct / Organic,Clear Protein,1.94,3.89,1.94,ONBOARDING | sachet_cap_5pct_cm,onboarding_sachet|education
7756427165951,T4,D4,D4,38.88,1,57.27,57.27,1,False,False,False,False,Direct / Organic,Clear Protein,1.94,3.89,1.94,ONBOARDING | sachet_cap_5pct_cm,onboarding_sachet|education
7756428804351,T4,D4,D4,38.88,1,60.0,60.0,1,False,False,False,False,Direct / Organic,Clear Protein,1.94,3.89,1.94,ONBOARDING | sachet_cap_5pct_cm,onboarding_sachet|education
7756430934271,T4,D4,D4,38.88,1,46.15,46.15,1,False,False,False,False,Direct / Organic,Clear Protein,1.94,3.89,1.94,ONBOARDING | sachet_cap_5pct_cm,onboarding_sachet|education
7756431458559,T4,D4,D4,38.88,1,42.82,42.82,1,False,False,False,False,Direct / Organic,Clear Protein,1.94,3.89,1.94,ONBOARDING | sachet_cap_5pct_cm,onboarding_sachet|education
7756433785087,T4,D4,D4,38.88,1,60.0,60.0,1,False,False,False,False,Direct / Organic,Clear Protein,1.94,3.89,1.94,ONBOARDING | sachet_cap_5pct_cm,onboarding_sachet|education
7756434735359,T4,D4,D4,38.88,1,60.0,60.0,1,False,False,False,False,Direct / Organic,Clear Protein,1.94,3.89,1.94,ONBOARDING | sachet_cap_5pct_cm,onboarding_sachet|education
7756435685631,T4,D4,D4,38.88,1,60.0,60.0,1,False,False,False,False,Direct / Organic,Clear Protein,1.94,3.89,1.94,ONBOARDING | sachet_cap_5pct_cm,onboarding_sachet|education
7756436111615,T4,D4,D4,38.88,1,57.27,57.27,1,False,False,False,False,Direct / Organic,Clear Protein,1.94,3.89,1.94,ONBOARDING | sachet_cap_5pct_cm,onboarding_sachet|education
7756436144383,T4,D4,D4,38.88,1,60.0,60.0,1,False,False,False,False,Direct / Organic,Clear Protein,1.94,3.89,1.94,ONBOARDING | sachet_cap_5pct_cm,onboarding_sachet|education
7756436209919,T4,D4,D4,38.88,1,60.0,60.0,1,False,False,False,False,Direct / Organic,Clear Protein,1.94,3.89,1.94,ONBOARDING | sachet_cap_5pct_cm,onboarding_sachet|education
7756439814399,T4,D4,D4,38.88,1,48.55,48.55,1,False,False,False,False,Direct / Organic,Clear Protein,1.94,3.89,1.94,ONBOARDING | sachet_cap_5pct_cm,onboarding_sachet|education
7756440207615,T4,D4,D4,38.88,1,45.68,45.68,1,False,False,False,False,Direct / Organic,Clear Protein,1.94,3.89,1.94,ONBOARDING | sachet_cap_5pct_cm,onboarding_sachet|education
7756456395007,T4,D4,D4,38.88,1,60.0,60.0,1,False,False,False,False,Direct / Organic,Clear Protein,1.94,3.89,1.94,ONBOARDING | sachet_cap_5pct_cm,onboarding_sachet|education
7756457672959,T4,D4,D4,38.88,1,51.41,51.41,1,False,False,False,False,Direct / Organic,Clear Protein,1.94,3.89,1.94,ONBOARDING | sachet_cap_5pct_cm,onboarding_sachet|education
7756459049215,T4,D4,D4,38.88,1,51.41,51.41,1,False,False,False,False,Direct / Organic,Clear Protein,1.94,3.89,1.94,ONBOARDING | sachet_cap_5pct_cm,onboarding_sachet|education
7756460261631,T4,D4,D4,38.88,1,51.41,51.41,1,False,False,False,False,Direct / Organic,Clear Protein,1.94,3.89,1.94,ONBOARDING | sachet_cap_5pct_cm,onboarding_sachet|education
7756460687615,T4,D4,D4,38.88,1,60.0,60.0,1,False,False,False,False,Direct / Organic,Clear Protein,1.94,3.89,1.94,ONBOARDING | sachet_cap_5pct_cm,onboarding_sachet|education
7756460818687,T4,D4,D4,38.88,1,60.0,60.0,1,False,False,False,False,Direct / Organic,Clear Protein,1.94,3.89,1.94,ONBOARDING | sachet_cap_5pct_cm,onboarding_sachet|education
7756463931647,T4,D4,D4,38.88,1,51.41,51.41,1,False,False,False,False,Direct / Organic,Clear Protein,1.94,3.89,1.94,ONBOARDING | sachet_cap_5pct_cm,onboarding_sachet|education
7756465144063,T4,D4,D4,38.88,1,57.27,57.27,1,False,False,False,False,Direct / Organic,Clear Protein,1.94,3.89,1.94,ONBOARDING | sachet_cap_5pct_cm,onboarding_sachet|education
7756465176831,T4,D4,D4,38.88,1,60.0,60.0,1,False,False,False,False,Direct / Organic,Clear Protein,1.94,3.89,1.94,ONBOARDING | sachet_cap_5pct_cm,onboarding_sachet|education
7756465307903,T4,D4,D4,38.88,1,60.0,60.0,1,False,False,False,False,Direct / Organic,Clear Protein,1.94,3.89,1.94,ONBOARDING | sachet_cap_5pct_cm,onboarding_sachet|education
7756466847999,T4,D4,D4,38.88,1,60.0,60.0,1,False,False,False,False,Direct / Organic,Clear Protein,1.94,3.89,1.94,ONBOARDING | sachet_cap_5pct_cm,onboarding_sachet|education
7756467011839,T4,D4,D4,38.88,1,60.0,60.0,1,False,False,False,False,Direct / Organic,Clear Protein,1.94,3.89,1.94,ONBOARDING | sachet_cap_5pct_cm,onboarding_sachet|education
7756467142911,T4,D4,D4,38.88,1,60.0,60.0,1,False,False,False,False,Direct / Organic,Clear Protein,1.94,3.89,1.94,ONBOARDING | sachet_cap_5pct_cm,onboarding_sachet|education
7756467536127,T4,D4,D4,38.88,1,60.0,60.0,1,False,False,False,False,Direct / Organic,Clear Protein,1.94,3.89,1.94,ONBOARDING | sachet_cap_5pct_cm,onboarding_sachet|education
7756467568895,T4,D4,D4,38.88,1,60.0,60.0,1,False,False,False,False,Direct / Organic,Clear Protein,1.94,3.89,1.94,ONBOARDING | sachet_cap_5pct_cm,onboarding_sachet|education
7756467798271,T4,D4,D4,38.88,1,42.82,42.82,1,False,False,False,False,Direct / Organic,Clear Protein,1.94,3.89,1.94,ONBOARDING | sachet_cap_5pct_cm,onboarding_sachet|education
7756468060415,T4,D4,D4,38.88,1,60.0,60.0,1,False,False,False,False,Direct / Organic,Clear Protein,1.94,3.89,1.94,ONBOARDING | sachet_cap_5pct_cm,onboarding_sachet|education
7756468158719,T4,D4,D4,38.88,1,60.0,60.0,1,False,False,False,False,Direct / Organic,Clear Protein,1.94,3.89,1.94,ONBOARDING | sachet_cap_5pct_cm,onboarding_sachet|education
7756468388095,T4,D4,D4,38.88,1,42.82,42.82,1,False,False,False,False,Direct / Organic,Clear Protein,1.94,3.89,1.94,ONBOARDING | sachet_cap_5pct_cm,onboarding_sachet|education
7756469305599,T4,D4,D4,38.88,1,60.0,60.0,1,False,False,False,False,Direct / Organic,Clear Protein,1.94,3.89,1.94,ONBOARDING | sachet_cap_5pct_cm,onboarding_sachet|education
7756469338367,T4,D4,D4,38.88,1,42.82,42.82,1,False,False,False,False,Direct / Organic,Clear Protein,1.94,3.89,1.94,ONBOARDING | sachet_cap_5pct_cm,onboarding_sachet|education
7756470649087,T4,D4,D4,38.88,1,60.0,60.0,1,False,False,False,False,Direct / Organic,Clear Protein,1.94,3.89,1.94,ONBOARDING | sachet_cap_5pct_cm,onboarding_sachet|education
7755990008063,T2,D4,D1,38.88,4,102.65,25.6625,1,False,False,True,False,Direct / Organic,Unknown,1.94,3.89,3.89,SUBSCRIBE_AND_SAVE | bundle_offers | no_blanket_10pct,subscribe_discount|bundle|category_sample
7756265029887,T4,D4,D4,38.86,1,57.4,57.4,2,False,False,False,False,Direct / Organic,Other,1.94,3.89,1.94,ONBOARDING | sachet_cap_5pct_cm,onboarding_sachet|education
6686265540863,T4,D4,D5,38.8,1,64.8,64.8,1,False,False,False,False,Subscription,Other,1.94,3.88,1.94,ONBOARDING | sachet_cap_5pct_cm,onboarding_sachet|education
6781260038399,T4,D4,D5,38.8,1,58.81,58.81,1,False,False,False,False,Subscription,Other,1.94,3.88,1.94,ONBOARDING | sachet_cap_5pct_cm,onboarding_sachet|education
6783954354431,T4,D4,D5,38.8,1,52.82,52.82,1,False,False,False,False,Subscription,Other,1.94,3.88,1.94,ONBOARDING | sachet_cap_5pct_cm,onboarding_sachet|education
6797463945471,T4,D4,D5,38.8,1,58.81,58.81,1,False,False,False,False,Subscription,Other,1.94,3.88,1.94,ONBOARDING | sachet_cap_5pct_cm,onboarding_sachet|education
6826542989567,T4,D4,D5,38.8,1,52.82,52.82,1,False,False,False,False,Subscription,Other,1.94,3.88,1.94,ONBOARDING | sachet_cap_5pct_cm,onboarding_sachet|education
6837428453631,T4,D4,D5,38.8,1,34.8,34.8,1,False,False,False,False,Subscription,Other,1.94,3.88,1.94,ONBOARDING | sachet_cap_5pct_cm,onboarding_sachet|education
6991872295167,T4,D4,D5,38.8,1,54.8,54.8,1,False,False,False,False,Subscription,Other,1.94,3.88,1.94,ONBOARDING | sachet_cap_5pct_cm,onboarding_sachet|education
7019605262591,T4,D4,D5,38.8,1,55.81,55.81,1,False,False,False,False,Subscription,Other,1.94,3.88,1.94,ONBOARDING | sachet_cap_5pct_cm,onboarding_sachet|education
7065442451711,T4,D4,D5,38.8,1,64.8,64.8,1,False,False,False,False,Subscription,Other,1.94,3.88,1.94,ONBOARDING | sachet_cap_5pct_cm,onboarding_sachet|education
7065468207359,T4,D4,D5,38.8,1,52.82,52.82,1,False,False,False,False,Subscription,Other,1.94,3.88,1.94,ONBOARDING | sachet_cap_5pct_cm,onboarding_sachet|education
7097624822015,T4,D4,D5,38.8,1,58.81,58.81,1,False,False,False,False,Subscription,Other,1.94,3.88,1.94,ONBOARDING | sachet_cap_5pct_cm,onboarding_sachet|education
7240948154623,T4,D4,D5,38.8,1,64.8,64.8,1,False,False,False,False,Subscription,Other,1.94,3.88,1.94,ONBOARDING | sachet_cap_5pct_cm,onboarding_sachet|education
7267774398719,T4,D4,D5,38.8,1,64.8,64.8,1,False,False,False,False,Subscription,Other,1.94,3.88,1.94,ONBOARDING | sachet_cap_5pct_cm,onboarding_sachet|education
7279393374463,T4,D4,D5,38.8,1,55.81,55.81,1,False,False,False,False,Subscription,Other,1.94,3.88,1.94,ONBOARDING | sachet_cap_5pct_cm,onboarding_sachet|education
7288596758783,T4,D4,D5,38.8,1,64.8,64.8,1,False,False,False,False,Subscription,Other,1.94,3.88,1.94,ONBOARDING | sachet_cap_5pct_cm,onboarding_sachet|education
7475152355583,T4,D4,D5,38.8,1,41.93,41.93,1,False,False,False,False,Subscription,Other,1.94,3.88,1.94,ONBOARDING | sachet_cap_5pct_cm,onboarding_sachet|education
7476874215679,T4,D4,D5,38.8,1,41.93,41.93,1,False,False,False,False,Subscription,Other,1.94,3.88,1.94,ONBOARDING | sachet_cap_5pct_cm,onboarding_sachet|education
7493078221055,T4,D4,D5,38.8,1,64.8,64.8,1,False,False,False,False,Subscription,Other,1.94,3.88,1.94,ONBOARDING | sachet_cap_5pct_cm,onboarding_sachet|education
7511292346623,T4,D4,D5,38.8,1,64.8,64.8,1,False,False,False,False,Subscription,Other,1.94,3.88,1.94,ONBOARDING | sachet_cap_5pct_cm,onboarding_sachet|education
7918627094783,T4,D4,D3,38.8,1,59.9,59.9,1,False,False,False,False,Direct / Organic,Other,1.94,3.88,1.94,ONBOARDING | sachet_cap_5pct_cm,onboarding_sachet|education
8279665180927,T4,D4,D3,38.8,1,59.9,59.9,1,False,False,False,False,Direct / Organic,Other,1.94,3.88,1.94,ONBOARDING | sachet_cap_5pct_cm,onboarding_sachet|education
8903976583423,T4,D4,D2,38.75,1,56.91,56.91,1,True,False,False,False,Subscription,Lean Protein,1.94,3.88,1.94,ONBOARDING | sachet_cap_5pct_cm,onboarding_sachet|education
7756000002303,T4,D4,D4,38.71,1,27.27,27.27,1,False,False,False,False,Direct / Organic,Other,1.94,3.87,1.94,ONBOARDING | sachet_cap_5pct_cm,onboarding_sachet|education
6715478900991,T4,D4,D5,38.66,1,45.75,45.75,1,True,False,False,False,Subscription,Other,1.93,3.87,1.93,ONBOARDING | sachet_cap_5pct_cm,onboarding_sachet|education
6718461051135,T4,D4,D5,38.66,1,50.84,50.84,1,True,False,False,False,Subscription,Other,1.93,3.87,1.93,ONBOARDING | sachet_cap_5pct_cm,onboarding_sachet|education
6532514939135,T2,D4,D1,38.59,3,82.43,27.47666666666667,2,True,False,True,False,Direct / Organic,Unknown,1.93,3.86,3.86,SUBSCRIBE_AND_SAVE | bundle_offers | no_blanket_10pct,subscribe_discount|bundle|category_sample
8000416088319,T2,D4,D1,38.31,2,56.66,28.33,2,False,False,True,False,Direct / Organic,Soy Protein,1.92,3.83,3.83,SUBSCRIBE_AND_SAVE | bundle_offers | no_blanket_10pct,subscribe_discount|bundle|category_sample
7756005540095,T3,D4,D2,38.3,2,83.27,41.635,1,False,False,False,False,Direct / Organic,Other,1.92,3.83,1.92,CROSS_SELL_SAMPLE | category_incentive,cross_category_sachet|second_order_incentive
6715986182399,T4,D4,D5,38.3,1,56.03,56.03,1,False,False,False,False,Subscription,Other,1.92,3.83,1.92,ONBOARDING | sachet_cap_5pct_cm,onboarding_sachet|education
7756009570559,T4,D4,D4,38.25,1,64.34,64.34,2,False,False,False,False,Direct / Organic,Other,1.91,3.82,1.91,ONBOARDING | sachet_cap_5pct_cm,onboarding_sachet|education
7756264866047,T4,D4,D4,38.25,1,61.12,61.12,1,False,False,False,False,Direct / Organic,Unknown,1.91,3.82,1.91,ONBOARDING | sachet_cap_5pct_cm,onboarding_sachet|education
8002072051967,T2,D4,D1,38.12,2,65.57,32.785,1,True,False,True,False,Subscription,Other,1.91,3.81,3.81,SUBSCRIBE_AND_SAVE | bundle_offers | no_blanket_10pct,subscribe_discount|bundle|category_sample
6336639664383,T2,D4,D1,38.0,5,119.5,23.9,1,False,False,True,False,Subscription,Unknown,1.9,3.8,3.8,SUBSCRIBE_AND_SAVE | bundle_offers | no_blanket_10pct,subscribe_discount|bundle|category_sample
7756440436991,T4,D4,D4,37.87,1,63.98,63.98,2,False,False,False,False,Direct / Organic,Unknown,1.89,3.79,1.89,ONBOARDING | sachet_cap_5pct_cm,onboarding_sachet|education
6327406952703,T3,D4,D2,37.8,2,104.29,52.145,1,False,False,False,False,Subscription,Unknown,1.89,3.78,1.89,CROSS_SELL_SAMPLE | category_incentive,cross_category_sachet|second_order_incentive
6424267260159,T4,D4,D5,37.62,1,98.96,98.96,1,False,False,False,False,Subscription,Unknown,1.88,3.76,1.88,ONBOARDING | sachet_cap_5pct_cm,onboarding_sachet|education
6423598498047,T4,D4,D5,37.62,1,98.95,98.95,1,False,False,False,False,Subscription,Unknown,1.88,3.76,1.88,ONBOARDING | sachet_cap_5pct_cm,onboarding_sachet|education
8040106819839,T4,D4,D3,37.61,1,48.22,48.22,2,False,False,False,False,Paid Social,Clear Protein,1.88,3.76,1.88,ONBOARDING | sachet_cap_5pct_cm,onboarding_sachet|education
7944776253695,T4,D4,D3,37.59,1,59.64,59.64,2,False,False,False,False,Paid Social,Accessories,1.88,3.76,1.88,ONBOARDING | sachet_cap_5pct_cm,onboarding_sachet|education
8175537717503,T4,D4,D3,37.5,1,50.8,50.8,1,False,False,False,False,Direct / Organic,Lean Protein,1.88,3.75,1.88,ONBOARDING | sachet_cap_5pct_cm,onboarding_sachet|education
8252778774783,T4,D4,D3,37.5,1,50.8,50.8,1,False,False,False,False,Paid Search,Lean Protein,1.88,3.75,1.88,ONBOARDING | sachet_cap_5pct_cm,onboarding_sachet|education
8364274221311,T4,D4,D3,37.5,1,41.22,41.22,1,False,False,False,False,Direct / Organic,Lean Protein,1.88,3.75,1.88,ONBOARDING | sachet_cap_5pct_cm,onboarding_sachet|education
8717072433407,T4,D4,D2,37.5,1,50.8,50.8,1,False,False,False,False,Direct / Organic,Lean Protein,1.88,3.75,1.88,ONBOARDING | sachet_cap_5pct_cm,onboarding_sachet|education
7845481414911,T2,D4,D1,37.49,3,64.65,21.55,1,False,False,True,False,Direct / Organic,Other,1.87,3.75,3.75,SUBSCRIBE_AND_SAVE | bundle_offers | no_blanket_10pct,subscribe_discount|bundle|category_sample
7756431196415,T4,D4,D4,37.45,1,55.69,55.69,3,True,False,False,False,Subscription,Other,1.87,3.75,1.87,ONBOARDING | sachet_cap_5pct_cm,onboarding_sachet|education
8821739782399,T4,D4,D2,37.42,1,51.37,51.37,3,False,False,False,False,Direct / Organic,Other,1.87,3.74,1.87,ONBOARDING | sachet_cap_5pct_cm,onboarding_sachet|education
8800514015487,T4,D4,D2,37.39,1,52.44,52.44,1,False,False,False,False,Direct / Organic,Lean Protein,1.87,3.74,1.87,ONBOARDING | sachet_cap_5pct_cm,onboarding_sachet|education
8799603196159,T4,D4,D2,37.36,1,52.41,52.41,1,False,False,False,False,Direct / Organic,Lean Protein,1.87,3.74,1.87,ONBOARDING | sachet_cap_5pct_cm,onboarding_sachet|education
8800377176319,T4,D4,D2,37.32,1,52.37,52.37,1,False,False,False,False,Direct / Organic,Lean Protein,1.87,3.73,1.87,ONBOARDING | sachet_cap_5pct_cm,onboarding_sachet|education
7756043911423,T4,D4,D4,37.24,1,99.16,99.16,1,False,False,False,False,Direct / Organic,Unknown,1.86,3.72,1.86,ONBOARDING | sachet_cap_5pct_cm,onboarding_sachet|education
7756044140799,T4,D4,D4,37.24,1,93.1,93.1,1,False,False,False,False,Direct / Organic,Unknown,1.86,3.72,1.86,ONBOARDING | sachet_cap_5pct_cm,onboarding_sachet|education
6327612276991,T4,D4,D5,37.23,1,97.98,97.98,1,False,False,False,False,Subscription,Unknown,1.86,3.72,1.86,ONBOARDING | sachet_cap_5pct_cm,onboarding_sachet|education
6327777001727,T4,D4,D5,37.23,1,97.98,97.98,1,False,False,False,False,Subscription,Unknown,1.86,3.72,1.86,ONBOARDING | sachet_cap_5pct_cm,onboarding_sachet|education
6423595024639,T4,D4,D5,37.23,1,97.98,97.98,1,False,False,False,False,Subscription,Unknown,1.86,3.72,1.86,ONBOARDING | sachet_cap_5pct_cm,onboarding_sachet|education
7963035402495,T4,D4,D3,37.23,1,59.16,59.16,1,False,False,False,False,Direct / Organic,Lean Protein,1.86,3.72,1.86,ONBOARDING | sachet_cap_5pct_cm,onboarding_sachet|education
8794406584575,T4,D4,D2,37.23,1,52.28,52.28,1,False,False,False,False,Direct / Organic,Lean Protein,1.86,3.72,1.86,ONBOARDING | sachet_cap_5pct_cm,onboarding_sachet|education
8796562194687,T4,D4,D2,37.22,1,52.27,52.27,1,False,False,False,False,Direct / Organic,Lean Protein,1.86,3.72,1.86,ONBOARDING | sachet_cap_5pct_cm,onboarding_sachet|education
8869115035903,T4,D4,D2,37.21,1,55.37,55.37,1,True,False,False,False,Subscription,Lean Protein,1.86,3.72,1.86,ONBOARDING | sachet_cap_5pct_cm,onboarding_sachet|education
8182055305471,T4,D4,D3,37.15,1,52.21,52.21,1,False,False,False,False,Email,Lean Protein,1.86,3.72,1.86,ONBOARDING | sachet_cap_5pct_cm,onboarding_sachet|education
8779097800959,T4,D4,D2,37.13,1,59.78,59.78,2,True,False,False,False,Subscription,Lean Protein,1.86,3.71,1.86,ONBOARDING | sachet_cap_5pct_cm,onboarding_sachet|education
7756000329983,T4,D4,D4,37.09,1,92.72,92.72,1,False,False,False,False,Direct / Organic,Unknown,1.85,3.71,1.85,ONBOARDING | sachet_cap_5pct_cm,onboarding_sachet|education
7756355666175,T4,D4,D4,37.01,1,52.07,52.07,1,False,False,False,False,Direct / Organic,Lean Protein,1.85,3.7,1.85,ONBOARDING | sachet_cap_5pct_cm,onboarding_sachet|education
6532505764095,T4,D4,D5,37.0,1,57.37,57.37,2,False,False,False,False,Direct / Organic,Other,1.85,3.7,1.85,ONBOARDING | sachet_cap_5pct_cm,onboarding_sachet|education
7756467831039,T4,D4,D4,37.0,1,42.99,42.99,2,False,False,False,False,Direct / Organic,Other,1.85,3.7,1.85,ONBOARDING | sachet_cap_5pct_cm,onboarding_sachet|education
7755974050047,T3,D4,D2,36.99,2,68.01,34.005,1,False,False,False,False,Direct / Organic,Unknown,1.85,3.7,1.85,CROSS_SELL_SAMPLE | category_incentive,cross_category_sachet|second_order_incentive
7756377293055,T4,D4,D4,36.84,1,69.01,69.01,2,False,False,False,False,Direct / Organic,Unknown,1.84,3.68,1.84,ONBOARDING | sachet_cap_5pct_cm,onboarding_sachet|education
8875288789247,T4,D4,D2,36.8,1,54.96,54.96,1,True,False,False,False,Subscription,Lean Protein,1.84,3.68,1.84,ONBOARDING | sachet_cap_5pct_cm,onboarding_sachet|education
7756435456255,T4,D4,D4,36.79,1,71.84,71.84,3,True,False,False,False,Subscription,Other,1.84,3.68,1.84,ONBOARDING | sachet_cap_5pct_cm,onboarding_sachet|education
6327653662975,T4,D4,D5,36.72,1,96.69,96.69,1,False,False,False,False,Subscription,Unknown,1.84,3.67,1.84,ONBOARDING | sachet_cap_5pct_cm,onboarding_sachet|education
7756385976575,T2,D4,D1,36.68,2,65.25,32.625,2,True,False,True,False,Subscription,Other,1.83,3.67,3.67,SUBSCRIBE_AND_SAVE | bundle_offers | no_blanket_10pct,subscribe_discount|bundle|category_sample
7756002164991,T4,D4,D4,36.62,1,97.61,97.61,1,False,False,False,False,Direct / Organic,Unknown,1.83,3.66,1.83,ONBOARDING | sachet_cap_5pct_cm,onboarding_sachet|education
7756484673791,T2,D4,D1,36.49,2,86.37,43.185,1,False,False,True,False,Direct / Organic,Other,1.82,3.65,3.65,SUBSCRIBE_AND_SAVE | bundle_offers | no_blanket_10pct,subscribe_discount|bundle|category_sample
7756034834687,T4,D4,D4,36.49,1,91.22,91.22,1,False,False,False,False,Direct / Organic,Unknown,1.82,3.65,1.82,ONBOARDING | sachet_cap_5pct_cm,onboarding_sachet|education
7756404359423,T4,D4,D4,36.49,1,62.67,62.67,2,False,False,False,False,Direct / Organic,Unknown,1.82,3.65,1.82,ONBOARDING | sachet_cap_5pct_cm,onboarding_sachet|education
7756440109311,T4,D4,D4,36.49,1,58.13,58.13,1,False,False,False,False,Direct / Organic,Other,1.82,3.65,1.82,ONBOARDING | sachet_cap_5pct_cm,onboarding_sachet|education
6423223927039,T4,D4,D5,36.48,1,91.19,91.19,1,False,False,False,False,Subscription,Unknown,1.82,3.65,1.82,ONBOARDING | sachet_cap_5pct_cm,onboarding_sachet|education
7756036047103,T2,D4,D1,36.46,2,93.89,46.945,1,False,False,True,False,Direct / Organic,Unknown,1.82,3.65,3.65,SUBSCRIBE_AND_SAVE | bundle_offers | no_blanket_10pct,subscribe_discount|bundle|category_sample
7756358222079,T4,D4,D4,36.44,1,77.67,77.67,2,False,False,False,False,Direct / Organic,Unknown,1.82,3.64,1.82,ONBOARDING | sachet_cap_5pct_cm,onboarding_sachet|education
8758015328511,T4,D4,D2,36.42,1,52.03,52.03,1,False,False,False,False,Direct / Organic,Lean Protein,1.82,3.64,1.82,ONBOARDING | sachet_cap_5pct_cm,onboarding_sachet|education
8484593008895,T4,D4,D2,36.4,1,50.8,50.8,2,False,False,False,False,Direct / Organic,Clear Protein,1.82,3.64,1.82,ONBOARDING | sachet_cap_5pct_cm,onboarding_sachet|education
8835264250111,T4,D4,D2,36.4,1,50.8,50.8,2,False,False,False,False,Direct / Organic,Clear Protein,1.82,3.64,1.82,ONBOARDING | sachet_cap_5pct_cm,onboarding_sachet|education
7756439126271,T4,D4,D4,36.35,1,57.37,57.37,2,False,False,False,False,Direct / Organic,Other,1.82,3.64,1.82,ONBOARDING | sachet_cap_5pct_cm,onboarding_sachet|education
7756037193983,T2,D4,D1,36.33,3,96.28,32.093333333333334,1,False,False,True,False,Direct / Organic,Unknown,1.82,3.63,3.63,SUBSCRIBE_AND_SAVE | bundle_offers | no_blanket_10pct,subscribe_discount|bundle|category_sample
8566936469759,T4,D4,D2,36.26,1,48.52,48.52,1,True,False,False,False,Subscription,Lean Protein,1.81,3.63,1.81,ONBOARDING | sachet_cap_5pct_cm,onboarding_sachet|education
8744074248447,T4,D4,D2,36.26,1,53.91,53.91,1,True,False,False,False,Subscription,Lean Protein,1.81,3.63,1.81,ONBOARDING | sachet_cap_5pct_cm,onboarding_sachet|education
6423594533119,T3,D4,D2,36.22,2,67.31,33.655,2,False,False,False,False,Subscription,Unknown,1.81,3.62,1.81,CROSS_SELL_SAMPLE | category_incentive,cross_category_sachet|second_order_incentive
7756440994047,T4,D4,D4,36.13,1,60.4,60.4,1,False,False,False,False,Direct / Organic,Other,1.81,3.61,1.81,ONBOARDING | sachet_cap_5pct_cm,onboarding_sachet|education
7755968905471,T2,D4,D1,36.0,3,98.19,32.73,1,False,False,True,False,Direct / Organic,Unknown,1.8,3.6,3.6,SUBSCRIBE_AND_SAVE | bundle_offers | no_blanket_10pct,subscribe_discount|bundle|category_sample
7755976147199,T4,D4,D4,36.0,1,92.73,92.73,1,False,False,False,False,Direct / Organic,Unknown,1.8,3.6,1.8,ONBOARDING | sachet_cap_5pct_cm,onboarding_sachet|education
6327524688127,T4,D4,D5,36.0,1,94.89,94.89,1,False,False,False,False,Subscription,Unknown,1.8,3.6,1.8,ONBOARDING | sachet_cap_5pct_cm,onboarding_sachet|education
6327698194687,T4,D4,D5,35.99,1,94.87,94.87,1,False,False,False,False,Subscription,Unknown,1.8,3.6,1.8,ONBOARDING | sachet_cap_5pct_cm,onboarding_sachet|education
8635191984383,T4,D4,D2,35.97,1,56.48,56.48,1,False,False,False,False,Direct / Organic,Lean Protein,1.8,3.6,1.8,ONBOARDING | sachet_cap_5pct_cm,onboarding_sachet|education
6423592730879,T4,D4,D5,35.8,1,94.39,94.39,1,False,False,False,False,Subscription,Unknown,1.79,3.58,1.79,ONBOARDING | sachet_cap_5pct_cm,onboarding_sachet|education
7756264898815,T4,D4,D4,35.77,1,67.46,67.46,1,False,False,False,False,Direct / Organic,Unknown,1.79,3.58,1.79,ONBOARDING | sachet_cap_5pct_cm,onboarding_sachet|education
6620088500479,T4,D4,D5,35.77,1,61.71,61.71,2,False,False,False,False,Subscription,Other,1.79,3.58,1.79,ONBOARDING | sachet_cap_5pct_cm,onboarding_sachet|education
8798684545279,T4,D4,D2,35.75,1,45.83,45.83,1,True,False,False,False,Subscription,Lean Protein,1.79,3.58,1.79,ONBOARDING | sachet_cap_5pct_cm,onboarding_sachet|education
8827870347519,T4,D4,D2,35.75,1,53.91,53.91,1,True,False,False,False,Subscription,Lean Protein,1.79,3.58,1.79,ONBOARDING | sachet_cap_5pct_cm,onboarding_sachet|education
8612424483071,T4,D4,D2,35.62,1,50.78,50.78,1,False,False,False,False,Direct / Organic,Lean Protein,1.78,3.56,1.78,ONBOARDING | sachet_cap_5pct_cm,onboarding_sachet|education
7756439027967,T4,D4,D4,35.53,1,41.47,41.47,2,False,False,False,False,Direct / Organic,Soy Protein,1.78,3.55,1.78,ONBOARDING | sachet_cap_5pct_cm,onboarding_sachet|education
7756470681855,T4,D4,D4,35.53,1,48.73,48.73,2,False,False,False,False,Direct / Organic,Other,1.78,3.55,1.78,ONBOARDING | sachet_cap_5pct_cm,onboarding_sachet|education
7756035916031,T4,D4,D4,35.37,1,88.44,88.44,1,False,False,False,False,Direct / Organic,Unknown,1.77,3.54,1.77,ONBOARDING | sachet_cap_5pct_cm,onboarding_sachet|education
8437151236351,T4,D4,D2,35.3,1,50.8,50.8,1,False,False,False,False,Paid Social,Clear Protein,1.76,3.53,1.76,ONBOARDING | sachet_cap_5pct_cm,onboarding_sachet|education
8488362180863,T4,D4,D2,35.3,1,41.22,41.22,1,False,False,False,False,Direct / Organic,Clear Protein,1.76,3.53,1.76,ONBOARDING | sachet_cap_5pct_cm,onboarding_sachet|education
8653085704447,T4,D4,D2,35.3,1,41.22,41.22,1,False,False,False,False,Direct / Organic,Clear Protein,1.76,3.53,1.76,ONBOARDING | sachet_cap_5pct_cm,onboarding_sachet|education
7756016091391,T3,D4,D2,35.24,2,100.21,50.105,1,False,False,False,False,Direct / Organic,Unknown,1.76,3.52,1.76,CROSS_SELL_SAMPLE | category_incentive,cross_category_sachet|second_order_incentive
7756015141119,T4,D4,D4,35.21,1,88.04,88.04,1,False,False,False,False,Direct / Organic,Unknown,1.76,3.52,1.76,ONBOARDING | sachet_cap_5pct_cm,onboarding_sachet|education
7756030411007,T4,D4,D4,35.21,1,88.04,88.04,1,False,False,False,False,Direct / Organic,Unknown,1.76,3.52,1.76,ONBOARDING | sachet_cap_5pct_cm,onboarding_sachet|education
7756422512895,T4,D4,D4,35.15,1,87.88,87.88,1,False,False,False,False,Direct / Organic,Unknown,1.76,3.52,1.76,ONBOARDING | sachet_cap_5pct_cm,onboarding_sachet|education
7756362842367,T4,D4,D4,35.02,1,62.07,62.07,1,True,False,False,False,Subscription,Other,1.75,3.5,1.75,ONBOARDING | sachet_cap_5pct_cm,onboarding_sachet|education
7756364284159,T4,D4,D4,35.02,1,77.22,77.22,2,True,False,False,False,Subscription,Unknown,1.75,3.5,1.75,ONBOARDING | sachet_cap_5pct_cm,onboarding_sachet|education
7756020351231,T4,D4,D4,35.0,1,87.5,87.5,1,False,False,False,False,Direct / Organic,Unknown,1.75,3.5,1.75,ONBOARDING | sachet_cap_5pct_cm,onboarding_sachet|education
7756018516223,T3,D4,D2,34.99,2,77.55,38.775,2,False,False,False,False,Direct / Organic,Unknown,1.75,3.5,1.75,CROSS_SELL_SAMPLE | category_incentive,cross_category_sachet|second_order_incentive
8452477878527,T4,D4,D2,34.99,1,48.11,48.11,3,False,False,False,False,Direct / Organic,Other,1.75,3.5,1.75,ONBOARDING | sachet_cap_5pct_cm,onboarding_sachet|education
8800153993471,T4,D4,D2,34.72,1,52.37,52.37,1,True,False,False,False,Subscription,Lean Protein,1.74,3.47,1.74,ONBOARDING | sachet_cap_5pct_cm,onboarding_sachet|education
6593253343487,T4,D4,D5,34.53,1,42.9,42.9,1,False,False,False,False,Subscription,Other,1.73,3.45,1.73,ONBOARDING | sachet_cap_5pct_cm,onboarding_sachet|education
7572782612735,T4,D4,D5,34.47,1,45.82,45.82,1,True,False,False,False,Subscription,Lean Protein,1.72,3.45,1.72,ONBOARDING | sachet_cap_5pct_cm,onboarding_sachet|education
7817996632319,T4,D4,D4,34.47,1,48.51,48.51,1,True,False,False,False,Subscription,Lean Protein,1.72,3.45,1.72,ONBOARDING | sachet_cap_5pct_cm,onboarding_sachet|education
8150100574463,T4,D4,D3,34.47,1,53.91,53.91,1,True,False,False,False,Subscription,Lean Protein,1.72,3.45,1.72,ONBOARDING | sachet_cap_5pct_cm,onboarding_sachet|education
8251529855231,T4,D4,D3,34.47,1,53.91,53.91,1,True,False,False,False,Subscription,Lean Protein,1.72,3.45,1.72,ONBOARDING | sachet_cap_5pct_cm,onboarding_sachet|education
7756431294719,T4,D4,D4,34.33,1,43.24,43.24,2,True,False,False,False,Subscription,Other,1.72,3.43,1.72,ONBOARDING | sachet_cap_5pct_cm,onboarding_sachet|education
8275451150591,T4,D4,D3,34.32,1,58.08,58.08,2,True,False,False,False,Subscription,Accessories,1.72,3.43,1.72,ONBOARDING | sachet_cap_5pct_cm,onboarding_sachet|education
7755945017599,T3,D4,D2,34.28,2,85.27,42.635,1,False,False,False,False,Direct / Organic,Unknown,1.71,3.43,1.71,CROSS_SELL_SAMPLE | category_incentive,cross_category_sachet|second_order_incentive
8721866129663,T4,D4,D2,34.25,1,44.8,44.8,2,False,False,False,False,Direct / Organic,Other,1.71,3.42,1.71,ONBOARDING | sachet_cap_5pct_cm,onboarding_sachet|education
8847684993279,T4,D4,D2,34.25,1,39.8,39.8,2,False,False,False,False,Direct / Organic,Accessories,1.71,3.42,1.71,ONBOARDING | sachet_cap_5pct_cm,onboarding_sachet|education
8079619653887,T4,D4,D3,34.2,1,48.3,48.3,3,False,False,False,False,Direct / Organic,Lean Protein,1.71,3.42,1.71,ONBOARDING | sachet_cap_5pct_cm,onboarding_sachet|education
8436001407231,T4,D4,D2,34.14,1,54.55,54.55,1,False,False,False,False,Paid Social,Lean Protein,1.71,3.41,1.71,ONBOARDING | sachet_cap_5pct_cm,onboarding_sachet|education
8796526772479,T4,D4,D2,34.12,1,52.28,52.28,1,True,False,False,False,Subscription,Lean Protein,1.71,3.41,1.71,ONBOARDING | sachet_cap_5pct_cm,onboarding_sachet|education
8870517539071,T4,D4,D2,34.08,1,45.94,45.94,1,True,False,False,False,Subscription,Collagen Glow,1.7,3.41,1.7,ONBOARDING | sachet_cap_5pct_cm,onboarding_sachet|education
7756347736319,T4,D4,D4,34.05,1,49.18,49.18,1,False,False,False,False,Direct / Organic,Other,1.7,3.4,1.7,ONBOARDING | sachet_cap_5pct_cm,onboarding_sachet|education
7756459180287,T4,D4,D4,34.05,1,66.36,66.36,1,False,False,False,False,Direct / Organic,Other,1.7,3.4,1.7,ONBOARDING | sachet_cap_5pct_cm,onboarding_sachet|education
7756463079679,T4,D4,D4,34.05,1,66.36,66.36,1,False,False,False,False,Direct / Organic,Other,1.7,3.4,1.7,ONBOARDING | sachet_cap_5pct_cm,onboarding_sachet|education
7756467470591,T4,D4,D4,34.05,1,66.36,66.36,1,False,False,False,False,Direct / Organic,Other,1.7,3.4,1.7,ONBOARDING | sachet_cap_5pct_cm,onboarding_sachet|education
7756468683007,T4,D4,D4,34.05,1,49.18,49.18,1,False,False,False,False,Direct / Organic,Other,1.7,3.4,1.7,ONBOARDING | sachet_cap_5pct_cm,onboarding_sachet|education
7756354584831,T2,D4,D1,33.91,3,85.38,28.459999999999997,1,True,False,True,False,Subscription,Collagen Glow,1.7,3.39,3.39,SUBSCRIBE_AND_SAVE | bundle_offers | no_blanket_10pct,subscribe_discount|bundle|category_sample
8841657483519,T4,D4,D2,33.88,1,53.55,53.55,1,False,False,False,False,Direct / Organic,Other,1.69,3.39,1.69,ONBOARDING | sachet_cap_5pct_cm,onboarding_sachet|education
7756045025535,T4,D4,D4,33.85,1,84.64,84.64,1,False,False,False,False,Direct / Organic,Unknown,1.69,3.38,1.69,ONBOARDING | sachet_cap_5pct_cm,onboarding_sachet|education
8465112105215,T4,D4,D2,33.83,1,54.76,54.76,1,False,False,False,False,Direct / Organic,Lean Protein,1.69,3.38,1.69,ONBOARDING | sachet_cap_5pct_cm,onboarding_sachet|education
6329832046847,T4,D4,D5,33.8,1,89.39,89.39,1,False,False,False,False,Subscription,Unknown,1.69,3.38,1.69,ONBOARDING | sachet_cap_5pct_cm,onboarding_sachet|education
7755979718911,T3,D4,D2,33.68,2,84.21,42.105,1,False,False,False,False,Direct / Organic,Unknown,1.68,3.37,1.68,CROSS_SELL_SAMPLE | category_incentive,cross_category_sachet|second_order_incentive
7108628939007,T4,D4,D5,33.61,1,46.5,46.5,1,False,False,False,False,Subscription,Clear Protein,1.68,3.36,1.68,ONBOARDING | sachet_cap_5pct_cm,onboarding_sachet|education
8720535388415,T4,D4,D2,33.58,1,47.8,47.8,2,False,False,False,False,Direct / Organic,Clear Protein,1.68,3.36,1.68,ONBOARDING | sachet_cap_5pct_cm,onboarding_sachet|education
7755966578943,T3,D4,D2,33.53,2,83.84,41.92,1,False,False,False,False,Direct / Organic,Unknown,1.68,3.35,1.68,CROSS_SELL_SAMPLE | category_incentive,cross_category_sachet|second_order_incentive
6334095098111,T3,D4,D2,33.51,2,88.67,44.335,1,False,False,False,False,Subscription,Unknown,1.68,3.35,1.68,CROSS_SELL_SAMPLE | category_incentive,cross_category_sachet|second_order_incentive
7960785453311,T2,D4,D1,33.49,2,54.89,27.445,3,True,False,True,False,Paid Social,Unknown,1.67,3.35,3.35,SUBSCRIBE_AND_SAVE | bundle_offers | no_blanket_10pct,subscribe_discount|bundle|category_sample
6329630163199,T4,D4,D5,33.43,1,88.48,88.48,1,False,False,False,False,Subscription,Unknown,1.67,3.34,1.67,ONBOARDING | sachet_cap_5pct_cm,onboarding_sachet|education
6329873727743,T4,D4,D5,33.43,1,88.48,88.48,1,False,False,False,False,Subscription,Unknown,1.67,3.34,1.67,ONBOARDING | sachet_cap_5pct_cm,onboarding_sachet|education
7899396669695,T4,D4,D3,33.43,1,45.7,45.7,2,False,False,False,False,Direct / Organic,Lean Protein,1.67,3.34,1.67,ONBOARDING | sachet_cap_5pct_cm,onboarding_sachet|education
7756407046399,T2,D4,D1,33.4,2,48.73,24.365,1,True,False,True,False,Subscription,Other,1.67,3.34,3.34,SUBSCRIBE_AND_SAVE | bundle_offers | no_blanket_10pct,subscribe_discount|bundle|category_sample
7756017303807,T4,D4,D4,33.39,1,83.48,83.48,1,False,False,False,False,Direct / Organic,Unknown,1.67,3.34,1.67,ONBOARDING | sachet_cap_5pct_cm,onboarding_sachet|education
7756034867455,T2,D4,D1,33.28,3,83.2,27.733333333333334,1,False,False,True,False,Direct / Organic,Unknown,1.66,3.33,3.33,SUBSCRIBE_AND_SAVE | bundle_offers | no_blanket_10pct,subscribe_discount|bundle|category_sample
7756040274175,T2,D4,D1,33.22,2,88.52,44.26,1,False,False,True,False,Direct / Organic,Unknown,1.66,3.32,3.32,SUBSCRIBE_AND_SAVE | bundle_offers | no_blanket_10pct,subscribe_discount|bundle|category_sample
7756468781311,T4,D4,D4,33.16,1,36.08,36.08,1,True,False,False,False,Subscription,Clear Protein,1.66,3.32,1.66,ONBOARDING | sachet_cap_5pct_cm,onboarding_sachet|education
7756470583551,T4,D4,D4,33.16,1,51.55,51.55,1,True,False,False,False,Subscription,Clear Protein,1.66,3.32,1.66,ONBOARDING | sachet_cap_5pct_cm,onboarding_sachet|education
6423593746687,T3,D4,D2,32.98,2,82.46,41.23,1,False,False,False,False,Subscription,Unknown,1.65,3.3,1.65,CROSS_SELL_SAMPLE | category_incentive,cross_category_sachet|second_order_incentive
8284492071167,T4,D4,D3,32.93,1,45.82,45.82,2,True,False,False,False,Subscription,Other,1.65,3.29,1.65,ONBOARDING | sachet_cap_5pct_cm,onboarding_sachet|education
8861155229951,T4,D4,D2,32.82,1,50.54,50.54,1,False,False,False,False,Direct / Organic,Other,1.64,3.28,1.64,ONBOARDING | sachet_cap_5pct_cm,onboarding_sachet|education
6327530193151,T4,D4,D5,32.81,1,53.91,53.91,1,True,False,False,False,Subscription,Other,1.64,3.28,1.64,ONBOARDING | sachet_cap_5pct_cm,onboarding_sachet|education
7756260606207,T4,D4,D4,32.69,1,65.99,65.99,1,False,False,False,False,Direct / Organic,Unknown,1.63,3.27,1.63,ONBOARDING | sachet_cap_5pct_cm,onboarding_sachet|education
7756030935295,T4,D4,D4,32.61,1,81.52,81.52,1,False,False,False,False,Direct / Organic,Unknown,1.63,3.26,1.63,ONBOARDING | sachet_cap_5pct_cm,onboarding_sachet|education
7756038209791,T4,D4,D4,32.61,1,87.58,87.58,1,False,False,False,False,Direct / Organic,Unknown,1.63,3.26,1.63,ONBOARDING | sachet_cap_5pct_cm,onboarding_sachet|education
6327743545599,T3,D4,D2,32.6,2,91.3,45.65,1,False,False,False,False,Subscription,Unknown,1.63,3.26,1.63,CROSS_SELL_SAMPLE | category_incentive,cross_category_sachet|second_order_incentive
8309050933503,T4,D4,D3,32.59,1,44.8,44.8,3,False,False,False,False,Paid Social,Accessories,1.63,3.26,1.63,ONBOARDING | sachet_cap_5pct_cm,onboarding_sachet|education
8110306787583,T4,D4,D3,32.56,1,54.11,54.11,1,False,False,False,False,Paid Social,Lean Protein,1.63,3.26,1.63,ONBOARDING | sachet_cap_5pct_cm,onboarding_sachet|education
7567425732863,T4,D4,D5,32.53,1,55.21,55.21,2,True,False,False,False,Subscription,Other,1.63,3.25,1.63,ONBOARDING | sachet_cap_5pct_cm,onboarding_sachet|education
7756432539903,T4,D4,D4,32.5,1,55.72,55.72,2,False,False,False,False,Direct / Organic,Other,1.62,3.25,1.62,ONBOARDING | sachet_cap_5pct_cm,onboarding_sachet|education
7943632584959,T4,D4,D3,32.46,1,54.0,54.0,1,False,False,False,False,Paid Social,Lean Protein,1.62,3.25,1.62,ONBOARDING | sachet_cap_5pct_cm,onboarding_sachet|education
7944984461567,T4,D4,D3,32.46,1,43.75,43.75,1,False,False,False,False,Direct / Organic,Lean Protein,1.62,3.25,1.62,ONBOARDING | sachet_cap_5pct_cm,onboarding_sachet|education
7756486115583,T4,D4,D4,32.4,1,53.94,53.94,1,False,False,False,False,Direct / Organic,Lean Protein,1.62,3.24,1.62,ONBOARDING | sachet_cap_5pct_cm,onboarding_sachet|education
7756007964927,T4,D4,D4,32.36,1,65.36,65.36,3,False,False,False,False,Direct / Organic,Unknown,1.62,3.24,1.62,ONBOARDING | sachet_cap_5pct_cm,onboarding_sachet|education
8657403445503,T4,D4,D2,32.32,1,40.99,40.99,2,False,False,False,False,Direct / Organic,Clear Protein,1.62,3.23,1.62,ONBOARDING | sachet_cap_5pct_cm,onboarding_sachet|education
7946308026623,T4,D4,D3,32.18,1,53.71,53.71,1,False,False,False,False,Direct / Organic,Lean Protein,1.61,3.22,1.61,ONBOARDING | sachet_cap_5pct_cm,onboarding_sachet|education
8306167054591,T4,D4,D3,32.15,1,38.83,38.83,3,False,False,False,False,Affiliate,Other,1.61,3.22,1.61,ONBOARDING | sachet_cap_5pct_cm,onboarding_sachet|education
6961928438015,T4,D4,D5,32.11,1,79.21,79.21,1,False,False,False,False,Subscription,Other,1.61,3.21,1.61,ONBOARDING | sachet_cap_5pct_cm,onboarding_sachet|education
8353020543231,T4,D4,D3,32.1,1,42.24,42.24,1,False,False,False,False,Direct / Organic,Other,1.61,3.21,1.61,ONBOARDING | sachet_cap_5pct_cm,onboarding_sachet|education
7756038635775,T2,D4,D1,32.07,2,85.64,42.82,1,False,False,True,False,Direct / Organic,Unknown,1.6,3.21,3.21,SUBSCRIBE_AND_SAVE | bundle_offers | no_blanket_10pct,subscribe_discount|bundle|category_sample
8303046361343,T4,D4,D3,32.07,1,54.25,54.25,1,False,False,False,False,Paid Social,Lean Protein,1.6,3.21,1.6,ONBOARDING | sachet_cap_5pct_cm,onboarding_sachet|education
6532504453375,T2,D4,D1,32.05,3,82.85,27.616666666666664,1,False,False,True,False,Direct / Organic,Unknown,1.6,3.2,3.2,SUBSCRIBE_AND_SAVE | bundle_offers | no_blanket_10pct,subscribe_discount|bundle|category_sample
8291463627007,T4,D4,D3,32.02,1,54.2,54.2,1,False,False,False,False,Paid Social,Lean Protein,1.6,3.2,1.6,ONBOARDING | sachet_cap_5pct_cm,onboarding_sachet|education
7829353070847,T4,D4,D3,32.0,1,80.0,80.0,1,False,False,False,False,Direct / Organic,Unknown,1.6,3.2,1.6,ONBOARDING | sachet_cap_5pct_cm,onboarding_sachet|education
6423593681151,T4,D4,D5,32.0,1,84.89,84.89,1,False,False,False,False,Subscription,Unknown,1.6,3.2,1.6,ONBOARDING | sachet_cap_5pct_cm,onboarding_sachet|education
8341148041471,T4,D4,D3,31.98,1,42.12,42.12,1,False,False,False,False,Direct / Organic,Other,1.6,3.2,1.6,ONBOARDING | sachet_cap_5pct_cm,onboarding_sachet|education
8275588153599,T4,D4,D3,31.97,1,54.15,54.15,1,False,False,False,False,Direct / Organic,Lean Protein,1.6,3.2,1.6,ONBOARDING | sachet_cap_5pct_cm,onboarding_sachet|education
7900598927615,T4,D4,D3,31.93,1,53.44,53.44,1,False,False,False,False,Direct / Organic,Lean Protein,1.6,3.19,1.6,ONBOARDING | sachet_cap_5pct_cm,onboarding_sachet|education
7901894574335,T4,D4,D3,31.9,1,53.41,53.41,1,False,False,False,False,Direct / Organic,Lean Protein,1.6,3.19,1.6,ONBOARDING | sachet_cap_5pct_cm,onboarding_sachet|education
7756359106815,T4,D4,D4,31.89,1,66.15,66.15,2,False,False,False,False,Direct / Organic,Accessories,1.59,3.19,1.59,ONBOARDING | sachet_cap_5pct_cm,onboarding_sachet|education
8336949149951,T4,D4,D3,31.89,1,54.38,54.38,2,False,False,False,False,Direct / Organic,Lean Protein,1.59,3.19,1.59,ONBOARDING | sachet_cap_5pct_cm,onboarding_sachet|education
7938808807679,T4,D4,D3,31.88,1,54.05,54.05,1,False,False,False,False,Direct / Organic,Lean Protein,1.59,3.19,1.59,ONBOARDING | sachet_cap_5pct_cm,onboarding_sachet|education
7948679774463,T4,D4,D3,31.86,1,44.8,44.8,1,False,False,False,False,Email,Other,1.59,3.19,1.59,ONBOARDING | sachet_cap_5pct_cm,onboarding_sachet|education
8709102731519,T4,D4,D2,31.86,1,44.8,44.8,1,False,False,False,False,Direct / Organic,Other,1.59,3.19,1.59,ONBOARDING | sachet_cap_5pct_cm,onboarding_sachet|education
7914152001791,T4,D4,D3,31.85,1,53.36,53.36,1,False,False,False,False,Direct / Organic,Lean Protein,1.59,3.19,1.59,ONBOARDING | sachet_cap_5pct_cm,onboarding_sachet|education
7756485427455,T4,D4,D4,31.77,1,53.94,53.94,1,False,False,False,False,Direct / Organic,Lean Protein,1.59,3.18,1.59,ONBOARDING | sachet_cap_5pct_cm,onboarding_sachet|education
7756487459071,T4,D4,D4,31.77,1,53.94,53.94,1,False,False,False,False,Direct / Organic,Lean Protein,1.59,3.18,1.59,ONBOARDING | sachet_cap_5pct_cm,onboarding_sachet|education
7146957078783,T4,D4,D5,31.76,1,50.15,50.15,1,True,False,False,False,Subscription,Clear Protein,1.59,3.18,1.59,ONBOARDING | sachet_cap_5pct_cm,onboarding_sachet|education
8249131860223,T4,D4,D3,31.74,1,53.91,53.91,1,False,False,False,False,Direct / Organic,Lean Protein,1.59,3.17,1.59,ONBOARDING | sachet_cap_5pct_cm,onboarding_sachet|education
7938603286783,T4,D4,D3,31.69,1,53.85,53.85,1,False,False,False,False,Direct / Organic,Lean Protein,1.58,3.17,1.58,ONBOARDING | sachet_cap_5pct_cm,onboarding_sachet|education
6532456907007,T4,D4,D5,31.69,1,63.58,63.58,1,False,False,False,False,Direct / Organic,Collagen Glow,1.58,3.17,1.58,ONBOARDING | sachet_cap_5pct_cm,onboarding_sachet|education
6532496064767,T4,D4,D5,31.69,1,60.25,60.25,1,False,False,False,False,Direct / Organic,Collagen Glow,1.58,3.17,1.58,ONBOARDING | sachet_cap_5pct_cm,onboarding_sachet|education
7756007080191,T4,D4,D4,31.69,1,60.25,60.25,1,False,False,False,False,Direct / Organic,Collagen Glow,1.58,3.17,1.58,ONBOARDING | sachet_cap_5pct_cm,onboarding_sachet|education
7756194939135,T4,D4,D4,31.69,1,51.62,51.62,1,False,False,False,False,Direct / Organic,Collagen Glow,1.58,3.17,1.58,ONBOARDING | sachet_cap_5pct_cm,onboarding_sachet|education
7756352127231,T2,D4,D1,31.69,2,66.0,33.0,1,False,False,True,False,Direct / Organic,Collagen Glow,1.58,3.17,3.17,SUBSCRIBE_AND_SAVE | bundle_offers | no_blanket_10pct,subscribe_discount|bundle|category_sample
7756357468415,T4,D4,D4,31.69,1,48.43,48.43,1,False,False,False,False,Direct / Organic,Collagen Glow,1.58,3.17,1.58,ONBOARDING | sachet_cap_5pct_cm,onboarding_sachet|education
7756413468927,T4,D4,D4,31.69,1,54.49,54.49,1,False,False,False,False,Direct / Organic,Collagen Glow,1.58,3.17,1.58,ONBOARDING | sachet_cap_5pct_cm,onboarding_sachet|education
7756421955839,T4,D4,D4,31.69,1,51.16,51.16,1,False,False,False,False,Direct / Organic,Collagen Glow,1.58,3.17,1.58,ONBOARDING | sachet_cap_5pct_cm,onboarding_sachet|education
7756430278911,T4,D4,D4,31.69,1,45.11,45.11,1,False,False,False,False,Direct / Organic,Collagen Glow,1.58,3.17,1.58,ONBOARDING | sachet_cap_5pct_cm,onboarding_sachet|education
7756466389247,T2,D4,D1,31.69,2,51.46,25.73,1,False,False,True,False,Direct / Organic,Collagen Glow,1.58,3.17,3.17,SUBSCRIBE_AND_SAVE | bundle_offers | no_blanket_10pct,subscribe_discount|bundle|category_sample
7756420350207,T2,D4,D1,31.63,2,97.83,48.915,2,True,False,True,False,Subscription,Other,1.58,3.16,3.16,SUBSCRIBE_AND_SAVE | bundle_offers | no_blanket_10pct,subscribe_discount|bundle|category_sample
6532515463423,T4,D4,D5,31.59,1,56.98,56.98,3,False,False,False,False,Direct / Organic,Accessories,1.58,3.16,1.58,ONBOARDING | sachet_cap_5pct_cm,onboarding_sachet|education
7756283052287,T4,D4,D4,31.59,1,56.98,56.98,2,False,False,False,False,Direct / Organic,Accessories,1.58,3.16,1.58,ONBOARDING | sachet_cap_5pct_cm,onboarding_sachet|education
7756359926015,T4,D4,D4,31.59,1,57.44,57.44,3,False,False,False,False,Direct / Organic,Accessories,1.58,3.16,1.58,ONBOARDING | sachet_cap_5pct_cm,onboarding_sachet|education
7756457050367,T4,D4,D4,31.58,1,51.55,51.55,2,True,False,False,False,Subscription,Clear Protein,1.58,3.16,1.58,ONBOARDING | sachet_cap_5pct_cm,onboarding_sachet|education
6329604210943,T4,D4,D5,31.56,1,40.9,40.9,1,False,False,False,False,Direct / Organic,Soy Protein,1.58,3.16,1.58,ONBOARDING | sachet_cap_5pct_cm,onboarding_sachet|education
8670310531327,T4,D4,D2,31.56,1,40.9,40.9,1,False,False,False,False,Direct / Organic,Soy Protein,1.58,3.16,1.58,ONBOARDING | sachet_cap_5pct_cm,onboarding_sachet|education
8875323588863,T4,D4,D2,31.56,1,37.31,37.31,1,False,False,False,False,Direct / Organic,Soy Protein,1.58,3.16,1.58,ONBOARDING | sachet_cap_5pct_cm,onboarding_sachet|education
7313089888511,T4,D4,D5,31.48,1,50.92,50.92,1,True,False,False,False,Subscription,Lean Protein,1.57,3.15,1.57,ONBOARDING | sachet_cap_5pct_cm,onboarding_sachet|education
7756040372479,T4,D4,D4,31.48,1,78.69,78.69,1,False,False,False,False,Direct / Organic,Unknown,1.57,3.15,1.57,ONBOARDING | sachet_cap_5pct_cm,onboarding_sachet|education
7755966841087,T4,D4,D5,31.47,1,78.67,78.67,1,False,False,False,False,Direct / Organic,Unknown,1.57,3.15,1.57,ONBOARDING | sachet_cap_5pct_cm,onboarding_sachet|education
6328226644223,T4,D4,D5,31.45,1,68.72,68.72,2,True,False,False,False,Subscription,Collagen Glow,1.57,3.14,1.57,ONBOARDING | sachet_cap_5pct_cm,onboarding_sachet|education
7756261949695,T4,D4,D4,31.43,1,59.09,59.09,2,False,False,False,False,Direct / Organic,Other,1.57,3.14,1.57,ONBOARDING | sachet_cap_5pct_cm,onboarding_sachet|education
7946024288511,T4,D4,D3,31.37,1,53.52,53.52,1,False,False,False,False,Paid Social,Lean Protein,1.57,3.14,1.57,ONBOARDING | sachet_cap_5pct_cm,onboarding_sachet|education
6327507452159,T4,D4,D5,31.28,1,83.11,83.11,1,False,False,False,False,Subscription,Unknown,1.56,3.13,1.56,ONBOARDING | sachet_cap_5pct_cm,onboarding_sachet|education
7460404625663,T4,D4,D5,31.24,1,53.92,53.92,2,True,False,False,False,Subscription,Other,1.56,3.12,1.56,ONBOARDING | sachet_cap_5pct_cm,onboarding_sachet|education
7756361859327,T2,D4,D1,31.12,2,87.83,43.915,1,True,False,True,False,Subscription,Unknown,1.56,3.11,3.11,SUBSCRIBE_AND_SAVE | bundle_offers | no_blanket_10pct,subscribe_discount|bundle|category_sample
7756038471935,T2,D4,D1,31.0,2,82.95,41.475,1,False,False,True,False,Direct / Organic,Unknown,1.55,3.1,3.1,SUBSCRIBE_AND_SAVE | bundle_offers | no_blanket_10pct,subscribe_discount|bundle|category_sample
7756266275071,T4,D4,D4,30.98,1,49.17,49.17,2,False,False,False,False,Direct / Organic,Accessories,1.55,3.1,1.55,ONBOARDING | sachet_cap_5pct_cm,onboarding_sachet|education
8728781127935,T4,D4,D2,30.93,1,49.09,49.09,1,True,False,False,False,Subscription,Lean Protein,1.55,3.09,1.55,ONBOARDING | sachet_cap_5pct_cm,onboarding_sachet|education
7756046336255,T2,D4,D1,30.61,2,50.27,25.135,2,False,False,True,False,Direct / Organic,Unknown,1.53,3.06,3.06,SUBSCRIBE_AND_SAVE | bundle_offers | no_blanket_10pct,subscribe_discount|bundle|category_sample
8090067173631,T4,D4,D3,30.54,1,46.63,46.63,1,False,False,False,False,Direct / Organic,Other,1.53,3.05,1.53,ONBOARDING | sachet_cap_5pct_cm,onboarding_sachet|education
7756045517055,T4,D4,D4,30.52,1,76.3,76.3,1,False,False,False,False,Direct / Organic,Unknown,1.53,3.05,1.53,ONBOARDING | sachet_cap_5pct_cm,onboarding_sachet|education
7755981193471,T4,D4,D4,30.47,1,76.18,76.18,1,False,False,False,False,Direct / Organic,Unknown,1.52,3.05,1.52,ONBOARDING | sachet_cap_5pct_cm,onboarding_sachet|education
7756030968063,T4,D4,D4,30.47,1,76.18,76.18,1,False,False,False,False,Direct / Organic,Unknown,1.52,3.05,1.52,ONBOARDING | sachet_cap_5pct_cm,onboarding_sachet|education
7756031099135,T4,D4,D4,30.47,1,76.18,76.18,1,False,False,False,False,Direct / Organic,Unknown,1.52,3.05,1.52,ONBOARDING | sachet_cap_5pct_cm,onboarding_sachet|education
7756032246015,T4,D4,D4,30.47,1,78.9,78.9,1,False,False,False,False,Direct / Organic,Unknown,1.52,3.05,1.52,ONBOARDING | sachet_cap_5pct_cm,onboarding_sachet|education
7756026577151,T4,D4,D4,30.4,1,76.0,76.0,1,False,False,False,False,Direct / Organic,Unknown,1.52,3.04,1.52,ONBOARDING | sachet_cap_5pct_cm,onboarding_sachet|education
7756357730559,T4,D4,D4,30.36,1,63.25,63.25,3,False,False,False,False,Direct / Organic,Unknown,1.52,3.04,1.52,ONBOARDING | sachet_cap_5pct_cm,onboarding_sachet|education
7756042895615,T2,D4,D1,30.26,2,63.7,31.85,2,False,False,True,False,Direct / Organic,Unknown,1.51,3.03,3.03,SUBSCRIBE_AND_SAVE | bundle_offers | no_blanket_10pct,subscribe_discount|bundle|category_sample
7918399881471,T4,D4,D3,30.22,1,54.04,54.04,1,False,False,False,False,Direct / Organic,Other,1.51,3.02,1.51,ONBOARDING | sachet_cap_5pct_cm,onboarding_sachet|education
6423463919871,T4,D4,D5,30.16,1,80.29,80.29,1,False,False,False,False,Subscription,Unknown,1.51,3.02,1.51,ONBOARDING | sachet_cap_5pct_cm,onboarding_sachet|education
6329698124031,T4,D4,D5,30.08,1,80.1,80.1,1,False,False,False,False,Subscription,Unknown,1.5,3.01,1.5,ONBOARDING | sachet_cap_5pct_cm,onboarding_sachet|education
7756033884415,T4,D4,D4,30.07,1,75.18,75.18,1,False,False,False,False,Direct / Organic,Unknown,1.5,3.01,1.5,ONBOARDING | sachet_cap_5pct_cm,onboarding_sachet|education
7756037357823,T2,D4,D1,30.06,2,54.97,27.485,2,False,False,True,False,Direct / Organic,Unknown,1.5,3.01,3.01,SUBSCRIBE_AND_SAVE | bundle_offers | no_blanket_10pct,subscribe_discount|bundle|category_sample
7756260933887,T2,D4,D1,29.98,2,44.79,22.395,1,False,False,True,False,Direct / Organic,Other,1.5,3.0,3.0,SUBSCRIBE_AND_SAVE | bundle_offers | no_blanket_10pct,subscribe_discount|bundle|category_sample
7756044435711,T4,D4,D4,29.9,1,77.48,77.48,1,False,False,False,False,Direct / Organic,Unknown,1.5,2.99,1.5,ONBOARDING | sachet_cap_5pct_cm,onboarding_sachet|education
7755940135167,T4,D4,D5,29.82,1,53.16,53.16,2,False,False,False,False,Direct / Organic,Other,1.49,2.98,1.49,ONBOARDING | sachet_cap_5pct_cm,onboarding_sachet|education
6692441456895,T4,D4,D5,29.82,1,50.92,50.92,1,True,False,False,False,Subscription,Other,1.49,2.98,1.49,ONBOARDING | sachet_cap_5pct_cm,onboarding_sachet|education
6823871906047,T4,D4,D5,29.82,1,50.72,50.72,2,True,False,False,False,Subscription,Unknown,1.49,2.98,1.49,ONBOARDING | sachet_cap_5pct_cm,onboarding_sachet|education
6875347910911,T4,D4,D5,29.82,1,45.63,45.63,2,True,False,False,False,Subscription,Other,1.49,2.98,1.49,ONBOARDING | sachet_cap_5pct_cm,onboarding_sachet|education
6423595254015,T4,D4,D5,29.8,1,79.39,79.39,1,False,False,False,False,Subscription,Unknown,1.49,2.98,1.49,ONBOARDING | sachet_cap_5pct_cm,onboarding_sachet|education
6423592272127,T4,D4,D5,29.78,1,79.36,79.36,1,False,False,False,False,Subscription,Unknown,1.49,2.98,1.49,ONBOARDING | sachet_cap_5pct_cm,onboarding_sachet|education
6424267686143,T4,D4,D5,29.78,1,79.36,79.36,1,False,False,False,False,Subscription,Unknown,1.49,2.98,1.49,ONBOARDING | sachet_cap_5pct_cm,onboarding_sachet|education
8086485106943,T4,D4,D3,29.77,1,44.8,44.8,3,False,False,False,False,Direct / Organic,Accessories,1.49,2.98,1.49,ONBOARDING | sachet_cap_5pct_cm,onboarding_sachet|education
7756036014335,T4,D4,D4,29.7,1,74.25,74.25,1,False,False,False,False,Direct / Organic,Unknown,1.48,2.97,1.48,ONBOARDING | sachet_cap_5pct_cm,onboarding_sachet|education
8015555100927,T4,D4,D3,29.66,1,45.12,45.12,1,False,False,False,False,Direct / Organic,Other,1.48,2.97,1.48,ONBOARDING | sachet_cap_5pct_cm,onboarding_sachet|education
8015556968703,T4,D4,D3,29.66,1,45.12,45.12,1,False,False,False,False,Direct / Organic,Other,1.48,2.97,1.48,ONBOARDING | sachet_cap_5pct_cm,onboarding_sachet|education
6423594860799,T4,D4,D5,29.6,1,78.89,78.89,1,False,False,False,False,Subscription,Unknown,1.48,2.96,1.48,ONBOARDING | sachet_cap_5pct_cm,onboarding_sachet|education
7756318507263,T4,D4,D4,29.43,1,60.14,60.14,2,False,False,False,False,Direct / Organic,Collagen Glow,1.47,2.94,1.47,ONBOARDING | sachet_cap_5pct_cm,onboarding_sachet|education
6329633571071,T4,D4,D5,29.37,1,78.33,78.33,1,False,False,False,False,Subscription,Unknown,1.47,2.94,1.47,ONBOARDING | sachet_cap_5pct_cm,onboarding_sachet|education
6327743709439,T4,D4,D5,29.36,1,40.8,40.8,1,False,False,False,False,Subscription,Soy Protein,1.47,2.94,1.47,ONBOARDING | sachet_cap_5pct_cm,onboarding_sachet|education
6602513154303,T4,D4,D5,29.36,1,40.8,40.8,1,False,False,False,False,Subscription,Soy Protein,1.47,2.94,1.47,ONBOARDING | sachet_cap_5pct_cm,onboarding_sachet|education
7177783116031,T4,D4,D5,29.36,1,40.8,40.8,1,False,False,False,False,Subscription,Soy Protein,1.47,2.94,1.47,ONBOARDING | sachet_cap_5pct_cm,onboarding_sachet|education
7475190006015,T4,D4,D5,29.36,1,25.13,25.13,1,False,False,False,False,Subscription,Soy Protein,1.47,2.94,1.47,ONBOARDING | sachet_cap_5pct_cm,onboarding_sachet|education
7520723403007,T4,D4,D5,29.36,1,30.03,30.03,1,False,False,False,False,Subscription,Soy Protein,1.47,2.94,1.47,ONBOARDING | sachet_cap_5pct_cm,onboarding_sachet|education
7522680701183,T4,D4,D5,29.36,1,30.03,30.03,1,False,False,False,False,Subscription,Soy Protein,1.47,2.94,1.47,ONBOARDING | sachet_cap_5pct_cm,onboarding_sachet|education
7549590896895,T4,D4,D5,29.36,1,35.41,35.41,1,False,False,False,False,Subscription,Soy Protein,1.47,2.94,1.47,ONBOARDING | sachet_cap_5pct_cm,onboarding_sachet|education
7584980435199,T4,D4,D5,29.36,1,30.03,30.03,1,False,False,False,False,Subscription,Soy Protein,1.47,2.94,1.47,ONBOARDING | sachet_cap_5pct_cm,onboarding_sachet|education
7756475465983,T4,D4,D4,29.36,1,40.8,40.8,1,False,False,False,False,Direct / Organic,Soy Protein,1.47,2.94,1.47,ONBOARDING | sachet_cap_5pct_cm,onboarding_sachet|education
7981308379391,T4,D4,D3,29.36,1,40.9,40.9,1,False,False,False,False,Direct / Organic,Soy Protein,1.47,2.94,1.47,ONBOARDING | sachet_cap_5pct_cm,onboarding_sachet|education
8096731693311,T4,D4,D3,29.36,1,35.9,35.9,1,False,False,False,False,Direct / Organic,Soy Protein,1.47,2.94,1.47,ONBOARDING | sachet_cap_5pct_cm,onboarding_sachet|education
8109830078719,T4,D4,D3,29.36,1,35.9,35.9,1,False,False,False,False,Direct / Organic,Soy Protein,1.47,2.94,1.47,ONBOARDING | sachet_cap_5pct_cm,onboarding_sachet|education
8246269673727,T4,D4,D3,29.36,1,35.9,35.9,1,False,False,False,False,Direct / Organic,Soy Protein,1.47,2.94,1.47,ONBOARDING | sachet_cap_5pct_cm,onboarding_sachet|education
8263488635135,T4,D4,D3,29.36,1,40.9,40.9,1,False,False,False,False,Paid Search,Soy Protein,1.47,2.94,1.47,ONBOARDING | sachet_cap_5pct_cm,onboarding_sachet|education
8285542351103,T4,D4,D3,29.36,1,35.9,35.9,1,False,False,False,False,Direct / Organic,Soy Protein,1.47,2.94,1.47,ONBOARDING | sachet_cap_5pct_cm,onboarding_sachet|education
7755986075903,T4,D4,D4,29.29,1,73.23,73.23,1,False,False,False,False,Direct / Organic,Unknown,1.46,2.93,1.46,ONBOARDING | sachet_cap_5pct_cm,onboarding_sachet|education
7755995742463,T4,D4,D4,29.27,1,75.9,75.9,1,False,False,False,False,Direct / Organic,Unknown,1.46,2.93,1.46,ONBOARDING | sachet_cap_5pct_cm,onboarding_sachet|education
6336695763199,T3,D4,D2,29.24,2,82.89,41.445,1,False,False,False,False,Subscription,Unknown,1.46,2.92,1.46,CROSS_SELL_SAMPLE | category_incentive,cross_category_sachet|second_order_incentive
7756030509311,T4,D4,D4,29.23,1,73.06,73.06,1,False,False,False,False,Direct / Organic,Unknown,1.46,2.92,1.46,ONBOARDING | sachet_cap_5pct_cm,onboarding_sachet|education
6327566205183,T4,D4,D5,29.16,1,77.79,77.79,1,False,False,False,False,Subscription,Unknown,1.46,2.92,1.46,ONBOARDING | sachet_cap_5pct_cm,onboarding_sachet|education
6601909240063,T4,D4,D5,29.13,1,55.94,55.94,2,True,False,False,False,Subscription,Other,1.46,2.91,1.46,ONBOARDING | sachet_cap_5pct_cm,onboarding_sachet|education
6423610523903,T4,D4,D5,29.1,1,77.65,77.65,1,False,False,False,False,Subscription,Unknown,1.46,2.91,1.46,ONBOARDING | sachet_cap_5pct_cm,onboarding_sachet|education
8096187580671,T4,D4,D3,29.1,1,40.4,40.4,1,False,False,False,False,Paid Social,Clear Protein,1.46,2.91,1.46,ONBOARDING | sachet_cap_5pct_cm,onboarding_sachet|education
6327713857791,T4,D4,D5,29.04,1,77.5,77.5,1,False,False,False,False,Subscription,Unknown,1.45,2.9,1.45,ONBOARDING | sachet_cap_5pct_cm,onboarding_sachet|education
8863438635263,T4,D4,D2,28.87,1,42.8,42.8,2,False,False,False,False,Direct / Organic,Clear Protein,1.44,2.89,1.44,ONBOARDING | sachet_cap_5pct_cm,onboarding_sachet|education
7756379980031,T4,D4,D4,28.86,1,63.28,63.28,2,False,False,False,False,Direct / Organic,Accessories,1.44,2.89,1.44,ONBOARDING | sachet_cap_5pct_cm,onboarding_sachet|education
7756395053311,T4,D4,D4,28.83,1,41.64,41.64,1,False,False,False,False,Direct / Organic,Collagen Glow,1.44,2.88,1.44,ONBOARDING | sachet_cap_5pct_cm,onboarding_sachet|education
7756039094527,T4,D4,D4,28.8,1,72.0,72.0,1,False,False,False,False,Direct / Organic,Unknown,1.44,2.88,1.44,ONBOARDING | sachet_cap_5pct_cm,onboarding_sachet|education
6327680434431,T4,D4,D5,28.8,1,76.89,76.89,1,False,False,False,False,Subscription,Unknown,1.44,2.88,1.44,ONBOARDING | sachet_cap_5pct_cm,onboarding_sachet|education
6327700783359,T4,D4,D5,28.8,1,76.89,76.89,1,False,False,False,False,Subscription,Unknown,1.44,2.88,1.44,ONBOARDING | sachet_cap_5pct_cm,onboarding_sachet|education
6336645169407,T4,D4,D5,28.8,1,76.89,76.89,1,False,False,False,False,Subscription,Unknown,1.44,2.88,1.44,ONBOARDING | sachet_cap_5pct_cm,onboarding_sachet|education
6423226220799,T4,D4,D5,28.8,1,76.89,76.89,1,False,False,False,False,Subscription,Unknown,1.44,2.88,1.44,ONBOARDING | sachet_cap_5pct_cm,onboarding_sachet|education
6600826159359,T4,D4,D5,28.79,1,73.28,73.28,1,False,False,False,False,Subscription,Unknown,1.44,2.88,1.44,ONBOARDING | sachet_cap_5pct_cm,onboarding_sachet|education
7755939479807,T4,D4,D5,28.74,1,39.79,39.79,1,False,False,False,False,Direct / Organic,Lean Protein,1.44,2.87,1.44,ONBOARDING | sachet_cap_5pct_cm,onboarding_sachet|education
7756429787391,T4,D4,D4,28.74,1,36.45,36.45,1,False,False,False,False,Direct / Organic,Lean Protein,1.44,2.87,1.44,ONBOARDING | sachet_cap_5pct_cm,onboarding_sachet|education
7756430835967,T4,D4,D4,28.74,1,36.45,36.45,1,False,False,False,False,Direct / Organic,Lean Protein,1.44,2.87,1.44,ONBOARDING | sachet_cap_5pct_cm,onboarding_sachet|education
7756431032575,T4,D4,D4,28.74,1,36.45,36.45,1,False,False,False,False,Direct / Organic,Lean Protein,1.44,2.87,1.44,ONBOARDING | sachet_cap_5pct_cm,onboarding_sachet|education
7756439552255,T4,D4,D4,28.74,1,41.27,41.27,1,False,False,False,False,Direct / Organic,Lean Protein,1.44,2.87,1.44,ONBOARDING | sachet_cap_5pct_cm,onboarding_sachet|education
7756440371455,T4,D4,D4,28.74,1,38.86,38.86,1,False,False,False,False,Direct / Organic,Lean Protein,1.44,2.87,1.44,ONBOARDING | sachet_cap_5pct_cm,onboarding_sachet|education
7756440699135,T4,D4,D4,28.74,1,38.86,38.86,1,False,False,False,False,Direct / Organic,Lean Protein,1.44,2.87,1.44,ONBOARDING | sachet_cap_5pct_cm,onboarding_sachet|education
7756458819839,T4,D4,D4,28.74,1,43.68,43.68,1,False,False,False,False,Direct / Organic,Lean Protein,1.44,2.87,1.44,ONBOARDING | sachet_cap_5pct_cm,onboarding_sachet|education
7756465766655,T4,D4,D4,28.74,1,50.91,50.91,1,False,False,False,False,Direct / Organic,Lean Protein,1.44,2.87,1.44,ONBOARDING | sachet_cap_5pct_cm,onboarding_sachet|education
7756466192639,T4,D4,D4,28.74,1,50.91,50.91,1,False,False,False,False,Direct / Organic,Lean Protein,1.44,2.87,1.44,ONBOARDING | sachet_cap_5pct_cm,onboarding_sachet|education
7756468748543,T4,D4,D4,28.74,1,36.45,36.45,1,False,False,False,False,Direct / Organic,Lean Protein,1.44,2.87,1.44,ONBOARDING | sachet_cap_5pct_cm,onboarding_sachet|education
7756469698815,T4,D4,D4,28.74,1,39.79,39.79,1,False,False,False,False,Direct / Organic,Lean Protein,1.44,2.87,1.44,ONBOARDING | sachet_cap_5pct_cm,onboarding_sachet|education
7756469764351,T4,D4,D4,28.74,1,33.73,33.73,1,False,False,False,False,Direct / Organic,Lean Protein,1.44,2.87,1.44,ONBOARDING | sachet_cap_5pct_cm,onboarding_sachet|education
7756473303295,T4,D4,D4,28.74,1,50.91,50.91,1,False,False,False,False,Direct / Organic,Lean Protein,1.44,2.87,1.44,ONBOARDING | sachet_cap_5pct_cm,onboarding_sachet|education
7756430704895,T4,D4,D4,28.71,1,34.08,34.08,2,True,False,False,False,Subscription,Clear Protein,1.44,2.87,1.44,ONBOARDING | sachet_cap_5pct_cm,onboarding_sachet|education
8790340993279,T4,D4,D2,28.67,1,32.95,32.95,1,True,False,False,False,Subscription,Soy Protein,1.43,2.87,1.43,ONBOARDING | sachet_cap_5pct_cm,onboarding_sachet|education
6532482859263,T4,D4,D5,28.63,1,34.49,34.49,2,False,False,False,False,Direct / Organic,Accessories,1.43,2.86,1.43,ONBOARDING | sachet_cap_5pct_cm,onboarding_sachet|education
7756439224575,T4,D4,D4,28.63,1,31.77,31.77,2,False,False,False,False,Direct / Organic,Accessories,1.43,2.86,1.43,ONBOARDING | sachet_cap_5pct_cm,onboarding_sachet|education
8817388421375,T4,D4,D2,28.63,1,45.61,45.61,3,False,False,False,False,Direct / Organic,Other,1.43,2.86,1.43,ONBOARDING | sachet_cap_5pct_cm,onboarding_sachet|education
6327681515775,T4,D4,D5,28.6,1,76.39,76.39,1,False,False,False,False,Subscription,Unknown,1.43,2.86,1.43,ONBOARDING | sachet_cap_5pct_cm,onboarding_sachet|education
8717923418367,T4,D4,D2,28.44,1,40.73,40.73,2,False,False,False,False,Direct / Organic,Clear Protein,1.42,2.84,1.42,ONBOARDING | sachet_cap_5pct_cm,onboarding_sachet|education
6327785095423,T3,D4,D2,28.42,2,75.94,37.97,1,False,False,False,False,Subscription,Unknown,1.42,2.84,1.42,CROSS_SELL_SAMPLE | category_incentive,cross_category_sachet|second_order_incentive
7756008390911,T4,D4,D4,28.36,1,70.91,70.91,1,False,False,False,False,Direct / Organic,Unknown,1.42,2.84,1.42,ONBOARDING | sachet_cap_5pct_cm,onboarding_sachet|education
6532495114495,T4,D4,D5,28.27,1,63.3,63.3,1,False,False,False,False,Direct / Organic,Other,1.41,2.83,1.41,ONBOARDING | sachet_cap_5pct_cm,onboarding_sachet|education
7755923226879,T4,D4,D5,28.27,1,63.3,63.3,1,False,False,False,False,Direct / Organic,Unknown,1.41,2.83,1.41,ONBOARDING | sachet_cap_5pct_cm,onboarding_sachet|education
7756007735551,T4,D4,D4,28.27,1,63.3,63.3,1,False,False,False,False,Direct / Organic,Other,1.41,2.83,1.41,ONBOARDING | sachet_cap_5pct_cm,onboarding_sachet|education
7756260475135,T4,D4,D4,28.27,1,63.3,63.3,1,False,False,False,False,Direct / Organic,Other,1.41,2.83,1.41,ONBOARDING | sachet_cap_5pct_cm,onboarding_sachet|education
7756261490943,T4,D4,D4,28.27,1,63.3,63.3,1,False,False,False,False,Direct / Organic,Other,1.41,2.83,1.41,ONBOARDING | sachet_cap_5pct_cm,onboarding_sachet|education
7756263981311,T4,D4,D4,28.27,1,60.58,60.58,1,False,False,False,False,Direct / Organic,Other,1.41,2.83,1.41,ONBOARDING | sachet_cap_5pct_cm,onboarding_sachet|education
7756264046847,T4,D4,D4,28.27,1,63.3,63.3,1,False,False,False,False,Direct / Organic,Other,1.41,2.83,1.41,ONBOARDING | sachet_cap_5pct_cm,onboarding_sachet|education
7756264603903,T4,D4,D4,28.27,1,54.22,54.22,1,False,False,False,False,Direct / Organic,Other,1.41,2.83,1.41,ONBOARDING | sachet_cap_5pct_cm,onboarding_sachet|education
7756264734975,T4,D4,D4,28.27,1,63.3,63.3,1,False,False,False,False,Direct / Organic,Unknown,1.41,2.83,1.41,ONBOARDING | sachet_cap_5pct_cm,onboarding_sachet|education
7756266963199,T4,D4,D4,28.27,1,54.22,54.22,1,False,False,False,False,Direct / Organic,Other,1.41,2.83,1.41,ONBOARDING | sachet_cap_5pct_cm,onboarding_sachet|education
7756348883199,T4,D4,D4,28.27,1,63.3,63.3,1,False,False,False,False,Direct / Organic,Other,1.41,2.83,1.41,ONBOARDING | sachet_cap_5pct_cm,onboarding_sachet|education
7756349047039,T4,D4,D4,28.27,1,51.19,51.19,1,False,False,False,False,Direct / Organic,Other,1.41,2.83,1.41,ONBOARDING | sachet_cap_5pct_cm,onboarding_sachet|education
7756355240191,T4,D4,D4,28.27,1,63.3,63.3,1,False,False,False,False,Direct / Organic,Other,1.41,2.83,1.41,ONBOARDING | sachet_cap_5pct_cm,onboarding_sachet|education
7756360614143,T4,D4,D4,28.27,1,54.22,54.22,1,False,False,False,False,Direct / Organic,Unknown,1.41,2.83,1.41,ONBOARDING | sachet_cap_5pct_cm,onboarding_sachet|education
7756361597183,T4,D4,D4,28.27,1,63.3,63.3,1,False,False,False,False,Direct / Organic,Other,1.41,2.83,1.41,ONBOARDING | sachet_cap_5pct_cm,onboarding_sachet|education
7756361761023,T4,D4,D4,28.27,1,63.3,63.3,1,False,False,False,False,Direct / Organic,Other,1.41,2.83,1.41,ONBOARDING | sachet_cap_5pct_cm,onboarding_sachet|education
6327627022591,T4,D4,D5,28.04,1,40.91,40.91,1,False,False,False,False,Direct / Organic,Collagen Glow,1.4,2.8,1.4,ONBOARDING | sachet_cap_5pct_cm,onboarding_sachet|education
8681786704127,T4,D4,D2,28.04,1,44.9,44.9,1,False,False,False,False,Direct / Organic,Collagen Glow,1.4,2.8,1.4,ONBOARDING | sachet_cap_5pct_cm,onboarding_sachet|education
7756365496575,T4,D4,D4,28.01,1,57.37,57.37,2,False,False,False,False,Direct / Organic,Other,1.4,2.8,1.4,ONBOARDING | sachet_cap_5pct_cm,onboarding_sachet|education
7756467765503,T4,D4,D4,27.96,1,28.16,28.16,1,False,False,False,False,Direct / Organic,Other,1.4,2.8,1.4,ONBOARDING | sachet_cap_5pct_cm,onboarding_sachet|education
6532514840831,T4,D4,D5,27.96,1,49.66,49.66,2,False,False,False,False,Direct / Organic,Other,1.4,2.8,1.4,ONBOARDING | sachet_cap_5pct_cm,onboarding_sachet|education
7755937448191,T4,D4,D5,27.96,1,49.66,49.66,2,False,False,False,False,Direct / Organic,Other,1.4,2.8,1.4,ONBOARDING | sachet_cap_5pct_cm,onboarding_sachet|education
7756005998847,T4,D4,D4,27.96,1,58.37,58.37,1,False,False,False,False,Direct / Organic,Unknown,1.4,2.8,1.4,ONBOARDING | sachet_cap_5pct_cm,onboarding_sachet|education
7756006228223,T3,D4,D2,27.96,2,63.58,31.79,2,False,False,False,False,Direct / Organic,Unknown,1.4,2.8,1.4,CROSS_SELL_SAMPLE | category_incentive,cross_category_sachet|second_order_incentive
8144634249471,T4,D4,D3,27.95,1,40.7,40.7,3,True,False,False,False,Direct / Organic,Lean Protein,1.4,2.8,1.4,ONBOARDING | sachet_cap_5pct_cm,onboarding_sachet|education
6336648052991,T4,D4,D5,27.86,1,74.55,74.55,1,False,False,False,False,Subscription,Unknown,1.39,2.79,1.39,ONBOARDING | sachet_cap_5pct_cm,onboarding_sachet|education
8762675659007,T4,D4,D2,27.85,1,34.46,34.46,1,False,False,False,False,Direct / Organic,Other,1.39,2.78,1.39,ONBOARDING | sachet_cap_5pct_cm,onboarding_sachet|education
8780130713855,T4,D4,D2,27.85,1,34.3,34.3,1,False,False,False,False,Direct / Organic,Other,1.39,2.78,1.39,ONBOARDING | sachet_cap_5pct_cm,onboarding_sachet|education
6423241130239,T4,D4,D5,27.82,1,74.44,74.44,1,False,False,False,False,Subscription,Unknown,1.39,2.78,1.39,ONBOARDING | sachet_cap_5pct_cm,onboarding_sachet|education
8899212771583,T4,D4,D2,27.79,1,39.7,39.7,2,False,False,False,False,Direct / Organic,Lean Protein,1.39,2.78,1.39,ONBOARDING | sachet_cap_5pct_cm,onboarding_sachet|education
7756029985023,T4,D4,D4,27.7,1,69.25,69.25,1,False,False,False,False,Direct / Organic,Unknown,1.38,2.77,1.38,ONBOARDING | sachet_cap_5pct_cm,onboarding_sachet|education
7756280692991,T4,D4,D4,27.6,1,34.84,34.84,1,False,False,False,False,Direct / Organic,Soy Protein,1.38,2.76,1.38,ONBOARDING | sachet_cap_5pct_cm,onboarding_sachet|education
6329872974079,T4,D4,D5,27.6,1,73.89,73.89,1,False,False,False,False,Subscription,Unknown,1.38,2.76,1.38,ONBOARDING | sachet_cap_5pct_cm,onboarding_sachet|education
8785460625663,T4,D4,D2,27.59,1,39.8,39.8,3,False,False,False,False,Direct / Organic,Other,1.38,2.76,1.38,ONBOARDING | sachet_cap_5pct_cm,onboarding_sachet|education
8763113734399,T4,D4,D2,27.55,1,34.79,34.79,1,False,False,False,False,Direct / Organic,Soy Protein,1.38,2.76,1.38,ONBOARDING | sachet_cap_5pct_cm,onboarding_sachet|education
8140701565183,T4,D4,D3,27.54,1,38.4,38.4,2,False,False,False,False,Direct / Organic,Clear Protein,1.38,2.75,1.38,ONBOARDING | sachet_cap_5pct_cm,onboarding_sachet|education
6336745406719,T4,D4,D5,27.5,1,73.64,73.64,1,False,False,False,False,Subscription,Unknown,1.38,2.75,1.38,ONBOARDING | sachet_cap_5pct_cm,onboarding_sachet|education
7756005769471,T4,D4,D4,27.35,1,51.18,51.18,1,False,False,False,False,Direct / Organic,Other,1.37,2.74,1.37,ONBOARDING | sachet_cap_5pct_cm,onboarding_sachet|education
7756007342335,T4,D4,D4,27.35,1,51.18,51.18,1,False,False,False,False,Direct / Organic,Other,1.37,2.74,1.37,ONBOARDING | sachet_cap_5pct_cm,onboarding_sachet|education
7756260638975,T4,D4,D4,27.35,1,51.18,51.18,1,False,False,False,False,Direct / Organic,Other,1.37,2.74,1.37,ONBOARDING | sachet_cap_5pct_cm,onboarding_sachet|education
7756260901119,T4,D4,D4,27.35,1,51.18,51.18,1,False,False,False,False,Direct / Organic,Other,1.37,2.74,1.37,ONBOARDING | sachet_cap_5pct_cm,onboarding_sachet|education
7756263588095,T4,D4,D4,27.35,1,51.18,51.18,1,False,False,False,False,Direct / Organic,Unknown,1.37,2.74,1.37,ONBOARDING | sachet_cap_5pct_cm,onboarding_sachet|education
7756264014079,T4,D4,D4,27.35,1,43.92,43.92,1,False,False,False,False,Direct / Organic,Other,1.37,2.74,1.37,ONBOARDING | sachet_cap_5pct_cm,onboarding_sachet|education
7756264341759,T4,D4,D4,27.35,1,43.92,43.92,1,False,False,False,False,Direct / Organic,Other,1.37,2.74,1.37,ONBOARDING | sachet_cap_5pct_cm,onboarding_sachet|education
7756267028735,T4,D4,D4,27.35,1,43.92,43.92,1,False,False,False,False,Direct / Organic,Other,1.37,2.74,1.37,ONBOARDING | sachet_cap_5pct_cm,onboarding_sachet|education
7756328730879,T4,D4,D4,27.35,1,43.92,43.92,1,False,False,False,False,Direct / Organic,Other,1.37,2.74,1.37,ONBOARDING | sachet_cap_5pct_cm,onboarding_sachet|education
7756349833471,T4,D4,D4,27.35,1,44.82,44.82,1,False,False,False,False,Direct / Organic,Other,1.37,2.74,1.37,ONBOARDING | sachet_cap_5pct_cm,onboarding_sachet|education
7756358811903,T4,D4,D4,27.35,1,51.18,51.18,1,False,False,False,False,Direct / Organic,Other,1.37,2.74,1.37,ONBOARDING | sachet_cap_5pct_cm,onboarding_sachet|education
7756459475199,T4,D4,D4,27.35,1,51.18,51.18,1,False,False,False,False,Direct / Organic,Other,1.37,2.74,1.37,ONBOARDING | sachet_cap_5pct_cm,onboarding_sachet|education
7756468551935,T4,D4,D4,27.35,1,36.65,36.65,1,False,False,False,False,Direct / Organic,Other,1.37,2.74,1.37,ONBOARDING | sachet_cap_5pct_cm,onboarding_sachet|education
7756469108991,T4,D4,D4,27.35,1,36.65,36.65,1,False,False,False,False,Direct / Organic,Other,1.37,2.74,1.37,ONBOARDING | sachet_cap_5pct_cm,onboarding_sachet|education
7756469829887,T4,D4,D4,27.35,1,36.65,36.65,1,False,False,False,False,Direct / Organic,Other,1.37,2.74,1.37,ONBOARDING | sachet_cap_5pct_cm,onboarding_sachet|education
7756477530367,T4,D4,D4,27.35,1,36.65,36.65,1,False,False,False,False,Direct / Organic,Other,1.37,2.74,1.37,ONBOARDING | sachet_cap_5pct_cm,onboarding_sachet|education
7756408127743,T2,D4,D1,27.3,2,66.41,33.205,2,True,False,True,False,Subscription,Unknown,1.37,2.73,2.73,SUBSCRIBE_AND_SAVE | bundle_offers | no_blanket_10pct,subscribe_discount|bundle|category_sample
7930953138431,T4,D4,D3,27.19,1,36.8,36.8,1,True,False,False,False,Subscription,Lean Protein,1.36,2.72,1.36,ONBOARDING | sachet_cap_5pct_cm,onboarding_sachet|education
7756399116543,T4,D4,D4,27.18,1,68.82,68.82,1,False,False,False,False,Direct / Organic,Lean Protein,1.36,2.72,1.36,ONBOARDING | sachet_cap_5pct_cm,onboarding_sachet|education
7756414025983,T4,D4,D4,27.18,1,62.76,62.76,1,False,False,False,False,Direct / Organic,Lean Protein,1.36,2.72,1.36,ONBOARDING | sachet_cap_5pct_cm,onboarding_sachet|education
8717997375743,T4,D4,D2,27.15,1,34.58,34.58,3,False,False,False,False,Direct / Organic,Accessories,1.36,2.72,1.36,ONBOARDING | sachet_cap_5pct_cm,onboarding_sachet|education
8850290114815,T4,D4,D2,27.15,1,34.8,34.8,3,False,False,False,False,Direct / Organic,Accessories,1.36,2.72,1.36,ONBOARDING | sachet_cap_5pct_cm,onboarding_sachet|education
8906250879231,T4,D4,D2,27.08,1,40.45,40.45,1,False,False,False,False,Direct / Organic,Clear Protein,1.35,2.71,1.35,ONBOARDING | sachet_cap_5pct_cm,onboarding_sachet|education
6329828606207,T4,D4,D5,27.04,1,72.49,72.49,1,False,False,False,False,Subscription,Unknown,1.35,2.7,1.35,ONBOARDING | sachet_cap_5pct_cm,onboarding_sachet|education
8712295612671,T4,D4,D2,26.98,1,40.34,40.34,1,False,False,False,False,Direct / Organic,Clear Protein,1.35,2.7,1.35,ONBOARDING | sachet_cap_5pct_cm,onboarding_sachet|education
7888779870463,T4,D4,D3,26.97,1,45.78,45.78,1,True,False,False,False,Subscription,Lean Protein,1.35,2.7,1.35,ONBOARDING | sachet_cap_5pct_cm,onboarding_sachet|education
8683962335487,T4,D4,D2,26.94,1,34.12,34.12,1,False,False,False,False,Direct / Organic,Soy Protein,1.35,2.69,1.35,ONBOARDING | sachet_cap_5pct_cm,onboarding_sachet|education
8316323397887,T4,D4,D3,26.82,1,41.63,41.63,1,True,False,False,False,Subscription,Lean Protein,1.34,2.68,1.34,ONBOARDING | sachet_cap_5pct_cm,onboarding_sachet|education
7756439159039,T4,D4,D4,26.79,1,32.23,32.23,1,False,False,False,False,Direct / Organic,Other,1.34,2.68,1.34,ONBOARDING | sachet_cap_5pct_cm,onboarding_sachet|education
7136351912191,T4,D4,D5,26.74,1,50.03,50.03,1,False,False,False,False,Subscription,Clear Protein,1.34,2.67,1.34,ONBOARDING | sachet_cap_5pct_cm,onboarding_sachet|education
7755981357311,T4,D4,D4,26.74,1,57.37,57.37,2,False,False,False,False,Direct / Organic,Unknown,1.34,2.67,1.34,ONBOARDING | sachet_cap_5pct_cm,onboarding_sachet|education
7756263162111,T4,D4,D4,26.74,1,57.37,57.37,2,False,False,False,False,Direct / Organic,Collagen Glow,1.34,2.67,1.34,ONBOARDING | sachet_cap_5pct_cm,onboarding_sachet|education
7756355436799,T2,D4,D1,26.74,2,58.88,29.44,2,False,False,True,False,Direct / Organic,Collagen Glow,1.34,2.67,2.67,SUBSCRIBE_AND_SAVE | bundle_offers | no_blanket_10pct,subscribe_discount|bundle|category_sample
7755996365055,T2,D4,D1,26.73,3,66.82,22.27333333333333,1,False,False,True,False,Direct / Organic,Unknown,1.34,2.67,2.67,SUBSCRIBE_AND_SAVE | bundle_offers | no_blanket_10pct,subscribe_discount|bundle|category_sample
6423613210879,T4,D4,D5,26.7,1,71.65,71.65,1,False,False,False,False,Subscription,Unknown,1.34,2.67,1.34,ONBOARDING | sachet_cap_5pct_cm,onboarding_sachet|education
7966502945023,T2,D4,D1,26.64,4,39.6,9.9,2,False,False,True,False,Paid Social,Unknown,1.33,2.66,2.66,SUBSCRIBE_AND_SAVE | bundle_offers | no_blanket_10pct,subscribe_discount|bundle|category_sample
8902711247103,T4,D4,D2,26.6,1,39.23,39.23,1,False,False,False,False,Direct / Organic,Collagen Glow,1.33,2.66,1.33,ONBOARDING | sachet_cap_5pct_cm,onboarding_sachet|education
6592534642943,T4,D4,D5,26.36,1,62.59,62.59,1,False,False,False,False,Subscription,Unknown,1.32,2.64,1.32,ONBOARDING | sachet_cap_5pct_cm,onboarding_sachet|education
7756362350847,T2,D4,D1,26.34,2,65.25,32.625,2,True,False,True,False,Direct / Organic,Unknown,1.32,2.63,2.63,SUBSCRIBE_AND_SAVE | bundle_offers | no_blanket_10pct,subscribe_discount|bundle|category_sample
7169039302911,T4,D4,D5,26.33,1,74.65,74.65,3,True,False,False,False,Subscription,Other,1.32,2.63,1.32,ONBOARDING | sachet_cap_5pct_cm,onboarding_sachet|education
6327639015679,T4,D4,D5,26.32,1,70.69,70.69,1,False,False,False,False,Subscription,Unknown,1.32,2.63,1.32,ONBOARDING | sachet_cap_5pct_cm,onboarding_sachet|education
6543953953023,T4,D4,D5,26.26,1,46.85,46.85,1,False,False,False,False,Subscription,Other,1.31,2.63,1.31,ONBOARDING | sachet_cap_5pct_cm,onboarding_sachet|education
6327625089279,T4,D4,D5,26.0,1,69.9,69.9,1,False,False,False,False,Subscription,Unknown,1.3,2.6,1.3,ONBOARDING | sachet_cap_5pct_cm,onboarding_sachet|education
7756042273023,T4,D4,D4,26.0,1,65.0,65.0,1,False,False,False,False,Direct / Organic,Unknown,1.3,2.6,1.3,ONBOARDING | sachet_cap_5pct_cm,onboarding_sachet|education
8427271291135,T4,D4,D2,26.0,1,33.1,33.1,1,False,False,False,False,Direct / Organic,Soy Protein,1.3,2.6,1.3,ONBOARDING | sachet_cap_5pct_cm,onboarding_sachet|education
7959817552127,T4,D4,D3,25.97,1,48.1,48.1,1,True,False,False,False,Subscription,Lean Protein,1.3,2.6,1.3,ONBOARDING | sachet_cap_5pct_cm,onboarding_sachet|education
7756469076223,T4,D4,D4,25.88,1,33.2,33.2,2,False,False,False,False,Direct / Organic,Unknown,1.29,2.59,1.29,ONBOARDING | sachet_cap_5pct_cm,onboarding_sachet|education
8306859081983,T4,D4,D3,25.8,1,36.84,36.84,1,False,False,False,False,Paid Social,Lean Protein,1.29,2.58,1.29,ONBOARDING | sachet_cap_5pct_cm,onboarding_sachet|education
8285699997951,T4,D4,D3,25.77,1,32.31,32.31,1,True,False,False,False,Subscription,Soy Protein,1.29,2.58,1.29,ONBOARDING | sachet_cap_5pct_cm,onboarding_sachet|education
8339765526783,T4,D4,D3,25.72,1,27.67,27.67,2,False,False,False,False,Direct / Organic,Lean Protein,1.29,2.57,1.29,ONBOARDING | sachet_cap_5pct_cm,onboarding_sachet|education
7713343406335,T4,D4,D5,25.67,1,42.01,42.01,1,False,False,False,False,Subscription,Unknown,1.28,2.57,1.28,ONBOARDING | sachet_cap_5pct_cm,onboarding_sachet|education
8596374290687,T4,D4,D2,25.63,1,40.33,40.33,1,False,False,False,False,Direct / Organic,Collagen Glow,1.28,2.56,1.28,ONBOARDING | sachet_cap_5pct_cm,onboarding_sachet|education
6329840173311,T4,D4,D5,25.63,1,68.97,68.97,1,False,False,False,False,Subscription,Unknown,1.28,2.56,1.28,ONBOARDING | sachet_cap_5pct_cm,onboarding_sachet|education
6328270061823,T4,D4,D5,25.57,1,68.83,68.83,1,False,False,False,False,Subscription,Unknown,1.28,2.56,1.28,ONBOARDING | sachet_cap_5pct_cm,onboarding_sachet|education
6329873924351,T3,D4,D2,25.51,2,73.58,36.79,1,False,False,False,False,Subscription,Unknown,1.28,2.55,1.28,CROSS_SELL_SAMPLE | category_incentive,cross_category_sachet|second_order_incentive
6601909141759,T4,D4,D5,25.47,1,40.81,40.81,1,False,False,False,False,Subscription,Collagen Glow,1.27,2.55,1.27,ONBOARDING | sachet_cap_5pct_cm,onboarding_sachet|education
6601910878463,T4,D4,D5,25.47,1,40.01,40.01,1,False,False,False,False,Subscription,Collagen Glow,1.27,2.55,1.27,ONBOARDING | sachet_cap_5pct_cm,onboarding_sachet|education
6601910943999,T4,D4,D5,25.47,1,38.81,38.81,1,False,False,False,False,Subscription,Collagen Glow,1.27,2.55,1.27,ONBOARDING | sachet_cap_5pct_cm,onboarding_sachet|education
6836349403391,T4,D4,D5,25.47,1,39.9,39.9,1,False,False,False,False,Subscription,Collagen Glow,1.27,2.55,1.27,ONBOARDING | sachet_cap_5pct_cm,onboarding_sachet|education
7031191503103,T4,D4,D5,25.47,1,40.81,40.81,1,False,False,False,False,Subscription,Collagen Glow,1.27,2.55,1.27,ONBOARDING | sachet_cap_5pct_cm,onboarding_sachet|education
7183667331327,T4,D4,D5,25.47,1,38.81,38.81,1,False,False,False,False,Subscription,Collagen Glow,1.27,2.55,1.27,ONBOARDING | sachet_cap_5pct_cm,onboarding_sachet|education
7250960810239,T4,D4,D5,25.47,1,36.82,36.82,1,False,False,False,False,Subscription,Collagen Glow,1.27,2.55,1.27,ONBOARDING | sachet_cap_5pct_cm,onboarding_sachet|education
7471466512639,T4,D4,D5,25.47,1,24.8,24.8,1,False,False,False,False,Subscription,Collagen Glow,1.27,2.55,1.27,ONBOARDING | sachet_cap_5pct_cm,onboarding_sachet|education
7475372294399,T4,D4,D5,25.47,1,27.93,27.93,1,False,False,False,False,Subscription,Collagen Glow,1.27,2.55,1.27,ONBOARDING | sachet_cap_5pct_cm,onboarding_sachet|education
7476640121087,T4,D4,D5,25.47,1,27.93,27.93,1,False,False,False,False,Subscription,Collagen Glow,1.27,2.55,1.27,ONBOARDING | sachet_cap_5pct_cm,onboarding_sachet|education
7476641267967,T4,D4,D5,25.47,1,27.93,27.93,1,False,False,False,False,Subscription,Collagen Glow,1.27,2.55,1.27,ONBOARDING | sachet_cap_5pct_cm,onboarding_sachet|education
7476765753599,T4,D4,D5,25.47,1,27.93,27.93,1,False,False,False,False,Subscription,Collagen Glow,1.27,2.55,1.27,ONBOARDING | sachet_cap_5pct_cm,onboarding_sachet|education
7575695851775,T4,D4,D5,25.47,1,38.81,38.81,1,False,False,False,False,Subscription,Collagen Glow,1.27,2.55,1.27,ONBOARDING | sachet_cap_5pct_cm,onboarding_sachet|education
7582926274815,T4,D4,D5,25.47,1,44.8,44.8,1,False,False,False,False,Subscription,Collagen Glow,1.27,2.55,1.27,ONBOARDING | sachet_cap_5pct_cm,onboarding_sachet|education
7881287041279,T4,D4,D3,25.47,1,40.81,40.81,1,False,False,False,False,Direct / Organic,Collagen Glow,1.27,2.55,1.27,ONBOARDING | sachet_cap_5pct_cm,onboarding_sachet|education
8065620410623,T4,D4,D3,25.47,1,44.9,44.9,1,False,False,False,False,Direct / Organic,Collagen Glow,1.27,2.55,1.27,ONBOARDING | sachet_cap_5pct_cm,onboarding_sachet|education
7898587037951,T4,D4,D3,25.46,1,48.7,48.7,3,True,False,False,False,Subscription,Lean Protein,1.27,2.55,1.27,ONBOARDING | sachet_cap_5pct_cm,onboarding_sachet|education
8108930564351,T4,D4,D3,25.44,1,42.03,42.03,1,False,False,False,False,Paid Social,Clear Protein,1.27,2.54,1.27,ONBOARDING | sachet_cap_5pct_cm,onboarding_sachet|education
7756263489791,T4,D4,D4,25.42,1,57.06,57.06,2,False,False,False,False,Direct / Organic,Accessories,1.27,2.54,1.27,ONBOARDING | sachet_cap_5pct_cm,onboarding_sachet|education
7756354224383,T4,D4,D4,25.42,1,58.37,58.37,2,False,False,False,False,Direct / Organic,Accessories,1.27,2.54,1.27,ONBOARDING | sachet_cap_5pct_cm,onboarding_sachet|education
7756385190143,T4,D4,D4,25.42,1,69.47,69.47,3,True,False,False,False,Subscription,Unknown,1.27,2.54,1.27,ONBOARDING | sachet_cap_5pct_cm,onboarding_sachet|education
7756384174335,T4,D4,D4,25.35,1,32.13,32.13,2,False,False,False,False,Direct / Organic,Lean Protein,1.27,2.54,1.27,ONBOARDING | sachet_cap_5pct_cm,onboarding_sachet|education
8166650413311,T4,D4,D3,25.35,1,26.55,26.55,1,False,False,False,False,Direct / Organic,Lean Protein,1.27,2.54,1.27,ONBOARDING | sachet_cap_5pct_cm,onboarding_sachet|education
6851588653311,T4,D4,D5,25.24,1,42.09,42.09,1,False,False,False,False,Direct / Organic,Unknown,1.26,2.52,1.26,ONBOARDING | sachet_cap_5pct_cm,onboarding_sachet|education
7755972935935,T4,D4,D4,25.24,1,60.27,60.27,2,False,False,False,False,Direct / Organic,Unknown,1.26,2.52,1.26,ONBOARDING | sachet_cap_5pct_cm,onboarding_sachet|education
7756362711295,T4,D4,D4,25.24,1,43.01,43.01,1,False,False,False,False,Direct / Organic,Other,1.26,2.52,1.26,ONBOARDING | sachet_cap_5pct_cm,onboarding_sachet|education
7756380995839,T4,D4,D4,25.24,1,54.52,54.52,1,False,False,False,False,Direct / Organic,Unknown,1.26,2.52,1.26,ONBOARDING | sachet_cap_5pct_cm,onboarding_sachet|education
7756381159679,T4,D4,D4,25.24,1,60.27,60.27,1,False,False,False,False,Direct / Organic,Other,1.26,2.52,1.26,ONBOARDING | sachet_cap_5pct_cm,onboarding_sachet|education
7756384305407,T4,D4,D4,25.24,1,51.18,51.18,1,False,False,False,False,Direct / Organic,Other,1.26,2.52,1.26,ONBOARDING | sachet_cap_5pct_cm,onboarding_sachet|education
7756385583359,T4,D4,D4,25.24,1,42.09,42.09,1,False,False,False,False,Direct / Organic,Other,1.26,2.52,1.26,ONBOARDING | sachet_cap_5pct_cm,onboarding_sachet|education
7756396101887,T4,D4,D4,25.24,1,57.55,57.55,1,False,False,False,False,Direct / Organic,Other,1.26,2.52,1.26,ONBOARDING | sachet_cap_5pct_cm,onboarding_sachet|education
7756410814719,T4,D4,D4,25.24,1,60.27,60.27,1,False,False,False,False,Direct / Organic,Other,1.26,2.52,1.26,ONBOARDING | sachet_cap_5pct_cm,onboarding_sachet|education
7756412977407,T4,D4,D4,25.24,1,60.27,60.27,1,False,False,False,False,Direct / Organic,Other,1.26,2.52,1.26,ONBOARDING | sachet_cap_5pct_cm,onboarding_sachet|education
7756430672127,T4,D4,D4,25.24,1,43.01,43.01,1,False,False,False,False,Direct / Organic,Other,1.26,2.52,1.26,ONBOARDING | sachet_cap_5pct_cm,onboarding_sachet|education
7756440076543,T4,D4,D4,25.24,1,45.89,45.89,1,False,False,False,False,Direct / Organic,Other,1.26,2.52,1.26,ONBOARDING | sachet_cap_5pct_cm,onboarding_sachet|education
6336697762047,T4,D4,D5,25.23,1,63.08,63.08,1,False,False,False,False,Subscription,Unknown,1.26,2.52,1.26,ONBOARDING | sachet_cap_5pct_cm,onboarding_sachet|education
7756035719423,T4,D4,D4,25.01,1,62.52,62.52,1,False,False,False,False,Direct / Organic,Unknown,1.25,2.5,1.25,ONBOARDING | sachet_cap_5pct_cm,onboarding_sachet|education
6328293490943,T4,D4,D5,24.96,1,67.29,67.29,1,False,False,False,False,Subscription,Unknown,1.25,2.5,1.25,ONBOARDING | sachet_cap_5pct_cm,onboarding_sachet|education
8623599485183,T4,D4,D2,24.92,1,63.39,63.39,1,False,False,False,False,Direct / Organic,Unknown,1.25,2.49,1.25,ONBOARDING | sachet_cap_5pct_cm,onboarding_sachet|education
7756005802239,T4,D4,D4,24.88,1,50.58,50.58,1,False,False,False,False,Direct / Organic,Unknown,1.24,2.49,1.24,ONBOARDING | sachet_cap_5pct_cm,onboarding_sachet|education
6423600824575,T3,D4,D2,24.86,2,71.94,35.97,1,False,False,False,False,Subscription,Unknown,1.24,2.49,1.24,CROSS_SELL_SAMPLE | category_incentive,cross_category_sachet|second_order_incentive
8478323441919,T4,D4,D2,24.83,1,25.42,25.42,1,False,False,False,False,Direct / Organic,Other,1.24,2.48,1.24,ONBOARDING | sachet_cap_5pct_cm,onboarding_sachet|education
8702306648319,T4,D4,D2,24.83,1,31.91,31.91,1,False,False,False,False,Direct / Organic,Other,1.24,2.48,1.24,ONBOARDING | sachet_cap_5pct_cm,onboarding_sachet|education
6327653794047,T4,D4,D5,24.82,1,38.81,38.81,1,False,False,False,False,Subscription,Other,1.24,2.48,1.24,ONBOARDING | sachet_cap_5pct_cm,onboarding_sachet|education
6469874483455,T4,D4,D5,24.82,1,44.8,44.8,1,False,False,False,False,Subscription,Other,1.24,2.48,1.24,ONBOARDING | sachet_cap_5pct_cm,onboarding_sachet|education
6492358639871,T4,D4,D5,24.82,1,44.8,44.8,1,False,False,False,False,Subscription,Other,1.24,2.48,1.24,ONBOARDING | sachet_cap_5pct_cm,onboarding_sachet|education
6518409691391,T4,D4,D5,24.82,1,38.81,38.81,1,False,False,False,False,Subscription,Other,1.24,2.48,1.24,ONBOARDING | sachet_cap_5pct_cm,onboarding_sachet|education
6532503077119,T4,D4,D5,24.82,1,38.81,38.81,1,False,False,False,False,Subscription,Other,1.24,2.48,1.24,ONBOARDING | sachet_cap_5pct_cm,onboarding_sachet|education
6601910976767,T4,D4,D5,24.82,1,44.8,44.8,1,False,False,False,False,Subscription,Other,1.24,2.48,1.24,ONBOARDING | sachet_cap_5pct_cm,onboarding_sachet|education
6601972154623,T4,D4,D5,24.82,1,44.8,44.8,1,False,False,False,False,Subscription,Other,1.24,2.48,1.24,ONBOARDING | sachet_cap_5pct_cm,onboarding_sachet|education
6609653694719,T4,D4,D5,24.82,1,40.81,40.81,1,False,False,False,False,Subscription,Other,1.24,2.48,1.24,ONBOARDING | sachet_cap_5pct_cm,onboarding_sachet|education
6616188879103,T4,D4,D5,24.82,1,36.82,36.82,1,False,False,False,False,Subscription,Other,1.24,2.48,1.24,ONBOARDING | sachet_cap_5pct_cm,onboarding_sachet|education
6803687801087,T4,D4,D5,24.82,1,44.8,44.8,1,False,False,False,False,Subscription,Other,1.24,2.48,1.24,ONBOARDING | sachet_cap_5pct_cm,onboarding_sachet|education
6951967162623,T4,D4,D5,24.82,1,44.8,44.8,1,False,False,False,False,Subscription,Other,1.24,2.48,1.24,ONBOARDING | sachet_cap_5pct_cm,onboarding_sachet|education
7016101970175,T4,D4,D5,24.82,1,40.81,40.81,1,False,False,False,False,Subscription,Other,1.24,2.48,1.24,ONBOARDING | sachet_cap_5pct_cm,onboarding_sachet|education
7089753653503,T4,D4,D5,24.82,1,40.81,40.81,1,False,False,False,False,Subscription,Other,1.24,2.48,1.24,ONBOARDING | sachet_cap_5pct_cm,onboarding_sachet|education
8246777282815,T4,D4,D3,24.82,1,44.9,44.9,1,False,False,False,False,Direct / Organic,Other,1.24,2.48,1.24,ONBOARDING | sachet_cap_5pct_cm,onboarding_sachet|education
7756386074879,T4,D4,D4,24.72,1,66.92,66.92,2,True,False,False,False,Subscription,Other,1.24,2.47,1.24,ONBOARDING | sachet_cap_5pct_cm,onboarding_sachet|education
7756048990463,T4,D4,D4,24.65,1,64.35,64.35,1,False,False,False,False,Direct / Organic,Unknown,1.23,2.46,1.23,ONBOARDING | sachet_cap_5pct_cm,onboarding_sachet|education
8438249554175,T4,D4,D2,24.62,1,39.24,39.24,1,False,False,False,False,Paid Social,Collagen Glow,1.23,2.46,1.23,ONBOARDING | sachet_cap_5pct_cm,onboarding_sachet|education
7756019269887,T3,D4,D2,24.58,2,66.91,33.455,1,False,False,False,False,Direct / Organic,Unknown,1.23,2.46,1.23,CROSS_SELL_SAMPLE | category_incentive,cross_category_sachet|second_order_incentive
7756045385983,T4,D4,D4,24.58,1,64.18,64.18,1,False,False,False,False,Direct / Organic,Unknown,1.23,2.46,1.23,ONBOARDING | sachet_cap_5pct_cm,onboarding_sachet|education
7756031066367,T4,D4,D4,24.45,1,61.12,61.12,1,False,False,False,False,Direct / Organic,Unknown,1.22,2.45,1.22,ONBOARDING | sachet_cap_5pct_cm,onboarding_sachet|education
7969924874495,T4,D4,D3,24.43,1,37.69,37.69,2,False,False,False,False,Direct / Organic,Lean Protein,1.22,2.44,1.22,ONBOARDING | sachet_cap_5pct_cm,onboarding_sachet|education
8764788277503,T4,D4,D2,24.39,1,34.5,34.5,3,False,False,False,False,Direct / Organic,Other,1.22,2.44,1.22,ONBOARDING | sachet_cap_5pct_cm,onboarding_sachet|education
7755997053183,T4,D4,D4,24.39,1,63.7,63.7,1,False,False,False,False,Direct / Organic,Unknown,1.22,2.44,1.22,ONBOARDING | sachet_cap_5pct_cm,onboarding_sachet|education
6329849053439,T4,D4,D5,24.33,1,65.73,65.73,1,False,False,False,False,Subscription,Unknown,1.22,2.43,1.22,ONBOARDING | sachet_cap_5pct_cm,onboarding_sachet|education
6423590207743,T4,D4,D5,24.33,1,65.73,65.73,1,False,False,False,False,Subscription,Unknown,1.22,2.43,1.22,ONBOARDING | sachet_cap_5pct_cm,onboarding_sachet|education
7756002132223,T4,D4,D4,24.32,1,39.07,39.07,1,False,False,False,False,Direct / Organic,Other,1.22,2.43,1.22,ONBOARDING | sachet_cap_5pct_cm,onboarding_sachet|education
7756173345023,T4,D4,D4,24.32,1,48.15,48.15,1,False,False,False,False,Direct / Organic,Unknown,1.22,2.43,1.22,ONBOARDING | sachet_cap_5pct_cm,onboarding_sachet|education
7756376834303,T4,D4,D4,24.32,1,39.06,39.06,1,False,False,False,False,Direct / Organic,Other,1.22,2.43,1.22,ONBOARDING | sachet_cap_5pct_cm,onboarding_sachet|education
7756382896383,T4,D4,D4,24.32,1,39.06,39.06,1,False,False,False,False,Direct / Organic,Unknown,1.22,2.43,1.22,ONBOARDING | sachet_cap_5pct_cm,onboarding_sachet|education
7756408652031,T4,D4,D4,24.32,1,30.27,30.27,1,True,False,False,False,Direct / Organic,Other,1.22,2.43,1.22,ONBOARDING | sachet_cap_5pct_cm,onboarding_sachet|education
7756409078015,T4,D4,D4,24.32,1,43.61,43.61,1,False,False,False,False,Direct / Organic,Other,1.22,2.43,1.22,ONBOARDING | sachet_cap_5pct_cm,onboarding_sachet|education
7756421693695,T4,D4,D4,24.32,1,39.07,39.07,1,False,False,False,False,Direct / Organic,Unknown,1.22,2.43,1.22,ONBOARDING | sachet_cap_5pct_cm,onboarding_sachet|education
7756431950079,T4,D4,D4,24.32,1,31.8,31.8,1,False,False,False,False,Direct / Organic,Other,1.22,2.43,1.22,ONBOARDING | sachet_cap_5pct_cm,onboarding_sachet|education
7756434014463,T4,D4,D4,24.32,1,39.07,39.07,1,False,False,False,False,Direct / Organic,Other,1.22,2.43,1.22,ONBOARDING | sachet_cap_5pct_cm,onboarding_sachet|education
7756438700287,T4,D4,D4,24.32,1,48.15,48.15,1,False,False,False,False,Direct / Organic,Other,1.22,2.43,1.22,ONBOARDING | sachet_cap_5pct_cm,onboarding_sachet|education
7756044763391,T4,D4,D4,24.29,1,60.74,60.74,1,False,False,False,False,Direct / Organic,Unknown,1.21,2.43,1.21,ONBOARDING | sachet_cap_5pct_cm,onboarding_sachet|education
7756022055167,T4,D4,D4,24.27,1,60.68,60.68,1,False,False,False,False,Direct / Organic,Unknown,1.21,2.43,1.21,ONBOARDING | sachet_cap_5pct_cm,onboarding_sachet|education
7756048957695,T2,D4,D1,24.27,3,60.68,20.226666666666667,1,False,False,True,False,Direct / Organic,Unknown,1.21,2.43,2.43,SUBSCRIBE_AND_SAVE | bundle_offers | no_blanket_10pct,subscribe_discount|bundle|category_sample
8077244072191,T4,D4,D3,24.25,1,34.5,34.5,1,False,False,False,False,Direct / Organic,Clear Protein,1.21,2.43,1.21,ONBOARDING | sachet_cap_5pct_cm,onboarding_sachet|education
8125631594751,T4,D4,D3,24.25,1,34.5,34.5,1,False,False,False,False,Direct / Organic,Clear Protein,1.21,2.43,1.21,ONBOARDING | sachet_cap_5pct_cm,onboarding_sachet|education
7756039651583,T4,D4,D4,24.24,1,60.59,60.59,1,False,False,False,False,Direct / Organic,Unknown,1.21,2.42,1.21,ONBOARDING | sachet_cap_5pct_cm,onboarding_sachet|education
8714730012927,T4,D4,D2,24.07,1,33.02,33.02,1,False,False,False,False,Direct / Organic,Other,1.2,2.41,1.2,ONBOARDING | sachet_cap_5pct_cm,onboarding_sachet|education
7756474712319,T2,D4,D1,24.05,2,54.49,27.245,2,True,False,True,False,Subscription,Collagen Glow,1.2,2.41,2.41,SUBSCRIBE_AND_SAVE | bundle_offers | no_blanket_10pct,subscribe_discount|bundle|category_sample
8585713811711,T4,D4,D2,24.01,1,26.35,26.35,1,False,False,False,False,Direct / Organic,Other,1.2,2.4,1.2,ONBOARDING | sachet_cap_5pct_cm,onboarding_sachet|education
6327731028223,T4,D4,D5,24.0,1,64.9,64.9,1,False,False,False,False,Subscription,Unknown,1.2,2.4,1.2,ONBOARDING | sachet_cap_5pct_cm,onboarding_sachet|education
8629594521855,T4,D4,D2,23.99,1,29.12,29.12,1,False,False,False,False,Direct / Organic,Other,1.2,2.4,1.2,ONBOARDING | sachet_cap_5pct_cm,onboarding_sachet|education
6329871073535,T3,D4,D2,23.99,2,69.77,34.885,1,False,False,False,False,Subscription,Unknown,1.2,2.4,1.2,CROSS_SELL_SAMPLE | category_incentive,cross_category_sachet|second_order_incentive
6423223828735,T4,D4,D5,23.98,1,64.86,64.86,1,False,False,False,False,Subscription,Unknown,1.2,2.4,1.2,ONBOARDING | sachet_cap_5pct_cm,onboarding_sachet|education
6329616695551,T4,D4,D5,23.96,1,55.81,55.81,1,False,False,False,False,Subscription,Unknown,1.2,2.4,1.2,ONBOARDING | sachet_cap_5pct_cm,onboarding_sachet|education
7857218584831,T4,D4,D3,23.96,1,61.67,61.67,1,False,False,False,False,Direct / Organic,Unknown,1.2,2.4,1.2,ONBOARDING | sachet_cap_5pct_cm,onboarding_sachet|education
8708667474175,T4,D4,D2,23.96,1,36.38,36.38,1,False,False,False,False,Direct / Organic,Other,1.2,2.4,1.2,ONBOARDING | sachet_cap_5pct_cm,onboarding_sachet|education
7756462915839,T4,D4,D4,23.92,1,36.86,36.86,1,True,False,False,False,Subscription,Lean Protein,1.2,2.39,1.2,ONBOARDING | sachet_cap_5pct_cm,onboarding_sachet|education
6607911551231,T4,D4,D5,23.92,1,56.03,56.03,1,False,False,False,False,Subscription,Unknown,1.2,2.39,1.2,ONBOARDING | sachet_cap_5pct_cm,onboarding_sachet|education
6616451449087,T4,D4,D5,23.92,1,61.71,61.71,1,False,False,False,False,Subscription,Unknown,1.2,2.39,1.2,ONBOARDING | sachet_cap_5pct_cm,onboarding_sachet|education
7425455227135,T4,D4,D5,23.9,1,42.81,42.81,2,False,False,False,False,Subscription,Collagen Glow,1.2,2.39,1.2,ONBOARDING | sachet_cap_5pct_cm,onboarding_sachet|education
7756041945343,T4,D4,D4,23.88,1,62.43,62.43,1,False,False,False,False,Direct / Organic,Unknown,1.19,2.39,1.19,ONBOARDING | sachet_cap_5pct_cm,onboarding_sachet|education
8572002271487,T4,D4,D2,23.83,1,28.27,28.27,1,False,False,False,False,Direct / Organic,Other,1.19,2.38,1.19,ONBOARDING | sachet_cap_5pct_cm,onboarding_sachet|education
7755981259007,T4,D4,D4,23.83,1,62.3,62.3,1,False,False,False,False,Direct / Organic,Unknown,1.19,2.38,1.19,ONBOARDING | sachet_cap_5pct_cm,onboarding_sachet|education
8598015181055,T4,D4,D2,23.82,1,26.76,26.76,2,False,False,False,False,Direct / Organic,Other,1.19,2.38,1.19,ONBOARDING | sachet_cap_5pct_cm,onboarding_sachet|education
6327633477887,T4,D4,D5,23.81,1,24.8,24.8,1,False,False,False,False,Subscription,Other,1.19,2.38,1.19,ONBOARDING | sachet_cap_5pct_cm,onboarding_sachet|education
6329618104575,T4,D4,D5,23.81,1,30.31,30.31,1,False,False,False,False,Direct / Organic,Other,1.19,2.38,1.19,ONBOARDING | sachet_cap_5pct_cm,onboarding_sachet|education
6424851120383,T4,D4,D5,23.81,1,24.8,24.8,1,False,False,False,False,Subscription,Other,1.19,2.38,1.19,ONBOARDING | sachet_cap_5pct_cm,onboarding_sachet|education
6500262969599,T4,D4,D5,23.81,1,34.8,34.8,1,False,False,False,False,Subscription,Other,1.19,2.38,1.19,ONBOARDING | sachet_cap_5pct_cm,onboarding_sachet|education
6587938668799,T4,D4,D5,23.81,1,23.92,23.92,1,False,False,False,False,Subscription,Other,1.19,2.38,1.19,ONBOARDING | sachet_cap_5pct_cm,onboarding_sachet|education
6601909534975,T4,D4,D5,23.81,1,34.8,34.8,1,False,False,False,False,Subscription,Other,1.19,2.38,1.19,ONBOARDING | sachet_cap_5pct_cm,onboarding_sachet|education
6620081684735,T4,D4,D5,23.81,1,34.8,34.8,1,False,False,False,False,Subscription,Other,1.19,2.38,1.19,ONBOARDING | sachet_cap_5pct_cm,onboarding_sachet|education
7288823283967,T4,D4,D5,23.81,1,34.8,34.8,1,False,False,False,False,Subscription,Other,1.19,2.38,1.19,ONBOARDING | sachet_cap_5pct_cm,onboarding_sachet|education
7309858963711,T4,D4,D5,23.81,1,25.83,25.83,1,False,False,False,False,Subscription,Other,1.19,2.38,1.19,ONBOARDING | sachet_cap_5pct_cm,onboarding_sachet|education
7476813496575,T4,D4,D5,23.81,1,20.93,20.93,1,False,False,False,False,Subscription,Other,1.19,2.38,1.19,ONBOARDING | sachet_cap_5pct_cm,onboarding_sachet|education
7519522029823,T4,D4,D5,23.81,1,25.83,25.83,1,False,False,False,False,Subscription,Other,1.19,2.38,1.19,ONBOARDING | sachet_cap_5pct_cm,onboarding_sachet|education
7572073185535,T4,D4,D5,23.81,1,30.31,30.31,1,False,False,False,False,Subscription,Other,1.19,2.38,1.19,ONBOARDING | sachet_cap_5pct_cm,onboarding_sachet|education
7834599522559,T4,D4,D3,23.81,1,34.8,34.8,1,False,False,False,False,Direct / Organic,Other,1.19,2.38,1.19,ONBOARDING | sachet_cap_5pct_cm,onboarding_sachet|education
7898763755775,T4,D4,D3,23.81,1,29.9,29.9,1,False,False,False,False,Direct / Organic,Other,1.19,2.38,1.19,ONBOARDING | sachet_cap_5pct_cm,onboarding_sachet|education
8080070476031,T4,D4,D3,23.81,1,34.9,34.9,1,False,False,False,False,Direct / Organic,Other,1.19,2.38,1.19,ONBOARDING | sachet_cap_5pct_cm,onboarding_sachet|education
8371382780159,T4,D4,D2,23.81,1,29.9,29.9,1,False,False,False,False,Direct / Organic,Other,1.19,2.38,1.19,ONBOARDING | sachet_cap_5pct_cm,onboarding_sachet|education
8479778144511,T4,D4,D2,23.81,1,31.91,31.91,1,False,False,False,False,Direct / Organic,Other,1.19,2.38,1.19,ONBOARDING | sachet_cap_5pct_cm,onboarding_sachet|education
8637321609471,T4,D4,D2,23.81,1,32.52,32.52,1,False,False,False,False,Direct / Organic,Other,1.19,2.38,1.19,ONBOARDING | sachet_cap_5pct_cm,onboarding_sachet|education
7755966611711,T4,D4,D5,23.73,1,21.19,21.19,1,False,False,False,False,Direct / Organic,Soy Protein,1.19,2.37,1.19,ONBOARDING | sachet_cap_5pct_cm,onboarding_sachet|education
7756319424767,T4,D4,D4,23.73,1,33.0,33.0,1,False,False,False,False,Direct / Organic,Soy Protein,1.19,2.37,1.19,ONBOARDING | sachet_cap_5pct_cm,onboarding_sachet|education
7756328501503,T4,D4,D4,23.73,1,28.46,28.46,1,False,False,False,False,Direct / Organic,Soy Protein,1.19,2.37,1.19,ONBOARDING | sachet_cap_5pct_cm,onboarding_sachet|education
7756358713599,T4,D4,D4,23.73,1,33.0,33.0,1,False,False,False,False,Direct / Organic,Soy Protein,1.19,2.37,1.19,ONBOARDING | sachet_cap_5pct_cm,onboarding_sachet|education
7756381290751,T4,D4,D4,23.73,1,29.06,29.06,1,False,False,False,False,Direct / Organic,Soy Protein,1.19,2.37,1.19,ONBOARDING | sachet_cap_5pct_cm,onboarding_sachet|education
7756382208255,T4,D4,D4,23.73,1,29.97,29.97,1,False,False,False,False,Direct / Organic,Soy Protein,1.19,2.37,1.19,ONBOARDING | sachet_cap_5pct_cm,onboarding_sachet|education
7756383420671,T4,D4,D4,23.73,1,33.0,33.0,1,False,False,False,False,Direct / Organic,Soy Protein,1.19,2.37,1.19,ONBOARDING | sachet_cap_5pct_cm,onboarding_sachet|education
7756399739135,T4,D4,D4,23.73,1,29.97,29.97,1,False,False,False,False,Direct / Organic,Soy Protein,1.19,2.37,1.19,ONBOARDING | sachet_cap_5pct_cm,onboarding_sachet|education
7756405932287,T4,D4,D4,23.73,1,33.0,33.0,1,False,False,False,False,Direct / Organic,Soy Protein,1.19,2.37,1.19,ONBOARDING | sachet_cap_5pct_cm,onboarding_sachet|education
7756426838271,T4,D4,D4,23.73,1,33.0,33.0,1,False,False,False,False,Direct / Organic,Soy Protein,1.19,2.37,1.19,ONBOARDING | sachet_cap_5pct_cm,onboarding_sachet|education
7756436046079,T4,D4,D4,23.73,1,33.0,33.0,1,False,False,False,False,Direct / Organic,Soy Protein,1.19,2.37,1.19,ONBOARDING | sachet_cap_5pct_cm,onboarding_sachet|education
7756437192959,T4,D4,D4,23.73,1,33.0,33.0,1,False,False,False,False,Direct / Organic,Soy Protein,1.19,2.37,1.19,ONBOARDING | sachet_cap_5pct_cm,onboarding_sachet|education
7756457574655,T4,D4,D4,23.73,1,28.46,28.46,1,False,False,False,False,Direct / Organic,Soy Protein,1.19,2.37,1.19,ONBOARDING | sachet_cap_5pct_cm,onboarding_sachet|education
7756459933951,T4,D4,D4,23.73,1,33.0,33.0,1,False,False,False,False,Direct / Organic,Soy Protein,1.19,2.37,1.19,ONBOARDING | sachet_cap_5pct_cm,onboarding_sachet|education
7756462031103,T4,D4,D4,23.73,1,33.0,33.0,1,False,False,False,False,Direct / Organic,Soy Protein,1.19,2.37,1.19,ONBOARDING | sachet_cap_5pct_cm,onboarding_sachet|education
7756462260479,T4,D4,D4,23.73,1,33.0,33.0,1,False,False,False,False,Direct / Organic,Soy Protein,1.19,2.37,1.19,ONBOARDING | sachet_cap_5pct_cm,onboarding_sachet|education
7756470419711,T4,D4,D4,23.73,1,33.0,33.0,1,False,False,False,False,Direct / Organic,Soy Protein,1.19,2.37,1.19,ONBOARDING | sachet_cap_5pct_cm,onboarding_sachet|education
7845555437823,T4,D4,D3,23.68,1,32.94,32.94,1,False,False,False,False,Direct / Organic,Soy Protein,1.18,2.37,1.18,ONBOARDING | sachet_cap_5pct_cm,onboarding_sachet|education
7933028401407,T4,D4,D3,23.68,1,32.94,32.94,1,False,False,False,False,Direct / Organic,Soy Protein,1.18,2.37,1.18,ONBOARDING | sachet_cap_5pct_cm,onboarding_sachet|education
7932520530175,T4,D4,D3,23.67,1,32.93,32.93,1,False,False,False,False,Direct / Organic,Soy Protein,1.18,2.37,1.18,ONBOARDING | sachet_cap_5pct_cm,onboarding_sachet|education
6765619511551,T4,D4,D5,23.66,1,64.74,64.74,1,False,False,False,False,Subscription,Other,1.18,2.37,1.18,ONBOARDING | sachet_cap_5pct_cm,onboarding_sachet|education
7756428083455,T4,D4,D4,23.6,1,33.58,33.58,1,False,False,False,False,Direct / Organic,Lean Protein,1.18,2.36,1.18,ONBOARDING | sachet_cap_5pct_cm,onboarding_sachet|education
7756464390399,T4,D4,D4,23.6,1,29.95,29.95,1,False,False,False,False,Direct / Organic,Other,1.18,2.36,1.18,ONBOARDING | sachet_cap_5pct_cm,onboarding_sachet|education
7756487590143,T4,D4,D4,23.6,1,39.03,39.03,1,False,False,False,False,Direct / Organic,Other,1.18,2.36,1.18,ONBOARDING | sachet_cap_5pct_cm,onboarding_sachet|education
7756031983871,T2,D4,D1,23.58,2,61.68,30.84,1,False,False,True,False,Direct / Organic,Unknown,1.18,2.36,2.36,SUBSCRIBE_AND_SAVE | bundle_offers | no_blanket_10pct,subscribe_discount|bundle|category_sample
7308632424703,T4,D4,D5,23.55,1,25.83,25.83,1,False,False,False,False,Subscription,Other,1.18,2.36,1.18,ONBOARDING | sachet_cap_5pct_cm,onboarding_sachet|education
7476502855935,T4,D4,D5,23.55,1,20.93,20.93,1,False,False,False,False,Subscription,Other,1.18,2.36,1.18,ONBOARDING | sachet_cap_5pct_cm,onboarding_sachet|education
8041270116607,T4,D4,D3,23.55,1,29.9,29.9,1,False,False,False,False,Direct / Organic,Other,1.18,2.36,1.18,ONBOARDING | sachet_cap_5pct_cm,onboarding_sachet|education
8116779909375,T4,D4,D3,23.55,1,31.91,31.91,1,False,False,False,False,Affiliate,Other,1.18,2.36,1.18,ONBOARDING | sachet_cap_5pct_cm,onboarding_sachet|education
8416204783871,T4,D4,D2,23.49,1,30.66,30.66,1,False,False,False,False,Direct / Organic,Other,1.17,2.35,1.17,ONBOARDING | sachet_cap_5pct_cm,onboarding_sachet|education
8358775849215,T4,D4,D3,23.18,1,31.67,31.67,2,False,False,False,False,Direct / Organic,Lean Protein,1.16,2.32,1.16,ONBOARDING | sachet_cap_5pct_cm,onboarding_sachet|education
8736424231167,T4,D4,D2,23.18,1,31.64,31.64,2,False,False,False,False,Direct / Organic,Accessories,1.16,2.32,1.16,ONBOARDING | sachet_cap_5pct_cm,onboarding_sachet|education
6327406264575,T4,D4,D5,23.16,1,30.31,30.31,1,False,False,False,False,Subscription,Other,1.16,2.32,1.16,ONBOARDING | sachet_cap_5pct_cm,onboarding_sachet|education
6624124797183,T4,D4,D5,23.16,1,30.31,30.31,1,False,False,False,False,Subscription,Other,1.16,2.32,1.16,ONBOARDING | sachet_cap_5pct_cm,onboarding_sachet|education
7475354009855,T4,D4,D5,23.16,1,29.9,29.9,1,False,False,False,False,Subscription,Other,1.16,2.32,1.16,ONBOARDING | sachet_cap_5pct_cm,onboarding_sachet|education
7476886798591,T4,D4,D5,23.16,1,20.93,20.93,1,False,False,False,False,Subscription,Other,1.16,2.32,1.16,ONBOARDING | sachet_cap_5pct_cm,onboarding_sachet|education
7582195941631,T4,D4,D5,23.16,1,30.31,30.31,1,False,False,False,False,Subscription,Other,1.16,2.32,1.16,ONBOARDING | sachet_cap_5pct_cm,onboarding_sachet|education
7975485112575,T4,D4,D3,23.16,1,29.9,29.9,1,False,False,False,False,Direct / Organic,Other,1.16,2.32,1.16,ONBOARDING | sachet_cap_5pct_cm,onboarding_sachet|education
8060725330175,T4,D4,D3,23.16,1,29.9,29.9,1,False,False,False,False,Direct / Organic,Other,1.16,2.32,1.16,ONBOARDING | sachet_cap_5pct_cm,onboarding_sachet|education
8476522742015,T4,D4,D2,23.16,1,31.91,31.91,1,False,False,False,False,Email,Other,1.16,2.32,1.16,ONBOARDING | sachet_cap_5pct_cm,onboarding_sachet|education
8361322807551,T4,D4,D3,22.99,1,46.25,46.25,2,False,False,False,False,Direct / Organic,Clear Protein,1.15,2.3,1.15,ONBOARDING | sachet_cap_5pct_cm,onboarding_sachet|education
6336672530687,T4,D4,D5,22.96,1,62.29,62.29,1,False,False,False,False,Subscription,Unknown,1.15,2.3,1.15,ONBOARDING | sachet_cap_5pct_cm,onboarding_sachet|education
7829346124031,T4,D4,D3,22.91,1,57.27,57.27,1,False,False,False,False,Direct / Organic,Unknown,1.15,2.29,1.15,ONBOARDING | sachet_cap_5pct_cm,onboarding_sachet|education
7755996397823,T3,D4,D2,22.89,2,49.7,24.85,1,False,False,False,False,Direct / Organic,Unknown,1.14,2.29,1.14,CROSS_SELL_SAMPLE | category_incentive,cross_category_sachet|second_order_incentive
8244481065215,T2,D4,D1,22.88,2,29.8,14.9,3,False,False,True,False,Paid Social,Accessories,1.14,2.29,2.29,SUBSCRIBE_AND_SAVE | bundle_offers | no_blanket_10pct,subscribe_discount|bundle|category_sample
8310636970239,T2,D4,D1,22.88,2,29.8,14.9,3,False,False,True,False,Direct / Organic,Accessories,1.14,2.29,2.29,SUBSCRIBE_AND_SAVE | bundle_offers | no_blanket_10pct,subscribe_discount|bundle|category_sample
7756033589503,T4,D4,D4,22.85,1,57.12,57.12,1,False,False,False,False,Direct / Organic,Unknown,1.14,2.28,1.14,ONBOARDING | sachet_cap_5pct_cm,onboarding_sachet|education
7756019368191,T4,D4,D4,22.84,1,59.82,59.82,1,False,False,False,False,Direct / Organic,Unknown,1.14,2.28,1.14,ONBOARDING | sachet_cap_5pct_cm,onboarding_sachet|education
8314033406207,T4,D4,D3,22.8,1,31.63,31.63,1,False,False,False,False,Paid Social,Other,1.14,2.28,1.14,ONBOARDING | sachet_cap_5pct_cm,onboarding_sachet|education
6327713792255,T4,D4,D5,22.8,1,56.99,56.99,1,False,False,False,False,Subscription,Unknown,1.14,2.28,1.14,ONBOARDING | sachet_cap_5pct_cm,onboarding_sachet|education
6423602856191,T4,D4,D5,22.8,1,56.99,56.99,1,False,False,False,False,Subscription,Unknown,1.14,2.28,1.14,ONBOARDING | sachet_cap_5pct_cm,onboarding_sachet|education
8260871454975,T4,D4,D3,22.78,1,28.87,28.87,1,False,False,False,False,Direct / Organic,Other,1.14,2.28,1.14,ONBOARDING | sachet_cap_5pct_cm,onboarding_sachet|education
6423463756031,T3,D4,D2,22.73,2,66.62,33.31,1,False,False,False,False,Subscription,Unknown,1.14,2.27,1.14,CROSS_SELL_SAMPLE | category_incentive,cross_category_sachet|second_order_incentive
7250974277887,T4,D4,D5,22.72,1,33.8,33.8,2,False,False,False,False,Direct / Organic,Lean Protein,1.14,2.27,1.14,ONBOARDING | sachet_cap_5pct_cm,onboarding_sachet|education
7756038701311,T4,D4,D4,22.69,1,59.45,59.45,1,True,False,False,False,Direct / Organic,Unknown,1.13,2.27,1.13,ONBOARDING | sachet_cap_5pct_cm,onboarding_sachet|education
7756354781439,T2,D4,D1,22.61,2,56.92,28.46,1,True,False,True,False,Subscription,Collagen Glow,1.13,2.26,2.26,SUBSCRIBE_AND_SAVE | bundle_offers | no_blanket_10pct,subscribe_discount|bundle|category_sample
7756359434495,T2,D4,D1,22.61,2,63.59,31.795,1,True,False,True,False,Subscription,Collagen Glow,1.13,2.26,2.26,SUBSCRIBE_AND_SAVE | bundle_offers | no_blanket_10pct,subscribe_discount|bundle|category_sample
6329708675327,T4,D4,D5,22.46,1,61.05,61.05,1,False,False,False,False,Subscription,Unknown,1.12,2.25,1.12,ONBOARDING | sachet_cap_5pct_cm,onboarding_sachet|education
7313633411327,T4,D4,D5,22.41,1,30.53,30.53,2,True,False,False,False,Subscription,Soy Protein,1.12,2.24,1.12,ONBOARDING | sachet_cap_5pct_cm,onboarding_sachet|education
6327624859903,T4,D4,D5,22.4,1,60.9,60.9,1,False,False,False,False,Subscription,Unknown,1.12,2.24,1.12,ONBOARDING | sachet_cap_5pct_cm,onboarding_sachet|education
6336660472063,T4,D4,D5,22.4,1,60.9,60.9,1,False,False,False,False,Subscription,Unknown,1.12,2.24,1.12,ONBOARDING | sachet_cap_5pct_cm,onboarding_sachet|education
6329609191679,T4,D4,D5,22.34,1,60.75,60.75,1,False,False,False,False,Subscription,Unknown,1.12,2.23,1.12,ONBOARDING | sachet_cap_5pct_cm,onboarding_sachet|education
6423598760191,T4,D4,D5,22.34,1,55.85,55.85,1,False,False,False,False,Subscription,Unknown,1.12,2.23,1.12,ONBOARDING | sachet_cap_5pct_cm,onboarding_sachet|education
7970464071935,T2,D4,D1,22.34,2,29.34,14.67,4,True,False,True,False,Paid Social,Unknown,1.12,2.23,2.23,SUBSCRIBE_AND_SAVE | bundle_offers | no_blanket_10pct,subscribe_discount|bundle|category_sample
6423590371583,T4,D4,D5,22.24,1,60.49,60.49,1,False,False,False,False,Subscription,Unknown,1.11,2.22,1.11,ONBOARDING | sachet_cap_5pct_cm,onboarding_sachet|education
8307071779071,T4,D4,D3,22.19,1,39.24,39.24,1,False,False,False,False,Direct / Organic,Other,1.11,2.22,1.11,ONBOARDING | sachet_cap_5pct_cm,onboarding_sachet|education
7756429426943,T4,D4,D4,22.1,1,37.83,37.83,3,True,False,False,False,Subscription,Unknown,1.11,2.21,1.11,ONBOARDING | sachet_cap_5pct_cm,onboarding_sachet|education
6824946204927,T4,D4,D5,22.02,1,48.02,48.02,1,False,False,False,False,Subscription,Other,1.1,2.2,1.1,ONBOARDING | sachet_cap_5pct_cm,onboarding_sachet|education
6329849872639,T4,D4,D5,21.98,1,59.85,59.85,1,False,False,False,False,Subscription,Unknown,1.1,2.2,1.1,ONBOARDING | sachet_cap_5pct_cm,onboarding_sachet|education
7829347598591,T4,D4,D3,21.82,1,54.55,54.55,1,False,False,False,False,Direct / Organic,Unknown,1.09,2.18,1.09,ONBOARDING | sachet_cap_5pct_cm,onboarding_sachet|education
6532458578175,T4,D4,D5,21.79,1,57.82,57.82,1,False,False,False,False,Direct / Organic,Unknown,1.09,2.18,1.09,ONBOARDING | sachet_cap_5pct_cm,onboarding_sachet|education
6532492591359,T4,D4,D5,21.79,1,57.82,57.82,1,False,False,False,False,Direct / Organic,Unknown,1.09,2.18,1.09,ONBOARDING | sachet_cap_5pct_cm,onboarding_sachet|education
7756006392063,T4,D4,D4,21.79,1,54.49,54.49,1,False,False,False,False,Direct / Organic,Unknown,1.09,2.18,1.09,ONBOARDING | sachet_cap_5pct_cm,onboarding_sachet|education
7756264243455,T4,D4,D4,21.79,1,54.49,54.49,1,False,False,False,False,Direct / Organic,Unknown,1.09,2.18,1.09,ONBOARDING | sachet_cap_5pct_cm,onboarding_sachet|education
7756380864767,T4,D4,D4,21.79,1,54.49,54.49,1,False,False,False,False,Direct / Organic,Unknown,1.09,2.18,1.09,ONBOARDING | sachet_cap_5pct_cm,onboarding_sachet|education
8310376792319,T4,D4,D3,21.77,1,38.94,38.94,1,False,False,False,False,Direct / Organic,Collagen Glow,1.09,2.18,1.09,ONBOARDING | sachet_cap_5pct_cm,onboarding_sachet|education
7756484313343,T4,D4,D4,21.63,1,29.77,29.77,1,False,False,False,False,Direct / Organic,Collagen Glow,1.08,2.16,1.08,ONBOARDING | sachet_cap_5pct_cm,onboarding_sachet|education
7829328363775,T4,D4,D3,21.63,1,38.79,38.79,1,False,False,False,False,Direct / Organic,Collagen Glow,1.08,2.16,1.08,ONBOARDING | sachet_cap_5pct_cm,onboarding_sachet|education
6334080876799,T4,D4,D5,21.6,1,58.89,58.89,1,False,False,False,False,Subscription,Unknown,1.08,2.16,1.08,ONBOARDING | sachet_cap_5pct_cm,onboarding_sachet|education
6329836404991,T4,D4,D5,21.58,1,58.85,58.85,1,False,False,False,False,Subscription,Unknown,1.08,2.16,1.08,ONBOARDING | sachet_cap_5pct_cm,onboarding_sachet|education
6423598072063,T3,D4,D2,21.55,2,53.88,26.94,1,False,False,False,False,Subscription,Unknown,1.08,2.16,1.08,CROSS_SELL_SAMPLE | category_incentive,cross_category_sachet|second_order_incentive
8435432358143,T4,D4,D2,21.53,1,35.5,35.5,1,False,False,False,False,Paid Social,Other,1.08,2.15,1.08,ONBOARDING | sachet_cap_5pct_cm,onboarding_sachet|education
7756430311679,T4,D4,D4,21.51,1,34.81,34.81,1,True,False,False,False,Subscription,Lean Protein,1.08,2.15,1.08,ONBOARDING | sachet_cap_5pct_cm,onboarding_sachet|education
8149517795583,T4,D4,D3,21.46,1,32.64,32.64,2,False,False,False,False,Direct / Organic,Clear Protein,1.07,2.15,1.07,ONBOARDING | sachet_cap_5pct_cm,onboarding_sachet|education
8165462081791,T4,D4,D3,21.36,1,29.03,29.03,3,False,False,False,False,Direct / Organic,Clear Protein,1.07,2.14,1.07,ONBOARDING | sachet_cap_5pct_cm,onboarding_sachet|education
8169265856767,T2,D4,D1,21.36,2,26.7,13.35,3,False,False,True,False,Paid Social,Accessories,1.07,2.14,2.14,SUBSCRIBE_AND_SAVE | bundle_offers | no_blanket_10pct,subscribe_discount|bundle|category_sample
7755989188863,T4,D4,D4,21.33,1,56.06,56.06,1,False,False,False,False,Direct / Organic,Unknown,1.07,2.13,1.07,ONBOARDING | sachet_cap_5pct_cm,onboarding_sachet|education
7755970969855,T4,D4,D4,21.29,1,43.89,43.89,2,False,False,False,False,Direct / Organic,Other,1.06,2.13,1.06,ONBOARDING | sachet_cap_5pct_cm,onboarding_sachet|education
7756158107903,T4,D4,D4,21.2,1,64.35,64.35,3,True,False,False,False,Subscription,Other,1.06,2.12,1.06,ONBOARDING | sachet_cap_5pct_cm,onboarding_sachet|education
7994947797247,T4,D4,D3,21.17,1,29.99,29.99,1,False,False,False,False,Direct / Organic,Other,1.06,2.12,1.06,ONBOARDING | sachet_cap_5pct_cm,onboarding_sachet|education
7756006654207,T4,D4,D4,21.15,1,29.97,29.97,1,False,False,False,False,Direct / Organic,Other,1.06,2.11,1.06,ONBOARDING | sachet_cap_5pct_cm,onboarding_sachet|education
7756262572287,T4,D4,D4,21.15,1,29.97,29.97,1,False,False,False,False,Direct / Organic,Other,1.06,2.11,1.06,ONBOARDING | sachet_cap_5pct_cm,onboarding_sachet|education
7756264079615,T4,D4,D4,21.15,1,21.79,21.79,1,False,False,False,False,Direct / Organic,Other,1.06,2.11,1.06,ONBOARDING | sachet_cap_5pct_cm,onboarding_sachet|education
7756372902143,T4,D4,D4,21.15,1,27.24,27.24,1,False,False,False,False,Direct / Organic,Other,1.06,2.11,1.06,ONBOARDING | sachet_cap_5pct_cm,onboarding_sachet|education
7756375458047,T4,D4,D4,21.15,1,29.97,29.97,1,False,False,False,False,Direct / Organic,Other,1.06,2.11,1.06,ONBOARDING | sachet_cap_5pct_cm,onboarding_sachet|education
7756381880575,T4,D4,D4,21.15,1,26.94,26.94,1,False,False,False,False,Direct / Organic,Other,1.06,2.11,1.06,ONBOARDING | sachet_cap_5pct_cm,onboarding_sachet|education
7756472811775,T4,D4,D4,21.15,1,29.97,29.97,1,False,False,False,False,Direct / Organic,Other,1.06,2.11,1.06,ONBOARDING | sachet_cap_5pct_cm,onboarding_sachet|education
7756035752191,T2,D4,D1,21.11,2,49.61,24.805,2,False,False,True,False,Direct / Organic,Unknown,1.06,2.11,2.11,SUBSCRIBE_AND_SAVE | bundle_offers | no_blanket_10pct,subscribe_discount|bundle|category_sample
7756030083327,T4,D4,D4,21.02,1,55.27,55.27,1,False,False,False,False,Direct / Organic,Unknown,1.05,2.1,1.05,ONBOARDING | sachet_cap_5pct_cm,onboarding_sachet|education
8631633379583,T4,D4,D2,20.97,1,27.78,27.78,1,False,False,False,False,Paid Social,Other,1.05,2.1,1.05,ONBOARDING | sachet_cap_5pct_cm,onboarding_sachet|education
7756034441471,T4,D4,D4,20.95,1,55.1,55.1,1,False,False,False,False,Direct / Organic,Unknown,1.05,2.1,1.05,ONBOARDING | sachet_cap_5pct_cm,onboarding_sachet|education
8151262363903,T4,D4,D3,20.93,1,27.41,27.41,1,False,False,False,False,Direct / Organic,Other,1.05,2.09,1.05,ONBOARDING | sachet_cap_5pct_cm,onboarding_sachet|education
8327398490367,T4,D4,D3,20.93,1,24.9,24.9,1,False,False,False,False,Direct / Organic,Other,1.05,2.09,1.05,ONBOARDING | sachet_cap_5pct_cm,onboarding_sachet|education
8327758708991,T4,D4,D3,20.93,1,24.9,24.9,1,False,False,False,False,Direct / Organic,Other,1.05,2.09,1.05,ONBOARDING | sachet_cap_5pct_cm,onboarding_sachet|education
8335596716287,T4,D4,D3,20.93,1,29.9,29.9,1,False,False,False,False,Direct / Organic,Other,1.05,2.09,1.05,ONBOARDING | sachet_cap_5pct_cm,onboarding_sachet|education
8338447925503,T4,D4,D3,20.93,1,29.9,29.9,1,False,False,False,False,Direct / Organic,Other,1.05,2.09,1.05,ONBOARDING | sachet_cap_5pct_cm,onboarding_sachet|education
8352655606015,T4,D4,D3,20.93,1,29.9,29.9,1,False,False,False,False,Paid Social,Other,1.05,2.09,1.05,ONBOARDING | sachet_cap_5pct_cm,onboarding_sachet|education
8367943876863,T4,D4,D2,20.93,1,27.41,27.41,1,False,False,False,False,Paid Social,Other,1.05,2.09,1.05,ONBOARDING | sachet_cap_5pct_cm,onboarding_sachet|education
8368011804927,T4,D4,D2,20.93,1,29.9,29.9,1,False,False,False,False,Direct / Organic,Other,1.05,2.09,1.05,ONBOARDING | sachet_cap_5pct_cm,onboarding_sachet|education
8368214343935,T4,D4,D2,20.93,1,29.9,29.9,1,False,False,False,False,Paid Social,Other,1.05,2.09,1.05,ONBOARDING | sachet_cap_5pct_cm,onboarding_sachet|education
8369796350207,T4,D4,D2,20.93,1,27.41,27.41,1,False,False,False,False,Direct / Organic,Other,1.05,2.09,1.05,ONBOARDING | sachet_cap_5pct_cm,onboarding_sachet|education
8395236245759,T4,D4,D2,20.93,1,29.9,29.9,1,False,False,False,False,Direct / Organic,Other,1.05,2.09,1.05,ONBOARDING | sachet_cap_5pct_cm,onboarding_sachet|education
8415703793919,T4,D4,D2,20.93,1,29.9,29.9,1,False,False,False,False,Direct / Organic,Other,1.05,2.09,1.05,ONBOARDING | sachet_cap_5pct_cm,onboarding_sachet|education
8422907674879,T4,D4,D2,20.93,1,29.9,29.9,1,False,False,False,False,Paid Social,Other,1.05,2.09,1.05,ONBOARDING | sachet_cap_5pct_cm,onboarding_sachet|education
8426853662975,T4,D4,D2,20.93,1,29.9,29.9,1,False,False,False,False,Direct / Organic,Other,1.05,2.09,1.05,ONBOARDING | sachet_cap_5pct_cm,onboarding_sachet|education
8446000103679,T4,D4,D2,20.93,1,29.9,29.9,1,False,False,False,False,Paid Social,Other,1.05,2.09,1.05,ONBOARDING | sachet_cap_5pct_cm,onboarding_sachet|education
7756477071615,T4,D4,D4,20.93,1,30.53,30.53,2,True,False,False,False,Subscription,Other,1.05,2.09,1.05,ONBOARDING | sachet_cap_5pct_cm,onboarding_sachet|education
7756458033407,T4,D4,D4,20.88,1,26.97,26.97,1,False,False,False,False,Direct / Organic,Unknown,1.04,2.09,1.04,ONBOARDING | sachet_cap_5pct_cm,onboarding_sachet|education
6327517413631,T4,D4,D5,20.88,1,57.09,57.09,1,False,False,False,False,Subscription,Unknown,1.04,2.09,1.04,ONBOARDING | sachet_cap_5pct_cm,onboarding_sachet|education
6327705108735,T4,D4,D5,20.88,1,57.09,57.09,1,False,False,False,False,Subscription,Unknown,1.04,2.09,1.04,ONBOARDING | sachet_cap_5pct_cm,onboarding_sachet|education
8245906768127,T2,D4,D1,20.84,2,32.51,16.255,2,False,False,True,False,Paid Social,Accessories,1.04,2.08,2.08,SUBSCRIBE_AND_SAVE | bundle_offers | no_blanket_10pct,subscribe_discount|bundle|category_sample
8843522703615,T4,D4,D2,20.8,1,36.98,36.98,2,False,False,False,False,Direct / Organic,Other,1.04,2.08,1.04,ONBOARDING | sachet_cap_5pct_cm,onboarding_sachet|education
8283690893567,T4,D4,D3,20.76,1,32.2,32.2,3,False,False,False,False,Direct / Organic,Accessories,1.04,2.08,1.04,ONBOARDING | sachet_cap_5pct_cm,onboarding_sachet|education
7756477235455,T4,D4,D4,20.67,1,36.24,36.24,3,True,False,False,False,Subscription,Other,1.03,2.07,1.03,ONBOARDING | sachet_cap_5pct_cm,onboarding_sachet|education
7900460515583,T4,D4,D3,20.64,1,27.18,27.18,1,True,False,False,False,Subscription,Soy Protein,1.03,2.06,1.03,ONBOARDING | sachet_cap_5pct_cm,onboarding_sachet|education
7756361433343,T4,D4,D4,20.59,1,51.48,51.48,1,False,False,False,False,Direct / Organic,Unknown,1.03,2.06,1.03,ONBOARDING | sachet_cap_5pct_cm,onboarding_sachet|education
7734246506751,T4,D4,D5,20.56,1,26.91,26.91,1,True,False,False,False,Subscription,Other,1.03,2.06,1.03,ONBOARDING | sachet_cap_5pct_cm,onboarding_sachet|education
7903553224959,T4,D4,D3,20.56,1,26.91,26.91,1,True,False,False,False,Subscription,Other,1.03,2.06,1.03,ONBOARDING | sachet_cap_5pct_cm,onboarding_sachet|education
7829470118143,T4,D4,D3,20.53,1,22.46,22.46,1,False,False,False,False,Direct / Organic,Other,1.03,2.05,1.03,ONBOARDING | sachet_cap_5pct_cm,onboarding_sachet|education
7756023169279,T3,D4,D2,20.51,2,51.27,25.635,1,False,False,False,False,Direct / Organic,Unknown,1.03,2.05,1.03,CROSS_SELL_SAMPLE | category_incentive,cross_category_sachet|second_order_incentive
7756009963775,T4,D4,D4,20.5,1,29.97,29.97,1,False,False,False,False,Direct / Organic,Other,1.03,2.05,1.03,ONBOARDING | sachet_cap_5pct_cm,onboarding_sachet|education
7756363432191,T4,D4,D4,20.5,1,29.97,29.97,1,False,False,False,False,Direct / Organic,Other,1.03,2.05,1.03,ONBOARDING | sachet_cap_5pct_cm,onboarding_sachet|education
7756465078527,T4,D4,D4,20.5,1,27.24,27.24,1,False,False,False,False,Direct / Organic,Other,1.03,2.05,1.03,ONBOARDING | sachet_cap_5pct_cm,onboarding_sachet|education
7829327347967,T4,D4,D3,20.5,1,29.97,29.97,1,False,False,False,False,Direct / Organic,Other,1.03,2.05,1.03,ONBOARDING | sachet_cap_5pct_cm,onboarding_sachet|education
7756045353215,T2,D4,D1,20.42,2,51.05,25.525,1,False,False,True,False,Direct / Organic,Unknown,1.02,2.04,2.04,SUBSCRIBE_AND_SAVE | bundle_offers | no_blanket_10pct,subscribe_discount|bundle|category_sample
6327693345023,T4,D4,D5,20.4,1,55.89,55.89,1,False,False,False,False,Subscription,Unknown,1.02,2.04,1.02,ONBOARDING | sachet_cap_5pct_cm,onboarding_sachet|education
6423610458367,T4,D4,D5,20.38,1,55.85,55.85,1,False,False,False,False,Subscription,Unknown,1.02,2.04,1.02,ONBOARDING | sachet_cap_5pct_cm,onboarding_sachet|education
6329620398335,T4,D4,D5,20.34,1,55.74,55.74,1,True,False,False,False,Subscription,Unknown,1.02,2.03,1.02,ONBOARDING | sachet_cap_5pct_cm,onboarding_sachet|education
7756003410175,T3,D4,D2,20.3,2,53.48,26.74,1,False,False,False,False,Direct / Organic,Unknown,1.02,2.03,1.02,CROSS_SELL_SAMPLE | category_incentive,cross_category_sachet|second_order_incentive
6423606493439,T4,D4,D5,20.28,1,55.6,55.6,1,False,False,False,False,Subscription,Unknown,1.01,2.03,1.01,ONBOARDING | sachet_cap_5pct_cm,onboarding_sachet|education
6329605193983,T3,D4,D2,20.16,2,55.29,27.645,1,False,False,False,False,Subscription,Unknown,1.01,2.02,1.01,CROSS_SELL_SAMPLE | category_incentive,cross_category_sachet|second_order_incentive
7756352159999,T4,D4,D4,20.09,1,41.19,41.19,1,True,False,False,False,Subscription,Other,1.0,2.01,1.0,ONBOARDING | sachet_cap_5pct_cm,onboarding_sachet|education
7756357959935,T4,D4,D4,20.09,1,43.92,43.92,1,True,False,False,False,Subscription,Other,1.0,2.01,1.0,ONBOARDING | sachet_cap_5pct_cm,onboarding_sachet|education
6423598989567,T4,D4,D5,20.0,1,54.9,54.9,1,False,False,False,False,Subscription,Unknown,1.0,2.0,1.0,ONBOARDING | sachet_cap_5pct_cm,onboarding_sachet|education
7756463276287,T2,D4,D1,19.97,2,32.67,16.335,1,True,False,True,False,Subscription,Other,1.0,2.0,2.0,SUBSCRIBE_AND_SAVE | bundle_offers | no_blanket_10pct,subscribe_discount|bundle|category_sample
8164858659071,T4,D4,D3,19.84,1,21.24,21.24,2,False,False,False,False,Direct / Organic,Clear Protein,0.99,1.98,0.99,ONBOARDING | sachet_cap_5pct_cm,onboarding_sachet|education
8167011713279,T4,D4,D3,19.84,1,28.6,28.6,2,False,False,False,False,Direct / Organic,Clear Protein,0.99,1.98,0.99,ONBOARDING | sachet_cap_5pct_cm,onboarding_sachet|education
8799773950207,T4,D4,D2,19.84,1,28.6,28.6,2,False,False,False,False,Direct / Organic,Lean Protein,0.99,1.98,0.99,ONBOARDING | sachet_cap_5pct_cm,onboarding_sachet|education
8813208535295,T4,D4,D2,19.84,1,28.6,28.6,2,False,False,False,False,Direct / Organic,Lean Protein,0.99,1.98,0.99,ONBOARDING | sachet_cap_5pct_cm,onboarding_sachet|education
8828205400319,T4,D4,D2,19.84,1,28.6,28.6,2,False,False,False,False,Direct / Organic,Clear Protein,0.99,1.98,0.99,ONBOARDING | sachet_cap_5pct_cm,onboarding_sachet|education
6327524557055,T4,D4,D5,19.8,1,54.39,54.39,1,False,False,False,False,Subscription,Unknown,0.99,1.98,0.99,ONBOARDING | sachet_cap_5pct_cm,onboarding_sachet|education
6328253186303,T4,D4,D5,19.8,1,54.39,54.39,1,False,False,False,False,Subscription,Unknown,0.99,1.98,0.99,ONBOARDING | sachet_cap_5pct_cm,onboarding_sachet|education
6329830015231,T4,D4,D5,19.8,1,54.39,54.39,1,False,False,False,False,Subscription,Unknown,0.99,1.98,0.99,ONBOARDING | sachet_cap_5pct_cm,onboarding_sachet|education
7756385386751,T4,D4,D4,19.62,1,33.46,33.46,2,True,False,False,False,Subscription,Other,0.98,1.96,0.98,ONBOARDING | sachet_cap_5pct_cm,onboarding_sachet|education
6327694459135,T3,D4,D2,19.6,2,49.0,24.5,1,False,False,False,False,Subscription,Unknown,0.98,1.96,0.98,CROSS_SELL_SAMPLE | category_incentive,cross_category_sachet|second_order_incentive
6423599546623,T4,D4,D5,19.6,1,48.99,48.99,1,False,False,False,False,Subscription,Unknown,0.98,1.96,0.98,ONBOARDING | sachet_cap_5pct_cm,onboarding_sachet|education
6329849905407,T4,D4,D5,19.58,1,53.84,53.84,1,False,False,False,False,Subscription,Unknown,0.98,1.96,0.98,ONBOARDING | sachet_cap_5pct_cm,onboarding_sachet|education
6423603380479,T4,D4,D5,19.58,1,53.84,53.84,1,False,False,False,False,Subscription,Unknown,0.98,1.96,0.98,ONBOARDING | sachet_cap_5pct_cm,onboarding_sachet|education
6423604691199,T4,D4,D5,19.58,1,53.84,53.84,1,False,False,False,False,Subscription,Unknown,0.98,1.96,0.98,ONBOARDING | sachet_cap_5pct_cm,onboarding_sachet|education
6327799841023,T4,D4,D5,19.57,1,61.77,61.77,1,True,False,False,False,Subscription,Unknown,0.98,1.96,0.98,ONBOARDING | sachet_cap_5pct_cm,onboarding_sachet|education
7756029362431,T4,D4,D4,19.56,1,51.64,51.64,1,False,False,False,False,Direct / Organic,Unknown,0.98,1.96,0.98,ONBOARDING | sachet_cap_5pct_cm,onboarding_sachet|education
8051908051199,T4,D4,D3,19.4,1,28.6,28.6,1,False,False,False,False,Direct / Organic,Clear Protein,0.97,1.94,0.97,ONBOARDING | sachet_cap_5pct_cm,onboarding_sachet|education
8096555991295,T4,D4,D3,19.4,1,28.6,28.6,1,False,False,False,False,Direct / Organic,Clear Protein,0.97,1.94,0.97,ONBOARDING | sachet_cap_5pct_cm,onboarding_sachet|education
8781174669567,T4,D4,D2,19.4,1,26.24,26.24,1,False,False,False,False,Direct / Organic,Clear Protein,0.97,1.94,0.97,ONBOARDING | sachet_cap_5pct_cm,onboarding_sachet|education
8875227775231,T4,D4,D2,19.4,1,28.6,28.6,1,False,False,False,False,Direct / Organic,Clear Protein,0.97,1.94,0.97,ONBOARDING | sachet_cap_5pct_cm,onboarding_sachet|education
7756007440639,T4,D4,D4,19.38,1,51.18,51.18,1,False,False,False,False,Direct / Organic,Unknown,0.97,1.94,0.97,ONBOARDING | sachet_cap_5pct_cm,onboarding_sachet|education
6336741933311,T4,D4,D5,19.36,1,48.4,48.4,1,False,False,False,False,Subscription,Unknown,0.97,1.94,0.97,ONBOARDING | sachet_cap_5pct_cm,onboarding_sachet|education
6630248251647,T4,D4,D5,19.33,1,22.87,22.87,1,True,False,False,False,Subscription,Other,0.97,1.93,0.97,ONBOARDING | sachet_cap_5pct_cm,onboarding_sachet|education
7756002033919,T3,D4,D2,19.27,2,60.3,30.15,1,False,False,False,False,Direct / Organic,Unknown,0.96,1.93,0.96,CROSS_SELL_SAMPLE | category_incentive,cross_category_sachet|second_order_incentive
7756360319231,T2,D4,D1,19.25,2,54.86,27.43,1,True,False,True,False,Subscription,Other,0.96,1.92,1.92,SUBSCRIBE_AND_SAVE | bundle_offers | no_blanket_10pct,subscribe_discount|bundle|category_sample
8175628845311,T2,D4,D1,19.23,2,30.94,15.47,1,False,False,True,False,Direct / Organic,Other,0.96,1.92,1.92,SUBSCRIBE_AND_SAVE | bundle_offers | no_blanket_10pct,subscribe_discount|bundle|category_sample
6327553655039,T4,D4,D5,19.2,1,52.89,52.89,1,False,False,False,False,Subscription,Unknown,0.96,1.92,0.96,ONBOARDING | sachet_cap_5pct_cm,onboarding_sachet|education
6329607586047,T4,D4,D5,19.2,1,52.89,52.89,1,False,False,False,False,Subscription,Unknown,0.96,1.92,0.96,ONBOARDING | sachet_cap_5pct_cm,onboarding_sachet|education
7756362055935,T4,D4,D4,19.18,1,54.22,54.22,1,True,False,False,False,Subscription,Unknown,0.96,1.92,0.96,ONBOARDING | sachet_cap_5pct_cm,onboarding_sachet|education
7310189592831,T4,D4,D5,19.17,1,26.17,26.17,2,False,False,False,False,Subscription,Lean Protein,0.96,1.92,0.96,ONBOARDING | sachet_cap_5pct_cm,onboarding_sachet|education
6327737909503,T4,D4,D5,19.07,1,20.33,20.33,1,True,False,False,False,Subscription,Other,0.95,1.91,0.95,ONBOARDING | sachet_cap_5pct_cm,onboarding_sachet|education
7060628177151,T4,D4,D5,19.07,1,22.87,22.87,1,True,False,False,False,Subscription,Other,0.95,1.91,0.95,ONBOARDING | sachet_cap_5pct_cm,onboarding_sachet|education
7317310079231,T4,D4,D5,19.07,1,25.42,25.42,1,True,False,False,False,Subscription,Other,0.95,1.91,0.95,ONBOARDING | sachet_cap_5pct_cm,onboarding_sachet|education
7756030116095,T4,D4,D4,19.07,1,47.67,47.67,1,False,False,False,False,Direct / Organic,Unknown,0.95,1.91,0.95,ONBOARDING | sachet_cap_5pct_cm,onboarding_sachet|education
7755934007551,T4,D4,D5,19.04,1,50.32,50.32,1,False,False,False,False,Direct / Organic,Unknown,0.95,1.9,0.95,ONBOARDING | sachet_cap_5pct_cm,onboarding_sachet|education
7755941904639,T4,D4,D5,18.91,1,47.28,47.28,1,False,False,False,False,Direct / Organic,Unknown,0.95,1.89,0.95,ONBOARDING | sachet_cap_5pct_cm,onboarding_sachet|education
7755998101759,T4,D4,D4,18.91,1,50.0,50.0,1,False,False,False,False,Direct / Organic,Unknown,0.95,1.89,0.95,ONBOARDING | sachet_cap_5pct_cm,onboarding_sachet|education
7756034900223,T4,D4,D4,18.91,1,50.0,50.0,1,False,False,False,False,Direct / Organic,Unknown,0.95,1.89,0.95,ONBOARDING | sachet_cap_5pct_cm,onboarding_sachet|education
7756008325375,T4,D4,D4,18.89,1,47.23,47.23,1,False,False,False,False,Direct / Organic,Unknown,0.94,1.89,0.94,ONBOARDING | sachet_cap_5pct_cm,onboarding_sachet|education
7012883824895,T4,D4,D5,18.8,1,40.81,40.81,1,False,False,False,False,Subscription,Other,0.94,1.88,0.94,ONBOARDING | sachet_cap_5pct_cm,onboarding_sachet|education
7099485159679,T4,D4,D5,18.8,1,38.81,38.81,1,False,False,False,False,Subscription,Other,0.94,1.88,0.94,ONBOARDING | sachet_cap_5pct_cm,onboarding_sachet|education
8830297178367,T4,D4,D2,18.78,1,28.18,28.18,2,False,False,False,False,Direct / Organic,Accessories,0.94,1.88,0.94,ONBOARDING | sachet_cap_5pct_cm,onboarding_sachet|education
7756015567103,T3,D4,D2,18.76,2,46.91,23.455,1,False,False,False,False,Direct / Organic,Unknown,0.94,1.88,0.94,CROSS_SELL_SAMPLE | category_incentive,cross_category_sachet|second_order_incentive
8474571571455,T4,D4,D2,18.75,1,19.47,19.47,1,False,False,False,False,Direct / Organic,Lean Protein,0.94,1.88,0.94,ONBOARDING | sachet_cap_5pct_cm,onboarding_sachet|education
8474580877567,T4,D4,D2,18.75,1,19.47,19.47,1,False,False,False,False,Direct / Organic,Lean Protein,0.94,1.88,0.94,ONBOARDING | sachet_cap_5pct_cm,onboarding_sachet|education
8483187949823,T4,D4,D2,18.75,1,19.47,19.47,1,False,False,False,False,Direct / Organic,Lean Protein,0.94,1.88,0.94,ONBOARDING | sachet_cap_5pct_cm,onboarding_sachet|education
8488216822015,T4,D4,D2,18.75,1,20.61,20.61,1,False,False,False,False,Direct / Organic,Lean Protein,0.94,1.88,0.94,ONBOARDING | sachet_cap_5pct_cm,onboarding_sachet|education
8761437946111,T4,D4,D2,18.75,1,19.47,19.47,1,False,False,False,False,Direct / Organic,Lean Protein,0.94,1.88,0.94,ONBOARDING | sachet_cap_5pct_cm,onboarding_sachet|education
8762362626303,T4,D4,D2,18.75,1,27.9,27.9,1,False,False,False,False,Direct / Organic,Lean Protein,0.94,1.88,0.94,ONBOARDING | sachet_cap_5pct_cm,onboarding_sachet|education
8809768321279,T4,D4,D2,18.75,1,27.9,27.9,1,False,False,False,False,Paid Social,Lean Protein,0.94,1.88,0.94,ONBOARDING | sachet_cap_5pct_cm,onboarding_sachet|education
6329622954239,T4,D4,D5,18.72,1,51.69,51.69,1,False,False,False,False,Subscription,Unknown,0.94,1.87,0.94,ONBOARDING | sachet_cap_5pct_cm,onboarding_sachet|education
6423592861951,T4,D4,D5,18.62,1,51.44,51.44,1,False,False,False,False,Subscription,Unknown,0.93,1.86,0.93,ONBOARDING | sachet_cap_5pct_cm,onboarding_sachet|education
6328296767743,T4,D4,D5,18.61,1,51.42,51.42,1,False,False,False,False,Subscription,Unknown,0.93,1.86,0.93,ONBOARDING | sachet_cap_5pct_cm,onboarding_sachet|education
8699614593279,T4,D3,D2,61.07,1,84.53,84.53,2,True,False,False,False,Subscription,Clear Protein,3.05,6.11,3.05,ONBOARDING | sachet_cap_5pct_cm,onboarding_sachet|education
8476216754431,T2,D3,D1,61.0,2,74.52,37.26,1,False,False,True,False,Direct / Organic,Lean Protein,3.05,6.1,6.1,SUBSCRIBE_AND_SAVE | bundle_offers | no_blanket_10pct,subscribe_discount|bundle|category_sample
8652582355199,T2,D3,D1,61.0,2,81.81,40.905,1,False,False,True,False,Direct / Organic,Lean Protein,3.05,6.1,6.1,SUBSCRIBE_AND_SAVE | bundle_offers | no_blanket_10pct,subscribe_discount|bundle|category_sample
8794201358591,T4,D3,D2,61.0,1,70.38,70.38,1,False,False,False,False,Direct / Organic,Lean Protein,3.05,6.1,3.05,ONBOARDING | sachet_cap_5pct_cm,onboarding_sachet|education
8811215388927,T4,D3,D2,61.0,1,70.38,70.38,1,False,False,False,False,Direct / Organic,Lean Protein,3.05,6.1,3.05,ONBOARDING | sachet_cap_5pct_cm,onboarding_sachet|education
7755969396991,T3,D3,D2,60.95,2,152.36,76.18,1,False,False,False,False,Direct / Organic,Unknown,3.05,6.1,3.05,CROSS_SELL_SAMPLE | category_incentive,cross_category_sachet|second_order_incentive
7574580756735,T2,D3,D1,60.89,3,80.74,26.91333333333333,2,True,False,True,False,Subscription,Other,3.04,6.09,6.09,SUBSCRIBE_AND_SAVE | bundle_offers | no_blanket_10pct,subscribe_discount|bundle|category_sample
7756035129599,T2,D3,D1,60.84,3,144.9,48.300000000000004,2,False,False,True,False,Direct / Organic,Unknown,3.04,6.08,6.08,SUBSCRIBE_AND_SAVE | bundle_offers | no_blanket_10pct,subscribe_discount|bundle|category_sample
7984595435775,T2,D3,D1,60.81,2,94.4,47.2,1,False,False,True,False,Direct / Organic,Lean Protein,3.04,6.08,6.08,SUBSCRIBE_AND_SAVE | bundle_offers | no_blanket_10pct,subscribe_discount|bundle|category_sample
7755999936767,T4,D3,D4,60.72,1,49.09,49.09,1,False,False,False,False,Direct / Organic,Unknown,3.04,6.07,3.04,ONBOARDING | sachet_cap_5pct_cm,onboarding_sachet|education
7756004819199,T4,D3,D4,60.72,1,51.82,51.82,1,False,False,False,False,Direct / Organic,Other,3.04,6.07,3.04,ONBOARDING | sachet_cap_5pct_cm,onboarding_sachet|education
6545737908479,T4,D3,D5,60.69,1,106.2,106.2,3,False,False,False,False,Subscription,Other,3.03,6.07,3.03,ONBOARDING | sachet_cap_5pct_cm,onboarding_sachet|education
8341024964863,T4,D3,D3,60.57,1,64.9,64.9,2,False,False,False,False,Direct / Organic,Accessories,3.03,6.06,3.03,ONBOARDING | sachet_cap_5pct_cm,onboarding_sachet|education
8349303865599,T4,D3,D3,60.57,1,64.9,64.9,2,False,False,False,False,Direct / Organic,Accessories,3.03,6.06,3.03,ONBOARDING | sachet_cap_5pct_cm,onboarding_sachet|education
8239725478143,T4,D3,D3,60.53,1,85.8,85.8,2,False,False,False,False,Direct / Organic,Lean Protein,3.03,6.05,3.03,ONBOARDING | sachet_cap_5pct_cm,onboarding_sachet|education
7756438995199,T2,D3,D1,60.51,3,110.38,36.79333333333333,2,True,False,True,False,Subscription,Other,3.03,6.05,6.05,SUBSCRIBE_AND_SAVE | bundle_offers | no_blanket_10pct,subscribe_discount|bundle|category_sample
8761596641535,T4,D3,D2,60.49,1,70.38,70.38,1,False,False,False,False,Direct / Organic,Lean Protein,3.02,6.05,3.02,ONBOARDING | sachet_cap_5pct_cm,onboarding_sachet|education
7756415533311,T2,D3,D1,60.43,2,107.53,53.765,2,False,False,True,False,Direct / Organic,Collagen Glow,3.02,6.04,6.04,SUBSCRIBE_AND_SAVE | bundle_offers | no_blanket_10pct,subscribe_discount|bundle|category_sample
7756469633279,T4,D3,D4,60.43,1,76.11,76.11,2,False,False,False,False,Direct / Organic,Collagen Glow,3.02,6.04,3.02,ONBOARDING | sachet_cap_5pct_cm,onboarding_sachet|education
8035787800831,T4,D3,D3,60.38,1,102.58,102.58,1,False,False,False,False,Direct / Organic,Other,3.02,6.04,3.02,ONBOARDING | sachet_cap_5pct_cm,onboarding_sachet|education
7832253006079,T4,D3,D3,60.34,1,85.08,85.08,2,False,False,False,False,Direct / Organic,Other,3.02,6.03,3.02,ONBOARDING | sachet_cap_5pct_cm,onboarding_sachet|education
8033439154431,T4,D3,D3,60.31,1,77.72,77.72,1,False,False,False,False,Direct / Organic,Clear Protein,3.02,6.03,3.02,ONBOARDING | sachet_cap_5pct_cm,onboarding_sachet|education
8870801408255,T4,D3,D2,60.31,1,93.42,93.42,2,False,False,False,False,Paid Social,Lean Protein,3.02,6.03,3.02,ONBOARDING | sachet_cap_5pct_cm,onboarding_sachet|education
7519844368639,T3,D3,D2,60.29,2,76.33,38.165,3,False,False,False,False,Subscription,Clear Protein,3.01,6.03,3.01,CROSS_SELL_SAMPLE | category_incentive,cross_category_sachet|second_order_incentive
7728018129151,T4,D3,D5,60.24,1,63.58,63.58,1,False,False,False,False,Subscription,Unknown,3.01,6.02,3.01,ONBOARDING | sachet_cap_5pct_cm,onboarding_sachet|education
6707767410943,T4,D3,D5,60.23,1,102.43,102.43,1,False,False,False,False,Subscription,Other,3.01,6.02,3.01,ONBOARDING | sachet_cap_5pct_cm,onboarding_sachet|education
7756328009983,T4,D3,D4,60.16,1,105.15,105.15,2,False,False,False,False,Direct / Organic,Accessories,3.01,6.02,3.01,ONBOARDING | sachet_cap_5pct_cm,onboarding_sachet|education
8349264281855,T4,D3,D3,60.06,1,64.9,64.9,2,False,False,False,False,Direct / Organic,Accessories,3.0,6.01,3.0,ONBOARDING | sachet_cap_5pct_cm,onboarding_sachet|education
8370214273279,T4,D3,D2,60.06,1,64.9,64.9,2,False,False,False,False,Direct / Organic,Accessories,3.0,6.01,3.0,ONBOARDING | sachet_cap_5pct_cm,onboarding_sachet|education
8383897141503,T4,D3,D2,60.06,1,64.9,64.9,2,False,False,False,False,Direct / Organic,Accessories,3.0,6.01,3.0,ONBOARDING | sachet_cap_5pct_cm,onboarding_sachet|education
8796982870271,T4,D3,D2,60.06,1,79.8,79.8,2,False,False,False,False,Direct / Organic,Accessories,3.0,6.01,3.0,ONBOARDING | sachet_cap_5pct_cm,onboarding_sachet|education
7755997774079,T4,D3,D4,60.04,1,63.39,63.39,2,False,False,False,False,Direct / Organic,Other,3.0,6.0,3.0,ONBOARDING | sachet_cap_5pct_cm,onboarding_sachet|education
7756466323711,T4,D3,D4,60.04,1,80.29,80.29,2,False,False,False,False,Direct / Organic,Clear Protein,3.0,6.0,3.0,ONBOARDING | sachet_cap_5pct_cm,onboarding_sachet|education
7756279578879,T4,D3,D4,59.91,1,97.53,97.53,1,False,False,False,False,Direct / Organic,Lean Protein,3.0,5.99,3.0,ONBOARDING | sachet_cap_5pct_cm,onboarding_sachet|education
8474714669311,T4,D3,D2,59.9,1,70.38,70.38,2,False,False,False,False,Direct / Organic,Lean Protein,3.0,5.99,3.0,ONBOARDING | sachet_cap_5pct_cm,onboarding_sachet|education
8478334320895,T4,D3,D2,59.9,1,70.38,70.38,2,False,False,False,False,Direct / Organic,Lean Protein,3.0,5.99,3.0,ONBOARDING | sachet_cap_5pct_cm,onboarding_sachet|education
6696211022079,T4,D3,D5,59.64,1,101.84,101.84,1,True,False,False,False,Subscription,Other,2.98,5.96,2.98,ONBOARDING | sachet_cap_5pct_cm,onboarding_sachet|education
6767084306687,T4,D3,D5,59.64,1,101.84,101.84,1,True,False,False,False,Subscription,Other,2.98,5.96,2.98,ONBOARDING | sachet_cap_5pct_cm,onboarding_sachet|education
6796578291967,T3,D3,D2,59.64,2,106.74,53.37,2,True,False,False,False,Subscription,Other,2.98,5.96,2.98,CROSS_SELL_SAMPLE | category_incentive,cross_category_sachet|second_order_incentive
6863957590271,T4,D3,D5,59.64,1,86.37,86.37,2,True,False,False,False,Subscription,Other,2.98,5.96,2.98,ONBOARDING | sachet_cap_5pct_cm,onboarding_sachet|education
7110112608511,T4,D3,D5,59.64,1,101.84,101.84,1,True,False,False,False,Subscription,Other,2.98,5.96,2.98,ONBOARDING | sachet_cap_5pct_cm,onboarding_sachet|education
6328264360191,T4,D3,D5,59.61,1,149.03,149.03,1,False,False,False,False,Subscription,Unknown,2.98,5.96,2.98,ONBOARDING | sachet_cap_5pct_cm,onboarding_sachet|education
8345056280831,T4,D3,D3,59.61,1,71.49,71.49,2,False,False,False,False,Paid Social,Clear Protein,2.98,5.96,2.98,ONBOARDING | sachet_cap_5pct_cm,onboarding_sachet|education
8629778284799,T2,D3,D1,59.44,2,84.35,42.175,2,False,False,True,False,Direct / Organic,Accessories,2.97,5.94,5.94,SUBSCRIBE_AND_SAVE | bundle_offers | no_blanket_10pct,subscribe_discount|bundle|category_sample
8081655464191,T4,D3,D3,59.41,1,79.8,79.8,2,False,False,False,False,Direct / Organic,Lean Protein,2.97,5.94,2.97,ONBOARDING | sachet_cap_5pct_cm,onboarding_sachet|education
6327519084799,T4,D3,D5,59.4,1,91.71,91.71,1,False,False,False,False,Subscription,Other,2.97,5.94,2.97,ONBOARDING | sachet_cap_5pct_cm,onboarding_sachet|education
6423595155711,T3,D3,D2,59.39,2,103.22,51.61,2,False,False,False,False,Subscription,Unknown,2.97,5.94,2.97,CROSS_SELL_SAMPLE | category_incentive,cross_category_sachet|second_order_incentive
6602801479935,T4,D3,D5,59.35,1,79.42,79.42,1,False,False,False,False,Subscription,Other,2.97,5.94,2.97,ONBOARDING | sachet_cap_5pct_cm,onboarding_sachet|education
6327696294143,T4,D3,D5,59.28,1,148.19,148.19,1,False,False,False,False,Subscription,Unknown,2.96,5.93,2.96,ONBOARDING | sachet_cap_5pct_cm,onboarding_sachet|education
6328298209535,T4,D3,D5,59.28,1,148.19,148.19,1,False,False,False,False,Subscription,Unknown,2.96,5.93,2.96,ONBOARDING | sachet_cap_5pct_cm,onboarding_sachet|education
7047726334207,T3,D3,D2,59.26,2,109.7,54.85,2,False,False,False,False,Subscription,Other,2.96,5.93,2.96,CROSS_SELL_SAMPLE | category_incentive,cross_category_sachet|second_order_incentive
8367587492095,T4,D3,D2,59.02,1,92.7,92.7,2,False,False,False,False,Paid Social,Unknown,2.95,5.9,2.95,ONBOARDING | sachet_cap_5pct_cm,onboarding_sachet|education
8880554836223,T4,D3,D2,59.01,1,56.43,56.43,1,False,False,False,False,Direct / Organic,Other,2.95,5.9,2.95,ONBOARDING | sachet_cap_5pct_cm,onboarding_sachet|education
7756425232639,T2,D3,D1,59.0,2,97.36,48.68,2,True,False,True,False,Subscription,Clear Protein,2.95,5.9,5.9,SUBSCRIBE_AND_SAVE | bundle_offers | no_blanket_10pct,subscribe_discount|bundle|category_sample
7756425494783,T4,D3,D4,59.0,1,82.76,82.76,2,True,False,False,False,Subscription,Clear Protein,2.95,5.9,2.95,ONBOARDING | sachet_cap_5pct_cm,onboarding_sachet|education
7756430770431,T2,D3,D1,59.0,2,82.76,41.38,2,True,False,True,False,Subscription,Accessories,2.95,5.9,5.9,SUBSCRIBE_AND_SAVE | bundle_offers | no_blanket_10pct,subscribe_discount|bundle|category_sample
7756434047231,T2,D3,D1,59.0,2,97.36,48.68,2,True,False,True,False,Subscription,Clear Protein,2.95,5.9,5.9,SUBSCRIBE_AND_SAVE | bundle_offers | no_blanket_10pct,subscribe_discount|bundle|category_sample
7756434211071,T2,D3,D1,59.0,2,97.36,48.68,2,True,False,True,False,Subscription,Clear Protein,2.95,5.9,5.9,SUBSCRIBE_AND_SAVE | bundle_offers | no_blanket_10pct,subscribe_discount|bundle|category_sample
7272156496127,T4,D3,D5,58.93,1,75.91,75.91,2,False,False,False,False,Subscription,Accessories,2.95,5.89,2.95,ONBOARDING | sachet_cap_5pct_cm,onboarding_sachet|education
7942104416511,T4,D3,D3,58.91,1,79.71,79.71,3,False,False,False,False,Paid Social,Clear Protein,2.95,5.89,2.95,ONBOARDING | sachet_cap_5pct_cm,onboarding_sachet|education
8006799393023,T4,D3,D3,58.78,1,76.82,76.82,2,False,False,False,False,Direct / Organic,Accessories,2.94,5.88,2.94,ONBOARDING | sachet_cap_5pct_cm,onboarding_sachet|education
6704357310719,T4,D3,D5,58.77,1,113.15,113.15,1,False,False,False,False,Subscription,Other,2.94,5.88,2.94,ONBOARDING | sachet_cap_5pct_cm,onboarding_sachet|education
6974029693183,T4,D3,D5,58.72,1,73.11,73.11,1,False,False,False,False,Subscription,Soy Protein,2.94,5.87,2.94,ONBOARDING | sachet_cap_5pct_cm,onboarding_sachet|education
8106575036671,T4,D3,D3,58.72,1,66.03,66.03,1,False,False,False,False,Direct / Organic,Soy Protein,2.94,5.87,2.94,ONBOARDING | sachet_cap_5pct_cm,onboarding_sachet|education
7755987058943,T2,D3,D1,58.69,3,164.91,54.97,1,False,False,True,False,Direct / Organic,Unknown,2.93,5.87,5.87,SUBSCRIBE_AND_SAVE | bundle_offers | no_blanket_10pct,subscribe_discount|bundle|category_sample
7756015993087,T4,D3,D4,58.69,1,146.73,146.73,1,False,False,False,False,Direct / Organic,Unknown,2.93,5.87,2.93,ONBOARDING | sachet_cap_5pct_cm,onboarding_sachet|education
7756037095679,T4,D3,D4,58.69,1,146.73,146.73,1,False,False,False,False,Direct / Organic,Unknown,2.93,5.87,2.93,ONBOARDING | sachet_cap_5pct_cm,onboarding_sachet|education
7756038111487,T4,D3,D4,58.69,1,146.73,146.73,1,False,False,False,False,Direct / Organic,Unknown,2.93,5.87,2.93,ONBOARDING | sachet_cap_5pct_cm,onboarding_sachet|education
8767016272127,T4,D3,D2,58.51,1,79.62,79.62,3,False,False,False,False,Direct / Organic,Other,2.93,5.85,2.93,ONBOARDING | sachet_cap_5pct_cm,onboarding_sachet|education
8595374997759,T4,D3,D2,58.46,1,72.97,72.97,2,False,False,False,False,Direct / Organic,Accessories,2.92,5.85,2.92,ONBOARDING | sachet_cap_5pct_cm,onboarding_sachet|education
6327398400255,T4,D3,D5,58.43,1,150.97,150.97,1,False,False,False,False,Subscription,Unknown,2.92,5.84,2.92,ONBOARDING | sachet_cap_5pct_cm,onboarding_sachet|education
8452494754047,T4,D3,D2,58.39,1,88.41,88.41,3,False,False,False,False,Direct / Organic,Lean Protein,2.92,5.84,2.92,ONBOARDING | sachet_cap_5pct_cm,onboarding_sachet|education
7756429852927,T4,D3,D4,58.31,1,71.87,71.87,3,False,False,False,False,Direct / Organic,Other,2.92,5.83,2.92,ONBOARDING | sachet_cap_5pct_cm,onboarding_sachet|education
8820452688127,T4,D3,D2,58.29,1,94.1,94.1,1,True,False,False,False,Subscription,Lean Protein,2.91,5.83,2.91,ONBOARDING | sachet_cap_5pct_cm,onboarding_sachet|education
8832823591167,T4,D3,D2,58.23,1,94.04,94.04,1,True,False,False,False,Subscription,Lean Protein,2.91,5.82,2.91,ONBOARDING | sachet_cap_5pct_cm,onboarding_sachet|education
7942456410367,T4,D3,D3,58.1,1,81.29,81.29,2,False,False,False,False,Direct / Organic,Lean Protein,2.9,5.81,2.9,ONBOARDING | sachet_cap_5pct_cm,onboarding_sachet|education
8821455421695,T4,D3,D2,58.09,1,93.9,93.9,1,True,False,False,False,Subscription,Lean Protein,2.9,5.81,2.9,ONBOARDING | sachet_cap_5pct_cm,onboarding_sachet|education
6327655301375,T4,D3,D5,58.07,1,81.48,81.48,2,True,False,False,False,Subscription,Other,2.9,5.81,2.9,ONBOARDING | sachet_cap_5pct_cm,onboarding_sachet|education
6424737513727,T4,D3,D5,58.07,1,101.85,101.85,2,True,False,False,False,Subscription,Other,2.9,5.81,2.9,ONBOARDING | sachet_cap_5pct_cm,onboarding_sachet|education
6671998746879,T3,D3,D2,58.07,2,81.47,40.735,2,True,False,False,False,Subscription,Other,2.9,5.81,2.9,CROSS_SELL_SAMPLE | category_incentive,cross_category_sachet|second_order_incentive
6328310857983,T3,D3,D2,58.06,2,96.55,48.275,2,True,False,False,False,Subscription,Other,2.9,5.81,2.9,CROSS_SELL_SAMPLE | category_incentive,cross_category_sachet|second_order_incentive
6424671617279,T3,D3,D2,58.06,2,101.84,50.92,2,True,False,False,False,Subscription,Other,2.9,5.81,2.9,CROSS_SELL_SAMPLE | category_incentive,cross_category_sachet|second_order_incentive
7038325817599,T4,D3,D5,58.06,1,86.74,86.74,2,True,False,False,False,Subscription,Unknown,2.9,5.81,2.9,ONBOARDING | sachet_cap_5pct_cm,onboarding_sachet|education
8808630419711,T4,D3,D2,58.05,1,83.02,83.02,2,True,False,False,False,Subscription,Clear Protein,2.9,5.8,2.9,ONBOARDING | sachet_cap_5pct_cm,onboarding_sachet|education
8798257447167,T4,D3,D2,57.91,1,94.23,94.23,1,True,False,False,False,Subscription,Lean Protein,2.9,5.79,2.9,ONBOARDING | sachet_cap_5pct_cm,onboarding_sachet|education
8163537879295,T2,D3,D1,57.89,4,85.09,21.2725,1,True,False,True,False,Direct / Organic,Other,2.89,5.79,5.79,SUBSCRIBE_AND_SAVE | bundle_offers | no_blanket_10pct,subscribe_discount|bundle|category_sample
6532502290687,T4,D3,D5,57.84,1,121.09,121.09,3,False,False,False,False,Direct / Organic,Unknown,2.89,5.78,2.89,ONBOARDING | sachet_cap_5pct_cm,onboarding_sachet|education
8839752810751,T2,D3,D1,57.67,2,89.8,44.9,2,False,False,True,False,Direct / Organic,Other,2.88,5.77,5.77,SUBSCRIBE_AND_SAVE | bundle_offers | no_blanket_10pct,subscribe_discount|bundle|category_sample
6481084547327,T4,D3,D5,57.59,1,54.8,54.8,1,False,False,False,False,Subscription,Other,2.88,5.76,2.88,ONBOARDING | sachet_cap_5pct_cm,onboarding_sachet|education
6489009225983,T4,D3,D5,57.59,1,94.8,94.8,1,False,False,False,False,Subscription,Other,2.88,5.76,2.88,ONBOARDING | sachet_cap_5pct_cm,onboarding_sachet|education
6505222308095,T4,D3,D5,57.59,1,81.31,81.31,1,False,False,False,False,Subscription,Other,2.88,5.76,2.88,ONBOARDING | sachet_cap_5pct_cm,onboarding_sachet|education
6609298161919,T4,D3,D5,57.59,1,85.81,85.81,1,False,False,False,False,Subscription,Other,2.88,5.76,2.88,ONBOARDING | sachet_cap_5pct_cm,onboarding_sachet|education
7756006031615,T4,D3,D4,57.5,1,82.04,82.04,2,False,False,False,False,Direct / Organic,Collagen Glow,2.88,5.75,2.88,ONBOARDING | sachet_cap_5pct_cm,onboarding_sachet|education
7756446138623,T4,D3,D4,57.48,1,67.45,67.45,1,False,False,False,False,Direct / Organic,Lean Protein,2.87,5.75,2.87,ONBOARDING | sachet_cap_5pct_cm,onboarding_sachet|education
7756450529535,T4,D3,D4,57.48,1,91.55,91.55,1,False,False,False,False,Direct / Organic,Lean Protein,2.87,5.75,2.87,ONBOARDING | sachet_cap_5pct_cm,onboarding_sachet|education
7756469534975,T4,D3,D4,57.48,1,91.55,91.55,1,False,False,False,False,Direct / Organic,Lean Protein,2.87,5.75,2.87,ONBOARDING | sachet_cap_5pct_cm,onboarding_sachet|education
8110426095871,T2,D3,D1,57.37,2,76.55,38.275,1,False,False,True,False,Direct / Organic,Lean Protein,2.87,5.74,5.74,SUBSCRIBE_AND_SAVE | bundle_offers | no_blanket_10pct,subscribe_discount|bundle|category_sample
6327788863743,T4,D3,D5,57.33,1,143.32,143.32,1,False,False,False,False,Subscription,Unknown,2.87,5.73,2.87,ONBOARDING | sachet_cap_5pct_cm,onboarding_sachet|education
7957664694527,T2,D3,D1,57.27,2,83.9,41.95,3,False,False,True,False,Paid Social,Unknown,2.86,5.73,5.73,SUBSCRIBE_AND_SAVE | bundle_offers | no_blanket_10pct,subscribe_discount|bundle|category_sample
8084358234367,T2,D3,D1,57.27,2,77.0,38.5,3,False,False,True,False,Paid Social,Accessories,2.86,5.73,5.73,SUBSCRIBE_AND_SAVE | bundle_offers | no_blanket_10pct,subscribe_discount|bundle|category_sample
8092301197567,T2,D3,D1,57.27,2,83.9,41.95,3,False,False,True,False,Paid Social,Accessories,2.86,5.73,5.73,SUBSCRIBE_AND_SAVE | bundle_offers | no_blanket_10pct,subscribe_discount|bundle|category_sample
7967041978623,T4,D3,D3,57.24,1,91.49,91.49,2,False,False,False,False,Direct / Organic,Other,2.86,5.72,2.86,ONBOARDING | sachet_cap_5pct_cm,onboarding_sachet|education
7756470288639,T2,D3,D1,57.22,2,97.59,48.795,1,False,False,True,False,Direct / Organic,Other,2.86,5.72,5.72,SUBSCRIBE_AND_SAVE | bundle_offers | no_blanket_10pct,subscribe_discount|bundle|category_sample
7756015829247,T4,D3,D4,57.21,1,143.02,143.02,1,False,False,False,False,Direct / Organic,Unknown,2.86,5.72,2.86,ONBOARDING | sachet_cap_5pct_cm,onboarding_sachet|education
7756033982719,T4,D3,D4,56.95,1,142.36,142.36,1,False,False,False,False,Direct / Organic,Unknown,2.85,5.7,2.85,ONBOARDING | sachet_cap_5pct_cm,onboarding_sachet|education
7756399640831,T4,D3,D4,56.92,1,100.96,100.96,2,False,False,False,False,Direct / Organic,Collagen Glow,2.85,5.69,2.85,ONBOARDING | sachet_cap_5pct_cm,onboarding_sachet|education
7756263391487,T4,D3,D4,56.9,1,92.04,92.04,3,False,False,False,False,Direct / Organic,Unknown,2.84,5.69,2.84,ONBOARDING | sachet_cap_5pct_cm,onboarding_sachet|education
6329712935167,T2,D3,D1,56.83,3,156.77,52.25666666666667,1,False,False,True,False,Subscription,Unknown,2.84,5.68,5.68,SUBSCRIBE_AND_SAVE | bundle_offers | no_blanket_10pct,subscribe_discount|bundle|category_sample
8827248673023,T4,D3,D2,56.65,1,80.11,80.11,2,True,False,False,False,Subscription,Clear Protein,2.83,5.66,2.83,ONBOARDING | sachet_cap_5pct_cm,onboarding_sachet|education
8082176082175,T4,D3,D3,56.64,1,81.5,81.5,3,False,False,False,False,Direct / Organic,Clear Protein,2.83,5.66,2.83,ONBOARDING | sachet_cap_5pct_cm,onboarding_sachet|education
7755980243199,T3,D3,D2,56.6,2,115.22,57.61,1,False,False,False,False,Direct / Organic,Unknown,2.83,5.66,2.83,CROSS_SELL_SAMPLE | category_incentive,cross_category_sachet|second_order_incentive
7756007014655,T4,D3,D4,56.53,1,109.04,109.04,2,False,False,False,False,Direct / Organic,Unknown,2.83,5.65,2.83,ONBOARDING | sachet_cap_5pct_cm,onboarding_sachet|education
7756007571711,T4,D3,D4,56.53,1,121.15,121.15,1,False,False,False,False,Direct / Organic,Other,2.83,5.65,2.83,ONBOARDING | sachet_cap_5pct_cm,onboarding_sachet|education
7756261032191,T4,D3,D4,56.53,1,115.09,115.09,1,False,False,False,False,Direct / Organic,Other,2.83,5.65,2.83,ONBOARDING | sachet_cap_5pct_cm,onboarding_sachet|education
7756361203967,T4,D3,D4,56.29,1,79.37,79.37,2,False,False,False,False,Direct / Organic,Other,2.81,5.63,2.81,ONBOARDING | sachet_cap_5pct_cm,onboarding_sachet|education
8415890473215,T4,D3,D2,56.25,1,69.09,69.09,3,False,False,False,False,Direct / Organic,Collagen Glow,2.81,5.62,2.81,ONBOARDING | sachet_cap_5pct_cm,onboarding_sachet|education
8794184843519,T4,D3,D2,56.25,1,58.4,58.4,1,False,False,False,False,Direct / Organic,Lean Protein,2.81,5.62,2.81,ONBOARDING | sachet_cap_5pct_cm,onboarding_sachet|education
7756351996159,T4,D3,D4,56.23,1,92.06,92.06,1,False,False,False,False,Direct / Organic,Other,2.81,5.62,2.81,ONBOARDING | sachet_cap_5pct_cm,onboarding_sachet|education
8361276866815,T4,D3,D3,56.2,1,76.17,76.17,2,False,False,False,False,Paid Social,Clear Protein,2.81,5.62,2.81,ONBOARDING | sachet_cap_5pct_cm,onboarding_sachet|education
8748209570047,T4,D3,D2,56.08,1,80.82,80.82,2,False,False,False,False,Direct / Organic,Lean Protein,2.8,5.61,2.8,ONBOARDING | sachet_cap_5pct_cm,onboarding_sachet|education
8794676658431,T4,D3,D2,56.08,1,80.82,80.82,2,False,False,False,False,Direct / Organic,Lean Protein,2.8,5.61,2.8,ONBOARDING | sachet_cap_5pct_cm,onboarding_sachet|education
6614257369343,T2,D3,D1,56.04,3,76.26,25.42,1,True,False,True,False,Subscription,Other,2.8,5.6,5.6,SUBSCRIBE_AND_SAVE | bundle_offers | no_blanket_10pct,subscribe_discount|bundle|category_sample
8337740628223,T4,D3,D3,56.02,1,66.86,66.86,2,False,False,False,False,Paid Social,Accessories,2.8,5.6,2.8,ONBOARDING | sachet_cap_5pct_cm,onboarding_sachet|education
8327074316543,T4,D3,D3,55.97,1,66.82,66.82,2,False,False,False,False,Direct / Organic,Accessories,2.8,5.6,2.8,ONBOARDING | sachet_cap_5pct_cm,onboarding_sachet|education
8025023512831,T4,D3,D3,55.95,1,68.33,68.33,2,False,False,False,False,Affiliate,Accessories,2.8,5.6,2.8,ONBOARDING | sachet_cap_5pct_cm,onboarding_sachet|education
7756375163135,T2,D3,D1,55.91,2,86.73,43.365,2,True,False,True,False,Direct / Organic,Accessories,2.8,5.59,5.59,SUBSCRIBE_AND_SAVE | bundle_offers | no_blanket_10pct,subscribe_discount|bundle|category_sample
8329706176767,T4,D3,D3,55.89,1,66.75,66.75,2,False,False,False,False,Direct / Organic,Accessories,2.79,5.59,2.79,ONBOARDING | sachet_cap_5pct_cm,onboarding_sachet|education
8335408660735,T4,D3,D3,55.88,1,66.74,66.74,2,False,False,False,False,Paid Social,Accessories,2.79,5.59,2.79,ONBOARDING | sachet_cap_5pct_cm,onboarding_sachet|education
8858360283391,T4,D3,D2,55.75,1,75.72,75.72,2,True,False,False,False,Subscription,Clear Protein,2.79,5.58,2.79,ONBOARDING | sachet_cap_5pct_cm,onboarding_sachet|education
7756041158911,T2,D3,D1,55.7,2,101.31,50.655,3,False,False,True,False,Direct / Organic,Unknown,2.78,5.57,5.57,SUBSCRIBE_AND_SAVE | bundle_offers | no_blanket_10pct,subscribe_discount|bundle|category_sample
7755991810303,T4,D3,D4,55.69,1,139.22,139.22,1,False,False,False,False,Direct / Organic,Unknown,2.78,5.57,2.78,ONBOARDING | sachet_cap_5pct_cm,onboarding_sachet|education
8318056333567,T4,D3,D3,55.65,1,66.54,66.54,2,False,False,False,False,Paid Social,Accessories,2.78,5.56,2.78,ONBOARDING | sachet_cap_5pct_cm,onboarding_sachet|education
8165107958015,T4,D3,D3,55.64,1,69.84,69.84,2,False,False,False,False,Direct / Organic,Lean Protein,2.78,5.56,2.78,ONBOARDING | sachet_cap_5pct_cm,onboarding_sachet|education
8231864926463,T4,D3,D3,55.64,1,75.61,75.61,2,False,False,False,False,Direct / Organic,Clear Protein,2.78,5.56,2.78,ONBOARDING | sachet_cap_5pct_cm,onboarding_sachet|education
7818623779071,T4,D3,D4,55.55,1,93.9,93.9,2,False,False,False,False,Direct / Organic,Other,2.78,5.56,2.78,ONBOARDING | sachet_cap_5pct_cm,onboarding_sachet|education
7756484706559,T4,D3,D4,55.45,1,66.36,66.36,2,False,False,False,False,Direct / Organic,Accessories,2.77,5.55,2.77,ONBOARDING | sachet_cap_5pct_cm,onboarding_sachet|education
7756485132543,T4,D3,D4,55.45,1,66.36,66.36,2,False,False,False,False,Direct / Organic,Accessories,2.77,5.55,2.77,ONBOARDING | sachet_cap_5pct_cm,onboarding_sachet|education
7756486017279,T4,D3,D4,55.45,1,66.36,66.36,2,False,False,False,False,Direct / Organic,Accessories,2.77,5.55,2.77,ONBOARDING | sachet_cap_5pct_cm,onboarding_sachet|education
7756486738175,T4,D3,D4,55.45,1,66.36,66.36,2,False,False,False,False,Direct / Organic,Accessories,2.77,5.55,2.77,ONBOARDING | sachet_cap_5pct_cm,onboarding_sachet|education
7756487065855,T4,D3,D4,55.45,1,66.36,66.36,2,False,False,False,False,Direct / Organic,Accessories,2.77,5.55,2.77,ONBOARDING | sachet_cap_5pct_cm,onboarding_sachet|education
7756487688447,T4,D3,D4,55.45,1,66.36,66.36,2,False,False,False,False,Direct / Organic,Accessories,2.77,5.55,2.77,ONBOARDING | sachet_cap_5pct_cm,onboarding_sachet|education
7756488343807,T4,D3,D4,55.45,1,66.36,66.36,2,False,False,False,False,Direct / Organic,Accessories,2.77,5.55,2.77,ONBOARDING | sachet_cap_5pct_cm,onboarding_sachet|education
6423602528511,T3,D3,D2,55.43,2,148.38,74.19,1,False,False,False,False,Subscription,Unknown,2.77,5.54,2.77,CROSS_SELL_SAMPLE | category_incentive,cross_category_sachet|second_order_incentive
8637598171391,T2,D3,D1,55.38,2,77.05,38.525,2,False,False,True,False,Direct / Organic,Lean Protein,2.77,5.54,5.54,SUBSCRIBE_AND_SAVE | bundle_offers | no_blanket_10pct,subscribe_discount|bundle|category_sample
8474967245055,T4,D3,D2,55.37,1,64.22,64.22,2,False,False,False,False,Affiliate,Soy Protein,2.77,5.54,2.77,ONBOARDING | sachet_cap_5pct_cm,onboarding_sachet|education
6327795548415,T3,D3,D2,55.34,2,148.14,74.07,1,False,False,False,False,Subscription,Unknown,2.77,5.53,2.77,CROSS_SELL_SAMPLE | category_incentive,cross_category_sachet|second_order_incentive
8772908646655,T4,D3,D2,55.32,1,76.32,76.32,1,False,False,False,False,Direct / Organic,Clear Protein,2.77,5.53,2.77,ONBOARDING | sachet_cap_5pct_cm,onboarding_sachet|education
6532477485311,T4,D3,D5,55.32,1,80.55,80.55,2,False,False,False,False,Direct / Organic,Unknown,2.77,5.53,2.77,ONBOARDING | sachet_cap_5pct_cm,onboarding_sachet|education
7881282453759,T4,D3,D3,55.29,1,72.73,72.73,2,True,False,False,False,Subscription,Other,2.76,5.53,2.76,ONBOARDING | sachet_cap_5pct_cm,onboarding_sachet|education
7916394086655,T2,D3,D1,55.25,2,75.22,37.61,2,False,False,True,False,Direct / Organic,Clear Protein,2.76,5.52,5.52,SUBSCRIBE_AND_SAVE | bundle_offers | no_blanket_10pct,subscribe_discount|bundle|category_sample
7756440600831,T4,D3,D4,55.06,1,73.83,73.83,4,True,False,False,False,Subscription,Unknown,2.75,5.51,2.75,ONBOARDING | sachet_cap_5pct_cm,onboarding_sachet|education
8488214135039,T4,D3,D2,55.05,1,67.32,67.32,2,False,False,False,False,Direct / Organic,Lean Protein,2.75,5.5,2.75,ONBOARDING | sachet_cap_5pct_cm,onboarding_sachet|education
7905859633407,T4,D3,D3,55.04,1,74.25,74.25,1,False,False,False,False,Direct / Organic,Other,2.75,5.5,2.75,ONBOARDING | sachet_cap_5pct_cm,onboarding_sachet|education
7756000559359,T4,D3,D4,55.0,1,67.82,67.82,2,False,False,False,False,Direct / Organic,Collagen Glow,2.75,5.5,2.75,ONBOARDING | sachet_cap_5pct_cm,onboarding_sachet|education
7756156698879,T4,D3,D4,54.95,1,66.13,66.13,2,False,False,False,False,Direct / Organic,Soy Protein,2.75,5.5,2.75,ONBOARDING | sachet_cap_5pct_cm,onboarding_sachet|education
7756348719359,T2,D3,D1,54.94,5,134.12,26.824,2,True,False,True,False,Subscription,Collagen Glow,2.75,5.49,5.49,SUBSCRIBE_AND_SAVE | bundle_offers | no_blanket_10pct,subscribe_discount|bundle|category_sample
8621737640191,T4,D3,D2,54.92,1,73.0,73.0,1,False,False,False,False,Paid Search,Soy Protein,2.75,5.49,2.75,ONBOARDING | sachet_cap_5pct_cm,onboarding_sachet|education
8699386724607,T4,D3,D2,54.92,1,66.2,66.2,1,False,False,False,False,Affiliate,Soy Protein,2.75,5.49,2.75,ONBOARDING | sachet_cap_5pct_cm,onboarding_sachet|education
7896942477567,T4,D3,D3,54.83,1,80.7,80.7,2,False,False,False,False,Direct / Organic,Collagen Glow,2.74,5.48,2.74,ONBOARDING | sachet_cap_5pct_cm,onboarding_sachet|education
8069832278271,T4,D3,D3,54.83,1,80.8,80.8,2,False,False,False,False,Direct / Organic,Collagen Glow,2.74,5.48,2.74,ONBOARDING | sachet_cap_5pct_cm,onboarding_sachet|education
7756300091647,T4,D3,D4,54.73,1,80.47,80.47,2,False,False,False,False,Direct / Organic,Clear Protein,2.74,5.47,2.74,ONBOARDING | sachet_cap_5pct_cm,onboarding_sachet|education
7756408094975,T4,D3,D4,54.73,1,83.17,83.17,2,False,False,False,False,Direct / Organic,Collagen Glow,2.74,5.47,2.74,ONBOARDING | sachet_cap_5pct_cm,onboarding_sachet|education
7756458295551,T4,D3,D4,54.73,1,74.41,74.41,2,False,False,False,False,Direct / Organic,Clear Protein,2.74,5.47,2.74,ONBOARDING | sachet_cap_5pct_cm,onboarding_sachet|education
7756467044607,T4,D3,D4,54.73,1,83.17,83.17,2,False,False,False,False,Direct / Organic,Clear Protein,2.74,5.47,2.74,ONBOARDING | sachet_cap_5pct_cm,onboarding_sachet|education
7756467601663,T4,D3,D4,54.73,1,83.17,83.17,2,False,False,False,False,Direct / Organic,Collagen Glow,2.74,5.47,2.74,ONBOARDING | sachet_cap_5pct_cm,onboarding_sachet|education
8249196839167,T4,D3,D3,54.72,1,111.59,111.59,1,False,False,False,False,Direct / Organic,Other,2.74,5.47,2.74,ONBOARDING | sachet_cap_5pct_cm,onboarding_sachet|education
6532476403967,T4,D3,D5,54.71,1,84.32,84.32,1,False,False,False,False,Direct / Organic,Other,2.74,5.47,2.74,ONBOARDING | sachet_cap_5pct_cm,onboarding_sachet|education
6532496195839,T4,D3,D5,54.71,1,92.06,92.06,1,False,False,False,False,Direct / Organic,Other,2.74,5.47,2.74,ONBOARDING | sachet_cap_5pct_cm,onboarding_sachet|education
6532515004671,T3,D3,D2,54.71,2,99.64,49.82,1,False,False,False,False,Direct / Organic,Other,2.74,5.47,2.74,CROSS_SELL_SAMPLE | category_incentive,cross_category_sachet|second_order_incentive
7756004524287,T4,D3,D4,54.71,1,92.06,92.06,2,False,False,False,False,Direct / Organic,Unknown,2.74,5.47,2.74,ONBOARDING | sachet_cap_5pct_cm,onboarding_sachet|education
7756006260991,T4,D3,D4,54.71,1,87.22,87.22,1,False,False,False,False,Direct / Organic,Other,2.74,5.47,2.74,ONBOARDING | sachet_cap_5pct_cm,onboarding_sachet|education
7756008227071,T4,D3,D4,54.71,1,82.37,82.37,1,False,False,False,False,Direct / Organic,Unknown,2.74,5.47,2.74,ONBOARDING | sachet_cap_5pct_cm,onboarding_sachet|education
7756009865471,T4,D3,D4,54.71,1,88.92,88.92,2,False,False,False,False,Direct / Organic,Other,2.74,5.47,2.74,ONBOARDING | sachet_cap_5pct_cm,onboarding_sachet|education
7756265718015,T4,D3,D4,54.71,1,78.25,78.25,1,False,False,False,False,Direct / Organic,Other,2.74,5.47,2.74,ONBOARDING | sachet_cap_5pct_cm,onboarding_sachet|education
7756267192575,T4,D3,D4,54.71,1,78.25,78.25,1,False,False,False,False,Direct / Organic,Other,2.74,5.47,2.74,ONBOARDING | sachet_cap_5pct_cm,onboarding_sachet|education
7756268634367,T4,D3,D4,54.71,1,84.32,84.32,1,False,False,False,False,Direct / Organic,Other,2.74,5.47,2.74,ONBOARDING | sachet_cap_5pct_cm,onboarding_sachet|education
7756349243647,T4,D3,D4,54.71,1,73.65,73.65,1,False,False,False,False,Direct / Organic,Other,2.74,5.47,2.74,ONBOARDING | sachet_cap_5pct_cm,onboarding_sachet|education
7756362416383,T4,D3,D4,54.71,1,92.06,92.06,1,False,False,False,False,Direct / Organic,Other,2.74,5.47,2.74,ONBOARDING | sachet_cap_5pct_cm,onboarding_sachet|education
7756477268223,T4,D3,D4,54.71,1,67.84,67.84,1,False,False,False,False,Direct / Organic,Other,2.74,5.47,2.74,ONBOARDING | sachet_cap_5pct_cm,onboarding_sachet|education
8118123331839,T4,D3,D3,54.68,1,67.81,67.81,2,False,False,False,False,Direct / Organic,Clear Protein,2.73,5.47,2.73,ONBOARDING | sachet_cap_5pct_cm,onboarding_sachet|education
6336672694527,T3,D3,D2,54.57,2,83.9,41.95,2,False,False,False,False,Subscription,Unknown,2.73,5.46,2.73,CROSS_SELL_SAMPLE | category_incentive,cross_category_sachet|second_order_incentive
8608190365951,T2,D3,D1,54.41,2,68.82,34.41,1,False,False,True,False,Direct / Organic,Soy Protein,2.72,5.44,5.44,SUBSCRIBE_AND_SAVE | bundle_offers | no_blanket_10pct,subscribe_discount|bundle|category_sample
6336752222463,T3,D3,D2,54.39,2,111.63,55.815,2,False,False,False,False,Subscription,Unknown,2.72,5.44,2.72,CROSS_SELL_SAMPLE | category_incentive,cross_category_sachet|second_order_incentive
6336736297215,T4,D3,D5,54.36,1,135.89,135.89,1,False,False,False,False,Subscription,Unknown,2.72,5.44,2.72,ONBOARDING | sachet_cap_5pct_cm,onboarding_sachet|education
6522940883199,T4,D3,D5,54.18,1,76.91,76.91,2,False,False,False,False,Subscription,Other,2.71,5.42,2.71,ONBOARDING | sachet_cap_5pct_cm,onboarding_sachet|education
8231259963647,T4,D3,D3,54.18,1,80.8,80.8,2,False,False,False,False,Direct / Organic,Other,2.71,5.42,2.71,ONBOARDING | sachet_cap_5pct_cm,onboarding_sachet|education
7756364677375,T2,D3,D1,54.1,2,123.55,61.775,2,False,False,True,False,Direct / Organic,Other,2.7,5.41,5.41,SUBSCRIBE_AND_SAVE | bundle_offers | no_blanket_10pct,subscribe_discount|bundle|category_sample
8393190441215,T4,D3,D2,54.07,1,58.91,58.91,2,True,False,False,False,Subscription,Accessories,2.7,5.41,2.7,ONBOARDING | sachet_cap_5pct_cm,onboarding_sachet|education
8719516795135,T4,D3,D2,54.07,1,74.0,74.0,2,True,False,False,False,Subscription,Lean Protein,2.7,5.41,2.7,ONBOARDING | sachet_cap_5pct_cm,onboarding_sachet|education
7756159058175,T4,D3,D4,54.07,1,76.57,76.57,3,True,False,False,False,Subscription,Soy Protein,2.7,5.41,2.7,ONBOARDING | sachet_cap_5pct_cm,onboarding_sachet|education
8036122493183,T2,D3,D1,53.96,2,96.08,48.04,2,True,False,True,False,Paid Social,Accessories,2.7,5.4,5.4,SUBSCRIBE_AND_SAVE | bundle_offers | no_blanket_10pct,subscribe_discount|bundle|category_sample
7755928469759,T4,D3,D5,53.86,1,137.37,137.37,1,False,False,False,False,Direct / Organic,Unknown,2.69,5.39,2.69,ONBOARDING | sachet_cap_5pct_cm,onboarding_sachet|education
7756040241407,T4,D3,D4,53.8,1,137.22,137.22,1,False,False,False,False,Direct / Organic,Unknown,2.69,5.38,2.69,ONBOARDING | sachet_cap_5pct_cm,onboarding_sachet|education
8151131488511,T4,D3,D3,53.79,1,82.33,82.33,1,False,False,False,False,Direct / Organic,Clear Protein,2.69,5.38,2.69,ONBOARDING | sachet_cap_5pct_cm,onboarding_sachet|education
6703512977663,T4,D3,D5,53.78,1,135.88,135.88,2,False,False,False,False,Subscription,Unknown,2.69,5.38,2.69,ONBOARDING | sachet_cap_5pct_cm,onboarding_sachet|education
7756399706367,T2,D3,D1,53.78,2,73.15,36.575,1,False,False,True,False,Direct / Organic,Other,2.69,5.38,5.38,SUBSCRIBE_AND_SAVE | bundle_offers | no_blanket_10pct,subscribe_discount|bundle|category_sample
6532514971903,T3,D3,D2,53.4,2,90.49,45.245,1,False,False,False,False,Direct / Organic,Collagen Glow,2.67,5.34,2.67,CROSS_SELL_SAMPLE | category_incentive,cross_category_sachet|second_order_incentive
7756022415615,T2,D3,D1,53.3,3,138.7,46.23333333333333,1,False,False,True,False,Direct / Organic,Unknown,2.66,5.33,5.33,SUBSCRIBE_AND_SAVE | bundle_offers | no_blanket_10pct,subscribe_discount|bundle|category_sample
7496457650431,T4,D3,D5,53.24,1,69.31,69.31,1,False,False,False,False,Subscription,Other,2.66,5.32,2.66,ONBOARDING | sachet_cap_5pct_cm,onboarding_sachet|education
8781075415295,T4,D3,D2,53.23,1,83.18,83.18,2,False,False,False,False,Direct / Organic,Clear Protein,2.66,5.32,2.66,ONBOARDING | sachet_cap_5pct_cm,onboarding_sachet|education
7756264571135,T4,D3,D4,53.23,1,77.25,77.25,2,False,False,False,False,Direct / Organic,Collagen Glow,2.66,5.32,2.66,ONBOARDING | sachet_cap_5pct_cm,onboarding_sachet|education
8058424099071,T4,D3,D3,53.18,1,92.06,92.06,1,True,False,False,False,Subscription,Lean Protein,2.66,5.32,2.66,ONBOARDING | sachet_cap_5pct_cm,onboarding_sachet|education
8239210463487,T4,D3,D3,53.17,1,70.8,70.8,2,False,False,False,False,Direct / Organic,Soy Protein,2.66,5.32,2.66,ONBOARDING | sachet_cap_5pct_cm,onboarding_sachet|education
7756457345279,T4,D3,D4,53.13,1,92.06,92.06,2,False,False,False,False,Direct / Organic,Other,2.66,5.31,2.66,ONBOARDING | sachet_cap_5pct_cm,onboarding_sachet|education
7756425822463,T4,D3,D4,53.07,1,88.93,88.93,2,False,False,False,False,Direct / Organic,Lean Protein,2.65,5.31,2.65,ONBOARDING | sachet_cap_5pct_cm,onboarding_sachet|education
7756431491327,T4,D3,D4,53.07,1,65.52,65.52,2,False,False,False,False,Direct / Organic,Lean Protein,2.65,5.31,2.65,ONBOARDING | sachet_cap_5pct_cm,onboarding_sachet|education
7756433359103,T4,D3,D4,53.07,1,88.93,88.93,2,False,False,False,False,Direct / Organic,Unknown,2.65,5.31,2.65,ONBOARDING | sachet_cap_5pct_cm,onboarding_sachet|education
7756439519487,T4,D3,D4,53.07,1,74.88,74.88,2,False,False,False,False,Direct / Organic,Lean Protein,2.65,5.31,2.65,ONBOARDING | sachet_cap_5pct_cm,onboarding_sachet|education
8133835391231,T4,D3,D3,53.06,1,75.13,75.13,2,False,False,False,False,Direct / Organic,Accessories,2.65,5.31,2.65,ONBOARDING | sachet_cap_5pct_cm,onboarding_sachet|education
8875277025535,T4,D3,D2,53.04,1,71.24,71.24,1,False,False,False,False,Direct / Organic,Other,2.65,5.3,2.65,ONBOARDING | sachet_cap_5pct_cm,onboarding_sachet|education
8875263361279,T4,D3,D2,53.03,1,63.91,63.91,4,False,False,False,False,Direct / Organic,Collagen Glow,2.65,5.3,2.65,ONBOARDING | sachet_cap_5pct_cm,onboarding_sachet|education
8488282390783,T4,D3,D2,52.95,1,61.83,61.83,1,False,False,False,False,Direct / Organic,Clear Protein,2.65,5.3,2.65,ONBOARDING | sachet_cap_5pct_cm,onboarding_sachet|education
7756417695999,T4,D3,D4,52.88,1,100.67,100.67,2,False,False,False,False,Direct / Organic,Collagen Glow,2.64,5.29,2.64,ONBOARDING | sachet_cap_5pct_cm,onboarding_sachet|education
7756030836991,T4,D3,D4,52.82,1,132.05,132.05,1,False,False,False,False,Direct / Organic,Unknown,2.64,5.28,2.64,ONBOARDING | sachet_cap_5pct_cm,onboarding_sachet|education
7538719129855,T4,D3,D5,52.79,1,78.71,78.71,2,True,False,False,False,Subscription,Accessories,2.64,5.28,2.64,ONBOARDING | sachet_cap_5pct_cm,onboarding_sachet|education
7756429590783,T4,D3,D4,52.78,1,61.26,61.26,3,False,False,False,False,Direct / Organic,Unknown,2.64,5.28,2.64,ONBOARDING | sachet_cap_5pct_cm,onboarding_sachet|education
8242419433727,T2,D3,D1,52.75,2,79.8,39.9,2,False,False,True,False,Direct / Organic,Accessories,2.64,5.28,5.28,SUBSCRIBE_AND_SAVE | bundle_offers | no_blanket_10pct,subscribe_discount|bundle|category_sample
8263812120831,T2,D3,D1,52.75,2,79.8,39.9,2,False,False,True,False,Direct / Organic,Accessories,2.64,5.28,5.28,SUBSCRIBE_AND_SAVE | bundle_offers | no_blanket_10pct,subscribe_discount|bundle|category_sample
8796435054847,T4,D3,D2,52.7,1,71.09,71.09,1,False,False,False,False,Direct / Organic,Clear Protein,2.64,5.27,2.64,ONBOARDING | sachet_cap_5pct_cm,onboarding_sachet|education
8711864516863,T4,D3,D2,52.61,1,77.77,77.77,1,True,False,False,False,Subscription,Lean Protein,2.63,5.26,2.63,ONBOARDING | sachet_cap_5pct_cm,onboarding_sachet|education
8096074957055,T2,D3,D1,52.6,2,80.7,40.35,3,False,False,True,False,Direct / Organic,Accessories,2.63,5.26,5.26,SUBSCRIBE_AND_SAVE | bundle_offers | no_blanket_10pct,subscribe_discount|bundle|category_sample
8289029488895,T4,D3,D3,52.56,1,77.73,77.73,2,False,False,False,False,Paid Social,Lean Protein,2.63,5.26,2.63,ONBOARDING | sachet_cap_5pct_cm,onboarding_sachet|education
7756382535935,T2,D3,D1,52.54,2,115.84,57.92,3,True,False,True,False,Subscription,Accessories,2.63,5.25,5.25,SUBSCRIBE_AND_SAVE | bundle_offers | no_blanket_10pct,subscribe_discount|bundle|category_sample
7756459344127,T4,D3,D4,52.47,1,80.59,80.59,2,False,False,False,False,Direct / Organic,Lean Protein,2.62,5.25,2.62,ONBOARDING | sachet_cap_5pct_cm,onboarding_sachet|education
7915894931711,T4,D3,D3,52.38,1,71.98,71.98,1,False,False,False,False,Direct / Organic,Clear Protein,2.62,5.24,2.62,ONBOARDING | sachet_cap_5pct_cm,onboarding_sachet|education
6532452057343,T3,D3,D2,52.23,2,103.7,51.85,1,False,False,False,False,Direct / Organic,Unknown,2.61,5.22,2.61,CROSS_SELL_SAMPLE | category_incentive,cross_category_sachet|second_order_incentive
7927058858239,T4,D3,D3,52.22,1,71.82,71.82,1,False,False,False,False,Paid Social,Clear Protein,2.61,5.22,2.61,ONBOARDING | sachet_cap_5pct_cm,onboarding_sachet|education
8730810679551,T4,D3,D2,52.18,1,70.57,70.57,1,False,False,False,False,Direct / Organic,Clear Protein,2.61,5.22,2.61,ONBOARDING | sachet_cap_5pct_cm,onboarding_sachet|education
8761884639487,T4,D3,D2,52.15,1,70.54,70.54,1,False,False,False,False,Direct / Organic,Clear Protein,2.61,5.22,2.61,ONBOARDING | sachet_cap_5pct_cm,onboarding_sachet|education
8226077245695,T4,D3,D3,52.14,1,73.51,73.51,2,False,False,False,False,Direct / Organic,Clear Protein,2.61,5.21,2.61,ONBOARDING | sachet_cap_5pct_cm,onboarding_sachet|education
8166915997951,T2,D3,D1,52.12,2,68.81,34.405,2,False,False,True,False,Direct / Organic,Lean Protein,2.61,5.21,5.21,SUBSCRIBE_AND_SAVE | bundle_offers | no_blanket_10pct,subscribe_discount|bundle|category_sample
8763457470719,T4,D3,D2,52.07,1,80.22,80.22,1,False,False,False,False,Direct / Organic,Clear Protein,2.6,5.21,2.6,ONBOARDING | sachet_cap_5pct_cm,onboarding_sachet|education
7756032082175,T2,D3,D1,52.05,2,130.13,65.065,1,False,False,True,False,Direct / Organic,Unknown,2.6,5.2,5.2,SUBSCRIBE_AND_SAVE | bundle_offers | no_blanket_10pct,subscribe_discount|bundle|category_sample
8612801708287,T4,D3,D2,52.0,1,80.35,80.35,1,False,False,False,False,Direct / Organic,Clear Protein,2.6,5.2,2.6,ONBOARDING | sachet_cap_5pct_cm,onboarding_sachet|education
8770599354623,T4,D3,D2,52.0,1,80.1,80.1,1,False,False,False,False,Direct / Organic,Clear Protein,2.6,5.2,2.6,ONBOARDING | sachet_cap_5pct_cm,onboarding_sachet|education
7756361629951,T4,D3,D4,52.0,1,92.37,92.37,2,False,False,False,False,Direct / Organic,Soy Protein,2.6,5.2,2.6,ONBOARDING | sachet_cap_5pct_cm,onboarding_sachet|education
8811665064191,T4,D3,D2,51.87,1,71.84,71.84,2,True,False,False,False,Subscription,Clear Protein,2.59,5.19,2.59,ONBOARDING | sachet_cap_5pct_cm,onboarding_sachet|education
6327396303103,T3,D3,D2,51.86,2,139.44,69.72,1,False,False,False,False,Subscription,Unknown,2.59,5.19,2.59,CROSS_SELL_SAMPLE | category_incentive,cross_category_sachet|second_order_incentive
6423228088575,T4,D3,D5,51.84,1,129.59,129.59,1,False,False,False,False,Subscription,Unknown,2.59,5.18,2.59,ONBOARDING | sachet_cap_5pct_cm,onboarding_sachet|education
6423596859647,T4,D3,D5,51.83,1,134.48,134.48,1,False,False,False,False,Subscription,Unknown,2.59,5.18,2.59,ONBOARDING | sachet_cap_5pct_cm,onboarding_sachet|education
7756350292223,T4,D3,D4,51.78,1,69.73,69.73,2,False,False,False,False,Direct / Organic,Other,2.59,5.18,2.59,ONBOARDING | sachet_cap_5pct_cm,onboarding_sachet|education
8771832185087,T4,D3,D2,51.77,1,75.23,75.23,2,True,False,False,False,Subscription,Clear Protein,2.59,5.18,2.59,ONBOARDING | sachet_cap_5pct_cm,onboarding_sachet|education
7756300517631,T2,D3,D1,51.75,3,119.45,39.81666666666667,1,True,False,True,False,Direct / Organic,Unknown,2.59,5.18,5.18,SUBSCRIBE_AND_SAVE | bundle_offers | no_blanket_10pct,subscribe_discount|bundle|category_sample
7756008751359,T4,D3,D4,51.69,1,75.14,75.14,3,False,False,False,False,Direct / Organic,Soy Protein,2.58,5.17,2.58,ONBOARDING | sachet_cap_5pct_cm,onboarding_sachet|education
6423240966399,T3,D3,D2,51.66,2,79.99,39.995,2,False,False,False,False,Subscription,Unknown,2.58,5.17,2.58,CROSS_SELL_SAMPLE | category_incentive,cross_category_sachet|second_order_incentive
6327633543423,T4,D3,D5,51.61,1,98.71,98.71,1,False,False,False,False,Subscription,Other,2.58,5.16,2.58,ONBOARDING | sachet_cap_5pct_cm,onboarding_sachet|education
8716200411391,T4,D3,D2,51.6,1,69.99,69.99,1,False,False,False,False,Direct / Organic,Clear Protein,2.58,5.16,2.58,ONBOARDING | sachet_cap_5pct_cm,onboarding_sachet|education
6984833335551,T4,D3,D5,51.59,1,101.24,101.24,3,True,False,False,False,Subscription,Unknown,2.58,5.16,2.58,ONBOARDING | sachet_cap_5pct_cm,onboarding_sachet|education
6423602266367,T3,D3,D2,51.58,2,63.09,31.545,2,False,False,False,False,Subscription,Unknown,2.58,5.16,2.58,CROSS_SELL_SAMPLE | category_incentive,cross_category_sachet|second_order_incentive
7943295992063,T4,D3,D3,51.53,1,55.81,55.81,1,False,False,False,False,Direct / Organic,Other,2.58,5.15,2.58,ONBOARDING | sachet_cap_5pct_cm,onboarding_sachet|education
7927091200255,T4,D3,D3,51.52,1,71.11,71.11,1,False,False,False,False,Direct / Organic,Clear Protein,2.58,5.15,2.58,ONBOARDING | sachet_cap_5pct_cm,onboarding_sachet|education
6336661586175,T4,D3,D5,51.39,1,133.38,133.38,1,False,False,False,False,Subscription,Unknown,2.57,5.14,2.57,ONBOARDING | sachet_cap_5pct_cm,onboarding_sachet|education
6423611080959,T4,D3,D5,51.37,1,128.43,128.43,1,False,False,False,False,Subscription,Unknown,2.57,5.14,2.57,ONBOARDING | sachet_cap_5pct_cm,onboarding_sachet|education
6329866911999,T4,D3,D5,51.36,1,133.3,133.3,1,False,False,False,False,Subscription,Unknown,2.57,5.14,2.57,ONBOARDING | sachet_cap_5pct_cm,onboarding_sachet|education
7756048695551,T2,D3,D1,51.22,2,133.52,66.76,1,False,False,True,False,Direct / Organic,Unknown,2.56,5.12,5.12,SUBSCRIBE_AND_SAVE | bundle_offers | no_blanket_10pct,subscribe_discount|bundle|category_sample
8350898585855,T4,D3,D3,51.2,1,72.2,72.2,1,False,False,False,False,Direct / Organic,Clear Protein,2.56,5.12,2.56,ONBOARDING | sachet_cap_5pct_cm,onboarding_sachet|education
8633815073023,T4,D3,D2,51.2,1,69.8,69.8,2,False,False,False,False,Direct / Organic,Other,2.56,5.12,2.56,ONBOARDING | sachet_cap_5pct_cm,onboarding_sachet|education
8712990687487,T4,D3,D2,51.19,1,69.58,69.58,1,False,False,False,False,Direct / Organic,Clear Protein,2.56,5.12,2.56,ONBOARDING | sachet_cap_5pct_cm,onboarding_sachet|education
8713464840447,T4,D3,D2,51.19,1,69.58,69.58,1,False,False,False,False,Direct / Organic,Clear Protein,2.56,5.12,2.56,ONBOARDING | sachet_cap_5pct_cm,onboarding_sachet|education
8721809441023,T4,D3,D2,51.19,1,71.16,71.16,2,True,False,False,False,Subscription,Clear Protein,2.56,5.12,2.56,ONBOARDING | sachet_cap_5pct_cm,onboarding_sachet|education
8700572008703,T4,D3,D2,51.17,1,69.56,69.56,1,False,False,False,False,Direct / Organic,Clear Protein,2.56,5.12,2.56,ONBOARDING | sachet_cap_5pct_cm,onboarding_sachet|education
7756359467263,T4,D3,D4,51.09,1,67.31,67.31,2,False,False,False,False,Direct / Organic,Unknown,2.55,5.11,2.55,ONBOARDING | sachet_cap_5pct_cm,onboarding_sachet|education
7756354322687,T2,D3,D1,51.06,2,103.08,51.54,3,True,False,True,False,Subscription,Soy Protein,2.55,5.11,5.11,SUBSCRIBE_AND_SAVE | bundle_offers | no_blanket_10pct,subscribe_discount|bundle|category_sample
8241018011903,T4,D3,D3,51.06,1,59.38,59.38,2,False,False,False,False,Direct / Organic,Clear Protein,2.55,5.11,2.55,ONBOARDING | sachet_cap_5pct_cm,onboarding_sachet|education
8669942120703,T4,D3,D2,51.04,1,69.43,69.43,1,False,False,False,False,Direct / Organic,Clear Protein,2.55,5.1,2.55,ONBOARDING | sachet_cap_5pct_cm,onboarding_sachet|education
7756484018431,T4,D3,D4,51.0,1,74.48,74.48,3,False,False,False,False,Direct / Organic,Accessories,2.55,5.1,2.55,ONBOARDING | sachet_cap_5pct_cm,onboarding_sachet|education
6327760879871,T4,D3,D5,50.97,1,132.32,132.32,1,False,False,False,False,Subscription,Unknown,2.55,5.1,2.55,ONBOARDING | sachet_cap_5pct_cm,onboarding_sachet|education
7318538158335,T4,D3,D5,50.94,1,80.71,80.71,1,False,False,False,False,Subscription,Collagen Glow,2.55,5.09,2.55,ONBOARDING | sachet_cap_5pct_cm,onboarding_sachet|education
7345272127743,T4,D3,D5,50.94,1,84.7,84.7,1,False,False,False,False,Direct / Organic,Collagen Glow,2.55,5.09,2.55,ONBOARDING | sachet_cap_5pct_cm,onboarding_sachet|education
7475299582207,T4,D3,D5,50.94,1,55.86,55.86,1,False,False,False,False,Subscription,Collagen Glow,2.55,5.09,2.55,ONBOARDING | sachet_cap_5pct_cm,onboarding_sachet|education
7756018942207,T3,D3,D2,50.84,2,99.42,49.71,2,True,False,False,False,Direct / Organic,Unknown,2.54,5.08,2.54,CROSS_SELL_SAMPLE | category_incentive,cross_category_sachet|second_order_incentive
8630208233727,T4,D3,D2,50.78,1,69.17,69.17,1,False,False,False,False,Paid Social,Clear Protein,2.54,5.08,2.54,ONBOARDING | sachet_cap_5pct_cm,onboarding_sachet|education
8346039877887,T4,D3,D3,50.73,1,64.71,64.71,1,False,False,False,False,Direct / Organic,Other,2.54,5.07,2.54,ONBOARDING | sachet_cap_5pct_cm,onboarding_sachet|education
7756035358975,T4,D3,D4,50.65,1,129.35,129.35,1,False,False,False,False,Direct / Organic,Unknown,2.53,5.07,2.53,ONBOARDING | sachet_cap_5pct_cm,onboarding_sachet|education
8607681282303,T4,D3,D2,50.63,1,69.02,69.02,1,False,False,False,False,Paid Social,Clear Protein,2.53,5.06,2.53,ONBOARDING | sachet_cap_5pct_cm,onboarding_sachet|education
7756015403263,T4,D3,D4,50.62,1,126.55,126.55,1,False,False,False,False,Direct / Organic,Unknown,2.53,5.06,2.53,ONBOARDING | sachet_cap_5pct_cm,onboarding_sachet|education
6327504011519,T4,D3,D5,50.61,1,74.0,74.0,1,False,False,False,False,Direct / Organic,Clear Protein,2.53,5.06,2.53,ONBOARDING | sachet_cap_5pct_cm,onboarding_sachet|education
6327557423359,T4,D3,D5,50.61,1,73.9,73.9,1,False,False,False,False,Direct / Organic,Clear Protein,2.53,5.06,2.53,ONBOARDING | sachet_cap_5pct_cm,onboarding_sachet|education
7574655336703,T4,D3,D5,50.61,1,69.0,69.0,1,False,False,False,False,Subscription,Clear Protein,2.53,5.06,2.53,ONBOARDING | sachet_cap_5pct_cm,onboarding_sachet|education
7707604812031,T4,D3,D5,50.61,1,73.9,73.9,1,False,False,False,False,Subscription,Clear Protein,2.53,5.06,2.53,ONBOARDING | sachet_cap_5pct_cm,onboarding_sachet|education
7709729292543,T4,D3,D5,50.61,1,73.9,73.9,1,False,False,False,False,Subscription,Clear Protein,2.53,5.06,2.53,ONBOARDING | sachet_cap_5pct_cm,onboarding_sachet|education
7783089176831,T4,D3,D4,50.61,1,67.0,67.0,1,False,False,False,False,Subscription,Clear Protein,2.53,5.06,2.53,ONBOARDING | sachet_cap_5pct_cm,onboarding_sachet|education
7802589675775,T4,D3,D4,50.61,1,73.9,73.9,1,False,False,False,False,Subscription,Clear Protein,2.53,5.06,2.53,ONBOARDING | sachet_cap_5pct_cm,onboarding_sachet|education
7802592067839,T4,D3,D4,50.61,1,73.9,73.9,1,False,False,False,False,Subscription,Clear Protein,2.53,5.06,2.53,ONBOARDING | sachet_cap_5pct_cm,onboarding_sachet|education
7852863193343,T4,D3,D3,50.61,1,73.9,73.9,1,False,False,False,False,Direct / Organic,Clear Protein,2.53,5.06,2.53,ONBOARDING | sachet_cap_5pct_cm,onboarding_sachet|education
7870681383167,T4,D3,D3,50.61,1,73.9,73.9,1,False,False,False,False,Direct / Organic,Clear Protein,2.53,5.06,2.53,ONBOARDING | sachet_cap_5pct_cm,onboarding_sachet|education
7875287580927,T4,D3,D3,50.61,1,73.9,73.9,1,False,False,False,False,Direct / Organic,Clear Protein,2.53,5.06,2.53,ONBOARDING | sachet_cap_5pct_cm,onboarding_sachet|education
7877345804543,T4,D3,D3,50.61,1,73.9,73.9,1,False,False,False,False,Direct / Organic,Clear Protein,2.53,5.06,2.53,ONBOARDING | sachet_cap_5pct_cm,onboarding_sachet|education
7893114618111,T4,D3,D3,50.61,1,73.9,73.9,1,False,False,False,False,Direct / Organic,Clear Protein,2.53,5.06,2.53,ONBOARDING | sachet_cap_5pct_cm,onboarding_sachet|education
7933266723071,T4,D3,D3,50.61,1,73.9,73.9,1,False,False,False,False,Direct / Organic,Clear Protein,2.53,5.06,2.53,ONBOARDING | sachet_cap_5pct_cm,onboarding_sachet|education
7934578458879,T4,D3,D3,50.61,1,73.9,73.9,1,False,False,False,False,Direct / Organic,Clear Protein,2.53,5.06,2.53,ONBOARDING | sachet_cap_5pct_cm,onboarding_sachet|education
7942630015231,T4,D3,D3,50.61,1,67.0,67.0,1,False,False,False,False,Direct / Organic,Clear Protein,2.53,5.06,2.53,ONBOARDING | sachet_cap_5pct_cm,onboarding_sachet|education
7945138209023,T4,D3,D3,50.61,1,73.9,73.9,1,False,False,False,False,Direct / Organic,Clear Protein,2.53,5.06,2.53,ONBOARDING | sachet_cap_5pct_cm,onboarding_sachet|education
7954109268223,T4,D3,D3,50.61,1,73.9,73.9,1,False,False,False,False,Paid Social,Clear Protein,2.53,5.06,2.53,ONBOARDING | sachet_cap_5pct_cm,onboarding_sachet|education
7956356399359,T4,D3,D3,50.61,1,69.0,69.0,1,False,False,False,False,Direct / Organic,Clear Protein,2.53,5.06,2.53,ONBOARDING | sachet_cap_5pct_cm,onboarding_sachet|education
7958758752511,T4,D3,D3,50.61,1,69.0,69.0,1,False,False,False,False,Direct / Organic,Clear Protein,2.53,5.06,2.53,ONBOARDING | sachet_cap_5pct_cm,onboarding_sachet|education
7958995828991,T4,D3,D3,50.61,1,69.0,69.0,1,False,False,False,False,Direct / Organic,Clear Protein,2.53,5.06,2.53,ONBOARDING | sachet_cap_5pct_cm,onboarding_sachet|education
7969166819583,T4,D3,D3,50.61,1,69.0,69.0,1,False,False,False,False,Direct / Organic,Clear Protein,2.53,5.06,2.53,ONBOARDING | sachet_cap_5pct_cm,onboarding_sachet|education
7973788745983,T4,D3,D3,50.61,1,69.0,69.0,1,False,False,False,False,Direct / Organic,Clear Protein,2.53,5.06,2.53,ONBOARDING | sachet_cap_5pct_cm,onboarding_sachet|education
7975628898559,T4,D3,D3,50.61,1,74.0,74.0,1,False,False,False,False,Paid Social,Clear Protein,2.53,5.06,2.53,ONBOARDING | sachet_cap_5pct_cm,onboarding_sachet|education
7978120249599,T4,D3,D3,50.61,1,74.0,74.0,1,False,False,False,False,Direct / Organic,Clear Protein,2.53,5.06,2.53,ONBOARDING | sachet_cap_5pct_cm,onboarding_sachet|education
7978400940287,T4,D3,D3,50.61,1,69.0,69.0,1,False,False,False,False,Direct / Organic,Clear Protein,2.53,5.06,2.53,ONBOARDING | sachet_cap_5pct_cm,onboarding_sachet|education
7984381395199,T4,D3,D3,50.61,1,74.0,74.0,1,False,False,False,False,Direct / Organic,Clear Protein,2.53,5.06,2.53,ONBOARDING | sachet_cap_5pct_cm,onboarding_sachet|education
7986809078015,T4,D3,D3,50.61,1,63.65,63.65,1,False,False,False,False,Direct / Organic,Clear Protein,2.53,5.06,2.53,ONBOARDING | sachet_cap_5pct_cm,onboarding_sachet|education
8001274544383,T4,D3,D3,50.61,1,74.0,74.0,1,False,False,False,False,Direct / Organic,Clear Protein,2.53,5.06,2.53,ONBOARDING | sachet_cap_5pct_cm,onboarding_sachet|education
8026798129407,T4,D3,D3,50.61,1,74.0,74.0,1,False,False,False,False,Direct / Organic,Clear Protein,2.53,5.06,2.53,ONBOARDING | sachet_cap_5pct_cm,onboarding_sachet|education
8030223007999,T4,D3,D3,50.61,1,74.0,74.0,1,False,False,False,False,Direct / Organic,Clear Protein,2.53,5.06,2.53,ONBOARDING | sachet_cap_5pct_cm,onboarding_sachet|education
8036132880639,T4,D3,D3,50.61,1,74.0,74.0,1,False,False,False,False,Paid Social,Clear Protein,2.53,5.06,2.53,ONBOARDING | sachet_cap_5pct_cm,onboarding_sachet|education
8039752990975,T4,D3,D3,50.61,1,74.0,74.0,1,False,False,False,False,Direct / Organic,Clear Protein,2.53,5.06,2.53,ONBOARDING | sachet_cap_5pct_cm,onboarding_sachet|education
8042502553855,T4,D3,D3,50.61,1,74.0,74.0,1,False,False,False,False,Direct / Organic,Clear Protein,2.53,5.06,2.53,ONBOARDING | sachet_cap_5pct_cm,onboarding_sachet|education
8052477853951,T4,D3,D3,50.61,1,74.0,74.0,1,False,False,False,False,Direct / Organic,Clear Protein,2.53,5.06,2.53,ONBOARDING | sachet_cap_5pct_cm,onboarding_sachet|education
8062020255999,T4,D3,D3,50.61,1,74.0,74.0,1,False,False,False,False,Paid Social,Clear Protein,2.53,5.06,2.53,ONBOARDING | sachet_cap_5pct_cm,onboarding_sachet|education
8065677295871,T4,D3,D3,50.61,1,74.0,74.0,1,False,False,False,False,Paid Social,Clear Protein,2.53,5.06,2.53,ONBOARDING | sachet_cap_5pct_cm,onboarding_sachet|education
8081719984383,T4,D3,D3,50.61,1,74.0,74.0,1,False,False,False,False,Direct / Organic,Clear Protein,2.53,5.06,2.53,ONBOARDING | sachet_cap_5pct_cm,onboarding_sachet|education
8086122987775,T4,D3,D3,50.61,1,74.0,74.0,1,False,False,False,False,Paid Social,Clear Protein,2.53,5.06,2.53,ONBOARDING | sachet_cap_5pct_cm,onboarding_sachet|education
8093538975999,T4,D3,D3,50.61,1,74.0,74.0,1,False,False,False,False,Direct / Organic,Clear Protein,2.53,5.06,2.53,ONBOARDING | sachet_cap_5pct_cm,onboarding_sachet|education
8094913626367,T4,D3,D3,50.61,1,63.65,63.65,1,False,False,False,False,Direct / Organic,Clear Protein,2.53,5.06,2.53,ONBOARDING | sachet_cap_5pct_cm,onboarding_sachet|education
8096610910463,T4,D3,D3,50.61,1,74.0,74.0,1,False,False,False,False,Paid Social,Clear Protein,2.53,5.06,2.53,ONBOARDING | sachet_cap_5pct_cm,onboarding_sachet|education
8108885016831,T4,D3,D3,50.61,1,74.0,74.0,1,False,False,False,False,Direct / Organic,Clear Protein,2.53,5.06,2.53,ONBOARDING | sachet_cap_5pct_cm,onboarding_sachet|education
8109982777599,T4,D3,D3,50.61,1,74.0,74.0,1,False,False,False,False,Paid Social,Clear Protein,2.53,5.06,2.53,ONBOARDING | sachet_cap_5pct_cm,onboarding_sachet|education
8111530934527,T4,D3,D3,50.61,1,69.0,69.0,1,False,False,False,False,Direct / Organic,Clear Protein,2.53,5.06,2.53,ONBOARDING | sachet_cap_5pct_cm,onboarding_sachet|education
8115521323263,T4,D3,D3,50.61,1,74.0,74.0,1,False,False,False,False,Paid Social,Clear Protein,2.53,5.06,2.53,ONBOARDING | sachet_cap_5pct_cm,onboarding_sachet|education
8115816890623,T4,D3,D3,50.61,1,74.0,74.0,1,False,False,False,False,Direct / Organic,Clear Protein,2.53,5.06,2.53,ONBOARDING | sachet_cap_5pct_cm,onboarding_sachet|education
8117297119487,T4,D3,D3,50.61,1,74.0,74.0,1,False,False,False,False,Direct / Organic,Clear Protein,2.53,5.06,2.53,ONBOARDING | sachet_cap_5pct_cm,onboarding_sachet|education
8120263606527,T4,D3,D3,50.61,1,67.1,67.1,1,False,False,False,False,Direct / Organic,Clear Protein,2.53,5.06,2.53,ONBOARDING | sachet_cap_5pct_cm,onboarding_sachet|education
8123205091583,T4,D3,D3,50.61,1,74.0,74.0,1,False,False,False,False,Paid Social,Clear Protein,2.53,5.06,2.53,ONBOARDING | sachet_cap_5pct_cm,onboarding_sachet|education
8140247105791,T4,D3,D3,50.61,1,69.0,69.0,1,False,False,False,False,Direct / Organic,Clear Protein,2.53,5.06,2.53,ONBOARDING | sachet_cap_5pct_cm,onboarding_sachet|education
8143274115327,T4,D3,D3,50.61,1,74.0,74.0,1,False,False,False,False,Direct / Organic,Clear Protein,2.53,5.06,2.53,ONBOARDING | sachet_cap_5pct_cm,onboarding_sachet|education
8149397504255,T4,D3,D3,50.61,1,74.0,74.0,1,False,False,False,False,Paid Social,Clear Protein,2.53,5.06,2.53,ONBOARDING | sachet_cap_5pct_cm,onboarding_sachet|education
8151503044863,T4,D3,D3,50.61,1,74.0,74.0,1,False,False,False,False,Paid Social,Clear Protein,2.53,5.06,2.53,ONBOARDING | sachet_cap_5pct_cm,onboarding_sachet|education
8164918395135,T4,D3,D3,50.61,1,62.1,62.1,1,False,False,False,False,Direct / Organic,Clear Protein,2.53,5.06,2.53,ONBOARDING | sachet_cap_5pct_cm,onboarding_sachet|education
8166562496767,T4,D3,D3,50.61,1,62.1,62.1,1,False,False,False,False,Direct / Organic,Clear Protein,2.53,5.06,2.53,ONBOARDING | sachet_cap_5pct_cm,onboarding_sachet|education
8166873858303,T4,D3,D3,50.61,1,62.1,62.1,1,False,False,False,False,Direct / Organic,Clear Protein,2.53,5.06,2.53,ONBOARDING | sachet_cap_5pct_cm,onboarding_sachet|education
8244695531775,T4,D3,D3,50.61,1,69.0,69.0,1,False,False,False,False,Direct / Organic,Clear Protein,2.53,5.06,2.53,ONBOARDING | sachet_cap_5pct_cm,onboarding_sachet|education
8251518222591,T4,D3,D3,50.61,1,74.0,74.0,1,False,False,False,False,Paid Social,Clear Protein,2.53,5.06,2.53,ONBOARDING | sachet_cap_5pct_cm,onboarding_sachet|education
8276623556863,T4,D3,D3,50.61,1,74.0,74.0,1,False,False,False,False,Direct / Organic,Clear Protein,2.53,5.06,2.53,ONBOARDING | sachet_cap_5pct_cm,onboarding_sachet|education
8276952056063,T4,D3,D3,50.61,1,74.0,74.0,1,False,False,False,False,Direct / Organic,Clear Protein,2.53,5.06,2.53,ONBOARDING | sachet_cap_5pct_cm,onboarding_sachet|education
8350754898175,T4,D3,D3,50.61,1,74.0,74.0,1,False,False,False,False,Direct / Organic,Clear Protein,2.53,5.06,2.53,ONBOARDING | sachet_cap_5pct_cm,onboarding_sachet|education
8350990729471,T4,D3,D3,50.61,1,74.0,74.0,2,False,False,False,False,Direct / Organic,Unknown,2.53,5.06,2.53,ONBOARDING | sachet_cap_5pct_cm,onboarding_sachet|education
8438487843071,T4,D3,D2,50.61,1,74.0,74.0,1,False,False,False,False,Direct / Organic,Clear Protein,2.53,5.06,2.53,ONBOARDING | sachet_cap_5pct_cm,onboarding_sachet|education
8479441551615,T4,D3,D2,50.61,1,67.1,67.1,1,False,False,False,False,Direct / Organic,Clear Protein,2.53,5.06,2.53,ONBOARDING | sachet_cap_5pct_cm,onboarding_sachet|education
8488219017471,T4,D3,D2,50.61,1,62.1,62.1,1,False,False,False,False,Direct / Organic,Clear Protein,2.53,5.06,2.53,ONBOARDING | sachet_cap_5pct_cm,onboarding_sachet|education
8488239988991,T4,D3,D2,50.61,1,62.1,62.1,1,False,False,False,False,Direct / Organic,Clear Protein,2.53,5.06,2.53,ONBOARDING | sachet_cap_5pct_cm,onboarding_sachet|education
8488432992511,T4,D3,D2,50.61,1,62.1,62.1,1,False,False,False,False,Direct / Organic,Clear Protein,2.53,5.06,2.53,ONBOARDING | sachet_cap_5pct_cm,onboarding_sachet|education
8591215427839,T4,D3,D2,50.61,1,74.0,74.0,1,False,False,False,False,Direct / Organic,Clear Protein,2.53,5.06,2.53,ONBOARDING | sachet_cap_5pct_cm,onboarding_sachet|education
8672541606143,T4,D3,D2,50.61,1,74.0,74.0,1,False,False,False,False,Direct / Organic,Clear Protein,2.53,5.06,2.53,ONBOARDING | sachet_cap_5pct_cm,onboarding_sachet|education
8691058213119,T4,D3,D2,50.61,1,70.38,70.38,1,False,False,False,False,Direct / Organic,Clear Protein,2.53,5.06,2.53,ONBOARDING | sachet_cap_5pct_cm,onboarding_sachet|education
8697188122879,T4,D3,D2,50.61,1,70.73,70.73,1,False,False,False,False,Direct / Organic,Clear Protein,2.53,5.06,2.53,ONBOARDING | sachet_cap_5pct_cm,onboarding_sachet|education
8702625251583,T4,D3,D2,50.61,1,71.69,71.69,1,False,False,False,False,Direct / Organic,Clear Protein,2.53,5.06,2.53,ONBOARDING | sachet_cap_5pct_cm,onboarding_sachet|education
8708959928575,T4,D3,D2,50.61,1,74.0,74.0,1,False,False,False,False,Direct / Organic,Clear Protein,2.53,5.06,2.53,ONBOARDING | sachet_cap_5pct_cm,onboarding_sachet|education
8713261121791,T4,D3,D2,50.61,1,74.0,74.0,1,False,False,False,False,Direct / Organic,Clear Protein,2.53,5.06,2.53,ONBOARDING | sachet_cap_5pct_cm,onboarding_sachet|education
8718133362943,T4,D3,D2,50.61,1,74.0,74.0,1,False,False,False,False,Direct / Organic,Clear Protein,2.53,5.06,2.53,ONBOARDING | sachet_cap_5pct_cm,onboarding_sachet|education
8737075822847,T4,D3,D2,50.61,1,74.0,74.0,1,False,False,False,False,Direct / Organic,Clear Protein,2.53,5.06,2.53,ONBOARDING | sachet_cap_5pct_cm,onboarding_sachet|education
8761140216063,T4,D3,D2,50.61,1,58.65,58.65,1,False,False,False,False,Direct / Organic,Clear Protein,2.53,5.06,2.53,ONBOARDING | sachet_cap_5pct_cm,onboarding_sachet|education
8761335447807,T4,D3,D2,50.61,1,58.65,58.65,1,False,False,False,False,Direct / Organic,Clear Protein,2.53,5.06,2.53,ONBOARDING | sachet_cap_5pct_cm,onboarding_sachet|education
8761361301759,T4,D3,D2,50.61,1,58.65,58.65,1,False,False,False,False,Direct / Organic,Clear Protein,2.53,5.06,2.53,ONBOARDING | sachet_cap_5pct_cm,onboarding_sachet|education
8761495748863,T4,D3,D2,50.61,1,58.65,58.65,1,False,False,False,False,Direct / Organic,Clear Protein,2.53,5.06,2.53,ONBOARDING | sachet_cap_5pct_cm,onboarding_sachet|education
8761661260031,T4,D3,D2,50.61,1,55.2,55.2,1,False,False,False,False,Direct / Organic,Clear Protein,2.53,5.06,2.53,ONBOARDING | sachet_cap_5pct_cm,onboarding_sachet|education
8761679806719,T4,D3,D2,50.61,1,69.0,69.0,1,False,False,False,False,Direct / Organic,Clear Protein,2.53,5.06,2.53,ONBOARDING | sachet_cap_5pct_cm,onboarding_sachet|education
8761725026559,T4,D3,D2,50.61,1,58.65,58.65,1,False,False,False,False,Direct / Organic,Clear Protein,2.53,5.06,2.53,ONBOARDING | sachet_cap_5pct_cm,onboarding_sachet|education
8768194806015,T4,D3,D2,50.61,1,74.0,74.0,1,False,False,False,False,Direct / Organic,Clear Protein,2.53,5.06,2.53,ONBOARDING | sachet_cap_5pct_cm,onboarding_sachet|education
8785986322687,T4,D3,D2,50.61,1,74.0,74.0,1,False,False,False,False,Direct / Organic,Clear Protein,2.53,5.06,2.53,ONBOARDING | sachet_cap_5pct_cm,onboarding_sachet|education
8822041116927,T4,D3,D2,50.61,1,74.0,74.0,1,False,False,False,False,Direct / Organic,Clear Protein,2.53,5.06,2.53,ONBOARDING | sachet_cap_5pct_cm,onboarding_sachet|education
8822341075199,T4,D3,D2,50.61,1,74.0,74.0,1,False,False,False,False,Direct / Organic,Clear Protein,2.53,5.06,2.53,ONBOARDING | sachet_cap_5pct_cm,onboarding_sachet|education
8828864200959,T4,D3,D2,50.61,1,74.0,74.0,1,False,False,False,False,Direct / Organic,Clear Protein,2.53,5.06,2.53,ONBOARDING | sachet_cap_5pct_cm,onboarding_sachet|education
8839762575615,T4,D3,D2,50.61,1,74.0,74.0,1,False,False,False,False,Direct / Organic,Clear Protein,2.53,5.06,2.53,ONBOARDING | sachet_cap_5pct_cm,onboarding_sachet|education
8848180150527,T4,D3,D2,50.61,1,74.0,74.0,1,False,False,False,False,Direct / Organic,Clear Protein,2.53,5.06,2.53,ONBOARDING | sachet_cap_5pct_cm,onboarding_sachet|education
8856898175231,T4,D3,D2,50.61,1,74.0,74.0,1,False,False,False,False,Direct / Organic,Clear Protein,2.53,5.06,2.53,ONBOARDING | sachet_cap_5pct_cm,onboarding_sachet|education
8880816423167,T4,D3,D2,50.61,1,69.0,69.0,1,False,False,False,False,Direct / Organic,Clear Protein,2.53,5.06,2.53,ONBOARDING | sachet_cap_5pct_cm,onboarding_sachet|education
7755960221951,T2,D3,D1,50.54,3,134.53,44.843333333333334,1,False,False,True,False,Direct / Organic,Unknown,2.53,5.05,5.05,SUBSCRIBE_AND_SAVE | bundle_offers | no_blanket_10pct,subscribe_discount|bundle|category_sample
7942389006591,T4,D3,D3,50.48,1,68.87,68.87,1,False,False,False,False,Direct / Organic,Clear Protein,2.52,5.05,2.52,ONBOARDING | sachet_cap_5pct_cm,onboarding_sachet|education
7756385714431,T4,D3,D4,50.47,1,96.91,96.91,2,False,False,False,False,Direct / Organic,Other,2.52,5.05,2.52,ONBOARDING | sachet_cap_5pct_cm,onboarding_sachet|education
7756386369791,T4,D3,D4,50.47,1,109.34,109.34,1,False,False,False,False,Direct / Organic,Other,2.52,5.05,2.52,ONBOARDING | sachet_cap_5pct_cm,onboarding_sachet|education
7756431655167,T4,D3,D4,50.47,1,80.56,80.56,1,False,False,False,False,Direct / Organic,Other,2.52,5.05,2.52,ONBOARDING | sachet_cap_5pct_cm,onboarding_sachet|education
7755926143231,T3,D3,D2,50.46,2,126.14,63.07,1,False,False,False,False,Direct / Organic,Unknown,2.52,5.05,2.52,CROSS_SELL_SAMPLE | category_incentive,cross_category_sachet|second_order_incentive
8608936100095,T4,D3,D2,50.42,1,68.81,68.81,1,False,False,False,False,Paid Social,Clear Protein,2.52,5.04,2.52,ONBOARDING | sachet_cap_5pct_cm,onboarding_sachet|education
7756266701055,T4,D3,D4,50.36,1,85.57,85.57,3,False,False,False,False,Direct / Organic,Accessories,2.52,5.04,2.52,ONBOARDING | sachet_cap_5pct_cm,onboarding_sachet|education
7756487622911,T4,D3,D4,50.35,1,83.03,83.03,3,False,False,False,False,Direct / Organic,Accessories,2.52,5.04,2.52,ONBOARDING | sachet_cap_5pct_cm,onboarding_sachet|education
8154965737727,T4,D3,D3,50.31,1,78.48,78.48,1,False,False,False,False,Direct / Organic,Other,2.52,5.03,2.52,ONBOARDING | sachet_cap_5pct_cm,onboarding_sachet|education
8314650263807,T4,D3,D3,50.22,1,87.84,87.84,1,True,False,False,False,Subscription,Lean Protein,2.51,5.02,2.51,ONBOARDING | sachet_cap_5pct_cm,onboarding_sachet|education
7521958330623,T4,D3,D5,50.13,1,51.18,51.18,1,False,False,False,False,Subscription,Unknown,2.51,5.01,2.51,ONBOARDING | sachet_cap_5pct_cm,onboarding_sachet|education
6329600704767,T4,D3,D5,50.0,1,124.99,124.99,1,False,False,False,False,Subscription,Unknown,2.5,5.0,2.5,ONBOARDING | sachet_cap_5pct_cm,onboarding_sachet|education
7530355884287,T3,D3,D2,49.97,2,64.63,32.315,2,True,False,False,False,Subscription,Soy Protein,2.5,5.0,2.5,CROSS_SELL_SAMPLE | category_incentive,cross_category_sachet|second_order_incentive
8369895768319,T4,D3,D2,49.95,1,69.51,69.51,1,False,False,False,False,Direct / Organic,Clear Protein,2.5,5.0,2.5,ONBOARDING | sachet_cap_5pct_cm,onboarding_sachet|education
7756030148863,T2,D3,D1,49.91,2,127.51,63.755,1,False,False,True,False,Direct / Organic,Unknown,2.5,4.99,4.99,SUBSCRIBE_AND_SAVE | bundle_offers | no_blanket_10pct,subscribe_discount|bundle|category_sample
6328298111231,T3,D3,D2,49.91,2,134.58,67.29,1,False,False,False,False,Subscription,Unknown,2.5,4.99,2.5,CROSS_SELL_SAMPLE | category_incentive,cross_category_sachet|second_order_incentive
7756044730623,T4,D3,D4,49.85,1,127.36,127.36,1,False,False,False,False,Direct / Organic,Unknown,2.49,4.99,2.49,ONBOARDING | sachet_cap_5pct_cm,onboarding_sachet|education
7756460884223,T4,D3,D4,49.82,1,55.68,55.68,3,True,False,False,False,Subscription,Other,2.49,4.98,2.49,ONBOARDING | sachet_cap_5pct_cm,onboarding_sachet|education
7756398854399,T2,D3,D1,49.79,2,128.69,64.345,2,True,False,True,False,Subscription,Other,2.49,4.98,4.98,SUBSCRIBE_AND_SAVE | bundle_offers | no_blanket_10pct,subscribe_discount|bundle|category_sample
8841991520511,T4,D3,D2,49.66,1,59.0,59.0,1,False,False,False,False,Direct / Organic,Other,2.48,4.97,2.48,ONBOARDING | sachet_cap_5pct_cm,onboarding_sachet|education
6474696687871,T4,D3,D5,49.64,1,80.71,80.71,1,False,False,False,False,Subscription,Other,2.48,4.96,2.48,ONBOARDING | sachet_cap_5pct_cm,onboarding_sachet|education
6477558612223,T4,D3,D5,49.64,1,80.71,80.71,1,False,False,False,False,Subscription,Other,2.48,4.96,2.48,ONBOARDING | sachet_cap_5pct_cm,onboarding_sachet|education
8263332397311,T4,D3,D3,49.6,1,67.0,67.0,3,False,False,False,False,Paid Social,Collagen Glow,2.48,4.96,2.48,ONBOARDING | sachet_cap_5pct_cm,onboarding_sachet|education
7756426150143,T2,D3,D1,49.48,2,65.88,32.94,2,False,False,True,False,Direct / Organic,Other,2.47,4.95,4.95,SUBSCRIBE_AND_SAVE | bundle_offers | no_blanket_10pct,subscribe_discount|bundle|category_sample
8853473394943,T4,D3,D2,49.47,1,67.86,67.86,1,True,False,False,False,Subscription,Clear Protein,2.47,4.95,2.47,ONBOARDING | sachet_cap_5pct_cm,onboarding_sachet|education
7756328239359,T2,D3,D1,49.29,2,99.19,49.595,3,False,False,True,False,Direct / Organic,Accessories,2.46,4.93,4.93,SUBSCRIBE_AND_SAVE | bundle_offers | no_blanket_10pct,subscribe_discount|bundle|category_sample
8041292071167,T4,D3,D3,49.28,1,74.8,74.8,2,False,False,False,False,Direct / Organic,Other,2.46,4.93,2.46,ONBOARDING | sachet_cap_5pct_cm,onboarding_sachet|education
7756475564287,T4,D3,D4,49.24,1,64.11,64.11,2,False,False,False,False,Direct / Organic,Other,2.46,4.92,2.46,ONBOARDING | sachet_cap_5pct_cm,onboarding_sachet|education
8484645535999,T4,D3,D2,49.22,1,60.85,60.85,1,False,False,False,False,Direct / Organic,Clear Protein,2.46,4.92,2.46,ONBOARDING | sachet_cap_5pct_cm,onboarding_sachet|education
8653191905535,T4,D3,D2,49.21,1,58.8,58.8,2,False,False,False,False,Direct / Organic,Soy Protein,2.46,4.92,2.46,ONBOARDING | sachet_cap_5pct_cm,onboarding_sachet|education
8484438245631,T4,D3,D2,49.08,1,67.47,67.47,1,False,False,False,False,Direct / Organic,Clear Protein,2.45,4.91,2.45,ONBOARDING | sachet_cap_5pct_cm,onboarding_sachet|education
6423594107135,T4,D3,D5,49.03,1,122.58,122.58,1,False,False,False,False,Subscription,Unknown,2.45,4.9,2.45,ONBOARDING | sachet_cap_5pct_cm,onboarding_sachet|education
7475045269759,T4,D3,D5,49.02,1,48.86,48.86,2,False,False,False,False,Subscription,Collagen Glow,2.45,4.9,2.45,ONBOARDING | sachet_cap_5pct_cm,onboarding_sachet|education
7491937861887,T4,D3,D5,49.02,1,64.23,64.23,2,False,False,False,False,Subscription,Collagen Glow,2.45,4.9,2.45,ONBOARDING | sachet_cap_5pct_cm,onboarding_sachet|education
8843455529215,T4,D3,D2,49.0,1,64.53,64.53,2,False,False,False,False,Direct / Organic,Clear Protein,2.45,4.9,2.45,ONBOARDING | sachet_cap_5pct_cm,onboarding_sachet|education
8373600026879,T4,D3,D2,48.93,1,67.32,67.32,1,False,False,False,False,Direct / Organic,Clear Protein,2.45,4.89,2.45,ONBOARDING | sachet_cap_5pct_cm,onboarding_sachet|education
7756026773759,T2,D3,D1,48.91,2,129.21,64.605,2,False,False,True,False,Direct / Organic,Unknown,2.45,4.89,4.89,SUBSCRIBE_AND_SAVE | bundle_offers | no_blanket_10pct,subscribe_discount|bundle|category_sample
6391423762687,T4,D3,D5,48.8,1,64.31,64.31,1,False,False,False,False,Subscription,Other,2.44,4.88,2.44,ONBOARDING | sachet_cap_5pct_cm,onboarding_sachet|education
6510186463487,T4,D3,D5,48.8,1,54.8,54.8,1,False,False,False,False,Subscription,Other,2.44,4.88,2.44,ONBOARDING | sachet_cap_5pct_cm,onboarding_sachet|education
6601909305599,T4,D3,D5,48.8,1,74.8,74.8,1,False,False,False,False,Subscription,Other,2.44,4.88,2.44,ONBOARDING | sachet_cap_5pct_cm,onboarding_sachet|education
6613396193535,T4,D3,D5,48.8,1,67.81,67.81,1,False,False,False,False,Subscription,Other,2.44,4.88,2.44,ONBOARDING | sachet_cap_5pct_cm,onboarding_sachet|education
7756354158847,T4,D3,D4,48.8,1,88.03,88.03,1,False,False,False,False,Direct / Organic,Other,2.44,4.88,2.44,ONBOARDING | sachet_cap_5pct_cm,onboarding_sachet|education
8800846971135,T4,D3,D2,48.76,1,67.99,67.99,2,False,False,False,False,Direct / Organic,Accessories,2.44,4.88,2.44,ONBOARDING | sachet_cap_5pct_cm,onboarding_sachet|education
8438075523327,T4,D3,D2,48.74,1,67.13,67.13,1,False,False,False,False,Direct / Organic,Clear Protein,2.44,4.87,2.44,ONBOARDING | sachet_cap_5pct_cm,onboarding_sachet|education
8438237298943,T4,D3,D2,48.74,1,67.13,67.13,1,False,False,False,False,Direct / Organic,Clear Protein,2.44,4.87,2.44,ONBOARDING | sachet_cap_5pct_cm,onboarding_sachet|education
8439901749503,T4,D3,D2,48.73,1,67.12,67.12,1,False,False,False,False,Direct / Organic,Clear Protein,2.44,4.87,2.44,ONBOARDING | sachet_cap_5pct_cm,onboarding_sachet|education
8362934567167,T4,D3,D3,48.72,1,67.11,67.11,1,False,False,False,False,Direct / Organic,Clear Protein,2.44,4.87,2.44,ONBOARDING | sachet_cap_5pct_cm,onboarding_sachet|education
7756423758079,T2,D3,D1,48.7,2,108.08,54.04,3,True,False,True,False,Subscription,Other,2.44,4.87,4.87,SUBSCRIBE_AND_SAVE | bundle_offers | no_blanket_10pct,subscribe_discount|bundle|category_sample
7756384338175,T4,D3,D4,48.65,1,92.37,92.37,1,False,False,False,False,Direct / Organic,Other,2.43,4.86,2.43,ONBOARDING | sachet_cap_5pct_cm,onboarding_sachet|education
7756385779967,T4,D3,D4,48.65,1,86.31,86.31,2,False,False,False,False,Direct / Organic,Unknown,2.43,4.86,2.43,ONBOARDING | sachet_cap_5pct_cm,onboarding_sachet|education
8353921532159,T4,D3,D3,48.63,1,73.14,73.14,1,False,False,False,False,Direct / Organic,Clear Protein,2.43,4.86,2.43,ONBOARDING | sachet_cap_5pct_cm,onboarding_sachet|education
8877871202559,T4,D3,D2,48.61,1,67.84,67.84,2,False,False,False,False,Direct / Organic,Accessories,2.43,4.86,2.43,ONBOARDING | sachet_cap_5pct_cm,onboarding_sachet|education
8077216153855,T4,D3,D3,48.6,1,97.7,97.7,1,False,False,False,False,Direct / Organic,Lean Protein,2.43,4.86,2.43,ONBOARDING | sachet_cap_5pct_cm,onboarding_sachet|education
8683348623615,T4,D3,D2,48.56,1,68.1,68.1,1,False,False,False,False,Direct / Organic,Clear Protein,2.43,4.86,2.43,ONBOARDING | sachet_cap_5pct_cm,onboarding_sachet|education
8078896857343,T4,D3,D3,48.5,1,64.0,64.0,1,False,False,False,False,Direct / Organic,Clear Protein,2.43,4.85,2.43,ONBOARDING | sachet_cap_5pct_cm,onboarding_sachet|education
7381485093119,T4,D3,D5,48.45,1,92.15,92.15,2,False,False,False,False,Subscription,Other,2.42,4.85,2.42,ONBOARDING | sachet_cap_5pct_cm,onboarding_sachet|education
7755969855743,T3,D3,D2,48.44,2,113.35,56.675,3,True,False,False,False,Direct / Organic,Unknown,2.42,4.84,2.42,CROSS_SELL_SAMPLE | category_incentive,cross_category_sachet|second_order_incentive
6328286970111,T4,D3,D5,48.42,1,121.05,121.05,1,False,False,False,False,Subscription,Unknown,2.42,4.84,2.42,ONBOARDING | sachet_cap_5pct_cm,onboarding_sachet|education
8087155572991,T4,D3,D3,48.41,1,59.53,59.53,1,False,False,False,False,Direct / Organic,Clear Protein,2.42,4.84,2.42,ONBOARDING | sachet_cap_5pct_cm,onboarding_sachet|education
8445704863999,T4,D3,D2,48.41,1,64.3,64.3,3,False,False,False,False,Direct / Organic,Clear Protein,2.42,4.84,2.42,ONBOARDING | sachet_cap_5pct_cm,onboarding_sachet|education
7950392361215,T4,D3,D3,48.39,1,66.79,66.79,2,False,False,False,False,Affiliate,Lean Protein,2.42,4.84,2.42,ONBOARDING | sachet_cap_5pct_cm,onboarding_sachet|education
8288895009023,T4,D3,D3,48.35,1,66.74,66.74,1,False,False,False,False,Direct / Organic,Clear Protein,2.42,4.84,2.42,ONBOARDING | sachet_cap_5pct_cm,onboarding_sachet|education
6327517053183,T4,D3,D5,48.33,1,82.61,82.61,2,False,False,False,False,Subscription,Other,2.42,4.83,2.42,ONBOARDING | sachet_cap_5pct_cm,onboarding_sachet|education
8079305408767,T4,D3,D3,48.3,1,66.69,66.69,1,False,False,False,False,Direct / Organic,Clear Protein,2.42,4.83,2.42,ONBOARDING | sachet_cap_5pct_cm,onboarding_sachet|education
8291132899583,T4,D3,D3,48.23,1,66.62,66.62,1,False,False,False,False,Direct / Organic,Clear Protein,2.41,4.82,2.41,ONBOARDING | sachet_cap_5pct_cm,onboarding_sachet|education
8309109752063,T4,D3,D3,48.23,1,66.62,66.62,1,False,False,False,False,Direct / Organic,Clear Protein,2.41,4.82,2.41,ONBOARDING | sachet_cap_5pct_cm,onboarding_sachet|education
8274112545023,T4,D3,D3,48.14,1,66.53,66.53,1,False,False,False,False,Paid Social,Clear Protein,2.41,4.81,2.41,ONBOARDING | sachet_cap_5pct_cm,onboarding_sachet|education
7756376375551,T2,D3,D1,48.11,3,99.0,33.0,3,False,False,True,False,Direct / Organic,Other,2.41,4.81,4.81,SUBSCRIBE_AND_SAVE | bundle_offers | no_blanket_10pct,subscribe_discount|bundle|category_sample
7476708835583,T4,D3,D5,48.07,1,42.56,42.56,2,False,False,False,False,Subscription,Other,2.4,4.81,2.4,ONBOARDING | sachet_cap_5pct_cm,onboarding_sachet|education
8246421651711,T4,D3,D3,48.0,1,66.39,66.39,1,False,False,False,False,Direct / Organic,Clear Protein,2.4,4.8,2.4,ONBOARDING | sachet_cap_5pct_cm,onboarding_sachet|education
6327740858623,T4,D3,D5,48.0,1,119.99,119.99,1,False,False,False,False,Subscription,Unknown,2.4,4.8,2.4,ONBOARDING | sachet_cap_5pct_cm,onboarding_sachet|education
7756175606015,T4,D3,D4,47.99,1,66.38,66.38,1,False,False,False,False,Paid Social,Clear Protein,2.4,4.8,2.4,ONBOARDING | sachet_cap_5pct_cm,onboarding_sachet|education
7756422217983,T4,D3,D4,47.98,1,82.38,82.38,2,False,False,False,False,Direct / Organic,Other,2.4,4.8,2.4,ONBOARDING | sachet_cap_5pct_cm,onboarding_sachet|education
7756473958655,T4,D3,D4,47.97,1,59.73,59.73,1,False,False,False,False,Direct / Organic,Clear Protein,2.4,4.8,2.4,ONBOARDING | sachet_cap_5pct_cm,onboarding_sachet|education
7756474188031,T4,D3,D4,47.97,1,66.36,66.36,1,False,False,False,False,Direct / Organic,Clear Protein,2.4,4.8,2.4,ONBOARDING | sachet_cap_5pct_cm,onboarding_sachet|education
7756475531519,T4,D3,D4,47.97,1,59.73,59.73,1,False,False,False,False,Direct / Organic,Clear Protein,2.4,4.8,2.4,ONBOARDING | sachet_cap_5pct_cm,onboarding_sachet|education
7756476940543,T4,D3,D4,47.97,1,66.36,66.36,1,False,False,False,False,Direct / Organic,Clear Protein,2.4,4.8,2.4,ONBOARDING | sachet_cap_5pct_cm,onboarding_sachet|education
7829327315199,T4,D3,D3,47.97,1,59.14,59.14,1,False,False,False,False,Direct / Organic,Clear Protein,2.4,4.8,2.4,ONBOARDING | sachet_cap_5pct_cm,onboarding_sachet|education
7829327446271,T4,D3,D3,47.97,1,66.36,66.36,1,False,False,False,False,Direct / Organic,Clear Protein,2.4,4.8,2.4,ONBOARDING | sachet_cap_5pct_cm,onboarding_sachet|education
8031944671487,T4,D3,D3,47.97,1,67.41,67.41,1,True,False,False,False,Subscription,Clear Protein,2.4,4.8,2.4,ONBOARDING | sachet_cap_5pct_cm,onboarding_sachet|education
8050160206079,T4,D3,D3,47.97,1,60.66,60.66,1,True,False,False,False,Subscription,Clear Protein,2.4,4.8,2.4,ONBOARDING | sachet_cap_5pct_cm,onboarding_sachet|education
7933079257343,T4,D3,D3,47.86,1,66.25,66.25,1,False,False,False,False,Paid Social,Clear Protein,2.39,4.79,2.39,ONBOARDING | sachet_cap_5pct_cm,onboarding_sachet|education
8841467396351,T4,D3,D2,47.79,1,64.7,64.7,1,False,False,False,False,Direct / Organic,Other,2.39,4.78,2.39,ONBOARDING | sachet_cap_5pct_cm,onboarding_sachet|education
8036161880319,T4,D3,D3,47.75,1,74.8,74.8,2,False,False,False,False,Direct / Organic,Lean Protein,2.39,4.78,2.39,ONBOARDING | sachet_cap_5pct_cm,onboarding_sachet|education
8134168314111,T4,D3,D3,47.72,1,66.11,66.11,1,True,False,False,False,Direct / Organic,Clear Protein,2.39,4.77,2.39,ONBOARDING | sachet_cap_5pct_cm,onboarding_sachet|education
7307541086463,T4,D3,D5,47.62,1,61.71,61.71,1,False,False,False,False,Subscription,Other,2.38,4.76,2.38,ONBOARDING | sachet_cap_5pct_cm,onboarding_sachet|education
7475380420863,T4,D3,D5,47.62,1,41.86,41.86,1,False,False,False,False,Subscription,Other,2.38,4.76,2.38,ONBOARDING | sachet_cap_5pct_cm,onboarding_sachet|education
7843205382399,T2,D3,D1,47.62,2,60.62,30.31,1,False,False,True,False,Direct / Organic,Other,2.38,4.76,4.76,SUBSCRIBE_AND_SAVE | bundle_offers | no_blanket_10pct,subscribe_discount|bundle|category_sample
8667886878975,T4,D3,D2,47.62,1,63.11,63.11,1,False,False,False,False,Direct / Organic,Other,2.38,4.76,2.38,ONBOARDING | sachet_cap_5pct_cm,onboarding_sachet|education
8799600935167,T4,D3,D2,47.62,1,59.0,59.0,1,False,False,False,False,Direct / Organic,Other,2.38,4.76,2.38,ONBOARDING | sachet_cap_5pct_cm,onboarding_sachet|education
6594939814143,T4,D3,D5,47.59,1,54.8,54.8,1,False,False,False,False,Subscription,Other,2.38,4.76,2.38,ONBOARDING | sachet_cap_5pct_cm,onboarding_sachet|education
6708449607935,T4,D3,D5,47.59,1,76.81,76.81,1,False,False,False,False,Subscription,Other,2.38,4.76,2.38,ONBOARDING | sachet_cap_5pct_cm,onboarding_sachet|education
6718421565695,T4,D3,D5,47.59,1,76.81,76.81,1,False,False,False,False,Subscription,Other,2.38,4.76,2.38,ONBOARDING | sachet_cap_5pct_cm,onboarding_sachet|education
6805761556735,T4,D3,D5,47.59,1,68.82,68.82,1,False,False,False,False,Subscription,Other,2.38,4.76,2.38,ONBOARDING | sachet_cap_5pct_cm,onboarding_sachet|education
7437367148799,T4,D3,D5,47.59,1,84.8,84.8,1,False,False,False,False,Subscription,Other,2.38,4.76,2.38,ONBOARDING | sachet_cap_5pct_cm,onboarding_sachet|education
7476624916735,T4,D3,D5,47.59,1,55.93,55.93,1,False,False,False,False,Subscription,Other,2.38,4.76,2.38,ONBOARDING | sachet_cap_5pct_cm,onboarding_sachet|education
7476673413375,T4,D3,D5,47.59,1,55.93,55.93,1,False,False,False,False,Subscription,Other,2.38,4.76,2.38,ONBOARDING | sachet_cap_5pct_cm,onboarding_sachet|education
7476777386239,T4,D3,D5,47.59,1,55.93,55.93,1,False,False,False,False,Subscription,Other,2.38,4.76,2.38,ONBOARDING | sachet_cap_5pct_cm,onboarding_sachet|education
7756458000639,T2,D3,D1,47.56,2,67.68,33.84,1,True,False,True,False,Direct / Organic,Collagen Glow,2.38,4.76,4.76,SUBSCRIBE_AND_SAVE | bundle_offers | no_blanket_10pct,subscribe_discount|bundle|category_sample
7756426051839,T4,D3,D4,47.53,1,86.28,86.28,1,False,False,False,False,Direct / Organic,Collagen Glow,2.38,4.75,2.38,ONBOARDING | sachet_cap_5pct_cm,onboarding_sachet|education
7756431425791,T4,D3,D4,47.53,1,63.57,63.57,1,False,False,False,False,Direct / Organic,Collagen Glow,2.38,4.75,2.38,ONBOARDING | sachet_cap_5pct_cm,onboarding_sachet|education
7756010979583,T2,D3,D1,47.52,4,118.81,29.7025,1,False,False,True,False,Direct / Organic,Unknown,2.38,4.75,4.75,SUBSCRIBE_AND_SAVE | bundle_offers | no_blanket_10pct,subscribe_discount|bundle|category_sample
7819758993663,T4,D3,D4,47.48,1,59.28,59.28,1,False,False,False,False,Email,Clear Protein,2.37,4.75,2.37,ONBOARDING | sachet_cap_5pct_cm,onboarding_sachet|education
7756006621439,T4,D3,D4,47.47,1,60.55,60.55,1,False,False,False,False,Direct / Organic,Soy Protein,2.37,4.75,2.37,ONBOARDING | sachet_cap_5pct_cm,onboarding_sachet|education
7756404982015,T4,D3,D4,47.47,1,51.15,51.15,1,False,False,False,False,Direct / Organic,Soy Protein,2.37,4.75,2.37,ONBOARDING | sachet_cap_5pct_cm,onboarding_sachet|education
7756466159871,T4,D3,D4,47.47,1,57.52,57.52,1,False,False,False,False,Direct / Organic,Soy Protein,2.37,4.75,2.37,ONBOARDING | sachet_cap_5pct_cm,onboarding_sachet|education
7756488605951,T4,D3,D4,47.47,1,60.55,60.55,1,False,False,False,False,Direct / Organic,Soy Protein,2.37,4.75,2.37,ONBOARDING | sachet_cap_5pct_cm,onboarding_sachet|education
7829327872255,T4,D3,D3,47.47,1,57.22,57.22,1,False,False,False,False,Direct / Organic,Soy Protein,2.37,4.75,2.37,ONBOARDING | sachet_cap_5pct_cm,onboarding_sachet|education
7756430115071,T4,D3,D4,47.43,1,65.69,65.69,3,False,False,False,False,Direct / Organic,Other,2.37,4.74,2.37,ONBOARDING | sachet_cap_5pct_cm,onboarding_sachet|education
7756430541055,T4,D3,D4,47.43,1,65.69,65.69,3,False,False,False,False,Direct / Organic,Other,2.37,4.74,2.37,ONBOARDING | sachet_cap_5pct_cm,onboarding_sachet|education
7756039553279,T4,D3,D4,47.33,1,118.33,118.33,1,False,False,False,False,Direct / Organic,Unknown,2.37,4.73,2.37,ONBOARDING | sachet_cap_5pct_cm,onboarding_sachet|education
7902015652095,T4,D3,D3,47.33,1,65.72,65.72,1,False,False,False,False,Direct / Organic,Clear Protein,2.37,4.73,2.37,ONBOARDING | sachet_cap_5pct_cm,onboarding_sachet|education
7365375525119,T3,D3,D2,47.31,2,64.72,32.36,3,False,False,False,False,Subscription,Lean Protein,2.37,4.73,2.37,CROSS_SELL_SAMPLE | category_incentive,cross_category_sachet|second_order_incentive
7755954127103,T4,D3,D5,47.27,1,118.18,118.18,1,False,False,False,False,Direct / Organic,Unknown,2.36,4.73,2.36,ONBOARDING | sachet_cap_5pct_cm,onboarding_sachet|education
7756019007743,T2,D3,D1,47.22,3,117.22,39.07333333333333,2,False,False,True,False,Direct / Organic,Unknown,2.36,4.72,4.72,SUBSCRIBE_AND_SAVE | bundle_offers | no_blanket_10pct,subscribe_discount|bundle|category_sample
6532515234047,T3,D3,D2,47.17,2,113.3,56.65,1,False,False,False,False,Direct / Organic,Unknown,2.36,4.72,2.36,CROSS_SELL_SAMPLE | category_incentive,cross_category_sachet|second_order_incentive
8869025480959,T4,D3,D2,47.16,1,65.55,65.55,1,True,False,False,False,Subscription,Clear Protein,2.36,4.72,2.36,ONBOARDING | sachet_cap_5pct_cm,onboarding_sachet|education
8878118961407,T4,D3,D2,47.16,1,59.0,59.0,1,True,False,False,False,Subscription,Clear Protein,2.36,4.72,2.36,ONBOARDING | sachet_cap_5pct_cm,onboarding_sachet|education
7705926893823,T3,D3,D2,47.12,2,74.7,37.35,3,False,False,False,False,Subscription,Lean Protein,2.36,4.71,2.36,CROSS_SELL_SAMPLE | category_incentive,cross_category_sachet|second_order_incentive
7476633960703,T4,D3,D5,47.1,1,41.86,41.86,1,False,False,False,False,Subscription,Other,2.36,4.71,2.36,ONBOARDING | sachet_cap_5pct_cm,onboarding_sachet|education
6327719756031,T4,D3,D5,46.97,1,61.71,61.71,1,False,False,False,False,Subscription,Other,2.35,4.7,2.35,ONBOARDING | sachet_cap_5pct_cm,onboarding_sachet|education
6390530113791,T4,D3,D5,46.97,1,55.73,55.73,1,False,False,False,False,Subscription,Other,2.35,4.7,2.35,ONBOARDING | sachet_cap_5pct_cm,onboarding_sachet|education
7157991342335,T4,D3,D5,46.97,1,52.74,52.74,1,False,False,False,False,Subscription,Other,2.35,4.7,2.35,ONBOARDING | sachet_cap_5pct_cm,onboarding_sachet|education
7476565934335,T4,D3,D5,46.97,1,41.86,41.86,1,False,False,False,False,Subscription,Other,2.35,4.7,2.35,ONBOARDING | sachet_cap_5pct_cm,onboarding_sachet|education
7964726853887,T4,D3,D3,46.97,1,59.8,59.8,1,False,False,False,False,Direct / Organic,Other,2.35,4.7,2.35,ONBOARDING | sachet_cap_5pct_cm,onboarding_sachet|education
8327479558399,T4,D3,D3,46.8,1,58.16,58.16,3,False,False,False,False,Paid Social,Lean Protein,2.34,4.68,2.34,ONBOARDING | sachet_cap_5pct_cm,onboarding_sachet|education
6863773204735,T4,D3,D5,46.8,1,100.06,100.06,2,False,False,False,False,Subscription,Other,2.34,4.68,2.34,ONBOARDING | sachet_cap_5pct_cm,onboarding_sachet|education
6532515889407,T4,D3,D5,46.74,1,78.25,78.25,2,False,False,False,False,Direct / Organic,Unknown,2.34,4.67,2.34,ONBOARDING | sachet_cap_5pct_cm,onboarding_sachet|education
7756010127615,T4,D3,D4,46.74,1,92.06,92.06,2,False,False,False,False,Direct / Organic,Unknown,2.34,4.67,2.34,ONBOARDING | sachet_cap_5pct_cm,onboarding_sachet|education
7756264538367,T4,D3,D4,46.74,1,78.25,78.25,2,False,False,False,False,Direct / Organic,Other,2.34,4.67,2.34,ONBOARDING | sachet_cap_5pct_cm,onboarding_sachet|education
7756265292031,T4,D3,D4,46.74,1,78.25,78.25,2,False,False,False,False,Direct / Organic,Unknown,2.34,4.67,2.34,ONBOARDING | sachet_cap_5pct_cm,onboarding_sachet|education
8841650897151,T4,D3,D2,46.68,1,52.0,52.0,1,True,False,False,False,Subscription,Other,2.33,4.67,2.33,ONBOARDING | sachet_cap_5pct_cm,onboarding_sachet|education
8050169282815,T2,D3,D1,46.68,2,74.8,37.4,3,False,False,True,False,Direct / Organic,Accessories,2.33,4.67,4.67,SUBSCRIBE_AND_SAVE | bundle_offers | no_blanket_10pct,subscribe_discount|bundle|category_sample
7966747197695,T4,D3,D3,46.67,1,58.55,58.55,1,False,False,False,False,Direct / Organic,Clear Protein,2.33,4.67,2.33,ONBOARDING | sachet_cap_5pct_cm,onboarding_sachet|education
7336611250431,T3,D3,D2,46.64,2,96.35,48.175,2,True,False,False,False,Subscription,Unknown,2.33,4.66,2.33,CROSS_SELL_SAMPLE | category_incentive,cross_category_sachet|second_order_incentive
6423606395135,T4,D3,D5,46.62,1,116.54,116.54,1,False,False,False,False,Subscription,Unknown,2.33,4.66,2.33,ONBOARDING | sachet_cap_5pct_cm,onboarding_sachet|education
7976295858431,T4,D3,D3,46.61,1,63.71,63.71,2,False,False,False,False,Direct / Organic,Other,2.33,4.66,2.33,ONBOARDING | sachet_cap_5pct_cm,onboarding_sachet|education
6327510335743,T4,D3,D5,46.57,1,116.43,116.43,1,False,False,False,False,Subscription,Unknown,2.33,4.66,2.33,ONBOARDING | sachet_cap_5pct_cm,onboarding_sachet|education
6327509713151,T4,D3,D5,46.54,1,121.25,121.25,1,False,False,False,False,Subscription,Unknown,2.33,4.65,2.33,ONBOARDING | sachet_cap_5pct_cm,onboarding_sachet|education
7755971199231,T4,D3,D4,46.49,1,70.25,70.25,2,True,False,False,False,Subscription,Other,2.32,4.65,2.32,ONBOARDING | sachet_cap_5pct_cm,onboarding_sachet|education
7756415893759,T4,D3,D4,46.36,1,63.02,63.02,2,False,False,False,False,Direct / Organic,Accessories,2.32,4.64,2.32,ONBOARDING | sachet_cap_5pct_cm,onboarding_sachet|education
7756418351359,T2,D3,D1,46.36,2,60.93,30.465,2,False,False,True,False,Direct / Organic,Clear Protein,2.32,4.64,4.64,SUBSCRIBE_AND_SAVE | bundle_offers | no_blanket_10pct,subscribe_discount|bundle|category_sample
7756420481279,T4,D3,D4,46.36,1,59.11,59.11,2,False,False,False,False,Direct / Organic,Accessories,2.32,4.64,2.32,ONBOARDING | sachet_cap_5pct_cm,onboarding_sachet|education
7756422086911,T4,D3,D4,46.36,1,55.79,55.79,2,False,False,False,False,Direct / Organic,Accessories,2.32,4.64,2.32,ONBOARDING | sachet_cap_5pct_cm,onboarding_sachet|education
7756424806655,T4,D3,D4,46.36,1,63.02,63.02,2,False,False,False,False,Direct / Organic,Clear Protein,2.32,4.64,2.32,ONBOARDING | sachet_cap_5pct_cm,onboarding_sachet|education
7756433621247,T4,D3,D4,46.36,1,63.02,63.02,2,False,False,False,False,Direct / Organic,Accessories,2.32,4.64,2.32,ONBOARDING | sachet_cap_5pct_cm,onboarding_sachet|education
7756434178303,T4,D3,D4,46.36,1,63.02,63.02,2,False,False,False,False,Direct / Organic,Accessories,2.32,4.64,2.32,ONBOARDING | sachet_cap_5pct_cm,onboarding_sachet|education
7756460523775,T4,D3,D4,46.36,1,53.91,53.91,2,False,False,False,False,Direct / Organic,Accessories,2.32,4.64,2.32,ONBOARDING | sachet_cap_5pct_cm,onboarding_sachet|education
7756460589311,T4,D3,D4,46.36,1,53.91,53.91,2,False,False,False,False,Direct / Organic,Accessories,2.32,4.64,2.32,ONBOARDING | sachet_cap_5pct_cm,onboarding_sachet|education
7756019302655,T4,D3,D4,46.34,1,118.58,118.58,1,False,False,False,False,Direct / Organic,Unknown,2.32,4.63,2.32,ONBOARDING | sachet_cap_5pct_cm,onboarding_sachet|education
7756262899967,T4,D3,D4,46.34,1,91.04,91.04,3,False,False,False,False,Direct / Organic,Accessories,2.32,4.63,2.32,ONBOARDING | sachet_cap_5pct_cm,onboarding_sachet|education
6336751894783,T4,D3,D5,46.32,1,61.71,61.71,1,False,False,False,False,Subscription,Other,2.32,4.63,2.32,ONBOARDING | sachet_cap_5pct_cm,onboarding_sachet|education
6978829582591,T4,D3,D5,46.32,1,61.71,61.71,1,False,False,False,False,Subscription,Other,2.32,4.63,2.32,ONBOARDING | sachet_cap_5pct_cm,onboarding_sachet|education
7756357566719,T2,D3,D1,46.32,2,118.52,59.26,1,True,False,True,False,Subscription,Unknown,2.32,4.63,4.63,SUBSCRIBE_AND_SAVE | bundle_offers | no_blanket_10pct,subscribe_discount|bundle|category_sample
8802133311743,T4,D3,D2,46.3,1,66.04,66.04,2,False,False,False,False,Direct / Organic,Lean Protein,2.32,4.63,2.32,ONBOARDING | sachet_cap_5pct_cm,onboarding_sachet|education
8783227945215,T4,D3,D2,46.29,1,51.99,51.99,2,True,False,False,False,Subscription,Soy Protein,2.31,4.63,2.31,ONBOARDING | sachet_cap_5pct_cm,onboarding_sachet|education
7977048670463,T4,D3,D3,46.16,1,70.8,70.8,1,False,False,False,False,Direct / Organic,Lean Protein,2.31,4.62,2.31,ONBOARDING | sachet_cap_5pct_cm,onboarding_sachet|education
8874836590847,T4,D3,D2,46.01,1,65.75,65.75,2,False,False,False,False,Paid Social,Lean Protein,2.3,4.6,2.3,ONBOARDING | sachet_cap_5pct_cm,onboarding_sachet|education
7756048662783,T4,D3,D4,45.78,1,114.45,114.45,1,False,False,False,False,Direct / Organic,Unknown,2.29,4.58,2.29,ONBOARDING | sachet_cap_5pct_cm,onboarding_sachet|education
6329829785855,T4,D3,D5,45.72,1,114.29,114.29,1,False,False,False,False,Subscription,Unknown,2.29,4.57,2.29,ONBOARDING | sachet_cap_5pct_cm,onboarding_sachet|education
7756409536767,T4,D3,D4,45.71,1,81.49,81.49,2,False,False,False,False,Direct / Organic,Other,2.29,4.57,2.29,ONBOARDING | sachet_cap_5pct_cm,onboarding_sachet|education
6582888300799,T4,D3,D5,45.64,1,62.51,62.51,1,False,False,False,False,Subscription,Other,2.28,4.56,2.28,ONBOARDING | sachet_cap_5pct_cm,onboarding_sachet|education
7755929977087,T3,D3,D2,45.58,2,119.41,59.705,1,False,False,False,False,Direct / Organic,Unknown,2.28,4.56,2.28,CROSS_SELL_SAMPLE | category_incentive,cross_category_sachet|second_order_incentive
7756398493951,T4,D3,D4,45.57,1,76.13,76.13,4,True,False,False,False,Subscription,Other,2.28,4.56,2.28,ONBOARDING | sachet_cap_5pct_cm,onboarding_sachet|education
8483491119359,T4,D3,D2,45.56,1,58.84,58.84,1,False,False,False,False,Direct / Organic,Lean Protein,2.28,4.56,2.28,ONBOARDING | sachet_cap_5pct_cm,onboarding_sachet|education
8697246744831,T4,D3,D2,45.56,1,62.89,62.89,2,False,False,False,False,Direct / Organic,Clear Protein,2.28,4.56,2.28,ONBOARDING | sachet_cap_5pct_cm,onboarding_sachet|education
6329616859391,T4,D3,D5,45.55,1,113.87,113.87,1,False,False,False,False,Subscription,Unknown,2.28,4.56,2.28,ONBOARDING | sachet_cap_5pct_cm,onboarding_sachet|education
8832675840255,T4,D3,D2,45.5,1,63.89,63.89,1,True,False,False,False,Subscription,Clear Protein,2.28,4.55,2.28,ONBOARDING | sachet_cap_5pct_cm,onboarding_sachet|education
7756377587967,T4,D3,D4,45.48,1,69.03,69.03,1,False,False,False,False,Direct / Organic,Other,2.27,4.55,2.27,ONBOARDING | sachet_cap_5pct_cm,onboarding_sachet|education
8416067551487,T4,D3,D2,45.44,1,62.6,62.6,2,False,False,False,False,Direct / Organic,Lean Protein,2.27,4.54,2.27,ONBOARDING | sachet_cap_5pct_cm,onboarding_sachet|education
8880793944319,T4,D3,D2,45.42,1,65.16,65.16,2,False,False,False,False,Paid Social,Lean Protein,2.27,4.54,2.27,ONBOARDING | sachet_cap_5pct_cm,onboarding_sachet|education
8035693494527,T4,D3,D3,45.38,1,60.0,60.0,2,False,False,False,False,Paid Social,Lean Protein,2.27,4.54,2.27,ONBOARDING | sachet_cap_5pct_cm,onboarding_sachet|education
7956440285439,T4,D3,D3,45.29,1,59.14,59.14,3,False,False,False,False,Direct / Organic,Lean Protein,2.26,4.53,2.26,ONBOARDING | sachet_cap_5pct_cm,onboarding_sachet|education
8779428036863,T4,D3,D2,45.26,1,63.65,63.65,1,True,False,False,False,Subscription,Clear Protein,2.26,4.53,2.26,ONBOARDING | sachet_cap_5pct_cm,onboarding_sachet|education
8165778358527,T4,D3,D3,45.24,1,58.52,58.52,2,False,False,False,False,Direct / Organic,Soy Protein,2.26,4.52,2.26,ONBOARDING | sachet_cap_5pct_cm,onboarding_sachet|education
7756353601791,T2,D3,D1,45.21,4,105.66,26.415,2,True,False,True,False,Subscription,Collagen Glow,2.26,4.52,4.52,SUBSCRIBE_AND_SAVE | bundle_offers | no_blanket_10pct,subscribe_discount|bundle|category_sample
7756044304639,T2,D3,D1,45.07,2,118.14,59.07,1,False,False,True,False,Direct / Organic,Unknown,2.25,4.51,4.51,SUBSCRIBE_AND_SAVE | bundle_offers | no_blanket_10pct,subscribe_discount|bundle|category_sample
7756470616319,T4,D3,D4,44.96,1,69.7,69.7,2,True,False,False,False,Subscription,Clear Protein,2.25,4.5,2.25,ONBOARDING | sachet_cap_5pct_cm,onboarding_sachet|education
7168270795007,T4,D3,D5,44.92,1,84.51,84.51,1,False,False,False,False,Subscription,Lean Protein,2.25,4.49,2.25,ONBOARDING | sachet_cap_5pct_cm,onboarding_sachet|education
7756427657471,T4,D3,D4,44.89,1,48.89,48.89,2,False,False,False,False,Direct / Organic,Other,2.24,4.49,2.24,ONBOARDING | sachet_cap_5pct_cm,onboarding_sachet|education
6327827955967,T4,D3,D5,44.87,1,112.18,112.18,1,False,False,False,False,Subscription,Unknown,2.24,4.49,2.24,ONBOARDING | sachet_cap_5pct_cm,onboarding_sachet|education
7756418121983,T4,D3,D4,44.86,1,56.99,56.99,2,False,False,False,False,Direct / Organic,Unknown,2.24,4.49,2.24,ONBOARDING | sachet_cap_5pct_cm,onboarding_sachet|education
6327692722431,T4,D3,D5,44.68,1,111.71,111.71,1,False,False,False,False,Subscription,Unknown,2.23,4.47,2.23,ONBOARDING | sachet_cap_5pct_cm,onboarding_sachet|education
6423228121343,T4,D3,D5,44.68,1,116.6,116.6,1,False,False,False,False,Subscription,Unknown,2.23,4.47,2.23,ONBOARDING | sachet_cap_5pct_cm,onboarding_sachet|education
8766992941311,T4,D3,D2,44.68,1,63.15,63.15,2,False,False,False,False,Direct / Organic,Clear Protein,2.23,4.47,2.23,ONBOARDING | sachet_cap_5pct_cm,onboarding_sachet|education
8725894365439,T4,D3,D2,44.66,1,64.04,64.04,1,False,False,False,False,Direct / Organic,Lean Protein,2.23,4.47,2.23,ONBOARDING | sachet_cap_5pct_cm,onboarding_sachet|education
8891095023871,T4,D3,D2,44.66,1,62.85,62.85,1,False,False,False,False,Direct / Organic,Lean Protein,2.23,4.47,2.23,ONBOARDING | sachet_cap_5pct_cm,onboarding_sachet|education
7756435194111,T4,D3,D4,44.58,1,74.53,74.53,2,False,False,False,False,Direct / Organic,Collagen Glow,2.23,4.46,2.23,ONBOARDING | sachet_cap_5pct_cm,onboarding_sachet|education
7756439912703,T4,D3,D4,44.58,1,58.84,58.84,2,False,False,False,False,Direct / Organic,Collagen Glow,2.23,4.46,2.23,ONBOARDING | sachet_cap_5pct_cm,onboarding_sachet|education
7756459639039,T4,D3,D4,44.58,1,66.69,66.69,2,False,False,False,False,Direct / Organic,Collagen Glow,2.23,4.46,2.23,ONBOARDING | sachet_cap_5pct_cm,onboarding_sachet|education
7756465701119,T2,D3,D1,44.58,2,69.37,34.685,2,False,False,True,False,Direct / Organic,Lean Protein,2.23,4.46,4.46,SUBSCRIBE_AND_SAVE | bundle_offers | no_blanket_10pct,subscribe_discount|bundle|category_sample
7756469960959,T4,D3,D4,44.58,1,74.53,74.53,2,False,False,False,False,Direct / Organic,Collagen Glow,2.23,4.46,2.23,ONBOARDING | sachet_cap_5pct_cm,onboarding_sachet|education
7967464521983,T4,D3,D3,44.53,1,69.8,69.8,1,False,False,False,False,Direct / Organic,Lean Protein,2.23,4.45,2.23,ONBOARDING | sachet_cap_5pct_cm,onboarding_sachet|education
8649217278207,T4,D3,D2,44.47,1,57.06,57.06,1,False,False,False,False,Direct / Organic,Lean Protein,2.22,4.45,2.22,ONBOARDING | sachet_cap_5pct_cm,onboarding_sachet|education
7756045943039,T2,D3,D1,44.46,2,129.33,64.665,1,False,False,True,False,Direct / Organic,Unknown,2.22,4.45,4.45,SUBSCRIBE_AND_SAVE | bundle_offers | no_blanket_10pct,subscribe_discount|bundle|category_sample
7756431851775,T2,D3,D1,44.45,2,92.65,46.325,3,True,False,True,False,Subscription,Soy Protein,2.22,4.44,4.44,SUBSCRIBE_AND_SAVE | bundle_offers | no_blanket_10pct,subscribe_discount|bundle|category_sample
7756448334079,T4,D3,D4,44.39,1,63.64,63.64,3,True,False,False,False,Subscription,Collagen Glow,2.22,4.44,2.22,ONBOARDING | sachet_cap_5pct_cm,onboarding_sachet|education
6327720739071,T2,D3,D1,44.36,3,125.59,41.86333333333334,1,False,False,True,False,Subscription,Unknown,2.22,4.44,4.44,SUBSCRIBE_AND_SAVE | bundle_offers | no_blanket_10pct,subscribe_discount|bundle|category_sample
8316975972607,T4,D3,D3,44.31,1,64.29,64.29,1,False,False,False,False,Direct / Organic,Lean Protein,2.22,4.43,2.22,ONBOARDING | sachet_cap_5pct_cm,onboarding_sachet|education
7756038963455,T4,D3,D4,44.2,1,116.56,116.56,1,False,False,False,False,Direct / Organic,Unknown,2.21,4.42,2.21,ONBOARDING | sachet_cap_5pct_cm,onboarding_sachet|education
8874820043007,T4,D3,D2,44.15,1,62.93,62.93,1,False,False,False,False,Direct / Organic,Lean Protein,2.21,4.42,2.21,ONBOARDING | sachet_cap_5pct_cm,onboarding_sachet|education
8875316052223,T4,D3,D2,44.15,1,64.93,64.93,1,False,False,False,False,Direct / Organic,Lean Protein,2.21,4.42,2.21,ONBOARDING | sachet_cap_5pct_cm,onboarding_sachet|education
8879046230271,T4,D3,D2,44.15,1,62.85,62.85,1,False,False,False,False,Direct / Organic,Lean Protein,2.21,4.42,2.21,ONBOARDING | sachet_cap_5pct_cm,onboarding_sachet|education
8899332014335,T4,D3,D2,44.15,1,65.39,65.39,1,False,False,False,False,Direct / Organic,Lean Protein,2.21,4.42,2.21,ONBOARDING | sachet_cap_5pct_cm,onboarding_sachet|education
8904983281919,T4,D3,D2,44.15,1,62.85,62.85,1,False,False,False,False,Direct / Organic,Lean Protein,2.21,4.42,2.21,ONBOARDING | sachet_cap_5pct_cm,onboarding_sachet|education
8603014627583,T2,D3,D1,44.14,2,62.33,31.165,1,False,False,True,False,Direct / Organic,Lean Protein,2.21,4.41,4.41,SUBSCRIBE_AND_SAVE | bundle_offers | no_blanket_10pct,subscribe_discount|bundle|category_sample
7756328534271,T4,D3,D4,44.11,1,86.31,86.31,2,False,False,False,False,Direct / Organic,Collagen Glow,2.21,4.41,2.21,ONBOARDING | sachet_cap_5pct_cm,onboarding_sachet|education
6327713562879,T3,D3,D2,44.11,2,98.19,49.095,2,False,False,False,False,Subscription,Unknown,2.21,4.41,2.21,CROSS_SELL_SAMPLE | category_incentive,cross_category_sachet|second_order_incentive
6329848627455,T2,D3,D1,43.96,3,119.7,39.9,1,False,False,True,False,Subscription,Unknown,2.2,4.4,4.4,SUBSCRIBE_AND_SAVE | bundle_offers | no_blanket_10pct,subscribe_discount|bundle|category_sample
8690224333055,T4,D3,D2,43.95,1,56.11,56.11,1,True,False,False,False,Subscription,Clear Protein,2.2,4.4,2.2,ONBOARDING | sachet_cap_5pct_cm,onboarding_sachet|education
7963876983039,T4,D3,D3,43.82,1,64.43,64.43,1,False,False,False,False,Direct / Organic,Lean Protein,2.19,4.38,2.19,ONBOARDING | sachet_cap_5pct_cm,onboarding_sachet|education
7756348588287,T4,D3,D4,43.81,1,63.28,63.28,2,False,False,False,False,Direct / Organic,Other,2.19,4.38,2.19,ONBOARDING | sachet_cap_5pct_cm,onboarding_sachet|education
7756350816511,T4,D3,D4,43.81,1,69.34,69.34,2,False,False,False,False,Direct / Organic,Other,2.19,4.38,2.19,ONBOARDING | sachet_cap_5pct_cm,onboarding_sachet|education
7756398657791,T4,D3,D4,43.77,1,76.52,76.52,1,False,False,False,False,Direct / Organic,Clear Protein,2.19,4.38,2.19,ONBOARDING | sachet_cap_5pct_cm,onboarding_sachet|education
6328262263039,T4,D3,D5,43.71,1,62.1,62.1,1,True,False,False,False,Subscription,Clear Protein,2.19,4.37,2.19,ONBOARDING | sachet_cap_5pct_cm,onboarding_sachet|education
8016385671423,T4,D3,D3,43.71,1,62.1,62.1,1,True,False,False,False,Subscription,Clear Protein,2.19,4.37,2.19,ONBOARDING | sachet_cap_5pct_cm,onboarding_sachet|education
8058071318783,T4,D3,D3,43.71,1,52.78,52.78,1,True,False,False,False,Subscription,Clear Protein,2.19,4.37,2.19,ONBOARDING | sachet_cap_5pct_cm,onboarding_sachet|education
8073982476543,T4,D3,D3,43.71,1,62.1,62.1,1,True,False,False,False,Subscription,Clear Protein,2.19,4.37,2.19,ONBOARDING | sachet_cap_5pct_cm,onboarding_sachet|education
8079628501247,T4,D3,D3,43.71,1,62.1,62.1,1,True,False,False,False,Subscription,Clear Protein,2.19,4.37,2.19,ONBOARDING | sachet_cap_5pct_cm,onboarding_sachet|education
8079774515455,T4,D3,D3,43.71,1,62.1,62.1,1,True,False,False,False,Subscription,Clear Protein,2.19,4.37,2.19,ONBOARDING | sachet_cap_5pct_cm,onboarding_sachet|education
8094175363327,T4,D3,D3,43.71,1,62.1,62.1,1,True,False,False,False,Subscription,Clear Protein,2.19,4.37,2.19,ONBOARDING | sachet_cap_5pct_cm,onboarding_sachet|education
8097262534911,T4,D3,D3,43.71,1,62.1,62.1,1,True,False,False,False,Subscription,Clear Protein,2.19,4.37,2.19,ONBOARDING | sachet_cap_5pct_cm,onboarding_sachet|education
8115199738111,T4,D3,D3,43.71,1,62.1,62.1,1,True,False,False,False,Subscription,Clear Protein,2.19,4.37,2.19,ONBOARDING | sachet_cap_5pct_cm,onboarding_sachet|education
8131162177791,T4,D3,D3,43.71,1,55.89,55.89,1,True,False,False,False,Subscription,Clear Protein,2.19,4.37,2.19,ONBOARDING | sachet_cap_5pct_cm,onboarding_sachet|education
8292704780543,T4,D3,D3,43.71,1,62.1,62.1,1,True,False,False,False,Subscription,Clear Protein,2.19,4.37,2.19,ONBOARDING | sachet_cap_5pct_cm,onboarding_sachet|education
8362782654719,T2,D3,D1,43.71,3,58.92,19.64,1,True,False,True,False,Subscription,Other,2.19,4.37,4.37,SUBSCRIBE_AND_SAVE | bundle_offers | no_blanket_10pct,subscribe_discount|bundle|category_sample
8770482307327,T4,D3,D2,43.71,1,62.1,62.1,1,True,False,False,False,Subscription,Clear Protein,2.19,4.37,2.19,ONBOARDING | sachet_cap_5pct_cm,onboarding_sachet|education
8809370812671,T4,D3,D2,43.71,1,62.1,62.1,1,True,False,False,False,Subscription,Clear Protein,2.19,4.37,2.19,ONBOARDING | sachet_cap_5pct_cm,onboarding_sachet|education
8813602636031,T4,D3,D2,43.71,1,52.79,52.79,1,True,False,False,False,Subscription,Clear Protein,2.19,4.37,2.19,ONBOARDING | sachet_cap_5pct_cm,onboarding_sachet|education
8834452357375,T4,D3,D2,43.71,1,62.1,62.1,1,True,False,False,False,Subscription,Clear Protein,2.19,4.37,2.19,ONBOARDING | sachet_cap_5pct_cm,onboarding_sachet|education
7756400918783,T4,D3,D4,43.63,1,102.93,102.93,2,True,False,False,False,Subscription,Collagen Glow,2.18,4.36,2.18,ONBOARDING | sachet_cap_5pct_cm,onboarding_sachet|education
7986128716031,T4,D3,D3,43.63,1,70.82,70.82,1,True,False,False,False,Subscription,Other,2.18,4.36,2.18,ONBOARDING | sachet_cap_5pct_cm,onboarding_sachet|education
7756399247615,T4,D3,D4,43.61,1,69.01,69.01,2,False,False,False,False,Direct / Organic,Accessories,2.18,4.36,2.18,ONBOARDING | sachet_cap_5pct_cm,onboarding_sachet|education
7756260180223,T4,D3,D4,43.59,1,98.07,98.07,1,False,False,False,False,Direct / Organic,Unknown,2.18,4.36,2.18,ONBOARDING | sachet_cap_5pct_cm,onboarding_sachet|education
7756284690687,T4,D3,D4,43.59,1,79.89,79.89,1,False,False,False,False,Direct / Organic,Unknown,2.18,4.36,2.18,ONBOARDING | sachet_cap_5pct_cm,onboarding_sachet|education
7756358385919,T4,D3,D4,43.59,1,98.07,98.07,1,False,False,False,False,Direct / Organic,Unknown,2.18,4.36,2.18,ONBOARDING | sachet_cap_5pct_cm,onboarding_sachet|education
7756032278783,T2,D3,D1,43.53,2,120.94,60.47,1,False,False,True,False,Direct / Organic,Unknown,2.18,4.35,4.35,SUBSCRIBE_AND_SAVE | bundle_offers | no_blanket_10pct,subscribe_discount|bundle|category_sample
8679713308927,T4,D3,D2,43.46,1,55.0,55.0,1,False,False,False,False,Direct / Organic,Lean Protein,2.17,4.35,2.17,ONBOARDING | sachet_cap_5pct_cm,onboarding_sachet|education
7756459213055,T4,D3,D4,43.44,1,74.13,74.13,2,True,False,False,False,Subscription,Other,2.17,4.34,2.17,ONBOARDING | sachet_cap_5pct_cm,onboarding_sachet|education
8879036399871,T4,D3,D2,43.33,1,72.99,72.99,1,False,False,False,False,Direct / Organic,Lean Protein,2.17,4.33,2.17,ONBOARDING | sachet_cap_5pct_cm,onboarding_sachet|education
8118606430463,T4,D3,D3,43.28,1,74.87,74.87,1,False,False,False,False,Direct / Organic,Collagen Glow,2.16,4.33,2.16,ONBOARDING | sachet_cap_5pct_cm,onboarding_sachet|education
7756485558527,T2,D3,D1,43.23,2,77.55,38.775,1,False,False,True,False,Direct / Organic,Collagen Glow,2.16,4.32,4.32,SUBSCRIBE_AND_SAVE | bundle_offers | no_blanket_10pct,subscribe_discount|bundle|category_sample
6532515266815,T4,D3,D5,43.2,1,74.79,74.79,2,False,False,False,False,Direct / Organic,Unknown,2.16,4.32,2.16,ONBOARDING | sachet_cap_5pct_cm,onboarding_sachet|education
7756468912383,T4,D3,D4,43.2,1,57.84,57.84,2,False,False,False,False,Direct / Organic,Collagen Glow,2.16,4.32,2.16,ONBOARDING | sachet_cap_5pct_cm,onboarding_sachet|education
6327655137535,T4,D3,D5,43.19,1,112.88,112.88,1,False,False,False,False,Subscription,Unknown,2.16,4.32,2.16,ONBOARDING | sachet_cap_5pct_cm,onboarding_sachet|education
6336720568575,T4,D3,D5,43.19,1,112.88,112.88,1,False,False,False,False,Subscription,Unknown,2.16,4.32,2.16,ONBOARDING | sachet_cap_5pct_cm,onboarding_sachet|education
7877148934399,T4,D3,D3,43.13,1,76.58,76.58,2,False,False,False,False,Direct / Organic,Other,2.16,4.31,2.16,ONBOARDING | sachet_cap_5pct_cm,onboarding_sachet|education
8868617486591,T4,D3,D2,43.1,1,66.75,66.75,1,False,False,False,False,Paid Social,Lean Protein,2.16,4.31,2.16,ONBOARDING | sachet_cap_5pct_cm,onboarding_sachet|education
8865436369151,T4,D3,D2,43.08,1,72.86,72.86,1,False,False,False,False,Direct / Organic,Lean Protein,2.15,4.31,2.15,ONBOARDING | sachet_cap_5pct_cm,onboarding_sachet|education
8878778581247,T4,D3,D2,43.04,1,71.02,71.02,1,False,False,False,False,Paid Social,Lean Protein,2.15,4.3,2.15,ONBOARDING | sachet_cap_5pct_cm,onboarding_sachet|education
8891012612351,T4,D3,D2,43.04,1,72.64,72.64,1,False,False,False,False,Paid Social,Lean Protein,2.15,4.3,2.15,ONBOARDING | sachet_cap_5pct_cm,onboarding_sachet|education
6610407424255,T3,D3,D2,43.04,2,81.7,40.85,1,False,False,False,False,Subscription,Collagen Glow,2.15,4.3,2.15,CROSS_SELL_SAMPLE | category_incentive,cross_category_sachet|second_order_incentive
8895680217343,T4,D3,D2,42.98,1,72.57,72.57,1,False,False,False,False,Paid Social,Lean Protein,2.15,4.3,2.15,ONBOARDING | sachet_cap_5pct_cm,onboarding_sachet|education
7968974504191,T4,D3,D3,42.96,1,48.92,48.92,1,False,False,False,False,Paid Social,Other,2.15,4.3,2.15,ONBOARDING | sachet_cap_5pct_cm,onboarding_sachet|education
7964573794559,T2,D3,D1,42.96,2,71.82,35.91,1,True,False,True,False,Subscription,Collagen Glow,2.15,4.3,4.3,SUBSCRIBE_AND_SAVE | bundle_offers | no_blanket_10pct,subscribe_discount|bundle|category_sample
6334066000127,T4,D3,D5,42.96,1,107.39,107.39,1,False,False,False,False,Subscription,Unknown,2.15,4.3,2.15,ONBOARDING | sachet_cap_5pct_cm,onboarding_sachet|education
7915910988031,T4,D3,D3,42.87,1,64.8,64.8,2,False,False,False,False,Direct / Organic,Lean Protein,2.14,4.29,2.14,ONBOARDING | sachet_cap_5pct_cm,onboarding_sachet|education
7941936939263,T4,D3,D3,42.87,1,64.8,64.8,2,False,False,False,False,Direct / Organic,Lean Protein,2.14,4.29,2.14,ONBOARDING | sachet_cap_5pct_cm,onboarding_sachet|education
7756381815039,T2,D3,D1,42.84,2,77.21,38.605,1,False,False,True,False,Direct / Organic,Other,2.14,4.28,4.28,SUBSCRIBE_AND_SAVE | bundle_offers | no_blanket_10pct,subscribe_discount|bundle|category_sample
8713866346751,T2,D3,D1,42.78,2,55.8,27.9,3,False,False,True,False,Direct / Organic,Soy Protein,2.14,4.28,4.28,SUBSCRIBE_AND_SAVE | bundle_offers | no_blanket_10pct,subscribe_discount|bundle|category_sample
7755928142079,T3,D3,D2,42.78,2,106.85,53.425,2,False,False,False,False,Direct / Organic,Unknown,2.14,4.28,2.14,CROSS_SELL_SAMPLE | category_incentive,cross_category_sachet|second_order_incentive
7539696337151,T4,D3,D5,42.73,1,62.37,62.37,1,False,False,False,False,Subscription,Unknown,2.14,4.27,2.14,ONBOARDING | sachet_cap_5pct_cm,onboarding_sachet|education
7756396069119,T4,D3,D4,42.63,1,81.73,81.73,2,False,False,False,False,Direct / Organic,Unknown,2.13,4.26,2.13,ONBOARDING | sachet_cap_5pct_cm,onboarding_sachet|education
7756347965695,T4,D3,D4,42.58,1,89.46,89.46,2,False,False,False,False,Direct / Organic,Unknown,2.13,4.26,2.13,ONBOARDING | sachet_cap_5pct_cm,onboarding_sachet|education
8898951086335,T4,D3,D2,42.55,1,62.29,62.29,2,True,False,False,False,Subscription,Lean Protein,2.13,4.26,2.13,ONBOARDING | sachet_cap_5pct_cm,onboarding_sachet|education
7756017467647,T4,D3,D4,42.42,1,106.06,106.06,1,False,False,False,False,Direct / Organic,Unknown,2.12,4.24,2.12,ONBOARDING | sachet_cap_5pct_cm,onboarding_sachet|education
8901867831551,T4,D3,D2,42.41,1,68.56,68.56,2,True,False,False,False,Subscription,Lean Protein,2.12,4.24,2.12,ONBOARDING | sachet_cap_5pct_cm,onboarding_sachet|education
8144576479487,T2,D3,D1,42.4,2,49.78,24.89,1,True,False,True,False,Subscription,Other,2.12,4.24,4.24,SUBSCRIBE_AND_SAVE | bundle_offers | no_blanket_10pct,subscribe_discount|bundle|category_sample
7756461113599,T4,D3,D4,42.32,1,54.15,54.15,2,False,False,False,False,Direct / Organic,Other,2.12,4.23,2.12,ONBOARDING | sachet_cap_5pct_cm,onboarding_sachet|education
6532515135743,T4,D3,D5,42.3,1,46.72,46.72,1,False,False,False,False,Direct / Organic,Other,2.11,4.23,2.11,ONBOARDING | sachet_cap_5pct_cm,onboarding_sachet|education
7756361269503,T4,D3,D4,42.3,1,51.76,51.76,1,False,False,False,False,Direct / Organic,Other,2.11,4.23,2.11,ONBOARDING | sachet_cap_5pct_cm,onboarding_sachet|education
7756361400575,T4,D3,D4,42.3,1,57.21,57.21,1,False,False,False,False,Direct / Organic,Other,2.11,4.23,2.11,ONBOARDING | sachet_cap_5pct_cm,onboarding_sachet|education
7756365660415,T4,D3,D4,42.3,1,54.49,54.49,1,False,False,False,False,Direct / Organic,Other,2.11,4.23,2.11,ONBOARDING | sachet_cap_5pct_cm,onboarding_sachet|education
7756414714111,T4,D3,D4,42.3,1,54.49,54.49,1,False,False,False,False,Direct / Organic,Other,2.11,4.23,2.11,ONBOARDING | sachet_cap_5pct_cm,onboarding_sachet|education
7756439355647,T4,D3,D4,42.3,1,40.86,40.86,1,False,False,False,False,Direct / Organic,Other,2.11,4.23,2.11,ONBOARDING | sachet_cap_5pct_cm,onboarding_sachet|education
7779969761535,T4,D3,D4,42.29,1,69.08,69.08,1,False,False,False,False,Subscription,Lean Protein,2.11,4.23,2.11,ONBOARDING | sachet_cap_5pct_cm,onboarding_sachet|education
8168881619199,T2,D3,D1,42.28,2,61.5,30.75,3,True,False,True,False,Paid Social,Accessories,2.11,4.23,4.23,SUBSCRIBE_AND_SAVE | bundle_offers | no_blanket_10pct,subscribe_discount|bundle|category_sample
7230568595711,T4,D3,D5,42.25,1,57.0,57.0,1,False,False,False,False,Subscription,Lean Protein,2.11,4.23,2.11,ONBOARDING | sachet_cap_5pct_cm,onboarding_sachet|education
8353293893887,T4,D3,D3,42.25,1,59.9,59.9,1,False,False,False,False,Direct / Organic,Lean Protein,2.11,4.23,2.11,ONBOARDING | sachet_cap_5pct_cm,onboarding_sachet|education
8395334975743,T4,D3,D2,42.25,1,59.9,59.9,1,False,False,False,False,Direct / Organic,Lean Protein,2.11,4.23,2.11,ONBOARDING | sachet_cap_5pct_cm,onboarding_sachet|education
8474561478911,T4,D3,D2,42.25,1,50.92,50.92,1,False,False,False,False,Direct / Organic,Lean Protein,2.11,4.23,2.11,ONBOARDING | sachet_cap_5pct_cm,onboarding_sachet|education
8476304867583,T4,D3,D2,42.25,1,53.91,53.91,1,False,False,False,False,Direct / Organic,Lean Protein,2.11,4.23,2.11,ONBOARDING | sachet_cap_5pct_cm,onboarding_sachet|education
8478279467263,T4,D3,D2,42.25,1,50.92,50.92,1,False,False,False,False,Direct / Organic,Lean Protein,2.11,4.23,2.11,ONBOARDING | sachet_cap_5pct_cm,onboarding_sachet|education
8478338089215,T4,D3,D2,42.25,1,50.92,50.92,1,False,False,False,False,Direct / Organic,Lean Protein,2.11,4.23,2.11,ONBOARDING | sachet_cap_5pct_cm,onboarding_sachet|education
8483167600895,T4,D3,D2,42.25,1,50.92,50.92,1,False,False,False,False,Direct / Organic,Lean Protein,2.11,4.23,2.11,ONBOARDING | sachet_cap_5pct_cm,onboarding_sachet|education
8483189162239,T4,D3,D2,42.25,1,50.92,50.92,1,False,False,False,False,Direct / Organic,Lean Protein,2.11,4.23,2.11,ONBOARDING | sachet_cap_5pct_cm,onboarding_sachet|education
8483266560255,T4,D3,D2,42.25,1,50.92,50.92,1,False,False,False,False,Direct / Organic,Lean Protein,2.11,4.23,2.11,ONBOARDING | sachet_cap_5pct_cm,onboarding_sachet|education
8483479322879,T4,D3,D2,42.25,1,50.92,50.92,1,False,False,False,False,Direct / Organic,Lean Protein,2.11,4.23,2.11,ONBOARDING | sachet_cap_5pct_cm,onboarding_sachet|education
8488211513599,T4,D3,D2,42.25,1,53.91,53.91,1,False,False,False,False,Direct / Organic,Lean Protein,2.11,4.23,2.11,ONBOARDING | sachet_cap_5pct_cm,onboarding_sachet|education
8530377933055,T4,D3,D2,42.25,1,57.0,57.0,1,False,False,False,False,Email,Lean Protein,2.11,4.23,2.11,ONBOARDING | sachet_cap_5pct_cm,onboarding_sachet|education
8629921972479,T4,D3,D2,42.25,1,47.92,47.92,1,False,False,False,False,Direct / Organic,Lean Protein,2.11,4.23,2.11,ONBOARDING | sachet_cap_5pct_cm,onboarding_sachet|education
8639497470207,T4,D3,D2,42.25,1,61.63,61.63,1,False,False,False,False,Direct / Organic,Lean Protein,2.11,4.23,2.11,ONBOARDING | sachet_cap_5pct_cm,onboarding_sachet|education
8652378013951,T4,D3,D2,42.25,1,53.91,53.91,1,False,False,False,False,Direct / Organic,Lean Protein,2.11,4.23,2.11,ONBOARDING | sachet_cap_5pct_cm,onboarding_sachet|education
8652474581247,T4,D3,D2,42.25,1,53.91,53.91,1,False,False,False,False,Direct / Organic,Lean Protein,2.11,4.23,2.11,ONBOARDING | sachet_cap_5pct_cm,onboarding_sachet|education
8652478349567,T4,D3,D2,42.25,1,53.91,53.91,1,False,False,False,False,Direct / Organic,Lean Protein,2.11,4.23,2.11,ONBOARDING | sachet_cap_5pct_cm,onboarding_sachet|education
8657067901183,T4,D3,D2,42.25,1,64.9,64.9,1,False,False,False,False,Direct / Organic,Lean Protein,2.11,4.23,2.11,ONBOARDING | sachet_cap_5pct_cm,onboarding_sachet|education
8667816952063,T4,D3,D2,42.25,1,55.92,55.92,1,False,False,False,False,Direct / Organic,Lean Protein,2.11,4.23,2.11,ONBOARDING | sachet_cap_5pct_cm,onboarding_sachet|education
8710849069311,T4,D3,D2,42.25,1,62.52,62.52,1,False,False,False,False,Direct / Organic,Lean Protein,2.11,4.23,2.11,ONBOARDING | sachet_cap_5pct_cm,onboarding_sachet|education
8716097192191,T4,D3,D2,42.25,1,60.44,60.44,1,False,False,False,False,Direct / Organic,Lean Protein,2.11,4.23,2.11,ONBOARDING | sachet_cap_5pct_cm,onboarding_sachet|education
8761574621439,T4,D3,D2,42.25,1,50.92,50.92,1,False,False,False,False,Direct / Organic,Lean Protein,2.11,4.23,2.11,ONBOARDING | sachet_cap_5pct_cm,onboarding_sachet|education
8776134164735,T4,D3,D2,42.25,1,57.0,57.0,1,False,False,False,False,Direct / Organic,Lean Protein,2.11,4.23,2.11,ONBOARDING | sachet_cap_5pct_cm,onboarding_sachet|education
8776238039295,T4,D3,D2,42.25,1,53.91,53.91,1,False,False,False,False,Email,Lean Protein,2.11,4.23,2.11,ONBOARDING | sachet_cap_5pct_cm,onboarding_sachet|education
8779666784511,T4,D3,D2,42.25,1,64.9,64.9,1,False,False,False,False,Direct / Organic,Lean Protein,2.11,4.23,2.11,ONBOARDING | sachet_cap_5pct_cm,onboarding_sachet|education
8781385236735,T4,D3,D2,42.25,1,57.0,57.0,1,False,False,False,False,Direct / Organic,Lean Protein,2.11,4.23,2.11,ONBOARDING | sachet_cap_5pct_cm,onboarding_sachet|education
8794134937855,T4,D3,D2,42.25,1,50.92,50.92,1,False,False,False,False,Direct / Organic,Lean Protein,2.11,4.23,2.11,ONBOARDING | sachet_cap_5pct_cm,onboarding_sachet|education
8795969782015,T4,D3,D2,42.25,1,57.0,57.0,1,False,False,False,False,Direct / Organic,Lean Protein,2.11,4.23,2.11,ONBOARDING | sachet_cap_5pct_cm,onboarding_sachet|education
8798465261823,T4,D3,D2,42.25,1,57.0,57.0,1,False,False,False,False,Direct / Organic,Lean Protein,2.11,4.23,2.11,ONBOARDING | sachet_cap_5pct_cm,onboarding_sachet|education
8798471684351,T4,D3,D2,42.25,1,57.0,57.0,1,False,False,False,False,Direct / Organic,Lean Protein,2.11,4.23,2.11,ONBOARDING | sachet_cap_5pct_cm,onboarding_sachet|education
8813182877951,T4,D3,D2,42.25,1,64.9,64.9,1,False,False,False,False,Direct / Organic,Lean Protein,2.11,4.23,2.11,ONBOARDING | sachet_cap_5pct_cm,onboarding_sachet|education
8815690514687,T4,D3,D2,42.25,1,64.0,64.0,1,False,False,False,False,Direct / Organic,Lean Protein,2.11,4.23,2.11,ONBOARDING | sachet_cap_5pct_cm,onboarding_sachet|education
8890803716351,T4,D3,D2,42.25,1,58.91,58.91,1,False,False,False,False,Direct / Organic,Lean Protein,2.11,4.23,2.11,ONBOARDING | sachet_cap_5pct_cm,onboarding_sachet|education
7756009799935,T4,D3,D4,42.25,1,72.38,72.38,2,False,False,False,False,Direct / Organic,Other,2.11,4.23,2.11,ONBOARDING | sachet_cap_5pct_cm,onboarding_sachet|education
7756262998271,T4,D3,D4,42.25,1,85.15,85.15,2,False,False,False,False,Direct / Organic,Other,2.11,4.23,2.11,ONBOARDING | sachet_cap_5pct_cm,onboarding_sachet|education
7756266635519,T2,D3,D1,42.25,2,86.01,43.005,1,False,False,True,False,Direct / Organic,Unknown,2.11,4.23,4.23,SUBSCRIBE_AND_SAVE | bundle_offers | no_blanket_10pct,subscribe_discount|bundle|category_sample
7756031656191,T2,D3,D1,42.06,2,84.18,42.09,2,False,False,True,False,Direct / Organic,Unknown,2.1,4.21,4.21,SUBSCRIBE_AND_SAVE | bundle_offers | no_blanket_10pct,subscribe_discount|bundle|category_sample
7756380963071,T4,D3,D4,42.0,1,62.27,62.27,2,False,False,False,False,Direct / Organic,Soy Protein,2.1,4.2,2.1,ONBOARDING | sachet_cap_5pct_cm,onboarding_sachet|education
8373783462143,T4,D3,D2,41.88,1,54.68,54.68,2,False,False,False,False,Direct / Organic,Accessories,2.09,4.19,2.09,ONBOARDING | sachet_cap_5pct_cm,onboarding_sachet|education
7756354617599,T4,D3,D4,41.88,1,76.28,76.28,3,False,False,False,False,Direct / Organic,Accessories,2.09,4.19,2.09,ONBOARDING | sachet_cap_5pct_cm,onboarding_sachet|education
8401176232191,T4,D3,D2,41.86,1,54.8,54.8,1,False,False,False,False,Direct / Organic,Other,2.09,4.19,2.09,ONBOARDING | sachet_cap_5pct_cm,onboarding_sachet|education
7756031197439,T2,D3,D1,41.79,2,85.34,42.67,2,True,False,True,False,Direct / Organic,Unknown,2.09,4.18,4.18,SUBSCRIBE_AND_SAVE | bundle_offers | no_blanket_10pct,subscribe_discount|bundle|category_sample
8488356380927,T4,D3,D2,41.78,1,61.53,61.53,2,False,False,False,False,Paid Social,Clear Protein,2.09,4.18,2.09,ONBOARDING | sachet_cap_5pct_cm,onboarding_sachet|education
8089151799551,T2,D3,D1,41.76,2,63.81,31.905,2,True,False,True,False,Direct / Organic,Accessories,2.09,4.18,4.18,SUBSCRIBE_AND_SAVE | bundle_offers | no_blanket_10pct,subscribe_discount|bundle|category_sample
8436807762175,T4,D3,D2,41.75,1,60.98,60.98,2,False,False,False,False,Paid Social,Accessories,2.09,4.18,2.09,ONBOARDING | sachet_cap_5pct_cm,onboarding_sachet|education
8475329659135,T4,D3,D2,41.74,1,58.91,58.91,1,False,False,False,False,Affiliate,Lean Protein,2.09,4.17,2.09,ONBOARDING | sachet_cap_5pct_cm,onboarding_sachet|education
8480311738623,T4,D3,D2,41.74,1,64.9,64.9,1,False,False,False,False,Paid Social,Lean Protein,2.09,4.17,2.09,ONBOARDING | sachet_cap_5pct_cm,onboarding_sachet|education
8483268362495,T4,D3,D2,41.74,1,50.92,50.92,1,False,False,False,False,Direct / Organic,Lean Protein,2.09,4.17,2.09,ONBOARDING | sachet_cap_5pct_cm,onboarding_sachet|education
8486671810815,T4,D3,D2,41.74,1,64.9,64.9,1,False,False,False,False,Direct / Organic,Lean Protein,2.09,4.17,2.09,ONBOARDING | sachet_cap_5pct_cm,onboarding_sachet|education
8665932595455,T4,D3,D2,41.74,1,64.9,64.9,1,False,False,False,False,Direct / Organic,Lean Protein,2.09,4.17,2.09,ONBOARDING | sachet_cap_5pct_cm,onboarding_sachet|education
8679114932479,T4,D3,D2,41.74,1,59.9,59.9,1,False,False,False,False,Direct / Organic,Lean Protein,2.09,4.17,2.09,ONBOARDING | sachet_cap_5pct_cm,onboarding_sachet|education
8712570437887,T4,D3,D2,41.74,1,64.9,64.9,1,False,False,False,False,Direct / Organic,Lean Protein,2.09,4.17,2.09,ONBOARDING | sachet_cap_5pct_cm,onboarding_sachet|education
8718628159743,T4,D3,D2,41.74,1,64.0,64.0,1,False,False,False,False,Direct / Organic,Lean Protein,2.09,4.17,2.09,ONBOARDING | sachet_cap_5pct_cm,onboarding_sachet|education
8761417793791,T4,D3,D2,41.74,1,50.92,50.92,1,False,False,False,False,Direct / Organic,Lean Protein,2.09,4.17,2.09,ONBOARDING | sachet_cap_5pct_cm,onboarding_sachet|education
8761430671615,T4,D3,D2,41.74,1,50.92,50.92,1,False,False,False,False,Direct / Organic,Lean Protein,2.09,4.17,2.09,ONBOARDING | sachet_cap_5pct_cm,onboarding_sachet|education
8764004925695,T4,D3,D2,41.74,1,55.92,55.92,1,False,False,False,False,Direct / Organic,Lean Protein,2.09,4.17,2.09,ONBOARDING | sachet_cap_5pct_cm,onboarding_sachet|education
8794800619775,T4,D3,D2,41.74,1,59.9,59.9,1,False,False,False,False,Direct / Organic,Lean Protein,2.09,4.17,2.09,ONBOARDING | sachet_cap_5pct_cm,onboarding_sachet|education
8796973695231,T4,D3,D2,41.74,1,64.9,64.9,1,False,False,False,False,Direct / Organic,Lean Protein,2.09,4.17,2.09,ONBOARDING | sachet_cap_5pct_cm,onboarding_sachet|education
8816193470719,T4,D3,D2,41.74,1,64.9,64.9,1,False,False,False,False,Direct / Organic,Lean Protein,2.09,4.17,2.09,ONBOARDING | sachet_cap_5pct_cm,onboarding_sachet|education
8894655037695,T4,D3,D2,41.74,1,64.9,64.9,1,False,False,False,False,Paid Social,Lean Protein,2.09,4.17,2.09,ONBOARDING | sachet_cap_5pct_cm,onboarding_sachet|education
8895137054975,T4,D3,D2,41.74,1,64.9,64.9,1,False,False,False,False,Direct / Organic,Lean Protein,2.09,4.17,2.09,ONBOARDING | sachet_cap_5pct_cm,onboarding_sachet|education
8906074259711,T4,D3,D2,41.74,1,64.9,64.9,1,False,False,False,False,Paid Social,Lean Protein,2.09,4.17,2.09,ONBOARDING | sachet_cap_5pct_cm,onboarding_sachet|education
8439345479935,T4,D3,D2,41.73,1,60.96,60.96,2,False,False,False,False,Paid Social,Accessories,2.09,4.17,2.09,ONBOARDING | sachet_cap_5pct_cm,onboarding_sachet|education
7756037259519,T4,D3,D4,41.7,1,106.97,106.97,1,False,False,False,False,Direct / Organic,Unknown,2.09,4.17,2.09,ONBOARDING | sachet_cap_5pct_cm,onboarding_sachet|education
8367143485695,T4,D3,D2,41.68,1,54.51,54.51,2,False,False,False,False,Direct / Organic,Accessories,2.08,4.17,2.08,ONBOARDING | sachet_cap_5pct_cm,onboarding_sachet|education
7756007473407,T4,D3,D4,41.65,1,54.49,54.49,1,False,False,False,False,Direct / Organic,Other,2.08,4.16,2.08,ONBOARDING | sachet_cap_5pct_cm,onboarding_sachet|education
8427014684927,T4,D3,D2,41.65,1,60.88,60.88,2,False,False,False,False,Paid Social,Accessories,2.08,4.16,2.08,ONBOARDING | sachet_cap_5pct_cm,onboarding_sachet|education
8237699858687,T2,D3,D1,41.64,2,53.82,26.91,1,True,False,True,False,Subscription,Other,2.08,4.16,4.16,SUBSCRIBE_AND_SAVE | bundle_offers | no_blanket_10pct,subscribe_discount|bundle|category_sample
7755984273663,T2,D3,D1,41.55,5,124.77,24.954,3,True,False,True,False,Subscription,Unknown,2.08,4.16,4.16,SUBSCRIBE_AND_SAVE | bundle_offers | no_blanket_10pct,subscribe_discount|bundle|category_sample
7756032835839,T2,D3,D1,41.55,2,77.55,38.775,2,False,False,True,False,Direct / Organic,Unknown,2.08,4.16,4.16,SUBSCRIBE_AND_SAVE | bundle_offers | no_blanket_10pct,subscribe_discount|bundle|category_sample
6329830703359,T4,D3,D5,41.54,1,103.84,103.84,1,False,False,False,False,Subscription,Unknown,2.08,4.15,2.08,ONBOARDING | sachet_cap_5pct_cm,onboarding_sachet|education
7756018450687,T3,D3,D2,41.52,2,103.81,51.905,1,False,False,False,False,Direct / Organic,Unknown,2.08,4.15,2.08,CROSS_SELL_SAMPLE | category_incentive,cross_category_sachet|second_order_incentive
6327505355007,T4,D3,D5,41.51,1,41.93,41.93,1,False,False,False,False,Subscription,Clear Protein,2.08,4.15,2.08,ONBOARDING | sachet_cap_5pct_cm,onboarding_sachet|education
7288033837311,T4,D3,D5,41.51,1,41.93,41.93,1,False,False,False,False,Subscription,Clear Protein,2.08,4.15,2.08,ONBOARDING | sachet_cap_5pct_cm,onboarding_sachet|education
7466578280703,T4,D3,D5,41.51,1,44.8,44.8,1,False,False,False,False,Subscription,Clear Protein,2.08,4.15,2.08,ONBOARDING | sachet_cap_5pct_cm,onboarding_sachet|education
7467457609983,T4,D3,D5,41.51,1,64.8,64.8,1,False,False,False,False,Subscription,Clear Protein,2.08,4.15,2.08,ONBOARDING | sachet_cap_5pct_cm,onboarding_sachet|education
7469025329407,T4,D3,D5,41.51,1,44.8,44.8,1,False,False,False,False,Subscription,Clear Protein,2.08,4.15,2.08,ONBOARDING | sachet_cap_5pct_cm,onboarding_sachet|education
7473725866239,T4,D3,D5,41.51,1,44.8,44.8,1,False,False,False,False,Subscription,Clear Protein,2.08,4.15,2.08,ONBOARDING | sachet_cap_5pct_cm,onboarding_sachet|education
7475220250879,T4,D3,D5,41.51,1,41.93,41.93,1,False,False,False,False,Subscription,Clear Protein,2.08,4.15,2.08,ONBOARDING | sachet_cap_5pct_cm,onboarding_sachet|education
7475224707327,T4,D3,D5,41.51,1,41.93,41.93,1,False,False,False,False,Subscription,Clear Protein,2.08,4.15,2.08,ONBOARDING | sachet_cap_5pct_cm,onboarding_sachet|education
7475235553535,T4,D3,D5,41.51,1,41.93,41.93,1,False,False,False,False,Subscription,Clear Protein,2.08,4.15,2.08,ONBOARDING | sachet_cap_5pct_cm,onboarding_sachet|education
7475258982655,T4,D3,D5,41.51,1,41.93,41.93,1,False,False,False,False,Subscription,Clear Protein,2.08,4.15,2.08,ONBOARDING | sachet_cap_5pct_cm,onboarding_sachet|education
7475259932927,T4,D3,D5,41.51,1,41.93,41.93,1,False,False,False,False,Subscription,Clear Protein,2.08,4.15,2.08,ONBOARDING | sachet_cap_5pct_cm,onboarding_sachet|education
7475294765311,T4,D3,D5,41.51,1,41.93,41.93,1,False,False,False,False,Subscription,Clear Protein,2.08,4.15,2.08,ONBOARDING | sachet_cap_5pct_cm,onboarding_sachet|education
7475295518975,T4,D3,D5,41.51,1,41.93,41.93,1,False,False,False,False,Subscription,Clear Protein,2.08,4.15,2.08,ONBOARDING | sachet_cap_5pct_cm,onboarding_sachet|education
7475296927999,T4,D3,D5,41.51,1,41.93,41.93,1,False,False,False,False,Subscription,Clear Protein,2.08,4.15,2.08,ONBOARDING | sachet_cap_5pct_cm,onboarding_sachet|education
7475298042111,T4,D3,D5,41.51,1,41.93,41.93,1,False,False,False,False,Subscription,Clear Protein,2.08,4.15,2.08,ONBOARDING | sachet_cap_5pct_cm,onboarding_sachet|education
7475306332415,T4,D3,D5,41.51,1,41.93,41.93,1,False,False,False,False,Subscription,Clear Protein,2.08,4.15,2.08,ONBOARDING | sachet_cap_5pct_cm,onboarding_sachet|education
7475329827071,T4,D3,D5,41.51,1,41.93,41.93,1,False,False,False,False,Subscription,Clear Protein,2.08,4.15,2.08,ONBOARDING | sachet_cap_5pct_cm,onboarding_sachet|education
7475371213055,T4,D3,D5,41.51,1,41.93,41.93,1,False,False,False,False,Subscription,Clear Protein,2.08,4.15,2.08,ONBOARDING | sachet_cap_5pct_cm,onboarding_sachet|education
7475443892479,T4,D3,D5,41.51,1,41.93,41.93,1,False,False,False,False,Subscription,Clear Protein,2.08,4.15,2.08,ONBOARDING | sachet_cap_5pct_cm,onboarding_sachet|education
7475468665087,T4,D3,D5,41.51,1,41.93,41.93,1,False,False,False,False,Subscription,Clear Protein,2.08,4.15,2.08,ONBOARDING | sachet_cap_5pct_cm,onboarding_sachet|education
7475492520191,T4,D3,D5,41.51,1,41.93,41.93,1,False,False,False,False,Subscription,Clear Protein,2.08,4.15,2.08,ONBOARDING | sachet_cap_5pct_cm,onboarding_sachet|education
7475532923135,T4,D3,D5,41.51,1,44.8,44.8,1,False,False,False,False,Subscription,Clear Protein,2.08,4.15,2.08,ONBOARDING | sachet_cap_5pct_cm,onboarding_sachet|education
7475534790911,T4,D3,D5,41.51,1,41.93,41.93,1,False,False,False,False,Subscription,Clear Protein,2.08,4.15,2.08,ONBOARDING | sachet_cap_5pct_cm,onboarding_sachet|education
7475539050751,T4,D3,D5,41.51,1,41.93,41.93,1,False,False,False,False,Subscription,Clear Protein,2.08,4.15,2.08,ONBOARDING | sachet_cap_5pct_cm,onboarding_sachet|education
7476538605823,T4,D3,D5,41.51,1,41.93,41.93,1,False,False,False,False,Subscription,Clear Protein,2.08,4.15,2.08,ONBOARDING | sachet_cap_5pct_cm,onboarding_sachet|education
7476541194495,T4,D3,D5,41.51,1,41.93,41.93,1,False,False,False,False,Subscription,Clear Protein,2.08,4.15,2.08,ONBOARDING | sachet_cap_5pct_cm,onboarding_sachet|education
7476546830591,T4,D3,D5,41.51,1,41.93,41.93,1,False,False,False,False,Subscription,Clear Protein,2.08,4.15,2.08,ONBOARDING | sachet_cap_5pct_cm,onboarding_sachet|education
7476547485951,T4,D3,D5,41.51,1,41.93,41.93,1,False,False,False,False,Subscription,Clear Protein,2.08,4.15,2.08,ONBOARDING | sachet_cap_5pct_cm,onboarding_sachet|education
7476565213439,T4,D3,D5,41.51,1,41.93,41.93,1,False,False,False,False,Subscription,Clear Protein,2.08,4.15,2.08,ONBOARDING | sachet_cap_5pct_cm,onboarding_sachet|education
7476622885119,T4,D3,D5,41.51,1,41.93,41.93,1,False,False,False,False,Subscription,Clear Protein,2.08,4.15,2.08,ONBOARDING | sachet_cap_5pct_cm,onboarding_sachet|education
7476634714367,T4,D3,D5,41.51,1,41.93,41.93,1,False,False,False,False,Subscription,Clear Protein,2.08,4.15,2.08,ONBOARDING | sachet_cap_5pct_cm,onboarding_sachet|education
7476644774143,T4,D3,D5,41.51,1,41.93,41.93,1,False,False,False,False,Subscription,Clear Protein,2.08,4.15,2.08,ONBOARDING | sachet_cap_5pct_cm,onboarding_sachet|education
7476665712895,T4,D3,D5,41.51,1,41.93,41.93,1,False,False,False,False,Subscription,Clear Protein,2.08,4.15,2.08,ONBOARDING | sachet_cap_5pct_cm,onboarding_sachet|education
7476666433791,T4,D3,D5,41.51,1,41.93,41.93,1,False,False,False,False,Subscription,Clear Protein,2.08,4.15,2.08,ONBOARDING | sachet_cap_5pct_cm,onboarding_sachet|education
7476672692479,T4,D3,D5,41.51,1,41.93,41.93,1,False,False,False,False,Subscription,Clear Protein,2.08,4.15,2.08,ONBOARDING | sachet_cap_5pct_cm,onboarding_sachet|education
7476677738751,T4,D3,D5,41.51,1,41.93,41.93,1,False,False,False,False,Subscription,Clear Protein,2.08,4.15,2.08,ONBOARDING | sachet_cap_5pct_cm,onboarding_sachet|education
7476696088831,T4,D3,D5,41.51,1,41.93,41.93,1,False,False,False,False,Subscription,Clear Protein,2.08,4.15,2.08,ONBOARDING | sachet_cap_5pct_cm,onboarding_sachet|education
7476709654783,T4,D3,D5,41.51,1,41.93,41.93,1,False,False,False,False,Subscription,Clear Protein,2.08,4.15,2.08,ONBOARDING | sachet_cap_5pct_cm,onboarding_sachet|education
7476710899967,T4,D3,D5,41.51,1,41.93,41.93,1,False,False,False,False,Subscription,Clear Protein,2.08,4.15,2.08,ONBOARDING | sachet_cap_5pct_cm,onboarding_sachet|education
7476712440063,T4,D3,D5,41.51,1,41.93,41.93,1,False,False,False,False,Subscription,Clear Protein,2.08,4.15,2.08,ONBOARDING | sachet_cap_5pct_cm,onboarding_sachet|education
7476737868031,T4,D3,D5,41.51,1,41.93,41.93,1,False,False,False,False,Subscription,Clear Protein,2.08,4.15,2.08,ONBOARDING | sachet_cap_5pct_cm,onboarding_sachet|education
7476756971775,T4,D3,D5,41.51,1,41.93,41.93,1,False,False,False,False,Subscription,Clear Protein,2.08,4.15,2.08,ONBOARDING | sachet_cap_5pct_cm,onboarding_sachet|education
7476792590591,T4,D3,D5,41.51,1,41.93,41.93,1,False,False,False,False,Subscription,Clear Protein,2.08,4.15,2.08,ONBOARDING | sachet_cap_5pct_cm,onboarding_sachet|education
7476809302271,T4,D3,D5,41.51,1,41.93,41.93,1,False,False,False,False,Subscription,Clear Protein,2.08,4.15,2.08,ONBOARDING | sachet_cap_5pct_cm,onboarding_sachet|education
7476819820799,T4,D3,D5,41.51,1,49.8,49.8,1,False,False,False,False,Subscription,Clear Protein,2.08,4.15,2.08,ONBOARDING | sachet_cap_5pct_cm,onboarding_sachet|education
7476847116543,T4,D3,D5,41.51,1,41.93,41.93,1,False,False,False,False,Subscription,Clear Protein,2.08,4.15,2.08,ONBOARDING | sachet_cap_5pct_cm,onboarding_sachet|education
7476863992063,T4,D3,D5,41.51,1,41.93,41.93,1,False,False,False,False,Subscription,Clear Protein,2.08,4.15,2.08,ONBOARDING | sachet_cap_5pct_cm,onboarding_sachet|education
7476879655167,T4,D3,D5,41.51,1,41.93,41.93,1,False,False,False,False,Subscription,Clear Protein,2.08,4.15,2.08,ONBOARDING | sachet_cap_5pct_cm,onboarding_sachet|education
7476881555711,T4,D3,D5,41.51,1,41.93,41.93,1,False,False,False,False,Subscription,Clear Protein,2.08,4.15,2.08,ONBOARDING | sachet_cap_5pct_cm,onboarding_sachet|education
7476914422015,T4,D3,D5,41.51,1,41.93,41.93,1,False,False,False,False,Subscription,Clear Protein,2.08,4.15,2.08,ONBOARDING | sachet_cap_5pct_cm,onboarding_sachet|education
7477005385983,T4,D3,D5,41.51,1,49.82,49.82,1,False,False,False,False,Subscription,Clear Protein,2.08,4.15,2.08,ONBOARDING | sachet_cap_5pct_cm,onboarding_sachet|education
7483064877311,T4,D3,D5,41.51,1,64.8,64.8,1,False,False,False,False,Subscription,Clear Protein,2.08,4.15,2.08,ONBOARDING | sachet_cap_5pct_cm,onboarding_sachet|education
7501481345279,T4,D3,D5,41.51,1,64.8,64.8,1,False,False,False,False,Subscription,Clear Protein,2.08,4.15,2.08,ONBOARDING | sachet_cap_5pct_cm,onboarding_sachet|education
8273637835007,T4,D3,D3,41.49,1,59.88,59.88,1,True,False,False,False,Subscription,Clear Protein,2.07,4.15,2.07,ONBOARDING | sachet_cap_5pct_cm,onboarding_sachet|education
8243172376831,T4,D3,D3,41.46,1,49.88,49.88,2,False,False,False,False,Direct / Organic,Clear Protein,2.07,4.15,2.07,ONBOARDING | sachet_cap_5pct_cm,onboarding_sachet|education
7756484575487,T2,D3,D1,41.41,2,54.49,27.245,1,True,False,True,False,Subscription,Soy Protein,2.07,4.14,4.14,SUBSCRIBE_AND_SAVE | bundle_offers | no_blanket_10pct,subscribe_discount|bundle|category_sample
7756484608255,T4,D3,D4,41.34,1,59.73,59.73,1,True,False,False,False,Subscription,Clear Protein,2.07,4.13,2.07,ONBOARDING | sachet_cap_5pct_cm,onboarding_sachet|education
7756486836479,T4,D3,D4,41.34,1,59.73,59.73,1,True,False,False,False,Subscription,Clear Protein,2.07,4.13,2.07,ONBOARDING | sachet_cap_5pct_cm,onboarding_sachet|education
7756010029311,T3,D3,D2,41.34,2,82.97,41.485,1,False,False,False,False,Direct / Organic,Other,2.07,4.13,2.07,CROSS_SELL_SAMPLE | category_incentive,cross_category_sachet|second_order_incentive
8295903920383,T2,D3,D1,41.33,2,54.42,27.21,1,True,False,True,False,Direct / Organic,Lean Protein,2.07,4.13,4.13,SUBSCRIBE_AND_SAVE | bundle_offers | no_blanket_10pct,subscribe_discount|bundle|category_sample
7929718046975,T4,D3,D3,41.29,1,59.68,59.68,1,True,False,False,False,Subscription,Clear Protein,2.06,4.13,2.06,ONBOARDING | sachet_cap_5pct_cm,onboarding_sachet|education
8259199205631,T4,D3,D3,41.28,1,60.05,60.05,1,False,False,False,False,Direct / Organic,Lean Protein,2.06,4.13,2.06,ONBOARDING | sachet_cap_5pct_cm,onboarding_sachet|education
7756349800703,T4,D3,D4,41.26,1,67.55,67.55,3,False,False,False,False,Direct / Organic,Accessories,2.06,4.13,2.06,ONBOARDING | sachet_cap_5pct_cm,onboarding_sachet|education
7954180342015,T2,D3,D1,41.22,2,57.82,28.91,3,True,False,True,False,Paid Social,Unknown,2.06,4.12,4.12,SUBSCRIBE_AND_SAVE | bundle_offers | no_blanket_10pct,subscribe_discount|bundle|category_sample
7929798164735,T4,D3,D3,41.18,1,59.57,59.57,1,True,False,False,False,Subscription,Clear Protein,2.06,4.12,2.06,ONBOARDING | sachet_cap_5pct_cm,onboarding_sachet|education
8297493004543,T4,D3,D3,41.16,1,59.63,59.63,2,False,False,False,False,Direct / Organic,Lean Protein,2.06,4.12,2.06,ONBOARDING | sachet_cap_5pct_cm,onboarding_sachet|education
8105977348351,T2,D3,D1,41.13,2,63.81,31.905,2,True,False,True,False,Paid Social,Accessories,2.06,4.11,4.11,SUBSCRIBE_AND_SAVE | bundle_offers | no_blanket_10pct,subscribe_discount|bundle|category_sample
7857216094463,T4,D3,D3,41.09,1,59.9,59.9,1,False,False,False,False,Direct / Organic,Lean Protein,2.05,4.11,2.05,ONBOARDING | sachet_cap_5pct_cm,onboarding_sachet|education
7895503831295,T4,D3,D3,41.09,1,64.8,64.8,1,False,False,False,False,Direct / Organic,Lean Protein,2.05,4.11,2.05,ONBOARDING | sachet_cap_5pct_cm,onboarding_sachet|education
7927629185279,T4,D3,D3,41.09,1,59.9,59.9,1,False,False,False,False,Direct / Organic,Lean Protein,2.05,4.11,2.05,ONBOARDING | sachet_cap_5pct_cm,onboarding_sachet|education
7939320578303,T4,D3,D3,41.09,1,59.9,59.9,1,False,False,False,False,Direct / Organic,Lean Protein,2.05,4.11,2.05,ONBOARDING | sachet_cap_5pct_cm,onboarding_sachet|education
7944435400959,T4,D3,D3,41.09,1,59.9,59.9,1,False,False,False,False,Direct / Organic,Lean Protein,2.05,4.11,2.05,ONBOARDING | sachet_cap_5pct_cm,onboarding_sachet|education
7955146408191,T4,D3,D3,41.09,1,64.9,64.9,1,False,False,False,False,Direct / Organic,Lean Protein,2.05,4.11,2.05,ONBOARDING | sachet_cap_5pct_cm,onboarding_sachet|education
7958759571711,T4,D3,D3,41.09,1,59.9,59.9,1,False,False,False,False,Direct / Organic,Lean Protein,2.05,4.11,2.05,ONBOARDING | sachet_cap_5pct_cm,onboarding_sachet|education
7973405720831,T4,D3,D3,41.09,1,64.9,64.9,1,False,False,False,False,Direct / Organic,Lean Protein,2.05,4.11,2.05,ONBOARDING | sachet_cap_5pct_cm,onboarding_sachet|education
7975199604991,T4,D3,D3,41.09,1,59.9,59.9,1,False,False,False,False,Direct / Organic,Lean Protein,2.05,4.11,2.05,ONBOARDING | sachet_cap_5pct_cm,onboarding_sachet|education
8055355998463,T4,D3,D3,41.09,1,59.9,59.9,1,False,False,False,False,Direct / Organic,Lean Protein,2.05,4.11,2.05,ONBOARDING | sachet_cap_5pct_cm,onboarding_sachet|education
8078227734783,T4,D3,D3,41.09,1,59.9,59.9,1,False,False,False,False,Direct / Organic,Lean Protein,2.05,4.11,2.05,ONBOARDING | sachet_cap_5pct_cm,onboarding_sachet|education
8164713496831,T4,D3,D3,41.09,1,53.91,53.91,1,False,False,False,False,Direct / Organic,Lean Protein,2.05,4.11,2.05,ONBOARDING | sachet_cap_5pct_cm,onboarding_sachet|education
8164993827071,T4,D3,D3,41.09,1,53.91,53.91,1,False,False,False,False,Direct / Organic,Lean Protein,2.05,4.11,2.05,ONBOARDING | sachet_cap_5pct_cm,onboarding_sachet|education
8166966722815,T4,D3,D3,41.09,1,53.91,53.91,1,False,False,False,False,Direct / Organic,Lean Protein,2.05,4.11,2.05,ONBOARDING | sachet_cap_5pct_cm,onboarding_sachet|education
8170304831743,T4,D3,D3,41.09,1,59.9,59.9,1,False,False,False,False,Direct / Organic,Lean Protein,2.05,4.11,2.05,ONBOARDING | sachet_cap_5pct_cm,onboarding_sachet|education
8254218666239,T4,D3,D3,41.09,1,59.9,59.9,1,False,False,False,False,Direct / Organic,Lean Protein,2.05,4.11,2.05,ONBOARDING | sachet_cap_5pct_cm,onboarding_sachet|education
8304532979967,T4,D3,D3,41.09,1,64.9,64.9,1,False,False,False,False,Direct / Organic,Lean Protein,2.05,4.11,2.05,ONBOARDING | sachet_cap_5pct_cm,onboarding_sachet|education
7756436472063,T4,D3,D4,40.9,1,74.38,74.38,2,False,False,False,False,Direct / Organic,Lean Protein,2.04,4.09,2.04,ONBOARDING | sachet_cap_5pct_cm,onboarding_sachet|education
7575786225919,T4,D3,D5,40.73,1,53.4,53.4,3,True,False,False,False,Subscription,Other,2.04,4.07,2.04,ONBOARDING | sachet_cap_5pct_cm,onboarding_sachet|education
8101924536575,T4,D3,D3,40.7,1,61.0,61.0,1,False,False,False,False,Direct / Organic,Lean Protein,2.04,4.07,2.04,ONBOARDING | sachet_cap_5pct_cm,onboarding_sachet|education
8299593564415,T2,D3,D1,40.68,2,63.52,31.76,2,False,False,True,False,Direct / Organic,Accessories,2.03,4.07,4.07,SUBSCRIBE_AND_SAVE | bundle_offers | no_blanket_10pct,subscribe_discount|bundle|category_sample
8902215663871,T4,D3,D2,40.63,1,58.79,58.79,1,True,False,False,False,Subscription,Lean Protein,2.03,4.06,2.03,ONBOARDING | sachet_cap_5pct_cm,onboarding_sachet|education
7014327156991,T4,D3,D5,40.61,1,58.0,58.0,1,False,False,False,False,Subscription,Clear Protein,2.03,4.06,2.03,ONBOARDING | sachet_cap_5pct_cm,onboarding_sachet|education
7062069641471,T4,D3,D5,40.61,1,55.05,55.05,1,False,False,False,False,Subscription,Clear Protein,2.03,4.06,2.03,ONBOARDING | sachet_cap_5pct_cm,onboarding_sachet|education
7125935882495,T4,D3,D5,40.61,1,63.9,63.9,1,False,False,False,False,Subscription,Clear Protein,2.03,4.06,2.03,ONBOARDING | sachet_cap_5pct_cm,onboarding_sachet|education
7138632499455,T4,D3,D5,40.61,1,63.9,63.9,1,False,False,False,False,Subscription,Clear Protein,2.03,4.06,2.03,ONBOARDING | sachet_cap_5pct_cm,onboarding_sachet|education
7144463663359,T4,D3,D5,40.61,1,55.05,55.05,1,False,False,False,False,Subscription,Clear Protein,2.03,4.06,2.03,ONBOARDING | sachet_cap_5pct_cm,onboarding_sachet|education
7151885091071,T4,D3,D5,40.61,1,46.2,46.2,1,False,False,False,False,Subscription,Clear Protein,2.03,4.06,2.03,ONBOARDING | sachet_cap_5pct_cm,onboarding_sachet|education
7152061481215,T4,D3,D5,40.61,1,58.0,58.0,1,False,False,False,False,Subscription,Clear Protein,2.03,4.06,2.03,ONBOARDING | sachet_cap_5pct_cm,onboarding_sachet|education
7153927815423,T4,D3,D5,40.61,1,52.1,52.1,1,False,False,False,False,Subscription,Clear Protein,2.03,4.06,2.03,ONBOARDING | sachet_cap_5pct_cm,onboarding_sachet|education
7155245351167,T4,D3,D5,40.61,1,52.1,52.1,1,False,False,False,False,Subscription,Clear Protein,2.03,4.06,2.03,ONBOARDING | sachet_cap_5pct_cm,onboarding_sachet|education
7156459798783,T4,D3,D5,40.61,1,52.1,52.1,1,False,False,False,False,Subscription,Clear Protein,2.03,4.06,2.03,ONBOARDING | sachet_cap_5pct_cm,onboarding_sachet|education
7156507672831,T4,D3,D5,40.61,1,52.1,52.1,1,False,False,False,False,Subscription,Clear Protein,2.03,4.06,2.03,ONBOARDING | sachet_cap_5pct_cm,onboarding_sachet|education
7168769261823,T4,D3,D5,40.61,1,63.9,63.9,1,False,False,False,False,Subscription,Clear Protein,2.03,4.06,2.03,ONBOARDING | sachet_cap_5pct_cm,onboarding_sachet|education
7169622475007,T4,D3,D5,40.61,1,55.05,55.05,1,False,False,False,False,Subscription,Clear Protein,2.03,4.06,2.03,ONBOARDING | sachet_cap_5pct_cm,onboarding_sachet|education
7175451934975,T4,D3,D5,40.61,1,58.0,58.0,1,False,False,False,False,Subscription,Clear Protein,2.03,4.06,2.03,ONBOARDING | sachet_cap_5pct_cm,onboarding_sachet|education
7177885614335,T4,D3,D5,40.61,1,63.9,63.9,1,False,False,False,False,Subscription,Clear Protein,2.03,4.06,2.03,ONBOARDING | sachet_cap_5pct_cm,onboarding_sachet|education
7181382025471,T4,D3,D5,40.61,1,63.9,63.9,1,False,False,False,False,Subscription,Clear Protein,2.03,4.06,2.03,ONBOARDING | sachet_cap_5pct_cm,onboarding_sachet|education
7183440052479,T4,D3,D5,40.61,1,58.0,58.0,1,False,False,False,False,Subscription,Clear Protein,2.03,4.06,2.03,ONBOARDING | sachet_cap_5pct_cm,onboarding_sachet|education
7184370958591,T4,D3,D5,40.61,1,63.9,63.9,1,False,False,False,False,Subscription,Clear Protein,2.03,4.06,2.03,ONBOARDING | sachet_cap_5pct_cm,onboarding_sachet|education
7252201898239,T4,D3,D5,40.61,1,52.1,52.1,1,False,False,False,False,Subscription,Clear Protein,2.03,4.06,2.03,ONBOARDING | sachet_cap_5pct_cm,onboarding_sachet|education
7258667909375,T4,D3,D5,40.61,1,63.9,63.9,1,False,False,False,False,Subscription,Clear Protein,2.03,4.06,2.03,ONBOARDING | sachet_cap_5pct_cm,onboarding_sachet|education
7268007084287,T4,D3,D5,40.61,1,63.9,63.9,1,False,False,False,False,Subscription,Clear Protein,2.03,4.06,2.03,ONBOARDING | sachet_cap_5pct_cm,onboarding_sachet|education
7288602657023,T4,D3,D5,40.61,1,63.9,63.9,1,False,False,False,False,Subscription,Clear Protein,2.03,4.06,2.03,ONBOARDING | sachet_cap_5pct_cm,onboarding_sachet|education
7303136674047,T4,D3,D5,40.61,1,63.9,63.9,1,False,False,False,False,Subscription,Clear Protein,2.03,4.06,2.03,ONBOARDING | sachet_cap_5pct_cm,onboarding_sachet|education
7306038247679,T4,D3,D5,40.61,1,63.9,63.9,1,False,False,False,False,Subscription,Clear Protein,2.03,4.06,2.03,ONBOARDING | sachet_cap_5pct_cm,onboarding_sachet|education
7307119755519,T4,D3,D5,40.61,1,63.9,63.9,1,False,False,False,False,Subscription,Clear Protein,2.03,4.06,2.03,ONBOARDING | sachet_cap_5pct_cm,onboarding_sachet|education
7312641884415,T4,D3,D5,40.61,1,46.2,46.2,1,False,False,False,False,Subscription,Clear Protein,2.03,4.06,2.03,ONBOARDING | sachet_cap_5pct_cm,onboarding_sachet|education
7323303674111,T4,D3,D5,40.61,1,63.9,63.9,1,False,False,False,False,Subscription,Clear Protein,2.03,4.06,2.03,ONBOARDING | sachet_cap_5pct_cm,onboarding_sachet|education
7328844644607,T4,D3,D5,40.61,1,55.05,55.05,1,False,False,False,False,Subscription,Clear Protein,2.03,4.06,2.03,ONBOARDING | sachet_cap_5pct_cm,onboarding_sachet|education
7425832714495,T4,D3,D5,40.61,1,63.9,63.9,1,False,False,False,False,Subscription,Clear Protein,2.03,4.06,2.03,ONBOARDING | sachet_cap_5pct_cm,onboarding_sachet|education
7436716343551,T4,D3,D5,40.61,1,63.9,63.9,1,False,False,False,False,Subscription,Clear Protein,2.03,4.06,2.03,ONBOARDING | sachet_cap_5pct_cm,onboarding_sachet|education
7437842317567,T4,D3,D5,40.61,1,55.05,55.05,1,False,False,False,False,Subscription,Clear Protein,2.03,4.06,2.03,ONBOARDING | sachet_cap_5pct_cm,onboarding_sachet|education
7756460032255,T4,D3,D4,40.54,1,59.11,59.11,2,False,False,False,False,Direct / Organic,Other,2.03,4.05,2.03,ONBOARDING | sachet_cap_5pct_cm,onboarding_sachet|education
8811549393151,T4,D3,D2,40.53,1,61.11,61.11,1,False,False,False,False,Direct / Organic,Lean Protein,2.03,4.05,2.03,ONBOARDING | sachet_cap_5pct_cm,onboarding_sachet|education
8841478340863,T4,D3,D2,40.48,1,61.05,61.05,1,False,False,False,False,Direct / Organic,Lean Protein,2.02,4.05,2.02,ONBOARDING | sachet_cap_5pct_cm,onboarding_sachet|education
8096909394175,T4,D3,D3,40.46,1,59.9,59.9,1,False,False,False,False,Direct / Organic,Lean Protein,2.02,4.05,2.02,ONBOARDING | sachet_cap_5pct_cm,onboarding_sachet|education
8099585458431,T4,D3,D3,40.46,1,59.9,59.9,1,False,False,False,False,Direct / Organic,Lean Protein,2.02,4.05,2.02,ONBOARDING | sachet_cap_5pct_cm,onboarding_sachet|education
8101292966143,T4,D3,D3,40.46,1,59.9,59.9,1,False,False,False,False,Direct / Organic,Lean Protein,2.02,4.05,2.02,ONBOARDING | sachet_cap_5pct_cm,onboarding_sachet|education
8102148604159,T4,D3,D3,40.46,1,64.9,64.9,1,False,False,False,False,Paid Social,Lean Protein,2.02,4.05,2.02,ONBOARDING | sachet_cap_5pct_cm,onboarding_sachet|education
8103684276479,T4,D3,D3,40.46,1,59.9,59.9,1,False,False,False,False,Direct / Organic,Lean Protein,2.02,4.05,2.02,ONBOARDING | sachet_cap_5pct_cm,onboarding_sachet|education
8113545249023,T4,D3,D3,40.46,1,59.9,59.9,1,False,False,False,False,Direct / Organic,Lean Protein,2.02,4.05,2.02,ONBOARDING | sachet_cap_5pct_cm,onboarding_sachet|education
8156006482175,T4,D3,D3,40.46,1,59.9,59.9,1,False,False,False,False,Direct / Organic,Lean Protein,2.02,4.05,2.02,ONBOARDING | sachet_cap_5pct_cm,onboarding_sachet|education
8161485390079,T4,D3,D3,40.46,1,59.9,59.9,1,False,False,False,False,Direct / Organic,Lean Protein,2.02,4.05,2.02,ONBOARDING | sachet_cap_5pct_cm,onboarding_sachet|education
8166566101247,T4,D3,D3,40.46,1,53.91,53.91,1,False,False,False,False,Direct / Organic,Lean Protein,2.02,4.05,2.02,ONBOARDING | sachet_cap_5pct_cm,onboarding_sachet|education
8166657687807,T4,D3,D3,40.46,1,53.91,53.91,1,False,False,False,False,Direct / Organic,Lean Protein,2.02,4.05,2.02,ONBOARDING | sachet_cap_5pct_cm,onboarding_sachet|education
8166758482175,T4,D3,D3,40.46,1,53.91,53.91,1,False,False,False,False,Direct / Organic,Lean Protein,2.02,4.05,2.02,ONBOARDING | sachet_cap_5pct_cm,onboarding_sachet|education
8166902923519,T4,D3,D3,40.46,1,53.91,53.91,1,False,False,False,False,Direct / Organic,Lean Protein,2.02,4.05,2.02,ONBOARDING | sachet_cap_5pct_cm,onboarding_sachet|education
8166978748671,T4,D3,D3,40.46,1,53.91,53.91,1,False,False,False,False,Direct / Organic,Lean Protein,2.02,4.05,2.02,ONBOARDING | sachet_cap_5pct_cm,onboarding_sachet|education
8255421350143,T4,D3,D3,40.46,1,59.9,59.9,1,False,False,False,False,Direct / Organic,Lean Protein,2.02,4.05,2.02,ONBOARDING | sachet_cap_5pct_cm,onboarding_sachet|education
8296424341759,T4,D3,D3,40.46,1,64.9,64.9,1,False,False,False,False,Direct / Organic,Lean Protein,2.02,4.05,2.02,ONBOARDING | sachet_cap_5pct_cm,onboarding_sachet|education
8117830811903,T2,D2,D1,103.41,3,161.73,53.91,1,True,False,True,False,Subscription,Lean Protein,5.17,10.34,10.34,SUBSCRIBE_AND_SAVE | bundle_offers | no_blanket_10pct,subscribe_discount|bundle|category_sample
7756288622847,T2,D2,D1,103.29,3,183.53,61.17666666666667,2,False,False,True,False,Direct / Organic,Unknown,5.16,10.33,10.33,SUBSCRIBE_AND_SAVE | bundle_offers | no_blanket_10pct,subscribe_discount|bundle|category_sample
6424704024831,T4,D2,D5,103.06,1,119.8,119.8,1,False,False,False,False,Direct / Organic,Other,5.15,10.31,5.15,ONBOARDING | sachet_cap_5pct_cm,onboarding_sachet|education
7756035588351,T4,D2,D4,102.63,1,256.58,256.58,1,False,False,False,False,Direct / Organic,Unknown,5.13,10.26,5.13,ONBOARDING | sachet_cap_5pct_cm,onboarding_sachet|education
7756429361407,T2,D2,D1,102.53,6,208.42,34.736666666666665,3,True,False,True,False,Subscription,Other,5.13,10.25,10.25,SUBSCRIBE_AND_SAVE | bundle_offers | no_blanket_10pct,subscribe_discount|bundle|category_sample
8371435536639,T4,D2,D2,102.46,1,117.98,117.98,3,False,False,False,False,Direct / Organic,Collagen Glow,5.12,10.25,5.12,ONBOARDING | sachet_cap_5pct_cm,onboarding_sachet|education
7756020580607,T4,D2,D4,102.4,1,256.0,256.0,1,False,False,False,False,Direct / Organic,Unknown,5.12,10.24,5.12,ONBOARDING | sachet_cap_5pct_cm,onboarding_sachet|education
7756039127295,T4,D2,D4,102.4,1,256.0,256.0,1,False,False,False,False,Direct / Organic,Unknown,5.12,10.24,5.12,ONBOARDING | sachet_cap_5pct_cm,onboarding_sachet|education
7756039258367,T4,D2,D4,102.4,1,256.0,256.0,1,False,False,False,False,Direct / Organic,Unknown,5.12,10.24,5.12,ONBOARDING | sachet_cap_5pct_cm,onboarding_sachet|education
7010309046527,T4,D2,D5,102.26,1,110.08,110.08,2,False,False,False,False,Subscription,Other,5.11,10.23,5.11,ONBOARDING | sachet_cap_5pct_cm,onboarding_sachet|education
6423611441407,T4,D2,D5,102.15,1,255.38,255.38,1,False,False,False,False,Subscription,Unknown,5.11,10.22,5.11,ONBOARDING | sachet_cap_5pct_cm,onboarding_sachet|education
6588193865983,T2,D2,D2,101.88,2,149.45,74.725,1,False,False,False,False,Subscription,Collagen Glow,5.09,10.19,10.19,SUBSCRIBE_AND_SAVE | bundle_offers | no_blanket_10pct,subscribe_discount|bundle|category_sample
8796055666943,T4,D2,D2,101.8,1,139.7,139.7,2,False,False,False,False,Direct / Organic,Accessories,5.09,10.18,5.09,ONBOARDING | sachet_cap_5pct_cm,onboarding_sachet|education
7756181897471,T2,D2,D1,101.78,6,218.18,36.36333333333334,2,True,False,True,False,Direct / Organic,Unknown,5.09,10.18,10.18,SUBSCRIBE_AND_SAVE | bundle_offers | no_blanket_10pct,subscribe_discount|bundle|category_sample
8890628243711,T4,D2,D2,101.76,1,140.12,140.12,2,False,False,False,False,Direct / Organic,Clear Protein,5.09,10.18,5.09,ONBOARDING | sachet_cap_5pct_cm,onboarding_sachet|education
6423595909375,T2,D2,D1,101.5,3,268.45,89.48333333333333,1,False,False,True,False,Subscription,Unknown,5.08,10.15,10.15,SUBSCRIBE_AND_SAVE | bundle_offers | no_blanket_10pct,subscribe_discount|bundle|category_sample
7756264177919,T2,D2,D1,101.45,2,184.13,92.065,2,False,False,True,False,Direct / Organic,Other,5.07,10.15,10.15,SUBSCRIBE_AND_SAVE | bundle_offers | no_blanket_10pct,subscribe_discount|bundle|category_sample
7756264997119,T2,D2,D1,101.45,2,165.72,82.86,2,False,False,True,False,Direct / Organic,Unknown,5.07,10.15,10.15,SUBSCRIBE_AND_SAVE | bundle_offers | no_blanket_10pct,subscribe_discount|bundle|category_sample
7169592623359,T4,D2,D5,101.22,1,110.4,110.4,1,False,False,False,False,Direct / Organic,Clear Protein,5.06,10.12,5.06,ONBOARDING | sachet_cap_5pct_cm,onboarding_sachet|education
7580912025855,T4,D2,D5,101.22,1,117.3,117.3,1,False,False,False,False,Subscription,Clear Protein,5.06,10.12,5.06,ONBOARDING | sachet_cap_5pct_cm,onboarding_sachet|education
7807449334015,T4,D2,D4,101.22,1,138.0,138.0,1,False,False,False,False,Subscription,Clear Protein,5.06,10.12,5.06,ONBOARDING | sachet_cap_5pct_cm,onboarding_sachet|education
7830799909119,T4,D2,D3,101.22,1,138.0,138.0,1,False,False,False,False,Direct / Organic,Clear Protein,5.06,10.12,5.06,ONBOARDING | sachet_cap_5pct_cm,onboarding_sachet|education
7866897531135,T2,D2,D1,101.22,2,147.9,73.95,1,False,False,True,False,Direct / Organic,Clear Protein,5.06,10.12,10.12,SUBSCRIBE_AND_SAVE | bundle_offers | no_blanket_10pct,subscribe_discount|bundle|category_sample
7903429984511,T4,D2,D3,101.22,1,117.3,117.3,1,False,False,False,False,Direct / Organic,Clear Protein,5.06,10.12,5.06,ONBOARDING | sachet_cap_5pct_cm,onboarding_sachet|education
7958813212927,T4,D2,D3,101.22,1,138.0,138.0,1,False,False,False,False,Direct / Organic,Clear Protein,5.06,10.12,5.06,ONBOARDING | sachet_cap_5pct_cm,onboarding_sachet|education
7968715604223,T4,D2,D3,101.22,1,124.2,124.2,1,False,False,False,False,Affiliate,Clear Protein,5.06,10.12,5.06,ONBOARDING | sachet_cap_5pct_cm,onboarding_sachet|education
8003138027775,T4,D2,D3,101.22,1,124.2,124.2,1,False,False,False,False,Affiliate,Clear Protein,5.06,10.12,5.06,ONBOARDING | sachet_cap_5pct_cm,onboarding_sachet|education
8042937680127,T4,D2,D3,101.22,1,124.2,124.2,1,False,False,False,False,Direct / Organic,Clear Protein,5.06,10.12,5.06,ONBOARDING | sachet_cap_5pct_cm,onboarding_sachet|education
8064049643775,T4,D2,D3,101.22,1,138.0,138.0,1,False,False,False,False,Direct / Organic,Clear Protein,5.06,10.12,5.06,ONBOARDING | sachet_cap_5pct_cm,onboarding_sachet|education
8084515258623,T4,D2,D3,101.22,1,138.0,138.0,1,False,False,False,False,Direct / Organic,Clear Protein,5.06,10.12,5.06,ONBOARDING | sachet_cap_5pct_cm,onboarding_sachet|education
8106290151679,T4,D2,D3,101.22,1,131.1,131.1,1,False,False,False,False,Direct / Organic,Clear Protein,5.06,10.12,5.06,ONBOARDING | sachet_cap_5pct_cm,onboarding_sachet|education
8108000968959,T4,D2,D3,101.22,1,117.3,117.3,1,False,False,False,False,Direct / Organic,Clear Protein,5.06,10.12,5.06,ONBOARDING | sachet_cap_5pct_cm,onboarding_sachet|education
8110293385471,T4,D2,D3,101.22,1,138.0,138.0,1,False,False,False,False,Paid Social,Clear Protein,5.06,10.12,5.06,ONBOARDING | sachet_cap_5pct_cm,onboarding_sachet|education
8119961092351,T4,D2,D3,101.22,1,138.0,138.0,1,False,False,False,False,Paid Social,Clear Protein,5.06,10.12,5.06,ONBOARDING | sachet_cap_5pct_cm,onboarding_sachet|education
8124393455871,T4,D2,D3,101.22,1,124.2,124.2,1,False,False,False,False,Affiliate,Clear Protein,5.06,10.12,5.06,ONBOARDING | sachet_cap_5pct_cm,onboarding_sachet|education
8139501338879,T4,D2,D3,101.22,1,138.0,138.0,1,False,False,False,False,Direct / Organic,Clear Protein,5.06,10.12,5.06,ONBOARDING | sachet_cap_5pct_cm,onboarding_sachet|education
8164599759103,T4,D2,D3,101.22,1,124.2,124.2,1,False,False,False,False,Direct / Organic,Clear Protein,5.06,10.12,5.06,ONBOARDING | sachet_cap_5pct_cm,onboarding_sachet|education
8246793732351,T4,D2,D3,101.22,1,117.3,117.3,1,False,False,False,False,Direct / Organic,Clear Protein,5.06,10.12,5.06,ONBOARDING | sachet_cap_5pct_cm,onboarding_sachet|education
8300895535359,T4,D2,D3,101.22,1,117.3,117.3,1,False,False,False,False,Direct / Organic,Clear Protein,5.06,10.12,5.06,ONBOARDING | sachet_cap_5pct_cm,onboarding_sachet|education
8438000550143,T4,D2,D2,101.22,1,138.0,138.0,1,False,False,False,False,Direct / Organic,Clear Protein,5.06,10.12,5.06,ONBOARDING | sachet_cap_5pct_cm,onboarding_sachet|education
8607713788159,T4,D2,D2,101.22,1,117.3,117.3,1,False,False,False,False,Direct / Organic,Clear Protein,5.06,10.12,5.06,ONBOARDING | sachet_cap_5pct_cm,onboarding_sachet|education
8608561889535,T4,D2,D2,101.22,1,138.0,138.0,1,False,False,False,False,Direct / Organic,Clear Protein,5.06,10.12,5.06,ONBOARDING | sachet_cap_5pct_cm,onboarding_sachet|education
8667748958463,T4,D2,D2,101.22,1,139.54,139.54,1,False,False,False,False,Direct / Organic,Clear Protein,5.06,10.12,5.06,ONBOARDING | sachet_cap_5pct_cm,onboarding_sachet|education
8677680251135,T4,D2,D2,101.22,1,138.0,138.0,1,False,False,False,False,Direct / Organic,Clear Protein,5.06,10.12,5.06,ONBOARDING | sachet_cap_5pct_cm,onboarding_sachet|education
8712473673983,T4,D2,D2,101.22,1,124.2,124.2,1,False,False,False,False,Affiliate,Clear Protein,5.06,10.12,5.06,ONBOARDING | sachet_cap_5pct_cm,onboarding_sachet|education
8761558171903,T4,D2,D2,101.22,1,110.4,110.4,1,False,False,False,False,Direct / Organic,Clear Protein,5.06,10.12,5.06,ONBOARDING | sachet_cap_5pct_cm,onboarding_sachet|education
7755924472063,T2,D2,D1,101.16,7,187.05,26.72142857142857,3,True,False,True,False,Direct / Organic,Unknown,5.06,10.12,10.12,SUBSCRIBE_AND_SAVE | bundle_offers | no_blanket_10pct,subscribe_discount|bundle|category_sample
8338200854783,T4,D2,D3,101.06,1,125.07,125.07,3,False,False,False,False,Direct / Organic,Accessories,5.05,10.11,5.05,ONBOARDING | sachet_cap_5pct_cm,onboarding_sachet|education
8702512464127,T4,D2,D2,101.06,1,143.0,143.0,2,False,False,False,False,Direct / Organic,Collagen Glow,5.05,10.11,5.05,ONBOARDING | sachet_cap_5pct_cm,onboarding_sachet|education
7756375785727,T4,D2,D4,100.94,1,186.45,186.45,1,False,False,False,False,Direct / Organic,Other,5.05,10.09,5.05,ONBOARDING | sachet_cap_5pct_cm,onboarding_sachet|education
6327675945215,T2,D2,D2,100.92,2,255.03,127.515,1,False,False,False,False,Direct / Organic,Unknown,5.05,10.09,10.09,SUBSCRIBE_AND_SAVE | bundle_offers | no_blanket_10pct,subscribe_discount|bundle|category_sample
7756193169663,T2,D2,D1,100.79,2,146.65,73.325,2,False,False,True,False,Direct / Organic,Clear Protein,5.04,10.08,10.08,SUBSCRIBE_AND_SAVE | bundle_offers | no_blanket_10pct,subscribe_discount|bundle|category_sample
8882059575551,T4,D2,D2,100.65,1,123.59,123.59,4,False,False,False,False,Direct / Organic,Lean Protein,5.03,10.07,5.03,ONBOARDING | sachet_cap_5pct_cm,onboarding_sachet|education
7878900580607,T2,D2,D1,100.56,4,125.41,31.3525,2,True,False,True,False,Subscription,Other,5.03,10.06,10.06,SUBSCRIBE_AND_SAVE | bundle_offers | no_blanket_10pct,subscribe_discount|bundle|category_sample
8416333791487,T4,D2,D2,100.55,1,152.59,152.59,2,False,False,False,False,Paid Social,Unknown,5.03,10.06,5.03,ONBOARDING | sachet_cap_5pct_cm,onboarding_sachet|education
7872851575039,T4,D2,D3,100.47,1,126.56,126.56,3,False,False,False,False,Direct / Organic,Collagen Glow,5.02,10.05,5.02,ONBOARDING | sachet_cap_5pct_cm,onboarding_sachet|education
8846411104511,T4,D2,D2,100.38,1,117.09,117.09,2,False,False,False,False,Direct / Organic,Lean Protein,5.02,10.04,5.02,ONBOARDING | sachet_cap_5pct_cm,onboarding_sachet|education
7756211585279,T2,D2,D1,100.3,2,162.84,81.42,3,False,False,True,False,Direct / Organic,Other,5.02,10.03,10.03,SUBSCRIBE_AND_SAVE | bundle_offers | no_blanket_10pct,subscribe_discount|bundle|category_sample
6773309407487,T4,D2,D5,100.29,1,152.71,152.71,1,True,False,False,False,Subscription,Other,5.01,10.03,5.01,ONBOARDING | sachet_cap_5pct_cm,onboarding_sachet|education
7826734874879,T4,D2,D3,100.17,1,135.81,135.81,3,False,False,False,False,Direct / Organic,Collagen Glow,5.01,10.02,5.01,ONBOARDING | sachet_cap_5pct_cm,onboarding_sachet|education
8781121421567,T2,D2,D1,99.83,2,177.09,88.545,2,True,False,True,False,Direct / Organic,Accessories,4.99,9.98,9.98,SUBSCRIBE_AND_SAVE | bundle_offers | no_blanket_10pct,subscribe_discount|bundle|category_sample
7756439585023,T2,D2,D1,99.8,2,135.84,67.92,4,True,False,True,False,Subscription,Lean Protein,4.99,9.98,9.98,SUBSCRIBE_AND_SAVE | bundle_offers | no_blanket_10pct,subscribe_discount|bundle|category_sample
8327709753599,T4,D2,D3,99.76,1,111.14,111.14,3,False,False,False,False,Direct / Organic,Accessories,4.99,9.98,4.99,ONBOARDING | sachet_cap_5pct_cm,onboarding_sachet|education
8713364570367,T4,D2,D2,99.6,1,132.07,132.07,1,False,False,False,False,Direct / Organic,Lean Protein,4.98,9.96,4.98,ONBOARDING | sachet_cap_5pct_cm,onboarding_sachet|education
7307232772351,T4,D2,D5,99.54,1,96.53,96.53,2,False,False,False,False,Subscription,Accessories,4.98,9.95,4.98,ONBOARDING | sachet_cap_5pct_cm,onboarding_sachet|education
8843730125055,T4,D2,D2,99.32,1,99.0,99.0,1,False,False,False,False,Direct / Organic,Other,4.97,9.93,4.97,ONBOARDING | sachet_cap_5pct_cm,onboarding_sachet|education
6549652734207,T4,D2,D5,99.28,1,143.64,143.64,1,False,False,False,False,Subscription,Other,4.96,9.93,4.96,ONBOARDING | sachet_cap_5pct_cm,onboarding_sachet|education
7098288799999,T4,D2,D5,98.89,1,183.29,183.29,1,False,False,False,False,Subscription,Other,4.94,9.89,4.94,ONBOARDING | sachet_cap_5pct_cm,onboarding_sachet|education
7756485853439,T2,D2,D1,98.81,2,135.62,67.81,3,False,False,True,False,Direct / Organic,Accessories,4.94,9.88,9.88,SUBSCRIBE_AND_SAVE | bundle_offers | no_blanket_10pct,subscribe_discount|bundle|category_sample
6423606231295,T4,D2,D5,98.79,1,246.98,246.98,1,False,False,False,False,Subscription,Unknown,4.94,9.88,4.94,ONBOARDING | sachet_cap_5pct_cm,onboarding_sachet|education
8347971485951,T2,D2,D1,98.67,3,138.75,46.25,4,False,False,True,False,Direct / Organic,Accessories,4.93,9.87,9.87,SUBSCRIBE_AND_SAVE | bundle_offers | no_blanket_10pct,subscribe_discount|bundle|category_sample
8244140081407,T2,D2,D1,98.63,2,157.35,78.675,1,False,False,True,False,Paid Social,Lean Protein,4.93,9.86,9.86,SUBSCRIBE_AND_SAVE | bundle_offers | no_blanket_10pct,subscribe_discount|bundle|category_sample
6532489183487,T2,D2,D1,98.56,3,156.52,52.17333333333334,3,False,False,True,False,Direct / Organic,Collagen Glow,4.93,9.86,9.86,SUBSCRIBE_AND_SAVE | bundle_offers | no_blanket_10pct,subscribe_discount|bundle|category_sample
8335092252927,T4,D2,D3,98.53,1,153.9,153.9,3,False,False,False,False,Direct / Organic,Clear Protein,4.93,9.85,4.93,ONBOARDING | sachet_cap_5pct_cm,onboarding_sachet|education
7347175325951,T2,D2,D2,98.5,2,110.28,55.14,1,True,False,False,False,Subscription,Soy Protein,4.93,9.85,9.85,SUBSCRIBE_AND_SAVE | bundle_offers | no_blanket_10pct,subscribe_discount|bundle|category_sample
7958933405951,T2,D2,D1,98.14,2,157.14,78.57,3,False,False,True,False,Paid Social,Unknown,4.91,9.81,9.81,SUBSCRIBE_AND_SAVE | bundle_offers | no_blanket_10pct,subscribe_discount|bundle|category_sample
8878172831999,T4,D2,D2,98.06,1,136.19,136.19,3,False,False,False,False,Paid Social,Lean Protein,4.9,9.81,4.9,ONBOARDING | sachet_cap_5pct_cm,onboarding_sachet|education
8017438605567,T2,D2,D1,97.9,2,133.75,66.875,4,True,False,True,False,Direct / Organic,Accessories,4.9,9.79,9.79,SUBSCRIBE_AND_SAVE | bundle_offers | no_blanket_10pct,subscribe_discount|bundle|category_sample
8757515223295,T4,D2,D2,97.84,1,136.16,136.16,1,False,False,False,False,Direct / Organic,Clear Protein,4.89,9.78,4.89,ONBOARDING | sachet_cap_5pct_cm,onboarding_sachet|education
8905962848511,T4,D2,D2,97.84,1,136.16,136.16,1,False,False,False,False,Direct / Organic,Clear Protein,4.89,9.78,4.89,ONBOARDING | sachet_cap_5pct_cm,onboarding_sachet|education
7574819307775,T4,D2,D5,97.71,1,90.16,90.16,2,False,False,False,False,Subscription,Other,4.89,9.77,4.89,ONBOARDING | sachet_cap_5pct_cm,onboarding_sachet|education
6327503552767,T4,D2,D5,97.6,1,132.81,132.81,1,False,False,False,False,Subscription,Other,4.88,9.76,4.88,ONBOARDING | sachet_cap_5pct_cm,onboarding_sachet|education
6329828180223,T4,D2,D5,97.6,1,132.81,132.81,1,False,False,False,False,Subscription,Other,4.88,9.76,4.88,ONBOARDING | sachet_cap_5pct_cm,onboarding_sachet|education
6514794725631,T4,D2,D5,97.6,1,112.89,112.89,1,False,False,False,False,Subscription,Other,4.88,9.76,4.88,ONBOARDING | sachet_cap_5pct_cm,onboarding_sachet|education
6585818710271,T4,D2,D5,97.6,1,106.25,106.25,1,False,False,False,False,Subscription,Other,4.88,9.76,4.88,ONBOARDING | sachet_cap_5pct_cm,onboarding_sachet|education
6586846314751,T4,D2,D5,97.6,1,106.25,106.25,1,False,False,False,False,Subscription,Other,4.88,9.76,4.88,ONBOARDING | sachet_cap_5pct_cm,onboarding_sachet|education
6624970440959,T4,D2,D5,97.6,1,112.89,112.89,1,False,False,False,False,Subscription,Other,4.88,9.76,4.88,ONBOARDING | sachet_cap_5pct_cm,onboarding_sachet|education
6659616538879,T4,D2,D5,97.6,1,132.81,132.81,1,False,False,False,False,Subscription,Other,4.88,9.76,4.88,ONBOARDING | sachet_cap_5pct_cm,onboarding_sachet|education
7252877705471,T2,D2,D2,97.56,2,144.61,72.305,3,True,False,False,False,Subscription,Unknown,4.88,9.76,9.76,SUBSCRIBE_AND_SAVE | bundle_offers | no_blanket_10pct,subscribe_discount|bundle|category_sample
8608022495487,T2,D2,D1,97.56,2,120.94,60.47,2,False,False,True,False,Direct / Organic,Other,4.88,9.76,9.76,SUBSCRIBE_AND_SAVE | bundle_offers | no_blanket_10pct,subscribe_discount|bundle|category_sample
6780370485503,T4,D2,D5,97.45,1,169.6,169.6,1,True,False,False,False,Subscription,Collagen Glow,4.87,9.75,4.87,ONBOARDING | sachet_cap_5pct_cm,onboarding_sachet|education
7756395020543,T4,D2,D4,97.3,1,151.42,151.42,1,False,False,False,False,Direct / Organic,Other,4.86,9.73,4.86,ONBOARDING | sachet_cap_5pct_cm,onboarding_sachet|education
8819560546559,T4,D2,D2,97.24,1,135.6,135.6,2,False,False,False,False,Paid Social,Clear Protein,4.86,9.72,4.86,ONBOARDING | sachet_cap_5pct_cm,onboarding_sachet|education
8738683289855,T4,D2,D2,97.23,1,139.74,139.74,3,True,False,False,False,Subscription,Lean Protein,4.86,9.72,4.86,ONBOARDING | sachet_cap_5pct_cm,onboarding_sachet|education
7114650845439,T2,D2,D1,97.19,3,153.72,51.24,2,True,False,True,False,Subscription,Clear Protein,4.86,9.72,9.72,SUBSCRIBE_AND_SAVE | bundle_offers | no_blanket_10pct,subscribe_discount|bundle|category_sample
6327555457279,T2,D2,D2,97.13,2,152.03,76.015,2,False,False,False,False,Subscription,Unknown,4.86,9.71,9.71,SUBSCRIBE_AND_SAVE | bundle_offers | no_blanket_10pct,subscribe_discount|bundle|category_sample
8311984554239,T4,D2,D3,97.07,1,126.33,126.33,2,False,False,False,False,Direct / Organic,Accessories,4.85,9.71,4.85,ONBOARDING | sachet_cap_5pct_cm,onboarding_sachet|education
6328249286911,T2,D2,D1,97.06,3,179.91,59.97,3,False,False,True,False,Subscription,Unknown,4.85,9.71,9.71,SUBSCRIBE_AND_SAVE | bundle_offers | no_blanket_10pct,subscribe_discount|bundle|category_sample
7756406522111,T2,D2,D1,97.0,2,123.23,61.615,2,False,False,True,False,Direct / Organic,Other,4.85,9.7,9.7,SUBSCRIBE_AND_SAVE | bundle_offers | no_blanket_10pct,subscribe_discount|bundle|category_sample
8899202810111,T4,D2,D2,96.9,1,133.68,133.68,1,True,False,False,False,Subscription,Clear Protein,4.85,9.69,4.85,ONBOARDING | sachet_cap_5pct_cm,onboarding_sachet|education
7583061606655,T2,D2,D1,96.86,3,145.57,48.52333333333333,2,True,False,True,False,Subscription,Unknown,4.84,9.69,9.69,SUBSCRIBE_AND_SAVE | bundle_offers | no_blanket_10pct,subscribe_discount|bundle|category_sample
7756349866239,T2,D2,D1,96.65,3,176.34,58.78,2,False,False,True,False,Direct / Organic,Unknown,4.83,9.67,9.67,SUBSCRIBE_AND_SAVE | bundle_offers | no_blanket_10pct,subscribe_discount|bundle|category_sample
7972114432255,T2,D2,D1,96.64,4,131.46,32.865,4,True,False,True,False,Subscription,Accessories,4.83,9.66,9.66,SUBSCRIBE_AND_SAVE | bundle_offers | no_blanket_10pct,subscribe_discount|bundle|category_sample
6351154741503,T2,D2,D1,96.64,6,108.52,18.086666666666666,2,False,False,True,False,Direct / Organic,Unknown,4.83,9.66,9.66,SUBSCRIBE_AND_SAVE | bundle_offers | no_blanket_10pct,subscribe_discount|bundle|category_sample
8211027558655,T4,D2,D3,96.3,1,133.08,133.08,1,False,False,False,False,Paid Social,Clear Protein,4.82,9.63,4.82,ONBOARDING | sachet_cap_5pct_cm,onboarding_sachet|education
7756320964863,T2,D2,D1,96.28,3,195.64,65.21333333333332,2,True,False,True,False,Subscription,Other,4.81,9.63,9.63,SUBSCRIBE_AND_SAVE | bundle_offers | no_blanket_10pct,subscribe_discount|bundle|category_sample
7469864222975,T4,D2,D5,96.14,1,91.2,91.2,2,False,False,False,False,Subscription,Other,4.81,9.61,4.81,ONBOARDING | sachet_cap_5pct_cm,onboarding_sachet|education
7756387909887,T2,D2,D1,96.01,7,189.53,27.075714285714287,3,True,False,True,False,Direct / Organic,Unknown,4.8,9.6,9.6,SUBSCRIBE_AND_SAVE | bundle_offers | no_blanket_10pct,subscribe_discount|bundle|category_sample
7755960910079,T2,D2,D1,95.97,5,131.39,26.278,2,True,False,True,False,Subscription,Soy Protein,4.8,9.6,9.6,SUBSCRIBE_AND_SAVE | bundle_offers | no_blanket_10pct,subscribe_discount|bundle|category_sample
8255558091007,T2,D2,D1,95.92,2,144.8,72.4,2,False,False,True,False,Direct / Organic,Lean Protein,4.8,9.59,9.59,SUBSCRIBE_AND_SAVE | bundle_offers | no_blanket_10pct,subscribe_discount|bundle|category_sample
8899465314559,T4,D2,D2,95.92,1,134.28,134.28,2,False,False,False,False,Direct / Organic,Clear Protein,4.8,9.59,4.8,ONBOARDING | sachet_cap_5pct_cm,onboarding_sachet|education
8865785348351,T4,D2,D2,95.86,1,128.31,128.31,3,False,False,False,False,Direct / Organic,Accessories,4.79,9.59,4.79,ONBOARDING | sachet_cap_5pct_cm,onboarding_sachet|education
7756484772095,T2,D2,D1,95.82,2,127.3,63.65,3,False,False,True,False,Direct / Organic,Accessories,4.79,9.58,9.58,SUBSCRIBE_AND_SAVE | bundle_offers | no_blanket_10pct,subscribe_discount|bundle|category_sample
7756015927551,T2,D2,D1,95.81,3,242.24,80.74666666666667,1,False,False,True,False,Direct / Organic,Unknown,4.79,9.58,9.58,SUBSCRIBE_AND_SAVE | bundle_offers | no_blanket_10pct,subscribe_discount|bundle|category_sample
8593221681407,T2,D2,D1,95.65,2,121.73,60.865,2,False,False,True,False,Direct / Organic,Accessories,4.78,9.57,9.57,SUBSCRIBE_AND_SAVE | bundle_offers | no_blanket_10pct,subscribe_discount|bundle|category_sample
7755991482623,T2,D2,D2,95.64,2,241.82,120.91,1,False,False,False,False,Direct / Organic,Unknown,4.78,9.56,9.56,SUBSCRIBE_AND_SAVE | bundle_offers | no_blanket_10pct,subscribe_discount|bundle|category_sample
7756362973439,T4,D2,D4,95.46,1,138.07,138.07,2,False,False,False,False,Direct / Organic,Other,4.77,9.55,4.77,ONBOARDING | sachet_cap_5pct_cm,onboarding_sachet|education
7756400787711,T2,D2,D1,95.35,12,280.62,23.385,2,True,False,True,False,Subscription,Other,4.77,9.54,9.54,SUBSCRIBE_AND_SAVE | bundle_offers | no_blanket_10pct,subscribe_discount|bundle|category_sample
8144777707775,T4,D2,D3,95.24,1,122.0,122.0,2,True,False,False,False,Subscription,Clear Protein,4.76,9.52,4.76,ONBOARDING | sachet_cap_5pct_cm,onboarding_sachet|education
6395505901823,T4,D2,D5,95.24,1,107.64,107.64,1,False,False,False,False,Subscription,Other,4.76,9.52,4.76,ONBOARDING | sachet_cap_5pct_cm,onboarding_sachet|education
7427649962239,T2,D2,D2,95.18,2,169.6,84.8,1,False,False,False,False,Subscription,Other,4.76,9.52,9.52,SUBSCRIBE_AND_SAVE | bundle_offers | no_blanket_10pct,subscribe_discount|bundle|category_sample
8081416552703,T4,D2,D3,95.16,1,139.34,139.34,3,False,False,False,False,Direct / Organic,Other,4.76,9.52,4.76,ONBOARDING | sachet_cap_5pct_cm,onboarding_sachet|education
7756407341311,T4,D2,D4,95.06,1,153.18,153.18,1,False,False,False,False,Direct / Organic,Collagen Glow,4.75,9.51,4.75,ONBOARDING | sachet_cap_5pct_cm,onboarding_sachet|education
7756007702783,T2,D2,D2,95.05,2,150.52,75.26,2,True,False,False,False,Direct / Organic,Other,4.75,9.51,9.51,SUBSCRIBE_AND_SAVE | bundle_offers | no_blanket_10pct,subscribe_discount|bundle|category_sample
8394029629695,T4,D2,D2,94.95,1,118.56,118.56,1,False,False,False,False,Direct / Organic,Clear Protein,4.75,9.5,4.75,ONBOARDING | sachet_cap_5pct_cm,onboarding_sachet|education
8686846345471,T4,D2,D2,94.93,1,131.71,131.71,1,False,False,False,False,Direct / Organic,Clear Protein,4.75,9.49,4.75,ONBOARDING | sachet_cap_5pct_cm,onboarding_sachet|education
8635114750207,T4,D2,D2,94.87,1,131.65,131.65,1,False,False,False,False,Paid Social,Clear Protein,4.74,9.49,4.74,ONBOARDING | sachet_cap_5pct_cm,onboarding_sachet|education
8637500195071,T4,D2,D2,94.87,1,131.65,131.65,1,False,False,False,False,Direct / Organic,Clear Protein,4.74,9.49,4.74,ONBOARDING | sachet_cap_5pct_cm,onboarding_sachet|education
7756190777599,T2,D2,D1,94.83,5,236.69,47.338,2,True,False,True,False,Subscription,Other,4.74,9.48,9.48,SUBSCRIBE_AND_SAVE | bundle_offers | no_blanket_10pct,subscribe_discount|bundle|category_sample
6327561027839,T2,D2,D1,94.82,3,230.58,76.86,2,True,False,True,False,Subscription,Unknown,4.74,9.48,9.48,SUBSCRIBE_AND_SAVE | bundle_offers | no_blanket_10pct,subscribe_discount|bundle|category_sample
8633602900223,T4,D2,D2,94.82,1,132.44,132.44,3,False,False,False,False,Direct / Organic,Accessories,4.74,9.48,4.74,ONBOARDING | sachet_cap_5pct_cm,onboarding_sachet|education
7756483952895,T2,D2,D1,94.79,2,137.97,68.985,1,False,False,True,False,Direct / Organic,Accessories,4.74,9.48,9.48,SUBSCRIBE_AND_SAVE | bundle_offers | no_blanket_10pct,subscribe_discount|bundle|category_sample
7307883872511,T4,D2,D5,94.64,1,106.89,106.89,2,True,False,False,False,Subscription,Other,4.73,9.46,4.73,ONBOARDING | sachet_cap_5pct_cm,onboarding_sachet|education
7756407505151,T2,D2,D1,94.62,4,221.97,55.4925,3,True,False,True,False,Direct / Organic,Other,4.73,9.46,9.46,SUBSCRIBE_AND_SAVE | bundle_offers | no_blanket_10pct,subscribe_discount|bundle|category_sample
7756033687807,T2,D2,D1,94.55,2,236.36,118.18,1,False,False,True,False,Direct / Organic,Unknown,4.73,9.46,9.46,SUBSCRIBE_AND_SAVE | bundle_offers | no_blanket_10pct,subscribe_discount|bundle|category_sample
7756034703615,T2,D2,D1,94.55,2,248.48,124.24,1,False,False,True,False,Direct / Organic,Unknown,4.73,9.46,9.46,SUBSCRIBE_AND_SAVE | bundle_offers | no_blanket_10pct,subscribe_discount|bundle|category_sample
7249233608959,T4,D2,D5,94.43,1,101.68,101.68,2,True,False,False,False,Subscription,Other,4.72,9.44,4.72,ONBOARDING | sachet_cap_5pct_cm,onboarding_sachet|education
7756023890175,T2,D2,D2,94.42,2,236.04,118.02,1,False,False,False,False,Direct / Organic,Unknown,4.72,9.44,9.44,SUBSCRIBE_AND_SAVE | bundle_offers | no_blanket_10pct,subscribe_discount|bundle|category_sample
7756375097599,T2,D2,D1,94.35,2,280.56,140.28,3,True,False,True,False,Subscription,Other,4.72,9.44,9.44,SUBSCRIBE_AND_SAVE | bundle_offers | no_blanket_10pct,subscribe_discount|bundle|category_sample
8260054483199,T2,D2,D1,94.32,2,86.1,43.05,1,True,False,True,False,Direct / Organic,Clear Protein,4.72,9.43,9.43,SUBSCRIBE_AND_SAVE | bundle_offers | no_blanket_10pct,subscribe_discount|bundle|category_sample
8719946580223,T2,D2,D1,94.32,2,136.0,68.0,1,True,False,True,False,Subscription,Clear Protein,4.72,9.43,9.43,SUBSCRIBE_AND_SAVE | bundle_offers | no_blanket_10pct,subscribe_discount|bundle|category_sample
8721444208895,T4,D2,D2,94.32,1,131.1,131.1,1,False,False,False,False,Direct / Organic,Clear Protein,4.72,9.43,4.72,ONBOARDING | sachet_cap_5pct_cm,onboarding_sachet|education
8344473633023,T4,D2,D3,94.3,1,130.9,130.9,3,False,False,False,False,Direct / Organic,Clear Protein,4.72,9.43,4.72,ONBOARDING | sachet_cap_5pct_cm,onboarding_sachet|education
7756027887871,T2,D2,D1,94.21,3,213.47,71.15666666666667,1,False,False,True,False,Direct / Organic,Unknown,4.71,9.42,9.42,SUBSCRIBE_AND_SAVE | bundle_offers | no_blanket_10pct,subscribe_discount|bundle|category_sample
8088279548159,T4,D2,D3,94.08,1,113.98,113.98,3,True,False,False,False,Subscription,Clear Protein,4.7,9.41,4.7,ONBOARDING | sachet_cap_5pct_cm,onboarding_sachet|education
7756464947455,T2,D2,D1,93.78,2,132.3,66.15,3,False,False,True,False,Direct / Organic,Clear Protein,4.69,9.38,9.38,SUBSCRIBE_AND_SAVE | bundle_offers | no_blanket_10pct,subscribe_discount|bundle|category_sample
8341396881663,T4,D2,D3,93.76,1,98.9,98.9,3,False,False,False,False,Direct / Organic,Other,4.69,9.38,4.69,ONBOARDING | sachet_cap_5pct_cm,onboarding_sachet|education
7756030705919,T2,D2,D1,93.65,3,185.86,61.95333333333334,3,True,False,True,False,Direct / Organic,Unknown,4.68,9.36,9.36,SUBSCRIBE_AND_SAVE | bundle_offers | no_blanket_10pct,subscribe_discount|bundle|category_sample
7756420153599,T4,D2,D4,93.61,1,130.34,130.34,3,False,False,False,False,Direct / Organic,Clear Protein,4.68,9.36,4.68,ONBOARDING | sachet_cap_5pct_cm,onboarding_sachet|education
7364057563391,T4,D2,D5,93.6,1,101.7,101.7,3,False,False,False,False,Subscription,Accessories,4.68,9.36,4.68,ONBOARDING | sachet_cap_5pct_cm,onboarding_sachet|education
7971533324543,T4,D2,D3,93.54,1,151.4,151.4,2,False,False,False,False,Paid Social,Lean Protein,4.68,9.35,4.68,ONBOARDING | sachet_cap_5pct_cm,onboarding_sachet|education
7756462096639,T2,D2,D1,93.53,2,112.83,56.415,2,False,False,True,False,Direct / Organic,Clear Protein,4.68,9.35,9.35,SUBSCRIBE_AND_SAVE | bundle_offers | no_blanket_10pct,subscribe_discount|bundle|category_sample
7960963154175,T2,D2,D1,93.48,2,123.73,61.865,3,False,False,True,False,Direct / Organic,Lean Protein,4.67,9.35,9.35,SUBSCRIBE_AND_SAVE | bundle_offers | no_blanket_10pct,subscribe_discount|bundle|category_sample
7829214429439,T2,D2,D1,93.36,3,142.62,47.54,2,True,False,True,False,Subscription,Lean Protein,4.67,9.34,9.34,SUBSCRIBE_AND_SAVE | bundle_offers | no_blanket_10pct,subscribe_discount|bundle|category_sample
6327515152639,T2,D2,D1,93.27,3,154.88,51.626666666666665,2,True,False,True,False,Subscription,Unknown,4.66,9.33,9.33,SUBSCRIBE_AND_SAVE | bundle_offers | no_blanket_10pct,subscribe_discount|bundle|category_sample
7756033949951,T4,D2,D4,93.22,1,233.05,233.05,1,False,False,False,False,Direct / Organic,Unknown,4.66,9.32,4.66,ONBOARDING | sachet_cap_5pct_cm,onboarding_sachet|education
7756421497087,T2,D2,D1,93.08,2,128.72,64.36,4,False,False,True,False,Direct / Organic,Lean Protein,4.65,9.31,9.31,SUBSCRIBE_AND_SAVE | bundle_offers | no_blanket_10pct,subscribe_discount|bundle|category_sample
6327515873535,T2,D2,D1,92.92,3,184.41,61.47,2,False,False,True,False,Subscription,Unknown,4.65,9.29,9.29,SUBSCRIBE_AND_SAVE | bundle_offers | no_blanket_10pct,subscribe_discount|bundle|category_sample
8123952955647,T2,D2,D1,92.86,2,119.57,59.785,2,False,False,True,False,Direct / Organic,Clear Protein,4.64,9.29,9.29,SUBSCRIBE_AND_SAVE | bundle_offers | no_blanket_10pct,subscribe_discount|bundle|category_sample
8488361033983,T4,D2,D2,92.86,1,116.01,116.01,2,False,False,False,False,Direct / Organic,Clear Protein,4.64,9.29,4.64,ONBOARDING | sachet_cap_5pct_cm,onboarding_sachet|education
8679067418879,T4,D2,D2,92.86,1,109.57,109.57,2,False,False,False,False,Direct / Organic,Lean Protein,4.64,9.29,4.64,ONBOARDING | sachet_cap_5pct_cm,onboarding_sachet|education
8761342951679,T4,D2,D2,92.86,1,109.57,109.57,2,False,False,False,False,Direct / Organic,Lean Protein,4.64,9.29,4.64,ONBOARDING | sachet_cap_5pct_cm,onboarding_sachet|education
8761387385087,T4,D2,D2,92.86,1,103.12,103.12,2,False,False,False,False,Direct / Organic,Lean Protein,4.64,9.29,4.64,ONBOARDING | sachet_cap_5pct_cm,onboarding_sachet|education
8478316331263,T2,D2,D1,92.74,2,122.78,61.39,1,True,False,True,False,Direct / Organic,Clear Protein,4.64,9.27,9.27,SUBSCRIBE_AND_SAVE | bundle_offers | no_blanket_10pct,subscribe_discount|bundle|category_sample
6423591354623,T4,D2,D5,92.72,1,231.81,231.81,1,False,False,False,False,Subscription,Unknown,4.64,9.27,4.64,ONBOARDING | sachet_cap_5pct_cm,onboarding_sachet|education
8305762664703,T4,D2,D3,92.48,1,98.9,98.9,3,False,False,False,False,Direct / Organic,Other,4.62,9.25,4.62,ONBOARDING | sachet_cap_5pct_cm,onboarding_sachet|education
8373295153407,T4,D2,D2,92.47,1,106.92,106.92,2,False,False,False,False,Direct / Organic,Other,4.62,9.25,4.62,ONBOARDING | sachet_cap_5pct_cm,onboarding_sachet|education
8427522457855,T4,D2,D2,92.44,1,113.0,113.0,2,False,False,False,False,Direct / Organic,Lean Protein,4.62,9.24,4.62,ONBOARDING | sachet_cap_5pct_cm,onboarding_sachet|education
8722679988479,T4,D2,D2,92.35,1,128.9,128.9,2,False,False,False,False,Direct / Organic,Lean Protein,4.62,9.24,4.62,ONBOARDING | sachet_cap_5pct_cm,onboarding_sachet|education
8761739477247,T4,D2,D2,92.35,1,128.9,128.9,2,False,False,False,False,Direct / Organic,Clear Protein,4.62,9.24,4.62,ONBOARDING | sachet_cap_5pct_cm,onboarding_sachet|education
8858569834751,T4,D2,D2,92.35,1,128.9,128.9,2,False,False,False,False,Direct / Organic,Clear Protein,4.62,9.24,4.62,ONBOARDING | sachet_cap_5pct_cm,onboarding_sachet|education
8814719992063,T4,D2,D2,92.34,1,128.83,128.83,2,True,False,False,False,Subscription,Lean Protein,4.62,9.23,4.62,ONBOARDING | sachet_cap_5pct_cm,onboarding_sachet|education
7756008030463,T2,D2,D1,92.31,4,190.97,47.7425,2,False,False,True,False,Direct / Organic,Unknown,4.62,9.23,9.23,SUBSCRIBE_AND_SAVE | bundle_offers | no_blanket_10pct,subscribe_discount|bundle|category_sample
7756440502527,T4,D2,D4,92.29,1,99.91,99.91,2,False,False,False,False,Direct / Organic,Other,4.61,9.23,4.61,ONBOARDING | sachet_cap_5pct_cm,onboarding_sachet|education
8049669374207,T4,D2,D3,92.22,1,109.65,109.65,1,False,False,False,False,Direct / Organic,Accessories,4.61,9.22,4.61,ONBOARDING | sachet_cap_5pct_cm,onboarding_sachet|education
8234630742271,T4,D2,D3,92.22,1,129.0,129.0,1,False,False,False,False,Direct / Organic,Clear Protein,4.61,9.22,4.61,ONBOARDING | sachet_cap_5pct_cm,onboarding_sachet|education
8244487782655,T4,D2,D3,92.22,1,129.0,129.0,1,False,False,False,False,Direct / Organic,Clear Protein,4.61,9.22,4.61,ONBOARDING | sachet_cap_5pct_cm,onboarding_sachet|education
8245924004095,T4,D2,D3,92.22,1,116.1,116.1,1,False,False,False,False,Direct / Organic,Clear Protein,4.61,9.22,4.61,ONBOARDING | sachet_cap_5pct_cm,onboarding_sachet|education
8289397440767,T4,D2,D3,92.22,1,129.0,129.0,1,False,False,False,False,Paid Social,Clear Protein,4.61,9.22,4.61,ONBOARDING | sachet_cap_5pct_cm,onboarding_sachet|education
8298998956287,T4,D2,D3,92.22,1,129.0,129.0,1,False,False,False,False,Direct / Organic,Clear Protein,4.61,9.22,4.61,ONBOARDING | sachet_cap_5pct_cm,onboarding_sachet|education
8299058594047,T4,D2,D3,92.22,1,109.65,109.65,1,False,False,False,False,Direct / Organic,Clear Protein,4.61,9.22,4.61,ONBOARDING | sachet_cap_5pct_cm,onboarding_sachet|education
8351296422143,T4,D2,D3,92.22,1,129.0,129.0,1,False,False,False,False,Paid Social,Clear Protein,4.61,9.22,4.61,ONBOARDING | sachet_cap_5pct_cm,onboarding_sachet|education
8354197012735,T4,D2,D3,92.22,1,129.0,129.0,1,False,False,False,False,Paid Social,Clear Protein,4.61,9.22,4.61,ONBOARDING | sachet_cap_5pct_cm,onboarding_sachet|education
8362599383295,T4,D2,D3,92.22,1,129.0,129.0,1,False,False,False,False,Direct / Organic,Clear Protein,4.61,9.22,4.61,ONBOARDING | sachet_cap_5pct_cm,onboarding_sachet|education
8464926867711,T4,D2,D2,92.22,1,116.1,116.1,2,False,False,False,False,Affiliate,Unknown,4.61,9.22,4.61,ONBOARDING | sachet_cap_5pct_cm,onboarding_sachet|education
8488207614207,T4,D2,D2,92.22,1,116.1,116.1,1,False,False,False,False,Direct / Organic,Clear Protein,4.61,9.22,4.61,ONBOARDING | sachet_cap_5pct_cm,onboarding_sachet|education
8488391901439,T4,D2,D2,92.22,1,116.1,116.1,1,False,False,False,False,Direct / Organic,Clear Protein,4.61,9.22,4.61,ONBOARDING | sachet_cap_5pct_cm,onboarding_sachet|education
8488870707455,T4,D2,D2,92.22,1,129.0,129.0,1,False,False,False,False,Direct / Organic,Clear Protein,4.61,9.22,4.61,ONBOARDING | sachet_cap_5pct_cm,onboarding_sachet|education
8618087284991,T4,D2,D2,92.22,1,129.0,129.0,1,False,False,False,False,Direct / Organic,Clear Protein,4.61,9.22,4.61,ONBOARDING | sachet_cap_5pct_cm,onboarding_sachet|education
8705236009215,T4,D2,D2,92.22,1,129.0,129.0,1,False,False,False,False,Direct / Organic,Clear Protein,4.61,9.22,4.61,ONBOARDING | sachet_cap_5pct_cm,onboarding_sachet|education
8242647171327,T2,D2,D1,92.17,2,129.03,64.515,2,True,False,True,False,Subscription,Clear Protein,4.61,9.22,9.22,SUBSCRIBE_AND_SAVE | bundle_offers | no_blanket_10pct,subscribe_discount|bundle|category_sample
6528300384511,T4,D2,D5,92.12,1,107.24,107.24,1,False,False,False,False,Subscription,Other,4.61,9.21,4.61,ONBOARDING | sachet_cap_5pct_cm,onboarding_sachet|education
8488364703999,T4,D2,D2,92.1,1,115.99,115.99,1,False,False,False,False,Direct / Organic,Clear Protein,4.6,9.21,4.6,ONBOARDING | sachet_cap_5pct_cm,onboarding_sachet|education
7756456820991,T4,D2,D4,92.03,1,143.64,143.64,3,False,False,False,False,Direct / Organic,Accessories,4.6,9.2,4.6,ONBOARDING | sachet_cap_5pct_cm,onboarding_sachet|education
8896736788735,T4,D2,D2,91.96,1,128.0,128.0,2,False,False,False,False,Direct / Organic,Clear Protein,4.6,9.2,4.6,ONBOARDING | sachet_cap_5pct_cm,onboarding_sachet|education
7671933108479,T4,D2,D5,91.7,1,96.67,96.67,2,False,False,False,False,Subscription,Clear Protein,4.58,9.17,4.58,ONBOARDING | sachet_cap_5pct_cm,onboarding_sachet|education
8055235969279,T4,D2,D3,91.7,1,129.5,129.5,2,False,False,False,False,Direct / Organic,Clear Protein,4.58,9.17,4.58,ONBOARDING | sachet_cap_5pct_cm,onboarding_sachet|education
8094545182975,T4,D2,D3,91.7,1,128.9,128.9,2,False,False,False,False,Direct / Organic,Lean Protein,4.58,9.17,4.58,ONBOARDING | sachet_cap_5pct_cm,onboarding_sachet|education
8161189069055,T4,D2,D3,91.7,1,109.57,109.57,2,False,False,False,False,Direct / Organic,Clear Protein,4.58,9.17,4.58,ONBOARDING | sachet_cap_5pct_cm,onboarding_sachet|education
8247928389887,T4,D2,D3,91.69,1,92.48,92.48,4,False,False,False,False,Direct / Organic,Other,4.58,9.17,4.58,ONBOARDING | sachet_cap_5pct_cm,onboarding_sachet|education
8895815352575,T4,D2,D2,91.61,1,156.82,156.82,2,False,False,False,False,Direct / Organic,Lean Protein,4.58,9.16,4.58,ONBOARDING | sachet_cap_5pct_cm,onboarding_sachet|education
7756462227711,T2,D2,D1,91.44,2,111.7,55.85,2,False,False,True,False,Direct / Organic,Other,4.57,9.14,9.14,SUBSCRIBE_AND_SAVE | bundle_offers | no_blanket_10pct,subscribe_discount|bundle|category_sample
8800401883391,T4,D2,D2,91.44,1,108.99,108.99,1,True,False,False,False,Subscription,Clear Protein,4.57,9.14,4.57,ONBOARDING | sachet_cap_5pct_cm,onboarding_sachet|education
7756199952639,T2,D2,D1,91.15,4,206.47,51.6175,2,True,False,True,False,Subscription,Other,4.56,9.12,9.12,SUBSCRIBE_AND_SAVE | bundle_offers | no_blanket_10pct,subscribe_discount|bundle|category_sample
8304218046719,T2,D2,D1,91.14,2,120.4,60.2,2,True,False,True,False,Subscription,Accessories,4.56,9.11,9.11,SUBSCRIBE_AND_SAVE | bundle_offers | no_blanket_10pct,subscribe_discount|bundle|category_sample
7756215746815,T2,D2,D1,91.12,2,128.51,64.255,2,False,False,True,False,Direct / Organic,Lean Protein,4.56,9.11,9.11,SUBSCRIBE_AND_SAVE | bundle_offers | no_blanket_10pct,subscribe_discount|bundle|category_sample
7707724022015,T4,D2,D5,91.07,1,128.9,128.9,2,False,False,False,False,Subscription,Lean Protein,4.55,9.11,4.55,ONBOARDING | sachet_cap_5pct_cm,onboarding_sachet|education
7723877564671,T4,D2,D5,91.07,1,128.9,128.9,2,False,False,False,False,Subscription,Lean Protein,4.55,9.11,4.55,ONBOARDING | sachet_cap_5pct_cm,onboarding_sachet|education
7728017015039,T4,D2,D5,91.07,1,109.56,109.56,2,False,False,False,False,Subscription,Clear Protein,4.55,9.11,4.55,ONBOARDING | sachet_cap_5pct_cm,onboarding_sachet|education
7867022213375,T4,D2,D3,91.07,1,116.01,116.01,2,False,False,False,False,Direct / Organic,Clear Protein,4.55,9.11,4.55,ONBOARDING | sachet_cap_5pct_cm,onboarding_sachet|education
7977957818623,T4,D2,D3,91.07,1,128.9,128.9,2,False,False,False,False,Paid Social,Clear Protein,4.55,9.11,4.55,ONBOARDING | sachet_cap_5pct_cm,onboarding_sachet|education
8121945030911,T4,D2,D3,91.07,1,116.01,116.01,2,False,False,False,False,Direct / Organic,Lean Protein,4.55,9.11,4.55,ONBOARDING | sachet_cap_5pct_cm,onboarding_sachet|education
8171262771455,T4,D2,D3,91.07,1,128.9,128.9,2,False,False,False,False,Direct / Organic,Lean Protein,4.55,9.11,4.55,ONBOARDING | sachet_cap_5pct_cm,onboarding_sachet|education
6423596499199,T2,D2,D2,91.07,2,237.47,118.735,1,False,False,False,False,Subscription,Unknown,4.55,9.11,9.11,SUBSCRIBE_AND_SAVE | bundle_offers | no_blanket_10pct,subscribe_discount|bundle|category_sample
7756409667839,T2,D2,D1,91.03,3,155.58,51.86000000000001,5,False,False,True,False,Direct / Organic,Other,4.55,9.1,9.1,SUBSCRIBE_AND_SAVE | bundle_offers | no_blanket_10pct,subscribe_discount|bundle|category_sample
7756001804543,T2,D2,D1,90.92,4,154.15,38.5375,3,False,False,True,False,Direct / Organic,Unknown,4.55,9.09,9.09,SUBSCRIBE_AND_SAVE | bundle_offers | no_blanket_10pct,subscribe_discount|bundle|category_sample
8683550081279,T4,D2,D2,90.89,1,121.43,121.43,2,False,False,False,False,Direct / Organic,Other,4.54,9.09,4.54,ONBOARDING | sachet_cap_5pct_cm,onboarding_sachet|education
8435695354111,T2,D2,D1,90.85,2,131.08,65.54,4,False,False,True,False,Paid Social,Accessories,4.54,9.08,9.08,SUBSCRIBE_AND_SAVE | bundle_offers | no_blanket_10pct,subscribe_discount|bundle|category_sample
8393520251135,T4,D2,D2,90.74,1,119.18,119.18,3,False,False,False,False,Paid Social,Lean Protein,4.54,9.07,4.54,ONBOARDING | sachet_cap_5pct_cm,onboarding_sachet|education
7755927912703,T2,D2,D1,90.56,4,215.99,53.9975,3,True,False,True,False,Subscription,Accessories,4.53,9.06,9.06,SUBSCRIBE_AND_SAVE | bundle_offers | no_blanket_10pct,subscribe_discount|bundle|category_sample
7476608958719,T4,D2,D5,90.53,1,90.79,90.79,3,False,False,False,False,Subscription,Clear Protein,4.53,9.05,4.53,ONBOARDING | sachet_cap_5pct_cm,onboarding_sachet|education
6327719330047,T2,D2,D2,90.47,2,149.71,74.855,3,False,False,False,False,Subscription,Unknown,4.52,9.05,9.05,SUBSCRIBE_AND_SAVE | bundle_offers | no_blanket_10pct,subscribe_discount|bundle|category_sample
8802529640703,T2,D2,D1,90.43,2,132.31,66.155,2,True,False,True,False,Subscription,Lean Protein,4.52,9.04,9.04,SUBSCRIBE_AND_SAVE | bundle_offers | no_blanket_10pct,subscribe_discount|bundle|category_sample
7756357796095,T2,D2,D1,90.43,8,254.35,31.79375,1,True,False,True,False,Subscription,Collagen Glow,4.52,9.04,9.04,SUBSCRIBE_AND_SAVE | bundle_offers | no_blanket_10pct,subscribe_discount|bundle|category_sample
8368009117951,T4,D2,D2,90.4,1,108.82,108.82,3,False,False,False,False,Paid Social,Clear Protein,4.52,9.04,4.52,ONBOARDING | sachet_cap_5pct_cm,onboarding_sachet|education
8090152206591,T2,D2,D1,90.37,5,128.97,25.794,3,True,False,True,False,Affiliate,Accessories,4.52,9.04,9.04,SUBSCRIBE_AND_SAVE | bundle_offers | no_blanket_10pct,subscribe_discount|bundle|category_sample
8767346180351,T4,D2,D2,90.35,1,127.13,127.13,1,False,False,False,False,Direct / Organic,Clear Protein,4.52,9.04,4.52,ONBOARDING | sachet_cap_5pct_cm,onboarding_sachet|education
6327689543935,T2,D2,D1,90.24,3,230.49,76.83,1,False,False,True,False,Subscription,Unknown,4.51,9.02,9.02,SUBSCRIBE_AND_SAVE | bundle_offers | no_blanket_10pct,subscribe_discount|bundle|category_sample
7756428509439,T2,D2,D1,90.15,5,139.94,27.988,4,True,False,True,False,Subscription,Collagen Glow,4.51,9.02,9.02,SUBSCRIBE_AND_SAVE | bundle_offers | no_blanket_10pct,subscribe_discount|bundle|category_sample
7756486672639,T2,D2,D1,90.12,5,162.27,32.454,1,True,False,True,False,Subscription,Collagen Glow,4.51,9.01,9.01,SUBSCRIBE_AND_SAVE | bundle_offers | no_blanket_10pct,subscribe_discount|bundle|category_sample
8298977493247,T4,D2,D3,90.11,1,129.7,129.7,3,False,False,False,False,Direct / Organic,Lean Protein,4.51,9.01,4.51,ONBOARDING | sachet_cap_5pct_cm,onboarding_sachet|education
8841594208511,T4,D2,D2,90.03,1,126.81,126.81,1,False,False,False,False,Direct / Organic,Clear Protein,4.5,9.0,4.5,ONBOARDING | sachet_cap_5pct_cm,onboarding_sachet|education
8898839871743,T4,D2,D2,90.0,1,126.78,126.78,1,False,False,False,False,Paid Social,Clear Protein,4.5,9.0,4.5,ONBOARDING | sachet_cap_5pct_cm,onboarding_sachet|education
6329694552319,T4,D2,D5,89.98,1,126.76,126.76,1,False,False,False,False,Direct / Organic,Clear Protein,4.5,9.0,4.5,ONBOARDING | sachet_cap_5pct_cm,onboarding_sachet|education
8796338585855,T4,D2,D2,89.94,1,123.38,123.38,2,False,False,False,False,Direct / Organic,Clear Protein,4.5,8.99,4.5,ONBOARDING | sachet_cap_5pct_cm,onboarding_sachet|education
7756468519167,T4,D2,D4,89.93,1,99.25,99.25,2,False,False,False,False,Direct / Organic,Other,4.5,8.99,4.5,ONBOARDING | sachet_cap_5pct_cm,onboarding_sachet|education
8310473425151,T4,D2,D3,89.86,1,93.9,93.9,3,False,False,False,False,Direct / Organic,Other,4.49,8.99,4.49,ONBOARDING | sachet_cap_5pct_cm,onboarding_sachet|education
6327614800127,T4,D2,D5,89.85,1,224.62,224.62,1,False,False,False,False,Subscription,Unknown,4.49,8.98,4.49,ONBOARDING | sachet_cap_5pct_cm,onboarding_sachet|education
8748175589631,T4,D2,D2,89.84,1,126.62,126.62,1,False,False,False,False,Direct / Organic,Clear Protein,4.49,8.98,4.49,ONBOARDING | sachet_cap_5pct_cm,onboarding_sachet|education
7756378931455,T2,D2,D1,89.83,3,147.58,49.193333333333335,2,False,False,True,False,Direct / Organic,Other,4.49,8.98,8.98,SUBSCRIBE_AND_SAVE | bundle_offers | no_blanket_10pct,subscribe_discount|bundle|category_sample
8289248674047,T4,D2,D3,89.78,1,113.9,113.9,1,False,False,False,False,Direct / Organic,Clear Protein,4.49,8.98,4.49,ONBOARDING | sachet_cap_5pct_cm,onboarding_sachet|education
8097477132543,T4,D2,D3,89.72,1,122.9,122.9,3,True,False,False,False,Subscription,Accessories,4.49,8.97,4.49,ONBOARDING | sachet_cap_5pct_cm,onboarding_sachet|education
7168840892671,T4,D2,D5,89.63,1,115.92,115.92,3,False,False,False,False,Subscription,Collagen Glow,4.48,8.96,4.48,ONBOARDING | sachet_cap_5pct_cm,onboarding_sachet|education
7756414091519,T2,D2,D1,89.57,2,111.75,55.875,2,False,False,True,False,Direct / Organic,Other,4.48,8.96,8.96,SUBSCRIBE_AND_SAVE | bundle_offers | no_blanket_10pct,subscribe_discount|bundle|category_sample
8759001809151,T4,D2,D2,89.34,1,127.7,127.7,2,True,False,False,False,Subscription,Clear Protein,4.47,8.93,4.47,ONBOARDING | sachet_cap_5pct_cm,onboarding_sachet|education
8767300337919,T4,D2,D2,89.34,1,127.7,127.7,2,True,False,False,False,Subscription,Clear Protein,4.47,8.93,4.47,ONBOARDING | sachet_cap_5pct_cm,onboarding_sachet|education
8796446458111,T4,D2,D2,89.34,1,127.7,127.7,2,True,False,False,False,Subscription,Clear Protein,4.47,8.93,4.47,ONBOARDING | sachet_cap_5pct_cm,onboarding_sachet|education
6327696425215,T4,D2,D5,89.32,1,131.24,131.24,3,True,False,False,False,Subscription,Collagen Glow,4.47,8.93,4.47,ONBOARDING | sachet_cap_5pct_cm,onboarding_sachet|education
6644955775231,T2,D2,D1,89.13,3,209.3,69.76666666666667,2,False,False,True,False,Direct / Organic,Unknown,4.46,8.91,8.91,SUBSCRIBE_AND_SAVE | bundle_offers | no_blanket_10pct,subscribe_discount|bundle|category_sample
8791594074367,T4,D2,D2,89.11,1,126.5,126.5,2,False,False,False,False,Direct / Organic,Lean Protein,4.46,8.91,4.46,ONBOARDING | sachet_cap_5pct_cm,onboarding_sachet|education
6336720011519,T4,D2,D5,88.91,1,222.28,222.28,1,False,False,False,False,Subscription,Unknown,4.45,8.89,4.45,ONBOARDING | sachet_cap_5pct_cm,onboarding_sachet|education
7756263817471,T2,D2,D1,88.86,2,131.25,65.625,2,False,False,True,False,Direct / Organic,Collagen Glow,4.44,8.89,8.89,SUBSCRIBE_AND_SAVE | bundle_offers | no_blanket_10pct,subscribe_discount|bundle|category_sample
7756430213375,T2,D2,D1,88.72,4,127.82,31.955,3,True,False,True,False,Subscription,Other,4.44,8.87,8.87,SUBSCRIBE_AND_SAVE | bundle_offers | no_blanket_10pct,subscribe_discount|bundle|category_sample
6336694845695,T4,D2,D5,88.69,1,226.62,226.62,1,False,False,False,False,Subscription,Unknown,4.43,8.87,4.43,ONBOARDING | sachet_cap_5pct_cm,onboarding_sachet|education
6532495900927,T2,D2,D2,88.68,2,123.63,61.815,4,False,False,False,False,Subscription,Clear Protein,4.43,8.87,8.87,SUBSCRIBE_AND_SAVE | bundle_offers | no_blanket_10pct,subscribe_discount|bundle|category_sample
8763296612607,T2,D2,D1,88.45,2,129.74,64.87,2,False,False,True,False,Direct / Organic,Other,4.42,8.85,8.85,SUBSCRIBE_AND_SAVE | bundle_offers | no_blanket_10pct,subscribe_discount|bundle|category_sample
7756000788735,T2,D2,D2,88.45,2,129.85,64.925,1,False,False,False,False,Direct / Organic,Unknown,4.42,8.85,8.85,SUBSCRIBE_AND_SAVE | bundle_offers | no_blanket_10pct,subscribe_discount|bundle|category_sample
8445726687487,T4,D2,D2,88.27,1,113.51,113.51,2,True,False,False,False,Subscription,Clear Protein,4.41,8.83,4.41,ONBOARDING | sachet_cap_5pct_cm,onboarding_sachet|education
6329625379071,T4,D2,D5,88.2,1,111.12,111.12,2,False,False,False,False,Subscription,Other,4.41,8.82,4.41,ONBOARDING | sachet_cap_5pct_cm,onboarding_sachet|education
7756439683327,T2,D2,D1,88.13,2,119.13,59.565,3,True,False,True,False,Direct / Organic,Accessories,4.41,8.81,8.81,SUBSCRIBE_AND_SAVE | bundle_offers | no_blanket_10pct,subscribe_discount|bundle|category_sample
8415875727615,T4,D2,D2,88.01,1,97.5,97.5,2,False,False,False,False,Direct / Organic,Other,4.4,8.8,4.4,ONBOARDING | sachet_cap_5pct_cm,onboarding_sachet|education
7755919819007,T2,D2,D2,87.88,2,219.71,109.855,1,False,False,False,False,Direct / Organic,Unknown,4.39,8.79,8.79,SUBSCRIBE_AND_SAVE | bundle_offers | no_blanket_10pct,subscribe_discount|bundle|category_sample
6327761830143,T2,D2,D2,87.85,2,229.42,114.71,1,False,False,False,False,Subscription,Unknown,4.39,8.78,8.78,SUBSCRIBE_AND_SAVE | bundle_offers | no_blanket_10pct,subscribe_discount|bundle|category_sample
7756430180607,T2,D2,D1,87.81,2,120.78,60.39,3,False,False,True,False,Direct / Organic,Other,4.39,8.78,8.78,SUBSCRIBE_AND_SAVE | bundle_offers | no_blanket_10pct,subscribe_discount|bundle|category_sample
8147523043583,T4,D2,D3,87.64,1,113.8,113.8,3,False,False,False,False,Direct / Organic,Other,4.38,8.76,4.38,ONBOARDING | sachet_cap_5pct_cm,onboarding_sachet|education
6336692224255,T4,D2,D5,87.6,1,123.31,123.31,1,False,False,False,False,Subscription,Other,4.38,8.76,4.38,ONBOARDING | sachet_cap_5pct_cm,onboarding_sachet|education
6644271644927,T2,D2,D2,87.6,2,139.6,69.8,1,False,False,False,False,Subscription,Other,4.38,8.76,8.76,SUBSCRIBE_AND_SAVE | bundle_offers | no_blanket_10pct,subscribe_discount|bundle|category_sample
7304430321919,T2,D2,D2,87.58,2,118.17,59.085,2,False,False,False,False,Subscription,Other,4.38,8.76,8.76,SUBSCRIBE_AND_SAVE | bundle_offers | no_blanket_10pct,subscribe_discount|bundle|category_sample
6716826288383,T4,D2,D5,87.51,1,138.98,138.98,2,False,False,False,False,Direct / Organic,Other,4.38,8.75,4.38,ONBOARDING | sachet_cap_5pct_cm,onboarding_sachet|education
7756027429119,T2,D2,D1,87.44,3,145.65,48.550000000000004,2,False,False,True,False,Direct / Organic,Unknown,4.37,8.74,8.74,SUBSCRIBE_AND_SAVE | bundle_offers | no_blanket_10pct,subscribe_discount|bundle|category_sample
7946949165311,T2,D2,D1,87.42,2,124.2,62.1,1,True,False,True,False,Subscription,Clear Protein,4.37,8.74,8.74,SUBSCRIBE_AND_SAVE | bundle_offers | no_blanket_10pct,subscribe_discount|bundle|category_sample
8015956279551,T2,D2,D1,87.42,2,124.2,62.1,1,True,False,True,False,Subscription,Clear Protein,4.37,8.74,8.74,SUBSCRIBE_AND_SAVE | bundle_offers | no_blanket_10pct,subscribe_discount|bundle|category_sample
8035905110271,T2,D2,D1,87.42,2,117.99,58.995,1,True,False,True,False,Subscription,Clear Protein,4.37,8.74,8.74,SUBSCRIBE_AND_SAVE | bundle_offers | no_blanket_10pct,subscribe_discount|bundle|category_sample
8079432679679,T2,D2,D1,87.42,2,124.2,62.1,1,True,False,True,False,Subscription,Clear Protein,4.37,8.74,8.74,SUBSCRIBE_AND_SAVE | bundle_offers | no_blanket_10pct,subscribe_discount|bundle|category_sample
8082604687615,T2,D2,D1,87.42,2,114.88,57.44,1,True,False,True,False,Subscription,Clear Protein,4.37,8.74,8.74,SUBSCRIBE_AND_SAVE | bundle_offers | no_blanket_10pct,subscribe_discount|bundle|category_sample
8115150946559,T4,D2,D3,87.42,1,124.2,124.2,1,True,False,False,False,Subscription,Clear Protein,4.37,8.74,4.37,ONBOARDING | sachet_cap_5pct_cm,onboarding_sachet|education
8119165911295,T4,D2,D3,87.42,1,111.78,111.78,1,True,False,False,False,Subscription,Clear Protein,4.37,8.74,4.37,ONBOARDING | sachet_cap_5pct_cm,onboarding_sachet|education
8459023909119,T4,D2,D2,87.42,1,124.2,124.2,1,False,False,False,False,Direct / Organic,Clear Protein,4.37,8.74,4.37,ONBOARDING | sachet_cap_5pct_cm,onboarding_sachet|education
8763046232319,T4,D2,D2,87.42,1,124.2,124.2,1,False,False,False,False,Direct / Organic,Clear Protein,4.37,8.74,4.37,ONBOARDING | sachet_cap_5pct_cm,onboarding_sachet|education
8765608427775,T4,D2,D2,87.42,1,124.2,124.2,1,False,False,False,False,Direct / Organic,Clear Protein,4.37,8.74,4.37,ONBOARDING | sachet_cap_5pct_cm,onboarding_sachet|education
8780621709567,T4,D2,D2,87.42,1,124.2,124.2,1,False,False,False,False,Direct / Organic,Clear Protein,4.37,8.74,4.37,ONBOARDING | sachet_cap_5pct_cm,onboarding_sachet|education
8800267174143,T4,D2,D2,87.42,1,124.2,124.2,1,False,False,False,False,Direct / Organic,Clear Protein,4.37,8.74,4.37,ONBOARDING | sachet_cap_5pct_cm,onboarding_sachet|education
8811190157567,T4,D2,D2,87.42,1,124.2,124.2,1,False,False,False,False,Direct / Organic,Clear Protein,4.37,8.74,4.37,ONBOARDING | sachet_cap_5pct_cm,onboarding_sachet|education
8885362819327,T4,D2,D2,87.42,1,124.2,124.2,1,False,False,False,False,Direct / Organic,Clear Protein,4.37,8.74,4.37,ONBOARDING | sachet_cap_5pct_cm,onboarding_sachet|education
8856763826431,T4,D2,D2,87.31,1,123.35,123.35,2,True,False,False,False,Subscription,Lean Protein,4.37,8.73,4.37,ONBOARDING | sachet_cap_5pct_cm,onboarding_sachet|education
8800596754687,T4,D2,D2,87.24,1,118.71,118.71,3,False,False,False,False,Direct / Organic,Clear Protein,4.36,8.72,4.36,ONBOARDING | sachet_cap_5pct_cm,onboarding_sachet|education
7756485656831,T4,D2,D4,87.23,1,120.03,120.03,3,False,False,False,False,Direct / Organic,Accessories,4.36,8.72,4.36,ONBOARDING | sachet_cap_5pct_cm,onboarding_sachet|education
7756037128447,T2,D2,D1,87.16,2,217.89,108.945,1,False,False,True,False,Direct / Organic,Unknown,4.36,8.72,8.72,SUBSCRIBE_AND_SAVE | bundle_offers | no_blanket_10pct,subscribe_discount|bundle|category_sample
8708128473343,T4,D2,D2,87.04,1,115.11,115.11,2,False,False,False,False,Direct / Organic,Lean Protein,4.35,8.7,4.35,ONBOARDING | sachet_cap_5pct_cm,onboarding_sachet|education
7845454479615,T4,D2,D3,86.8,1,126.21,126.21,3,False,False,False,False,Paid Social,Lean Protein,4.34,8.68,4.34,ONBOARDING | sachet_cap_5pct_cm,onboarding_sachet|education
8867118907647,T4,D2,D2,86.79,1,111.83,111.83,3,False,False,False,False,Paid Social,Clear Protein,4.34,8.68,4.34,ONBOARDING | sachet_cap_5pct_cm,onboarding_sachet|education
7756469010687,T2,D2,D1,86.73,2,113.81,56.905,2,True,False,True,False,Subscription,Lean Protein,4.34,8.67,8.67,SUBSCRIBE_AND_SAVE | bundle_offers | no_blanket_10pct,subscribe_discount|bundle|category_sample
7756461244671,T2,D2,D1,86.7,3,123.13,41.04333333333333,2,False,False,True,False,Direct / Organic,Other,4.34,8.67,8.67,SUBSCRIBE_AND_SAVE | bundle_offers | no_blanket_10pct,subscribe_discount|bundle|category_sample
7756462326015,T2,D2,D1,86.52,2,126.03,63.015,1,False,False,True,False,Direct / Organic,Clear Protein,4.33,8.65,8.65,SUBSCRIBE_AND_SAVE | bundle_offers | no_blanket_10pct,subscribe_discount|bundle|category_sample
7756038373631,T2,D2,D1,86.4,3,224.18,74.72666666666667,1,False,False,True,False,Direct / Organic,Unknown,4.32,8.64,8.64,SUBSCRIBE_AND_SAVE | bundle_offers | no_blanket_10pct,subscribe_discount|bundle|category_sample
6327673618687,T2,D2,D2,86.38,2,225.76,112.88,1,False,False,False,False,Subscription,Unknown,4.32,8.64,8.64,SUBSCRIBE_AND_SAVE | bundle_offers | no_blanket_10pct,subscribe_discount|bundle|category_sample
7756440305919,T2,D2,D1,86.23,3,140.68,46.89333333333334,1,False,False,True,False,Direct / Organic,Lean Protein,4.31,8.62,8.62,SUBSCRIBE_AND_SAVE | bundle_offers | no_blanket_10pct,subscribe_discount|bundle|category_sample
6328281137407,T2,D2,D1,86.08,4,107.64,26.91,1,True,False,True,False,Subscription,Other,4.3,8.61,8.61,SUBSCRIBE_AND_SAVE | bundle_offers | no_blanket_10pct,subscribe_discount|bundle|category_sample
7312284057855,T4,D2,D5,85.93,1,91.58,91.58,3,True,False,False,False,Subscription,Clear Protein,4.3,8.59,4.3,ONBOARDING | sachet_cap_5pct_cm,onboarding_sachet|education
7756396921087,T2,D2,D1,85.9,7,213.36,30.48,3,True,False,True,False,Subscription,Other,4.3,8.59,8.59,SUBSCRIBE_AND_SAVE | bundle_offers | no_blanket_10pct,subscribe_discount|bundle|category_sample
8094505500927,T4,D2,D3,85.72,1,106.1,106.1,3,False,False,False,False,Direct / Organic,Accessories,4.29,8.57,4.29,ONBOARDING | sachet_cap_5pct_cm,onboarding_sachet|education
8226074820863,T4,D2,D3,85.63,1,120.49,120.49,1,False,False,False,False,Email,Lean Protein,4.28,8.56,4.28,ONBOARDING | sachet_cap_5pct_cm,onboarding_sachet|education
8715066867967,T2,D2,D1,85.54,2,135.19,67.595,3,True,False,True,False,Direct / Organic,Clear Protein,4.28,8.55,8.55,SUBSCRIBE_AND_SAVE | bundle_offers | no_blanket_10pct,subscribe_discount|bundle|category_sample
6929385324799,T4,D2,D5,85.52,1,141.26,141.26,2,False,False,False,False,Subscription,Other,4.28,8.55,4.28,ONBOARDING | sachet_cap_5pct_cm,onboarding_sachet|education
7886223180031,T4,D2,D3,85.34,1,103.76,103.76,2,False,False,False,False,Direct / Organic,Clear Protein,4.27,8.53,4.27,ONBOARDING | sachet_cap_5pct_cm,onboarding_sachet|education
8144255942911,T2,D2,D1,85.31,2,91.07,45.535,1,True,False,True,False,Subscription,Soy Protein,4.27,8.53,8.53,SUBSCRIBE_AND_SAVE | bundle_offers | no_blanket_10pct,subscribe_discount|bundle|category_sample
7756363104511,T2,D2,D1,85.04,4,123.08,30.77,2,True,False,True,False,Subscription,Unknown,4.25,8.5,8.5,SUBSCRIBE_AND_SAVE | bundle_offers | no_blanket_10pct,subscribe_discount|bundle|category_sample
8293395071231,T4,D2,D3,84.88,1,122.5,122.5,1,False,False,False,False,Direct / Organic,Lean Protein,4.24,8.49,4.24,ONBOARDING | sachet_cap_5pct_cm,onboarding_sachet|education
7107881697535,T4,D2,D5,84.72,1,163.62,163.62,2,False,False,False,False,Subscription,Other,4.24,8.47,4.24,ONBOARDING | sachet_cap_5pct_cm,onboarding_sachet|education
7055525249279,T4,D2,D5,84.65,1,166.34,166.34,2,False,False,False,False,Subscription,Other,4.23,8.47,4.23,ONBOARDING | sachet_cap_5pct_cm,onboarding_sachet|education
8837740986623,T4,D2,D2,84.62,1,121.4,121.4,1,True,False,False,False,Subscription,Clear Protein,4.23,8.46,4.23,ONBOARDING | sachet_cap_5pct_cm,onboarding_sachet|education
7756376637695,T4,D2,D4,84.61,1,98.07,98.07,1,False,False,False,False,Direct / Organic,Other,4.23,8.46,4.23,ONBOARDING | sachet_cap_5pct_cm,onboarding_sachet|education
8482740830463,T4,D2,D2,84.5,1,101.83,101.83,1,False,False,False,False,Direct / Organic,Lean Protein,4.23,8.45,4.23,ONBOARDING | sachet_cap_5pct_cm,onboarding_sachet|education
8687142535423,T4,D2,D2,84.5,1,101.83,101.83,1,False,False,False,False,Direct / Organic,Lean Protein,4.23,8.45,4.23,ONBOARDING | sachet_cap_5pct_cm,onboarding_sachet|education
8312613896447,T4,D2,D3,84.41,1,113.67,113.67,2,True,False,False,False,Subscription,Clear Protein,4.22,8.44,4.22,ONBOARDING | sachet_cap_5pct_cm,onboarding_sachet|education
7929521078527,T2,D2,D1,84.33,3,128.08,42.693333333333335,3,False,False,True,False,Paid Social,Clear Protein,4.22,8.43,8.43,SUBSCRIBE_AND_SAVE | bundle_offers | no_blanket_10pct,subscribe_discount|bundle|category_sample
8241444520191,T4,D2,D3,84.27,1,122.52,122.52,1,False,False,False,False,Direct / Organic,Lean Protein,4.21,8.43,4.21,ONBOARDING | sachet_cap_5pct_cm,onboarding_sachet|education
8248092655871,T4,D2,D3,84.25,1,110.26,110.26,1,False,False,False,False,Direct / Organic,Lean Protein,4.21,8.43,4.21,ONBOARDING | sachet_cap_5pct_cm,onboarding_sachet|education
8422907248895,T4,D2,D2,83.99,1,119.8,119.8,1,False,False,False,False,Direct / Organic,Lean Protein,4.2,8.4,4.2,ONBOARDING | sachet_cap_5pct_cm,onboarding_sachet|education
8716791546111,T4,D2,D2,83.99,1,114.0,114.0,1,False,False,False,False,Direct / Organic,Lean Protein,4.2,8.4,4.2,ONBOARDING | sachet_cap_5pct_cm,onboarding_sachet|education
8717736640767,T4,D2,D2,83.99,1,114.0,114.0,1,False,False,False,False,Direct / Organic,Lean Protein,4.2,8.4,4.2,ONBOARDING | sachet_cap_5pct_cm,onboarding_sachet|education
8794639859967,T4,D2,D2,83.99,1,101.83,101.83,1,False,False,False,False,Direct / Organic,Lean Protein,4.2,8.4,4.2,ONBOARDING | sachet_cap_5pct_cm,onboarding_sachet|education
6554631667967,T2,D2,D1,83.97,5,152.99,30.598000000000003,2,True,False,True,False,Subscription,Unknown,4.2,8.4,8.4,SUBSCRIBE_AND_SAVE | bundle_offers | no_blanket_10pct,subscribe_discount|bundle|category_sample
8349350920447,T4,D2,D3,83.94,1,97.94,97.94,3,False,False,False,False,Paid Social,Other,4.2,8.39,4.2,ONBOARDING | sachet_cap_5pct_cm,onboarding_sachet|education
7829412086015,T4,D2,D3,83.88,1,174.36,174.36,1,False,False,False,False,Direct / Organic,Other,4.19,8.39,4.19,ONBOARDING | sachet_cap_5pct_cm,onboarding_sachet|education
7206147490047,T4,D2,D5,83.65,1,128.36,128.36,3,False,False,False,False,Subscription,Other,4.18,8.36,4.18,ONBOARDING | sachet_cap_5pct_cm,onboarding_sachet|education
6328275697919,T4,D2,D5,83.5,1,208.76,208.76,1,False,False,False,False,Subscription,Unknown,4.18,8.35,4.18,ONBOARDING | sachet_cap_5pct_cm,onboarding_sachet|education
8899717791999,T4,D2,D2,83.5,1,120.28,120.28,1,True,False,False,False,Subscription,Clear Protein,4.18,8.35,4.18,ONBOARDING | sachet_cap_5pct_cm,onboarding_sachet|education
7829327184127,T4,D2,D3,83.48,1,97.59,97.59,3,False,False,False,False,Direct / Organic,Accessories,4.17,8.35,4.17,ONBOARDING | sachet_cap_5pct_cm,onboarding_sachet|education
7756430803199,T4,D2,D4,83.47,1,95.01,95.01,3,False,False,False,False,Direct / Organic,Collagen Glow,4.17,8.35,4.17,ONBOARDING | sachet_cap_5pct_cm,onboarding_sachet|education
7756465570047,T4,D2,D4,83.47,1,128.94,128.94,3,False,False,False,False,Direct / Organic,Clear Protein,4.17,8.35,4.17,ONBOARDING | sachet_cap_5pct_cm,onboarding_sachet|education
8288888717567,T4,D2,D3,83.44,1,122.32,122.32,1,False,False,False,False,Direct / Organic,Lean Protein,4.17,8.34,4.17,ONBOARDING | sachet_cap_5pct_cm,onboarding_sachet|education
6532515332351,T2,D2,D1,83.2,3,177.73,59.24333333333333,2,False,False,True,False,Direct / Organic,Unknown,4.16,8.32,8.32,SUBSCRIBE_AND_SAVE | bundle_offers | no_blanket_10pct,subscribe_discount|bundle|category_sample
7755935547647,T4,D2,D5,83.15,1,207.88,207.88,1,False,False,False,False,Direct / Organic,Unknown,4.16,8.32,4.16,ONBOARDING | sachet_cap_5pct_cm,onboarding_sachet|education
7755918934271,T2,D2,D1,83.02,3,210.29,70.09666666666666,1,False,False,True,False,Direct / Organic,Unknown,4.15,8.3,8.3,SUBSCRIBE_AND_SAVE | bundle_offers | no_blanket_10pct,subscribe_discount|bundle|category_sample
6352858775807,T4,D2,D5,83.02,1,83.86,83.86,1,False,False,False,False,Subscription,Clear Protein,4.15,8.3,4.15,ONBOARDING | sachet_cap_5pct_cm,onboarding_sachet|education
7471355822335,T4,D2,D5,83.02,1,94.8,94.8,1,False,False,False,False,Subscription,Clear Protein,4.15,8.3,4.15,ONBOARDING | sachet_cap_5pct_cm,onboarding_sachet|education
7471389180159,T4,D2,D5,83.02,1,94.75,94.75,1,False,False,False,False,Subscription,Clear Protein,4.15,8.3,4.15,ONBOARDING | sachet_cap_5pct_cm,onboarding_sachet|education
7471478767871,T4,D2,D5,83.02,1,94.8,94.8,1,False,False,False,False,Subscription,Clear Protein,4.15,8.3,4.15,ONBOARDING | sachet_cap_5pct_cm,onboarding_sachet|education
7471875326207,T4,D2,D5,83.02,1,94.8,94.8,1,False,False,False,False,Subscription,Clear Protein,4.15,8.3,4.15,ONBOARDING | sachet_cap_5pct_cm,onboarding_sachet|education
7475184992511,T2,D2,D2,83.02,2,83.86,41.93,1,False,False,False,False,Subscription,Clear Protein,4.15,8.3,8.3,SUBSCRIBE_AND_SAVE | bundle_offers | no_blanket_10pct,subscribe_discount|bundle|category_sample
7475289653503,T4,D2,D5,83.02,1,83.86,83.86,1,False,False,False,False,Subscription,Clear Protein,4.15,8.3,4.15,ONBOARDING | sachet_cap_5pct_cm,onboarding_sachet|education
7475301023999,T4,D2,D5,83.02,1,83.86,83.86,1,False,False,False,False,Subscription,Clear Protein,4.15,8.3,4.15,ONBOARDING | sachet_cap_5pct_cm,onboarding_sachet|education
7475340181759,T4,D2,D5,83.02,1,83.86,83.86,1,False,False,False,False,Subscription,Clear Protein,4.15,8.3,4.15,ONBOARDING | sachet_cap_5pct_cm,onboarding_sachet|education
7475370459391,T4,D2,D5,83.02,1,83.86,83.86,1,False,False,False,False,Subscription,Clear Protein,4.15,8.3,4.15,ONBOARDING | sachet_cap_5pct_cm,onboarding_sachet|education
7475447496959,T4,D2,D5,83.02,1,94.8,94.8,1,False,False,False,False,Subscription,Clear Protein,4.15,8.3,4.15,ONBOARDING | sachet_cap_5pct_cm,onboarding_sachet|education
7475480199423,T4,D2,D5,83.02,1,83.86,83.86,1,False,False,False,False,Subscription,Clear Protein,4.15,8.3,4.15,ONBOARDING | sachet_cap_5pct_cm,onboarding_sachet|education
7475531383039,T4,D2,D5,83.02,1,83.86,83.86,1,False,False,False,False,Subscription,Clear Protein,4.15,8.3,4.15,ONBOARDING | sachet_cap_5pct_cm,onboarding_sachet|education
7476462551295,T4,D2,D5,83.02,1,83.86,83.86,1,False,False,False,False,Subscription,Clear Protein,4.15,8.3,4.15,ONBOARDING | sachet_cap_5pct_cm,onboarding_sachet|education
7476558364927,T4,D2,D5,83.02,1,83.86,83.86,1,False,False,False,False,Subscription,Clear Protein,4.15,8.3,4.15,ONBOARDING | sachet_cap_5pct_cm,onboarding_sachet|education
7476578058495,T4,D2,D5,83.02,1,83.86,83.86,1,False,False,False,False,Subscription,Clear Protein,4.15,8.3,4.15,ONBOARDING | sachet_cap_5pct_cm,onboarding_sachet|education
7476629799167,T4,D2,D5,83.02,1,83.86,83.86,1,False,False,False,False,Subscription,Clear Protein,4.15,8.3,4.15,ONBOARDING | sachet_cap_5pct_cm,onboarding_sachet|education
7476681769215,T4,D2,D5,83.02,1,83.86,83.86,1,False,False,False,False,Subscription,Clear Protein,4.15,8.3,4.15,ONBOARDING | sachet_cap_5pct_cm,onboarding_sachet|education
7476753400063,T4,D2,D5,83.02,1,83.86,83.86,1,False,False,False,False,Subscription,Clear Protein,4.15,8.3,4.15,ONBOARDING | sachet_cap_5pct_cm,onboarding_sachet|education
7476778959103,T4,D2,D5,83.02,1,83.86,83.86,1,False,False,False,False,Subscription,Clear Protein,4.15,8.3,4.15,ONBOARDING | sachet_cap_5pct_cm,onboarding_sachet|education
7476805697791,T4,D2,D5,83.02,1,83.86,83.86,1,False,False,False,False,Subscription,Clear Protein,4.15,8.3,4.15,ONBOARDING | sachet_cap_5pct_cm,onboarding_sachet|education
7476822147327,T4,D2,D5,83.02,1,83.86,83.86,1,False,False,False,False,Subscription,Clear Protein,4.15,8.3,4.15,ONBOARDING | sachet_cap_5pct_cm,onboarding_sachet|education
7476840038655,T2,D2,D2,83.02,2,83.86,41.93,1,False,False,False,False,Subscription,Clear Protein,4.15,8.3,8.3,SUBSCRIBE_AND_SAVE | bundle_offers | no_blanket_10pct,subscribe_discount|bundle|category_sample
7476875067647,T4,D2,D5,83.02,1,83.86,83.86,1,False,False,False,False,Subscription,Clear Protein,4.15,8.3,4.15,ONBOARDING | sachet_cap_5pct_cm,onboarding_sachet|education
7476880802047,T4,D2,D5,83.02,1,83.86,83.86,1,False,False,False,False,Subscription,Clear Protein,4.15,8.3,4.15,ONBOARDING | sachet_cap_5pct_cm,onboarding_sachet|education
7476882833663,T4,D2,D5,83.02,1,83.86,83.86,1,False,False,False,False,Subscription,Clear Protein,4.15,8.3,4.15,ONBOARDING | sachet_cap_5pct_cm,onboarding_sachet|education
7476927922431,T4,D2,D5,83.02,1,83.86,83.86,1,False,False,False,False,Subscription,Clear Protein,4.15,8.3,4.15,ONBOARDING | sachet_cap_5pct_cm,onboarding_sachet|education
7476928381183,T4,D2,D5,83.02,1,83.86,83.86,1,False,False,False,False,Subscription,Clear Protein,4.15,8.3,4.15,ONBOARDING | sachet_cap_5pct_cm,onboarding_sachet|education
7493685543167,T4,D2,D5,83.02,1,101.83,101.83,1,False,False,False,False,Subscription,Clear Protein,4.15,8.3,4.15,ONBOARDING | sachet_cap_5pct_cm,onboarding_sachet|education
7756486443263,T4,D2,D4,83.0,1,96.35,96.35,3,False,False,False,False,Direct / Organic,Lean Protein,4.15,8.3,4.15,ONBOARDING | sachet_cap_5pct_cm,onboarding_sachet|education
7756474777855,T4,D2,D4,82.81,1,117.68,117.68,3,False,False,False,False,Direct / Organic,Accessories,4.14,8.28,4.14,ONBOARDING | sachet_cap_5pct_cm,onboarding_sachet|education
6424475828479,T4,D2,D5,82.62,1,100.53,100.53,3,False,False,False,False,Subscription,Collagen Glow,4.13,8.26,4.13,ONBOARDING | sachet_cap_5pct_cm,onboarding_sachet|education
8109213352191,T2,D2,D1,82.6,2,119.38,59.69,1,True,False,True,False,Subscription,Clear Protein,4.13,8.26,8.26,SUBSCRIBE_AND_SAVE | bundle_offers | no_blanket_10pct,subscribe_discount|bundle|category_sample
6329714376959,T2,D2,D2,82.59,2,206.48,103.24,1,False,False,False,False,Subscription,Unknown,4.13,8.26,8.26,SUBSCRIBE_AND_SAVE | bundle_offers | no_blanket_10pct,subscribe_discount|bundle|category_sample
6423592337663,T2,D2,D2,82.58,2,216.25,108.125,1,False,False,False,False,Subscription,Unknown,4.13,8.26,8.26,SUBSCRIBE_AND_SAVE | bundle_offers | no_blanket_10pct,subscribe_discount|bundle|category_sample
8343827972351,T4,D2,D3,82.54,1,100.79,100.79,2,False,False,False,False,Direct / Organic,Lean Protein,4.13,8.25,4.13,ONBOARDING | sachet_cap_5pct_cm,onboarding_sachet|education
8111806447871,T4,D2,D3,82.18,1,125.4,125.4,1,False,False,False,False,Direct / Organic,Lean Protein,4.11,8.22,4.11,ONBOARDING | sachet_cap_5pct_cm,onboarding_sachet|education
7756434899199,T2,D2,D1,82.11,2,163.8,81.9,2,False,False,True,False,Direct / Organic,Other,4.11,8.21,8.21,SUBSCRIBE_AND_SAVE | bundle_offers | no_blanket_10pct,subscribe_discount|bundle|category_sample
7756466061567,T4,D2,D4,82.08,1,131.93,131.93,3,False,False,False,False,Direct / Organic,Collagen Glow,4.1,8.21,4.1,ONBOARDING | sachet_cap_5pct_cm,onboarding_sachet|education
8902720225535,T4,D2,D2,82.05,1,122.34,122.34,2,True,False,False,False,Subscription,Other,4.1,8.2,4.1,ONBOARDING | sachet_cap_5pct_cm,onboarding_sachet|education
7476727906559,T2,D2,D2,81.97,2,91.73,45.865,2,False,False,False,False,Subscription,Lean Protein,4.1,8.2,8.2,SUBSCRIBE_AND_SAVE | bundle_offers | no_blanket_10pct,subscribe_discount|bundle|category_sample
7484961325311,T4,D2,D5,81.97,1,113.81,113.81,2,False,False,False,False,Subscription,Lean Protein,4.1,8.2,4.1,ONBOARDING | sachet_cap_5pct_cm,onboarding_sachet|education
7489532428543,T4,D2,D5,81.97,1,113.81,113.81,2,False,False,False,False,Subscription,Clear Protein,4.1,8.2,4.1,ONBOARDING | sachet_cap_5pct_cm,onboarding_sachet|education
6336760447231,T2,D2,D2,81.8,2,209.41,104.705,1,False,False,False,False,Subscription,Unknown,4.09,8.18,8.18,SUBSCRIBE_AND_SAVE | bundle_offers | no_blanket_10pct,subscribe_discount|bundle|category_sample
7756181373183,T4,D2,D4,81.76,1,124.73,124.73,3,True,False,False,False,Subscription,Lean Protein,4.09,8.18,4.09,ONBOARDING | sachet_cap_5pct_cm,onboarding_sachet|education
8259196453119,T4,D2,D3,81.7,1,122.24,122.24,2,False,False,False,False,Direct / Organic,Other,4.08,8.17,4.08,ONBOARDING | sachet_cap_5pct_cm,onboarding_sachet|education
6532515561727,T2,D2,D1,81.61,3,142.7,47.56666666666666,3,False,False,True,False,Direct / Organic,Other,4.08,8.16,8.16,SUBSCRIBE_AND_SAVE | bundle_offers | no_blanket_10pct,subscribe_discount|bundle|category_sample
7843278913791,T2,D2,D1,81.55,2,129.6,64.8,1,False,False,True,False,Direct / Organic,Lean Protein,4.08,8.15,8.15,SUBSCRIBE_AND_SAVE | bundle_offers | no_blanket_10pct,subscribe_discount|bundle|category_sample
7845034328319,T4,D2,D3,81.55,1,119.8,119.8,1,False,False,False,False,Direct / Organic,Lean Protein,4.08,8.15,4.08,ONBOARDING | sachet_cap_5pct_cm,onboarding_sachet|education
7878869090559,T4,D2,D3,81.55,1,119.8,119.8,1,False,False,False,False,Direct / Organic,Lean Protein,4.08,8.15,4.08,ONBOARDING | sachet_cap_5pct_cm,onboarding_sachet|education
8161186349311,T4,D2,D3,81.55,1,101.83,101.83,1,False,False,False,False,Direct / Organic,Lean Protein,4.08,8.15,4.08,ONBOARDING | sachet_cap_5pct_cm,onboarding_sachet|education
8170778689791,T4,D2,D3,81.55,1,119.8,119.8,1,False,False,False,False,Direct / Organic,Lean Protein,4.08,8.15,4.08,ONBOARDING | sachet_cap_5pct_cm,onboarding_sachet|education
8312130797823,T4,D2,D3,81.55,1,119.8,119.8,1,False,False,False,False,Direct / Organic,Lean Protein,4.08,8.15,4.08,ONBOARDING | sachet_cap_5pct_cm,onboarding_sachet|education
8277078343935,T4,D2,D3,81.53,1,103.24,103.24,2,False,False,False,False,Direct / Organic,Clear Protein,4.08,8.15,4.08,ONBOARDING | sachet_cap_5pct_cm,onboarding_sachet|education
8790289252607,T4,D2,D2,81.49,1,107.1,107.1,2,False,False,False,False,Direct / Organic,Lean Protein,4.07,8.15,4.07,ONBOARDING | sachet_cap_5pct_cm,onboarding_sachet|education
6327629250815,T4,D2,D5,81.4,1,100.74,100.74,1,False,False,False,False,Subscription,Other,4.07,8.14,4.07,ONBOARDING | sachet_cap_5pct_cm,onboarding_sachet|education
6616314282239,T2,D2,D1,81.34,8,203.36,25.42,1,True,False,True,False,Subscription,Unknown,4.07,8.13,8.13,SUBSCRIBE_AND_SAVE | bundle_offers | no_blanket_10pct,subscribe_discount|bundle|category_sample
8633915900159,T2,D2,D1,81.34,2,115.74,57.87,1,False,False,True,False,Direct / Organic,Clear Protein,4.07,8.13,8.13,SUBSCRIBE_AND_SAVE | bundle_offers | no_blanket_10pct,subscribe_discount|bundle|category_sample
8731505590527,T4,D2,D2,81.34,1,108.0,108.0,2,False,False,False,False,Direct / Organic,Lean Protein,4.07,8.13,4.07,ONBOARDING | sachet_cap_5pct_cm,onboarding_sachet|education
8779021549823,T4,D2,D2,81.34,1,108.0,108.0,2,False,False,False,False,Direct / Organic,Lean Protein,4.07,8.13,4.07,ONBOARDING | sachet_cap_5pct_cm,onboarding_sachet|education
8785318707455,T4,D2,D2,81.34,1,108.0,108.0,2,False,False,False,False,Direct / Organic,Lean Protein,4.07,8.13,4.07,ONBOARDING | sachet_cap_5pct_cm,onboarding_sachet|education
8798376165631,T4,D2,D2,81.34,1,108.0,108.0,2,False,False,False,False,Direct / Organic,Lean Protein,4.07,8.13,4.07,ONBOARDING | sachet_cap_5pct_cm,onboarding_sachet|education
7125782331647,T4,D2,D5,81.22,1,106.2,106.2,1,False,False,False,False,Subscription,Clear Protein,4.06,8.12,4.06,ONBOARDING | sachet_cap_5pct_cm,onboarding_sachet|education
7126219489535,T4,D2,D5,81.22,1,100.3,100.3,1,False,False,False,False,Subscription,Clear Protein,4.06,8.12,4.06,ONBOARDING | sachet_cap_5pct_cm,onboarding_sachet|education
7151788130559,T4,D2,D5,81.22,1,106.2,106.2,1,False,False,False,False,Subscription,Clear Protein,4.06,8.12,4.06,ONBOARDING | sachet_cap_5pct_cm,onboarding_sachet|education
7154295111935,T4,D2,D5,81.22,1,99.3,99.3,1,False,False,False,False,Subscription,Clear Protein,4.06,8.12,4.06,ONBOARDING | sachet_cap_5pct_cm,onboarding_sachet|education
7154553553151,T4,D2,D5,81.22,1,99.3,99.3,1,False,False,False,False,Subscription,Clear Protein,4.06,8.12,4.06,ONBOARDING | sachet_cap_5pct_cm,onboarding_sachet|education
7155253117183,T4,D2,D5,81.22,1,99.3,99.3,1,False,False,False,False,Subscription,Clear Protein,4.06,8.12,4.06,ONBOARDING | sachet_cap_5pct_cm,onboarding_sachet|education
7155442090239,T4,D2,D5,81.22,1,99.3,99.3,1,False,False,False,False,Subscription,Clear Protein,4.06,8.12,4.06,ONBOARDING | sachet_cap_5pct_cm,onboarding_sachet|education
7158892429567,T4,D2,D5,81.22,1,112.1,112.1,1,False,False,False,False,Subscription,Clear Protein,4.06,8.12,4.06,ONBOARDING | sachet_cap_5pct_cm,onboarding_sachet|education
7168931725567,T4,D2,D5,81.22,1,100.3,100.3,1,False,False,False,False,Subscription,Clear Protein,4.06,8.12,4.06,ONBOARDING | sachet_cap_5pct_cm,onboarding_sachet|education
7182578843903,T4,D2,D5,81.22,1,106.2,106.2,1,False,False,False,False,Subscription,Clear Protein,4.06,8.12,4.06,ONBOARDING | sachet_cap_5pct_cm,onboarding_sachet|education
7218224693503,T4,D2,D5,81.22,1,100.3,100.3,1,False,False,False,False,Subscription,Clear Protein,4.06,8.12,4.06,ONBOARDING | sachet_cap_5pct_cm,onboarding_sachet|education
7241275932927,T4,D2,D5,81.22,1,100.3,100.3,1,False,False,False,False,Subscription,Clear Protein,4.06,8.12,4.06,ONBOARDING | sachet_cap_5pct_cm,onboarding_sachet|education
7252347551999,T4,D2,D5,81.22,1,94.4,94.4,1,False,False,False,False,Subscription,Clear Protein,4.06,8.12,4.06,ONBOARDING | sachet_cap_5pct_cm,onboarding_sachet|education
7252477477119,T4,D2,D5,81.22,1,94.4,94.4,1,False,False,False,False,Subscription,Clear Protein,4.06,8.12,4.06,ONBOARDING | sachet_cap_5pct_cm,onboarding_sachet|education
7279632613631,T4,D2,D5,81.22,1,87.5,87.5,1,False,False,False,False,Subscription,Clear Protein,4.06,8.12,4.06,ONBOARDING | sachet_cap_5pct_cm,onboarding_sachet|education
7308613058815,T4,D2,D5,81.22,1,87.5,87.5,1,False,False,False,False,Subscription,Clear Protein,4.06,8.12,4.06,ONBOARDING | sachet_cap_5pct_cm,onboarding_sachet|education
7316711014655,T4,D2,D5,81.22,1,112.1,112.1,1,False,False,False,False,Subscription,Clear Protein,4.06,8.12,4.06,ONBOARDING | sachet_cap_5pct_cm,onboarding_sachet|education
7434780836095,T4,D2,D5,81.22,1,112.1,112.1,1,False,False,False,False,Subscription,Clear Protein,4.06,8.12,4.06,ONBOARDING | sachet_cap_5pct_cm,onboarding_sachet|education
7446789619967,T4,D2,D5,81.22,1,112.1,112.1,1,False,False,False,False,Subscription,Clear Protein,4.06,8.12,4.06,ONBOARDING | sachet_cap_5pct_cm,onboarding_sachet|education
8029078454527,T4,D2,D3,81.22,1,118.0,118.0,1,True,False,False,False,Subscription,Clear Protein,4.06,8.12,4.06,ONBOARDING | sachet_cap_5pct_cm,onboarding_sachet|education
8721983963391,T4,D2,D2,81.22,1,118.0,118.0,1,True,False,False,False,Subscription,Clear Protein,4.06,8.12,4.06,ONBOARDING | sachet_cap_5pct_cm,onboarding_sachet|education
8854738862335,T4,D2,D2,81.22,1,118.0,118.0,1,True,False,False,False,Subscription,Clear Protein,4.06,8.12,4.06,ONBOARDING | sachet_cap_5pct_cm,onboarding_sachet|education
8875121836287,T4,D2,D2,81.22,1,118.0,118.0,1,True,False,False,False,Subscription,Clear Protein,4.06,8.12,4.06,ONBOARDING | sachet_cap_5pct_cm,onboarding_sachet|education
8325712871679,T4,D2,D3,81.18,1,106.54,106.54,2,False,False,False,False,Paid Social,Clear Protein,4.06,8.12,4.06,ONBOARDING | sachet_cap_5pct_cm,onboarding_sachet|education
7756477628671,T2,D2,D1,81.09,2,101.54,50.77,2,True,False,True,False,Subscription,Clear Protein,4.05,8.11,8.11,SUBSCRIBE_AND_SAVE | bundle_offers | no_blanket_10pct,subscribe_discount|bundle|category_sample
7308139725055,T4,D2,D5,81.07,1,88.13,88.13,2,False,False,False,False,Subscription,Lean Protein,4.05,8.11,4.05,ONBOARDING | sachet_cap_5pct_cm,onboarding_sachet|education
7311522038015,T4,D2,D5,81.07,1,88.13,88.13,2,False,False,False,False,Subscription,Clear Protein,4.05,8.11,4.05,ONBOARDING | sachet_cap_5pct_cm,onboarding_sachet|education
8789820375295,T4,D2,D2,81.06,1,96.12,96.12,2,False,False,False,False,Direct / Organic,Clear Protein,4.05,8.11,4.05,ONBOARDING | sachet_cap_5pct_cm,onboarding_sachet|education
7891339510015,T4,D2,D3,81.05,1,111.0,111.0,2,False,False,False,False,Direct / Organic,Clear Protein,4.05,8.1,4.05,ONBOARDING | sachet_cap_5pct_cm,onboarding_sachet|education
7756038308095,T4,D2,D4,81.0,1,202.5,202.5,1,False,False,False,False,Direct / Organic,Unknown,4.05,8.1,4.05,ONBOARDING | sachet_cap_5pct_cm,onboarding_sachet|education
7756033720575,T4,D2,D4,80.93,1,214.44,214.44,1,False,False,False,False,Direct / Organic,Unknown,4.05,8.09,4.05,ONBOARDING | sachet_cap_5pct_cm,onboarding_sachet|education
7312475947263,T4,D2,D5,80.92,1,83.86,83.86,1,False,False,False,False,Subscription,Lean Protein,4.05,8.09,4.05,ONBOARDING | sachet_cap_5pct_cm,onboarding_sachet|education
7475199344895,T4,D2,D5,80.92,1,83.86,83.86,1,False,False,False,False,Subscription,Lean Protein,4.05,8.09,4.05,ONBOARDING | sachet_cap_5pct_cm,onboarding_sachet|education
7477933015295,T4,D2,D5,80.92,1,113.81,113.81,1,False,False,False,False,Subscription,Lean Protein,4.05,8.09,4.05,ONBOARDING | sachet_cap_5pct_cm,onboarding_sachet|education
7877314773247,T4,D2,D3,80.92,1,101.83,101.83,1,False,False,False,False,Direct / Organic,Lean Protein,4.05,8.09,4.05,ONBOARDING | sachet_cap_5pct_cm,onboarding_sachet|education
7894442672383,T2,D2,D1,80.92,2,117.72,58.86,1,False,False,True,False,Affiliate,Lean Protein,4.05,8.09,8.09,SUBSCRIBE_AND_SAVE | bundle_offers | no_blanket_10pct,subscribe_discount|bundle|category_sample
7967067177215,T2,D2,D1,80.92,2,129.8,64.9,1,False,False,True,False,Paid Social,Lean Protein,4.05,8.09,8.09,SUBSCRIBE_AND_SAVE | bundle_offers | no_blanket_10pct,subscribe_discount|bundle|category_sample
8165022564607,T4,D2,D3,80.92,1,107.82,107.82,1,False,False,False,False,Direct / Organic,Lean Protein,4.05,8.09,4.05,ONBOARDING | sachet_cap_5pct_cm,onboarding_sachet|education
8166847676671,T4,D2,D3,80.92,1,107.82,107.82,1,False,False,False,False,Direct / Organic,Lean Protein,4.05,8.09,4.05,ONBOARDING | sachet_cap_5pct_cm,onboarding_sachet|education
8166912459007,T4,D2,D3,80.92,1,107.82,107.82,1,False,False,False,False,Direct / Organic,Lean Protein,4.05,8.09,4.05,ONBOARDING | sachet_cap_5pct_cm,onboarding_sachet|education
8337704026367,T4,D2,D3,80.92,1,105.74,105.74,3,False,False,False,False,Direct / Organic,Unknown,4.05,8.09,4.05,ONBOARDING | sachet_cap_5pct_cm,onboarding_sachet|education
8000261095679,T4,D2,D3,80.82,1,92.48,92.48,4,False,False,False,False,Direct / Organic,Other,4.04,8.08,4.04,ONBOARDING | sachet_cap_5pct_cm,onboarding_sachet|education
7756033458431,T4,D2,D4,80.74,1,201.84,201.84,1,False,False,False,False,Direct / Organic,Unknown,4.04,8.07,4.04,ONBOARDING | sachet_cap_5pct_cm,onboarding_sachet|education
7944904311039,T4,D2,D3,80.48,1,94.15,94.15,2,False,False,False,False,Direct / Organic,Clear Protein,4.02,8.05,4.02,ONBOARDING | sachet_cap_5pct_cm,onboarding_sachet|education
8875701960959,T4,D2,D2,80.45,1,116.26,116.26,1,False,False,False,False,Paid Social,Lean Protein,4.02,8.04,4.02,ONBOARDING | sachet_cap_5pct_cm,onboarding_sachet|education
7516977463551,T4,D2,D5,80.4,1,113.81,113.81,3,False,False,False,False,Subscription,Clear Protein,4.02,8.04,4.02,ONBOARDING | sachet_cap_5pct_cm,onboarding_sachet|education
8077416464639,T4,D2,D3,80.38,1,108.8,108.8,3,False,False,False,False,Paid Social,Clear Protein,4.02,8.04,4.02,ONBOARDING | sachet_cap_5pct_cm,onboarding_sachet|education
8904738275583,T4,D2,D2,80.33,1,98.72,98.72,1,True,False,False,False,Subscription,Lean Protein,4.02,8.03,4.02,ONBOARDING | sachet_cap_5pct_cm,onboarding_sachet|education
7476861501695,T2,D2,D2,80.31,2,83.86,41.93,2,False,False,False,False,Subscription,Other,4.02,8.03,8.03,SUBSCRIBE_AND_SAVE | bundle_offers | no_blanket_10pct,subscribe_discount|bundle|category_sample
7480472994047,T4,D2,D5,80.31,1,94.75,94.75,2,False,False,False,False,Subscription,Clear Protein,4.02,8.03,4.02,ONBOARDING | sachet_cap_5pct_cm,onboarding_sachet|education
7490946433279,T4,D2,D5,80.31,1,113.81,113.81,2,False,False,False,False,Subscription,Other,4.02,8.03,4.02,ONBOARDING | sachet_cap_5pct_cm,onboarding_sachet|education
8407616291071,T4,D2,D2,80.29,1,104.8,104.8,2,False,False,False,False,Direct / Organic,Other,4.01,8.03,4.01,ONBOARDING | sachet_cap_5pct_cm,onboarding_sachet|education
8093656678655,T4,D2,D3,80.22,1,116.52,116.52,2,False,False,False,False,Direct / Organic,Clear Protein,4.01,8.02,4.01,ONBOARDING | sachet_cap_5pct_cm,onboarding_sachet|education
7755946361087,T4,D2,D5,80.21,1,200.54,200.54,1,False,False,False,False,Direct / Organic,Unknown,4.01,8.02,4.01,ONBOARDING | sachet_cap_5pct_cm,onboarding_sachet|education
7756487655679,T2,D2,D1,79.89,4,130.69,32.6725,1,True,False,True,False,Subscription,Other,3.99,7.99,7.99,SUBSCRIBE_AND_SAVE | bundle_offers | no_blanket_10pct,subscribe_discount|bundle|category_sample
8817306009855,T4,D2,D2,79.89,1,104.93,104.93,3,False,False,False,False,Direct / Organic,Clear Protein,3.99,7.99,3.99,ONBOARDING | sachet_cap_5pct_cm,onboarding_sachet|education
8311560995071,T2,D2,D1,79.88,2,113.5,56.75,3,False,False,True,False,Paid Social,Other,3.99,7.99,7.99,SUBSCRIBE_AND_SAVE | bundle_offers | no_blanket_10pct,subscribe_discount|bundle|category_sample
7755925487871,T2,D2,D1,79.78,4,202.18,50.545,1,False,False,True,False,Direct / Organic,Unknown,3.99,7.98,7.98,SUBSCRIBE_AND_SAVE | bundle_offers | no_blanket_10pct,subscribe_discount|bundle|category_sample
7847033995519,T4,D2,D3,79.73,1,116.03,116.03,2,False,False,False,False,Direct / Organic,Clear Protein,3.99,7.97,3.99,ONBOARDING | sachet_cap_5pct_cm,onboarding_sachet|education
7251086573823,T4,D2,D5,79.5,1,108.0,108.0,4,True,False,False,False,Subscription,Unknown,3.98,7.95,3.98,ONBOARDING | sachet_cap_5pct_cm,onboarding_sachet|education
7363427959039,T4,D2,D5,79.5,1,94.08,94.08,3,False,False,False,False,Subscription,Clear Protein,3.98,7.95,3.98,ONBOARDING | sachet_cap_5pct_cm,onboarding_sachet|education
8820475494655,T2,D2,D1,79.49,2,123.19,61.595,2,True,False,True,False,Subscription,Lean Protein,3.97,7.95,7.95,SUBSCRIBE_AND_SAVE | bundle_offers | no_blanket_10pct,subscribe_discount|bundle|category_sample
7148373213439,T4,D2,D5,79.41,1,101.06,101.06,2,False,False,False,False,Subscription,Other,3.97,7.94,3.97,ONBOARDING | sachet_cap_5pct_cm,onboarding_sachet|education
7257876594943,T4,D2,D5,79.41,1,94.07,94.07,2,False,False,False,False,Subscription,Other,3.97,7.94,3.97,ONBOARDING | sachet_cap_5pct_cm,onboarding_sachet|education
7294782996735,T4,D2,D5,79.41,1,112.95,112.95,2,False,False,False,False,Subscription,Other,3.97,7.94,3.97,ONBOARDING | sachet_cap_5pct_cm,onboarding_sachet|education
7313721196799,T4,D2,D5,79.41,1,112.95,112.95,2,False,False,False,False,Subscription,Other,3.97,7.94,3.97,ONBOARDING | sachet_cap_5pct_cm,onboarding_sachet|education
8143262155007,T4,D2,D3,79.32,1,98.68,98.68,1,True,False,False,False,Subscription,Clear Protein,3.97,7.93,3.97,ONBOARDING | sachet_cap_5pct_cm,onboarding_sachet|education
7756019335423,T2,D2,D2,79.31,2,203.73,101.865,1,False,False,False,False,Direct / Organic,Unknown,3.97,7.93,7.93,SUBSCRIBE_AND_SAVE | bundle_offers | no_blanket_10pct,subscribe_discount|bundle|category_sample
7306157261055,T4,D2,D5,79.26,1,101.83,101.83,2,False,False,False,False,Subscription,Lean Protein,3.96,7.93,3.96,ONBOARDING | sachet_cap_5pct_cm,onboarding_sachet|education
7567909912831,T4,D2,D5,79.26,1,107.82,107.82,2,False,False,False,False,Subscription,Other,3.96,7.93,3.96,ONBOARDING | sachet_cap_5pct_cm,onboarding_sachet|education
7756266242303,T4,D2,D4,79.21,1,115.79,115.79,1,False,False,False,False,Direct / Organic,Collagen Glow,3.96,7.92,3.96,ONBOARDING | sachet_cap_5pct_cm,onboarding_sachet|education
8286039703807,T4,D2,D3,79.19,1,118.9,118.9,1,False,False,False,False,Direct / Organic,Lean Protein,3.96,7.92,3.96,ONBOARDING | sachet_cap_5pct_cm,onboarding_sachet|education
7230763499775,T4,D2,D5,79.18,1,121.32,121.32,2,False,False,False,False,Subscription,Other,3.96,7.92,3.96,ONBOARDING | sachet_cap_5pct_cm,onboarding_sachet|education
8341214560511,T4,D2,D3,79.11,1,123.06,123.06,2,False,False,False,False,Direct / Organic,Lean Protein,3.96,7.91,3.96,ONBOARDING | sachet_cap_5pct_cm,onboarding_sachet|education
7955058655487,T2,D2,D1,78.91,2,121.81,60.905,2,False,False,True,False,Direct / Organic,Lean Protein,3.95,7.89,7.89,SUBSCRIBE_AND_SAVE | bundle_offers | no_blanket_10pct,subscribe_discount|bundle|category_sample
8338561401087,T4,D2,D3,78.89,1,93.9,93.9,3,False,False,False,False,Direct / Organic,Accessories,3.94,7.89,3.94,ONBOARDING | sachet_cap_5pct_cm,onboarding_sachet|education
8698453983487,T2,D2,D1,78.89,2,107.35,53.675,2,False,False,True,False,Direct / Organic,Clear Protein,3.94,7.89,7.89,SUBSCRIBE_AND_SAVE | bundle_offers | no_blanket_10pct,subscribe_discount|bundle|category_sample
8035262234879,T4,D2,D3,78.81,1,116.01,116.01,2,True,False,False,False,Subscription,Lean Protein,3.94,7.88,3.94,ONBOARDING | sachet_cap_5pct_cm,onboarding_sachet|education
8125883908351,T4,D2,D3,78.81,1,104.4,104.4,2,True,False,False,False,Subscription,Lean Protein,3.94,7.88,3.94,ONBOARDING | sachet_cap_5pct_cm,onboarding_sachet|education
7884680397055,T4,D2,D3,78.77,1,111.0,111.0,3,False,False,False,False,Direct / Organic,Lean Protein,3.94,7.88,3.94,ONBOARDING | sachet_cap_5pct_cm,onboarding_sachet|education
7523193225471,T4,D2,D5,78.64,1,78.89,78.89,3,False,False,False,False,Subscription,Collagen Glow,3.93,7.86,3.93,ONBOARDING | sachet_cap_5pct_cm,onboarding_sachet|education
8811892932863,T4,D2,D2,78.52,1,115.3,115.3,1,True,False,False,False,Subscription,Clear Protein,3.93,7.85,3.93,ONBOARDING | sachet_cap_5pct_cm,onboarding_sachet|education
7756398035199,T2,D2,D1,78.5,3,149.95,49.98333333333333,1,False,False,True,False,Direct / Organic,Other,3.92,7.85,7.85,SUBSCRIBE_AND_SAVE | bundle_offers | no_blanket_10pct,subscribe_discount|bundle|category_sample
8726668050687,T2,D2,D1,78.49,2,107.02,53.51,2,True,False,True,False,Subscription,Clear Protein,3.92,7.85,7.85,SUBSCRIBE_AND_SAVE | bundle_offers | no_blanket_10pct,subscribe_discount|bundle|category_sample
7756464783615,T2,D2,D1,78.31,2,129.28,64.64,1,False,False,True,False,Direct / Organic,Other,3.92,7.83,7.83,SUBSCRIBE_AND_SAVE | bundle_offers | no_blanket_10pct,subscribe_discount|bundle|category_sample
7756418941183,T2,D2,D1,78.27,2,136.41,68.205,4,False,False,True,False,Direct / Organic,Accessories,3.91,7.83,7.83,SUBSCRIBE_AND_SAVE | bundle_offers | no_blanket_10pct,subscribe_discount|bundle|category_sample
8828478980351,T4,D2,D2,78.25,1,100.97,100.97,3,False,False,False,False,Direct / Organic,Collagen Glow,3.91,7.82,3.91,ONBOARDING | sachet_cap_5pct_cm,onboarding_sachet|education
7756433883391,T2,D2,D1,78.22,2,90.81,45.405,2,True,False,True,False,Subscription,Soy Protein,3.91,7.82,7.82,SUBSCRIBE_AND_SAVE | bundle_offers | no_blanket_10pct,subscribe_discount|bundle|category_sample
8133545754879,T4,D2,D3,78.18,1,116.01,116.01,2,True,False,False,False,Subscription,Lean Protein,3.91,7.82,3.91,ONBOARDING | sachet_cap_5pct_cm,onboarding_sachet|education
6329860260095,T4,D2,D5,77.86,1,199.56,199.56,1,False,False,False,False,Subscription,Unknown,3.89,7.79,3.89,ONBOARDING | sachet_cap_5pct_cm,onboarding_sachet|education
8731388903679,T4,D2,D2,77.84,1,114.62,114.62,1,True,False,False,False,Subscription,Clear Protein,3.89,7.78,3.89,ONBOARDING | sachet_cap_5pct_cm,onboarding_sachet|education
7756408750335,T4,D2,D4,77.77,1,108.82,108.82,1,False,False,False,False,Direct / Organic,Clear Protein,3.89,7.78,3.89,ONBOARDING | sachet_cap_5pct_cm,onboarding_sachet|education
7756411470079,T4,D2,D4,77.77,1,97.94,97.94,1,False,False,False,False,Direct / Organic,Clear Protein,3.89,7.78,3.89,ONBOARDING | sachet_cap_5pct_cm,onboarding_sachet|education
7756415303935,T4,D2,D4,77.77,1,108.82,108.82,1,False,False,False,False,Direct / Organic,Clear Protein,3.89,7.78,3.89,ONBOARDING | sachet_cap_5pct_cm,onboarding_sachet|education
7756421595391,T4,D2,D4,77.77,1,108.82,108.82,2,False,False,False,False,Direct / Organic,Other,3.89,7.78,3.89,ONBOARDING | sachet_cap_5pct_cm,onboarding_sachet|education
7756421726463,T4,D2,D4,77.77,1,91.64,91.64,2,False,False,False,False,Direct / Organic,Other,3.89,7.78,3.89,ONBOARDING | sachet_cap_5pct_cm,onboarding_sachet|education
7756428771583,T4,D2,D4,77.77,1,80.18,80.18,1,False,False,False,False,Direct / Organic,Clear Protein,3.89,7.78,3.89,ONBOARDING | sachet_cap_5pct_cm,onboarding_sachet|education
7756431327487,T4,D2,D4,77.77,1,80.18,80.18,1,False,False,False,False,Direct / Organic,Clear Protein,3.89,7.78,3.89,ONBOARDING | sachet_cap_5pct_cm,onboarding_sachet|education
7756434407679,T4,D2,D4,77.77,1,85.91,85.91,1,False,False,False,False,Direct / Organic,Clear Protein,3.89,7.78,3.89,ONBOARDING | sachet_cap_5pct_cm,onboarding_sachet|education
7756435521791,T4,D2,D4,77.77,1,108.82,108.82,1,False,False,False,False,Direct / Organic,Clear Protein,3.89,7.78,3.89,ONBOARDING | sachet_cap_5pct_cm,onboarding_sachet|education
7756435751167,T4,D2,D4,77.77,1,108.82,108.82,1,False,False,False,False,Direct / Organic,Clear Protein,3.89,7.78,3.89,ONBOARDING | sachet_cap_5pct_cm,onboarding_sachet|education
7756437520639,T4,D2,D4,77.77,1,108.82,108.82,1,False,False,False,False,Direct / Organic,Clear Protein,3.89,7.78,3.89,ONBOARDING | sachet_cap_5pct_cm,onboarding_sachet|education
7756439716095,T4,D2,D4,77.77,1,91.64,91.64,1,False,False,False,False,Direct / Organic,Clear Protein,3.89,7.78,3.89,ONBOARDING | sachet_cap_5pct_cm,onboarding_sachet|education
7756440043775,T4,D2,D4,77.77,1,91.64,91.64,1,False,False,False,False,Direct / Organic,Clear Protein,3.89,7.78,3.89,ONBOARDING | sachet_cap_5pct_cm,onboarding_sachet|education
7756440240383,T4,D2,D4,77.77,1,91.64,91.64,1,False,False,False,False,Direct / Organic,Clear Protein,3.89,7.78,3.89,ONBOARDING | sachet_cap_5pct_cm,onboarding_sachet|education
7756446793983,T4,D2,D4,77.77,1,108.82,108.82,1,False,False,False,False,Direct / Organic,Clear Protein,3.89,7.78,3.89,ONBOARDING | sachet_cap_5pct_cm,onboarding_sachet|education
7756460458239,T4,D2,D4,77.77,1,108.82,108.82,1,False,False,False,False,Direct / Organic,Clear Protein,3.89,7.78,3.89,ONBOARDING | sachet_cap_5pct_cm,onboarding_sachet|education
7756462653695,T4,D2,D4,77.77,1,108.82,108.82,1,False,False,False,False,Direct / Organic,Clear Protein,3.89,7.78,3.89,ONBOARDING | sachet_cap_5pct_cm,onboarding_sachet|education
7756465373439,T4,D2,D4,77.77,1,97.36,97.36,1,False,False,False,False,Direct / Organic,Clear Protein,3.89,7.78,3.89,ONBOARDING | sachet_cap_5pct_cm,onboarding_sachet|education
7756465864959,T4,D2,D4,77.77,1,108.82,108.82,1,False,False,False,False,Direct / Organic,Clear Protein,3.89,7.78,3.89,ONBOARDING | sachet_cap_5pct_cm,onboarding_sachet|education
7756466913535,T4,D2,D4,77.77,1,108.82,108.82,1,False,False,False,False,Direct / Organic,Clear Protein,3.89,7.78,3.89,ONBOARDING | sachet_cap_5pct_cm,onboarding_sachet|education
7756467634431,T4,D2,D4,77.77,1,82.91,82.91,1,False,False,False,False,Direct / Organic,Clear Protein,3.89,7.78,3.89,ONBOARDING | sachet_cap_5pct_cm,onboarding_sachet|education
7756467994879,T4,D2,D4,77.77,1,80.18,80.18,1,False,False,False,False,Direct / Organic,Clear Protein,3.89,7.78,3.89,ONBOARDING | sachet_cap_5pct_cm,onboarding_sachet|education
7756468257023,T4,D2,D4,77.77,1,80.18,80.18,1,False,False,False,False,Direct / Organic,Clear Protein,3.89,7.78,3.89,ONBOARDING | sachet_cap_5pct_cm,onboarding_sachet|education
7756468420863,T4,D2,D4,77.77,1,86.24,86.24,1,False,False,False,False,Direct / Organic,Clear Protein,3.89,7.78,3.89,ONBOARDING | sachet_cap_5pct_cm,onboarding_sachet|education
7756469043455,T4,D2,D4,77.77,1,80.18,80.18,1,False,False,False,False,Direct / Organic,Clear Protein,3.89,7.78,3.89,ONBOARDING | sachet_cap_5pct_cm,onboarding_sachet|education
7756469207295,T4,D2,D4,77.77,1,108.82,108.82,1,False,False,False,False,Direct / Organic,Clear Protein,3.89,7.78,3.89,ONBOARDING | sachet_cap_5pct_cm,onboarding_sachet|education
7756469797119,T4,D2,D4,77.77,1,80.18,80.18,1,False,False,False,False,Direct / Organic,Clear Protein,3.89,7.78,3.89,ONBOARDING | sachet_cap_5pct_cm,onboarding_sachet|education
6697080127743,T2,D2,D2,77.67,2,77.09,38.545,1,False,False,False,False,Subscription,Soy Protein,3.88,7.77,7.77,SUBSCRIBE_AND_SAVE | bundle_offers | no_blanket_10pct,subscribe_discount|bundle|category_sample
6327830610175,T4,D2,D5,77.6,1,113.81,113.81,1,False,False,False,False,Subscription,Other,3.88,7.76,3.88,ONBOARDING | sachet_cap_5pct_cm,onboarding_sachet|education
6424534089983,T4,D2,D5,77.6,1,113.81,113.81,1,False,False,False,False,Subscription,Other,3.88,7.76,3.88,ONBOARDING | sachet_cap_5pct_cm,onboarding_sachet|education
6689737474303,T4,D2,D5,77.6,1,113.81,113.81,1,False,False,False,False,Subscription,Other,3.88,7.76,3.88,ONBOARDING | sachet_cap_5pct_cm,onboarding_sachet|education
6798553186559,T2,D2,D2,77.6,2,94.6,47.3,1,False,False,False,False,Subscription,Other,3.88,7.76,7.76,SUBSCRIBE_AND_SAVE | bundle_offers | no_blanket_10pct,subscribe_discount|bundle|category_sample
6964050362623,T4,D2,D5,77.6,1,107.82,107.82,1,False,False,False,False,Subscription,Other,3.88,7.76,3.88,ONBOARDING | sachet_cap_5pct_cm,onboarding_sachet|education
7093066268927,T4,D2,D5,77.6,1,113.81,113.81,1,False,False,False,False,Subscription,Other,3.88,7.76,3.88,ONBOARDING | sachet_cap_5pct_cm,onboarding_sachet|education
7117603078399,T2,D2,D2,77.6,2,100.74,50.37,1,False,False,False,False,Subscription,Other,3.88,7.76,7.76,SUBSCRIBE_AND_SAVE | bundle_offers | no_blanket_10pct,subscribe_discount|bundle|category_sample
7174332809471,T4,D2,D5,77.6,1,107.82,107.82,1,False,False,False,False,Subscription,Other,3.88,7.76,3.88,ONBOARDING | sachet_cap_5pct_cm,onboarding_sachet|education
7176356004095,T4,D2,D5,77.6,1,107.82,107.82,1,False,False,False,False,Subscription,Other,3.88,7.76,3.88,ONBOARDING | sachet_cap_5pct_cm,onboarding_sachet|education
7309650067711,T2,D2,D2,77.6,2,129.6,64.8,1,False,False,False,False,Subscription,Other,3.88,7.76,7.76,SUBSCRIBE_AND_SAVE | bundle_offers | no_blanket_10pct,subscribe_discount|bundle|category_sample
7312493347071,T4,D2,D5,77.6,1,88.76,88.76,1,False,False,False,False,Subscription,Other,3.88,7.76,3.88,ONBOARDING | sachet_cap_5pct_cm,onboarding_sachet|education
7470139703551,T4,D2,D5,77.6,1,94.75,94.75,1,False,False,False,False,Subscription,Other,3.88,7.76,3.88,ONBOARDING | sachet_cap_5pct_cm,onboarding_sachet|education
7505538220287,T4,D2,D5,77.6,1,113.81,113.81,1,False,False,False,False,Subscription,Other,3.88,7.76,3.88,ONBOARDING | sachet_cap_5pct_cm,onboarding_sachet|education
7521212825855,T4,D2,D5,77.6,1,88.76,88.76,1,False,False,False,False,Subscription,Other,3.88,7.76,3.88,ONBOARDING | sachet_cap_5pct_cm,onboarding_sachet|education
8239061270783,T4,D2,D3,77.6,1,119.8,119.8,1,False,False,False,False,Direct / Organic,Other,3.88,7.76,3.88,ONBOARDING | sachet_cap_5pct_cm,onboarding_sachet|education
7756461605119,T2,D2,D1,77.55,2,115.18,57.59,3,True,False,True,False,Subscription,Collagen Glow,3.88,7.76,7.76,SUBSCRIBE_AND_SAVE | bundle_offers | no_blanket_10pct,subscribe_discount|bundle|category_sample
8765564977407,T4,D2,D2,77.54,1,114.32,114.32,1,True,False,False,False,Subscription,Clear Protein,3.88,7.75,3.88,ONBOARDING | sachet_cap_5pct_cm,onboarding_sachet|education
7755992695039,T4,D2,D4,77.38,1,193.46,193.46,1,False,False,False,False,Direct / Organic,Unknown,3.87,7.74,3.87,ONBOARDING | sachet_cap_5pct_cm,onboarding_sachet|education
7147869012223,T4,D2,D5,77.35,1,100.83,100.83,3,True,False,False,False,Subscription,Other,3.87,7.74,3.87,ONBOARDING | sachet_cap_5pct_cm,onboarding_sachet|education
6836180877567,T4,D2,D5,77.28,1,161.68,161.68,1,False,False,False,False,Subscription,Other,3.86,7.73,3.86,ONBOARDING | sachet_cap_5pct_cm,onboarding_sachet|education
7755935875327,T2,D2,D2,77.24,2,198.55,99.275,1,False,False,False,False,Direct / Organic,Unknown,3.86,7.72,7.72,SUBSCRIBE_AND_SAVE | bundle_offers | no_blanket_10pct,subscribe_discount|bundle|category_sample
6991974007039,T4,D2,D5,77.13,1,114.53,114.53,2,True,False,False,False,Subscription,Other,3.86,7.71,3.86,ONBOARDING | sachet_cap_5pct_cm,onboarding_sachet|education
8275327189247,T4,D2,D3,77.1,1,99.7,99.7,2,False,False,False,False,Direct / Organic,Accessories,3.86,7.71,3.86,ONBOARDING | sachet_cap_5pct_cm,onboarding_sachet|education
8836836098303,T4,D2,D2,77.03,1,91.36,91.36,2,False,False,False,False,Direct / Organic,Clear Protein,3.85,7.7,3.85,ONBOARDING | sachet_cap_5pct_cm,onboarding_sachet|education
7513899139327,T4,D2,D5,76.98,1,90.91,90.91,2,False,False,False,False,Subscription,Soy Protein,3.85,7.7,3.85,ONBOARDING | sachet_cap_5pct_cm,onboarding_sachet|education
6328289788159,T4,D2,D5,76.89,1,197.12,197.12,1,False,False,False,False,Subscription,Unknown,3.84,7.69,3.84,ONBOARDING | sachet_cap_5pct_cm,onboarding_sachet|education
8201852879103,T4,D2,D3,76.86,1,105.7,105.7,2,False,False,False,False,Direct / Organic,Clear Protein,3.84,7.69,3.84,ONBOARDING | sachet_cap_5pct_cm,onboarding_sachet|education
7756380111103,T2,D2,D1,76.81,4,171.71,42.9275,3,True,False,True,False,Subscription,Unknown,3.84,7.68,7.68,SUBSCRIBE_AND_SAVE | bundle_offers | no_blanket_10pct,subscribe_discount|bundle|category_sample
7756436013311,T2,D2,D1,76.77,4,102.93,25.7325,1,True,False,True,False,Subscription,Soy Protein,3.84,7.68,7.68,SUBSCRIBE_AND_SAVE | bundle_offers | no_blanket_10pct,subscribe_discount|bundle|category_sample
7756476449023,T4,D2,D4,76.72,1,108.82,108.82,2,False,False,False,False,Direct / Organic,Lean Protein,3.84,7.67,3.84,ONBOARDING | sachet_cap_5pct_cm,onboarding_sachet|education
6723752263935,T4,D2,D5,76.67,1,91.51,91.51,1,True,False,False,False,Subscription,Other,3.83,7.67,3.83,ONBOARDING | sachet_cap_5pct_cm,onboarding_sachet|education
8067217883391,T4,D2,D3,76.53,1,92.47,92.47,3,True,False,False,False,Subscription,Clear Protein,3.83,7.65,3.83,ONBOARDING | sachet_cap_5pct_cm,onboarding_sachet|education
8293135089919,T4,D2,D3,76.52,1,115.4,115.4,1,False,False,False,False,Direct / Organic,Lean Protein,3.83,7.65,3.83,ONBOARDING | sachet_cap_5pct_cm,onboarding_sachet|education
6521577373951,T2,D2,D2,76.41,2,125.51,62.755,1,False,False,False,False,Subscription,Collagen Glow,3.82,7.64,7.64,SUBSCRIBE_AND_SAVE | bundle_offers | no_blanket_10pct,subscribe_discount|bundle|category_sample
6601910255871,T4,D2,D5,76.41,1,102.34,102.34,1,False,False,False,False,Subscription,Collagen Glow,3.82,7.64,3.82,ONBOARDING | sachet_cap_5pct_cm,onboarding_sachet|education
6880155533567,T4,D2,D5,76.41,1,113.71,113.71,1,False,False,False,False,Subscription,Collagen Glow,3.82,7.64,3.82,ONBOARDING | sachet_cap_5pct_cm,onboarding_sachet|education
7756016648447,T4,D2,D4,76.32,1,190.8,190.8,1,False,False,False,False,Direct / Organic,Unknown,3.82,7.63,3.82,ONBOARDING | sachet_cap_5pct_cm,onboarding_sachet|education
6336691994879,T2,D2,D2,76.1,2,135.39,67.695,2,False,False,False,False,Subscription,Unknown,3.8,7.61,7.61,SUBSCRIBE_AND_SAVE | bundle_offers | no_blanket_10pct,subscribe_discount|bundle|category_sample
7961039569151,T4,D2,D3,76.08,1,92.56,92.56,2,False,False,False,False,Direct / Organic,Collagen Glow,3.8,7.61,3.8,ONBOARDING | sachet_cap_5pct_cm,onboarding_sachet|education
8350713184511,T4,D2,D3,75.98,1,99.9,99.9,2,False,False,False,False,Direct / Organic,Clear Protein,3.8,7.6,3.8,ONBOARDING | sachet_cap_5pct_cm,onboarding_sachet|education
8700295446783,T4,D2,D2,75.98,1,111.0,111.0,2,False,False,False,False,Direct / Organic,Clear Protein,3.8,7.6,3.8,ONBOARDING | sachet_cap_5pct_cm,onboarding_sachet|education
8712923447551,T4,D2,D2,75.98,1,99.9,99.9,2,False,False,False,False,Direct / Organic,Clear Protein,3.8,7.6,3.8,ONBOARDING | sachet_cap_5pct_cm,onboarding_sachet|education
8244467302655,T4,D2,D3,75.84,1,106.11,106.11,3,False,False,False,False,Email,Lean Protein,3.79,7.58,3.79,ONBOARDING | sachet_cap_5pct_cm,onboarding_sachet|education
7029599928575,T4,D2,D5,75.83,1,109.17,109.17,3,True,False,False,False,Subscription,Unknown,3.79,7.58,3.79,ONBOARDING | sachet_cap_5pct_cm,onboarding_sachet|education
7756260540671,T4,D2,D4,75.79,1,115.82,115.82,2,False,False,False,False,Direct / Organic,Other,3.79,7.58,3.79,ONBOARDING | sachet_cap_5pct_cm,onboarding_sachet|education
8799534481663,T2,D2,D1,75.77,2,95.43,47.715,2,False,False,True,False,Direct / Organic,Clear Protein,3.79,7.58,7.58,SUBSCRIBE_AND_SAVE | bundle_offers | no_blanket_10pct,subscribe_discount|bundle|category_sample
8297726083327,T2,D2,D1,75.74,2,99.12,49.56,2,True,False,True,False,Subscription,Lean Protein,3.79,7.57,7.57,SUBSCRIBE_AND_SAVE | bundle_offers | no_blanket_10pct,subscribe_discount|bundle|category_sample
7756405211391,T4,D2,D4,75.71,1,147.6,147.6,1,False,False,False,False,Direct / Organic,Other,3.79,7.57,3.79,ONBOARDING | sachet_cap_5pct_cm,onboarding_sachet|education
8798809587967,T4,D2,D2,75.7,1,112.58,112.58,2,False,False,False,False,Direct / Organic,Lean Protein,3.78,7.57,3.78,ONBOARDING | sachet_cap_5pct_cm,onboarding_sachet|education
7756031754495,T2,D2,D1,75.61,3,191.76,63.919999999999995,1,False,False,True,False,Direct / Organic,Unknown,3.78,7.56,7.56,SUBSCRIBE_AND_SAVE | bundle_offers | no_blanket_10pct,subscribe_discount|bundle|category_sample
8029437657343,T2,D2,D1,75.56,2,112.82,56.41,1,True,False,True,False,Direct / Organic,Lean Protein,3.78,7.56,7.56,SUBSCRIBE_AND_SAVE | bundle_offers | no_blanket_10pct,subscribe_discount|bundle|category_sample
8596648853759,T4,D2,D2,75.45,1,101.61,101.61,1,True,False,False,False,Subscription,Soy Protein,3.77,7.55,3.77,ONBOARDING | sachet_cap_5pct_cm,onboarding_sachet|education
8084383236351,T2,D2,D1,75.4,2,116.9,58.45,3,True,False,True,False,Direct / Organic,Collagen Glow,3.77,7.54,7.54,SUBSCRIBE_AND_SAVE | bundle_offers | no_blanket_10pct,subscribe_discount|bundle|category_sample
8002156495103,T4,D2,D3,75.38,1,113.0,113.0,1,False,False,False,False,Direct / Organic,Lean Protein,3.77,7.54,3.77,ONBOARDING | sachet_cap_5pct_cm,onboarding_sachet|education
8404537704703,T4,D2,D2,75.38,1,113.0,113.0,1,False,False,False,False,Direct / Organic,Lean Protein,3.77,7.54,3.77,ONBOARDING | sachet_cap_5pct_cm,onboarding_sachet|education
8477642031359,T4,D2,D2,75.38,1,113.0,113.0,1,False,False,False,False,Direct / Organic,Lean Protein,3.77,7.54,3.77,ONBOARDING | sachet_cap_5pct_cm,onboarding_sachet|education
8621981827327,T4,D2,D2,75.38,1,101.7,101.7,1,False,False,False,False,Direct / Organic,Lean Protein,3.77,7.54,3.77,ONBOARDING | sachet_cap_5pct_cm,onboarding_sachet|education
8653165756671,T4,D2,D2,75.38,1,101.7,101.7,1,False,False,False,False,Direct / Organic,Lean Protein,3.77,7.54,3.77,ONBOARDING | sachet_cap_5pct_cm,onboarding_sachet|education
7092583399679,T2,D2,D1,75.3,3,144.51,48.169999999999995,2,False,False,True,False,Subscription,Unknown,3.76,7.53,7.53,SUBSCRIBE_AND_SAVE | bundle_offers | no_blanket_10pct,subscribe_discount|bundle|category_sample
7756038603007,T2,D2,D1,75.24,2,193.56,96.78,1,False,False,True,False,Direct / Organic,Unknown,3.76,7.52,7.52,SUBSCRIBE_AND_SAVE | bundle_offers | no_blanket_10pct,subscribe_discount|bundle|category_sample
6329710412031,T4,D2,D5,75.23,1,192.98,192.98,1,False,False,False,False,Subscription,Unknown,3.76,7.52,3.76,ONBOARDING | sachet_cap_5pct_cm,onboarding_sachet|education
7756428476671,T4,D2,D4,75.11,1,108.79,108.79,4,False,False,False,False,Direct / Organic,Other,3.76,7.51,3.76,ONBOARDING | sachet_cap_5pct_cm,onboarding_sachet|education
8812239978751,T4,D2,D2,75.06,1,112.96,112.96,2,True,False,False,False,Subscription,Lean Protein,3.75,7.51,3.75,ONBOARDING | sachet_cap_5pct_cm,onboarding_sachet|education
7946205430015,T4,D2,D3,75.0,1,109.0,109.0,2,False,False,False,False,Direct / Organic,Other,3.75,7.5,3.75,ONBOARDING | sachet_cap_5pct_cm,onboarding_sachet|education
8063660425471,T4,D2,D3,75.0,1,109.0,109.0,2,False,False,False,False,Direct / Organic,Other,3.75,7.5,3.75,ONBOARDING | sachet_cap_5pct_cm,onboarding_sachet|education
8175536832767,T4,D2,D3,75.0,1,95.02,95.02,1,True,False,False,False,Subscription,Clear Protein,3.75,7.5,3.75,ONBOARDING | sachet_cap_5pct_cm,onboarding_sachet|education
8251162099967,T4,D2,D3,75.0,1,98.1,98.1,2,False,False,False,False,Direct / Organic,Other,3.75,7.5,3.75,ONBOARDING | sachet_cap_5pct_cm,onboarding_sachet|education
8771600711935,T4,D2,D2,75.0,1,111.78,111.78,1,True,False,False,False,Subscription,Clear Protein,3.75,7.5,3.75,ONBOARDING | sachet_cap_5pct_cm,onboarding_sachet|education
8784170647807,T4,D2,D2,75.0,1,111.78,111.78,1,True,False,False,False,Subscription,Clear Protein,3.75,7.5,3.75,ONBOARDING | sachet_cap_5pct_cm,onboarding_sachet|education
8800920436991,T4,D2,D2,75.0,1,111.78,111.78,1,True,False,False,False,Subscription,Clear Protein,3.75,7.5,3.75,ONBOARDING | sachet_cap_5pct_cm,onboarding_sachet|education
8814978072831,T4,D2,D2,75.0,1,95.02,95.02,1,True,False,False,False,Subscription,Clear Protein,3.75,7.5,3.75,ONBOARDING | sachet_cap_5pct_cm,onboarding_sachet|education
8822106685695,T4,D2,D2,75.0,1,111.78,111.78,1,True,False,False,False,Subscription,Clear Protein,3.75,7.5,3.75,ONBOARDING | sachet_cap_5pct_cm,onboarding_sachet|education
7962467172607,T2,D2,D1,74.97,4,108.44,27.11,4,False,False,True,False,Paid Social,Unknown,3.75,7.5,7.5,SUBSCRIBE_AND_SAVE | bundle_offers | no_blanket_10pct,subscribe_discount|bundle|category_sample
8340290339071,T4,D2,D3,74.88,1,84.38,84.38,2,False,False,False,False,Direct / Organic,Clear Protein,3.74,7.49,3.74,ONBOARDING | sachet_cap_5pct_cm,onboarding_sachet|education
8095915049215,T4,D2,D3,74.86,1,93.65,93.65,1,False,False,False,False,Paid Social,Clear Protein,3.74,7.49,3.74,ONBOARDING | sachet_cap_5pct_cm,onboarding_sachet|education
8111245000959,T4,D2,D3,74.86,1,98.5,98.5,1,False,False,False,False,Direct / Organic,Clear Protein,3.74,7.49,3.74,ONBOARDING | sachet_cap_5pct_cm,onboarding_sachet|education
8704297763071,T4,D2,D2,74.84,1,103.53,103.53,2,False,False,False,False,Direct / Organic,Lean Protein,3.74,7.48,3.74,ONBOARDING | sachet_cap_5pct_cm,onboarding_sachet|education
8904301314303,T4,D2,D2,74.82,1,110.12,110.12,1,False,False,False,False,Direct / Organic,Lean Protein,3.74,7.48,3.74,ONBOARDING | sachet_cap_5pct_cm,onboarding_sachet|education
7756374016255,T4,D2,D4,74.81,1,106.49,106.49,1,True,False,False,False,Subscription,Other,3.74,7.48,3.74,ONBOARDING | sachet_cap_5pct_cm,onboarding_sachet|education
8868214866175,T4,D2,D2,74.75,1,112.65,112.65,2,False,False,False,False,Paid Social,Lean Protein,3.74,7.48,3.74,ONBOARDING | sachet_cap_5pct_cm,onboarding_sachet|education
8096402768127,T4,D2,D3,74.7,1,111.0,111.0,2,False,False,False,False,Direct / Organic,Clear Protein,3.74,7.47,3.74,ONBOARDING | sachet_cap_5pct_cm,onboarding_sachet|education
8151997710591,T4,D2,D3,74.7,1,99.9,99.9,2,False,False,False,False,Direct / Organic,Clear Protein,3.74,7.47,3.74,ONBOARDING | sachet_cap_5pct_cm,onboarding_sachet|education
7756033327359,T2,D2,D1,74.69,3,189.45,63.15,1,False,False,True,False,Direct / Organic,Unknown,3.73,7.47,7.47,SUBSCRIBE_AND_SAVE | bundle_offers | no_blanket_10pct,subscribe_discount|bundle|category_sample
6329631146239,T4,D2,D5,74.55,1,95.6,95.6,2,False,False,False,False,Direct / Organic,Lean Protein,3.73,7.46,3.73,ONBOARDING | sachet_cap_5pct_cm,onboarding_sachet|education
7756468879615,T4,D2,D4,74.42,1,73.99,73.99,3,False,False,False,False,Direct / Organic,Other,3.72,7.44,3.72,ONBOARDING | sachet_cap_5pct_cm,onboarding_sachet|education
8142910947583,T4,D2,D3,74.28,1,88.3,88.3,1,False,False,False,False,Direct / Organic,Other,3.71,7.43,3.71,ONBOARDING | sachet_cap_5pct_cm,onboarding_sachet|education
7756427919615,T2,D2,D1,74.26,2,128.22,64.11,4,True,False,True,False,Subscription,Other,3.71,7.43,7.43,SUBSCRIBE_AND_SAVE | bundle_offers | no_blanket_10pct,subscribe_discount|bundle|category_sample
7756428378367,T2,D2,D1,74.26,2,128.22,64.11,4,True,False,True,False,Subscription,Other,3.71,7.43,7.43,SUBSCRIBE_AND_SAVE | bundle_offers | no_blanket_10pct,subscribe_discount|bundle|category_sample
8772592926975,T4,D2,D2,74.23,1,110.04,110.04,1,False,False,False,False,Direct / Organic,Lean Protein,3.71,7.42,3.71,ONBOARDING | sachet_cap_5pct_cm,onboarding_sachet|education
7938715844863,T4,D2,D3,74.17,1,114.13,114.13,3,False,False,False,False,Direct / Organic,Collagen Glow,3.71,7.42,3.71,ONBOARDING | sachet_cap_5pct_cm,onboarding_sachet|education
8127814893823,T4,D2,D3,74.16,1,98.9,98.9,2,False,False,False,False,Direct / Organic,Other,3.71,7.42,3.71,ONBOARDING | sachet_cap_5pct_cm,onboarding_sachet|education
8287246614783,T4,D2,D3,74.12,1,113.0,113.0,1,False,False,False,False,Direct / Organic,Lean Protein,3.71,7.41,3.71,ONBOARDING | sachet_cap_5pct_cm,onboarding_sachet|education
8675023978751,T4,D2,D2,74.12,1,113.0,113.0,1,False,False,False,False,Direct / Organic,Lean Protein,3.71,7.41,3.71,ONBOARDING | sachet_cap_5pct_cm,onboarding_sachet|education
8164768678143,T4,D2,D3,74.0,1,94.8,94.8,3,False,False,False,False,Direct / Organic,Lean Protein,3.7,7.4,3.7,ONBOARDING | sachet_cap_5pct_cm,onboarding_sachet|education
8270038335743,T4,D2,D3,73.93,1,98.8,98.8,3,False,False,False,False,Paid Social,Clear Protein,3.7,7.39,3.7,ONBOARDING | sachet_cap_5pct_cm,onboarding_sachet|education
7756415205631,T4,D2,D4,73.93,1,127.93,127.93,3,False,False,False,False,Direct / Organic,Accessories,3.7,7.39,3.7,ONBOARDING | sachet_cap_5pct_cm,onboarding_sachet|education
8163541680383,T4,D2,D3,73.78,1,94.8,94.8,2,False,False,False,False,Direct / Organic,Clear Protein,3.69,7.38,3.69,ONBOARDING | sachet_cap_5pct_cm,onboarding_sachet|education
8247671292159,T4,D2,D3,73.75,1,110.95,110.95,2,True,False,False,False,Subscription,Clear Protein,3.69,7.38,3.69,ONBOARDING | sachet_cap_5pct_cm,onboarding_sachet|education
8343381836031,T4,D2,D3,73.71,1,95.79,95.79,2,False,False,False,False,Paid Social,Other,3.69,7.37,3.69,ONBOARDING | sachet_cap_5pct_cm,onboarding_sachet|education
7756473794815,T2,D2,D1,73.71,4,100.95,25.2375,2,True,False,True,False,Subscription,Other,3.69,7.37,7.37,SUBSCRIBE_AND_SAVE | bundle_offers | no_blanket_10pct,subscribe_discount|bundle|category_sample
8722076762367,T4,D2,D2,73.52,1,95.76,95.76,1,False,False,False,False,Direct / Organic,Lean Protein,3.68,7.35,3.68,ONBOARDING | sachet_cap_5pct_cm,onboarding_sachet|education
7756005900543,T2,D2,D2,73.47,2,163.73,81.865,2,False,False,False,False,Direct / Organic,Unknown,3.67,7.35,7.35,SUBSCRIBE_AND_SAVE | bundle_offers | no_blanket_10pct,subscribe_discount|bundle|category_sample
8241099636991,T2,D2,D1,73.43,2,97.27,48.635,1,True,False,True,False,Subscription,Lean Protein,3.67,7.34,7.34,SUBSCRIBE_AND_SAVE | bundle_offers | no_blanket_10pct,subscribe_discount|bundle|category_sample
6695490814207,T4,D2,D5,73.28,1,102.54,102.54,1,False,False,False,False,Subscription,Other,3.66,7.33,3.66,ONBOARDING | sachet_cap_5pct_cm,onboarding_sachet|education
7756017107199,T2,D2,D2,73.24,2,188.55,94.275,1,False,False,False,False,Direct / Organic,Unknown,3.66,7.32,7.32,SUBSCRIBE_AND_SAVE | bundle_offers | no_blanket_10pct,subscribe_discount|bundle|category_sample
7988833779967,T2,D2,D1,73.15,2,100.99,50.495,1,True,False,True,False,Subscription,Lean Protein,3.66,7.32,7.32,SUBSCRIBE_AND_SAVE | bundle_offers | no_blanket_10pct,subscribe_discount|bundle|category_sample
7156209287423,T4,D2,D5,73.09,1,84.66,84.66,2,False,False,False,False,Subscription,Collagen Glow,3.65,7.31,3.65,ONBOARDING | sachet_cap_5pct_cm,onboarding_sachet|education
7756409045247,T2,D2,D1,72.97,2,134.46,67.23,1,False,False,True,False,Direct / Organic,Other,3.65,7.3,7.3,SUBSCRIBE_AND_SAVE | bundle_offers | no_blanket_10pct,subscribe_discount|bundle|category_sample
7756411797759,T4,D2,D4,72.97,1,102.21,102.21,2,False,False,False,False,Direct / Organic,Other,3.65,7.3,3.65,ONBOARDING | sachet_cap_5pct_cm,onboarding_sachet|education
8304456368383,T4,D2,D3,72.8,1,91.6,91.6,2,False,False,False,False,Direct / Organic,Clear Protein,3.64,7.28,3.64,ONBOARDING | sachet_cap_5pct_cm,onboarding_sachet|education
8312187060479,T4,D2,D3,72.8,1,91.6,91.6,2,False,False,False,False,Direct / Organic,Clear Protein,3.64,7.28,3.64,ONBOARDING | sachet_cap_5pct_cm,onboarding_sachet|education
8098546254079,T4,D2,D3,72.75,1,93.5,93.5,1,False,False,False,False,Direct / Organic,Clear Protein,3.64,7.28,3.64,ONBOARDING | sachet_cap_5pct_cm,onboarding_sachet|education
8702918426879,T2,D2,D1,72.69,2,103.5,51.75,1,True,False,True,False,Subscription,Lean Protein,3.63,7.27,7.27,SUBSCRIBE_AND_SAVE | bundle_offers | no_blanket_10pct,subscribe_discount|bundle|category_sample
7756411535615,T2,D2,D1,72.66,2,125.36,62.68,2,True,False,True,False,Subscription,Other,3.63,7.27,7.27,SUBSCRIBE_AND_SAVE | bundle_offers | no_blanket_10pct,subscribe_discount|bundle|category_sample
7756420546815,T2,D2,D1,72.59,2,130.39,65.195,3,True,False,True,False,Subscription,Clear Protein,3.63,7.26,7.26,SUBSCRIBE_AND_SAVE | bundle_offers | no_blanket_10pct,subscribe_discount|bundle|category_sample
8171195957503,T4,D2,D3,72.53,1,91.44,91.44,3,False,False,False,False,Direct / Organic,Lean Protein,3.63,7.25,3.63,ONBOARDING | sachet_cap_5pct_cm,onboarding_sachet|education
8239569142015,T2,D2,D1,72.52,2,109.49,54.745,1,True,False,True,False,Subscription,Lean Protein,3.63,7.25,7.25,SUBSCRIBE_AND_SAVE | bundle_offers | no_blanket_10pct,subscribe_discount|bundle|category_sample
8712672116991,T2,D2,D1,72.52,2,107.82,53.91,1,True,False,True,False,Subscription,Lean Protein,3.63,7.25,7.25,SUBSCRIBE_AND_SAVE | bundle_offers | no_blanket_10pct,subscribe_discount|bundle|category_sample
7756410749183,T4,D2,D4,72.38,1,96.9,96.9,2,False,False,False,False,Direct / Organic,Other,3.62,7.24,3.62,ONBOARDING | sachet_cap_5pct_cm,onboarding_sachet|education
6532515594495,T4,D2,D5,72.33,1,180.82,180.82,1,False,False,False,False,Direct / Organic,Unknown,3.62,7.23,3.62,ONBOARDING | sachet_cap_5pct_cm,onboarding_sachet|education
6336651133183,T2,D2,D2,72.3,2,144.47,72.235,2,False,False,False,False,Subscription,Unknown,3.62,7.23,7.23,SUBSCRIBE_AND_SAVE | bundle_offers | no_blanket_10pct,subscribe_discount|bundle|category_sample
7756407996671,T4,D2,D4,72.25,1,102.99,102.99,1,False,False,False,False,Direct / Organic,Other,3.61,7.22,3.61,ONBOARDING | sachet_cap_5pct_cm,onboarding_sachet|education
8712179876095,T2,D2,D1,72.15,3,107.73,35.910000000000004,1,True,False,True,False,Subscription,Collagen Glow,3.61,7.22,7.22,SUBSCRIBE_AND_SAVE | bundle_offers | no_blanket_10pct,subscribe_discount|bundle|category_sample
7756458098943,T2,D2,D1,72.13,2,98.07,49.035,2,True,False,True,False,Subscription,Other,3.61,7.21,7.21,SUBSCRIBE_AND_SAVE | bundle_offers | no_blanket_10pct,subscribe_discount|bundle|category_sample
7756203524351,T2,D2,D1,72.1,4,129.82,32.455,1,True,False,True,False,Subscription,Collagen Glow,3.6,7.21,7.21,SUBSCRIBE_AND_SAVE | bundle_offers | no_blanket_10pct,subscribe_discount|bundle|category_sample
7756007670015,T2,D2,D1,72.02,4,165.24,41.31,2,False,False,True,False,Direct / Organic,Unknown,3.6,7.2,7.2,SUBSCRIBE_AND_SAVE | bundle_offers | no_blanket_10pct,subscribe_discount|bundle|category_sample
6480331735295,T4,D2,D5,71.99,1,119.59,119.59,2,False,False,False,False,Subscription,Unknown,3.6,7.2,3.6,ONBOARDING | sachet_cap_5pct_cm,onboarding_sachet|education
8841867395327,T4,D2,D2,71.95,1,89.87,89.87,2,False,False,False,False,Direct / Organic,Clear Protein,3.6,7.2,3.6,ONBOARDING | sachet_cap_5pct_cm,onboarding_sachet|education
8800401391871,T2,D2,D1,71.89,2,104.59,52.295,1,True,False,True,False,Direct / Organic,Lean Protein,3.59,7.19,7.19,SUBSCRIBE_AND_SAVE | bundle_offers | no_blanket_10pct,subscribe_discount|bundle|category_sample
8710500319487,T4,D2,D2,71.73,1,107.54,107.54,1,False,False,False,False,Direct / Organic,Lean Protein,3.59,7.17,3.59,ONBOARDING | sachet_cap_5pct_cm,onboarding_sachet|education
8279962517759,T2,D2,D1,71.7,2,109.3,54.65,1,True,False,True,False,Subscription,Lean Protein,3.59,7.17,7.17,SUBSCRIBE_AND_SAVE | bundle_offers | no_blanket_10pct,subscribe_discount|bundle|category_sample
7756421923071,T4,D2,D4,71.65,1,102.42,102.42,2,False,False,False,False,Direct / Organic,Lean Protein,3.58,7.17,3.58,ONBOARDING | sachet_cap_5pct_cm,onboarding_sachet|education
7547822899455,T4,D2,D5,71.58,1,91.57,91.57,2,True,False,False,False,Subscription,Other,3.58,7.16,3.58,ONBOARDING | sachet_cap_5pct_cm,onboarding_sachet|education
7709267230975,T4,D2,D5,71.58,1,96.96,96.96,2,True,False,False,False,Subscription,Other,3.58,7.16,3.58,ONBOARDING | sachet_cap_5pct_cm,onboarding_sachet|education
8415963611391,T4,D2,D2,71.54,1,93.9,93.9,2,False,False,False,False,Direct / Organic,Other,3.58,7.15,3.58,ONBOARDING | sachet_cap_5pct_cm,onboarding_sachet|education
8701271113983,T2,D2,D1,71.5,2,107.82,53.91,1,True,False,True,False,Subscription,Lean Protein,3.58,7.15,7.15,SUBSCRIBE_AND_SAVE | bundle_offers | no_blanket_10pct,subscribe_discount|bundle|category_sample
8757996159231,T4,D2,D2,71.5,1,107.82,107.82,1,False,False,False,False,Direct / Organic,Lean Protein,3.58,7.15,3.58,ONBOARDING | sachet_cap_5pct_cm,onboarding_sachet|education
8821302821119,T4,D2,D2,71.5,1,107.82,107.82,1,False,False,False,False,Direct / Organic,Lean Protein,3.58,7.15,3.58,ONBOARDING | sachet_cap_5pct_cm,onboarding_sachet|education
8244228129023,T4,D2,D3,71.44,1,96.37,96.37,2,False,False,False,False,Direct / Organic,Clear Protein,3.57,7.14,3.57,ONBOARDING | sachet_cap_5pct_cm,onboarding_sachet|education
7756180357375,T4,D2,D4,71.42,1,99.15,99.15,2,False,False,False,False,Email,Lean Protein,3.57,7.14,3.57,ONBOARDING | sachet_cap_5pct_cm,onboarding_sachet|education
7898656243967,T2,D2,D1,71.4,2,135.11,67.555,1,False,False,True,False,Direct / Organic,Other,3.57,7.14,7.14,SUBSCRIBE_AND_SAVE | bundle_offers | no_blanket_10pct,subscribe_discount|bundle|category_sample
8329648210175,T4,D2,D3,71.35,1,83.5,83.5,2,False,False,False,False,Direct / Organic,Accessories,3.57,7.14,3.57,ONBOARDING | sachet_cap_5pct_cm,onboarding_sachet|education
7756356616447,T4,D2,D4,71.26,1,104.15,104.15,2,False,False,False,False,Direct / Organic,Soy Protein,3.56,7.13,3.56,ONBOARDING | sachet_cap_5pct_cm,onboarding_sachet|education
8795253014783,T4,D2,D2,71.24,1,98.99,98.99,2,False,False,False,False,Direct / Organic,Lean Protein,3.56,7.12,3.56,ONBOARDING | sachet_cap_5pct_cm,onboarding_sachet|education
7756415860991,T2,D2,D1,71.21,3,134.47,44.82333333333333,3,True,False,True,False,Subscription,Collagen Glow,3.56,7.12,7.12,SUBSCRIBE_AND_SAVE | bundle_offers | no_blanket_10pct,subscribe_discount|bundle|category_sample
7756040896767,T2,D2,D1,71.15,2,183.33,91.665,1,False,False,True,False,Direct / Organic,Unknown,3.56,7.12,7.12,SUBSCRIBE_AND_SAVE | bundle_offers | no_blanket_10pct,subscribe_discount|bundle|category_sample
8787345572095,T4,D2,D2,71.08,1,98.85,98.85,2,False,False,False,False,Direct / Organic,Lean Protein,3.55,7.11,3.55,ONBOARDING | sachet_cap_5pct_cm,onboarding_sachet|education
8006221234431,T4,D2,D3,70.99,1,104.87,104.87,2,False,False,False,False,Affiliate,Collagen Glow,3.55,7.1,3.55,ONBOARDING | sachet_cap_5pct_cm,onboarding_sachet|education
7949327368447,T4,D2,D3,70.93,1,84.07,84.07,4,True,False,False,False,Subscription,Clear Protein,3.55,7.09,3.55,ONBOARDING | sachet_cap_5pct_cm,onboarding_sachet|education
7755969102079,T2,D2,D2,70.9,2,119.91,59.955,2,False,False,False,False,Direct / Organic,Unknown,3.55,7.09,7.09,SUBSCRIBE_AND_SAVE | bundle_offers | no_blanket_10pct,subscribe_discount|bundle|category_sample
7154177769727,T2,D2,D2,70.78,2,75.58,37.79,1,False,False,False,False,Subscription,Other,3.54,7.08,7.08,SUBSCRIBE_AND_SAVE | bundle_offers | no_blanket_10pct,subscribe_discount|bundle|category_sample
8117549793535,T2,D2,D1,70.73,2,107.82,53.91,1,True,False,True,False,Subscription,Lean Protein,3.54,7.07,7.07,SUBSCRIBE_AND_SAVE | bundle_offers | no_blanket_10pct,subscribe_discount|bundle|category_sample
7364114153727,T4,D2,D5,70.68,1,128.56,128.56,2,False,False,False,False,Subscription,Other,3.53,7.07,3.53,ONBOARDING | sachet_cap_5pct_cm,onboarding_sachet|education
7312633561343,T4,D2,D5,70.65,1,67.69,67.69,1,False,False,False,False,Subscription,Other,3.53,7.07,3.53,ONBOARDING | sachet_cap_5pct_cm,onboarding_sachet|education
6328304304383,T4,D2,D5,70.63,1,176.57,176.57,1,False,False,False,False,Subscription,Unknown,3.53,7.06,3.53,ONBOARDING | sachet_cap_5pct_cm,onboarding_sachet|education
8371571982591,T4,D2,D2,70.6,1,87.44,87.44,1,False,False,False,False,Direct / Organic,Clear Protein,3.53,7.06,3.53,ONBOARDING | sachet_cap_5pct_cm,onboarding_sachet|education
7756419203327,T2,D2,D1,70.57,2,102.87,51.435,2,False,False,True,False,Direct / Organic,Clear Protein,3.53,7.06,7.06,SUBSCRIBE_AND_SAVE | bundle_offers | no_blanket_10pct,subscribe_discount|bundle|category_sample
6423604887807,T4,D2,D5,70.48,1,181.1,181.1,1,False,False,False,False,Subscription,Unknown,3.52,7.05,3.52,ONBOARDING | sachet_cap_5pct_cm,onboarding_sachet|education
7756048236799,T2,D2,D1,70.42,2,181.5,90.75,1,False,False,True,False,Direct / Organic,Unknown,3.52,7.04,7.04,SUBSCRIBE_AND_SAVE | bundle_offers | no_blanket_10pct,subscribe_discount|bundle|category_sample
8149547942143,T4,D2,D3,70.36,1,100.94,100.94,1,False,False,False,False,Direct / Organic,Other,3.52,7.04,3.52,ONBOARDING | sachet_cap_5pct_cm,onboarding_sachet|education
8337920524543,T4,D2,D3,70.24,1,84.8,84.8,1,False,False,False,False,Direct / Organic,Other,3.51,7.02,3.51,ONBOARDING | sachet_cap_5pct_cm,onboarding_sachet|education
7695737127167,T2,D2,D2,70.2,2,107.82,53.91,1,True,False,False,False,Subscription,Lean Protein,3.51,7.02,7.02,SUBSCRIBE_AND_SAVE | bundle_offers | no_blanket_10pct,subscribe_discount|bundle|category_sample
8124723888383,T2,D2,D1,70.2,2,107.82,53.91,1,True,False,True,False,Subscription,Lean Protein,3.51,7.02,7.02,SUBSCRIBE_AND_SAVE | bundle_offers | no_blanket_10pct,subscribe_discount|bundle|category_sample
7756016812287,T2,D2,D2,70.13,2,175.32,87.66,1,False,False,False,False,Direct / Organic,Unknown,3.51,7.01,7.01,SUBSCRIBE_AND_SAVE | bundle_offers | no_blanket_10pct,subscribe_discount|bundle|category_sample
7756380176639,T2,D2,D1,70.05,4,157.18,39.295,2,True,False,True,False,Subscription,Other,3.5,7.0,7.0,SUBSCRIBE_AND_SAVE | bundle_offers | no_blanket_10pct,subscribe_discount|bundle|category_sample
8477606019327,T4,D2,D2,70.0,1,90.75,90.75,1,False,False,False,False,Direct / Organic,Lean Protein,3.5,7.0,3.5,ONBOARDING | sachet_cap_5pct_cm,onboarding_sachet|education
6612679590143,T2,D2,D2,69.86,2,128.88,64.44,2,True,False,False,False,Subscription,Other,3.49,6.99,6.99,SUBSCRIBE_AND_SAVE | bundle_offers | no_blanket_10pct,subscribe_discount|bundle|category_sample
8665323438335,T4,D2,D2,69.7,1,94.92,94.92,2,False,False,False,False,Direct / Organic,Clear Protein,3.49,6.97,3.49,ONBOARDING | sachet_cap_5pct_cm,onboarding_sachet|education
7967450366207,T4,D2,D3,69.68,1,103.86,103.86,2,True,False,False,False,Subscription,Soy Protein,3.48,6.97,3.48,ONBOARDING | sachet_cap_5pct_cm,onboarding_sachet|education
7341017956607,T4,D2,D5,69.65,1,122.26,122.26,2,True,False,False,False,Subscription,Other,3.48,6.97,3.48,ONBOARDING | sachet_cap_5pct_cm,onboarding_sachet|education
7756435587327,T2,D2,D1,69.64,2,154.81,77.405,3,True,False,True,False,Subscription,Accessories,3.48,6.96,6.96,SUBSCRIBE_AND_SAVE | bundle_offers | no_blanket_10pct,subscribe_discount|bundle|category_sample
6329848889599,T4,D2,D5,69.62,1,100.51,100.51,1,False,False,False,False,Subscription,Other,3.48,6.96,3.48,ONBOARDING | sachet_cap_5pct_cm,onboarding_sachet|education
8088380178687,T4,D2,D3,69.59,1,103.23,103.23,1,True,False,False,False,Subscription,Other,3.48,6.96,3.48,ONBOARDING | sachet_cap_5pct_cm,onboarding_sachet|education
7755986731263,T4,D2,D4,69.58,1,103.58,103.58,2,False,False,False,False,Direct / Organic,Other,3.48,6.96,3.48,ONBOARDING | sachet_cap_5pct_cm,onboarding_sachet|education
6423224484095,T4,D2,D5,69.54,1,178.76,178.76,1,False,False,False,False,Subscription,Unknown,3.48,6.95,3.48,ONBOARDING | sachet_cap_5pct_cm,onboarding_sachet|education
7180621021439,T4,D2,D5,69.4,1,124.43,124.43,2,False,False,False,False,Subscription,Unknown,3.47,6.94,3.47,ONBOARDING | sachet_cap_5pct_cm,onboarding_sachet|education
7755953963263,T4,D2,D5,69.18,1,172.95,172.95,1,False,False,False,False,Direct / Organic,Unknown,3.46,6.92,3.46,ONBOARDING | sachet_cap_5pct_cm,onboarding_sachet|education
7756239372543,T4,D2,D4,69.1,1,91.59,91.59,2,False,False,False,False,Direct / Organic,Clear Protein,3.46,6.91,3.46,ONBOARDING | sachet_cap_5pct_cm,onboarding_sachet|education
7755916050687,T2,D2,D2,68.97,2,196.67,98.335,1,False,False,False,False,Direct / Organic,Unknown,3.45,6.9,6.9,SUBSCRIBE_AND_SAVE | bundle_offers | no_blanket_10pct,subscribe_discount|bundle|category_sample
7471600238847,T2,D2,D2,68.94,2,107.82,53.91,1,True,False,False,False,Subscription,Lean Protein,3.45,6.89,6.89,SUBSCRIBE_AND_SAVE | bundle_offers | no_blanket_10pct,subscribe_discount|bundle|category_sample
7522714976511,T2,D2,D2,68.94,2,107.82,53.91,1,True,False,False,False,Subscription,Lean Protein,3.45,6.89,6.89,SUBSCRIBE_AND_SAVE | bundle_offers | no_blanket_10pct,subscribe_discount|bundle|category_sample
8090103939327,T4,D2,D3,68.93,1,93.9,93.9,2,False,False,False,False,Direct / Organic,Accessories,3.45,6.89,3.45,ONBOARDING | sachet_cap_5pct_cm,onboarding_sachet|education
8091391557887,T4,D2,D3,68.93,1,85.01,85.01,2,False,False,False,False,Paid Social,Accessories,3.45,6.89,3.45,ONBOARDING | sachet_cap_5pct_cm,onboarding_sachet|education
8325816582399,T4,D2,D3,68.93,1,74.0,74.0,2,False,False,False,False,Direct / Organic,Accessories,3.45,6.89,3.45,ONBOARDING | sachet_cap_5pct_cm,onboarding_sachet|education
8327681605887,T4,D2,D3,68.93,1,74.0,74.0,2,False,False,False,False,Direct / Organic,Accessories,3.45,6.89,3.45,ONBOARDING | sachet_cap_5pct_cm,onboarding_sachet|education
8329594667263,T4,D2,D3,68.93,1,74.0,74.0,2,False,False,False,False,Direct / Organic,Accessories,3.45,6.89,3.45,ONBOARDING | sachet_cap_5pct_cm,onboarding_sachet|education
8337828905215,T4,D2,D3,68.93,1,74.0,74.0,2,False,False,False,False,Paid Social,Accessories,3.45,6.89,3.45,ONBOARDING | sachet_cap_5pct_cm,onboarding_sachet|education
8718699757823,T4,D2,D2,68.93,1,88.9,88.9,2,False,False,False,False,Direct / Organic,Clear Protein,3.45,6.89,3.45,ONBOARDING | sachet_cap_5pct_cm,onboarding_sachet|education
6336688324863,T4,D2,D5,68.91,1,102.56,102.56,2,False,False,False,False,Subscription,Accessories,3.45,6.89,3.45,ONBOARDING | sachet_cap_5pct_cm,onboarding_sachet|education
8891214725375,T4,D2,D2,68.91,1,104.72,104.72,1,True,False,False,False,Subscription,Lean Protein,3.45,6.89,3.45,ONBOARDING | sachet_cap_5pct_cm,onboarding_sachet|education
7756004786431,T2,D2,D2,68.84,2,93.19,46.595,3,False,False,False,False,Direct / Organic,Unknown,3.44,6.88,6.88,SUBSCRIBE_AND_SAVE | bundle_offers | no_blanket_10pct,subscribe_discount|bundle|category_sample
6327628464383,T4,D2,D5,68.72,1,142.21,142.21,2,False,False,False,False,Subscription,Other,3.44,6.87,3.44,ONBOARDING | sachet_cap_5pct_cm,onboarding_sachet|education
8868033036543,T4,D2,D2,68.71,1,105.03,105.03,1,False,False,False,False,Paid Social,Lean Protein,3.44,6.87,3.44,ONBOARDING | sachet_cap_5pct_cm,onboarding_sachet|education
7829327675647,T2,D2,D1,68.62,2,111.22,55.61,1,False,False,True,False,Direct / Organic,Lean Protein,3.43,6.86,6.86,SUBSCRIBE_AND_SAVE | bundle_offers | no_blanket_10pct,subscribe_discount|bundle|category_sample
7823779168511,T2,D2,D1,68.54,4,120.9,30.225,2,True,False,True,False,Subscription,Collagen Glow,3.43,6.85,6.85,SUBSCRIBE_AND_SAVE | bundle_offers | no_blanket_10pct,subscribe_discount|bundle|category_sample
7304255078655,T4,D2,D5,68.52,1,82.6,82.6,4,True,False,False,False,Subscription,Collagen Glow,3.43,6.85,3.43,ONBOARDING | sachet_cap_5pct_cm,onboarding_sachet|education
7058101633279,T4,D2,D5,68.52,1,109.02,109.02,3,False,False,False,False,Subscription,Accessories,3.43,6.85,3.43,ONBOARDING | sachet_cap_5pct_cm,onboarding_sachet|education
7756430737663,T2,D2,D1,68.31,3,107.52,35.839999999999996,3,True,False,True,False,Paid Social,Unknown,3.42,6.83,6.83,SUBSCRIBE_AND_SAVE | bundle_offers | no_blanket_10pct,subscribe_discount|bundle|category_sample
8474707689727,T4,D2,D2,68.26,1,78.12,78.12,1,False,False,False,False,Direct / Organic,Clear Protein,3.41,6.83,3.41,ONBOARDING | sachet_cap_5pct_cm,onboarding_sachet|education
8799977931007,T2,D2,D1,68.23,2,104.55,52.275,1,True,False,True,False,Subscription,Lean Protein,3.41,6.82,6.82,SUBSCRIBE_AND_SAVE | bundle_offers | no_blanket_10pct,subscribe_discount|bundle|category_sample
7976335540479,T4,D2,D3,68.16,1,95.8,95.8,2,False,False,False,False,Direct / Organic,Soy Protein,3.41,6.82,3.41,ONBOARDING | sachet_cap_5pct_cm,onboarding_sachet|education
8014286160127,T2,D2,D1,68.11,2,95.79,47.895,2,True,False,True,False,Subscription,Lean Protein,3.41,6.81,6.81,SUBSCRIBE_AND_SAVE | bundle_offers | no_blanket_10pct,subscribe_discount|bundle|category_sample
7756435849471,T4,D2,D4,68.11,1,117.58,117.58,1,False,False,False,False,Direct / Organic,Other,3.41,6.81,3.41,ONBOARDING | sachet_cap_5pct_cm,onboarding_sachet|education
7756430377215,T2,D2,D1,68.08,2,98.19,49.095,3,True,False,True,False,Subscription,Clear Protein,3.4,6.81,6.81,SUBSCRIBE_AND_SAVE | bundle_offers | no_blanket_10pct,subscribe_discount|bundle|category_sample
7756398264575,T2,D2,D1,68.08,3,188.15,62.71666666666667,3,True,False,True,False,Subscription,Unknown,3.4,6.81,6.81,SUBSCRIBE_AND_SAVE | bundle_offers | no_blanket_10pct,subscribe_discount|bundle|category_sample
7756423037183,T4,D2,D4,68.07,1,108.99,108.99,2,False,False,False,False,Direct / Organic,Other,3.4,6.81,3.4,ONBOARDING | sachet_cap_5pct_cm,onboarding_sachet|education
7756431786239,T2,D2,D1,67.87,2,109.64,54.82,2,True,False,True,False,Direct / Organic,Other,3.39,6.79,6.79,SUBSCRIBE_AND_SAVE | bundle_offers | no_blanket_10pct,subscribe_discount|bundle|category_sample
7756437881087,T4,D2,D4,67.62,1,89.64,89.64,2,False,False,False,False,Direct / Organic,Lean Protein,3.38,6.76,3.38,ONBOARDING | sachet_cap_5pct_cm,onboarding_sachet|education
7756438667519,T4,D2,D4,67.62,1,100.18,100.18,2,False,False,False,False,Direct / Organic,Lean Protein,3.38,6.76,3.38,ONBOARDING | sachet_cap_5pct_cm,onboarding_sachet|education
7756439879935,T4,D2,D4,67.62,1,79.09,79.09,2,False,False,False,False,Direct / Organic,Lean Protein,3.38,6.76,3.38,ONBOARDING | sachet_cap_5pct_cm,onboarding_sachet|education
7756440731903,T4,D2,D4,67.62,1,73.82,73.82,2,False,False,False,False,Direct / Organic,Unknown,3.38,6.76,3.38,ONBOARDING | sachet_cap_5pct_cm,onboarding_sachet|education
7756461342975,T4,D2,D4,67.62,1,90.3,90.3,2,False,False,False,False,Direct / Organic,Lean Protein,3.38,6.76,3.38,ONBOARDING | sachet_cap_5pct_cm,onboarding_sachet|education
7756463964415,T4,D2,D4,67.62,1,100.18,100.18,2,False,False,False,False,Direct / Organic,Clear Protein,3.38,6.76,3.38,ONBOARDING | sachet_cap_5pct_cm,onboarding_sachet|education
7756466946303,T4,D2,D4,67.62,1,100.18,100.18,2,False,False,False,False,Direct / Organic,Clear Protein,3.38,6.76,3.38,ONBOARDING | sachet_cap_5pct_cm,onboarding_sachet|education
7755989221631,T2,D2,D2,67.52,2,97.2,48.6,2,False,False,False,False,Direct / Organic,Other,3.38,6.75,6.75,SUBSCRIBE_AND_SAVE | bundle_offers | no_blanket_10pct,subscribe_discount|bundle|category_sample
7496402895103,T4,D2,D5,67.48,1,93.86,93.86,2,False,False,False,False,Subscription,Clear Protein,3.37,6.75,3.37,ONBOARDING | sachet_cap_5pct_cm,onboarding_sachet|education
7504260137215,T4,D2,D5,67.48,1,93.86,93.86,2,False,False,False,False,Subscription,Other,3.37,6.75,3.37,ONBOARDING | sachet_cap_5pct_cm,onboarding_sachet|education
8797495951615,T4,D2,D2,67.47,1,100.66,100.66,2,False,False,False,False,Direct / Organic,Clear Protein,3.37,6.75,3.37,ONBOARDING | sachet_cap_5pct_cm,onboarding_sachet|education
7756361498879,T4,D2,D4,67.32,1,112.78,112.78,2,False,False,False,False,Direct / Organic,Unknown,3.37,6.73,3.37,ONBOARDING | sachet_cap_5pct_cm,onboarding_sachet|education
8226072887551,T4,D2,D3,67.14,1,102.44,102.44,1,True,False,False,False,Subscription,Lean Protein,3.36,6.71,3.36,ONBOARDING | sachet_cap_5pct_cm,onboarding_sachet|education
6336754450687,T2,D2,D1,67.14,3,122.79,40.93,2,False,False,True,False,Subscription,Unknown,3.36,6.71,6.71,SUBSCRIBE_AND_SAVE | bundle_offers | no_blanket_10pct,subscribe_discount|bundle|category_sample
8649011167487,T4,D2,D2,67.08,1,93.42,93.42,2,False,False,False,False,Direct / Organic,Lean Protein,3.35,6.71,3.35,ONBOARDING | sachet_cap_5pct_cm,onboarding_sachet|education
8692036763903,T4,D2,D2,67.08,1,90.88,90.88,2,False,False,False,False,Direct / Organic,Lean Protein,3.35,6.71,3.35,ONBOARDING | sachet_cap_5pct_cm,onboarding_sachet|education
6334064328959,T4,D2,D5,67.02,1,167.55,167.55,1,False,False,False,False,Subscription,Unknown,3.35,6.7,3.35,ONBOARDING | sachet_cap_5pct_cm,onboarding_sachet|education
8148206747903,T2,D2,D1,67.01,3,107.73,35.910000000000004,1,True,False,True,False,Subscription,Collagen Glow,3.35,6.7,6.7,SUBSCRIBE_AND_SAVE | bundle_offers | no_blanket_10pct,subscribe_discount|bundle|category_sample
7475279692031,T4,D2,D5,66.98,1,69.86,69.86,2,False,False,False,False,Subscription,Clear Protein,3.35,6.7,3.35,ONBOARDING | sachet_cap_5pct_cm,onboarding_sachet|education
7476910588159,T4,D2,D5,66.98,1,69.86,69.86,2,False,False,False,False,Subscription,Clear Protein,3.35,6.7,3.35,ONBOARDING | sachet_cap_5pct_cm,onboarding_sachet|education
6327732863231,T2,D2,D1,66.96,3,177.2,59.06666666666666,1,True,False,True,False,Subscription,Unknown,3.35,6.7,6.7,SUBSCRIBE_AND_SAVE | bundle_offers | no_blanket_10pct,subscribe_discount|bundle|category_sample
7756016189695,T2,D2,D2,66.95,2,170.1,85.05,1,False,False,False,False,Direct / Organic,Unknown,3.35,6.7,6.7,SUBSCRIBE_AND_SAVE | bundle_offers | no_blanket_10pct,subscribe_discount|bundle|category_sample
8794176553215,T4,D2,D2,66.87,1,91.91,91.91,3,False,False,False,False,Direct / Organic,Clear Protein,3.34,6.69,3.34,ONBOARDING | sachet_cap_5pct_cm,onboarding_sachet|education
7756463243519,T2,D2,D1,66.8,2,88.69,44.345,2,False,False,True,False,Direct / Organic,Other,3.34,6.68,6.68,SUBSCRIBE_AND_SAVE | bundle_offers | no_blanket_10pct,subscribe_discount|bundle|category_sample
6590913347839,T2,D2,D1,66.74,3,131.09,43.696666666666665,1,True,False,True,False,Subscription,Other,3.34,6.67,6.67,SUBSCRIBE_AND_SAVE | bundle_offers | no_blanket_10pct,subscribe_discount|bundle|category_sample
7101868769535,T2,D2,D2,66.7,2,118.7,59.35,1,False,False,False,False,Subscription,Other,3.34,6.67,6.67,SUBSCRIBE_AND_SAVE | bundle_offers | no_blanket_10pct,subscribe_discount|bundle|category_sample
8789804351743,T4,D2,D2,66.66,1,91.7,91.7,3,False,False,False,False,Direct / Organic,Clear Protein,3.33,6.67,3.33,ONBOARDING | sachet_cap_5pct_cm,onboarding_sachet|education
8252828811519,T4,D2,D3,66.56,1,89.83,89.83,2,False,False,False,False,Direct / Organic,Lean Protein,3.33,6.66,3.33,ONBOARDING | sachet_cap_5pct_cm,onboarding_sachet|education
8396561285375,T4,D2,D2,66.56,1,64.64,64.64,2,False,False,False,False,Direct / Organic,Accessories,3.33,6.66,3.33,ONBOARDING | sachet_cap_5pct_cm,onboarding_sachet|education
6703429976319,T4,D2,D5,66.55,1,150.95,150.95,1,False,False,False,False,Subscription,Other,3.33,6.66,3.33,ONBOARDING | sachet_cap_5pct_cm,onboarding_sachet|education
8710576505087,T4,D2,D2,66.54,1,93.9,93.9,2,False,False,False,False,Direct / Organic,Clear Protein,3.33,6.65,3.33,ONBOARDING | sachet_cap_5pct_cm,onboarding_sachet|education
7756457312511,T2,D2,D1,66.53,2,132.73,66.365,2,False,False,True,False,Direct / Organic,Other,3.33,6.65,6.65,SUBSCRIBE_AND_SAVE | bundle_offers | no_blanket_10pct,subscribe_discount|bundle|category_sample
7756035817727,T2,D2,D1,66.46,3,174.34,58.11333333333334,1,False,False,True,False,Direct / Organic,Unknown,3.32,6.65,6.65,SUBSCRIBE_AND_SAVE | bundle_offers | no_blanket_10pct,subscribe_discount|bundle|category_sample
7756465537279,T2,D2,D1,66.31,2,103.09,51.545,1,True,False,True,False,Subscription,Clear Protein,3.32,6.63,6.63,SUBSCRIBE_AND_SAVE | bundle_offers | no_blanket_10pct,subscribe_discount|bundle|category_sample
7756465668351,T2,D2,D1,66.31,2,103.09,51.545,1,True,False,True,False,Subscription,Clear Protein,3.32,6.63,6.63,SUBSCRIBE_AND_SAVE | bundle_offers | no_blanket_10pct,subscribe_discount|bundle|category_sample
7756468846847,T2,D2,D1,66.31,2,87.63,43.815,1,True,False,True,False,Subscription,Clear Protein,3.32,6.63,6.63,SUBSCRIBE_AND_SAVE | bundle_offers | no_blanket_10pct,subscribe_discount|bundle|category_sample
7756469469439,T4,D2,D4,66.31,1,72.16,72.16,1,True,False,False,False,Subscription,Clear Protein,3.32,6.63,3.32,ONBOARDING | sachet_cap_5pct_cm,onboarding_sachet|education
6336684065023,T2,D2,D2,66.18,2,165.44,82.72,1,False,False,False,False,Subscription,Unknown,3.31,6.62,6.62,SUBSCRIBE_AND_SAVE | bundle_offers | no_blanket_10pct,subscribe_discount|bundle|category_sample
7981535985919,T2,D2,D1,66.14,3,94.07,31.356666666666666,4,False,False,True,False,Paid Social,Unknown,3.31,6.61,6.61,SUBSCRIBE_AND_SAVE | bundle_offers | no_blanket_10pct,subscribe_discount|bundle|category_sample
8890334576895,T4,D2,D2,66.12,1,102.44,102.44,1,True,False,False,False,Subscription,Lean Protein,3.31,6.61,3.31,ONBOARDING | sachet_cap_5pct_cm,onboarding_sachet|education
7139969335551,T4,D2,D5,66.08,1,84.02,84.02,2,False,False,False,False,Subscription,Collagen Glow,3.3,6.61,3.3,ONBOARDING | sachet_cap_5pct_cm,onboarding_sachet|education
7254008201471,T4,D2,D5,66.08,1,84.02,84.02,2,False,False,False,False,Subscription,Collagen Glow,3.3,6.61,3.3,ONBOARDING | sachet_cap_5pct_cm,onboarding_sachet|education
7288937775359,T4,D2,D5,66.08,1,93.95,93.95,2,False,False,False,False,Subscription,Collagen Glow,3.3,6.61,3.3,ONBOARDING | sachet_cap_5pct_cm,onboarding_sachet|education
7293467492607,T4,D2,D5,66.08,1,93.95,93.95,2,False,False,False,False,Subscription,Clear Protein,3.3,6.61,3.3,ONBOARDING | sachet_cap_5pct_cm,onboarding_sachet|education
7312130572543,T4,D2,D5,66.08,1,74.13,74.13,2,False,False,False,False,Subscription,Collagen Glow,3.3,6.61,3.3,ONBOARDING | sachet_cap_5pct_cm,onboarding_sachet|education
8676491591935,T4,D2,D2,66.06,1,91.53,91.53,2,False,False,False,False,Direct / Organic,Other,3.3,6.61,3.3,ONBOARDING | sachet_cap_5pct_cm,onboarding_sachet|education
7499170152703,T2,D2,D2,65.94,2,87.01,43.505,2,False,False,False,False,Subscription,Accessories,3.3,6.59,6.59,SUBSCRIBE_AND_SAVE | bundle_offers | no_blanket_10pct,subscribe_discount|bundle|category_sample
7475029606655,T4,D2,D5,65.93,1,69.86,69.86,2,False,False,False,False,Subscription,Lean Protein,3.3,6.59,3.3,ONBOARDING | sachet_cap_5pct_cm,onboarding_sachet|education
7475157991679,T4,D2,D5,65.93,1,69.86,69.86,2,False,False,False,False,Subscription,Collagen Glow,3.3,6.59,3.3,ONBOARDING | sachet_cap_5pct_cm,onboarding_sachet|education
7756351439103,T4,D2,D4,65.9,1,136.86,136.86,2,False,False,False,False,Direct / Organic,Unknown,3.3,6.59,3.3,ONBOARDING | sachet_cap_5pct_cm,onboarding_sachet|education
8366920139007,T4,D2,D2,65.83,1,64.47,64.47,2,False,False,False,False,Direct / Organic,Accessories,3.29,6.58,3.29,ONBOARDING | sachet_cap_5pct_cm,onboarding_sachet|education
8226081210623,T4,D2,D3,65.76,1,107.19,107.19,1,False,False,False,False,Direct / Organic,Lean Protein,3.29,6.58,3.29,ONBOARDING | sachet_cap_5pct_cm,onboarding_sachet|education
6327696097535,T4,D2,D5,65.7,1,164.25,164.25,1,False,False,False,False,Subscription,Unknown,3.28,6.57,3.28,ONBOARDING | sachet_cap_5pct_cm,onboarding_sachet|education
8820378665215,T4,D2,D2,65.65,1,95.67,95.67,2,False,False,False,False,Direct / Organic,Lean Protein,3.28,6.57,3.28,ONBOARDING | sachet_cap_5pct_cm,onboarding_sachet|education
7755974082815,T4,D2,D4,65.65,1,84.19,84.19,3,False,False,False,False,Direct / Organic,Clear Protein,3.28,6.57,3.28,ONBOARDING | sachet_cap_5pct_cm,onboarding_sachet|education
6327516889343,T2,D2,D2,65.62,2,107.82,53.91,1,True,False,False,False,Subscription,Other,3.28,6.56,6.56,SUBSCRIBE_AND_SAVE | bundle_offers | no_blanket_10pct,subscribe_discount|bundle|category_sample
6334064722175,T2,D2,D2,65.62,2,107.82,53.91,1,True,False,False,False,Subscription,Other,3.28,6.56,6.56,SUBSCRIBE_AND_SAVE | bundle_offers | no_blanket_10pct,subscribe_discount|bundle|category_sample
7756037325055,T2,D2,D1,65.6,3,164.0,54.666666666666664,1,False,False,True,False,Direct / Organic,Unknown,3.28,6.56,6.56,SUBSCRIBE_AND_SAVE | bundle_offers | no_blanket_10pct,subscribe_discount|bundle|category_sample
8723271581951,T4,D2,D2,65.55,1,80.11,80.11,2,True,False,False,False,Subscription,Clear Protein,3.28,6.56,3.28,ONBOARDING | sachet_cap_5pct_cm,onboarding_sachet|education
8831281823999,T4,D2,D2,65.55,1,75.66,75.66,2,True,False,False,False,Subscription,Clear Protein,3.28,6.56,3.28,ONBOARDING | sachet_cap_5pct_cm,onboarding_sachet|education
7585086046463,T2,D2,D2,65.54,2,76.49,38.245,3,True,False,False,False,Subscription,Other,3.28,6.55,6.55,SUBSCRIBE_AND_SAVE | bundle_offers | no_blanket_10pct,subscribe_discount|bundle|category_sample
8167174832383,T2,D2,D1,65.45,2,98.65,49.325,2,True,False,True,False,Direct / Organic,Clear Protein,3.27,6.55,6.55,SUBSCRIBE_AND_SAVE | bundle_offers | no_blanket_10pct,subscribe_discount|bundle|category_sample
7448764088575,T2,D2,D2,65.28,2,109.6,54.8,2,False,False,False,False,Subscription,Other,3.26,6.53,6.53,SUBSCRIBE_AND_SAVE | bundle_offers | no_blanket_10pct,subscribe_discount|bundle|category_sample
6788480467199,T4,D2,D5,65.17,1,120.37,120.37,1,False,False,False,False,Subscription,Other,3.26,6.52,3.26,ONBOARDING | sachet_cap_5pct_cm,onboarding_sachet|education
8337895751935,T4,D2,D3,65.13,1,70.8,70.8,2,False,False,False,False,Paid Social,Lean Protein,3.26,6.51,3.26,ONBOARDING | sachet_cap_5pct_cm,onboarding_sachet|education
7756043518207,T2,D2,D1,65.11,3,157.0,52.333333333333336,1,False,False,True,False,Direct / Organic,Unknown,3.26,6.51,6.51,SUBSCRIBE_AND_SAVE | bundle_offers | no_blanket_10pct,subscribe_discount|bundle|category_sample
8175629893887,T4,D2,D3,65.0,1,64.61,64.61,2,False,False,False,False,Direct / Organic,Accessories,3.25,6.5,3.25,ONBOARDING | sachet_cap_5pct_cm,onboarding_sachet|education
7756429754623,T4,D2,D4,64.96,1,73.8,73.8,2,False,False,False,False,Direct / Organic,Lean Protein,3.25,6.5,3.25,ONBOARDING | sachet_cap_5pct_cm,onboarding_sachet|education
8845556613375,T4,D2,D2,64.95,1,89.92,89.92,2,False,False,False,False,Paid Social,Clear Protein,3.25,6.5,3.25,ONBOARDING | sachet_cap_5pct_cm,onboarding_sachet|education
8350728290559,T4,D2,D3,64.94,1,65.73,65.73,2,False,False,False,False,Paid Social,Accessories,3.25,6.49,3.25,ONBOARDING | sachet_cap_5pct_cm,onboarding_sachet|education
8699412250879,T4,D2,D2,64.92,1,110.38,110.38,1,True,False,False,False,Subscription,Collagen Glow,3.25,6.49,3.25,ONBOARDING | sachet_cap_5pct_cm,onboarding_sachet|education
7335513391359,T2,D2,D2,64.9,2,103.26,51.63,2,True,False,False,False,Subscription,Clear Protein,3.25,6.49,6.49,SUBSCRIBE_AND_SAVE | bundle_offers | no_blanket_10pct,subscribe_discount|bundle|category_sample
7756440338687,T2,D2,D1,64.87,2,97.37,48.685,2,False,False,True,False,Direct / Organic,Other,3.24,6.49,6.49,SUBSCRIBE_AND_SAVE | bundle_offers | no_blanket_10pct,subscribe_discount|bundle|category_sample
6329716637951,T4,D2,D5,64.86,1,167.04,167.04,1,False,False,False,False,Subscription,Unknown,3.24,6.49,3.24,ONBOARDING | sachet_cap_5pct_cm,onboarding_sachet|education
7756037718271,T4,D2,D4,64.8,1,164.73,164.73,1,False,False,False,False,Direct / Organic,Unknown,3.24,6.48,3.24,ONBOARDING | sachet_cap_5pct_cm,onboarding_sachet|education
7756038275327,T4,D2,D4,64.8,1,162.0,162.0,1,False,False,False,False,Direct / Organic,Unknown,3.24,6.48,3.24,ONBOARDING | sachet_cap_5pct_cm,onboarding_sachet|education
7756277252351,T2,D2,D1,64.79,3,124.13,41.376666666666665,3,True,False,True,False,Subscription,Other,3.24,6.48,6.48,SUBSCRIBE_AND_SAVE | bundle_offers | no_blanket_10pct,subscribe_discount|bundle|category_sample
6329853542655,T2,D2,D1,64.77,3,156.33,52.11000000000001,2,True,False,True,False,Subscription,Other,3.24,6.48,6.48,SUBSCRIBE_AND_SAVE | bundle_offers | no_blanket_10pct,subscribe_discount|bundle|category_sample
7756348915967,T4,D2,D4,64.75,1,100.8,100.8,2,False,False,False,False,Direct / Organic,Unknown,3.24,6.48,3.24,ONBOARDING | sachet_cap_5pct_cm,onboarding_sachet|education
7756458885375,T2,D2,D1,64.73,2,103.09,51.545,2,True,False,True,False,Subscription,Clear Protein,3.24,6.47,6.47,SUBSCRIBE_AND_SAVE | bundle_offers | no_blanket_10pct,subscribe_discount|bundle|category_sample
8304454074623,T4,D2,D3,64.73,1,102.98,102.98,1,False,False,False,False,Direct / Organic,Lean Protein,3.24,6.47,3.24,ONBOARDING | sachet_cap_5pct_cm,onboarding_sachet|education
6327635181823,T4,D2,D5,64.72,1,161.8,161.8,1,False,False,False,False,Subscription,Unknown,3.24,6.47,3.24,ONBOARDING | sachet_cap_5pct_cm,onboarding_sachet|education
6336758415615,T2,D2,D2,64.72,2,161.79,80.895,1,False,False,False,False,Subscription,Unknown,3.24,6.47,6.47,SUBSCRIBE_AND_SAVE | bundle_offers | no_blanket_10pct,subscribe_discount|bundle|category_sample
8807018856703,T4,D2,D2,64.48,1,80.0,80.0,1,True,False,False,False,Subscription,Collagen Glow,3.22,6.45,3.22,ONBOARDING | sachet_cap_5pct_cm,onboarding_sachet|education
8249665028351,T4,D2,D3,64.41,1,102.66,102.66,1,False,False,False,False,Paid Social,Lean Protein,3.22,6.44,3.22,ONBOARDING | sachet_cap_5pct_cm,onboarding_sachet|education
7755917885695,T2,D2,D1,64.41,3,157.85,52.61666666666667,1,False,False,True,False,Direct / Organic,Unknown,3.22,6.44,6.44,SUBSCRIBE_AND_SAVE | bundle_offers | no_blanket_10pct,subscribe_discount|bundle|category_sample
7922624430335,T4,D2,D3,64.28,1,81.52,81.52,1,False,False,False,False,Direct / Organic,Lean Protein,3.21,6.43,3.21,ONBOARDING | sachet_cap_5pct_cm,onboarding_sachet|education
7347034816767,T2,D2,D2,64.27,2,95.11,47.555,2,False,False,False,False,Subscription,Other,3.21,6.43,6.43,SUBSCRIBE_AND_SAVE | bundle_offers | no_blanket_10pct,subscribe_discount|bundle|category_sample
8283892121855,T4,D2,D3,64.27,1,89.8,89.8,2,False,False,False,False,Direct / Organic,Other,3.21,6.43,3.21,ONBOARDING | sachet_cap_5pct_cm,onboarding_sachet|education
7968738312447,T2,D2,D1,64.26,2,69.12,34.56,3,True,False,True,False,Subscription,Other,3.21,6.43,6.43,SUBSCRIBE_AND_SAVE | bundle_offers | no_blanket_10pct,subscribe_discount|bundle|category_sample
7756037488895,T2,D2,D1,64.23,2,172.7,86.35,1,False,False,True,False,Direct / Organic,Unknown,3.21,6.42,6.42,SUBSCRIBE_AND_SAVE | bundle_offers | no_blanket_10pct,subscribe_discount|bundle|category_sample
8784016179455,T2,D2,D1,64.23,2,84.58,42.29,2,True,False,True,False,Direct / Organic,Clear Protein,3.21,6.42,6.42,SUBSCRIBE_AND_SAVE | bundle_offers | no_blanket_10pct,subscribe_discount|bundle|category_sample
7875698360575,T4,D2,D3,64.21,1,102.46,102.46,1,False,False,False,False,Direct / Organic,Lean Protein,3.21,6.42,3.21,ONBOARDING | sachet_cap_5pct_cm,onboarding_sachet|education
7153236443391,T4,D2,D5,64.16,1,76.02,76.02,2,False,False,False,False,Subscription,Other,3.21,6.42,3.21,ONBOARDING | sachet_cap_5pct_cm,onboarding_sachet|education
7183853453567,T4,D2,D5,64.16,1,89.35,89.35,2,False,False,False,False,Subscription,Clear Protein,3.21,6.42,3.21,ONBOARDING | sachet_cap_5pct_cm,onboarding_sachet|education
7905973895423,T2,D2,D1,64.12,3,92.57,30.856666666666666,4,False,False,True,False,Direct / Organic,Unknown,3.21,6.41,6.41,SUBSCRIBE_AND_SAVE | bundle_offers | no_blanket_10pct,subscribe_discount|bundle|category_sample
7755996463359,T2,D2,D1,64.02,3,160.47,53.49,2,True,False,True,False,Direct / Organic,Unknown,3.2,6.4,6.4,SUBSCRIBE_AND_SAVE | bundle_offers | no_blanket_10pct,subscribe_discount|bundle|category_sample
6327552540927,T2,D2,D2,63.92,2,169.6,84.8,1,False,False,False,False,Subscription,Unknown,3.2,6.39,6.39,SUBSCRIBE_AND_SAVE | bundle_offers | no_blanket_10pct,subscribe_discount|bundle|category_sample
8839905706239,T2,D2,D1,63.84,2,105.55,52.775,2,False,False,True,False,Direct / Organic,Accessories,3.19,6.38,6.38,SUBSCRIBE_AND_SAVE | bundle_offers | no_blanket_10pct,subscribe_discount|bundle|category_sample
7711383027967,T4,D2,D5,63.62,1,98.02,98.02,3,True,False,False,False,Subscription,Clear Protein,3.18,6.36,3.18,ONBOARDING | sachet_cap_5pct_cm,onboarding_sachet|education
7153029873919,T2,D2,D2,63.52,2,100.3,50.15,1,True,False,False,False,Subscription,Clear Protein,3.18,6.35,6.35,SUBSCRIBE_AND_SAVE | bundle_offers | no_blanket_10pct,subscribe_discount|bundle|category_sample
6423596663039,T4,D2,D5,63.49,1,163.62,163.62,1,False,False,False,False,Subscription,Unknown,3.17,6.35,3.17,ONBOARDING | sachet_cap_5pct_cm,onboarding_sachet|education
6832308551935,T4,D2,D5,63.47,1,123.21,123.21,2,False,False,False,False,Subscription,Other,3.17,6.35,3.17,ONBOARDING | sachet_cap_5pct_cm,onboarding_sachet|education
7756267258111,T4,D2,D4,63.46,1,65.99,65.99,1,False,False,False,False,Direct / Organic,Other,3.17,6.35,3.17,ONBOARDING | sachet_cap_5pct_cm,onboarding_sachet|education
7756267389183,T4,D2,D4,63.46,1,77.64,77.64,1,False,False,False,False,Direct / Organic,Other,3.17,6.35,3.17,ONBOARDING | sachet_cap_5pct_cm,onboarding_sachet|education
7756397609215,T4,D2,D4,63.46,1,63.55,63.55,1,False,False,False,False,Direct / Organic,Other,3.17,6.35,3.17,ONBOARDING | sachet_cap_5pct_cm,onboarding_sachet|education
7756266864895,T4,D2,D4,63.37,1,92.63,92.63,1,False,False,False,False,Direct / Organic,Collagen Glow,3.17,6.34,3.17,ONBOARDING | sachet_cap_5pct_cm,onboarding_sachet|education
7756328435967,T4,D2,D4,63.37,1,98.69,98.69,1,False,False,False,False,Direct / Organic,Collagen Glow,3.17,6.34,3.17,ONBOARDING | sachet_cap_5pct_cm,onboarding_sachet|education
7756401017087,T4,D2,D4,63.37,1,98.08,98.08,1,False,False,False,False,Direct / Organic,Collagen Glow,3.17,6.34,3.17,ONBOARDING | sachet_cap_5pct_cm,onboarding_sachet|education
7756469403903,T4,D2,D4,63.37,1,84.76,84.76,1,False,False,False,False,Direct / Organic,Collagen Glow,3.17,6.34,3.17,ONBOARDING | sachet_cap_5pct_cm,onboarding_sachet|education
8446136254719,T4,D2,D2,63.34,1,77.85,77.85,2,False,False,False,False,Direct / Organic,Clear Protein,3.17,6.33,3.17,ONBOARDING | sachet_cap_5pct_cm,onboarding_sachet|education
8697064423679,T4,D2,D2,63.31,1,87.93,87.93,2,False,False,False,False,Direct / Organic,Lean Protein,3.17,6.33,3.17,ONBOARDING | sachet_cap_5pct_cm,onboarding_sachet|education
7756413239551,T4,D2,D4,63.21,1,92.43,92.43,2,False,False,False,False,Direct / Organic,Unknown,3.16,6.32,3.16,ONBOARDING | sachet_cap_5pct_cm,onboarding_sachet|education
7756438962431,T4,D2,D4,63.21,1,82.16,82.16,2,False,False,False,False,Direct / Organic,Clear Protein,3.16,6.32,3.16,ONBOARDING | sachet_cap_5pct_cm,onboarding_sachet|education
7959059300607,T4,D2,D3,63.16,1,80.62,80.62,1,False,False,False,False,Direct / Organic,Lean Protein,3.16,6.32,3.16,ONBOARDING | sachet_cap_5pct_cm,onboarding_sachet|education
8344497946879,T4,D2,D3,63.14,1,76.07,76.07,2,False,False,False,False,Direct / Organic,Accessories,3.16,6.31,3.16,ONBOARDING | sachet_cap_5pct_cm,onboarding_sachet|education
8902232310015,T4,D2,D2,62.92,1,65.86,65.86,2,False,False,False,False,Direct / Organic,Accessories,3.15,6.29,3.15,ONBOARDING | sachet_cap_5pct_cm,onboarding_sachet|education
8763339538687,T4,D2,D2,62.79,1,99.11,99.11,1,True,False,False,False,Subscription,Lean Protein,3.14,6.28,3.14,ONBOARDING | sachet_cap_5pct_cm,onboarding_sachet|education
7756012585215,T2,D2,D2,62.67,2,129.7,64.85,2,False,False,False,False,Direct / Organic,Unknown,3.13,6.27,6.27,SUBSCRIBE_AND_SAVE | bundle_offers | no_blanket_10pct,subscribe_discount|bundle|category_sample
7756434112767,T4,D2,D4,62.62,1,83.17,83.17,2,False,False,False,False,Direct / Organic,Soy Protein,3.13,6.26,3.13,ONBOARDING | sachet_cap_5pct_cm,onboarding_sachet|education
7308786237695,T4,D2,D5,62.61,1,67.76,67.76,1,False,False,False,False,Subscription,Other,3.13,6.26,3.13,ONBOARDING | sachet_cap_5pct_cm,onboarding_sachet|education
8312653938943,T4,D2,D3,62.2,1,80.73,80.73,1,True,False,False,False,Subscription,Other,3.11,6.22,3.11,ONBOARDING | sachet_cap_5pct_cm,onboarding_sachet|education
8621587202303,T4,D2,D2,62.19,1,83.21,83.21,2,False,False,False,False,Direct / Organic,Accessories,3.11,6.22,3.11,ONBOARDING | sachet_cap_5pct_cm,onboarding_sachet|education
7826394972415,T2,D2,D1,62.18,2,108.18,54.09,2,False,False,True,False,Direct / Organic,Lean Protein,3.11,6.22,6.22,SUBSCRIBE_AND_SAVE | bundle_offers | no_blanket_10pct,subscribe_discount|bundle|category_sample
7176846934271,T4,D2,D5,62.14,1,104.4,104.4,2,True,False,False,False,Subscription,Other,3.11,6.21,3.11,ONBOARDING | sachet_cap_5pct_cm,onboarding_sachet|education
8310327738623,T4,D2,D3,62.03,1,67.1,67.1,2,True,False,False,False,Subscription,Accessories,3.1,6.2,3.1,ONBOARDING | sachet_cap_5pct_cm,onboarding_sachet|education
8343408869631,T4,D2,D3,62.03,1,67.1,67.1,2,True,False,False,False,Subscription,Accessories,3.1,6.2,3.1,ONBOARDING | sachet_cap_5pct_cm,onboarding_sachet|education
7476690583807,T4,D2,D5,61.96,1,62.86,62.86,1,False,False,False,False,Subscription,Other,3.1,6.2,3.1,ONBOARDING | sachet_cap_5pct_cm,onboarding_sachet|education
7174366757119,T4,D2,D5,61.95,1,100.31,100.31,2,True,False,False,False,Subscription,Clear Protein,3.1,6.2,3.1,ONBOARDING | sachet_cap_5pct_cm,onboarding_sachet|education
7756169871615,T4,D2,D4,61.87,1,102.44,102.44,3,False,False,False,False,Direct / Organic,Unknown,3.09,6.19,3.09,ONBOARDING | sachet_cap_5pct_cm,onboarding_sachet|education
8358854361343,T4,D2,D3,61.83,1,88.9,88.9,2,False,False,False,False,Direct / Organic,Clear Protein,3.09,6.18,3.09,ONBOARDING | sachet_cap_5pct_cm,onboarding_sachet|education
6329641795839,T4,D2,D5,61.43,1,153.58,153.58,1,False,False,False,False,Subscription,Unknown,3.07,6.14,3.07,ONBOARDING | sachet_cap_5pct_cm,onboarding_sachet|education
6424908759295,T4,D2,D5,61.23,1,97.04,97.04,1,True,False,False,False,Subscription,Lean Protein,3.06,6.12,3.06,ONBOARDING | sachet_cap_5pct_cm,onboarding_sachet|education
8772284514559,T4,D2,D2,61.23,1,97.04,97.04,1,True,False,False,False,Subscription,Lean Protein,3.06,6.12,3.06,ONBOARDING | sachet_cap_5pct_cm,onboarding_sachet|education
7756043321599,T2,D2,D1,61.13,2,111.13,55.565,3,False,False,True,False,Direct / Organic,Unknown,3.06,6.11,6.11,SUBSCRIBE_AND_SAVE | bundle_offers | no_blanket_10pct,subscribe_discount|bundle|category_sample
7755957895423,T1,D1,D1,2796.69,38,4995.46,131.45947368421054,4,True,True,True,True,Direct / Organic,Unknown,139.83,279.67,279.67,NO_SITEWIDE_PCT_OFF | experiences_only,partner_reward|early_access|event_invite|merch_VIP
6336728531199,T1,D1,D1,2215.23,3,5542.97,1847.6566666666668,1,False,True,True,True,Subscription,Unknown,110.76,221.52,221.52,NO_SITEWIDE_PCT_OFF | experiences_only,partner_reward|early_access|event_invite|merch_VIP
6558688313599,T1,D1,D1,1824.82,10,2783.08,278.308,3,True,True,True,True,Direct / Organic,Unknown,91.24,182.48,182.48,NO_SITEWIDE_PCT_OFF | experiences_only,partner_reward|early_access|event_invite|merch_VIP
7756000690431,T1,D1,D1,1817.95,4,3612.43,903.1075,2,False,True,True,True,Direct / Organic,Unknown,90.9,181.8,181.8,NO_SITEWIDE_PCT_OFF | experiences_only,partner_reward|early_access|event_invite|merch_VIP
6336631275775,T2,D1,D2,1751.3,2,4378.26,2189.13,1,False,True,False,False,Subscription,Unknown,87.56,175.13,175.13,SUBSCRIBE_AND_SAVE | bundle_offers | no_blanket_10pct,subscribe_discount|bundle|category_sample
7756026904831,T1,D1,D1,1722.55,5,4306.38,861.2760000000001,1,False,True,True,True,Direct / Organic,Unknown,86.13,172.26,172.26,NO_SITEWIDE_PCT_OFF | experiences_only,partner_reward|early_access|event_invite|merch_VIP
6336747438335,T1,D1,D1,1544.83,5,3180.03,636.0060000000001,4,False,True,True,True,Subscription,Unknown,77.24,154.48,154.48,NO_SITEWIDE_PCT_OFF | experiences_only,partner_reward|early_access|event_invite|merch_VIP
8081852530943,T1,D1,D1,1500.97,7,1933.2,276.1714285714286,3,False,True,True,True,Direct / Organic,Clear Protein,75.05,150.1,150.1,NO_SITEWIDE_PCT_OFF | experiences_only,partner_reward|early_access|event_invite|merch_VIP
6329689735423,T1,D1,D1,1431.6,13,2177.98,167.53692307692307,4,False,True,True,True,Direct / Organic,Unknown,71.58,143.16,143.16,NO_SITEWIDE_PCT_OFF | experiences_only,partner_reward|early_access|event_invite|merch_VIP
7756016877823,T2,D1,D2,1105.31,2,2763.27,1381.635,1,False,True,False,False,Direct / Organic,Unknown,55.27,110.53,110.53,SUBSCRIBE_AND_SAVE | bundle_offers | no_blanket_10pct,subscribe_discount|bundle|category_sample
7476721352959,T1,D1,D1,1089.58,11,1575.37,143.21545454545455,2,True,True,True,True,Subscription,Clear Protein,54.48,108.96,108.96,NO_SITEWIDE_PCT_OFF | experiences_only,partner_reward|early_access|event_invite|merch_VIP
6334073602303,T1,D1,D1,1080.55,6,1960.53,326.755,3,False,True,True,True,Subscription,Unknown,54.03,108.06,108.06,NO_SITEWIDE_PCT_OFF | experiences_only,partner_reward|early_access|event_invite|merch_VIP
6327679418623,T1,D1,D1,1006.53,11,1670.91,151.9009090909091,3,True,True,True,True,Subscription,Other,50.33,100.65,100.65,NO_SITEWIDE_PCT_OFF | experiences_only,partner_reward|early_access|event_invite|merch_VIP
7516736061695,T2,D1,D2,993.1,2,1042.26,521.13,2,False,True,False,False,Subscription,Unknown,49.66,99.31,99.31,SUBSCRIBE_AND_SAVE | bundle_offers | no_blanket_10pct,subscribe_discount|bundle|category_sample
6328214618367,T1,D1,D1,931.01,14,1411.24,100.80285714285715,3,True,True,True,True,Subscription,Unknown,46.55,93.1,93.1,NO_SITEWIDE_PCT_OFF | experiences_only,partner_reward|early_access|event_invite|merch_VIP
8235052826879,T1,D1,D1,928.64,4,1037.77,259.4425,4,False,True,True,True,Direct / Organic,Lean Protein,46.43,92.86,92.86,NO_SITEWIDE_PCT_OFF | experiences_only,partner_reward|early_access|event_invite|merch_VIP
7756002066687,T1,D1,D1,923.13,12,2010.06,167.505,5,True,True,True,True,Direct / Organic,Unknown,46.16,92.31,92.31,NO_SITEWIDE_PCT_OFF | experiences_only,partner_reward|early_access|event_invite|merch_VIP
6327501881599,T1,D1,D1,870.47,4,2176.18,544.045,1,False,True,True,True,Subscription,Unknown,43.52,87.05,87.05,NO_SITEWIDE_PCT_OFF | experiences_only,partner_reward|early_access|event_invite|merch_VIP
6590570627327,T1,D1,D1,827.42,14,1125.32,80.38,3,True,True,True,True,Subscription,Other,41.37,82.74,82.74,NO_SITEWIDE_PCT_OFF | experiences_only,partner_reward|early_access|event_invite|merch_VIP
7756013306111,T1,D1,D1,768.5,9,1232.96,136.99555555555557,4,True,True,True,True,Direct / Organic,Unknown,38.43,76.85,76.85,NO_SITEWIDE_PCT_OFF | experiences_only,partner_reward|early_access|event_invite|merch_VIP
6327806263551,T1,D1,D1,759.45,3,1898.63,632.8766666666667,1,False,True,True,True,Subscription,Unknown,37.97,75.95,75.95,NO_SITEWIDE_PCT_OFF | experiences_only,partner_reward|early_access|event_invite|merch_VIP
7916487934207,T1,D1,D1,750.08,10,1045.9,104.59,2,True,True,True,True,Paid Social,Clear Protein,37.5,75.01,75.01,NO_SITEWIDE_PCT_OFF | experiences_only,partner_reward|early_access|event_invite|merch_VIP
6329711493375,T1,D1,D1,739.11,9,955.73,106.19222222222223,2,True,True,True,True,Subscription,Other,36.96,73.91,73.91,NO_SITEWIDE_PCT_OFF | experiences_only,partner_reward|early_access|event_invite|merch_VIP
7756006097151,T1,D1,D1,728.5,5,1501.0,300.2,2,False,True,True,True,Direct / Organic,Unknown,36.43,72.85,72.85,NO_SITEWIDE_PCT_OFF | experiences_only,partner_reward|early_access|event_invite|merch_VIP
7033655099647,T1,D1,D1,727.87,17,889.29,52.31117647058824,2,True,True,True,True,Subscription,Unknown,36.39,72.79,72.79,NO_SITEWIDE_PCT_OFF | experiences_only,partner_reward|early_access|event_invite|merch_VIP
6327607623935,T1,D1,D1,724.77,12,1102.89,91.90750000000001,3,True,True,True,True,Subscription,Collagen Glow,36.24,72.48,72.48,NO_SITEWIDE_PCT_OFF | experiences_only,partner_reward|early_access|event_invite|merch_VIP
6327387259135,T2,D1,D5,677.25,1,1693.12,1693.12,1,False,True,False,False,Subscription,Unknown,33.86,67.73,67.73,SUBSCRIBE_AND_SAVE | bundle_offers | no_blanket_10pct,subscribe_discount|bundle|category_sample
6327663034623,T2,D1,D5,662.36,1,1660.8,1660.8,1,False,True,False,False,Subscription,Unknown,33.12,66.24,66.24,SUBSCRIBE_AND_SAVE | bundle_offers | no_blanket_10pct,subscribe_discount|bundle|category_sample
6336754647295,T1,D1,D1,642.22,4,754.9,188.725,3,True,True,True,True,Subscription,Unknown,32.11,64.22,64.22,NO_SITEWIDE_PCT_OFF | experiences_only,partner_reward|early_access|event_invite|merch_VIP
6328270815487,T2,D1,D2,639.64,2,1599.1,799.55,1,False,True,False,False,Subscription,Unknown,31.98,63.96,63.96,SUBSCRIBE_AND_SAVE | bundle_offers | no_blanket_10pct,subscribe_discount|bundle|category_sample
6328289657087,T1,D1,D1,632.64,3,1382.72,460.9066666666667,1,False,True,True,True,Subscription,Unknown,31.63,63.26,63.26,NO_SITEWIDE_PCT_OFF | experiences_only,partner_reward|early_access|event_invite|merch_VIP
8403609026815,T1,D1,D1,611.2,3,870.41,290.13666666666666,5,False,True,True,True,Direct / Organic,Other,30.56,61.12,61.12,NO_SITEWIDE_PCT_OFF | experiences_only,partner_reward|early_access|event_invite|merch_VIP
7755915886847,T1,D1,D1,609.96,5,1527.63,305.526,1,False,True,True,True,Direct / Organic,Unknown,30.5,61.0,61.0,NO_SITEWIDE_PCT_OFF | experiences_only,partner_reward|early_access|event_invite|merch_VIP
7338895868159,T1,D1,D1,601.87,4,896.8,224.2,1,True,True,True,True,Subscription,Clear Protein,30.09,60.19,60.19,NO_SITEWIDE_PCT_OFF | experiences_only,partner_reward|early_access|event_invite|merch_VIP
7756011536639,T1,D1,D1,597.75,9,1303.28,144.80888888888887,2,False,True,True,True,Direct / Organic,Unknown,29.89,59.78,59.78,NO_SITEWIDE_PCT_OFF | experiences_only,partner_reward|early_access|event_invite|merch_VIP
6450369855743,T2,D1,D2,590.42,2,688.89,344.445,1,False,True,False,False,Subscription,Other,29.52,59.04,59.04,SUBSCRIBE_AND_SAVE | bundle_offers | no_blanket_10pct,subscribe_discount|bundle|category_sample
7756430016767,T1,D1,D1,580.55,5,797.92,159.584,1,True,True,True,True,Direct / Organic,Clear Protein,29.03,58.06,58.06,NO_SITEWIDE_PCT_OFF | experiences_only,partner_reward|early_access|event_invite|merch_VIP
6970579321087,T1,D1,D1,573.9,15,817.21,54.48066666666667,2,True,True,True,True,Subscription,Other,28.7,57.39,57.39,NO_SITEWIDE_PCT_OFF | experiences_only,partner_reward|early_access|event_invite|merch_VIP
7700304986367,T1,D1,D1,565.43,13,825.25,63.48076923076923,3,True,True,True,True,Subscription,Other,28.27,56.54,56.54,NO_SITEWIDE_PCT_OFF | experiences_only,partner_reward|early_access|event_invite|merch_VIP
7677544628479,T1,D1,D1,547.29,4,605.62,151.405,3,True,True,True,True,Subscription,Clear Protein,27.36,54.73,54.73,NO_SITEWIDE_PCT_OFF | experiences_only,partner_reward|early_access|event_invite|merch_VIP
7756011569407,T1,D1,D1,546.21,8,749.43,93.67875,2,True,True,True,True,Subscription,Soy Protein,27.31,54.62,54.62,NO_SITEWIDE_PCT_OFF | experiences_only,partner_reward|early_access|event_invite|merch_VIP
7756260311295,T1,D1,D1,537.06,13,1066.28,82.02153846153846,3,False,True,True,True,Direct / Organic,Unknown,26.85,53.71,53.71,NO_SITEWIDE_PCT_OFF | experiences_only,partner_reward|early_access|event_invite|merch_VIP
7999782879487,T1,D1,D1,528.1,11,748.0,68.0,1,True,True,True,True,Direct / Organic,Clear Protein,26.4,52.81,52.81,NO_SITEWIDE_PCT_OFF | experiences_only,partner_reward|early_access|event_invite|merch_VIP
7756034539775,T1,D1,D1,519.5,8,1102.08,137.76,2,True,True,True,True,Direct / Organic,Unknown,25.98,51.95,51.95,NO_SITEWIDE_PCT_OFF | experiences_only,partner_reward|early_access|event_invite|merch_VIP
8048350658815,T1,D1,D1,514.63,9,619.3,68.8111111111111,3,True,True,True,True,Subscription,Collagen Glow,25.73,51.46,51.46,NO_SITEWIDE_PCT_OFF | experiences_only,partner_reward|early_access|event_invite|merch_VIP
7756032934143,T2,D1,D4,511.56,1,1278.9,1278.9,1,False,True,False,False,Direct / Organic,Unknown,25.58,51.16,51.16,SUBSCRIBE_AND_SAVE | bundle_offers | no_blanket_10pct,subscribe_discount|bundle|category_sample
7756030181631,T1,D1,D1,509.86,6,1280.09,213.34833333333333,1,False,True,True,True,Direct / Organic,Unknown,25.49,50.99,50.99,NO_SITEWIDE_PCT_OFF | experiences_only,partner_reward|early_access|event_invite|merch_VIP
7475324551423,T1,D1,D1,505.22,9,680.14,75.57111111111111,3,True,True,True,True,Subscription,Lean Protein,25.26,50.52,50.52,NO_SITEWIDE_PCT_OFF | experiences_only,partner_reward|early_access|event_invite|merch_VIP
7756015698175,T2,D1,D2,494.84,2,1237.09,618.545,1,False,True,False,False,Direct / Organic,Unknown,24.74,49.48,49.48,SUBSCRIBE_AND_SAVE | bundle_offers | no_blanket_10pct,subscribe_discount|bundle|category_sample
7755978309887,T1,D1,D1,487.8,7,996.29,142.32714285714286,4,False,True,True,True,Direct / Organic,Unknown,24.39,48.78,48.78,NO_SITEWIDE_PCT_OFF | experiences_only,partner_reward|early_access|event_invite|merch_VIP
7756000854271,T1,D1,D1,483.97,6,675.75,112.625,4,True,True,True,True,Direct / Organic,Unknown,24.2,48.4,48.4,NO_SITEWIDE_PCT_OFF | experiences_only,partner_reward|early_access|event_invite|merch_VIP
7817754509567,T2,D1,D4,479.07,1,732.8,732.8,3,False,True,False,False,Direct / Organic,Clear Protein,23.95,47.91,47.91,SUBSCRIBE_AND_SAVE | bundle_offers | no_blanket_10pct,subscribe_discount|bundle|category_sample
7835384873215,T1,D1,D1,477.37,4,661.94,165.485,3,True,True,True,True,Direct / Organic,Lean Protein,23.87,47.74,47.74,NO_SITEWIDE_PCT_OFF | experiences_only,partner_reward|early_access|event_invite|merch_VIP
7142554403071,T1,D1,D1,471.74,8,542.94,67.8675,3,True,True,True,True,Subscription,Other,23.59,47.17,47.17,NO_SITEWIDE_PCT_OFF | experiences_only,partner_reward|early_access|event_invite|merch_VIP
7756396953855,T1,D1,D1,467.62,14,892.75,63.767857142857146,4,True,True,True,True,Subscription,Unknown,23.38,46.76,46.76,NO_SITEWIDE_PCT_OFF | experiences_only,partner_reward|early_access|event_invite|merch_VIP
7756468977919,T1,D1,D1,466.16,11,642.59,58.41727272727273,4,True,True,True,True,Direct / Organic,Clear Protein,23.31,46.62,46.62,NO_SITEWIDE_PCT_OFF | experiences_only,partner_reward|early_access|event_invite|merch_VIP
7521981661439,T1,D1,D1,465.53,13,709.64,54.58769230769231,2,True,True,True,True,Subscription,Lean Protein,23.28,46.55,46.55,NO_SITEWIDE_PCT_OFF | experiences_only,partner_reward|early_access|event_invite|merch_VIP
6368762626303,T2,D1,D2,452.09,2,566.4,283.2,1,False,True,False,False,Subscription,Other,22.6,45.21,45.21,SUBSCRIBE_AND_SAVE | bundle_offers | no_blanket_10pct,subscribe_discount|bundle|category_sample
6329696682239,T2,D1,D2,451.39,2,460.6,230.3,4,False,True,False,False,Subscription,Other,22.57,45.14,45.14,SUBSCRIBE_AND_SAVE | bundle_offers | no_blanket_10pct,subscribe_discount|bundle|category_sample
6329604407551,T1,D1,D1,446.03,9,664.01,73.77888888888889,2,True,True,True,True,Subscription,Clear Protein,22.3,44.6,44.6,NO_SITEWIDE_PCT_OFF | experiences_only,partner_reward|early_access|event_invite|merch_VIP
6329874153727,T1,D1,D1,443.87,7,799.78,114.25428571428571,3,True,True,True,True,Subscription,Unknown,22.19,44.39,44.39,NO_SITEWIDE_PCT_OFF | experiences_only,partner_reward|early_access|event_invite|merch_VIP
6329618301183,T2,D1,D2,443.15,2,1107.88,553.94,1,False,True,False,False,Subscription,Unknown,22.16,44.32,44.32,SUBSCRIBE_AND_SAVE | bundle_offers | no_blanket_10pct,subscribe_discount|bundle|category_sample
6336693305599,T1,D1,D1,443.0,7,664.11,94.87285714285714,4,True,True,True,True,Subscription,Collagen Glow,22.15,44.3,44.3,NO_SITEWIDE_PCT_OFF | experiences_only,partner_reward|early_access|event_invite|merch_VIP
7755925979391,T1,D1,D1,442.9,7,1078.24,154.03428571428572,1,False,True,True,True,Direct / Organic,Unknown,22.14,44.29,44.29,NO_SITEWIDE_PCT_OFF | experiences_only,partner_reward|early_access|event_invite|merch_VIP
6423603740927,T2,D1,D5,439.96,1,1099.9,1099.9,1,False,True,False,False,Subscription,Unknown,22.0,44.0,44.0,SUBSCRIBE_AND_SAVE | bundle_offers | no_blanket_10pct,subscribe_discount|bundle|category_sample
8264846573823,T1,D1,D1,432.07,5,618.6,123.72,4,True,True,True,True,Subscription,Clear Protein,21.6,43.21,43.21,NO_SITEWIDE_PCT_OFF | experiences_only,partner_reward|early_access|event_invite|merch_VIP
7756437455103,T1,D1,D1,426.38,4,593.09,148.2725,1,False,True,True,True,Direct / Organic,Clear Protein,21.32,42.64,42.64,NO_SITEWIDE_PCT_OFF | experiences_only,partner_reward|early_access|event_invite|merch_VIP
8134241386751,T1,D1,D1,425.82,5,623.75,124.75,2,True,True,True,True,Subscription,Other,21.29,42.58,42.58,NO_SITEWIDE_PCT_OFF | experiences_only,partner_reward|early_access|event_invite|merch_VIP
7497109635327,T1,D1,D1,421.67,5,603.1,120.62,4,True,True,True,True,Subscription,Other,21.08,42.17,42.17,NO_SITEWIDE_PCT_OFF | experiences_only,partner_reward|early_access|event_invite|merch_VIP
7756005474559,T1,D1,D1,408.36,8,823.69,102.96125,2,False,True,True,True,Direct / Organic,Unknown,20.42,40.84,40.84,NO_SITEWIDE_PCT_OFF | experiences_only,partner_reward|early_access|event_invite|merch_VIP
7755988041983,T1,D1,D1,407.79,6,877.82,146.30333333333334,2,False,True,True,True,Direct / Organic,Unknown,20.39,40.78,40.78,NO_SITEWIDE_PCT_OFF | experiences_only,partner_reward|early_access|event_invite|merch_VIP
6328258035967,T1,D1,D1,405.51,6,592.93,98.82166666666666,2,False,True,True,True,Subscription,Unknown,20.28,40.55,40.55,NO_SITEWIDE_PCT_OFF | experiences_only,partner_reward|early_access|event_invite|merch_VIP
8098552250623,T1,D1,D1,404.1,4,475.34,118.835,5,False,True,True,True,Direct / Organic,Collagen Glow,20.21,40.41,40.41,NO_SITEWIDE_PCT_OFF | experiences_only,partner_reward|early_access|event_invite|merch_VIP
7124600881407,T1,D1,D1,403.18,5,585.83,117.16600000000001,4,True,True,True,True,Subscription,Other,20.16,40.32,40.32,NO_SITEWIDE_PCT_OFF | experiences_only,partner_reward|early_access|event_invite|merch_VIP
6327682236671,T1,D1,D1,402.55,7,905.92,129.41714285714286,2,False,True,True,True,Subscription,Unknown,20.13,40.26,40.26,NO_SITEWIDE_PCT_OFF | experiences_only,partner_reward|early_access|event_invite|merch_VIP
7971386065151,T1,D1,D1,402.48,8,582.05,72.75625,4,True,True,True,True,Direct / Organic,Unknown,20.12,40.25,40.25,NO_SITEWIDE_PCT_OFF | experiences_only,partner_reward|early_access|event_invite|merch_VIP
7475231457535,T1,D1,D1,398.62,4,468.8,117.2,3,False,True,True,True,Subscription,Lean Protein,19.93,39.86,39.86,NO_SITEWIDE_PCT_OFF | experiences_only,partner_reward|early_access|event_invite|merch_VIP
7756421300479,T1,D1,D1,392.21,13,632.86,48.681538461538466,2,True,True,True,True,Subscription,Clear Protein,19.61,39.22,39.22,NO_SITEWIDE_PCT_OFF | experiences_only,partner_reward|early_access|event_invite|merch_VIP
7522571616511,T1,D1,D1,392.15,5,534.27,106.854,3,True,True,True,True,Subscription,Lean Protein,19.61,39.22,39.22,NO_SITEWIDE_PCT_OFF | experiences_only,partner_reward|early_access|event_invite|merch_VIP
8706965569791,T1,D1,D1,391.18,2,514.1,257.05,3,True,True,True,True,Subscription,Accessories,19.56,39.12,39.12,NO_SITEWIDE_PCT_OFF | experiences_only,partner_reward|early_access|event_invite|merch_VIP
7922399772927,T1,D1,D1,389.43,10,593.12,59.312,1,True,True,True,True,Direct / Organic,Lean Protein,19.47,38.94,38.94,NO_SITEWIDE_PCT_OFF | experiences_only,partner_reward|early_access|event_invite|merch_VIP
6327390765311,T2,D1,D5,389.08,1,972.7,972.7,1,False,True,False,False,Subscription,Unknown,19.45,38.91,38.91,SUBSCRIBE_AND_SAVE | bundle_offers | no_blanket_10pct,subscribe_discount|bundle|category_sample
6327607918847,T1,D1,D1,388.56,3,740.0,246.66666666666666,2,False,True,True,True,Subscription,Unknown,19.43,38.86,38.86,NO_SITEWIDE_PCT_OFF | experiences_only,partner_reward|early_access|event_invite|merch_VIP
8332113117439,T1,D1,D1,387.16,2,480.19,240.095,5,False,True,True,True,Paid Social,Other,19.36,38.72,38.72,NO_SITEWIDE_PCT_OFF | experiences_only,partner_reward|early_access|event_invite|merch_VIP
7566592344319,T2,D1,D2,384.44,2,473.7,236.85,2,False,True,False,False,Subscription,Lean Protein,19.22,38.44,38.44,SUBSCRIBE_AND_SAVE | bundle_offers | no_blanket_10pct,subscribe_discount|bundle|category_sample
6327522230527,T2,D1,D5,383.96,1,959.9,959.9,1,False,True,False,False,Subscription,Unknown,19.2,38.4,38.4,SUBSCRIBE_AND_SAVE | bundle_offers | no_blanket_10pct,subscribe_discount|bundle|category_sample
6423225073919,T2,D1,D5,383.96,1,959.9,959.9,1,False,True,False,False,Subscription,Unknown,19.2,38.4,38.4,SUBSCRIBE_AND_SAVE | bundle_offers | no_blanket_10pct,subscribe_discount|bundle|category_sample
6420678377727,T1,D1,D1,381.56,3,687.93,229.30999999999997,1,False,True,True,True,Subscription,Unknown,19.08,38.16,38.16,NO_SITEWIDE_PCT_OFF | experiences_only,partner_reward|early_access|event_invite|merch_VIP
8438298673407,T1,D1,D1,381.43,4,542.12,135.53,6,True,True,True,True,Direct / Organic,Accessories,19.07,38.14,38.14,NO_SITEWIDE_PCT_OFF | experiences_only,partner_reward|early_access|event_invite|merch_VIP
7756359336191,T1,D1,D1,381.17,11,777.35,70.66818181818182,1,True,True,True,True,Subscription,Other,19.06,38.12,38.12,NO_SITEWIDE_PCT_OFF | experiences_only,partner_reward|early_access|event_invite|merch_VIP
7756033753343,T1,D1,D1,380.39,2,831.87,415.935,2,False,True,True,True,Direct / Organic,Unknown,19.02,38.04,38.04,NO_SITEWIDE_PCT_OFF | experiences_only,partner_reward|early_access|event_invite|merch_VIP
7737236259071,T2,D1,D5,379.02,1,594.92,594.92,1,False,True,False,False,Subscription,Other,18.95,37.9,37.9,SUBSCRIBE_AND_SAVE | bundle_offers | no_blanket_10pct,subscribe_discount|bundle|category_sample
7756261130495,T1,D1,D1,378.46,2,549.01,274.505,3,False,True,True,True,Direct / Organic,Collagen Glow,18.92,37.85,37.85,NO_SITEWIDE_PCT_OFF | experiences_only,partner_reward|early_access|event_invite|merch_VIP
8337105322239,T1,D1,D1,372.52,3,408.0,136.0,4,False,True,True,True,Direct / Organic,Accessories,18.63,37.25,37.25,NO_SITEWIDE_PCT_OFF | experiences_only,partner_reward|early_access|event_invite|merch_VIP
6327697834239,T1,D1,D1,371.17,10,674.14,67.414,5,True,True,True,True,Direct / Organic,Unknown,18.56,37.12,37.12,NO_SITEWIDE_PCT_OFF | experiences_only,partner_reward|early_access|event_invite|merch_VIP
7756002328831,T1,D1,D1,368.31,4,487.51,121.8775,2,False,True,True,True,Direct / Organic,Unknown,18.42,36.83,36.83,NO_SITEWIDE_PCT_OFF | experiences_only,partner_reward|early_access|event_invite|merch_VIP
7971501867263,T1,D1,D1,367.38,5,518.05,103.60999999999999,3,False,True,True,True,Direct / Organic,Lean Protein,18.37,36.74,36.74,NO_SITEWIDE_PCT_OFF | experiences_only,partner_reward|early_access|event_invite|merch_VIP
6327780704511,T2,D1,D2,363.94,2,914.75,457.375,1,False,True,False,False,Subscription,Unknown,18.2,36.39,36.39,SUBSCRIBE_AND_SAVE | bundle_offers | no_blanket_10pct,subscribe_discount|bundle|category_sample
6327531176191,T1,D1,D1,362.26,5,549.32,109.864,2,True,True,True,True,Subscription,Clear Protein,18.11,36.23,36.23,NO_SITEWIDE_PCT_OFF | experiences_only,partner_reward|early_access|event_invite|merch_VIP
6327522361599,T1,D1,D1,358.14,8,599.82,74.9775,4,True,True,True,True,Subscription,Unknown,17.91,35.81,35.81,NO_SITEWIDE_PCT_OFF | experiences_only,partner_reward|early_access|event_invite|merch_VIP
7968977092863,T1,D1,D1,356.94,5,539.82,107.96400000000001,4,True,True,True,True,Subscription,Clear Protein,17.85,35.69,35.69,NO_SITEWIDE_PCT_OFF | experiences_only,partner_reward|early_access|event_invite|merch_VIP
6765611876607,T1,D1,D1,356.1,10,679.2,67.92,1,True,True,True,True,Subscription,Other,17.81,35.61,35.61,NO_SITEWIDE_PCT_OFF | experiences_only,partner_reward|early_access|event_invite|merch_VIP
7756404064511,T1,D1,D1,355.56,5,441.81,88.362,5,False,True,True,True,Direct / Organic,Other,17.78,35.56,35.56,NO_SITEWIDE_PCT_OFF | experiences_only,partner_reward|early_access|event_invite|merch_VIP
7756473499903,T1,D1,D1,353.56,9,521.67,57.96333333333333,4,True,True,True,True,Subscription,Other,17.68,35.36,35.36,NO_SITEWIDE_PCT_OFF | experiences_only,partner_reward|early_access|event_invite|merch_VIP
7988268073215,T1,D1,D1,351.42,4,549.82,137.455,4,True,True,True,True,Paid Social,Unknown,17.57,35.14,35.14,NO_SITEWIDE_PCT_OFF | experiences_only,partner_reward|early_access|event_invite|merch_VIP
7756048630015,T1,D1,D1,350.25,2,881.7,440.85,1,False,True,True,True,Direct / Organic,Unknown,17.51,35.02,35.02,NO_SITEWIDE_PCT_OFF | experiences_only,partner_reward|early_access|event_invite|merch_VIP
7755920408831,T2,D1,D5,350.02,1,875.05,875.05,1,False,True,False,False,Direct / Organic,Unknown,17.5,35.0,35.0,SUBSCRIBE_AND_SAVE | bundle_offers | no_blanket_10pct,subscribe_discount|bundle|category_sample
7136686768383,T1,D1,D1,347.32,4,456.12,114.03,4,False,True,True,True,Subscription,Other,17.37,34.73,34.73,NO_SITEWIDE_PCT_OFF | experiences_only,partner_reward|early_access|event_invite|merch_VIP
7755942527231,T1,D1,D1,344.61,4,845.28,211.32,2,False,True,True,True,Direct / Organic,Unknown,17.23,34.46,34.46,NO_SITEWIDE_PCT_OFF | experiences_only,partner_reward|early_access|event_invite|merch_VIP
7755983421695,T2,D1,D2,344.0,2,872.12,436.06,1,False,True,False,False,Direct / Organic,Unknown,17.2,34.4,34.4,SUBSCRIBE_AND_SAVE | bundle_offers | no_blanket_10pct,subscribe_discount|bundle|category_sample
6423228776703,T1,D1,D1,343.8,3,859.5,286.5,1,False,True,True,True,Subscription,Unknown,17.19,34.38,34.38,NO_SITEWIDE_PCT_OFF | experiences_only,partner_reward|early_access|event_invite|merch_VIP
8305913921791,T1,D1,D1,338.28,2,397.0,198.5,4,False,True,True,True,Direct / Organic,Other,16.91,33.83,33.83,NO_SITEWIDE_PCT_OFF | experiences_only,partner_reward|early_access|event_invite|merch_VIP
8463938388223,T1,D1,D1,337.35,3,438.5,146.16666666666666,3,False,True,True,True,Direct / Organic,Unknown,16.87,33.74,33.74,NO_SITEWIDE_PCT_OFF | experiences_only,partner_reward|early_access|event_invite|merch_VIP
7122726191359,T1,D1,D1,336.77,5,487.2,97.44,5,True,True,True,True,Subscription,Clear Protein,16.84,33.68,33.68,NO_SITEWIDE_PCT_OFF | experiences_only,partner_reward|early_access|event_invite|merch_VIP
7756462293247,T1,D1,D1,336.06,3,409.85,136.61666666666667,2,False,True,True,True,Direct / Organic,Accessories,16.8,33.61,33.61,NO_SITEWIDE_PCT_OFF | experiences_only,partner_reward|early_access|event_invite|merch_VIP
7756430639359,T1,D1,D1,335.31,4,451.26,112.815,5,True,True,True,True,Subscription,Clear Protein,16.77,33.53,33.53,NO_SITEWIDE_PCT_OFF | experiences_only,partner_reward|early_access|event_invite|merch_VIP
6329849118975,T2,D1,D2,334.69,2,309.2,154.6,2,False,True,False,False,Subscription,Unknown,16.73,33.47,33.47,SUBSCRIBE_AND_SAVE | bundle_offers | no_blanket_10pct,subscribe_discount|bundle|category_sample
7756431556863,T1,D1,D1,333.07,6,472.66,78.77666666666667,2,False,True,True,True,Direct / Organic,Collagen Glow,16.65,33.31,33.31,NO_SITEWIDE_PCT_OFF | experiences_only,partner_reward|early_access|event_invite|merch_VIP
7756038406399,T1,D1,D1,332.8,2,832.0,416.0,1,False,True,True,True,Direct / Organic,Unknown,16.64,33.28,33.28,NO_SITEWIDE_PCT_OFF | experiences_only,partner_reward|early_access|event_invite|merch_VIP
8345035243775,T1,D1,D1,331.62,3,387.0,129.0,2,False,True,True,True,Direct / Organic,Accessories,16.58,33.16,33.16,NO_SITEWIDE_PCT_OFF | experiences_only,partner_reward|early_access|event_invite|merch_VIP
6850481160447,T1,D1,D1,330.91,9,602.23,66.91444444444444,2,True,True,True,True,Subscription,Unknown,16.55,33.09,33.09,NO_SITEWIDE_PCT_OFF | experiences_only,partner_reward|early_access|event_invite|merch_VIP
6336658145535,T2,D1,D2,329.82,2,810.06,405.03,1,False,True,False,False,Subscription,Unknown,16.49,32.98,32.98,SUBSCRIBE_AND_SAVE | bundle_offers | no_blanket_10pct,subscribe_discount|bundle|category_sample
7476798292223,T1,D1,D1,329.57,3,357.65,119.21666666666665,5,False,True,True,True,Subscription,Clear Protein,16.48,32.96,32.96,NO_SITEWIDE_PCT_OFF | experiences_only,partner_reward|early_access|event_invite|merch_VIP
7756349112575,T1,D1,D1,327.51,9,574.15,63.794444444444444,3,True,True,True,True,Direct / Organic,Collagen Glow,16.38,32.75,32.75,NO_SITEWIDE_PCT_OFF | experiences_only,partner_reward|early_access|event_invite|merch_VIP
7756023529727,T1,D1,D1,327.26,3,818.16,272.71999999999997,1,False,True,True,True,Direct / Organic,Unknown,16.36,32.73,32.73,NO_SITEWIDE_PCT_OFF | experiences_only,partner_reward|early_access|event_invite|merch_VIP
6327709139199,T2,D1,D5,326.36,1,815.91,815.91,1,False,True,False,False,Subscription,Unknown,16.32,32.64,32.64,SUBSCRIBE_AND_SAVE | bundle_offers | no_blanket_10pct,subscribe_discount|bundle|category_sample
7959445766399,T1,D1,D3,325.35,1,462.45,462.45,2,True,True,False,False,Subscription,Other,16.27,32.54,32.54,NO_SITEWIDE_PCT_OFF | experiences_only,partner_reward|early_access|event_invite|merch_VIP
6327639572735,T1,D1,D1,324.88,6,523.45,87.24166666666667,3,True,True,True,True,Subscription,Other,16.24,32.49,32.49,NO_SITEWIDE_PCT_OFF | experiences_only,partner_reward|early_access|event_invite|merch_VIP
7143014727935,T1,D1,D1,324.6,4,453.92,113.48,2,False,True,True,True,Subscription,Clear Protein,16.23,32.46,32.46,NO_SITEWIDE_PCT_OFF | experiences_only,partner_reward|early_access|event_invite|merch_VIP
7756016484607,T1,D1,D1,324.4,4,736.98,184.245,2,True,True,True,True,Direct / Organic,Unknown,16.22,32.44,32.44,NO_SITEWIDE_PCT_OFF | experiences_only,partner_reward|early_access|event_invite|merch_VIP
7824197943551,T2,D1,D4,323.87,1,493.2,493.2,3,False,True,False,False,Direct / Organic,Other,16.19,32.39,32.39,SUBSCRIBE_AND_SAVE | bundle_offers | no_blanket_10pct,subscribe_discount|bundle|category_sample
6327720083711,T2,D1,D5,320.36,1,800.9,800.9,1,False,True,False,False,Subscription,Unknown,16.02,32.04,32.04,SUBSCRIBE_AND_SAVE | bundle_offers | no_blanket_10pct,subscribe_discount|bundle|category_sample
6423240638719,T2,D1,D5,320.36,1,800.9,800.9,1,False,True,False,False,Subscription,Unknown,16.02,32.04,32.04,SUBSCRIBE_AND_SAVE | bundle_offers | no_blanket_10pct,subscribe_discount|bundle|category_sample
7755980079359,T1,D1,D1,320.19,21,593.81,28.276666666666664,5,True,True,True,True,Direct / Organic,Unknown,16.01,32.02,32.02,NO_SITEWIDE_PCT_OFF | experiences_only,partner_reward|early_access|event_invite|merch_VIP
7991231217919,T1,D1,D1,317.82,4,426.4,106.6,3,True,True,True,True,Direct / Organic,Clear Protein,15.89,31.78,31.78,NO_SITEWIDE_PCT_OFF | experiences_only,partner_reward|early_access|event_invite|merch_VIP
8335039529215,T1,D1,D1,317.63,2,430.0,215.0,3,False,True,True,True,Direct / Organic,Lean Protein,15.88,31.76,31.76,NO_SITEWIDE_PCT_OFF | experiences_only,partner_reward|early_access|event_invite|merch_VIP
6329863766271,T2,D1,D2,313.04,2,391.45,195.725,3,False,True,False,False,Subscription,Unknown,15.65,31.3,31.3,SUBSCRIBE_AND_SAVE | bundle_offers | no_blanket_10pct,subscribe_discount|bundle|category_sample
6327698981119,T2,D1,D2,313.02,2,283.46,141.73,2,False,True,False,False,Subscription,Unknown,15.65,31.3,31.3,SUBSCRIBE_AND_SAVE | bundle_offers | no_blanket_10pct,subscribe_discount|bundle|category_sample
7756374442239,T1,D1,D1,312.03,4,479.36,119.84,5,False,True,True,True,Direct / Organic,Unknown,15.6,31.2,31.2,NO_SITEWIDE_PCT_OFF | experiences_only,partner_reward|early_access|event_invite|merch_VIP
7236677632255,T1,D1,D1,310.67,8,477.6,59.7,3,True,True,True,True,Subscription,Clear Protein,15.53,31.07,31.07,NO_SITEWIDE_PCT_OFF | experiences_only,partner_reward|early_access|event_invite|merch_VIP
7145852895487,T1,D1,D1,310.62,5,476.68,95.336,2,True,True,True,True,Subscription,Collagen Glow,15.53,31.06,31.06,NO_SITEWIDE_PCT_OFF | experiences_only,partner_reward|early_access|event_invite|merch_VIP
7819297620223,T2,D1,D4,310.4,1,484.1,484.1,1,False,True,False,False,Direct / Organic,Other,15.52,31.04,31.04,SUBSCRIBE_AND_SAVE | bundle_offers | no_blanket_10pct,subscribe_discount|bundle|category_sample
7756015337727,T1,D1,D1,310.05,5,786.05,157.20999999999998,1,False,True,True,True,Direct / Organic,Unknown,15.5,31.01,31.01,NO_SITEWIDE_PCT_OFF | experiences_only,partner_reward|early_access|event_invite|merch_VIP
8404134985983,T1,D1,D1,308.98,2,382.56,191.28,3,False,True,True,True,Direct / Organic,Clear Protein,15.45,30.9,30.9,NO_SITEWIDE_PCT_OFF | experiences_only,partner_reward|early_access|event_invite|merch_VIP
8308809007359,T1,D1,D1,306.91,2,378.0,189.0,3,False,True,True,True,Direct / Organic,Other,15.35,30.69,30.69,NO_SITEWIDE_PCT_OFF | experiences_only,partner_reward|early_access|event_invite|merch_VIP
6510694334719,T2,D1,D2,301.6,2,384.97,192.485,1,False,True,False,False,Subscription,Other,15.08,30.16,30.16,SUBSCRIBE_AND_SAVE | bundle_offers | no_blanket_10pct,subscribe_discount|bundle|category_sample
8002930802943,T1,D1,D1,300.32,4,435.1,108.775,2,True,True,True,True,Paid Social,Lean Protein,15.02,30.03,30.03,NO_SITEWIDE_PCT_OFF | experiences_only,partner_reward|early_access|event_invite|merch_VIP
6327689576703,T1,D1,D1,299.97,5,716.9,143.38,2,False,True,True,True,Subscription,Unknown,15.0,30.0,30.0,NO_SITEWIDE_PCT_OFF | experiences_only,partner_reward|early_access|event_invite|merch_VIP
8339756974335,T1,D1,D1,299.92,4,412.4,103.1,4,False,True,True,True,Paid Social,Accessories,15.0,29.99,29.99,NO_SITEWIDE_PCT_OFF | experiences_only,partner_reward|early_access|event_invite|merch_VIP
6423463854335,T2,D1,D5,297.5,1,743.75,743.75,1,False,True,False,False,Subscription,Unknown,14.88,29.75,29.75,SUBSCRIBE_AND_SAVE | bundle_offers | no_blanket_10pct,subscribe_discount|bundle|category_sample
7756386042111,T1,D1,D1,296.13,8,482.23,60.27875,4,True,True,True,True,Subscription,Other,14.81,29.61,29.61,NO_SITEWIDE_PCT_OFF | experiences_only,partner_reward|early_access|event_invite|merch_VIP
7883697324287,T1,D1,D1,293.51,2,404.9,202.45,2,False,True,True,True,Direct / Organic,Clear Protein,14.68,29.35,29.35,NO_SITEWIDE_PCT_OFF | experiences_only,partner_reward|early_access|event_invite|merch_VIP
7467076026623,T1,D1,D1,293.37,7,462.7,66.1,2,False,True,True,True,Subscription,Lean Protein,14.67,29.34,29.34,NO_SITEWIDE_PCT_OFF | experiences_only,partner_reward|early_access|event_invite|merch_VIP
6329600803071,T1,D1,D1,293.36,5,473.99,94.798,2,False,True,True,True,Subscription,Unknown,14.67,29.34,29.34,NO_SITEWIDE_PCT_OFF | experiences_only,partner_reward|early_access|event_invite|merch_VIP
6336712999167,T2,D1,D2,291.82,2,739.36,369.68,1,False,True,False,False,Subscription,Unknown,14.59,29.18,29.18,SUBSCRIBE_AND_SAVE | bundle_offers | no_blanket_10pct,subscribe_discount|bundle|category_sample
6453495759103,T1,D1,D1,291.4,4,425.23,106.3075,2,False,True,True,True,Subscription,Other,14.57,29.14,29.14,NO_SITEWIDE_PCT_OFF | experiences_only,partner_reward|early_access|event_invite|merch_VIP
8339720569087,T1,D1,D1,290.93,6,387.95,64.65833333333333,2,True,True,True,True,Direct / Organic,Accessories,14.55,29.09,29.09,NO_SITEWIDE_PCT_OFF | experiences_only,partner_reward|early_access|event_invite|merch_VIP
7756003279103,T1,D1,D1,290.74,8,530.68,66.335,4,False,True,True,True,Direct / Organic,Unknown,14.54,29.07,29.07,NO_SITEWIDE_PCT_OFF | experiences_only,partner_reward|early_access|event_invite|merch_VIP
7756484346111,T1,D1,D1,289.36,7,418.09,59.72714285714285,1,True,True,True,True,Subscription,Clear Protein,14.47,28.94,28.94,NO_SITEWIDE_PCT_OFF | experiences_only,partner_reward|early_access|event_invite|merch_VIP
6336651559167,T2,D1,D2,289.15,2,470.69,235.345,2,False,True,False,False,Subscription,Unknown,14.46,28.92,28.92,SUBSCRIBE_AND_SAVE | bundle_offers | no_blanket_10pct,subscribe_discount|bundle|category_sample
7756044239103,T2,D1,D4,288.65,1,727.7,727.7,1,False,True,False,False,Direct / Organic,Unknown,14.43,28.86,28.86,SUBSCRIBE_AND_SAVE | bundle_offers | no_blanket_10pct,subscribe_discount|bundle|category_sample
7940749426943,T1,D1,D1,288.61,2,373.77,186.885,5,False,True,True,True,Direct / Organic,Accessories,14.43,28.86,28.86,NO_SITEWIDE_PCT_OFF | experiences_only,partner_reward|early_access|event_invite|merch_VIP
6328247255295,T1,D1,D1,288.56,3,559.52,186.50666666666666,2,False,True,True,True,Subscription,Unknown,14.43,28.86,28.86,NO_SITEWIDE_PCT_OFF | experiences_only,partner_reward|early_access|event_invite|merch_VIP
7756263522559,T1,D1,D1,286.65,7,513.87,73.41,3,True,True,True,True,Direct / Organic,Other,14.33,28.66,28.66,NO_SITEWIDE_PCT_OFF | experiences_only,partner_reward|early_access|event_invite|merch_VIP
6329708708095,T2,D1,D2,286.08,2,560.02,280.01,2,False,True,False,False,Subscription,Unknown,14.3,28.61,28.61,SUBSCRIBE_AND_SAVE | bundle_offers | no_blanket_10pct,subscribe_discount|bundle|category_sample
7341135954175,T2,D1,D2,286.03,2,360.4,180.2,4,False,True,False,False,Subscription,Clear Protein,14.3,28.6,28.6,SUBSCRIBE_AND_SAVE | bundle_offers | no_blanket_10pct,subscribe_discount|bundle|category_sample
7167085084927,T1,D1,D1,284.27,4,334.3,83.575,1,False,True,True,True,Subscription,Clear Protein,14.21,28.43,28.43,NO_SITEWIDE_PCT_OFF | experiences_only,partner_reward|early_access|event_invite|merch_VIP
7486364188927,T1,D1,D1,282.49,4,398.91,99.7275,4,False,True,True,True,Subscription,Clear Protein,14.12,28.25,28.25,NO_SITEWIDE_PCT_OFF | experiences_only,partner_reward|early_access|event_invite|merch_VIP
7962798620927,T1,D1,D1,280.88,9,451.07,50.11888888888889,2,True,True,True,True,Paid Social,Lean Protein,14.04,28.09,28.09,NO_SITEWIDE_PCT_OFF | experiences_only,partner_reward|early_access|event_invite|merch_VIP
7144399864063,T1,D1,D1,280.54,3,334.1,111.36666666666667,5,True,True,True,True,Subscription,Clear Protein,14.03,28.05,28.05,NO_SITEWIDE_PCT_OFF | experiences_only,partner_reward|early_access|event_invite|merch_VIP
8234418274559,T1,D1,D1,277.83,2,433.9,216.95,3,False,True,True,True,Direct / Organic,Collagen Glow,13.89,27.78,27.78,NO_SITEWIDE_PCT_OFF | experiences_only,partner_reward|early_access|event_invite|merch_VIP
6327752720639,T1,D1,D1,276.04,4,649.48,162.37,2,True,True,True,True,Subscription,Unknown,13.8,27.6,27.6,NO_SITEWIDE_PCT_OFF | experiences_only,partner_reward|early_access|event_invite|merch_VIP
6328228872447,T1,D1,D1,275.19,3,697.78,232.59333333333333,1,False,True,True,True,Subscription,Unknown,13.76,27.52,27.52,NO_SITEWIDE_PCT_OFF | experiences_only,partner_reward|early_access|event_invite|merch_VIP
8273287708927,T1,D1,D1,272.83,2,347.9,173.95,3,False,True,True,True,Direct / Organic,Lean Protein,13.64,27.28,27.28,NO_SITEWIDE_PCT_OFF | experiences_only,partner_reward|early_access|event_invite|merch_VIP
8341243035903,T1,D1,D1,271.02,3,320.8,106.93333333333334,4,False,True,True,True,Direct / Organic,Other,13.55,27.1,27.1,NO_SITEWIDE_PCT_OFF | experiences_only,partner_reward|early_access|event_invite|merch_VIP
6601910747391,T1,D1,D1,271.0,4,342.45,85.6125,4,False,True,True,True,Subscription,Other,13.55,27.1,27.1,NO_SITEWIDE_PCT_OFF | experiences_only,partner_reward|early_access|event_invite|merch_VIP
7756414583039,T1,D1,D1,269.33,3,481.35,160.45000000000002,1,False,True,True,True,Direct / Organic,Collagen Glow,13.47,26.93,26.93,NO_SITEWIDE_PCT_OFF | experiences_only,partner_reward|early_access|event_invite|merch_VIP
7182675083519,T1,D1,D1,266.87,3,375.61,125.20333333333333,3,False,True,True,True,Subscription,Clear Protein,13.34,26.69,26.69,NO_SITEWIDE_PCT_OFF | experiences_only,partner_reward|early_access|event_invite|merch_VIP
7956357021951,T1,D1,D1,265.69,8,428.18,53.5225,3,True,True,True,True,Paid Social,Lean Protein,13.28,26.57,26.57,NO_SITEWIDE_PCT_OFF | experiences_only,partner_reward|early_access|event_invite|merch_VIP
6424544575743,T1,D1,D1,262.29,3,342.81,114.27,2,False,True,True,True,Subscription,Clear Protein,13.11,26.23,26.23,NO_SITEWIDE_PCT_OFF | experiences_only,partner_reward|early_access|event_invite|merch_VIP
7756485361919,T1,D1,D1,262.14,6,365.0,60.833333333333336,2,True,True,True,True,Direct / Organic,Accessories,13.11,26.21,26.21,NO_SITEWIDE_PCT_OFF | experiences_only,partner_reward|early_access|event_invite|merch_VIP
7756348162303,T1,D1,D1,262.0,7,477.53,68.21857142857142,4,True,True,True,True,Direct / Organic,Other,13.1,26.2,26.2,NO_SITEWIDE_PCT_OFF | experiences_only,partner_reward|early_access|event_invite|merch_VIP
7756316672255,T1,D1,D1,261.94,14,463.64,33.11714285714286,4,True,True,True,True,Subscription,Collagen Glow,13.1,26.19,26.19,NO_SITEWIDE_PCT_OFF | experiences_only,partner_reward|early_access|event_invite|merch_VIP
7756486934783,T1,D1,D1,261.51,3,371.56,123.85333333333334,4,True,True,True,True,Direct / Organic,Clear Protein,13.08,26.15,26.15,NO_SITEWIDE_PCT_OFF | experiences_only,partner_reward|early_access|event_invite|merch_VIP
6365653270783,T2,D1,D5,261.37,1,229.79,229.79,2,False,True,False,False,Subscription,Unknown,13.07,26.14,26.14,SUBSCRIBE_AND_SAVE | bundle_offers | no_blanket_10pct,subscribe_discount|bundle|category_sample
8244807008511,T1,D1,D1,260.9,3,373.61,124.53666666666668,2,True,True,True,True,Direct / Organic,Other,13.04,26.09,26.09,NO_SITEWIDE_PCT_OFF | experiences_only,partner_reward|early_access|event_invite|merch_VIP
6423240835327,T1,D1,D1,260.76,5,446.35,89.27000000000001,3,True,True,True,True,Subscription,Unknown,13.04,26.08,26.08,NO_SITEWIDE_PCT_OFF | experiences_only,partner_reward|early_access|event_invite|merch_VIP
7168635830527,T1,D1,D1,260.28,5,283.81,56.762,2,True,True,True,True,Subscription,Other,13.01,26.03,26.03,NO_SITEWIDE_PCT_OFF | experiences_only,partner_reward|early_access|event_invite|merch_VIP
6336660734207,T1,D1,D2,259.84,2,562.7,281.35,3,True,True,False,False,Subscription,Unknown,12.99,25.98,25.98,NO_SITEWIDE_PCT_OFF | experiences_only,partner_reward|early_access|event_invite|merch_VIP
6327399940351,T2,D1,D5,259.56,1,648.91,648.91,1,False,True,False,False,Subscription,Unknown,12.98,25.96,25.96,SUBSCRIBE_AND_SAVE | bundle_offers | no_blanket_10pct,subscribe_discount|bundle|category_sample
7755941183743,T2,D1,D2,259.2,2,650.73,325.365,1,False,True,False,False,Direct / Organic,Unknown,12.96,25.92,25.92,SUBSCRIBE_AND_SAVE | bundle_offers | no_blanket_10pct,subscribe_discount|bundle|category_sample
7756045648127,T1,D1,D1,257.04,2,635.02,317.51,2,True,True,True,True,Direct / Organic,Unknown,12.85,25.7,25.7,NO_SITEWIDE_PCT_OFF | experiences_only,partner_reward|early_access|event_invite|merch_VIP
6336747471103,T2,D1,D5,255.96,1,639.9,639.9,1,False,True,False,False,Subscription,Unknown,12.8,25.6,25.6,SUBSCRIBE_AND_SAVE | bundle_offers | no_blanket_10pct,subscribe_discount|bundle|category_sample
7755945574655,T1,D1,D1,255.88,4,500.03,125.0075,4,True,True,True,True,Direct / Organic,Unknown,12.79,25.59,25.59,NO_SITEWIDE_PCT_OFF | experiences_only,partner_reward|early_access|event_invite|merch_VIP
6423604723967,T1,D1,D1,254.95,3,403.72,134.57333333333335,2,False,True,True,True,Subscription,Unknown,12.75,25.5,25.5,NO_SITEWIDE_PCT_OFF | experiences_only,partner_reward|early_access|event_invite|merch_VIP
6329831588095,T1,D1,D1,254.93,7,391.2,55.885714285714286,4,False,True,True,True,Subscription,Other,12.75,25.49,25.49,NO_SITEWIDE_PCT_OFF | experiences_only,partner_reward|early_access|event_invite|merch_VIP
8054880207103,T1,D1,D1,254.38,3,339.6,113.2,3,False,True,True,True,Direct / Organic,Lean Protein,12.72,25.44,25.44,NO_SITEWIDE_PCT_OFF | experiences_only,partner_reward|early_access|event_invite|merch_VIP
6329602670847,T1,D1,D1,254.08,4,401.2,100.3,1,True,True,True,True,Subscription,Clear Protein,12.7,25.41,25.41,NO_SITEWIDE_PCT_OFF | experiences_only,partner_reward|early_access|event_invite|merch_VIP
7151938994431,T1,D1,D1,253.59,8,411.84,51.48,3,True,True,True,True,Subscription,Other,12.68,25.36,25.36,NO_SITEWIDE_PCT_OFF | experiences_only,partner_reward|early_access|event_invite|merch_VIP
8350900257023,T1,D1,D1,253.4,2,349.8,174.9,2,True,True,True,True,Subscription,Other,12.67,25.34,25.34,NO_SITEWIDE_PCT_OFF | experiences_only,partner_reward|early_access|event_invite|merch_VIP
8766572364031,T2,D1,D2,253.14,1,371.52,371.52,2,False,True,False,False,Direct / Organic,Other,12.66,25.31,25.31,SUBSCRIBE_AND_SAVE | bundle_offers | no_blanket_10pct,subscribe_discount|bundle|category_sample
6772333609215,T1,D1,D1,252.35,5,405.71,81.142,4,False,True,True,True,Subscription,Other,12.62,25.24,25.24,NO_SITEWIDE_PCT_OFF | experiences_only,partner_reward|early_access|event_invite|merch_VIP
6328238899455,T2,D1,D5,251.71,1,629.28,629.28,1,False,True,False,False,Subscription,Unknown,12.59,25.17,25.17,SUBSCRIBE_AND_SAVE | bundle_offers | no_blanket_10pct,subscribe_discount|bundle|category_sample
7155206750463,T1,D1,D1,251.32,3,295.51,98.50333333333333,2,False,True,True,True,Subscription,Clear Protein,12.57,25.13,25.13,NO_SITEWIDE_PCT_OFF | experiences_only,partner_reward|early_access|event_invite|merch_VIP
7756008358143,T1,D1,D1,251.09,6,452.7,75.45,3,False,True,True,True,Direct / Organic,Unknown,12.55,25.11,25.11,NO_SITEWIDE_PCT_OFF | experiences_only,partner_reward|early_access|event_invite|merch_VIP
7756420251903,T1,D1,D1,250.16,3,328.71,109.57,2,True,True,True,True,Direct / Organic,Other,12.51,25.02,25.02,NO_SITEWIDE_PCT_OFF | experiences_only,partner_reward|early_access|event_invite|merch_VIP
7756000067839,T1,D1,D1,249.42,3,295.15,98.38333333333333,3,True,True,True,True,Direct / Organic,Other,12.47,24.94,24.94,NO_SITEWIDE_PCT_OFF | experiences_only,partner_reward|early_access|event_invite|merch_VIP
7756376408319,T1,D1,D1,249.42,6,484.24,80.70666666666666,1,True,True,True,True,Direct / Organic,Other,12.47,24.94,24.94,NO_SITEWIDE_PCT_OFF | experiences_only,partner_reward|early_access|event_invite|merch_VIP
7516825649407,T2,D1,D2,246.94,2,303.96,151.98,4,False,True,False,False,Subscription,Clear Protein,12.35,24.69,24.69,SUBSCRIBE_AND_SAVE | bundle_offers | no_blanket_10pct,subscribe_discount|bundle|category_sample
7756004458751,T1,D1,D1,246.65,5,466.96,93.392,1,False,True,True,True,Direct / Organic,Unknown,12.33,24.67,24.67,NO_SITEWIDE_PCT_OFF | experiences_only,partner_reward|early_access|event_invite|merch_VIP
6423590142207,T2,D1,D2,246.2,2,615.5,307.75,1,False,True,False,False,Subscription,Unknown,12.31,24.62,24.62,SUBSCRIBE_AND_SAVE | bundle_offers | no_blanket_10pct,subscribe_discount|bundle|category_sample
7756019466495,T2,D1,D4,245.82,1,620.61,620.61,1,False,True,False,False,Direct / Organic,Unknown,12.29,24.58,24.58,SUBSCRIBE_AND_SAVE | bundle_offers | no_blanket_10pct,subscribe_discount|bundle|category_sample
7756349440255,T1,D1,D1,245.8,10,500.8,50.08,4,True,True,True,True,Subscription,Unknown,12.29,24.58,24.58,NO_SITEWIDE_PCT_OFF | experiences_only,partner_reward|early_access|event_invite|merch_VIP
6362962821375,T2,D1,D2,244.49,2,242.5,121.25,1,False,True,False,False,Subscription,Other,12.22,24.45,24.45,SUBSCRIBE_AND_SAVE | bundle_offers | no_blanket_10pct,subscribe_discount|bundle|category_sample
8653246890239,T1,D1,D1,244.38,2,273.38,136.69,1,False,True,True,True,Direct / Organic,Lean Protein,12.22,24.44,24.44,NO_SITEWIDE_PCT_OFF | experiences_only,partner_reward|early_access|event_invite|merch_VIP
7252742078719,T2,D1,D2,244.27,2,241.25,120.625,1,False,True,False,False,Subscription,Other,12.21,24.43,24.43,SUBSCRIBE_AND_SAVE | bundle_offers | no_blanket_10pct,subscribe_discount|bundle|category_sample
7272645099775,T2,D1,D5,243.66,1,300.9,300.9,2,False,True,False,False,Subscription,Unknown,12.18,24.37,24.37,SUBSCRIBE_AND_SAVE | bundle_offers | no_blanket_10pct,subscribe_discount|bundle|category_sample
7335218184447,T2,D1,D5,243.66,1,318.6,318.6,1,False,True,False,False,Subscription,Clear Protein,12.18,24.37,24.37,SUBSCRIBE_AND_SAVE | bundle_offers | no_blanket_10pct,subscribe_discount|bundle|category_sample
6336698253567,T2,D1,D2,243.1,2,617.55,308.775,1,False,True,False,False,Subscription,Unknown,12.16,24.31,24.31,SUBSCRIBE_AND_SAVE | bundle_offers | no_blanket_10pct,subscribe_discount|bundle|category_sample
7295407227135,T1,D1,D1,243.05,4,349.9,87.475,1,False,True,True,True,Subscription,Clear Protein,12.15,24.31,24.31,NO_SITEWIDE_PCT_OFF | experiences_only,partner_reward|early_access|event_invite|merch_VIP
7427694067967,T1,D1,D1,243.05,3,324.15,108.05,1,False,True,True,True,Subscription,Clear Protein,12.15,24.31,24.31,NO_SITEWIDE_PCT_OFF | experiences_only,partner_reward|early_access|event_invite|merch_VIP
7267551379711,T2,D1,D2,242.09,2,289.1,144.55,2,False,True,False,False,Subscription,Clear Protein,12.1,24.21,24.21,SUBSCRIBE_AND_SAVE | bundle_offers | no_blanket_10pct,subscribe_discount|bundle|category_sample
7756438634751,T1,D1,D1,240.75,2,389.45,194.725,2,True,True,True,True,Subscription,Accessories,12.04,24.08,24.08,NO_SITEWIDE_PCT_OFF | experiences_only,partner_reward|early_access|event_invite|merch_VIP
8758023454975,T1,D1,D1,240.36,2,351.99,175.995,2,True,True,True,True,Subscription,Lean Protein,12.02,24.04,24.04,NO_SITEWIDE_PCT_OFF | experiences_only,partner_reward|early_access|event_invite|merch_VIP
7851775066367,T1,D1,D1,239.25,5,346.0,69.2,1,True,True,True,True,Direct / Organic,Clear Protein,11.96,23.92,23.92,NO_SITEWIDE_PCT_OFF | experiences_only,partner_reward|early_access|event_invite|merch_VIP
8037245124863,T1,D1,D1,239.24,5,330.55,66.11,5,True,True,True,True,Subscription,Lean Protein,11.96,23.92,23.92,NO_SITEWIDE_PCT_OFF | experiences_only,partner_reward|early_access|event_invite|merch_VIP
7691249844479,T1,D1,D1,239.16,3,315.81,105.27,2,False,True,True,True,Subscription,Other,11.96,23.92,23.92,NO_SITEWIDE_PCT_OFF | experiences_only,partner_reward|early_access|event_invite|merch_VIP
7756266340607,T1,D1,D1,239.15,6,570.94,95.15666666666668,1,True,True,True,True,Direct / Organic,Other,11.96,23.92,23.92,NO_SITEWIDE_PCT_OFF | experiences_only,partner_reward|early_access|event_invite|merch_VIP
7756429525247,T1,D1,D1,239.09,4,342.58,85.645,3,True,True,True,True,Subscription,Lean Protein,11.95,23.91,23.91,NO_SITEWIDE_PCT_OFF | experiences_only,partner_reward|early_access|event_invite|merch_VIP
6424573640959,T1,D1,D1,238.73,3,347.26,115.75333333333333,3,False,True,True,True,Subscription,Other,11.94,23.87,23.87,NO_SITEWIDE_PCT_OFF | experiences_only,partner_reward|early_access|event_invite|merch_VIP
7756423299327,T1,D1,D1,237.41,2,292.74,146.37,4,False,True,True,True,Direct / Organic,Other,11.87,23.74,23.74,NO_SITEWIDE_PCT_OFF | experiences_only,partner_reward|early_access|event_invite|merch_VIP
6559129141503,T1,D1,D1,236.8,6,367.1,61.18333333333334,2,False,True,True,True,Subscription,Other,11.84,23.68,23.68,NO_SITEWIDE_PCT_OFF | experiences_only,partner_reward|early_access|event_invite|merch_VIP
8602896433407,T1,D1,D2,236.52,1,348.3,348.3,1,True,True,False,False,Subscription,Lean Protein,11.83,23.65,23.65,NO_SITEWIDE_PCT_OFF | experiences_only,partner_reward|early_access|event_invite|merch_VIP
7755986567423,T2,D1,D4,236.0,1,590.0,590.0,1,False,True,False,False,Direct / Organic,Unknown,11.8,23.6,23.6,SUBSCRIBE_AND_SAVE | bundle_offers | no_blanket_10pct,subscribe_discount|bundle|category_sample
7756000133375,T1,D1,D1,235.16,6,498.84,83.14,1,False,True,True,True,Direct / Organic,Unknown,11.76,23.52,23.52,NO_SITEWIDE_PCT_OFF | experiences_only,partner_reward|early_access|event_invite|merch_VIP
8474687602943,T1,D1,D1,233.89,3,314.67,104.89,1,False,True,True,True,Direct / Organic,Lean Protein,11.69,23.39,23.39,NO_SITEWIDE_PCT_OFF | experiences_only,partner_reward|early_access|event_invite|merch_VIP
7756433686783,T1,D1,D1,233.73,2,306.33,153.165,5,False,True,True,True,Direct / Organic,Unknown,11.69,23.37,23.37,NO_SITEWIDE_PCT_OFF | experiences_only,partner_reward|early_access|event_invite|merch_VIP
7756354257151,T1,D1,D1,232.82,5,393.18,78.636,3,True,True,True,True,Direct / Organic,Other,11.64,23.28,23.28,NO_SITEWIDE_PCT_OFF | experiences_only,partner_reward|early_access|event_invite|merch_VIP
6804197376255,T1,D1,D1,231.96,3,305.04,101.68,2,True,True,True,True,Subscription,Other,11.6,23.2,23.2,NO_SITEWIDE_PCT_OFF | experiences_only,partner_reward|early_access|event_invite|merch_VIP
7756457443583,T1,D1,D1,231.95,4,329.47,82.3675,2,False,True,True,True,Direct / Organic,Clear Protein,11.6,23.2,23.2,NO_SITEWIDE_PCT_OFF | experiences_only,partner_reward|early_access|event_invite|merch_VIP
7756485951743,T1,D1,D1,231.43,4,323.02,80.755,4,False,True,True,True,Direct / Organic,Accessories,11.57,23.14,23.14,NO_SITEWIDE_PCT_OFF | experiences_only,partner_reward|early_access|event_invite|merch_VIP
7756439748863,T1,D1,D1,231.31,6,442.1,73.68333333333334,3,True,True,True,True,Direct / Organic,Collagen Glow,11.57,23.13,23.13,NO_SITEWIDE_PCT_OFF | experiences_only,partner_reward|early_access|event_invite|merch_VIP
6327702487295,T2,D1,D2,230.66,2,576.66,288.33,1,False,True,False,False,Subscription,Unknown,11.53,23.07,23.07,SUBSCRIBE_AND_SAVE | bundle_offers | no_blanket_10pct,subscribe_discount|bundle|category_sample
6327523148031,T2,D1,D5,230.36,1,275.09,275.09,1,False,True,False,False,Subscription,Other,11.52,23.04,23.04,SUBSCRIBE_AND_SAVE | bundle_offers | no_blanket_10pct,subscribe_discount|bundle|category_sample
6329833160959,T2,D1,D2,230.26,2,580.55,290.275,1,False,True,False,False,Subscription,Unknown,11.51,23.03,23.03,SUBSCRIBE_AND_SAVE | bundle_offers | no_blanket_10pct,subscribe_discount|bundle|category_sample
7756006064383,T1,D1,D1,229.96,5,312.25,62.45,4,True,True,True,True,Direct / Organic,Unknown,11.5,23.0,23.0,NO_SITEWIDE_PCT_OFF | experiences_only,partner_reward|early_access|event_invite|merch_VIP
7475323666687,T1,D1,D1,229.87,3,263.42,87.80666666666667,3,False,True,True,True,Subscription,Lean Protein,11.49,22.99,22.99,NO_SITEWIDE_PCT_OFF | experiences_only,partner_reward|early_access|event_invite|merch_VIP
6327763042559,T2,D1,D5,229.28,1,573.2,573.2,1,False,True,False,False,Subscription,Unknown,11.46,22.93,22.93,SUBSCRIBE_AND_SAVE | bundle_offers | no_blanket_10pct,subscribe_discount|bundle|category_sample
7756415500543,T1,D1,D1,228.76,8,412.06,51.5075,5,True,True,True,True,Subscription,Collagen Glow,11.44,22.88,22.88,NO_SITEWIDE_PCT_OFF | experiences_only,partner_reward|early_access|event_invite|merch_VIP
7756003639551,T1,D1,D1,225.57,8,352.68,44.085,2,True,True,True,True,Direct / Organic,Unknown,11.28,22.56,22.56,NO_SITEWIDE_PCT_OFF | experiences_only,partner_reward|early_access|event_invite|merch_VIP
6423605838079,T2,D1,D2,224.86,2,571.95,285.975,1,False,True,False,False,Subscription,Unknown,11.24,22.49,22.49,SUBSCRIBE_AND_SAVE | bundle_offers | no_blanket_10pct,subscribe_discount|bundle|category_sample
7968443990271,T1,D1,D1,224.05,4,279.42,69.855,4,True,True,True,True,Direct / Organic,Unknown,11.2,22.4,22.4,NO_SITEWIDE_PCT_OFF | experiences_only,partner_reward|early_access|event_invite|merch_VIP
8166904529151,T1,D1,D1,223.86,3,292.89,97.63,1,False,True,True,True,Direct / Organic,Lean Protein,11.19,22.39,22.39,NO_SITEWIDE_PCT_OFF | experiences_only,partner_reward|early_access|event_invite|merch_VIP
8291080372479,T1,D1,D1,223.08,2,316.61,158.305,2,False,True,True,True,Direct / Organic,Accessories,11.15,22.31,22.31,NO_SITEWIDE_PCT_OFF | experiences_only,partner_reward|early_access|event_invite|merch_VIP
6336669483263,T1,D1,D1,222.39,3,328.42,109.47333333333334,2,True,True,True,True,Subscription,Other,11.12,22.24,22.24,NO_SITEWIDE_PCT_OFF | experiences_only,partner_reward|early_access|event_invite|merch_VIP
8236594004223,T2,D1,D3,221.94,1,303.8,303.8,2,False,True,False,False,Direct / Organic,Clear Protein,11.1,22.19,22.19,SUBSCRIBE_AND_SAVE | bundle_offers | no_blanket_10pct,subscribe_discount|bundle|category_sample
8341118517503,T2,D1,D3,221.92,1,267.19,267.19,3,False,True,False,False,Direct / Organic,Other,11.1,22.19,22.19,SUBSCRIBE_AND_SAVE | bundle_offers | no_blanket_10pct,subscribe_discount|bundle|category_sample
7261004103935,T1,D1,D1,220.14,3,248.28,82.76,5,True,True,True,True,Subscription,Clear Protein,11.01,22.01,22.01,NO_SITEWIDE_PCT_OFF | experiences_only,partner_reward|early_access|event_invite|merch_VIP
8148081869055,T1,D1,D1,219.08,3,287.2,95.73333333333333,4,False,True,True,True,Direct / Organic,Other,10.95,21.91,21.91,NO_SITEWIDE_PCT_OFF | experiences_only,partner_reward|early_access|event_invite|merch_VIP
7851112497407,T1,D1,D1,218.9,8,331.66,41.4575,1,True,True,True,True,Subscription,Other,10.94,21.89,21.89,NO_SITEWIDE_PCT_OFF | experiences_only,partner_reward|early_access|event_invite|merch_VIP
7756264440063,T1,D1,D1,218.84,3,315.56,105.18666666666667,2,False,True,True,True,Direct / Organic,Other,10.94,21.88,21.88,NO_SITEWIDE_PCT_OFF | experiences_only,partner_reward|early_access|event_invite|merch_VIP
6767682453759,T1,D1,D1,218.71,3,327.07,109.02333333333333,5,True,True,True,True,Subscription,Other,10.94,21.87,21.87,NO_SITEWIDE_PCT_OFF | experiences_only,partner_reward|early_access|event_invite|merch_VIP
7475483541759,T1,D1,D1,218.55,8,251.3,31.4125,1,True,True,True,True,Subscription,Soy Protein,10.93,21.86,21.86,NO_SITEWIDE_PCT_OFF | experiences_only,partner_reward|early_access|event_invite|merch_VIP
8476754673919,T1,D1,D1,218.0,3,294.5,98.16666666666667,2,False,True,True,True,Direct / Organic,Collagen Glow,10.9,21.8,21.8,NO_SITEWIDE_PCT_OFF | experiences_only,partner_reward|early_access|event_invite|merch_VIP
7968511426815,T1,D1,D1,217.09,5,312.4,62.48,2,True,True,True,True,Subscription,Clear Protein,10.85,21.71,21.71,NO_SITEWIDE_PCT_OFF | experiences_only,partner_reward|early_access|event_invite|merch_VIP
8339521929471,T1,D1,D1,216.35,3,252.1,84.03333333333333,4,False,True,True,True,Direct / Organic,Accessories,10.82,21.64,21.64,NO_SITEWIDE_PCT_OFF | experiences_only,partner_reward|early_access|event_invite|merch_VIP
7756025200895,T1,D1,D1,215.99,2,444.45,222.225,3,False,True,True,True,Direct / Organic,Unknown,10.8,21.6,21.6,NO_SITEWIDE_PCT_OFF | experiences_only,partner_reward|early_access|event_invite|merch_VIP
7135383421183,T2,D1,D2,214.13,2,253.04,126.52,3,False,True,False,False,Subscription,Clear Protein,10.71,21.41,21.41,SUBSCRIBE_AND_SAVE | bundle_offers | no_blanket_10pct,subscribe_discount|bundle|category_sample
8004947214591,T1,D1,D1,213.58,2,300.5,150.25,5,False,True,True,True,Direct / Organic,Accessories,10.68,21.36,21.36,NO_SITEWIDE_PCT_OFF | experiences_only,partner_reward|early_access|event_invite|merch_VIP
7339270406399,T2,D1,D5,213.48,1,203.16,203.16,4,False,True,False,False,Subscription,Clear Protein,10.67,21.35,21.35,SUBSCRIBE_AND_SAVE | bundle_offers | no_blanket_10pct,subscribe_discount|bundle|category_sample
7521591755007,T2,D1,D5,213.47,1,206.78,206.78,4,False,True,False,False,Subscription,Clear Protein,10.67,21.35,21.35,SUBSCRIBE_AND_SAVE | bundle_offers | no_blanket_10pct,subscribe_discount|bundle|category_sample
7756381683967,T1,D1,D1,213.05,6,385.85,64.30833333333334,2,False,True,True,True,Direct / Organic,Other,10.65,21.31,21.31,NO_SITEWIDE_PCT_OFF | experiences_only,partner_reward|early_access|event_invite|merch_VIP
7756048204031,T1,D1,D1,212.99,10,396.61,39.661,4,True,True,True,True,Direct / Organic,Unknown,10.65,21.3,21.3,NO_SITEWIDE_PCT_OFF | experiences_only,partner_reward|early_access|event_invite|merch_VIP
7723643175167,T1,D1,D1,212.81,6,339.35,56.55833333333334,1,True,True,True,True,Subscription,Lean Protein,10.64,21.28,21.28,NO_SITEWIDE_PCT_OFF | experiences_only,partner_reward|early_access|event_invite|merch_VIP
7756468125951,T1,D1,D1,211.99,2,272.2,136.1,3,False,True,True,True,Direct / Organic,Clear Protein,10.6,21.2,21.2,NO_SITEWIDE_PCT_OFF | experiences_only,partner_reward|early_access|event_invite|merch_VIP
7521916289279,T1,D1,D1,211.37,3,222.19,74.06333333333333,6,False,True,True,True,Subscription,Other,10.57,21.14,21.14,NO_SITEWIDE_PCT_OFF | experiences_only,partner_reward|early_access|event_invite|merch_VIP
7988988313855,T1,D1,D1,210.28,4,311.02,77.755,3,False,True,True,True,Direct / Organic,Other,10.51,21.03,21.03,NO_SITEWIDE_PCT_OFF | experiences_only,partner_reward|early_access|event_invite|merch_VIP
6329639960831,T2,D1,D2,210.26,2,451.61,225.805,3,False,True,False,False,Subscription,Unknown,10.51,21.03,21.03,SUBSCRIBE_AND_SAVE | bundle_offers | no_blanket_10pct,subscribe_discount|bundle|category_sample
6327748264191,T1,D1,D1,208.74,7,356.44,50.92,1,True,True,True,True,Subscription,Other,10.44,20.87,20.87,NO_SITEWIDE_PCT_OFF | experiences_only,partner_reward|early_access|event_invite|merch_VIP
8071643332863,T1,D1,D1,208.44,2,269.1,134.55,1,False,True,True,True,Direct / Organic,Other,10.42,20.84,20.84,NO_SITEWIDE_PCT_OFF | experiences_only,partner_reward|early_access|event_invite|merch_VIP
8345098289407,T2,D1,D3,207.65,1,276.6,276.6,4,False,True,False,False,Paid Social,Clear Protein,10.38,20.76,20.76,SUBSCRIBE_AND_SAVE | bundle_offers | no_blanket_10pct,subscribe_discount|bundle|category_sample
7464591687935,T1,D1,D1,207.24,3,234.23,78.07666666666667,3,False,True,True,True,Subscription,Clear Protein,10.36,20.72,20.72,NO_SITEWIDE_PCT_OFF | experiences_only,partner_reward|early_access|event_invite|merch_VIP
8117513683199,T1,D1,D1,206.7,5,305.83,61.166,3,True,True,True,True,Subscription,Clear Protein,10.34,20.67,20.67,NO_SITEWIDE_PCT_OFF | experiences_only,partner_reward|early_access|event_invite|merch_VIP
7756428902655,T1,D1,D1,205.14,6,361.28,60.21333333333333,4,True,True,True,True,Subscription,Clear Protein,10.26,20.51,20.51,NO_SITEWIDE_PCT_OFF | experiences_only,partner_reward|early_access|event_invite|merch_VIP
8226067218687,T2,D1,D3,204.7,1,263.42,263.42,3,False,True,False,False,Direct / Organic,Accessories,10.24,20.47,20.47,SUBSCRIBE_AND_SAVE | bundle_offers | no_blanket_10pct,subscribe_discount|bundle|category_sample
7292403122431,T1,D1,D1,204.34,3,303.5,101.16666666666667,2,False,True,True,True,Subscription,Clear Protein,10.22,20.43,20.43,NO_SITEWIDE_PCT_OFF | experiences_only,partner_reward|early_access|event_invite|merch_VIP
7269385601279,T2,D1,D2,204.31,2,225.03,112.515,2,False,True,False,False,Subscription,Soy Protein,10.22,20.43,20.43,SUBSCRIBE_AND_SAVE | bundle_offers | no_blanket_10pct,subscribe_discount|bundle|category_sample
7756015763711,T1,D1,D1,203.92,6,349.73,58.288333333333334,2,False,True,True,True,Direct / Organic,Unknown,10.2,20.39,20.39,NO_SITEWIDE_PCT_OFF | experiences_only,partner_reward|early_access|event_invite|merch_VIP
7756440404223,T1,D1,D1,203.67,5,284.03,56.806,4,False,True,True,True,Direct / Organic,Unknown,10.18,20.37,20.37,NO_SITEWIDE_PCT_OFF | experiences_only,partner_reward|early_access|event_invite|merch_VIP
8306264637695,T1,D1,D1,203.0,4,281.18,70.295,3,True,True,True,True,Paid Social,Lean Protein,10.15,20.3,20.3,NO_SITEWIDE_PCT_OFF | experiences_only,partner_reward|early_access|event_invite|merch_VIP
7756327911679,T1,D1,D1,202.99,5,384.31,76.862,2,True,True,True,True,Direct / Organic,Collagen Glow,10.15,20.3,20.3,NO_SITEWIDE_PCT_OFF | experiences_only,partner_reward|early_access|event_invite|merch_VIP
7756173213951,T1,D1,D1,202.75,5,241.59,48.318,2,False,True,True,True,Direct / Organic,Soy Protein,10.14,20.28,20.28,NO_SITEWIDE_PCT_OFF | experiences_only,partner_reward|early_access|event_invite|merch_VIP
7755925750015,T1,D1,D1,202.71,4,399.49,99.8725,2,False,True,True,True,Direct / Organic,Unknown,10.14,20.27,20.27,NO_SITEWIDE_PCT_OFF | experiences_only,partner_reward|early_access|event_invite|merch_VIP
7696462545151,T2,D1,D2,202.44,2,239.5,119.75,1,False,True,False,False,Subscription,Unknown,10.12,20.24,20.24,SUBSCRIBE_AND_SAVE | bundle_offers | no_blanket_10pct,subscribe_discount|bundle|category_sample
7829520974079,T1,D1,D1,202.44,2,276.0,138.0,1,False,True,True,True,Direct / Organic,Clear Protein,10.12,20.24,20.24,NO_SITEWIDE_PCT_OFF | experiences_only,partner_reward|early_access|event_invite|merch_VIP
7869262201087,T2,D1,D3,202.3,1,269.55,269.55,1,False,True,False,False,Direct / Organic,Lean Protein,10.12,20.23,20.23,SUBSCRIBE_AND_SAVE | bundle_offers | no_blanket_10pct,subscribe_discount|bundle|category_sample
6423226679551,T1,D1,D1,202.05,3,362.61,120.87,2,False,True,True,True,Subscription,Unknown,10.1,20.21,20.21,NO_SITEWIDE_PCT_OFF | experiences_only,partner_reward|early_access|event_invite|merch_VIP
7476901839103,T1,D1,D1,200.82,4,239.47,59.8675,3,True,True,True,True,Subscription,Collagen Glow,10.04,20.08,20.08,NO_SITEWIDE_PCT_OFF | experiences_only,partner_reward|early_access|event_invite|merch_VIP
7756015894783,T2,D1,D2,200.81,2,475.13,237.565,2,False,True,False,False,Direct / Organic,Unknown,10.04,20.08,20.08,SUBSCRIBE_AND_SAVE | bundle_offers | no_blanket_10pct,subscribe_discount|bundle|category_sample
7756043747583,T1,D1,D1,200.25,2,500.62,250.31,1,False,True,True,True,Direct / Organic,Unknown,10.01,20.03,20.03,NO_SITEWIDE_PCT_OFF | experiences_only,partner_reward|early_access|event_invite|merch_VIP
7756418613503,T1,D1,D1,200.02,4,275.72,68.93,4,False,True,True,True,Direct / Organic,Collagen Glow,10.0,20.0,20.0,NO_SITEWIDE_PCT_OFF | experiences_only,partner_reward|early_access|event_invite|merch_VIP
8234169762047,T1,D1,D1,199.73,2,220.9,110.45,3,False,True,True,True,Paid Social,Clear Protein,9.99,19.97,19.97,NO_SITEWIDE_PCT_OFF | experiences_only,partner_reward|early_access|event_invite|merch_VIP
7521930281215,T2,D1,D2,199.68,2,216.58,108.29,2,False,True,False,False,Subscription,Other,9.98,19.97,19.97,SUBSCRIBE_AND_SAVE | bundle_offers | no_blanket_10pct,subscribe_discount|bundle|category_sample
7984357114111,T1,D1,D1,199.32,2,303.84,151.92,3,True,True,True,True,Subscription,Collagen Glow,9.97,19.93,19.93,NO_SITEWIDE_PCT_OFF | experiences_only,partner_reward|early_access|event_invite|merch_VIP
7154402656511,T1,D1,D1,199.31,4,283.9,70.975,2,False,True,True,True,Subscription,Clear Protein,9.97,19.93,19.93,NO_SITEWIDE_PCT_OFF | experiences_only,partner_reward|early_access|event_invite|merch_VIP
8566894854399,T1,D1,D1,199.14,3,260.83,86.94333333333333,3,True,True,True,True,Subscription,Lean Protein,9.96,19.91,19.91,NO_SITEWIDE_PCT_OFF | experiences_only,partner_reward|early_access|event_invite|merch_VIP
7756267454719,T1,D1,D1,198.66,8,476.43,59.55375,3,True,True,True,True,Direct / Organic,Other,9.93,19.87,19.87,NO_SITEWIDE_PCT_OFF | experiences_only,partner_reward|early_access|event_invite|merch_VIP
6329843384575,T1,D1,D1,198.6,3,207.75,69.25,2,False,True,True,True,Subscription,Unknown,9.93,19.86,19.86,NO_SITEWIDE_PCT_OFF | experiences_only,partner_reward|early_access|event_invite|merch_VIP
7756466028799,T1,D1,D1,197.89,3,288.96,96.32,3,True,True,True,True,Subscription,Other,9.89,19.79,19.79,NO_SITEWIDE_PCT_OFF | experiences_only,partner_reward|early_access|event_invite|merch_VIP
8253776953599,T1,D1,D1,197.89,2,232.2,116.1,3,True,True,True,True,Subscription,Clear Protein,9.89,19.79,19.79,NO_SITEWIDE_PCT_OFF | experiences_only,partner_reward|early_access|event_invite|merch_VIP
8384362742015,T1,D1,D1,197.81,2,308.9,154.45,3,False,True,True,True,Paid Social,Clear Protein,9.89,19.78,19.78,NO_SITEWIDE_PCT_OFF | experiences_only,partner_reward|early_access|event_invite|merch_VIP
6328230281471,T2,D1,D2,197.66,2,302.37,151.185,2,False,True,False,False,Subscription,Unknown,9.88,19.77,19.77,SUBSCRIBE_AND_SAVE | bundle_offers | no_blanket_10pct,subscribe_discount|bundle|category_sample
7756432212223,T1,D1,D1,197.46,3,248.25,82.75,3,False,True,True,True,Direct / Organic,Other,9.87,19.75,19.75,NO_SITEWIDE_PCT_OFF | experiences_only,partner_reward|early_access|event_invite|merch_VIP
6366358503679,T2,D1,D2,196.49,2,252.8,126.4,1,False,True,False,False,Subscription,Other,9.82,19.65,19.65,SUBSCRIBE_AND_SAVE | bundle_offers | no_blanket_10pct,subscribe_discount|bundle|category_sample
7469847445759,T1,D1,D1,196.09,5,241.37,48.274,5,True,True,True,True,Subscription,Accessories,9.8,19.61,19.61,NO_SITEWIDE_PCT_OFF | experiences_only,partner_reward|early_access|event_invite|merch_VIP
7756357435647,T1,D1,D1,194.51,14,394.27,28.162142857142857,2,True,True,True,True,Direct / Organic,Collagen Glow,9.73,19.45,19.45,NO_SITEWIDE_PCT_OFF | experiences_only,partner_reward|early_access|event_invite|merch_VIP
7756420579583,T1,D1,D1,194.41,2,229.09,114.545,2,False,True,True,True,Direct / Organic,Other,9.72,19.44,19.44,NO_SITEWIDE_PCT_OFF | experiences_only,partner_reward|early_access|event_invite|merch_VIP
7756468453631,T1,D1,D1,194.41,2,200.45,100.225,1,False,True,True,True,Direct / Organic,Clear Protein,9.72,19.44,19.44,NO_SITEWIDE_PCT_OFF | experiences_only,partner_reward|early_access|event_invite|merch_VIP
8249601130751,T1,D1,D1,194.22,2,259.5,129.75,3,False,True,True,True,Direct / Organic,Lean Protein,9.71,19.42,19.42,NO_SITEWIDE_PCT_OFF | experiences_only,partner_reward|early_access|event_invite|merch_VIP
6835415613695,T2,D1,D2,194.09,2,239.19,119.595,2,False,True,False,False,Subscription,Soy Protein,9.7,19.41,19.41,SUBSCRIBE_AND_SAVE | bundle_offers | no_blanket_10pct,subscribe_discount|bundle|category_sample
8713832366335,T2,D1,D2,193.76,1,268.9,268.9,2,False,True,False,False,Direct / Organic,Clear Protein,9.69,19.38,19.38,SUBSCRIBE_AND_SAVE | bundle_offers | no_blanket_10pct,subscribe_discount|bundle|category_sample
7969066320127,T1,D1,D1,193.16,4,268.3,67.075,2,True,True,True,True,Subscription,Clear Protein,9.66,19.32,19.32,NO_SITEWIDE_PCT_OFF | experiences_only,partner_reward|early_access|event_invite|merch_VIP
6670248935679,T1,D1,D1,192.89,4,263.87,65.9675,3,False,True,True,True,Subscription,Other,9.64,19.29,19.29,NO_SITEWIDE_PCT_OFF | experiences_only,partner_reward|early_access|event_invite|merch_VIP
6336696123647,T1,D1,D1,192.72,4,486.69,121.6725,1,False,True,True,True,Subscription,Unknown,9.64,19.27,19.27,NO_SITEWIDE_PCT_OFF | experiences_only,partner_reward|early_access|event_invite|merch_VIP
7756396036351,T1,D1,D1,192.63,11,427.46,38.86,2,True,True,True,True,Subscription,Other,9.63,19.26,19.26,NO_SITEWIDE_PCT_OFF | experiences_only,partner_reward|early_access|event_invite|merch_VIP
6329603752191,T1,D1,D1,191.76,3,254.08,84.69333333333334,2,False,True,True,True,Subscription,Unknown,9.59,19.18,19.18,NO_SITEWIDE_PCT_OFF | experiences_only,partner_reward|early_access|event_invite|merch_VIP
7756040503551,T1,D1,D1,191.66,2,479.16,239.58,1,False,True,True,True,Direct / Organic,Unknown,9.58,19.17,19.17,NO_SITEWIDE_PCT_OFF | experiences_only,partner_reward|early_access|event_invite|merch_VIP
7340202328319,T2,D1,D5,191.44,1,248.94,248.94,5,False,True,False,False,Subscription,Accessories,9.57,19.14,19.14,SUBSCRIBE_AND_SAVE | bundle_offers | no_blanket_10pct,subscribe_discount|bundle|category_sample
7519676170495,T2,D1,D2,191.43,2,183.61,91.805,2,False,True,False,False,Subscription,Other,9.57,19.14,19.14,SUBSCRIBE_AND_SAVE | bundle_offers | no_blanket_10pct,subscribe_discount|bundle|category_sample
7756471304447,T1,D1,D1,191.23,2,244.88,122.44,1,False,True,True,True,Direct / Organic,Clear Protein,9.56,19.12,19.12,NO_SITEWIDE_PCT_OFF | experiences_only,partner_reward|early_access|event_invite|merch_VIP
6763164958975,T2,D1,D5,190.36,1,287.64,287.64,1,False,True,False,False,Subscription,Other,9.52,19.04,19.04,SUBSCRIBE_AND_SAVE | bundle_offers | no_blanket_10pct,subscribe_discount|bundle|category_sample
6329708839167,T2,D1,D5,190.05,1,475.12,475.12,1,False,True,False,False,Subscription,Unknown,9.5,19.01,19.01,SUBSCRIBE_AND_SAVE | bundle_offers | no_blanket_10pct,subscribe_discount|bundle|category_sample
7304552186111,T2,D1,D2,189.71,2,219.79,109.895,2,False,True,False,False,Subscription,Clear Protein,9.49,18.97,18.97,SUBSCRIBE_AND_SAVE | bundle_offers | no_blanket_10pct,subscribe_discount|bundle|category_sample
7278303510783,T1,D1,D1,188.99,6,300.91,50.15166666666667,2,True,True,True,True,Subscription,Clear Protein,9.45,18.9,18.9,NO_SITEWIDE_PCT_OFF | experiences_only,partner_reward|early_access|event_invite|merch_VIP
7755921326335,T2,D1,D2,188.98,2,252.77,126.385,4,False,True,False,False,Direct / Organic,Clear Protein,9.45,18.9,18.9,SUBSCRIBE_AND_SAVE | bundle_offers | no_blanket_10pct,subscribe_discount|bundle|category_sample
6336718930175,T1,D1,D1,188.78,3,258.5,86.16666666666667,4,False,True,True,True,Subscription,Other,9.44,18.88,18.88,NO_SITEWIDE_PCT_OFF | experiences_only,partner_reward|early_access|event_invite|merch_VIP
7573622128895,T1,D1,D1,188.47,3,211.55,70.51666666666667,2,False,True,True,True,Subscription,Clear Protein,9.42,18.85,18.85,NO_SITEWIDE_PCT_OFF | experiences_only,partner_reward|early_access|event_invite|merch_VIP
7968596427007,T1,D1,D1,188.38,8,278.28,34.785,2,True,True,True,True,Subscription,Other,9.42,18.84,18.84,NO_SITEWIDE_PCT_OFF | experiences_only,partner_reward|early_access|event_invite|merch_VIP
8055471735039,T1,D1,D1,188.23,3,262.8,87.60000000000001,2,False,True,True,True,Direct / Organic,Clear Protein,9.41,18.82,18.82,NO_SITEWIDE_PCT_OFF | experiences_only,partner_reward|early_access|event_invite|merch_VIP
7307595514111,T1,D1,D1,187.7,3,269.35,89.78333333333335,4,False,True,True,True,Subscription,Collagen Glow,9.38,18.77,18.77,NO_SITEWIDE_PCT_OFF | experiences_only,partner_reward|early_access|event_invite|merch_VIP
7756476645631,T1,D1,D1,187.13,3,257.34,85.77999999999999,3,False,True,True,True,Direct / Organic,Other,9.36,18.71,18.71,NO_SITEWIDE_PCT_OFF | experiences_only,partner_reward|early_access|event_invite|merch_VIP
7756469895423,T1,D1,D1,186.88,6,284.55,47.425000000000004,2,True,True,True,True,Subscription,Other,9.34,18.69,18.69,NO_SITEWIDE_PCT_OFF | experiences_only,partner_reward|early_access|event_invite|merch_VIP
8260457005311,T1,D1,D1,185.74,3,237.82,79.27333333333333,4,False,True,True,True,Direct / Organic,Lean Protein,9.29,18.57,18.57,NO_SITEWIDE_PCT_OFF | experiences_only,partner_reward|early_access|event_invite|merch_VIP
8761752518911,T2,D1,D2,185.72,1,219.13,219.13,2,False,True,False,False,Direct / Organic,Clear Protein,9.29,18.57,18.57,SUBSCRIBE_AND_SAVE | bundle_offers | no_blanket_10pct,subscribe_discount|bundle|category_sample
8676694294783,T1,D1,D1,185.63,2,294.91,147.455,3,True,True,True,True,Subscription,Collagen Glow,9.28,18.56,18.56,NO_SITEWIDE_PCT_OFF | experiences_only,partner_reward|early_access|event_invite|merch_VIP
8366984167679,T2,D1,D2,185.46,1,213.1,213.1,4,False,True,False,False,Direct / Organic,Accessories,9.27,18.55,18.55,SUBSCRIBE_AND_SAVE | bundle_offers | no_blanket_10pct,subscribe_discount|bundle|category_sample
8364385337599,T2,D1,D2,185.3,1,235.62,235.62,3,False,True,False,False,Direct / Organic,Lean Protein,9.26,18.53,18.53,SUBSCRIBE_AND_SAVE | bundle_offers | no_blanket_10pct,subscribe_discount|bundle|category_sample
6329834832127,T1,D1,D1,184.69,3,209.27,69.75666666666667,2,False,True,True,True,Subscription,Unknown,9.23,18.47,18.47,NO_SITEWIDE_PCT_OFF | experiences_only,partner_reward|early_access|event_invite|merch_VIP
7756261589247,T1,D1,D1,184.65,3,244.83,81.61,1,True,True,True,True,Direct / Organic,Collagen Glow,9.23,18.46,18.46,NO_SITEWIDE_PCT_OFF | experiences_only,partner_reward|early_access|event_invite|merch_VIP
7971635331327,T1,D1,D1,184.48,6,274.05,45.675000000000004,3,True,True,True,True,Direct / Organic,Unknown,9.22,18.45,18.45,NO_SITEWIDE_PCT_OFF | experiences_only,partner_reward|early_access|event_invite|merch_VIP
8067675586815,T1,D1,D1,184.24,2,223.7,111.85,4,False,True,True,True,Direct / Organic,Other,9.21,18.42,18.42,NO_SITEWIDE_PCT_OFF | experiences_only,partner_reward|early_access|event_invite|merch_VIP
7942386712831,T1,D1,D1,184.05,6,322.04,53.67333333333334,4,True,True,True,True,Paid Social,Accessories,9.2,18.4,18.4,NO_SITEWIDE_PCT_OFF | experiences_only,partner_reward|early_access|event_invite|merch_VIP
8347407614207,T1,D1,D1,183.92,2,259.84,129.92,3,True,True,True,True,Direct / Organic,Other,9.2,18.39,18.39,NO_SITEWIDE_PCT_OFF | experiences_only,partner_reward|early_access|event_invite|merch_VIP
8286033117439,T1,D1,D3,182.34,1,265.68,265.68,1,True,True,False,False,Subscription,Lean Protein,9.12,18.23,18.23,NO_SITEWIDE_PCT_OFF | experiences_only,partner_reward|early_access|event_invite|merch_VIP
7959761486079,T1,D1,D1,181.2,4,278.46,69.615,3,True,True,True,True,Subscription,Collagen Glow,9.06,18.12,18.12,NO_SITEWIDE_PCT_OFF | experiences_only,partner_reward|early_access|event_invite|merch_VIP
7733235646719,T2,D1,D2,181.18,2,234.78,117.39,4,False,True,False,False,Subscription,Collagen Glow,9.06,18.12,18.12,SUBSCRIBE_AND_SAVE | bundle_offers | no_blanket_10pct,subscribe_discount|bundle|category_sample
8162392932607,T1,D1,D1,180.71,3,285.95,95.31666666666666,1,False,True,True,True,Direct / Organic,Lean Protein,9.04,18.07,18.07,NO_SITEWIDE_PCT_OFF | experiences_only,partner_reward|early_access|event_invite|merch_VIP
6328212750591,T1,D1,D1,180.02,4,267.6,66.9,5,False,True,True,True,Direct / Organic,Lean Protein,9.0,18.0,18.0,NO_SITEWIDE_PCT_OFF | experiences_only,partner_reward|early_access|event_invite|merch_VIP
7756264800511,T1,D1,D1,179.96,5,305.92,61.184000000000005,3,True,True,True,True,Direct / Organic,Unknown,9.0,18.0,18.0,NO_SITEWIDE_PCT_OFF | experiences_only,partner_reward|early_access|event_invite|merch_VIP
7089442390271,T1,D1,D1,179.95,4,319.66,79.915,3,True,True,True,True,Subscription,Other,9.0,18.0,18.0,NO_SITEWIDE_PCT_OFF | experiences_only,partner_reward|early_access|event_invite|merch_VIP
7953613816063,T1,D1,D1,179.64,2,233.85,116.925,1,False,True,True,True,Direct / Organic,Clear Protein,8.98,17.96,17.96,NO_SITEWIDE_PCT_OFF | experiences_only,partner_reward|early_access|event_invite|merch_VIP
6328274747647,T1,D1,D1,179.57,4,364.68,91.17,2,False,True,True,True,Subscription,Unknown,8.98,17.96,17.96,NO_SITEWIDE_PCT_OFF | experiences_only,partner_reward|early_access|event_invite|merch_VIP
7956311998719,T1,D1,D1,179.57,5,265.15,53.029999999999994,2,True,True,True,True,Subscription,Collagen Glow,8.98,17.96,17.96,NO_SITEWIDE_PCT_OFF | experiences_only,partner_reward|early_access|event_invite|merch_VIP
6329869861119,T1,D1,D1,178.68,3,330.56,110.18666666666667,2,False,True,True,True,Subscription,Unknown,8.93,17.87,17.87,NO_SITEWIDE_PCT_OFF | experiences_only,partner_reward|early_access|event_invite|merch_VIP
7756001116415,T1,D1,D1,178.67,5,302.27,60.45399999999999,2,False,True,True,True,Direct / Organic,Unknown,8.93,17.87,17.87,NO_SITEWIDE_PCT_OFF | experiences_only,partner_reward|early_access|event_invite|merch_VIP
8114101715199,T1,D1,D1,178.14,4,303.05,75.7625,3,True,True,True,True,Subscription,Accessories,8.91,17.81,17.81,NO_SITEWIDE_PCT_OFF | experiences_only,partner_reward|early_access|event_invite|merch_VIP
7756392923391,T1,D1,D1,177.16,3,247.55,82.51666666666667,3,True,True,True,True,Direct / Organic,Unknown,8.86,17.72,17.72,NO_SITEWIDE_PCT_OFF | experiences_only,partner_reward|early_access|event_invite|merch_VIP
8315540439295,T1,D1,D1,177.1,2,211.86,105.93,3,False,True,True,True,Direct / Organic,Clear Protein,8.86,17.71,17.71,NO_SITEWIDE_PCT_OFF | experiences_only,partner_reward|early_access|event_invite|merch_VIP
6336735478015,T1,D1,D1,176.41,3,439.18,146.39333333333335,2,False,True,True,True,Subscription,Unknown,8.82,17.64,17.64,NO_SITEWIDE_PCT_OFF | experiences_only,partner_reward|early_access|event_invite|merch_VIP
7251339804927,T2,D1,D2,176.18,2,187.25,93.625,4,False,True,False,False,Subscription,Other,8.81,17.62,17.62,SUBSCRIBE_AND_SAVE | bundle_offers | no_blanket_10pct,subscribe_discount|bundle|category_sample
7756044566783,T2,D1,D4,175.91,1,439.77,439.77,1,False,True,False,False,Direct / Organic,Unknown,8.8,17.59,17.59,SUBSCRIBE_AND_SAVE | bundle_offers | no_blanket_10pct,subscribe_discount|bundle|category_sample
7756002918655,T1,D1,D1,175.85,3,198.64,66.21333333333332,2,False,True,True,True,Direct / Organic,Unknown,8.79,17.58,17.58,NO_SITEWIDE_PCT_OFF | experiences_only,partner_reward|early_access|event_invite|merch_VIP
6327401709823,T1,D1,D1,175.81,3,363.04,121.01333333333334,3,False,True,True,True,Subscription,Unknown,8.79,17.58,17.58,NO_SITEWIDE_PCT_OFF | experiences_only,partner_reward|early_access|event_invite|merch_VIP
8663410245887,T2,D1,D2,175.44,1,249.0,249.0,1,False,True,False,False,Direct / Organic,Clear Protein,8.77,17.54,17.54,SUBSCRIBE_AND_SAVE | bundle_offers | no_blanket_10pct,subscribe_discount|bundle|category_sample
7755958354175,T2,D1,D2,175.06,2,272.35,136.175,3,False,True,False,False,Direct / Organic,Clear Protein,8.75,17.51,17.51,SUBSCRIBE_AND_SAVE | bundle_offers | no_blanket_10pct,subscribe_discount|bundle|category_sample
7984809738495,T1,D1,D1,174.84,4,248.4,62.1,1,True,True,True,True,Subscription,Clear Protein,8.74,17.48,17.48,NO_SITEWIDE_PCT_OFF | experiences_only,partner_reward|early_access|event_invite|merch_VIP
8071589462271,T1,D1,D1,174.84,4,248.4,62.1,1,True,True,True,True,Subscription,Clear Protein,8.74,17.48,17.48,NO_SITEWIDE_PCT_OFF | experiences_only,partner_reward|early_access|event_invite|merch_VIP
8290909290751,T1,D1,D1,174.8,5,212.3,42.46,4,False,True,True,True,Direct / Organic,Accessories,8.74,17.48,17.48,NO_SITEWIDE_PCT_OFF | experiences_only,partner_reward|early_access|event_invite|merch_VIP
7756262801663,T1,D1,D1,174.53,7,309.58,44.22571428571428,3,False,True,True,True,Direct / Organic,Unknown,8.73,17.45,17.45,NO_SITEWIDE_PCT_OFF | experiences_only,partner_reward|early_access|event_invite|merch_VIP
8312709251327,T2,D1,D3,174.41,1,240.44,240.44,2,False,True,False,False,Paid Social,Accessories,8.72,17.44,17.44,SUBSCRIBE_AND_SAVE | bundle_offers | no_blanket_10pct,subscribe_discount|bundle|category_sample
6327719231743,T2,D1,D2,174.4,2,211.48,105.74,2,False,True,False,False,Direct / Organic,Lean Protein,8.72,17.44,17.44,SUBSCRIBE_AND_SAVE | bundle_offers | no_blanket_10pct,subscribe_discount|bundle|category_sample
7756266930431,T1,D1,D1,174.2,2,276.52,138.26,4,False,True,True,True,Direct / Organic,Collagen Glow,8.71,17.42,17.42,NO_SITEWIDE_PCT_OFF | experiences_only,partner_reward|early_access|event_invite|merch_VIP
7755978670335,T1,D1,D1,173.98,10,441.73,44.173,2,False,True,True,True,Direct / Organic,Unknown,8.7,17.4,17.4,NO_SITEWIDE_PCT_OFF | experiences_only,partner_reward|early_access|event_invite|merch_VIP
6601910092031,T1,D1,D1,173.92,6,304.3,50.71666666666667,2,True,True,True,True,Subscription,Other,8.7,17.39,17.39,NO_SITEWIDE_PCT_OFF | experiences_only,partner_reward|early_access|event_invite|merch_VIP
7756408029439,T1,D1,D1,173.75,9,468.47,52.05222222222223,2,True,True,True,True,Subscription,Other,8.69,17.38,17.38,NO_SITEWIDE_PCT_OFF | experiences_only,partner_reward|early_access|event_invite|merch_VIP
7756470321407,T2,D1,D4,173.71,1,217.64,217.64,1,False,True,False,False,Direct / Organic,Clear Protein,8.69,17.37,17.37,SUBSCRIBE_AND_SAVE | bundle_offers | no_blanket_10pct,subscribe_discount|bundle|category_sample
8060160180479,T1,D1,D1,173.33,4,256.02,64.005,3,True,True,True,True,Direct / Organic,Lean Protein,8.67,17.33,17.33,NO_SITEWIDE_PCT_OFF | experiences_only,partner_reward|early_access|event_invite|merch_VIP
7519345475839,T2,D1,D2,173.15,2,217.66,108.83,3,False,True,False,False,Subscription,Clear Protein,8.66,17.32,17.32,SUBSCRIBE_AND_SAVE | bundle_offers | no_blanket_10pct,subscribe_discount|bundle|category_sample
7756183634175,T1,D1,D1,172.99,3,258.96,86.32,1,True,True,True,True,Direct / Organic,Collagen Glow,8.65,17.3,17.3,NO_SITEWIDE_PCT_OFF | experiences_only,partner_reward|early_access|event_invite|merch_VIP
7756461441279,T1,D1,D1,172.94,3,273.55,91.18333333333334,2,True,True,True,True,Subscription,Lean Protein,8.65,17.29,17.29,NO_SITEWIDE_PCT_OFF | experiences_only,partner_reward|early_access|event_invite|merch_VIP
6327734927615,T1,D1,D1,172.78,7,279.13,39.87571428571429,2,True,True,True,True,Subscription,Unknown,8.64,17.28,17.28,NO_SITEWIDE_PCT_OFF | experiences_only,partner_reward|early_access|event_invite|merch_VIP
7756406751487,T1,D1,D1,172.69,2,200.26,100.13,3,True,True,True,True,Direct / Organic,Other,8.63,17.27,17.27,NO_SITEWIDE_PCT_OFF | experiences_only,partner_reward|early_access|event_invite|merch_VIP
8290383069439,T1,D1,D1,172.04,2,210.37,105.185,3,False,True,True,True,Direct / Organic,Accessories,8.6,17.2,17.2,NO_SITEWIDE_PCT_OFF | experiences_only,partner_reward|early_access|event_invite|merch_VIP
7756440535295,T2,D1,D4,171.86,1,229.14,229.14,4,False,True,False,False,Direct / Organic,Lean Protein,8.59,17.19,17.19,SUBSCRIBE_AND_SAVE | bundle_offers | no_blanket_10pct,subscribe_discount|bundle|category_sample
7756039913727,T2,D1,D4,171.64,1,429.09,429.09,1,False,True,False,False,Direct / Organic,Unknown,8.58,17.16,17.16,SUBSCRIBE_AND_SAVE | bundle_offers | no_blanket_10pct,subscribe_discount|bundle|category_sample
7826465128703,T1,D1,D1,171.54,2,286.98,143.49,1,False,True,True,True,Direct / Organic,Collagen Glow,8.58,17.15,17.15,NO_SITEWIDE_PCT_OFF | experiences_only,partner_reward|early_access|event_invite|merch_VIP
8347459059967,T1,D1,D1,171.05,4,233.11,58.2775,4,True,True,True,True,Subscription,Accessories,8.55,17.1,17.1,NO_SITEWIDE_PCT_OFF | experiences_only,partner_reward|early_access|event_invite|merch_VIP
7534855061759,T2,D1,D5,170.96,1,221.31,221.31,1,False,True,False,False,Subscription,Unknown,8.55,17.1,17.1,SUBSCRIBE_AND_SAVE | bundle_offers | no_blanket_10pct,subscribe_discount|bundle|category_sample
7957746417919,T1,D1,D1,170.44,2,210.74,105.37,1,True,True,True,True,Direct / Organic,Other,8.52,17.04,17.04,NO_SITEWIDE_PCT_OFF | experiences_only,partner_reward|early_access|event_invite|merch_VIP
8347824554239,T1,D1,D1,170.15,3,207.87,69.29,2,False,True,True,True,Affiliate,Accessories,8.51,17.02,17.02,NO_SITEWIDE_PCT_OFF | experiences_only,partner_reward|early_access|event_invite|merch_VIP
8832270598399,T2,D1,D2,170.05,1,222.73,222.73,3,False,True,False,False,Direct / Organic,Clear Protein,8.5,17.01,17.01,SUBSCRIBE_AND_SAVE | bundle_offers | no_blanket_10pct,subscribe_discount|bundle|category_sample
7756457509119,T1,D1,D1,170.04,4,223.98,55.995,3,False,True,True,True,Direct / Organic,Clear Protein,8.5,17.0,17.0,NO_SITEWIDE_PCT_OFF | experiences_only,partner_reward|early_access|event_invite|merch_VIP
8676518789375,T1,D1,D1,169.88,3,242.54,80.84666666666666,2,True,True,True,True,Direct / Organic,Clear Protein,8.49,16.99,16.99,NO_SITEWIDE_PCT_OFF | experiences_only,partner_reward|early_access|event_invite|merch_VIP
8286293852415,T2,D1,D3,169.71,1,234.6,234.6,5,False,True,False,False,Direct / Organic,Other,8.49,16.97,16.97,SUBSCRIBE_AND_SAVE | bundle_offers | no_blanket_10pct,subscribe_discount|bundle|category_sample
7756016615679,T1,D1,D1,169.58,4,423.94,105.985,1,False,True,True,True,Direct / Organic,Unknown,8.48,16.96,16.96,NO_SITEWIDE_PCT_OFF | experiences_only,partner_reward|early_access|event_invite|merch_VIP
7756410683647,T1,D1,D1,169.45,3,250.31,83.43666666666667,4,True,True,True,True,Direct / Organic,Lean Protein,8.47,16.94,16.94,NO_SITEWIDE_PCT_OFF | experiences_only,partner_reward|early_access|event_invite|merch_VIP
6327712874751,T2,D1,D5,169.31,1,423.28,423.28,1,False,True,False,False,Subscription,Unknown,8.47,16.93,16.93,SUBSCRIBE_AND_SAVE | bundle_offers | no_blanket_10pct,subscribe_discount|bundle|category_sample
6336758251775,T2,D1,D2,169.27,2,158.73,79.365,2,False,True,False,False,Subscription,Unknown,8.46,16.93,16.93,SUBSCRIBE_AND_SAVE | bundle_offers | no_blanket_10pct,subscribe_discount|bundle|category_sample
7756042174719,T1,D1,D1,169.27,5,325.27,65.054,2,True,True,True,True,Direct / Organic,Unknown,8.46,16.93,16.93,NO_SITEWIDE_PCT_OFF | experiences_only,partner_reward|early_access|event_invite|merch_VIP
6329600409855,T2,D1,D5,168.92,1,422.3,422.3,1,False,True,False,False,Subscription,Unknown,8.45,16.89,16.89,SUBSCRIBE_AND_SAVE | bundle_offers | no_blanket_10pct,subscribe_discount|bundle|category_sample
8299066654975,T1,D1,D1,168.87,2,221.55,110.775,3,False,True,True,True,Direct / Organic,Collagen Glow,8.44,16.89,16.89,NO_SITEWIDE_PCT_OFF | experiences_only,partner_reward|early_access|event_invite|merch_VIP
7756476973311,T1,D1,D1,168.78,3,217.9,72.63333333333334,2,False,True,True,True,Direct / Organic,Collagen Glow,8.44,16.88,16.88,NO_SITEWIDE_PCT_OFF | experiences_only,partner_reward|early_access|event_invite|merch_VIP
8667708227839,T1,D1,D1,168.76,3,222.89,74.29666666666667,3,True,True,True,True,Subscription,Clear Protein,8.44,16.88,16.88,NO_SITEWIDE_PCT_OFF | experiences_only,partner_reward|early_access|event_invite|merch_VIP
7304842477823,T2,D1,D2,168.46,2,261.97,130.985,2,False,True,False,False,Subscription,Clear Protein,8.42,16.85,16.85,SUBSCRIBE_AND_SAVE | bundle_offers | no_blanket_10pct,subscribe_discount|bundle|category_sample
6329709887743,T2,D1,D5,168.46,1,421.14,421.14,1,False,True,False,False,Subscription,Unknown,8.42,16.85,16.85,SUBSCRIBE_AND_SAVE | bundle_offers | no_blanket_10pct,subscribe_discount|bundle|category_sample
6336712409343,T1,D1,D1,168.45,5,315.44,63.088,2,True,True,True,True,Subscription,Unknown,8.42,16.84,16.84,NO_SITEWIDE_PCT_OFF | experiences_only,partner_reward|early_access|event_invite|merch_VIP
7756357763327,T1,D1,D1,168.3,4,358.97,89.7425,3,True,True,True,True,Subscription,Other,8.42,16.83,16.83,NO_SITEWIDE_PCT_OFF | experiences_only,partner_reward|early_access|event_invite|merch_VIP
7135034441983,T1,D1,D2,167.75,2,217.31,108.655,2,True,True,False,False,Subscription,Clear Protein,8.39,16.78,16.78,NO_SITEWIDE_PCT_OFF | experiences_only,partner_reward|early_access|event_invite|merch_VIP
6327691772159,T2,D1,D5,167.23,1,418.08,418.08,1,False,True,False,False,Subscription,Unknown,8.36,16.72,16.72,SUBSCRIBE_AND_SAVE | bundle_offers | no_blanket_10pct,subscribe_discount|bundle|category_sample
8702702944511,T1,D1,D1,167.22,2,221.43,110.715,1,True,True,True,True,Direct / Organic,Clear Protein,8.36,16.72,16.72,NO_SITEWIDE_PCT_OFF | experiences_only,partner_reward|early_access|event_invite|merch_VIP
7756265619711,T1,D1,D1,166.95,3,270.69,90.23,1,False,True,True,True,Direct / Organic,Collagen Glow,8.35,16.7,16.7,NO_SITEWIDE_PCT_OFF | experiences_only,partner_reward|early_access|event_invite|merch_VIP
7756000198911,T1,D1,D1,166.84,5,239.23,47.846,4,False,True,True,True,Direct / Organic,Unknown,8.34,16.68,16.68,NO_SITEWIDE_PCT_OFF | experiences_only,partner_reward|early_access|event_invite|merch_VIP
6336719192319,T1,D1,D1,166.24,4,321.41,80.3525,3,True,True,True,True,Subscription,Unknown,8.31,16.62,16.62,NO_SITEWIDE_PCT_OFF | experiences_only,partner_reward|early_access|event_invite|merch_VIP
7475322421503,T2,D1,D5,166.04,1,167.72,167.72,1,False,True,False,False,Subscription,Clear Protein,8.3,16.6,16.6,SUBSCRIBE_AND_SAVE | bundle_offers | no_blanket_10pct,subscribe_discount|bundle|category_sample
7756459114751,T1,D1,D1,165.7,6,258.82,43.13666666666666,2,True,True,True,True,Direct / Organic,Clear Protein,8.28,16.57,16.57,NO_SITEWIDE_PCT_OFF | experiences_only,partner_reward|early_access|event_invite|merch_VIP
7829327544575,T1,D1,D1,165.35,4,238.91,59.7275,1,True,True,True,True,Subscription,Clear Protein,8.27,16.54,16.54,NO_SITEWIDE_PCT_OFF | experiences_only,partner_reward|early_access|event_invite|merch_VIP
7476820934911,T2,D1,D5,164.99,1,167.72,167.72,2,False,True,False,False,Subscription,Clear Protein,8.25,16.5,16.5,SUBSCRIBE_AND_SAVE | bundle_offers | no_blanket_10pct,subscribe_discount|bundle|category_sample
6532484989183,T1,D1,D1,164.77,4,317.28,79.32,2,True,True,True,True,Direct / Organic,Unknown,8.24,16.48,16.48,NO_SITEWIDE_PCT_OFF | experiences_only,partner_reward|early_access|event_invite|merch_VIP
7475341721855,T2,D1,D2,164.57,2,185.69,92.845,2,False,True,False,False,Subscription,Clear Protein,8.23,16.46,16.46,SUBSCRIBE_AND_SAVE | bundle_offers | no_blanket_10pct,subscribe_discount|bundle|category_sample
7476853145855,T2,D1,D5,163.94,1,167.72,167.72,2,False,True,False,False,Subscription,Clear Protein,8.2,16.39,16.39,SUBSCRIBE_AND_SAVE | bundle_offers | no_blanket_10pct,subscribe_discount|bundle|category_sample
7483704705279,T2,D1,D2,163.52,2,233.61,116.805,2,False,True,False,False,Subscription,Clear Protein,8.18,16.35,16.35,SUBSCRIBE_AND_SAVE | bundle_offers | no_blanket_10pct,subscribe_discount|bundle|category_sample
8723761168639,T1,D1,D1,163.34,2,215.59,107.795,3,False,True,True,True,Direct / Organic,Accessories,8.17,16.33,16.33,NO_SITEWIDE_PCT_OFF | experiences_only,partner_reward|early_access|event_invite|merch_VIP
7878625362175,T1,D1,D1,163.02,3,230.31,76.77,4,True,True,True,True,Direct / Organic,Unknown,8.15,16.3,16.3,NO_SITEWIDE_PCT_OFF | experiences_only,partner_reward|early_access|event_invite|merch_VIP
6683695710463,T2,D1,D2,162.77,2,255.61,127.805,1,False,True,False,False,Subscription,Other,8.14,16.28,16.28,SUBSCRIBE_AND_SAVE | bundle_offers | no_blanket_10pct,subscribe_discount|bundle|category_sample
7366249840895,T2,D1,D2,162.67,2,189.2,94.6,2,False,True,False,False,Subscription,Clear Protein,8.13,16.27,16.27,SUBSCRIBE_AND_SAVE | bundle_offers | no_blanket_10pct,subscribe_discount|bundle|category_sample
7756048597247,T2,D1,D4,162.62,1,406.55,406.55,1,False,True,False,False,Direct / Organic,Unknown,8.13,16.26,16.26,SUBSCRIBE_AND_SAVE | bundle_offers | no_blanket_10pct,subscribe_discount|bundle|category_sample
7138245443839,T2,D1,D5,162.44,1,188.8,188.8,1,False,True,False,False,Subscription,Clear Protein,8.12,16.24,16.24,SUBSCRIBE_AND_SAVE | bundle_offers | no_blanket_10pct,subscribe_discount|bundle|category_sample
7154163482879,T2,D1,D5,162.44,1,188.8,188.8,1,False,True,False,False,Subscription,Clear Protein,8.12,16.24,16.24,SUBSCRIBE_AND_SAVE | bundle_offers | no_blanket_10pct,subscribe_discount|bundle|category_sample
7259717894399,T2,D1,D5,162.44,1,177.0,177.0,1,False,True,False,False,Subscription,Clear Protein,8.12,16.24,16.24,SUBSCRIBE_AND_SAVE | bundle_offers | no_blanket_10pct,subscribe_discount|bundle|category_sample
7307284611327,T2,D1,D5,162.44,1,165.2,165.2,1,False,True,False,False,Subscription,Clear Protein,8.12,16.24,16.24,SUBSCRIBE_AND_SAVE | bundle_offers | no_blanket_10pct,subscribe_discount|bundle|category_sample
7308209324287,T2,D1,D5,162.44,1,165.2,165.2,1,False,True,False,False,Subscription,Clear Protein,8.12,16.24,16.24,SUBSCRIBE_AND_SAVE | bundle_offers | no_blanket_10pct,subscribe_discount|bundle|category_sample
7523069362431,T2,D1,D5,162.37,1,167.72,167.72,3,False,True,False,False,Subscription,Lean Protein,8.12,16.24,16.24,SUBSCRIBE_AND_SAVE | bundle_offers | no_blanket_10pct,subscribe_discount|bundle|category_sample
7311808626943,T2,D1,D2,161.99,2,189.96,94.98,2,False,True,False,False,Subscription,Clear Protein,8.1,16.2,16.2,SUBSCRIBE_AND_SAVE | bundle_offers | no_blanket_10pct,subscribe_discount|bundle|category_sample
8767332450559,T1,D1,D1,161.87,3,249.58,83.19333333333334,1,True,True,True,True,Direct / Organic,Lean Protein,8.09,16.19,16.19,NO_SITEWIDE_PCT_OFF | experiences_only,partner_reward|early_access|event_invite|merch_VIP
6334077829375,T2,D1,D5,161.86,1,404.64,404.64,1,False,True,False,False,Subscription,Unknown,8.09,16.19,16.19,SUBSCRIBE_AND_SAVE | bundle_offers | no_blanket_10pct,subscribe_discount|bundle|category_sample
7308405080319,T2,D1,D5,161.84,1,167.72,167.72,1,False,True,False,False,Subscription,Lean Protein,8.09,16.18,16.18,SUBSCRIBE_AND_SAVE | bundle_offers | no_blanket_10pct,subscribe_discount|bundle|category_sample
7756430967039,T1,D1,D1,161.81,3,230.06,76.68666666666667,3,False,True,True,True,Direct / Organic,Other,8.09,16.18,16.18,NO_SITEWIDE_PCT_OFF | experiences_only,partner_reward|early_access|event_invite|merch_VIP
7756469731583,T1,D1,D1,161.01,5,236.15,47.230000000000004,3,True,True,True,True,Direct / Organic,Other,8.05,16.1,16.1,NO_SITEWIDE_PCT_OFF | experiences_only,partner_reward|early_access|event_invite|merch_VIP
8590782955775,T1,D1,D1,160.96,2,197.24,98.62,2,True,True,True,True,Subscription,Clear Protein,8.05,16.1,16.1,NO_SITEWIDE_PCT_OFF | experiences_only,partner_reward|early_access|event_invite|merch_VIP
8854317859071,T1,D1,D1,160.92,2,215.7,107.85,2,False,True,True,True,Direct / Organic,Lean Protein,8.05,16.09,16.09,NO_SITEWIDE_PCT_OFF | experiences_only,partner_reward|early_access|event_invite|merch_VIP
7756418973951,T1,D1,D1,160.55,12,329.53,27.46083333333333,3,True,True,True,True,Subscription,Collagen Glow,8.03,16.06,16.06,NO_SITEWIDE_PCT_OFF | experiences_only,partner_reward|early_access|event_invite|merch_VIP
6372751343871,T2,D1,D2,160.09,2,240.54,120.27,1,False,True,False,False,Subscription,Other,8.0,16.01,16.01,SUBSCRIBE_AND_SAVE | bundle_offers | no_blanket_10pct,subscribe_discount|bundle|category_sample
7756041027839,T2,D1,D4,160.0,1,400.0,400.0,1,False,True,False,False,Direct / Organic,Unknown,8.0,16.0,16.0,SUBSCRIBE_AND_SAVE | bundle_offers | no_blanket_10pct,subscribe_discount|bundle|category_sample
7841564426495,T2,D1,D3,160.0,1,217.8,217.8,3,False,True,False,False,Direct / Organic,Lean Protein,8.0,16.0,16.0,SUBSCRIBE_AND_SAVE | bundle_offers | no_blanket_10pct,subscribe_discount|bundle|category_sample
7756418023679,T1,D1,D1,159.94,5,186.41,37.282,3,True,True,True,True,Subscription,Other,8.0,15.99,15.99,NO_SITEWIDE_PCT_OFF | experiences_only,partner_reward|early_access|event_invite|merch_VIP
8904390836479,T1,D1,D2,159.33,1,236.48,236.48,3,True,True,False,False,Subscription,Clear Protein,7.97,15.93,15.93,NO_SITEWIDE_PCT_OFF | experiences_only,partner_reward|early_access|event_invite|merch_VIP
8310327673087,T1,D1,D1,158.99,2,211.4,105.7,1,False,True,True,True,Direct / Organic,Lean Protein,7.95,15.9,15.9,NO_SITEWIDE_PCT_OFF | experiences_only,partner_reward|early_access|event_invite|merch_VIP
7756428116223,T1,D1,D1,158.98,2,172.75,86.375,3,True,True,True,True,Direct / Organic,Lean Protein,7.95,15.9,15.9,NO_SITEWIDE_PCT_OFF | experiences_only,partner_reward|early_access|event_invite|merch_VIP
8761818906879,T2,D1,D2,158.92,1,232.02,232.02,2,False,True,False,False,Direct / Organic,Clear Protein,7.95,15.89,15.89,SUBSCRIBE_AND_SAVE | bundle_offers | no_blanket_10pct,subscribe_discount|bundle|category_sample
7268175544575,T2,D1,D2,158.66,2,203.97,101.985,1,False,True,False,False,Subscription,Other,7.93,15.87,15.87,SUBSCRIBE_AND_SAVE | bundle_offers | no_blanket_10pct,subscribe_discount|bundle|category_sample
8149869854975,T1,D1,D1,158.64,2,232.2,116.1,1,True,True,True,True,Subscription,Clear Protein,7.93,15.86,15.86,NO_SITEWIDE_PCT_OFF | experiences_only,partner_reward|early_access|event_invite|merch_VIP
8701446029567,T1,D1,D1,158.64,2,232.2,116.1,1,True,True,True,True,Subscription,Clear Protein,7.93,15.86,15.86,NO_SITEWIDE_PCT_OFF | experiences_only,partner_reward|early_access|event_invite|merch_VIP
7537170055423,T2,D1,D2,158.52,2,233.61,116.805,2,False,True,False,False,Subscription,Other,7.93,15.85,15.85,SUBSCRIBE_AND_SAVE | bundle_offers | no_blanket_10pct,subscribe_discount|bundle|category_sample
8794668663039,T1,D1,D2,158.33,1,200.64,200.64,3,True,True,False,False,Subscription,Other,7.92,15.83,15.83,NO_SITEWIDE_PCT_OFF | experiences_only,partner_reward|early_access|event_invite|merch_VIP
7995001045247,T2,D1,D3,158.26,1,160.09,160.09,3,False,True,False,False,Direct / Organic,Accessories,7.91,15.83,15.83,SUBSCRIBE_AND_SAVE | bundle_offers | no_blanket_10pct,subscribe_discount|bundle|category_sample
7756358844671,T1,D1,D1,158.25,14,445.12,31.794285714285714,1,True,True,True,True,Subscription,Collagen Glow,7.91,15.82,15.82,NO_SITEWIDE_PCT_OFF | experiences_only,partner_reward|early_access|event_invite|merch_VIP
7756407177471,T1,D1,D1,158.04,4,211.03,52.7575,5,True,True,True,True,Subscription,Soy Protein,7.9,15.8,15.8,NO_SITEWIDE_PCT_OFF | experiences_only,partner_reward|early_access|event_invite|merch_VIP
6607239348479,T1,D1,D1,156.67,3,265.16,88.38666666666667,1,True,True,True,True,Subscription,Other,7.83,15.67,15.67,NO_SITEWIDE_PCT_OFF | experiences_only,partner_reward|early_access|event_invite|merch_VIP
8349936746751,T1,D1,D3,156.44,1,215.71,215.71,3,True,True,False,False,Subscription,Other,7.82,15.64,15.64,NO_SITEWIDE_PCT_OFF | experiences_only,partner_reward|early_access|event_invite|merch_VIP
6329637929215,T2,D1,D2,156.36,2,162.62,81.31,2,False,True,False,False,Subscription,Clear Protein,7.82,15.64,15.64,SUBSCRIBE_AND_SAVE | bundle_offers | no_blanket_10pct,subscribe_discount|bundle|category_sample
7258491322623,T2,D1,D5,156.21,1,198.72,198.72,3,False,True,False,False,Subscription,Clear Protein,7.81,15.62,15.62,SUBSCRIBE_AND_SAVE | bundle_offers | no_blanket_10pct,subscribe_discount|bundle|category_sample
8234476634367,T2,D1,D3,155.56,1,199.67,199.67,2,False,True,False,False,Direct / Organic,Accessories,7.78,15.56,15.56,SUBSCRIBE_AND_SAVE | bundle_offers | no_blanket_10pct,subscribe_discount|bundle|category_sample
7756429820159,T2,D1,D4,155.53,1,160.36,160.36,1,False,True,False,False,Direct / Organic,Clear Protein,7.78,15.55,15.55,SUBSCRIBE_AND_SAVE | bundle_offers | no_blanket_10pct,subscribe_discount|bundle|category_sample
7756469436671,T2,D1,D4,155.53,1,160.36,160.36,1,False,True,False,False,Direct / Organic,Clear Protein,7.78,15.55,15.55,SUBSCRIBE_AND_SAVE | bundle_offers | no_blanket_10pct,subscribe_discount|bundle|category_sample
8082865291519,T1,D1,D1,155.4,3,209.74,69.91333333333334,4,True,True,True,True,Direct / Organic,Accessories,7.77,15.54,15.54,NO_SITEWIDE_PCT_OFF | experiences_only,partner_reward|early_access|event_invite|merch_VIP
7183640199423,T2,D1,D5,155.2,1,167.72,167.72,1,False,True,False,False,Subscription,Other,7.76,15.52,15.52,SUBSCRIBE_AND_SAVE | bundle_offers | no_blanket_10pct,subscribe_discount|bundle|category_sample
7254253404415,T2,D1,D2,155.2,2,208.66,104.33,1,False,True,False,False,Subscription,Other,7.76,15.52,15.52,SUBSCRIBE_AND_SAVE | bundle_offers | no_blanket_10pct,subscribe_discount|bundle|category_sample
7308128321791,T2,D1,D5,155.2,1,167.72,167.72,1,False,True,False,False,Subscription,Other,7.76,15.52,15.52,SUBSCRIBE_AND_SAVE | bundle_offers | no_blanket_10pct,subscribe_discount|bundle|category_sample
7910880280831,T2,D1,D3,155.2,1,215.64,215.64,1,False,True,False,False,Direct / Organic,Other,7.76,15.52,15.52,SUBSCRIBE_AND_SAVE | bundle_offers | no_blanket_10pct,subscribe_discount|bundle|category_sample
7583185371391,T2,D1,D2,155.04,2,226.81,113.405,1,False,True,False,False,Subscription,Lean Protein,7.75,15.5,15.5,SUBSCRIBE_AND_SAVE | bundle_offers | no_blanket_10pct,subscribe_discount|bundle|category_sample
6529440514303,T2,D1,D2,154.85,2,227.39,113.695,2,False,True,False,False,Subscription,Other,7.74,15.48,15.48,SUBSCRIBE_AND_SAVE | bundle_offers | no_blanket_10pct,subscribe_discount|bundle|category_sample
6329611485439,T2,D1,D2,154.27,2,248.75,124.375,2,False,True,False,False,Subscription,Unknown,7.71,15.43,15.43,SUBSCRIBE_AND_SAVE | bundle_offers | no_blanket_10pct,subscribe_discount|bundle|category_sample
6787329097983,T2,D1,D2,154.0,2,244.44,122.22,1,False,True,False,False,Subscription,Other,7.7,15.4,15.4,SUBSCRIBE_AND_SAVE | bundle_offers | no_blanket_10pct,subscribe_discount|bundle|category_sample
7756461670655,T1,D1,D1,153.76,3,203.64,67.88,4,False,True,True,True,Direct / Organic,Lean Protein,7.69,15.38,15.38,NO_SITEWIDE_PCT_OFF | experiences_only,partner_reward|early_access|event_invite|merch_VIP
7756382339327,T1,D1,D1,153.73,2,236.9,118.45,3,False,True,True,True,Direct / Organic,Other,7.69,15.37,15.37,NO_SITEWIDE_PCT_OFF | experiences_only,partner_reward|early_access|event_invite|merch_VIP
7308278366463,T2,D1,D2,153.49,2,173.5,86.75,3,False,True,False,False,Subscription,Lean Protein,7.67,15.35,15.35,SUBSCRIBE_AND_SAVE | bundle_offers | no_blanket_10pct,subscribe_discount|bundle|category_sample
6599308607743,T1,D1,D1,153.28,4,228.77,57.1925,1,True,True,True,True,Subscription,Other,7.66,15.33,15.33,NO_SITEWIDE_PCT_OFF | experiences_only,partner_reward|early_access|event_invite|merch_VIP
8133951881471,T1,D1,D1,153.04,2,232.02,116.01,2,True,True,True,True,Subscription,Other,7.65,15.3,15.3,NO_SITEWIDE_PCT_OFF | experiences_only,partner_reward|early_access|event_invite|merch_VIP
7308582682879,T2,D1,D2,152.65,2,150.29,75.145,2,False,True,False,False,Subscription,Clear Protein,7.63,15.26,15.26,SUBSCRIBE_AND_SAVE | bundle_offers | no_blanket_10pct,subscribe_discount|bundle|category_sample
6532494196991,T1,D1,D1,152.14,3,242.52,80.84,3,False,True,True,True,Subscription,Other,7.61,15.21,15.21,NO_SITEWIDE_PCT_OFF | experiences_only,partner_reward|early_access|event_invite|merch_VIP
7994690470143,T1,D1,D1,151.83,3,222.0,74.0,1,False,True,True,True,Direct / Organic,Clear Protein,7.59,15.18,15.18,NO_SITEWIDE_PCT_OFF | experiences_only,partner_reward|early_access|event_invite|merch_VIP
8902266945791,T2,D1,D2,151.74,1,186.12,186.12,5,False,True,False,False,Paid Social,Lean Protein,7.59,15.17,15.17,SUBSCRIBE_AND_SAVE | bundle_offers | no_blanket_10pct,subscribe_discount|bundle|category_sample
8483228352767,T1,D1,D1,151.64,3,218.26,72.75333333333333,1,True,True,True,True,Direct / Organic,Lean Protein,7.58,15.16,15.16,NO_SITEWIDE_PCT_OFF | experiences_only,partner_reward|early_access|event_invite|merch_VIP
7394844180735,T1,D1,D1,151.25,3,246.12,82.04,2,False,True,True,True,Subscription,Collagen Glow,7.56,15.12,15.12,NO_SITEWIDE_PCT_OFF | experiences_only,partner_reward|early_access|event_invite|merch_VIP
7932359868671,T1,D1,D1,151.01,2,194.15,97.075,2,False,True,True,True,Direct / Organic,Lean Protein,7.55,15.1,15.1,NO_SITEWIDE_PCT_OFF | experiences_only,partner_reward|early_access|event_invite|merch_VIP
8585926672639,T1,D1,D1,150.76,2,192.1,96.05,1,False,True,True,True,Direct / Organic,Lean Protein,7.54,15.08,15.08,NO_SITEWIDE_PCT_OFF | experiences_only,partner_reward|early_access|event_invite|merch_VIP
6582510584063,T1,D1,D5,150.72,1,217.08,217.08,1,True,True,False,False,Subscription,Other,7.54,15.07,15.07,NO_SITEWIDE_PCT_OFF | experiences_only,partner_reward|early_access|event_invite|merch_VIP
7756410978559,T1,D1,D1,150.41,2,192.23,96.115,2,True,True,True,True,Direct / Organic,Collagen Glow,7.52,15.04,15.04,NO_SITEWIDE_PCT_OFF | experiences_only,partner_reward|early_access|event_invite|merch_VIP
8714446045439,T1,D1,D1,150.22,2,212.52,106.26,2,False,True,True,True,Direct / Organic,Other,7.51,15.02,15.02,NO_SITEWIDE_PCT_OFF | experiences_only,partner_reward|early_access|event_invite|merch_VIP
8825355141375,T2,D1,D2,150.2,1,225.48,225.48,2,False,True,False,False,Direct / Organic,Lean Protein,7.51,15.02,15.02,SUBSCRIBE_AND_SAVE | bundle_offers | no_blanket_10pct,subscribe_discount|bundle|category_sample
7313591402751,T1,D1,D2,149.47,2,161.24,80.62,3,True,True,False,False,Subscription,Lean Protein,7.47,14.95,14.95,NO_SITEWIDE_PCT_OFF | experiences_only,partner_reward|early_access|event_invite|merch_VIP
8765829415167,T2,D1,D2,149.39,1,210.98,210.98,4,False,True,False,False,Direct / Organic,Lean Protein,7.47,14.94,14.94,SUBSCRIBE_AND_SAVE | bundle_offers | no_blanket_10pct,subscribe_discount|bundle|category_sample
7940967268607,T1,D1,D1,149.34,2,198.54,99.27,2,False,True,True,True,Direct / Organic,Clear Protein,7.47,14.93,14.93,NO_SITEWIDE_PCT_OFF | experiences_only,partner_reward|early_access|event_invite|merch_VIP
6423596531967,T2,D1,D2,148.93,2,382.12,191.06,1,False,True,False,False,Subscription,Unknown,7.45,14.89,14.89,SUBSCRIBE_AND_SAVE | bundle_offers | no_blanket_10pct,subscribe_discount|bundle|category_sample
8474565968127,T1,D1,D1,148.71,2,170.97,85.485,3,False,True,True,True,Direct / Organic,Clear Protein,7.44,14.87,14.87,NO_SITEWIDE_PCT_OFF | experiences_only,partner_reward|early_access|event_invite|merch_VIP
7756218728703,T1,D1,D1,148.55,2,210.64,105.32,3,False,True,True,True,Direct / Organic,Lean Protein,7.43,14.86,14.86,NO_SITEWIDE_PCT_OFF | experiences_only,partner_reward|early_access|event_invite|merch_VIP
6593759609087,T1,D1,D1,148.44,3,235.66,78.55333333333333,1,True,True,True,True,Subscription,Other,7.42,14.84,14.84,NO_SITEWIDE_PCT_OFF | experiences_only,partner_reward|early_access|event_invite|merch_VIP
7756003803391,T2,D1,D2,148.33,2,174.11,87.055,2,False,True,False,False,Direct / Organic,Clear Protein,7.42,14.83,14.83,SUBSCRIBE_AND_SAVE | bundle_offers | no_blanket_10pct,subscribe_discount|bundle|category_sample
7425530396927,T2,D1,D5,148.32,1,197.8,197.8,2,False,True,False,False,Direct / Organic,Other,7.42,14.83,14.83,SUBSCRIBE_AND_SAVE | bundle_offers | no_blanket_10pct,subscribe_discount|bundle|category_sample
6336647954687,T1,D1,D1,148.23,3,249.92,83.30666666666666,2,False,True,True,True,Subscription,Unknown,7.41,14.82,14.82,NO_SITEWIDE_PCT_OFF | experiences_only,partner_reward|early_access|event_invite|merch_VIP
7756263457023,T1,D1,D1,148.07,4,193.43,48.3575,1,False,True,True,True,Direct / Organic,Other,7.4,14.81,14.81,NO_SITEWIDE_PCT_OFF | experiences_only,partner_reward|early_access|event_invite|merch_VIP
8639310823679,T1,D1,D1,147.8,2,178.92,89.46,4,False,True,True,True,Direct / Organic,Other,7.39,14.78,14.78,NO_SITEWIDE_PCT_OFF | experiences_only,partner_reward|early_access|event_invite|merch_VIP
7113287008511,T2,D1,D2,147.73,2,175.34,87.67,4,False,True,False,False,Subscription,Other,7.39,14.77,14.77,SUBSCRIBE_AND_SAVE | bundle_offers | no_blanket_10pct,subscribe_discount|bundle|category_sample
8837407637759,T2,D1,D2,147.72,1,223.39,223.39,2,False,True,False,False,Direct / Organic,Lean Protein,7.39,14.77,14.77,SUBSCRIBE_AND_SAVE | bundle_offers | no_blanket_10pct,subscribe_discount|bundle|category_sample
8360854388991,T1,D1,D1,147.4,2,212.08,106.04,2,True,True,True,True,Direct / Organic,Lean Protein,7.37,14.74,14.74,NO_SITEWIDE_PCT_OFF | experiences_only,partner_reward|early_access|event_invite|merch_VIP
8089410470143,T1,D1,D1,147.1,2,202.24,101.12,3,False,True,True,True,Direct / Organic,Other,7.36,14.71,14.71,NO_SITEWIDE_PCT_OFF | experiences_only,partner_reward|early_access|event_invite|merch_VIP
7756469600511,T2,D1,D4,146.92,1,154.34,154.34,4,False,True,False,False,Direct / Organic,Other,7.35,14.69,14.69,SUBSCRIBE_AND_SAVE | bundle_offers | no_blanket_10pct,subscribe_discount|bundle|category_sample
8310005006591,T1,D1,D1,146.74,3,231.48,77.16,3,True,True,True,True,Paid Social,Accessories,7.34,14.67,14.67,NO_SITEWIDE_PCT_OFF | experiences_only,partner_reward|early_access|event_invite|merch_VIP
7756010160383,T1,D1,D1,146.69,6,395.67,65.94500000000001,3,True,True,True,True,Direct / Organic,Unknown,7.33,14.67,14.67,NO_SITEWIDE_PCT_OFF | experiences_only,partner_reward|early_access|event_invite|merch_VIP
7430469386495,T2,D1,D2,146.63,2,186.86,93.43,3,False,True,False,False,Subscription,Clear Protein,7.33,14.66,14.66,SUBSCRIBE_AND_SAVE | bundle_offers | no_blanket_10pct,subscribe_discount|bundle|category_sample
7172742021375,T2,D1,D2,146.48,2,207.63,103.815,4,False,True,False,False,Subscription,Clear Protein,7.32,14.65,14.65,SUBSCRIBE_AND_SAVE | bundle_offers | no_blanket_10pct,subscribe_discount|bundle|category_sample
7856082321663,T1,D1,D1,146.33,2,223.7,111.85,2,False,True,True,True,Direct / Organic,Other,7.32,14.63,14.63,NO_SITEWIDE_PCT_OFF | experiences_only,partner_reward|early_access|event_invite|merch_VIP
8445907501311,T1,D1,D1,146.17,2,200.4,100.2,4,False,True,True,True,Paid Social,Unknown,7.31,14.62,14.62,NO_SITEWIDE_PCT_OFF | experiences_only,partner_reward|early_access|event_invite|merch_VIP
8015408922879,T1,D1,D1,145.54,3,223.28,74.42666666666666,3,True,True,True,True,Subscription,Other,7.28,14.55,14.55,NO_SITEWIDE_PCT_OFF | experiences_only,partner_reward|early_access|event_invite|merch_VIP
6424716706047,T2,D1,D2,145.48,2,231.71,115.855,4,False,True,False,False,Subscription,Collagen Glow,7.27,14.55,14.55,SUBSCRIBE_AND_SAVE | bundle_offers | no_blanket_10pct,subscribe_discount|bundle|category_sample
7756042502399,T2,D1,D4,145.26,1,363.15,363.15,1,False,True,False,False,Direct / Organic,Unknown,7.26,14.53,14.53,SUBSCRIBE_AND_SAVE | bundle_offers | no_blanket_10pct,subscribe_discount|bundle|category_sample
8657433362687,T2,D1,D2,145.2,1,186.7,186.7,1,False,True,False,False,Paid Social,Lean Protein,7.26,14.52,14.52,SUBSCRIBE_AND_SAVE | bundle_offers | no_blanket_10pct,subscribe_discount|bundle|category_sample
7933864575231,T1,D1,D1,144.74,2,206.26,103.13,2,True,True,True,True,Subscription,Clear Protein,7.24,14.47,14.47,NO_SITEWIDE_PCT_OFF | experiences_only,partner_reward|early_access|event_invite|merch_VIP
7756436701439,T1,D1,D1,144.72,5,238.48,47.696,3,False,True,True,True,Direct / Organic,Collagen Glow,7.24,14.47,14.47,NO_SITEWIDE_PCT_OFF | experiences_only,partner_reward|early_access|event_invite|merch_VIP
7756442730751,T1,D1,D1,144.56,5,192.2,38.44,3,False,True,True,True,Direct / Organic,Other,7.23,14.46,14.46,NO_SITEWIDE_PCT_OFF | experiences_only,partner_reward|early_access|event_invite|merch_VIP
6336660111615,T2,D1,D2,144.5,2,233.32,116.66,3,False,True,False,False,Subscription,Unknown,7.22,14.45,14.45,SUBSCRIBE_AND_SAVE | bundle_offers | no_blanket_10pct,subscribe_discount|bundle|category_sample
7756477300991,T1,D1,D1,144.35,3,199.52,66.50666666666667,1,False,True,True,True,Direct / Organic,Clear Protein,7.22,14.44,14.44,NO_SITEWIDE_PCT_OFF | experiences_only,partner_reward|early_access|event_invite|merch_VIP
7168728498431,T1,D1,D1,144.1,3,202.12,67.37333333333333,3,True,True,True,True,Subscription,Collagen Glow,7.2,14.41,14.41,NO_SITEWIDE_PCT_OFF | experiences_only,partner_reward|early_access|event_invite|merch_VIP
8730866352383,T1,D1,D1,144.02,2,199.47,99.735,1,True,True,True,True,Subscription,Lean Protein,7.2,14.4,14.4,NO_SITEWIDE_PCT_OFF | experiences_only,partner_reward|early_access|event_invite|merch_VIP
7756435915007,T1,D1,D1,143.6,2,150.71,75.355,2,False,True,True,True,Direct / Organic,Other,7.18,14.36,14.36,NO_SITEWIDE_PCT_OFF | experiences_only,partner_reward|early_access|event_invite|merch_VIP
7937013809407,T1,D1,D1,143.59,2,200.22,100.11,3,True,True,True,True,Direct / Organic,Other,7.18,14.36,14.36,NO_SITEWIDE_PCT_OFF | experiences_only,partner_reward|early_access|event_invite|merch_VIP
8351278334207,T2,D1,D3,143.47,1,177.2,177.2,2,False,True,False,False,Direct / Organic,Clear Protein,7.17,14.35,14.35,SUBSCRIBE_AND_SAVE | bundle_offers | no_blanket_10pct,subscribe_discount|bundle|category_sample
6329858785535,T2,D1,D2,142.98,2,367.25,183.625,1,False,True,False,False,Subscription,Unknown,7.15,14.3,14.3,SUBSCRIBE_AND_SAVE | bundle_offers | no_blanket_10pct,subscribe_discount|bundle|category_sample
8480155238655,T2,D1,D2,142.96,1,178.11,178.11,2,False,True,False,False,Direct / Organic,Lean Protein,7.15,14.3,14.3,SUBSCRIBE_AND_SAVE | bundle_offers | no_blanket_10pct,subscribe_discount|bundle|category_sample
7756043583743,T2,D1,D4,142.88,1,357.2,357.2,1,False,True,False,False,Direct / Organic,Unknown,7.14,14.29,14.29,SUBSCRIBE_AND_SAVE | bundle_offers | no_blanket_10pct,subscribe_discount|bundle|category_sample
7949137477887,T1,D1,D1,142.83,2,192.55,96.275,1,False,True,True,True,Paid Social,Clear Protein,7.14,14.28,14.28,NO_SITEWIDE_PCT_OFF | experiences_only,partner_reward|early_access|event_invite|merch_VIP
8364503302399,T2,D1,D2,142.83,1,178.2,178.2,1,False,True,False,False,Direct / Organic,Clear Protein,7.14,14.28,14.28,SUBSCRIBE_AND_SAVE | bundle_offers | no_blanket_10pct,subscribe_discount|bundle|category_sample
6822588449023,T2,D1,D2,142.77,2,196.66,98.33,1,False,True,False,False,Subscription,Other,7.14,14.28,14.28,SUBSCRIBE_AND_SAVE | bundle_offers | no_blanket_10pct,subscribe_discount|bundle|category_sample
7476702085375,T1,D1,D1,142.73,3,189.83,63.27666666666667,1,False,True,True,True,Subscription,Clear Protein,7.14,14.27,14.27,NO_SITEWIDE_PCT_OFF | experiences_only,partner_reward|early_access|event_invite|merch_VIP
7947663081727,T1,D1,D1,142.69,2,181.84,90.92,3,True,True,True,True,Direct / Organic,Lean Protein,7.13,14.27,14.27,NO_SITEWIDE_PCT_OFF | experiences_only,partner_reward|early_access|event_invite|merch_VIP
8361846472959,T1,D1,D1,142.66,2,162.1,81.05,3,False,True,True,True,Email,Accessories,7.13,14.27,14.27,NO_SITEWIDE_PCT_OFF | experiences_only,partner_reward|early_access|event_invite|merch_VIP
7875674800383,T2,D1,D3,142.63,1,257.8,257.8,3,False,True,False,False,Direct / Organic,Unknown,7.13,14.26,14.26,SUBSCRIBE_AND_SAVE | bundle_offers | no_blanket_10pct,subscribe_discount|bundle|category_sample
6329836339455,T2,D1,D2,142.24,2,355.61,177.805,1,False,True,False,False,Subscription,Unknown,7.11,14.22,14.22,SUBSCRIBE_AND_SAVE | bundle_offers | no_blanket_10pct,subscribe_discount|bundle|category_sample
7756422578431,T1,D1,D1,141.83,3,244.42,81.47333333333333,4,True,True,True,True,Subscription,Clear Protein,7.09,14.18,14.18,NO_SITEWIDE_PCT_OFF | experiences_only,partner_reward|early_access|event_invite|merch_VIP
6423592370431,T2,D1,D2,141.63,2,307.29,153.645,2,False,True,False,False,Subscription,Unknown,7.08,14.16,14.16,SUBSCRIBE_AND_SAVE | bundle_offers | no_blanket_10pct,subscribe_discount|bundle|category_sample
7755954094335,T1,D1,D1,141.62,4,327.82,81.955,2,False,True,True,True,Direct / Organic,Unknown,7.08,14.16,14.16,NO_SITEWIDE_PCT_OFF | experiences_only,partner_reward|early_access|event_invite|merch_VIP
6336758808831,T2,D1,D2,141.62,2,148.52,74.26,3,False,True,False,False,Subscription,Unknown,7.08,14.16,14.16,SUBSCRIBE_AND_SAVE | bundle_offers | no_blanket_10pct,subscribe_discount|bundle|category_sample
6685270081791,T1,D1,D1,141.57,3,234.94,78.31333333333333,2,True,True,True,True,Subscription,Other,7.08,14.16,14.16,NO_SITEWIDE_PCT_OFF | experiences_only,partner_reward|early_access|event_invite|merch_VIP
8244287111423,T2,D1,D3,141.55,1,164.48,164.48,1,False,True,False,False,Direct / Organic,Lean Protein,7.08,14.16,14.16,SUBSCRIBE_AND_SAVE | bundle_offers | no_blanket_10pct,subscribe_discount|bundle|category_sample
8835435233535,T1,D1,D2,141.48,1,215.04,215.04,1,True,True,False,False,Subscription,Clear Protein,7.07,14.15,14.15,NO_SITEWIDE_PCT_OFF | experiences_only,partner_reward|early_access|event_invite|merch_VIP
8841410478335,T1,D1,D2,141.48,1,215.04,215.04,1,True,True,False,False,Subscription,Clear Protein,7.07,14.15,14.15,NO_SITEWIDE_PCT_OFF | experiences_only,partner_reward|early_access|event_invite|merch_VIP
7756008128767,T2,D1,D4,141.33,1,205.96,205.96,1,False,True,False,False,Direct / Organic,Other,7.07,14.13,14.13,SUBSCRIBE_AND_SAVE | bundle_offers | no_blanket_10pct,subscribe_discount|bundle|category_sample
6329857638655,T2,D1,D5,141.3,1,125.58,125.58,1,False,True,False,False,Subscription,Other,7.07,14.13,14.13,SUBSCRIBE_AND_SAVE | bundle_offers | no_blanket_10pct,subscribe_discount|bundle|category_sample
8344990417151,T1,D1,D1,141.13,2,176.41,88.205,3,True,True,True,True,Subscription,Other,7.06,14.11,14.11,NO_SITEWIDE_PCT_OFF | experiences_only,partner_reward|early_access|event_invite|merch_VIP
6329699729663,T2,D1,D5,141.09,1,357.62,357.62,1,False,True,False,False,Subscription,Unknown,7.05,14.11,14.11,SUBSCRIBE_AND_SAVE | bundle_offers | no_blanket_10pct,subscribe_discount|bundle|category_sample
6423599907071,T2,D1,D5,140.78,1,356.86,356.86,1,False,True,False,False,Subscription,Unknown,7.04,14.08,14.08,SUBSCRIBE_AND_SAVE | bundle_offers | no_blanket_10pct,subscribe_discount|bundle|category_sample
6327404921087,T2,D1,D2,140.72,2,361.09,180.545,3,False,True,False,False,Subscription,Unknown,7.04,14.07,14.07,SUBSCRIBE_AND_SAVE | bundle_offers | no_blanket_10pct,subscribe_discount|bundle|category_sample
6327627383039,T1,D1,D1,140.57,3,223.84,74.61333333333333,3,True,True,True,True,Subscription,Other,7.03,14.06,14.06,NO_SITEWIDE_PCT_OFF | experiences_only,partner_reward|early_access|event_invite|merch_VIP
6334060429567,T2,D1,D2,140.52,2,356.21,178.105,1,False,True,False,False,Subscription,Unknown,7.03,14.05,14.05,SUBSCRIBE_AND_SAVE | bundle_offers | no_blanket_10pct,subscribe_discount|bundle|category_sample
8035367223551,T1,D1,D1,140.4,4,210.24,52.56,1,True,True,True,True,Subscription,Lean Protein,7.02,14.04,14.04,NO_SITEWIDE_PCT_OFF | experiences_only,partner_reward|early_access|event_invite|merch_VIP
7957906981119,T1,D1,D1,140.27,2,199.82,99.91,3,True,True,True,True,Subscription,Lean Protein,7.01,14.03,14.03,NO_SITEWIDE_PCT_OFF | experiences_only,partner_reward|early_access|event_invite|merch_VIP
7868325495039,T1,D1,D1,140.02,2,202.9,101.45,2,False,True,True,True,Direct / Organic,Clear Protein,7.0,14.0,14.0,NO_SITEWIDE_PCT_OFF | experiences_only,partner_reward|early_access|event_invite|merch_VIP
7756453216511,T1,D1,D1,139.99,2,163.46,81.73,3,True,True,True,True,Subscription,Soy Protein,7.0,14.0,14.0,NO_SITEWIDE_PCT_OFF | experiences_only,partner_reward|early_access|event_invite|merch_VIP
6336648675583,T1,D1,D1,139.71,3,170.51,56.836666666666666,3,False,True,True,True,Subscription,Other,6.99,13.97,13.97,NO_SITEWIDE_PCT_OFF | experiences_only,partner_reward|early_access|event_invite|merch_VIP
7894464626943,T1,D1,D1,139.55,3,215.55,71.85000000000001,1,True,True,True,True,Subscription,Other,6.98,13.96,13.96,NO_SITEWIDE_PCT_OFF | experiences_only,partner_reward|early_access|event_invite|merch_VIP
8151474929919,T1,D1,D1,139.55,2,207.44,103.72,3,False,True,True,True,Direct / Organic,Accessories,6.98,13.96,13.96,NO_SITEWIDE_PCT_OFF | experiences_only,partner_reward|early_access|event_invite|merch_VIP
6336662634751,T1,D1,D2,139.29,2,233.13,116.565,1,True,True,False,False,Subscription,Other,6.96,13.93,13.93,NO_SITEWIDE_PCT_OFF | experiences_only,partner_reward|early_access|event_invite|merch_VIP
6328231035135,T2,D1,D5,139.25,1,348.12,348.12,1,False,True,False,False,Subscription,Unknown,6.96,13.92,13.92,SUBSCRIBE_AND_SAVE | bundle_offers | no_blanket_10pct,subscribe_discount|bundle|category_sample
7756464914687,T2,D1,D4,139.17,1,206.43,206.43,2,False,True,False,False,Direct / Organic,Other,6.96,13.92,13.92,SUBSCRIBE_AND_SAVE | bundle_offers | no_blanket_10pct,subscribe_discount|bundle|category_sample
8109930512639,T1,D1,D1,139.14,2,204.85,102.425,1,True,True,True,True,Subscription,Lean Protein,6.96,13.91,13.91,NO_SITEWIDE_PCT_OFF | experiences_only,partner_reward|early_access|event_invite|merch_VIP
8091443003647,T1,D1,D1,139.04,2,185.25,92.625,1,True,True,True,True,Subscription,Clear Protein,6.95,13.9,13.9,NO_SITEWIDE_PCT_OFF | experiences_only,partner_reward|early_access|event_invite|merch_VIP
6550479470847,T1,D1,D1,139.03,3,218.51,72.83666666666666,2,False,True,True,True,Subscription,Other,6.95,13.9,13.9,NO_SITEWIDE_PCT_OFF | experiences_only,partner_reward|early_access|event_invite|merch_VIP
7089768923391,T2,D1,D2,138.96,2,154.4,77.2,1,False,True,False,False,Subscription,Other,6.95,13.9,13.9,SUBSCRIBE_AND_SAVE | bundle_offers | no_blanket_10pct,subscribe_discount|bundle|category_sample
7756461375743,T1,D1,D1,138.06,2,177.36,88.68,3,False,True,True,True,Direct / Organic,Clear Protein,6.9,13.81,13.81,NO_SITEWIDE_PCT_OFF | experiences_only,partner_reward|early_access|event_invite|merch_VIP
7967440109823,T1,D1,D1,138.03,2,198.2,99.1,1,False,True,True,True,Paid Social,Clear Protein,6.9,13.8,13.8,NO_SITEWIDE_PCT_OFF | experiences_only,partner_reward|early_access|event_invite|merch_VIP
6776240406783,T2,D1,D2,137.83,2,216.24,108.12,1,False,True,False,False,Subscription,Other,6.89,13.78,13.78,SUBSCRIBE_AND_SAVE | bundle_offers | no_blanket_10pct,subscribe_discount|bundle|category_sample
8694256533759,T2,D1,D2,137.62,1,194.77,194.77,3,False,True,False,False,Direct / Organic,Clear Protein,6.88,13.76,13.76,SUBSCRIBE_AND_SAVE | bundle_offers | no_blanket_10pct,subscribe_discount|bundle|category_sample
7755970740479,T1,D1,D1,137.47,3,343.67,114.55666666666667,1,False,True,True,True,Direct / Organic,Unknown,6.87,13.75,13.75,NO_SITEWIDE_PCT_OFF | experiences_only,partner_reward|early_access|event_invite|merch_VIP
6377877831935,T2,D1,D2,137.47,2,185.6,92.8,3,False,True,False,False,Subscription,Other,6.87,13.75,13.75,SUBSCRIBE_AND_SAVE | bundle_offers | no_blanket_10pct,subscribe_discount|bundle|category_sample
8343572152575,T1,D1,D1,137.3,2,202.33,101.165,3,True,True,True,True,Subscription,Accessories,6.87,13.73,13.73,NO_SITEWIDE_PCT_OFF | experiences_only,partner_reward|early_access|event_invite|merch_VIP
8780897124607,T1,D1,D2,137.16,1,151.61,151.61,1,True,True,False,False,Subscription,Collagen Glow,6.86,13.72,13.72,NO_SITEWIDE_PCT_OFF | experiences_only,partner_reward|early_access|event_invite|merch_VIP
8848376529151,T1,D1,D2,137.08,1,151.54,151.54,1,True,True,False,False,Subscription,Collagen Glow,6.85,13.71,13.71,NO_SITEWIDE_PCT_OFF | experiences_only,partner_reward|early_access|event_invite|merch_VIP
7919433187583,T1,D1,D1,136.96,2,174.4,87.2,3,False,True,True,True,Direct / Organic,Accessories,6.85,13.7,13.7,NO_SITEWIDE_PCT_OFF | experiences_only,partner_reward|early_access|event_invite|merch_VIP
8275771687167,T1,D1,D1,136.26,2,184.34,92.17,2,False,True,True,True,Direct / Organic,Lean Protein,6.81,13.63,13.63,NO_SITEWIDE_PCT_OFF | experiences_only,partner_reward|early_access|event_invite|merch_VIP
7756016582911,T2,D1,D4,135.64,1,341.83,341.83,1,False,True,False,False,Direct / Organic,Unknown,6.78,13.56,13.56,SUBSCRIBE_AND_SAVE | bundle_offers | no_blanket_10pct,subscribe_discount|bundle|category_sample
7896021860607,T1,D1,D1,135.6,2,247.66,123.83,3,True,True,True,True,Subscription,Lean Protein,6.78,13.56,13.56,NO_SITEWIDE_PCT_OFF | experiences_only,partner_reward|early_access|event_invite|merch_VIP
7756425134335,T1,D1,D1,135.43,2,225.0,112.5,4,True,True,True,True,Subscription,Collagen Glow,6.77,13.54,13.54,NO_SITEWIDE_PCT_OFF | experiences_only,partner_reward|early_access|event_invite|merch_VIP
8795078983935,T1,D1,D1,135.4,2,190.98,95.49,4,False,True,True,True,Direct / Organic,Lean Protein,6.77,13.54,13.54,NO_SITEWIDE_PCT_OFF | experiences_only,partner_reward|early_access|event_invite|merch_VIP
8325623087359,T2,D1,D3,135.28,1,131.6,131.6,3,False,True,False,False,Direct / Organic,Other,6.76,13.53,13.53,SUBSCRIBE_AND_SAVE | bundle_offers | no_blanket_10pct,subscribe_discount|bundle|category_sample
8226075803903,T2,D1,D3,135.17,1,131.72,131.72,3,False,True,False,False,Direct / Organic,Other,6.76,13.52,13.52,SUBSCRIBE_AND_SAVE | bundle_offers | no_blanket_10pct,subscribe_discount|bundle|category_sample
8334140932351,T2,D1,D3,135.04,1,131.59,131.59,3,False,True,False,False,Direct / Organic,Other,6.75,13.5,13.5,SUBSCRIBE_AND_SAVE | bundle_offers | no_blanket_10pct,subscribe_discount|bundle|category_sample
7756352356607,T1,D1,D1,134.92,3,195.58,65.19333333333334,2,False,True,True,True,Direct / Organic,Collagen Glow,6.75,13.49,13.49,NO_SITEWIDE_PCT_OFF | experiences_only,partner_reward|early_access|event_invite|merch_VIP
7961351127295,T2,D1,D3,134.81,1,208.8,208.8,3,False,True,False,False,Direct / Organic,Other,6.74,13.48,13.48,SUBSCRIBE_AND_SAVE | bundle_offers | no_blanket_10pct,subscribe_discount|bundle|category_sample
7954004803839,T1,D1,D1,134.73,2,184.89,92.445,3,False,True,True,True,Paid Social,Other,6.74,13.47,13.47,NO_SITEWIDE_PCT_OFF | experiences_only,partner_reward|early_access|event_invite|merch_VIP
7475205636351,T2,D1,D2,134.37,2,157.94,78.97,2,False,True,False,False,Subscription,Clear Protein,6.72,13.44,13.44,SUBSCRIBE_AND_SAVE | bundle_offers | no_blanket_10pct,subscribe_discount|bundle|category_sample
7756170002687,T1,D1,D4,134.06,1,166.0,166.0,2,True,True,False,False,Subscription,Other,6.7,13.41,13.41,NO_SITEWIDE_PCT_OFF | experiences_only,partner_reward|early_access|event_invite|merch_VIP
7756357632255,T1,D1,D1,133.77,5,233.06,46.612,3,True,True,True,True,Direct / Organic,Other,6.69,13.38,13.38,NO_SITEWIDE_PCT_OFF | experiences_only,partner_reward|early_access|event_invite|merch_VIP
7309950812415,T1,D1,D2,133.61,2,183.78,91.89,3,True,True,False,False,Subscription,Clear Protein,6.68,13.36,13.36,NO_SITEWIDE_PCT_OFF | experiences_only,partner_reward|early_access|event_invite|merch_VIP
7756457148671,T1,D1,D1,133.42,3,201.47,67.15666666666667,4,True,True,True,True,Subscription,Clear Protein,6.67,13.34,13.34,NO_SITEWIDE_PCT_OFF | experiences_only,partner_reward|early_access|event_invite|merch_VIP
8329035481343,T2,D1,D3,133.39,1,147.58,147.58,3,False,True,False,False,Direct / Organic,Other,6.67,13.34,13.34,SUBSCRIBE_AND_SAVE | bundle_offers | no_blanket_10pct,subscribe_discount|bundle|category_sample
6423596761343,T2,D1,D2,133.33,2,343.13,171.565,1,False,True,False,False,Subscription,Unknown,6.67,13.33,13.33,SUBSCRIBE_AND_SAVE | bundle_offers | no_blanket_10pct,subscribe_discount|bundle|category_sample
6327622566143,T2,D1,D5,133.1,1,332.74,332.74,1,False,True,False,False,Subscription,Unknown,6.66,13.31,13.31,SUBSCRIBE_AND_SAVE | bundle_offers | no_blanket_10pct,subscribe_discount|bundle|category_sample
8069502337279,T1,D1,D1,132.96,2,193.94,96.97,2,True,True,True,True,Subscription,Other,6.65,13.3,13.3,NO_SITEWIDE_PCT_OFF | experiences_only,partner_reward|early_access|event_invite|merch_VIP
7756397412607,T1,D1,D1,132.45,4,263.36,65.84,3,True,True,True,True,Direct / Organic,Unknown,6.62,13.24,13.24,NO_SITEWIDE_PCT_OFF | experiences_only,partner_reward|early_access|event_invite|merch_VIP
6650644726015,T1,D1,D1,132.33,3,221.61,73.87,1,True,True,True,True,Subscription,Other,6.62,13.23,13.23,NO_SITEWIDE_PCT_OFF | experiences_only,partner_reward|early_access|event_invite|merch_VIP
7819138269439,T1,D1,D1,132.16,3,203.6,67.86666666666666,2,False,True,True,True,Direct / Organic,Lean Protein,6.61,13.22,13.22,NO_SITEWIDE_PCT_OFF | experiences_only,partner_reward|early_access|event_invite|merch_VIP
8245528232191,T1,D1,D1,132.16,2,193.8,96.9,2,False,True,True,True,Direct / Organic,Lean Protein,6.61,13.22,13.22,NO_SITEWIDE_PCT_OFF | experiences_only,partner_reward|early_access|event_invite|merch_VIP
8794067861759,T2,D1,D2,132.03,1,176.31,176.31,3,False,True,False,False,Direct / Organic,Other,6.6,13.2,13.2,SUBSCRIBE_AND_SAVE | bundle_offers | no_blanket_10pct,subscribe_discount|bundle|category_sample
7756016779519,T1,D1,D1,131.94,3,329.84,109.94666666666666,1,False,True,True,True,Direct / Organic,Unknown,6.6,13.19,13.19,NO_SITEWIDE_PCT_OFF | experiences_only,partner_reward|early_access|event_invite|merch_VIP
7461546655999,T2,D1,D2,131.5,2,156.81,78.405,3,False,True,False,False,Subscription,Soy Protein,6.58,13.15,13.15,SUBSCRIBE_AND_SAVE | bundle_offers | no_blanket_10pct,subscribe_discount|bundle|category_sample
8306218533119,T2,D1,D3,131.47,1,129.0,129.0,3,False,True,False,False,Affiliate,Other,6.57,13.15,13.15,SUBSCRIBE_AND_SAVE | bundle_offers | no_blanket_10pct,subscribe_discount|bundle|category_sample
7677500752127,T1,D1,D1,131.45,6,215.46,35.910000000000004,1,True,True,True,True,Subscription,Collagen Glow,6.57,13.14,13.14,NO_SITEWIDE_PCT_OFF | experiences_only,partner_reward|early_access|event_invite|merch_VIP
8274425446655,T1,D1,D3,131.33,1,178.39,178.39,3,True,True,False,False,Subscription,Other,6.57,13.13,13.13,NO_SITEWIDE_PCT_OFF | experiences_only,partner_reward|early_access|event_invite|merch_VIP
7476694876415,T1,D1,D1,131.19,3,156.63,52.21,3,False,True,True,True,Subscription,Clear Protein,6.56,13.12,13.12,NO_SITEWIDE_PCT_OFF | experiences_only,partner_reward|early_access|event_invite|merch_VIP
7979789648127,T1,D1,D1,131.13,3,186.3,62.1,1,True,True,True,True,Subscription,Clear Protein,6.56,13.11,13.11,NO_SITEWIDE_PCT_OFF | experiences_only,partner_reward|early_access|event_invite|merch_VIP
8770382364927,T1,D1,D1,131.13,3,186.3,62.1,1,True,True,True,True,Subscription,Clear Protein,6.56,13.11,13.11,NO_SITEWIDE_PCT_OFF | experiences_only,partner_reward|early_access|event_invite|merch_VIP
6327391977727,T2,D1,D2,131.11,2,211.97,105.985,3,False,True,False,False,Subscription,Unknown,6.56,13.11,13.11,SUBSCRIBE_AND_SAVE | bundle_offers | no_blanket_10pct,subscribe_discount|bundle|category_sample
7755989319935,T2,D1,D2,130.01,2,270.69,135.345,2,False,True,False,False,Direct / Organic,Unknown,6.5,13.0,13.0,SUBSCRIBE_AND_SAVE | bundle_offers | no_blanket_10pct,subscribe_discount|bundle|category_sample
7756483690751,T1,D1,D1,129.73,2,193.85,96.925,4,True,True,True,True,Subscription,Accessories,6.49,12.97,12.97,NO_SITEWIDE_PCT_OFF | experiences_only,partner_reward|early_access|event_invite|merch_VIP
7146181067007,T2,D1,D5,129.63,1,258.87,258.87,1,False,True,False,False,Subscription,Other,6.48,12.96,12.96,SUBSCRIBE_AND_SAVE | bundle_offers | no_blanket_10pct,subscribe_discount|bundle|category_sample
8786180342015,T1,D1,D1,129.55,2,185.84,92.92,3,True,True,True,True,Subscription,Lean Protein,6.48,12.96,12.96,NO_SITEWIDE_PCT_OFF | experiences_only,partner_reward|early_access|event_invite|merch_VIP
6532515791103,T2,D1,D2,129.33,2,282.58,141.29,2,False,True,False,False,Direct / Organic,Unknown,6.47,12.93,12.93,SUBSCRIBE_AND_SAVE | bundle_offers | no_blanket_10pct,subscribe_discount|bundle|category_sample
8633033228543,T2,D1,D2,129.26,1,179.28,179.28,2,False,True,False,False,Direct / Organic,Collagen Glow,6.46,12.93,12.93,SUBSCRIBE_AND_SAVE | bundle_offers | no_blanket_10pct,subscribe_discount|bundle|category_sample
7945581887743,T1,D1,D1,129.1,4,194.61,48.6525,2,True,True,True,True,Paid Social,Lean Protein,6.46,12.91,12.91,NO_SITEWIDE_PCT_OFF | experiences_only,partner_reward|early_access|event_invite|merch_VIP
6862672658687,T1,D1,D1,129.06,4,207.65,51.9125,3,True,True,True,True,Subscription,Other,6.45,12.91,12.91,NO_SITEWIDE_PCT_OFF | experiences_only,partner_reward|early_access|event_invite|merch_VIP
8364298830079,T2,D1,D3,128.83,1,154.53,154.53,3,False,True,False,False,Direct / Organic,Clear Protein,6.44,12.88,12.88,SUBSCRIBE_AND_SAVE | bundle_offers | no_blanket_10pct,subscribe_discount|bundle|category_sample
6327655891199,T2,D1,D2,128.56,2,195.18,97.59,2,False,True,False,False,Subscription,Unknown,6.43,12.86,12.86,SUBSCRIBE_AND_SAVE | bundle_offers | no_blanket_10pct,subscribe_discount|bundle|category_sample
7843128967423,T2,D1,D3,128.42,1,180.34,180.34,1,False,True,False,False,Direct / Organic,Lean Protein,6.42,12.84,12.84,SUBSCRIBE_AND_SAVE | bundle_offers | no_blanket_10pct,subscribe_discount|bundle|category_sample
7948693700863,T1,D1,D1,128.16,3,200.67,66.89,3,False,True,True,True,Paid Social,Accessories,6.41,12.82,12.82,NO_SITEWIDE_PCT_OFF | experiences_only,partner_reward|early_access|event_invite|merch_VIP
8146098356479,T1,D1,D1,127.88,2,184.1,92.05,2,True,True,True,True,Subscription,Clear Protein,6.39,12.79,12.79,NO_SITEWIDE_PCT_OFF | experiences_only,partner_reward|early_access|event_invite|merch_VIP
6348036178175,T2,D1,D5,127.68,1,96.0,96.0,1,False,True,False,False,Subscription,Other,6.38,12.77,12.77,SUBSCRIBE_AND_SAVE | bundle_offers | no_blanket_10pct,subscribe_discount|bundle|category_sample
7756028248319,T1,D1,D1,127.53,7,233.02,33.28857142857143,4,False,True,True,True,Direct / Organic,Unknown,6.38,12.75,12.75,NO_SITEWIDE_PCT_OFF | experiences_only,partner_reward|early_access|event_invite|merch_VIP
8037819154687,T2,D1,D3,127.19,1,159.21,159.21,2,False,True,False,False,Direct / Organic,Clear Protein,6.36,12.72,12.72,SUBSCRIBE_AND_SAVE | bundle_offers | no_blanket_10pct,subscribe_discount|bundle|category_sample
7875433824511,T1,D1,D1,127.17,2,173.9,86.95,2,False,True,True,True,Direct / Organic,Other,6.36,12.72,12.72,NO_SITEWIDE_PCT_OFF | experiences_only,partner_reward|early_access|event_invite|merch_VIP
8844887752959,T1,D1,D2,127.17,1,162.56,162.56,1,True,True,False,False,Subscription,Lean Protein,6.36,12.72,12.72,NO_SITEWIDE_PCT_OFF | experiences_only,partner_reward|early_access|event_invite|merch_VIP
8698913390847,T1,D1,D1,127.14,2,150.25,75.125,3,False,True,True,True,Direct / Organic,Lean Protein,6.36,12.71,12.71,NO_SITEWIDE_PCT_OFF | experiences_only,partner_reward|early_access|event_invite|merch_VIP
7927412392191,T2,D1,D3,127.07,1,183.29,183.29,2,False,True,False,False,Paid Social,Lean Protein,6.35,12.71,12.71,SUBSCRIBE_AND_SAVE | bundle_offers | no_blanket_10pct,subscribe_discount|bundle|category_sample
7753766043903,T1,D1,D2,126.82,2,182.81,91.405,2,True,True,False,False,Subscription,Clear Protein,6.34,12.68,12.68,NO_SITEWIDE_PCT_OFF | experiences_only,partner_reward|early_access|event_invite|merch_VIP
7870756061439,T1,D1,D1,126.8,2,169.92,84.96,2,True,True,True,True,Subscription,Lean Protein,6.34,12.68,12.68,NO_SITEWIDE_PCT_OFF | experiences_only,partner_reward|early_access|event_invite|merch_VIP
8474630390015,T2,D1,D2,126.75,1,152.75,152.75,1,False,True,False,False,Direct / Organic,Lean Protein,6.34,12.68,12.68,SUBSCRIBE_AND_SAVE | bundle_offers | no_blanket_10pct,subscribe_discount|bundle|category_sample
7756423627007,T1,D1,D1,126.74,3,187.09,62.36333333333334,1,True,True,True,True,Direct / Organic,Collagen Glow,6.34,12.67,12.67,NO_SITEWIDE_PCT_OFF | experiences_only,partner_reward|early_access|event_invite|merch_VIP
8807161102591,T1,D1,D2,126.36,1,184.23,184.23,3,True,True,False,False,Subscription,Clear Protein,6.32,12.64,12.64,NO_SITEWIDE_PCT_OFF | experiences_only,partner_reward|early_access|event_invite|merch_VIP
7756466094335,T1,D1,D1,126.35,2,185.5,92.75,5,False,True,True,True,Direct / Organic,Clear Protein,6.32,12.64,12.64,NO_SITEWIDE_PCT_OFF | experiences_only,partner_reward|early_access|event_invite|merch_VIP
8364461097215,T1,D1,D1,126.24,2,167.72,83.86,1,False,True,True,True,Direct / Organic,Lean Protein,6.31,12.62,12.62,NO_SITEWIDE_PCT_OFF | experiences_only,partner_reward|early_access|event_invite|merch_VIP
8371222905087,T1,D1,D1,126.22,2,143.67,71.835,3,True,True,True,True,Subscription,Accessories,6.31,12.62,12.62,NO_SITEWIDE_PCT_OFF | experiences_only,partner_reward|early_access|event_invite|merch_VIP
7756045811967,T2,D1,D4,126.22,1,315.55,315.55,1,False,True,False,False,Direct / Organic,Unknown,6.31,12.62,12.62,SUBSCRIBE_AND_SAVE | bundle_offers | no_blanket_10pct,subscribe_discount|bundle|category_sample
6327633510655,T2,D1,D2,125.93,2,194.11,97.055,3,False,True,False,False,Subscription,Unknown,6.3,12.59,12.59,SUBSCRIBE_AND_SAVE | bundle_offers | no_blanket_10pct,subscribe_discount|bundle|category_sample
7756424708351,T1,D1,D1,125.33,4,205.59,51.3975,2,True,True,True,True,Direct / Organic,Clear Protein,6.27,12.53,12.53,NO_SITEWIDE_PCT_OFF | experiences_only,partner_reward|early_access|event_invite|merch_VIP
7476877230335,T1,D1,D1,124.93,3,155.68,51.89333333333334,3,True,True,True,True,Subscription,Lean Protein,6.25,12.49,12.49,NO_SITEWIDE_PCT_OFF | experiences_only,partner_reward|early_access|event_invite|merch_VIP
7673187434751,T1,D1,D5,124.92,1,151.92,151.92,5,True,True,False,False,Subscription,Lean Protein,6.25,12.49,12.49,NO_SITEWIDE_PCT_OFF | experiences_only,partner_reward|early_access|event_invite|merch_VIP
8160918765823,T2,D1,D3,124.77,1,117.53,117.53,2,False,True,False,False,Direct / Organic,Clear Protein,6.24,12.48,12.48,SUBSCRIBE_AND_SAVE | bundle_offers | no_blanket_10pct,subscribe_discount|bundle|category_sample
8477676601599,T2,D1,D2,124.73,1,154.7,154.7,2,False,True,False,False,Direct / Organic,Clear Protein,6.24,12.47,12.47,SUBSCRIBE_AND_SAVE | bundle_offers | no_blanket_10pct,subscribe_discount|bundle|category_sample
6976895189247,T2,D1,D2,124.7,2,181.51,90.755,1,False,True,False,False,Subscription,Other,6.24,12.47,12.47,SUBSCRIBE_AND_SAVE | bundle_offers | no_blanket_10pct,subscribe_discount|bundle|category_sample
7482746601727,T2,D1,D5,124.7,1,161.64,161.64,1,False,True,False,False,Subscription,Other,6.24,12.47,12.47,SUBSCRIBE_AND_SAVE | bundle_offers | no_blanket_10pct,subscribe_discount|bundle|category_sample
6526214340863,T2,D1,D5,124.54,1,160.19,160.19,2,False,True,False,False,Subscription,Unknown,6.23,12.45,12.45,SUBSCRIBE_AND_SAVE | bundle_offers | no_blanket_10pct,subscribe_discount|bundle|category_sample
7475360497919,T2,D1,D2,124.53,2,125.79,62.895,1,False,True,False,False,Subscription,Clear Protein,6.23,12.45,12.45,SUBSCRIBE_AND_SAVE | bundle_offers | no_blanket_10pct,subscribe_discount|bundle|category_sample
7755966710015,T2,D1,D2,124.48,2,278.74,139.37,2,False,True,False,False,Direct / Organic,Unknown,6.22,12.45,12.45,SUBSCRIBE_AND_SAVE | bundle_offers | no_blanket_10pct,subscribe_discount|bundle|category_sample
7264693223679,T2,D1,D5,124.27,1,160.92,160.92,2,False,True,False,False,Subscription,Other,6.21,12.43,12.43,SUBSCRIBE_AND_SAVE | bundle_offers | no_blanket_10pct,subscribe_discount|bundle|category_sample
7755999576319,T2,D1,D2,124.18,2,310.45,155.225,1,False,True,False,False,Direct / Organic,Unknown,6.21,12.42,12.42,SUBSCRIBE_AND_SAVE | bundle_offers | no_blanket_10pct,subscribe_discount|bundle|category_sample
8233176006911,T1,D1,D1,124.07,2,239.51,119.755,1,True,True,True,True,Subscription,Collagen Glow,6.2,12.41,12.41,NO_SITEWIDE_PCT_OFF | experiences_only,partner_reward|early_access|event_invite|merch_VIP
8329028370687,T2,D1,D3,123.71,1,131.6,131.6,3,False,True,False,False,Direct / Organic,Other,6.19,12.37,12.37,SUBSCRIBE_AND_SAVE | bundle_offers | no_blanket_10pct,subscribe_discount|bundle|category_sample
8781274153215,T2,D1,D2,123.59,1,148.0,148.0,3,False,True,False,False,Direct / Organic,Lean Protein,6.18,12.36,12.36,SUBSCRIBE_AND_SAVE | bundle_offers | no_blanket_10pct,subscribe_discount|bundle|category_sample
8787607060735,T2,D1,D2,123.59,1,148.0,148.0,3,False,True,False,False,Direct / Organic,Lean Protein,6.18,12.36,12.36,SUBSCRIBE_AND_SAVE | bundle_offers | no_blanket_10pct,subscribe_discount|bundle|category_sample
8795868758271,T2,D1,D2,123.59,1,148.0,148.0,3,False,True,False,False,Direct / Organic,Lean Protein,6.18,12.36,12.36,SUBSCRIBE_AND_SAVE | bundle_offers | no_blanket_10pct,subscribe_discount|bundle|category_sample
8796871360767,T2,D1,D2,123.59,1,148.0,148.0,3,False,True,False,False,Direct / Organic,Lean Protein,6.18,12.36,12.36,SUBSCRIBE_AND_SAVE | bundle_offers | no_blanket_10pct,subscribe_discount|bundle|category_sample
8798951178495,T2,D1,D2,123.59,1,148.0,148.0,3,False,True,False,False,Direct / Organic,Lean Protein,6.18,12.36,12.36,SUBSCRIBE_AND_SAVE | bundle_offers | no_blanket_10pct,subscribe_discount|bundle|category_sample
7970493825279,T1,D1,D1,123.49,2,186.5,93.25,2,True,True,True,True,Direct / Organic,Lean Protein,6.17,12.35,12.35,NO_SITEWIDE_PCT_OFF | experiences_only,partner_reward|early_access|event_invite|merch_VIP
7470529708287,T2,D1,D5,123.48,1,134.77,134.77,2,False,True,False,False,Subscription,Lean Protein,6.17,12.35,12.35,SUBSCRIBE_AND_SAVE | bundle_offers | no_blanket_10pct,subscribe_discount|bundle|category_sample
7441933336831,T2,D1,D2,123.47,2,169.1,84.55,2,False,True,False,False,Subscription,Clear Protein,6.17,12.35,12.35,SUBSCRIBE_AND_SAVE | bundle_offers | no_blanket_10pct,subscribe_discount|bundle|category_sample
7756020908287,T1,D1,D1,123.0,5,261.24,52.248000000000005,2,True,True,True,True,Direct / Organic,Unknown,6.15,12.3,12.3,NO_SITEWIDE_PCT_OFF | experiences_only,partner_reward|early_access|event_invite|merch_VIP
8147962560767,T2,D1,D3,122.64,1,182.0,182.0,1,False,True,False,False,Direct / Organic,Lean Protein,6.13,12.26,12.26,SUBSCRIBE_AND_SAVE | bundle_offers | no_blanket_10pct,subscribe_discount|bundle|category_sample
7756001870079,T1,D1,D1,122.29,3,206.12,68.70666666666666,3,True,True,True,True,Direct / Organic,Unknown,6.11,12.23,12.23,NO_SITEWIDE_PCT_OFF | experiences_only,partner_reward|early_access|event_invite|merch_VIP
8758133653759,T1,D1,D1,122.26,2,163.8,81.9,1,False,True,True,True,Direct / Organic,Other,6.11,12.23,12.23,NO_SITEWIDE_PCT_OFF | experiences_only,partner_reward|early_access|event_invite|merch_VIP
8342710878463,T1,D1,D1,122.18,2,173.35,86.675,4,False,True,True,True,Direct / Organic,Clear Protein,6.11,12.22,12.22,NO_SITEWIDE_PCT_OFF | experiences_only,partner_reward|early_access|event_invite|merch_VIP
7927261954303,T1,D1,D1,122.15,3,177.8,59.26666666666667,2,False,True,True,True,Direct / Organic,Clear Protein,6.11,12.22,12.22,NO_SITEWIDE_PCT_OFF | experiences_only,partner_reward|early_access|event_invite|merch_VIP
7522002174207,T2,D1,D2,122.01,2,166.63,83.315,1,False,True,False,False,Subscription,Lean Protein,6.1,12.2,12.2,SUBSCRIBE_AND_SAVE | bundle_offers | no_blanket_10pct,subscribe_discount|bundle|category_sample
7252280738047,T2,D1,D2,121.98,2,160.5,80.25,2,False,True,False,False,Subscription,Clear Protein,6.1,12.2,12.2,SUBSCRIBE_AND_SAVE | bundle_offers | no_blanket_10pct,subscribe_discount|bundle|category_sample
7476574650623,T2,D1,D2,121.91,2,155.74,77.87,3,False,True,False,False,Subscription,Clear Protein,6.1,12.19,12.19,SUBSCRIBE_AND_SAVE | bundle_offers | no_blanket_10pct,subscribe_discount|bundle|category_sample
8343144956159,T1,D1,D1,121.91,2,133.14,66.57,1,False,True,True,True,Direct / Organic,Other,6.1,12.19,12.19,NO_SITEWIDE_PCT_OFF | experiences_only,partner_reward|early_access|event_invite|merch_VIP
8849562370303,T2,D1,D2,121.84,1,172.06,172.06,3,False,True,False,False,Direct / Organic,Clear Protein,6.09,12.18,12.18,SUBSCRIBE_AND_SAVE | bundle_offers | no_blanket_10pct,subscribe_discount|bundle|category_sample
7056242082047,T2,D1,D2,121.83,2,117.95,58.975,1,False,True,False,False,Subscription,Clear Protein,6.09,12.18,12.18,SUBSCRIBE_AND_SAVE | bundle_offers | no_blanket_10pct,subscribe_discount|bundle|category_sample
7125851439359,T2,D1,D2,121.83,2,145.5,72.75,1,False,True,False,False,Subscription,Clear Protein,6.09,12.18,12.18,SUBSCRIBE_AND_SAVE | bundle_offers | no_blanket_10pct,subscribe_discount|bundle|category_sample
7141155700991,T2,D1,D5,121.83,1,168.15,168.15,1,False,True,False,False,Subscription,Clear Protein,6.09,12.18,12.18,SUBSCRIBE_AND_SAVE | bundle_offers | no_blanket_10pct,subscribe_discount|bundle|category_sample
7202402926847,T2,D1,D5,121.83,1,150.45,150.45,1,False,True,False,False,Subscription,Clear Protein,6.09,12.18,12.18,SUBSCRIBE_AND_SAVE | bundle_offers | no_blanket_10pct,subscribe_discount|bundle|category_sample
7252598948095,T2,D1,D5,121.83,1,137.65,137.65,1,False,True,False,False,Subscription,Clear Protein,6.09,12.18,12.18,SUBSCRIBE_AND_SAVE | bundle_offers | no_blanket_10pct,subscribe_discount|bundle|category_sample
7307052122367,T2,D1,D5,121.83,1,123.9,123.9,1,False,True,False,False,Subscription,Clear Protein,6.09,12.18,12.18,SUBSCRIBE_AND_SAVE | bundle_offers | no_blanket_10pct,subscribe_discount|bundle|category_sample
7321657475327,T2,D1,D2,121.83,2,155.35,77.675,1,False,True,False,False,Subscription,Clear Protein,6.09,12.18,12.18,SUBSCRIBE_AND_SAVE | bundle_offers | no_blanket_10pct,subscribe_discount|bundle|category_sample
7075370729727,T2,D1,D2,121.68,2,125.92,62.96,2,False,True,False,False,Subscription,Clear Protein,6.08,12.17,12.17,SUBSCRIBE_AND_SAVE | bundle_offers | no_blanket_10pct,subscribe_discount|bundle|category_sample
7756348522751,T1,D1,D1,121.63,4,218.17,54.5425,3,False,True,True,True,Direct / Organic,Soy Protein,6.08,12.16,12.16,NO_SITEWIDE_PCT_OFF | experiences_only,partner_reward|early_access|event_invite|merch_VIP
6336654704895,T2,D1,D2,121.47,2,303.67,151.835,1,False,True,False,False,Subscription,Unknown,6.07,12.15,12.15,SUBSCRIBE_AND_SAVE | bundle_offers | no_blanket_10pct,subscribe_discount|bundle|category_sample
7515696890111,T2,D1,D2,121.38,2,160.64,80.32,1,False,True,False,False,Subscription,Lean Protein,6.07,12.14,12.14,SUBSCRIBE_AND_SAVE | bundle_offers | no_blanket_10pct,subscribe_discount|bundle|category_sample
7991992877311,T2,D1,D3,121.24,1,183.2,183.2,2,False,True,False,False,Direct / Organic,Other,6.06,12.12,12.12,SUBSCRIBE_AND_SAVE | bundle_offers | no_blanket_10pct,subscribe_discount|bundle|category_sample
8725525266687,T1,D1,D1,120.98,2,145.76,72.88,1,False,True,True,True,Direct / Organic,Lean Protein,6.05,12.1,12.1,NO_SITEWIDE_PCT_OFF | experiences_only,partner_reward|early_access|event_invite|merch_VIP
7756486476031,T1,D1,D1,120.85,2,219.76,109.88,3,True,True,True,True,Direct / Organic,Accessories,6.04,12.08,12.08,NO_SITEWIDE_PCT_OFF | experiences_only,partner_reward|early_access|event_invite|merch_VIP
7756360876287,T1,D1,D1,120.7,2,169.95,84.975,4,False,True,True,True,Direct / Organic,Unknown,6.04,12.07,12.07,NO_SITEWIDE_PCT_OFF | experiences_only,partner_reward|early_access|event_invite|merch_VIP
7756470976767,T1,D1,D1,120.64,2,171.43,85.715,3,False,True,True,True,Direct / Organic,Clear Protein,6.03,12.06,12.06,NO_SITEWIDE_PCT_OFF | experiences_only,partner_reward|early_access|event_invite|merch_VIP
6327726637311,T1,D1,D1,120.52,3,146.28,48.76,2,False,True,True,True,Subscription,Other,6.03,12.05,12.05,NO_SITEWIDE_PCT_OFF | experiences_only,partner_reward|early_access|event_invite|merch_VIP
6327399678207,T2,D1,D2,120.49,2,109.29,54.645,2,False,True,False,False,Subscription,Unknown,6.02,12.05,12.05,SUBSCRIBE_AND_SAVE | bundle_offers | no_blanket_10pct,subscribe_discount|bundle|category_sample
8767224807679,T2,D1,D2,120.4,1,167.32,167.32,2,False,True,False,False,Direct / Organic,Clear Protein,6.02,12.04,12.04,SUBSCRIBE_AND_SAVE | bundle_offers | no_blanket_10pct,subscribe_discount|bundle|category_sample
8353731182847,T1,D1,D1,120.12,2,129.8,64.9,2,False,True,True,True,Paid Social,Accessories,6.01,12.01,12.01,NO_SITEWIDE_PCT_OFF | experiences_only,partner_reward|early_access|event_invite|merch_VIP
6329687212287,T2,D1,D5,120.02,1,142.32,142.32,2,False,True,False,False,Subscription,Clear Protein,6.0,12.0,12.0,SUBSCRIBE_AND_SAVE | bundle_offers | no_blanket_10pct,subscribe_discount|bundle|category_sample
7756460425471,T1,D1,D1,120.01,2,178.74,89.37,5,True,True,True,True,Subscription,Unknown,6.0,12.0,12.0,NO_SITEWIDE_PCT_OFF | experiences_only,partner_reward|early_access|event_invite|merch_VIP
7305996370175,T2,D1,D5,119.87,1,125.16,125.16,3,False,True,False,False,Subscription,Clear Protein,5.99,11.99,11.99,SUBSCRIBE_AND_SAVE | bundle_offers | no_blanket_10pct,subscribe_discount|bundle|category_sample
8303876473087,T2,D1,D3,119.54,1,138.0,138.0,2,False,True,False,False,Direct / Organic,Accessories,5.98,11.95,11.95,SUBSCRIBE_AND_SAVE | bundle_offers | no_blanket_10pct,subscribe_discount|bundle|category_sample
6616678793471,T1,D1,D2,119.28,2,193.49,96.745,1,True,True,False,False,Subscription,Other,5.96,11.93,11.93,NO_SITEWIDE_PCT_OFF | experiences_only,partner_reward|early_access|event_invite|merch_VIP
8244468383999,T1,D1,D1,119.25,2,160.57,80.285,1,True,True,True,True,Subscription,Lean Protein,5.96,11.92,11.92,NO_SITEWIDE_PCT_OFF | experiences_only,partner_reward|early_access|event_invite|merch_VIP
7756404261119,T1,D1,D1,119.19,2,167.38,83.69,3,True,True,True,True,Direct / Organic,Soy Protein,5.96,11.92,11.92,NO_SITEWIDE_PCT_OFF | experiences_only,partner_reward|early_access|event_invite|merch_VIP
6329719718143,T2,D1,D5,119.05,1,302.53,302.53,1,False,True,False,False,Subscription,Unknown,5.95,11.9,11.9,SUBSCRIBE_AND_SAVE | bundle_offers | no_blanket_10pct,subscribe_discount|bundle|category_sample
7572976107775,T1,D1,D1,119.05,4,146.21,36.5525,1,False,True,True,True,Subscription,Other,5.95,11.9,11.9,NO_SITEWIDE_PCT_OFF | experiences_only,partner_reward|early_access|event_invite|merch_VIP
7756017893631,T1,D1,D1,118.96,3,255.43,85.14333333333333,2,False,True,True,True,Direct / Organic,Unknown,5.95,11.9,11.9,NO_SITEWIDE_PCT_OFF | experiences_only,partner_reward|early_access|event_invite|merch_VIP
7756043256063,T1,D1,D1,118.91,3,240.18,80.06,3,True,True,True,True,Direct / Organic,Unknown,5.95,11.89,11.89,NO_SITEWIDE_PCT_OFF | experiences_only,partner_reward|early_access|event_invite|merch_VIP
8071788527871,T2,D1,D3,118.91,1,154.17,154.17,3,False,True,False,False,Direct / Organic,Other,5.95,11.89,11.89,SUBSCRIBE_AND_SAVE | bundle_offers | no_blanket_10pct,subscribe_discount|bundle|category_sample
7756007866623,T2,D1,D4,118.66,1,127.15,127.15,1,False,True,False,False,Direct / Organic,Soy Protein,5.93,11.87,11.87,SUBSCRIBE_AND_SAVE | bundle_offers | no_blanket_10pct,subscribe_discount|bundle|category_sample
7756414910719,T1,D1,D1,118.58,2,168.41,84.205,4,False,True,True,True,Direct / Organic,Clear Protein,5.93,11.86,11.86,NO_SITEWIDE_PCT_OFF | experiences_only,partner_reward|early_access|event_invite|merch_VIP
6336760545535,T2,D1,D5,118.55,1,296.38,296.38,1,False,True,False,False,Subscription,Unknown,5.93,11.86,11.86,SUBSCRIBE_AND_SAVE | bundle_offers | no_blanket_10pct,subscribe_discount|bundle|category_sample
7237650612479,T1,D1,D1,118.33,5,152.61,30.522000000000002,2,True,True,True,True,Subscription,Soy Protein,5.92,11.83,11.83,NO_SITEWIDE_PCT_OFF | experiences_only,partner_reward|early_access|event_invite|merch_VIP
7756425298175,T1,D1,D1,118.1,2,155.13,77.565,2,False,True,True,True,Direct / Organic,Clear Protein,5.9,11.81,11.81,NO_SITEWIDE_PCT_OFF | experiences_only,partner_reward|early_access|event_invite|merch_VIP
7475348308223,T2,D1,D5,118.06,1,125.79,125.79,2,False,True,False,False,Subscription,Other,5.9,11.81,11.81,SUBSCRIBE_AND_SAVE | bundle_offers | no_blanket_10pct,subscribe_discount|bundle|category_sample
8350682448127,T1,D1,D1,117.75,3,158.7,52.9,1,False,True,True,True,Email,Other,5.89,11.78,11.78,NO_SITEWIDE_PCT_OFF | experiences_only,partner_reward|early_access|event_invite|merch_VIP
7869806838015,T1,D1,D3,117.55,1,132.52,132.52,2,True,True,False,False,Subscription,Accessories,5.88,11.76,11.76,NO_SITEWIDE_PCT_OFF | experiences_only,partner_reward|early_access|event_invite|merch_VIP
8326961922303,T2,D1,D3,117.54,1,126.64,126.64,3,False,True,False,False,Direct / Organic,Clear Protein,5.88,11.75,11.75,SUBSCRIBE_AND_SAVE | bundle_offers | no_blanket_10pct,subscribe_discount|bundle|category_sample
7756260671743,T1,D1,D1,117.44,3,216.91,72.30333333333333,4,True,True,True,True,Subscription,Collagen Glow,5.87,11.74,11.74,NO_SITEWIDE_PCT_OFF | experiences_only,partner_reward|early_access|event_invite|merch_VIP
6329694191871,T2,D1,D5,117.44,1,109.85,109.85,1,False,True,False,False,Subscription,Soy Protein,5.87,11.74,11.74,SUBSCRIBE_AND_SAVE | bundle_offers | no_blanket_10pct,subscribe_discount|bundle|category_sample
6508011389183,T2,D1,D5,117.44,1,109.85,109.85,1,False,True,False,False,Subscription,Soy Protein,5.87,11.74,11.74,SUBSCRIBE_AND_SAVE | bundle_offers | no_blanket_10pct,subscribe_discount|bundle|category_sample
8339344425215,T2,D1,D3,117.27,1,113.0,113.0,3,False,True,False,False,Direct / Organic,Other,5.86,11.73,11.73,SUBSCRIBE_AND_SAVE | bundle_offers | no_blanket_10pct,subscribe_discount|bundle|category_sample
8369445601535,T2,D1,D2,117.27,1,113.0,113.0,3,False,True,False,False,Direct / Organic,Other,5.86,11.73,11.73,SUBSCRIBE_AND_SAVE | bundle_offers | no_blanket_10pct,subscribe_discount|bundle|category_sample
7756240191743,T1,D1,D1,117.25,2,145.52,72.76,3,False,True,True,True,Direct / Organic,Soy Protein,5.86,11.73,11.73,NO_SITEWIDE_PCT_OFF | experiences_only,partner_reward|early_access|event_invite|merch_VIP
7756437750015,T1,D1,D1,116.72,2,161.94,80.97,3,False,True,True,True,Direct / Organic,Clear Protein,5.84,11.67,11.67,NO_SITEWIDE_PCT_OFF | experiences_only,partner_reward|early_access|event_invite|merch_VIP
8312861491455,T2,D1,D3,116.7,1,153.55,153.55,5,False,True,False,False,Direct / Organic,Other,5.84,11.67,11.67,SUBSCRIBE_AND_SAVE | bundle_offers | no_blanket_10pct,subscribe_discount|bundle|category_sample
8629353545983,T2,D1,D2,116.67,1,160.34,160.34,3,False,True,False,False,Direct / Organic,Lean Protein,5.83,11.67,11.67,SUBSCRIBE_AND_SAVE | bundle_offers | no_blanket_10pct,subscribe_discount|bundle|category_sample
7756420317439,T1,D1,D1,116.65,2,168.82,84.41,1,False,True,True,True,Direct / Organic,Clear Protein,5.83,11.66,11.66,NO_SITEWIDE_PCT_OFF | experiences_only,partner_reward|early_access|event_invite|merch_VIP
8067328737535,T2,D1,D3,116.63,1,143.55,143.55,3,False,True,False,False,Affiliate,Other,5.83,11.66,11.66,SUBSCRIBE_AND_SAVE | bundle_offers | no_blanket_10pct,subscribe_discount|bundle|category_sample
7968778813695,T2,D1,D3,116.54,1,143.48,143.48,3,False,True,False,False,Direct / Organic,Collagen Glow,5.83,11.65,11.65,SUBSCRIBE_AND_SAVE | bundle_offers | no_blanket_10pct,subscribe_discount|bundle|category_sample
8150025306367,T2,D1,D3,116.54,1,151.92,151.92,3,False,True,False,False,Direct / Organic,Clear Protein,5.83,11.65,11.65,SUBSCRIBE_AND_SAVE | bundle_offers | no_blanket_10pct,subscribe_discount|bundle|category_sample
8120812536063,T1,D1,D1,116.47,2,160.61,80.305,1,False,True,True,True,Direct / Organic,Lean Protein,5.82,11.65,11.65,NO_SITEWIDE_PCT_OFF | experiences_only,partner_reward|early_access|event_invite|merch_VIP
6648608686335,T2,D1,D2,116.4,2,183.51,91.755,1,False,True,False,False,Subscription,Other,5.82,11.64,11.64,SUBSCRIBE_AND_SAVE | bundle_offers | no_blanket_10pct,subscribe_discount|bundle|category_sample
7136674087167,T2,D1,D2,116.4,2,189.5,94.75,1,False,True,False,False,Subscription,Other,5.82,11.64,11.64,SUBSCRIBE_AND_SAVE | bundle_offers | no_blanket_10pct,subscribe_discount|bundle|category_sample
7519112855807,T2,D1,D5,116.4,1,125.79,125.79,1,False,True,False,False,Subscription,Other,5.82,11.64,11.64,SUBSCRIBE_AND_SAVE | bundle_offers | no_blanket_10pct,subscribe_discount|bundle|category_sample
6547456491775,T2,D1,D2,116.23,2,212.31,106.155,2,False,True,False,False,Subscription,Collagen Glow,5.81,11.62,11.62,SUBSCRIBE_AND_SAVE | bundle_offers | no_blanket_10pct,subscribe_discount|bundle|category_sample
8807533609215,T1,D1,D1,116.23,2,169.92,84.96,2,True,True,True,True,Subscription,Clear Protein,5.81,11.62,11.62,NO_SITEWIDE_PCT_OFF | experiences_only,partner_reward|early_access|event_invite|merch_VIP
8301754482943,T1,D1,D1,116.09,2,176.68,88.34,2,True,True,True,True,Direct / Organic,Lean Protein,5.8,11.61,11.61,NO_SITEWIDE_PCT_OFF | experiences_only,partner_reward|early_access|event_invite|merch_VIP
7582665900287,T2,D1,D2,116.09,2,139.48,69.74,2,False,True,False,False,Subscription,Lean Protein,5.8,11.61,11.61,SUBSCRIBE_AND_SAVE | bundle_offers | no_blanket_10pct,subscribe_discount|bundle|category_sample
7756022874367,T2,D1,D2,116.08,2,292.93,146.465,1,False,True,False,False,Direct / Organic,Unknown,5.8,11.61,11.61,SUBSCRIBE_AND_SAVE | bundle_offers | no_blanket_10pct,subscribe_discount|bundle|category_sample
8358432014591,T2,D1,D3,116.06,1,149.01,149.01,2,False,True,False,False,Direct / Organic,Other,5.8,11.61,11.61,SUBSCRIBE_AND_SAVE | bundle_offers | no_blanket_10pct,subscribe_discount|bundle|category_sample
6328308859135,T1,D1,D1,116.03,3,174.9,58.300000000000004,2,True,True,True,True,Subscription,Other,5.8,11.6,11.6,NO_SITEWIDE_PCT_OFF | experiences_only,partner_reward|early_access|event_invite|merch_VIP
7756412387583,T1,D1,D1,115.81,2,162.7,81.35,2,False,True,True,True,Direct / Organic,Other,5.79,11.58,11.58,NO_SITEWIDE_PCT_OFF | experiences_only,partner_reward|early_access|event_invite|merch_VIP
8286057464063,T2,D1,D3,115.77,1,158.9,158.9,2,False,True,False,False,Direct / Organic,Other,5.79,11.58,11.58,SUBSCRIBE_AND_SAVE | bundle_offers | no_blanket_10pct,subscribe_discount|bundle|category_sample
7756468945151,T2,D1,D4,115.6,1,113.91,113.91,2,False,True,False,False,Direct / Organic,Lean Protein,5.78,11.56,11.56,SUBSCRIBE_AND_SAVE | bundle_offers | no_blanket_10pct,subscribe_discount|bundle|category_sample
7756469240063,T2,D1,D4,115.6,1,113.91,113.91,2,False,True,False,False,Direct / Organic,Clear Protein,5.78,11.56,11.56,SUBSCRIBE_AND_SAVE | bundle_offers | no_blanket_10pct,subscribe_discount|bundle|category_sample
7870948802815,T1,D1,D1,115.38,4,192.53,48.1325,1,True,True,True,True,Subscription,Collagen Glow,5.77,11.54,11.54,NO_SITEWIDE_PCT_OFF | experiences_only,partner_reward|early_access|event_invite|merch_VIP
6329603490047,T2,D1,D5,115.18,1,145.19,145.19,1,False,True,False,False,Subscription,Other,5.76,11.52,11.52,SUBSCRIBE_AND_SAVE | bundle_offers | no_blanket_10pct,subscribe_discount|bundle|category_sample
6390669017343,T2,D1,D2,115.18,2,153.64,76.82,1,False,True,False,False,Subscription,Other,5.76,11.52,11.52,SUBSCRIBE_AND_SAVE | bundle_offers | no_blanket_10pct,subscribe_discount|bundle|category_sample
6477783892223,T2,D1,D5,115.18,1,145.19,145.19,1,False,True,False,False,Subscription,Other,5.76,11.52,11.52,SUBSCRIBE_AND_SAVE | bundle_offers | no_blanket_10pct,subscribe_discount|bundle|category_sample
7756396265727,T1,D1,D1,115.16,2,154.4,77.2,2,True,True,True,True,Subscription,Soy Protein,5.76,11.52,11.52,NO_SITEWIDE_PCT_OFF | experiences_only,partner_reward|early_access|event_invite|merch_VIP
7520123322623,T2,D1,D5,115.13,1,108.92,108.92,2,False,True,False,False,Subscription,Other,5.76,11.51,11.51,SUBSCRIBE_AND_SAVE | bundle_offers | no_blanket_10pct,subscribe_discount|bundle|category_sample
6327740727551,T2,D1,D5,114.98,1,150.91,150.91,4,False,True,False,False,Subscription,Accessories,5.75,11.5,11.5,SUBSCRIBE_AND_SAVE | bundle_offers | no_blanket_10pct,subscribe_discount|bundle|category_sample
7756460294399,T1,D1,D1,114.96,2,153.72,76.86,3,True,True,True,True,Direct / Organic,Unknown,5.75,11.5,11.5,NO_SITEWIDE_PCT_OFF | experiences_only,partner_reward|early_access|event_invite|merch_VIP
7355300544767,T1,D1,D1,114.92,7,181.19,25.884285714285713,1,True,True,True,True,Subscription,Other,5.75,11.49,11.49,NO_SITEWIDE_PCT_OFF | experiences_only,partner_reward|early_access|event_invite|merch_VIP
8273489494271,T1,D1,D1,114.84,3,190.06,63.35333333333333,1,True,True,True,True,Subscription,Lean Protein,5.74,11.48,11.48,NO_SITEWIDE_PCT_OFF | experiences_only,partner_reward|early_access|event_invite|merch_VIP
8474627080447,T1,D1,D1,114.77,2,158.74,79.37,1,False,True,True,True,Direct / Organic,Lean Protein,5.74,11.48,11.48,NO_SITEWIDE_PCT_OFF | experiences_only,partner_reward|early_access|event_invite|merch_VIP
6334064951551,T2,D1,D5,114.73,1,114.59,114.59,2,False,True,False,False,Subscription,Other,5.74,11.47,11.47,SUBSCRIBE_AND_SAVE | bundle_offers | no_blanket_10pct,subscribe_discount|bundle|category_sample
8312444027135,T2,D1,D3,114.44,1,131.72,131.72,3,False,True,False,False,Direct / Organic,Clear Protein,5.72,11.44,11.44,SUBSCRIBE_AND_SAVE | bundle_offers | no_blanket_10pct,subscribe_discount|bundle|category_sample
7974875758847,T1,D1,D1,114.23,4,187.15,46.7875,1,True,True,True,True,Subscription,Lean Protein,5.71,11.42,11.42,NO_SITEWIDE_PCT_OFF | experiences_only,partner_reward|early_access|event_invite|merch_VIP
8394724212991,T2,D1,D2,113.93,1,131.72,131.72,3,False,True,False,False,Direct / Organic,Clear Protein,5.7,11.39,11.39,SUBSCRIBE_AND_SAVE | bundle_offers | no_blanket_10pct,subscribe_discount|bundle|category_sample
8304445751551,T1,D1,D1,113.92,2,153.23,76.615,2,True,True,True,True,Direct / Organic,Lean Protein,5.7,11.39,11.39,NO_SITEWIDE_PCT_OFF | experiences_only,partner_reward|early_access|event_invite|merch_VIP
8438245097727,T2,D1,D2,113.7,1,152.06,152.06,2,False,True,False,False,Direct / Organic,Accessories,5.68,11.37,11.37,SUBSCRIBE_AND_SAVE | bundle_offers | no_blanket_10pct,subscribe_discount|bundle|category_sample
8343051698431,T2,D1,D3,113.64,1,131.7,131.7,2,False,True,False,False,Direct / Organic,Clear Protein,5.68,11.36,11.36,SUBSCRIBE_AND_SAVE | bundle_offers | no_blanket_10pct,subscribe_discount|bundle|category_sample
8115042943231,T2,D1,D3,113.22,1,142.92,142.92,2,False,True,False,False,Direct / Organic,Other,5.66,11.32,11.32,SUBSCRIBE_AND_SAVE | bundle_offers | no_blanket_10pct,subscribe_discount|bundle|category_sample
6336759333119,T1,D1,D1,113.06,3,292.46,97.48666666666666,1,False,True,True,True,Subscription,Unknown,5.65,11.31,11.31,NO_SITEWIDE_PCT_OFF | experiences_only,partner_reward|early_access|event_invite|merch_VIP
6532501864703,T2,D1,D2,113.06,2,230.19,115.095,2,False,True,False,False,Direct / Organic,Other,5.65,11.31,11.31,SUBSCRIBE_AND_SAVE | bundle_offers | no_blanket_10pct,subscribe_discount|bundle|category_sample
6327616831743,T2,D1,D5,113.04,1,282.6,282.6,1,False,True,False,False,Subscription,Unknown,5.65,11.3,11.3,SUBSCRIBE_AND_SAVE | bundle_offers | no_blanket_10pct,subscribe_discount|bundle|category_sample
6663954465023,T1,D1,D2,112.94,2,169.89,84.945,2,True,True,False,False,Subscription,Other,5.65,11.29,11.29,NO_SITEWIDE_PCT_OFF | experiences_only,partner_reward|early_access|event_invite|merch_VIP
6336631603455,T2,D1,D2,112.42,2,169.11,84.555,1,False,True,False,False,Subscription,Other,5.62,11.24,11.24,SUBSCRIBE_AND_SAVE | bundle_offers | no_blanket_10pct,subscribe_discount|bundle|category_sample
6336726204671,T2,D1,D2,112.32,2,225.45,112.725,3,False,True,False,False,Subscription,Unknown,5.62,11.23,11.23,SUBSCRIBE_AND_SAVE | bundle_offers | no_blanket_10pct,subscribe_discount|bundle|category_sample
7755927191807,T1,D1,D1,112.11,6,254.16,42.36,4,True,True,True,True,Direct / Organic,Other,5.61,11.21,11.21,NO_SITEWIDE_PCT_OFF | experiences_only,partner_reward|early_access|event_invite|merch_VIP
8681942548735,T2,D1,D2,112.03,1,137.63,137.63,2,False,True,False,False,Direct / Organic,Lean Protein,5.6,11.2,11.2,SUBSCRIBE_AND_SAVE | bundle_offers | no_blanket_10pct,subscribe_discount|bundle|category_sample
8857096126719,T2,D1,D2,111.76,1,105.97,105.97,1,False,True,False,False,Direct / Organic,Soy Protein,5.59,11.18,11.18,SUBSCRIBE_AND_SAVE | bundle_offers | no_blanket_10pct,subscribe_discount|bundle|category_sample
6327505322239,T2,D1,D5,111.75,1,160.36,160.36,2,False,True,False,False,Subscription,Other,5.59,11.18,11.18,SUBSCRIBE_AND_SAVE | bundle_offers | no_blanket_10pct,subscribe_discount|bundle|category_sample
8343062544639,T1,D1,D3,111.67,1,129.06,129.06,3,True,True,False,False,Subscription,Other,5.58,11.17,11.17,NO_SITEWIDE_PCT_OFF | experiences_only,partner_reward|early_access|event_invite|merch_VIP
8335227355391,T2,D1,D3,111.64,1,149.6,149.6,3,False,True,False,False,Direct / Organic,Collagen Glow,5.58,11.16,11.16,SUBSCRIBE_AND_SAVE | bundle_offers | no_blanket_10pct,subscribe_discount|bundle|category_sample
7825248059647,T2,D1,D4,111.54,1,132.34,132.34,2,False,True,False,False,Direct / Organic,Lean Protein,5.58,11.15,11.15,SUBSCRIBE_AND_SAVE | bundle_offers | no_blanket_10pct,subscribe_discount|bundle|category_sample
8348116812031,T2,D1,D3,111.18,1,128.9,128.9,3,False,True,False,False,Direct / Organic,Accessories,5.56,11.12,11.12,SUBSCRIBE_AND_SAVE | bundle_offers | no_blanket_10pct,subscribe_discount|bundle|category_sample
7756034146559,T1,D1,D1,111.07,3,189.27,63.09,2,False,True,True,True,Direct / Organic,Unknown,5.55,11.11,11.11,NO_SITEWIDE_PCT_OFF | experiences_only,partner_reward|early_access|event_invite|merch_VIP
6592949715199,T2,D1,D5,111.05,1,161.64,161.64,3,False,True,False,False,Subscription,Collagen Glow,5.55,11.1,11.1,SUBSCRIBE_AND_SAVE | bundle_offers | no_blanket_10pct,subscribe_discount|bundle|category_sample
8130705981695,T1,D1,D1,110.97,2,154.1,77.05,2,True,True,True,True,Subscription,Clear Protein,5.55,11.1,11.1,NO_SITEWIDE_PCT_OFF | experiences_only,partner_reward|early_access|event_invite|merch_VIP
7735604707583,T2,D1,D2,110.91,2,160.7,80.35,2,False,True,False,False,Subscription,Lean Protein,5.55,11.09,11.09,SUBSCRIBE_AND_SAVE | bundle_offers | no_blanket_10pct,subscribe_discount|bundle|category_sample
7756423495935,T1,D1,D1,110.9,2,148.34,74.17,1,False,True,True,True,Direct / Organic,Collagen Glow,5.55,11.09,11.09,NO_SITEWIDE_PCT_OFF | experiences_only,partner_reward|early_access|event_invite|merch_VIP
8337910989055,T1,D1,D1,110.83,2,136.29,68.145,3,True,True,True,True,Subscription,Other,5.54,11.08,11.08,NO_SITEWIDE_PCT_OFF | experiences_only,partner_reward|early_access|event_invite|merch_VIP
7341024936191,T2,D1,D5,110.54,1,129.0,129.0,2,False,True,False,False,Direct / Organic,Accessories,5.53,11.05,11.05,SUBSCRIBE_AND_SAVE | bundle_offers | no_blanket_10pct,subscribe_discount|bundle|category_sample
8312191123711,T2,D1,D3,110.54,1,129.0,129.0,2,False,True,False,False,Direct / Organic,Clear Protein,5.53,11.05,11.05,SUBSCRIBE_AND_SAVE | bundle_offers | no_blanket_10pct,subscribe_discount|bundle|category_sample
8714975674623,T2,D1,D2,110.54,1,148.9,148.9,2,False,True,False,False,Direct / Organic,Clear Protein,5.53,11.05,11.05,SUBSCRIBE_AND_SAVE | bundle_offers | no_blanket_10pct,subscribe_discount|bundle|category_sample
7756037390591,T1,D1,D1,110.4,2,281.45,140.725,1,False,True,True,True,Direct / Organic,Unknown,5.52,11.04,11.04,NO_SITEWIDE_PCT_OFF | experiences_only,partner_reward|early_access|event_invite|merch_VIP
7756361367807,T1,D1,D1,110.22,2,236.82,118.41,3,True,True,True,True,Subscription,Other,5.51,11.02,11.02,NO_SITEWIDE_PCT_OFF | experiences_only,partner_reward|early_access|event_invite|merch_VIP
8862032593151,T1,D1,D2,110.07,1,164.78,164.78,2,True,True,False,False,Subscription,Lean Protein,5.5,11.01,11.01,NO_SITEWIDE_PCT_OFF | experiences_only,partner_reward|early_access|event_invite|merch_VIP
7756457541887,T1,D1,D1,110.06,2,159.01,79.505,2,False,True,True,True,Direct / Organic,Clear Protein,5.5,11.01,11.01,NO_SITEWIDE_PCT_OFF | experiences_only,partner_reward|early_access|event_invite|merch_VIP
8242684559615,T2,D1,D3,110.02,1,126.48,126.48,3,False,True,False,False,Direct / Organic,Accessories,5.5,11.0,11.0,SUBSCRIBE_AND_SAVE | bundle_offers | no_blanket_10pct,subscribe_discount|bundle|category_sample
8324492656895,T2,D1,D3,110.02,1,128.9,128.9,3,False,True,False,False,Direct / Organic,Accessories,5.5,11.0,11.0,SUBSCRIBE_AND_SAVE | bundle_offers | no_blanket_10pct,subscribe_discount|bundle|category_sample
7755938726143,T1,D1,D1,109.95,12,367.45,30.620833333333334,2,True,True,True,True,Subscription,Other,5.5,11.0,11.0,NO_SITEWIDE_PCT_OFF | experiences_only,partner_reward|early_access|event_invite|merch_VIP
7756468355327,T2,D1,D4,109.45,1,122.56,122.56,2,False,True,False,False,Direct / Organic,Clear Protein,5.47,10.94,10.94,SUBSCRIBE_AND_SAVE | bundle_offers | no_blanket_10pct,subscribe_discount|bundle|category_sample
8251601027327,T2,D1,D3,109.39,1,148.8,148.8,3,False,True,False,False,Direct / Organic,Lean Protein,5.47,10.94,10.94,SUBSCRIBE_AND_SAVE | bundle_offers | no_blanket_10pct,subscribe_discount|bundle|category_sample
8294475825407,T2,D1,D3,109.39,1,148.8,148.8,3,False,True,False,False,Direct / Organic,Accessories,5.47,10.94,10.94,SUBSCRIBE_AND_SAVE | bundle_offers | no_blanket_10pct,subscribe_discount|bundle|category_sample
7897447629055,T2,D1,D3,109.19,1,137.5,137.5,2,False,True,False,False,Email,Clear Protein,5.46,10.92,10.92,SUBSCRIBE_AND_SAVE | bundle_offers | no_blanket_10pct,subscribe_discount|bundle|category_sample
8714014359807,T1,D1,D1,108.78,3,160.82,53.60666666666666,1,True,True,True,True,Subscription,Lean Protein,5.44,10.88,10.88,NO_SITEWIDE_PCT_OFF | experiences_only,partner_reward|early_access|event_invite|merch_VIP
6820808163583,T1,D1,D1,108.76,5,207.6,41.519999999999996,2,True,True,True,True,Subscription,Unknown,5.44,10.88,10.88,NO_SITEWIDE_PCT_OFF | experiences_only,partner_reward|early_access|event_invite|merch_VIP
8792260149503,T2,D1,D2,108.71,1,135.24,135.24,3,False,True,False,False,Direct / Organic,Lean Protein,5.44,10.87,10.87,SUBSCRIBE_AND_SAVE | bundle_offers | no_blanket_10pct,subscribe_discount|bundle|category_sample
7756429492479,T1,D1,D1,108.68,2,139.09,69.545,2,False,True,True,True,Direct / Organic,Other,5.43,10.87,10.87,NO_SITEWIDE_PCT_OFF | experiences_only,partner_reward|early_access|event_invite|merch_VIP
6329870385407,T2,D1,D2,108.64,2,281.41,140.705,1,False,True,False,False,Subscription,Unknown,5.43,10.86,10.86,SUBSCRIBE_AND_SAVE | bundle_offers | no_blanket_10pct,subscribe_discount|bundle|category_sample
8696541905151,T2,D1,D2,108.59,1,135.14,135.14,3,False,True,False,False,Email,Lean Protein,5.43,10.86,10.86,SUBSCRIBE_AND_SAVE | bundle_offers | no_blanket_10pct,subscribe_discount|bundle|category_sample
6631997964543,T1,D1,D2,108.59,2,191.02,95.51,2,True,True,False,False,Subscription,Other,5.43,10.86,10.86,NO_SITEWIDE_PCT_OFF | experiences_only,partner_reward|early_access|event_invite|merch_VIP
7756468027647,T1,D1,D1,108.48,3,149.89,49.96333333333333,2,True,True,True,True,Direct / Organic,Other,5.42,10.85,10.85,NO_SITEWIDE_PCT_OFF | experiences_only,partner_reward|early_access|event_invite|merch_VIP
7756468486399,T1,D1,D1,108.44,2,127.11,63.555,2,True,True,True,True,Direct / Organic,Lean Protein,5.42,10.84,10.84,NO_SITEWIDE_PCT_OFF | experiences_only,partner_reward|early_access|event_invite|merch_VIP
7963787067647,T1,D1,D1,107.88,2,134.1,67.05,3,False,True,True,True,Paid Social,Unknown,5.39,10.79,10.79,NO_SITEWIDE_PCT_OFF | experiences_only,partner_reward|early_access|event_invite|merch_VIP
7756185796863,T2,D1,D4,107.87,1,134.54,134.54,3,False,True,False,False,Email,Lean Protein,5.39,10.79,10.79,SUBSCRIBE_AND_SAVE | bundle_offers | no_blanket_10pct,subscribe_discount|bundle|category_sample
8881050845439,T2,D1,D2,107.23,1,149.87,149.87,3,False,True,False,False,Direct / Organic,Clear Protein,5.36,10.72,10.72,SUBSCRIBE_AND_SAVE | bundle_offers | no_blanket_10pct,subscribe_discount|bundle|category_sample
7862649389311,T2,D1,D3,107.01,1,130.58,130.58,2,False,True,False,False,Direct / Organic,Lean Protein,5.35,10.7,10.7,SUBSCRIBE_AND_SAVE | bundle_offers | no_blanket_10pct,subscribe_discount|bundle|category_sample
8829393436927,T1,D1,D2,106.95,1,149.63,149.63,2,True,True,False,False,Subscription,Clear Protein,5.35,10.7,10.7,NO_SITEWIDE_PCT_OFF | experiences_only,partner_reward|early_access|event_invite|merch_VIP
6328277893375,T1,D1,D2,106.83,2,203.76,101.88,1,True,True,False,False,Subscription,Other,5.34,10.68,10.68,NO_SITEWIDE_PCT_OFF | experiences_only,partner_reward|early_access|event_invite|merch_VIP
7168908230911,T1,D1,D1,106.83,3,173.25,57.75,4,False,True,True,True,Subscription,Clear Protein,5.34,10.68,10.68,NO_SITEWIDE_PCT_OFF | experiences_only,partner_reward|early_access|event_invite|merch_VIP
6880733135103,T1,D1,D1,106.76,4,160.48,40.12,3,True,True,True,True,Subscription,Other,5.34,10.68,10.68,NO_SITEWIDE_PCT_OFF | experiences_only,partner_reward|early_access|event_invite|merch_VIP
6479260352767,T2,D1,D2,106.75,2,109.31,54.655,1,False,True,False,False,Subscription,Other,5.34,10.68,10.68,SUBSCRIBE_AND_SAVE | bundle_offers | no_blanket_10pct,subscribe_discount|bundle|category_sample
7159798726911,T2,D1,D5,106.69,1,150.0,150.0,2,False,True,False,False,Subscription,Collagen Glow,5.33,10.67,10.67,SUBSCRIBE_AND_SAVE | bundle_offers | no_blanket_10pct,subscribe_discount|bundle|category_sample
7476683997439,T2,D1,D5,106.57,1,104.79,104.79,2,False,True,False,False,Subscription,Clear Protein,5.33,10.66,10.66,SUBSCRIBE_AND_SAVE | bundle_offers | no_blanket_10pct,subscribe_discount|bundle|category_sample
8335390179583,T2,D1,D3,106.57,1,129.0,129.0,3,False,True,False,False,Direct / Organic,Accessories,5.33,10.66,10.66,SUBSCRIBE_AND_SAVE | bundle_offers | no_blanket_10pct,subscribe_discount|bundle|category_sample
6329836175615,T1,D1,D1,106.56,3,207.41,69.13666666666667,3,False,True,True,True,Subscription,Unknown,5.33,10.66,10.66,NO_SITEWIDE_PCT_OFF | experiences_only,partner_reward|early_access|event_invite|merch_VIP
7955250249983,T1,D1,D1,106.49,2,159.74,79.87,5,False,True,True,True,Direct / Organic,Lean Protein,5.32,10.65,10.65,NO_SITEWIDE_PCT_OFF | experiences_only,partner_reward|early_access|event_invite|merch_VIP
7756009373951,T1,D1,D1,106.41,4,294.28,73.57,2,True,True,True,True,Direct / Organic,Unknown,5.32,10.64,10.64,NO_SITEWIDE_PCT_OFF | experiences_only,partner_reward|early_access|event_invite|merch_VIP
7915596251391,T1,D1,D1,106.24,2,156.39,78.195,1,True,True,True,True,Direct / Organic,Collagen Glow,5.31,10.62,10.62,NO_SITEWIDE_PCT_OFF | experiences_only,partner_reward|early_access|event_invite|merch_VIP
7829327708415,T1,D1,D1,106.22,3,166.21,55.403333333333336,2,True,True,True,True,Direct / Organic,Clear Protein,5.31,10.62,10.62,NO_SITEWIDE_PCT_OFF | experiences_only,partner_reward|early_access|event_invite|merch_VIP
7136595673343,T2,D1,D2,106.04,2,136.85,68.425,2,False,True,False,False,Subscription,Other,5.3,10.6,10.6,SUBSCRIBE_AND_SAVE | bundle_offers | no_blanket_10pct,subscribe_discount|bundle|category_sample
7888540107007,T1,D1,D1,105.74,2,129.2,64.6,2,True,True,True,True,Subscription,Accessories,5.29,10.57,10.57,NO_SITEWIDE_PCT_OFF | experiences_only,partner_reward|early_access|event_invite|merch_VIP
7756031361279,T1,D1,D1,105.64,2,269.56,134.78,1,False,True,True,True,Direct / Organic,Unknown,5.28,10.56,10.56,NO_SITEWIDE_PCT_OFF | experiences_only,partner_reward|early_access|event_invite|merch_VIP
7756040634623,T2,D1,D4,105.64,1,264.11,264.11,1,False,True,False,False,Direct / Organic,Unknown,5.28,10.56,10.56,SUBSCRIBE_AND_SAVE | bundle_offers | no_blanket_10pct,subscribe_discount|bundle|category_sample
7729333272831,T1,D1,D1,105.3,3,161.73,53.91,1,True,True,True,True,Subscription,Lean Protein,5.26,10.53,10.53,NO_SITEWIDE_PCT_OFF | experiences_only,partner_reward|early_access|event_invite|merch_VIP
7756260573439,T1,D1,D1,105.29,2,163.42,81.71,2,True,True,True,True,Direct / Organic,Other,5.26,10.53,10.53,NO_SITEWIDE_PCT_OFF | experiences_only,partner_reward|early_access|event_invite|merch_VIP
7756467208447,T1,D1,D1,105.19,2,160.36,80.18,1,True,True,True,True,Subscription,Clear Protein,5.26,10.52,10.52,NO_SITEWIDE_PCT_OFF | experiences_only,partner_reward|early_access|event_invite|merch_VIP
8074346168575,T2,D1,D3,105.1,1,127.24,127.24,2,False,True,False,False,Direct / Organic,Lean Protein,5.26,10.51,10.51,SUBSCRIBE_AND_SAVE | bundle_offers | no_blanket_10pct,subscribe_discount|bundle|category_sample
7756383486207,T1,D1,D1,105.07,3,231.67,77.22333333333333,2,True,True,True,True,Subscription,Other,5.25,10.51,10.51,NO_SITEWIDE_PCT_OFF | experiences_only,partner_reward|early_access|event_invite|merch_VIP
6373099667711,T2,D1,D5,104.98,1,150.34,150.34,2,False,True,False,False,Subscription,Accessories,5.25,10.5,10.5,SUBSCRIBE_AND_SAVE | bundle_offers | no_blanket_10pct,subscribe_discount|bundle|category_sample
7113347105023,T2,D1,D2,104.73,2,153.62,76.81,3,False,True,False,False,Subscription,Other,5.24,10.47,10.47,SUBSCRIBE_AND_SAVE | bundle_offers | no_blanket_10pct,subscribe_discount|bundle|category_sample
7884672827647,T1,D1,D1,104.73,2,153.51,76.755,2,False,True,True,True,Direct / Organic,Other,5.24,10.47,10.47,NO_SITEWIDE_PCT_OFF | experiences_only,partner_reward|early_access|event_invite|merch_VIP
7756362645759,T2,D1,D4,104.58,1,147.16,147.16,1,False,True,False,False,Direct / Organic,Other,5.23,10.46,10.46,SUBSCRIBE_AND_SAVE | bundle_offers | no_blanket_10pct,subscribe_discount|bundle|category_sample
7478289858815,T1,D1,D2,104.5,2,130.66,65.33,2,True,True,False,False,Subscription,Clear Protein,5.22,10.45,10.45,NO_SITEWIDE_PCT_OFF | experiences_only,partner_reward|early_access|event_invite|merch_VIP
8696770265343,T2,D1,D2,104.26,1,141.04,141.04,1,False,True,False,False,Direct / Organic,Clear Protein,5.21,10.43,10.43,SUBSCRIBE_AND_SAVE | bundle_offers | no_blanket_10pct,subscribe_discount|bundle|category_sample
7756019532031,T2,D1,D2,104.03,2,265.53,132.765,1,False,True,False,False,Direct / Organic,Unknown,5.2,10.4,10.4,SUBSCRIBE_AND_SAVE | bundle_offers | no_blanket_10pct,subscribe_discount|bundle|category_sample
8333431931135,T2,D1,D3,103.98,1,140.76,140.76,1,False,True,False,False,Direct / Organic,Accessories,5.2,10.4,10.4,SUBSCRIBE_AND_SAVE | bundle_offers | no_blanket_10pct,subscribe_discount|bundle|category_sample
7522847850751,T2,D1,D5,103.95,1,104.79,104.79,4,False,True,False,False,Subscription,Other,5.2,10.4,10.4,SUBSCRIBE_AND_SAVE | bundle_offers | no_blanket_10pct,subscribe_discount|bundle|category_sample
8283591377151,T2,D1,D3,103.87,1,134.0,134.0,3,False,True,False,False,Direct / Organic,Clear Protein,5.19,10.39,10.39,SUBSCRIBE_AND_SAVE | bundle_offers | no_blanket_10pct,subscribe_discount|bundle|category_sample
6698931585279,T1,D1,D1,103.83,4,177.9,44.475,2,True,True,True,True,Subscription,Other,5.19,10.38,10.38,NO_SITEWIDE_PCT_OFF | experiences_only,partner_reward|early_access|event_invite|merch_VIP
7756393611519,T2,D1,D4,103.81,1,104.41,104.41,1,False,True,False,False,Direct / Organic,Other,5.19,10.38,10.38,SUBSCRIBE_AND_SAVE | bundle_offers | no_blanket_10pct,subscribe_discount|bundle|category_sample
8761249235199,T1,D1,D1,103.75,2,114.5,57.25,3,False,True,True,True,Direct / Organic,Accessories,5.19,10.38,10.38,NO_SITEWIDE_PCT_OFF | experiences_only,partner_reward|early_access|event_invite|merch_VIP
8087298408703,T1,D1,D3,103.7,1,126.7,126.7,2,True,True,False,False,Subscription,Lean Protein,5.18,10.37,10.37,NO_SITEWIDE_PCT_OFF | experiences_only,partner_reward|early_access|event_invite|merch_VIP
7756018319615,T1,D1,D1,103.63,5,225.42,45.083999999999996,2,False,True,True,True,Direct / Organic,Unknown,5.18,10.36,10.36,NO_SITEWIDE_PCT_OFF | experiences_only,partner_reward|early_access|event_invite|merch_VIP
7756485230847,T2,D1,D4,103.43,1,132.73,132.73,2,False,True,False,False,Direct / Organic,Accessories,5.17,10.34,10.34,SUBSCRIBE_AND_SAVE | bundle_offers | no_blanket_10pct,subscribe_discount|bundle|category_sample
