customer_id,cluster,cluster_name
6327387259135,3,Premium_Other
6327390765311,3,Premium_Other
6327391977727,4,Casual_Clear
6327396303103,4,Casual_Clear
6327398400255,4,Casual_Clear
6327399678207,4,Casual_Clear
6327399940351,3,Premium_Other
6327401644287,4,Casual_Clear
6327401709823,3,Premium_Other
6327404921087,3,Premium_Other
6327406264575,4,Casual_Clear
6327406952703,4,Casual_Clear
6327501881599,3,Premium_Other
6327503552767,4,Casual_Clear
6327504011519,4,Casual_Clear
6327505322239,4,Casual_Clear
6327505355007,4,Casual_Clear
6327507452159,4,Casual_Clear
6327509713151,4,Casual_Clear
6327510335743,4,Casual_Clear
6327515152639,3,Premium_Other
6327515873535,4,Casual_Clear
6327516889343,4,Casual_Clear
6327517053183,4,Casual_Clear
6327517413631,4,Casual_Clear
6327519084799,4,Casual_Clear
6327521149183,4,Casual_Clear
6327522230527,3,Premium_Other
6327522361599,3,Premium_Other
6327523148031,3,Premium_Other
6327524557055,4,Casual_Clear
6327524688127,4,Casual_Clear
6327530193151,4,Casual_Clear
6327531176191,4,Casual_Clear
6327547461887,4,Casual_Clear
6327551426815,4,Casual_Clear
6327552540927,4,Casual_Clear
6327553655039,4,Casual_Clear
6327555457279,4,Casual_Clear
6327556669695,4,Casual_Clear
6327556735231,4,Casual_Clear
6327557423359,4,Casual_Clear
6327561027839,4,Casual_Clear
6327562043647,4,Casual_Clear
6327566205183,4,Casual_Clear
6327607001343,4,Casual_Clear
6327607623935,5,Casual_Accessories
6327607853311,4,Casual_Clear
6327607918847,3,Premium_Other
6327612276991,4,Casual_Clear
6327614406911,4,Casual_Clear
6327614800127,4,Casual_Clear
6327616831743,4,Casual_Clear
6327622566143,4,Casual_Clear
6327623418111,4,Casual_Clear
6327623549183,4,Casual_Clear
6327624859903,4,Casual_Clear
6327625089279,4,Casual_Clear
6327627022591,4,Casual_Clear
6327627383039,3,Premium_Other
6327628464383,4,Casual_Clear
6327629250815,4,Casual_Clear
6327629381887,4,Casual_Clear
6327633477887,4,Casual_Clear
6327633510655,4,Casual_Clear
6327633543423,4,Casual_Clear
6327635149055,4,Casual_Clear
6327635181823,4,Casual_Clear
6327638130943,4,Casual_Clear
6327638491391,4,Casual_Clear
6327639015679,4,Casual_Clear
6327639572735,3,Premium_Other
6327641178367,4,Casual_Clear
6327653662975,4,Casual_Clear
6327653794047,4,Casual_Clear
6327653826815,4,Casual_Clear
6327655137535,4,Casual_Clear
6327655301375,4,Casual_Clear
6327655891199,3,Premium_Other
6327659954431,4,Casual_Clear
6327661527295,4,Casual_Clear
6327662870783,4,Casual_Clear
6327663034623,3,Premium_Other
6327666114815,4,Casual_Clear
6327673618687,4,Casual_Clear
6327675945215,4,Casual_Clear
6327678501119,4,Casual_Clear
6327679418623,1,Premium_Other
6327680434431,4,Casual_Clear
6327681515775,4,Casual_Clear
6327682236671,3,Premium_Other
6327689543935,4,Casual_Clear
6327689576703,3,Premium_Other
6327691772159,4,Casual_Clear
6327692722431,4,Casual_Clear
6327693345023,4,Casual_Clear
6327694459135,4,Casual_Clear
6327696097535,4,Casual_Clear
6327696294143,4,Casual_Clear
6327696425215,4,Casual_Clear
6327697834239,3,Premium_Other
6327698194687,4,Casual_Clear
6327698981119,3,Premium_Other
6327700783359,4,Casual_Clear
6327702487295,3,Premium_Other
6327703240959,4,Casual_Clear
6327704223999,4,Casual_Clear
6327705108735,4,Casual_Clear
6327706059007,4,Casual_Clear
6327709139199,3,Premium_Other
6327712055551,4,Casual_Clear
6327712874751,4,Casual_Clear
6327713562879,4,Casual_Clear
6327713792255,4,Casual_Clear
6327713857791,4,Casual_Clear
6327719231743,4,Casual_Clear
6327719330047,4,Casual_Clear
6327719756031,4,Casual_Clear
6327720083711,3,Premium_Other
6327720739071,4,Casual_Clear
6327723131135,4,Casual_Clear
6327726637311,3,Premium_Other
6327731028223,4,Casual_Clear
6327732863231,4,Casual_Clear
6327734927615,3,Premium_Other
6327737909503,4,Casual_Clear
6327740727551,5,Casual_Accessories
6327740858623,4,Casual_Clear
6327743545599,4,Casual_Clear
6327743709439,4,Casual_Clear
6327748264191,3,Premium_Other
6327752720639,3,Premium_Other
6327757406463,4,Casual_Clear
6327759241471,4,Casual_Clear
6327760879871,4,Casual_Clear
6327761830143,4,Casual_Clear
6327763042559,3,Premium_Other
6327775232255,4,Casual_Clear
6327777001727,4,Casual_Clear
6327780704511,3,Premium_Other
6327785095423,4,Casual_Clear
6327788863743,4,Casual_Clear
6327793615103,4,Casual_Clear
6327795548415,4,Casual_Clear
6327799841023,4,Casual_Clear
6327806263551,3,Premium_Other
6327827955967,4,Casual_Clear
6327830610175,4,Casual_Clear
6328212750591,4,Casual_Clear
6328214618367,1,Premium_Other
6328226644223,4,Casual_Clear
6328228872447,3,Premium_Other
6328230281471,3,Premium_Other
6328231035135,4,Casual_Clear
6328238899455,3,Premium_Other
6328246960383,4,Casual_Clear
6328247255295,3,Premium_Other
6328249286911,4,Casual_Clear
6328253186303,4,Casual_Clear
6328258035967,3,Premium_Other
6328261837055,4,Casual_Clear
6328262263039,4,Casual_Clear
6328262656255,4,Casual_Clear
6328264360191,4,Casual_Clear
6328266129663,4,Casual_Clear
6328269734143,4,Casual_Clear
6328270061823,4,Casual_Clear
6328270815487,3,Premium_Other
6328271077631,4,Casual_Clear
6328274747647,3,Premium_Other
6328275697919,4,Casual_Clear
6328277893375,3,Premium_Other
6328281137407,3,Premium_Other
6328281465087,4,Casual_Clear
6328284643583,4,Casual_Clear
6328285921535,4,Casual_Clear
6328286970111,4,Casual_Clear
6328289657087,3,Premium_Other
6328289788159,4,Casual_Clear
6328293490943,4,Casual_Clear
6328294047999,4,Casual_Clear
6328296767743,4,Casual_Clear
6328296833279,4,Casual_Clear
6328298111231,4,Casual_Clear
6328298209535,4,Casual_Clear
6328303943935,4,Casual_Clear
6328304304383,4,Casual_Clear
6328308859135,3,Premium_Other
6328310857983,4,Casual_Clear
6329600409855,4,Casual_Clear
6329600704767,4,Casual_Clear
6329600803071,3,Premium_Other
6329600966911,4,Casual_Clear
6329602670847,4,Casual_Clear
6329603490047,4,Casual_Clear
6329603686655,4,Casual_Clear
6329603752191,3,Premium_Other
6329604210943,4,Casual_Clear
6329604407551,4,Casual_Clear
6329605193983,4,Casual_Clear
6329607586047,4,Casual_Clear
6329609191679,4,Casual_Clear
6329611485439,3,Premium_Other
6329613844735,4,Casual_Clear
6329615220991,4,Casual_Clear
6329616695551,4,Casual_Clear
6329616859391,4,Casual_Clear
6329618006271,4,Casual_Clear
6329618104575,4,Casual_Clear
6329618301183,3,Premium_Other
6329620398335,4,Casual_Clear
6329622954239,4,Casual_Clear
6329623871743,4,Casual_Clear
6329625379071,4,Casual_Clear
6329630163199,4,Casual_Clear
6329631146239,4,Casual_Clear
6329631408383,4,Casual_Clear
6329633571071,4,Casual_Clear
6329637929215,4,Casual_Clear
6329639960831,3,Premium_Other
6329641795839,4,Casual_Clear
6329687212287,4,Casual_Clear
6329689735423,1,Premium_Other
6329694191871,2,Frequent_Soy
6329694552319,4,Casual_Clear
6329696682239,3,Premium_Other
6329698124031,4,Casual_Clear
6329699729663,4,Casual_Clear
6329708675327,4,Casual_Clear
6329708708095,2,Frequent_Soy
6329708839167,4,Casual_Clear
6329709887743,4,Casual_Clear
6329710412031,4,Casual_Clear
6329711493375,1,Premium_Other
6329712935167,4,Casual_Clear
6329714376959,4,Casual_Clear
6329716080895,4,Casual_Clear
6329716637951,4,Casual_Clear
6329719718143,4,Casual_Clear
6329828180223,4,Casual_Clear
6329828606207,4,Casual_Clear
6329829785855,4,Casual_Clear
6329830015231,4,Casual_Clear
6329830703359,4,Casual_Clear
6329831588095,3,Premium_Other
6329832046847,4,Casual_Clear
6329833160959,3,Premium_Other
6329833390335,4,Casual_Clear
6329834733823,4,Casual_Clear
6329834832127,3,Premium_Other
6329836175615,4,Casual_Clear
6329836339455,4,Casual_Clear
6329836404991,4,Casual_Clear
6329840173311,4,Casual_Clear
6329843384575,3,Premium_Other
6329848496383,4,Casual_Clear
6329848627455,4,Casual_Clear
6329848889599,4,Casual_Clear
6329849053439,4,Casual_Clear
6329849118975,3,Premium_Other
6329849872639,4,Casual_Clear
6329849905407,4,Casual_Clear
6329853542655,4,Casual_Clear
6329857638655,4,Casual_Clear
6329858785535,4,Casual_Clear
6329860260095,4,Casual_Clear
6329863766271,3,Premium_Other
6329863831807,4,Casual_Clear
6329866911999,4,Casual_Clear
6329867763967,4,Casual_Clear
6329868943615,4,Casual_Clear
6329869861119,3,Premium_Other
6329870385407,4,Casual_Clear
6329871073535,4,Casual_Clear
6329871991039,4,Casual_Clear
6329872974079,4,Casual_Clear
6329873694975,4,Casual_Clear
6329873727743,4,Casual_Clear
6329873924351,4,Casual_Clear
6329874088191,4,Casual_Clear
6329874153727,3,Premium_Other
6334060429567,4,Casual_Clear
6334064328959,4,Casual_Clear
6334064722175,4,Casual_Clear
6334064951551,4,Casual_Clear
6334066000127,4,Casual_Clear
6334073602303,1,Premium_Other
6334077829375,4,Casual_Clear
6334080876799,4,Casual_Clear
6334081433855,4,Casual_Clear
6334087627007,4,Casual_Clear
6334090838271,4,Casual_Clear
6334095098111,4,Casual_Clear
6336631275775,1,Premium_Other
6336631603455,3,Premium_Other
6336636748031,4,Casual_Clear
6336637272319,4,Casual_Clear
6336639664383,4,Casual_Clear
6336645169407,4,Casual_Clear
6336647954687,3,Premium_Other
6336648052991,4,Casual_Clear
6336648675583,5,Casual_Accessories
6336651133183,4,Casual_Clear
6336651559167,3,Premium_Other
6336654704895,4,Casual_Clear
6336658145535,3,Premium_Other
6336660111615,4,Casual_Clear
6336660472063,4,Casual_Clear
6336660734207,3,Premium_Other
6336661586175,4,Casual_Clear
6336662634751,3,Premium_Other
6336667287807,4,Casual_Clear
6336669483263,3,Premium_Other
6336672530687,4,Casual_Clear
6336672694527,4,Casual_Clear
6336677970175,4,Casual_Clear
6336681378047,4,Casual_Clear
6336684065023,4,Casual_Clear
6336684916991,4,Casual_Clear
6336688324863,4,Casual_Clear
6336691994879,4,Casual_Clear
6336692224255,4,Casual_Clear
6336693305599,4,Casual_Clear
6336694845695,4,Casual_Clear
6336695763199,4,Casual_Clear
6336696123647,3,Premium_Other
6336697762047,4,Casual_Clear
6336697958655,4,Casual_Clear
6336698253567,3,Premium_Other
6336712409343,3,Premium_Other
6336712999167,3,Premium_Other
6336718930175,5,Casual_Accessories
6336719192319,3,Premium_Other
6336720011519,4,Casual_Clear
6336720568575,4,Casual_Clear
6336726204671,4,Casual_Clear
6336728531199,1,Premium_Other
6336735478015,4,Casual_Clear
6336735740159,4,Casual_Clear
6336736297215,4,Casual_Clear
6336738099455,4,Casual_Clear
6336741933311,4,Casual_Clear
6336745406719,4,Casual_Clear
6336747012351,4,Casual_Clear
6336747438335,1,Premium_Other
6336747471103,3,Premium_Other
6336751894783,4,Casual_Clear
6336752222463,4,Casual_Clear
6336754450687,4,Casual_Clear
6336754647295,3,Premium_Other
6336758251775,3,Premium_Other
6336758415615,4,Casual_Clear
6336758808831,5,Casual_Accessories
6336759333119,4,Casual_Clear
6336759955711,4,Casual_Clear
6336760447231,4,Casual_Clear
6336760545535,4,Casual_Clear
6336760840447,4,Casual_Clear
6348036178175,4,Casual_Clear
6351154741503,3,Premium_Other
6352858775807,4,Casual_Clear
6362962821375,3,Premium_Other
6365653270783,3,Premium_Other
6366358503679,3,Premium_Other
6368762626303,3,Premium_Other
6372751343871,3,Premium_Other
6373099667711,5,Casual_Accessories
6377877831935,4,Casual_Clear
6390530113791,4,Casual_Clear
6390669017343,3,Premium_Other
6391423762687,4,Casual_Clear
6395505901823,4,Casual_Clear
6420678377727,3,Premium_Other
6423223828735,4,Casual_Clear
6423223927039,4,Casual_Clear
6423224484095,4,Casual_Clear
6423225073919,3,Premium_Other
6423226220799,4,Casual_Clear
6423226679551,3,Premium_Other
6423228088575,4,Casual_Clear
6423228121343,4,Casual_Clear
6423228776703,3,Premium_Other
6423239360767,4,Casual_Clear
6423239950591,4,Casual_Clear
6423240081663,4,Casual_Clear
6423240114431,4,Casual_Clear
6423240212735,4,Casual_Clear
6423240638719,3,Premium_Other
6423240835327,3,Premium_Other
6423240966399,4,Casual_Clear
6423241130239,4,Casual_Clear
6423463395583,4,Casual_Clear
6423463756031,4,Casual_Clear
6423463854335,3,Premium_Other
6423463919871,4,Casual_Clear
6423590142207,3,Premium_Other
6423590207743,4,Casual_Clear
6423590371583,4,Casual_Clear
6423590797567,4,Casual_Clear
6423591354623,4,Casual_Clear
6423592272127,4,Casual_Clear
6423592337663,4,Casual_Clear
6423592370431,4,Casual_Clear
6423592730879,4,Casual_Clear
6423592796415,4,Casual_Clear
6423592861951,4,Casual_Clear
6423593255167,4,Casual_Clear
6423593681151,4,Casual_Clear
6423593746687,4,Casual_Clear
6423594107135,4,Casual_Clear
6423594500351,4,Casual_Clear
6423594533119,4,Casual_Clear
6423594598655,4,Casual_Clear
6423594860799,4,Casual_Clear
6423594926335,4,Casual_Clear
6423595024639,4,Casual_Clear
6423595155711,4,Casual_Clear
6423595254015,4,Casual_Clear
6423595286783,4,Casual_Clear
6423595417855,4,Casual_Clear
6423595450623,4,Casual_Clear
6423595516159,4,Casual_Clear
6423595909375,4,Casual_Clear
6423596499199,4,Casual_Clear
6423596531967,4,Casual_Clear
6423596663039,4,Casual_Clear
6423596761343,4,Casual_Clear
6423596826879,4,Casual_Clear
6423596859647,4,Casual_Clear
6423597613311,4,Casual_Clear
6423598072063,4,Casual_Clear
6423598498047,4,Casual_Clear
6423598760191,4,Casual_Clear
6423598989567,4,Casual_Clear
6423599546623,4,Casual_Clear
6423599907071,4,Casual_Clear
6423600824575,4,Casual_Clear
6423601152255,4,Casual_Clear
6423601217791,4,Casual_Clear
6423601381631,4,Casual_Clear
6423601479935,4,Casual_Clear
6423601709311,4,Casual_Clear
6423602036991,4,Casual_Clear
6423602168063,4,Casual_Clear
6423602200831,4,Casual_Clear
6423602266367,4,Casual_Clear
6423602528511,4,Casual_Clear
6423602790655,4,Casual_Clear
6423602823423,4,Casual_Clear
6423602856191,4,Casual_Clear
6423603380479,4,Casual_Clear
6423603740927,3,Premium_Other
6423603773695,4,Casual_Clear
6423603839231,4,Casual_Clear
6423604101375,4,Casual_Clear
6423604134143,4,Casual_Clear
6423604166911,4,Casual_Clear
6423604232447,4,Casual_Clear
6423604265215,4,Casual_Clear
6423604592895,4,Casual_Clear
6423604691199,4,Casual_Clear
6423604723967,3,Premium_Other
6423604789503,4,Casual_Clear
6423604887807,4,Casual_Clear
6423604986111,4,Casual_Clear
6423605018879,4,Casual_Clear
6423605051647,4,Casual_Clear
6423605772543,4,Casual_Clear
6423605838079,3,Premium_Other
6423606231295,4,Casual_Clear
6423606395135,4,Casual_Clear
6423606493439,4,Casual_Clear
6423606755583,4,Casual_Clear
6423607279871,4,Casual_Clear
6423607312639,4,Casual_Clear
6423608131839,4,Casual_Clear
6423608426751,4,Casual_Clear
6423609934079,4,Casual_Clear
6423610065151,4,Casual_Clear
6423610261759,4,Casual_Clear
6423610458367,4,Casual_Clear
6423610523903,4,Casual_Clear
6423611080959,4,Casual_Clear
6423611441407,4,Casual_Clear
6423611474175,4,Casual_Clear
6423611670783,4,Casual_Clear
6423611965695,4,Casual_Clear
6423612063999,4,Casual_Clear
6423612129535,4,Casual_Clear
6423612358911,4,Casual_Clear
6423612588287,4,Casual_Clear
6423612752127,4,Casual_Clear
6423613047039,4,Casual_Clear
6423613210879,4,Casual_Clear
6423613604095,4,Casual_Clear
6423613669631,4,Casual_Clear
6423613702399,4,Casual_Clear
6423613964543,4,Casual_Clear
6423614030079,4,Casual_Clear
6423614062847,4,Casual_Clear
6423614095615,4,Casual_Clear
6423614128383,4,Casual_Clear
6424267129087,4,Casual_Clear
6424267227391,4,Casual_Clear
6424267260159,4,Casual_Clear
6424267456767,4,Casual_Clear
6424267686143,4,Casual_Clear
6424475828479,4,Casual_Clear
6424534089983,4,Casual_Clear
6424544575743,4,Casual_Clear
6424573640959,3,Premium_Other
6424671617279,4,Casual_Clear
6424704024831,4,Casual_Clear
6424716706047,4,Casual_Clear
6424737513727,4,Casual_Clear
6424851120383,4,Casual_Clear
6424908759295,4,Casual_Clear
6450369855743,3,Premium_Other
6453495759103,3,Premium_Other
6469874483455,4,Casual_Clear
6474696687871,4,Casual_Clear
6477558612223,4,Casual_Clear
6477783892223,4,Casual_Clear
6479260352767,3,Premium_Other
6480331735295,4,Casual_Clear
6481084547327,4,Casual_Clear
6489009225983,4,Casual_Clear
6492358639871,4,Casual_Clear
6500262969599,4,Casual_Clear
6505222308095,4,Casual_Clear
6508011389183,2,Frequent_Soy
6510186463487,4,Casual_Clear
6510694334719,3,Premium_Other
6514794725631,4,Casual_Clear
6518409691391,4,Casual_Clear
6521577373951,4,Casual_Clear
6522940883199,4,Casual_Clear
6526214340863,4,Casual_Clear
6528300384511,4,Casual_Clear
6529440514303,3,Premium_Other
6532452057343,4,Casual_Clear
6532456907007,4,Casual_Clear
6532458578175,4,Casual_Clear
6532476403967,4,Casual_Clear
6532477485311,4,Casual_Clear
6532482859263,4,Casual_Clear
6532484989183,3,Premium_Other
6532486037759,4,Casual_Clear
6532488954111,4,Casual_Clear
6532489150719,4,Casual_Clear
6532489183487,4,Casual_Clear
6532492591359,4,Casual_Clear
6532493574399,4,Casual_Clear
6532494196991,4,Casual_Clear
6532495114495,4,Casual_Clear
6532495900927,4,Casual_Clear
6532496064767,4,Casual_Clear
6532496195839,4,Casual_Clear
6532501864703,3,Premium_Other
6532502290687,4,Casual_Clear
6532503077119,4,Casual_Clear
6532503666943,4,Casual_Clear
6532504453375,4,Casual_Clear
6532505764095,4,Casual_Clear
6532514840831,4,Casual_Clear
6532514939135,4,Casual_Clear
6532514971903,4,Casual_Clear
6532515004671,4,Casual_Clear
6532515135743,4,Casual_Clear
6532515234047,4,Casual_Clear
6532515266815,4,Casual_Clear
6532515332351,4,Casual_Clear
6532515463423,4,Casual_Clear
6532515561727,4,Casual_Clear
6532515594495,4,Casual_Clear
6532515791103,4,Casual_Clear
6532515889407,4,Casual_Clear
6543953953023,4,Casual_Clear
6545737908479,4,Casual_Clear
6547456491775,3,Premium_Other
6549652734207,4,Casual_Clear
6550479470847,3,Premium_Other
6554631667967,4,Casual_Clear
6558688313599,1,Premium_Other
6559129141503,3,Premium_Other
6582510584063,3,Premium_Other
6582888300799,4,Casual_Clear
6585818710271,4,Casual_Clear
6586846314751,4,Casual_Clear
6587938668799,4,Casual_Clear
6588193865983,3,Premium_Other
6590570627327,1,Premium_Other
6590913347839,3,Premium_Other
6592534642943,4,Casual_Clear
6592949715199,4,Casual_Clear
6593253343487,4,Casual_Clear
6593759609087,3,Premium_Other
6594939814143,4,Casual_Clear
6599308607743,3,Premium_Other
6600826159359,4,Casual_Clear
6601909141759,4,Casual_Clear
6601909240063,4,Casual_Clear
6601909305599,4,Casual_Clear
6601909534975,4,Casual_Clear
6601910092031,3,Premium_Other
6601910255871,3,Premium_Other
6601910747391,3,Premium_Other
6601910845695,4,Casual_Clear
6601910878463,4,Casual_Clear
6601910911231,4,Casual_Clear
6601910943999,4,Casual_Clear
6601910976767,4,Casual_Clear
6601972154623,4,Casual_Clear
6602513154303,4,Casual_Clear
6602801479935,4,Casual_Clear
6607239348479,3,Premium_Other
6607911551231,4,Casual_Clear
6609298161919,4,Casual_Clear
6609653694719,4,Casual_Clear
6610407424255,4,Casual_Clear
6612679590143,4,Casual_Clear
6613396193535,4,Casual_Clear
6613804351743,4,Casual_Clear
6614257369343,4,Casual_Clear
6616188879103,4,Casual_Clear
6616314282239,3,Premium_Other
6616451449087,4,Casual_Clear
6616678793471,3,Premium_Other
6620081684735,4,Casual_Clear
6620088500479,4,Casual_Clear
6624124797183,4,Casual_Clear
6624970440959,4,Casual_Clear
6630248251647,4,Casual_Clear
6631997964543,3,Premium_Other
6644271644927,4,Casual_Clear
6644874084607,4,Casual_Clear
6644955775231,4,Casual_Clear
6648608686335,3,Premium_Other
6650460700927,4,Casual_Clear
6650644726015,3,Premium_Other
6659616538879,4,Casual_Clear
6663954465023,4,Casual_Clear
6665240019199,4,Casual_Clear
6670248935679,3,Premium_Other
6671998746879,4,Casual_Clear
6683695710463,3,Premium_Other
6685270081791,3,Premium_Other
6686265540863,4,Casual_Clear
6689737474303,4,Casual_Clear
6692441456895,4,Casual_Clear
6695490814207,4,Casual_Clear
6696211022079,4,Casual_Clear
6697080127743,2,Frequent_Soy
6698931585279,3,Premium_Other
6700602786047,4,Casual_Clear
6703429976319,4,Casual_Clear
6703512977663,4,Casual_Clear
6704357310719,4,Casual_Clear
6707767410943,4,Casual_Clear
6708449607935,4,Casual_Clear
6715478900991,4,Casual_Clear
6715986182399,4,Casual_Clear
6716826288383,4,Casual_Clear
6718421565695,4,Casual_Clear
6718461051135,4,Casual_Clear
6723752263935,4,Casual_Clear
6763164958975,3,Premium_Other
6765611876607,3,Premium_Other
6765619511551,4,Casual_Clear
6767084306687,4,Casual_Clear
6767682453759,4,Casual_Clear
6772333609215,3,Premium_Other
6773309407487,4,Casual_Clear
6776240406783,3,Premium_Other
6780370485503,3,Premium_Other
6781260038399,4,Casual_Clear
6783954354431,4,Casual_Clear
6787329097983,3,Premium_Other
6788480467199,4,Casual_Clear
6796578291967,4,Casual_Clear
6797463945471,4,Casual_Clear
6798553186559,4,Casual_Clear
6803687801087,4,Casual_Clear
6804197376255,3,Premium_Other
6805761556735,4,Casual_Clear
6820808163583,3,Premium_Other
6822588449023,3,Premium_Other
6823871906047,4,Casual_Clear
6824946204927,4,Casual_Clear
6826542989567,4,Casual_Clear
6832308551935,4,Casual_Clear
6835415613695,2,Frequent_Soy
6836180877567,4,Casual_Clear
6836349403391,4,Casual_Clear
6837428453631,4,Casual_Clear
6850481160447,3,Premium_Other
6851588653311,4,Casual_Clear
6862672658687,3,Premium_Other
6863773204735,4,Casual_Clear
6863957590271,4,Casual_Clear
6875347910911,4,Casual_Clear
6880155533567,3,Premium_Other
6880733135103,3,Premium_Other
6929385324799,4,Casual_Clear
6951967162623,4,Casual_Clear
6961928438015,4,Casual_Clear
6963853328639,4,Casual_Clear
6964050362623,4,Casual_Clear
6970579321087,3,Premium_Other
6974029693183,4,Casual_Clear
6976895189247,3,Premium_Other
6978829582591,4,Casual_Clear
6984833335551,4,Casual_Clear
6991872295167,4,Casual_Clear
6991974007039,4,Casual_Clear
7010309046527,4,Casual_Clear
7012883824895,4,Casual_Clear
7014327156991,4,Casual_Clear
7016101970175,4,Casual_Clear
7019605262591,4,Casual_Clear
7029599928575,4,Casual_Clear
7031191503103,4,Casual_Clear
7033655099647,1,Premium_Other
7038325817599,4,Casual_Clear
7047726334207,4,Casual_Clear
7055525249279,4,Casual_Clear
7056242082047,4,Casual_Clear
7058101633279,5,Casual_Accessories
7060628177151,4,Casual_Clear
7062069641471,4,Casual_Clear
7065442451711,4,Casual_Clear
7065468207359,4,Casual_Clear
7075370729727,4,Casual_Clear
7089442390271,3,Premium_Other
7089753653503,4,Casual_Clear
7089768923391,3,Premium_Other
7092583399679,4,Casual_Clear
7093066268927,4,Casual_Clear
7097624822015,4,Casual_Clear
7098288799999,4,Casual_Clear
7099485159679,4,Casual_Clear
7101868769535,4,Casual_Clear
7107881697535,4,Casual_Clear
7108628939007,4,Casual_Clear
7110112608511,4,Casual_Clear
7113287008511,4,Casual_Clear
7113347105023,4,Casual_Clear
7114650845439,3,Premium_Other
7117603078399,4,Casual_Clear
7122183651583,4,Casual_Clear
7122726191359,3,Premium_Other
7124600881407,4,Casual_Clear
7125782331647,4,Casual_Clear
7125851439359,4,Casual_Clear
7125935882495,4,Casual_Clear
7126219489535,4,Casual_Clear
7127991779583,4,Casual_Clear
7135034441983,4,Casual_Clear
7135383421183,4,Casual_Clear
7136351912191,4,Casual_Clear
7136595673343,4,Casual_Clear
7136674087167,3,Premium_Other
7136686768383,4,Casual_Clear
7138245443839,4,Casual_Clear
7138632499455,4,Casual_Clear
7139969335551,4,Casual_Clear
7141155700991,4,Casual_Clear
7142554403071,2,Frequent_Soy
7143014727935,4,Casual_Clear
7144399864063,4,Casual_Clear
7144463663359,4,Casual_Clear
7145852895487,3,Premium_Other
7146181067007,3,Premium_Other
7146957078783,4,Casual_Clear
7147869012223,4,Casual_Clear
7148373213439,4,Casual_Clear
7151788130559,4,Casual_Clear
7151885091071,4,Casual_Clear
7151938994431,3,Premium_Other
7152061481215,4,Casual_Clear
7153029873919,4,Casual_Clear
7153236443391,4,Casual_Clear
7153927815423,4,Casual_Clear
7154163482879,4,Casual_Clear
7154177769727,4,Casual_Clear
7154295111935,4,Casual_Clear
7154402656511,4,Casual_Clear
7154553553151,4,Casual_Clear
7155123814655,4,Casual_Clear
7155206750463,4,Casual_Clear
7155245351167,4,Casual_Clear
7155253117183,4,Casual_Clear
7155442090239,4,Casual_Clear
7156209287423,4,Casual_Clear
7156459798783,4,Casual_Clear
7156507672831,4,Casual_Clear
7157991342335,4,Casual_Clear
7158892429567,4,Casual_Clear
7159798726911,4,Casual_Clear
7167085084927,4,Casual_Clear
7168270795007,4,Casual_Clear
7168635830527,3,Premium_Other
7168728498431,4,Casual_Clear
7168769261823,4,Casual_Clear
7168840892671,4,Casual_Clear
7168908230911,4,Casual_Clear
7168931725567,4,Casual_Clear
7169039302911,4,Casual_Clear
7169592623359,4,Casual_Clear
7169622475007,4,Casual_Clear
7172742021375,4,Casual_Clear
7174332809471,4,Casual_Clear
7174366757119,4,Casual_Clear
7175451934975,4,Casual_Clear
7176356004095,4,Casual_Clear
7176846934271,4,Casual_Clear
7177783116031,4,Casual_Clear
7177885614335,4,Casual_Clear
7180621021439,4,Casual_Clear
7181382025471,4,Casual_Clear
7182578843903,4,Casual_Clear
7182675083519,4,Casual_Clear
7183440052479,4,Casual_Clear
7183640199423,3,Premium_Other
7183667331327,4,Casual_Clear
7183853453567,4,Casual_Clear
7184370958591,4,Casual_Clear
7202402926847,4,Casual_Clear
7206147490047,5,Casual_Accessories
7218224693503,4,Casual_Clear
7230568595711,4,Casual_Clear
7230763499775,4,Casual_Clear
7236677632255,4,Casual_Clear
7237650612479,2,Frequent_Soy
7240948154623,4,Casual_Clear
7241275932927,4,Casual_Clear
7249233608959,4,Casual_Clear
7250960810239,4,Casual_Clear
7250974277887,4,Casual_Clear
7251086573823,4,Casual_Clear
7251339804927,5,Casual_Accessories
7252201898239,4,Casual_Clear
7252280738047,5,Casual_Accessories
7252347551999,4,Casual_Clear
7252477477119,4,Casual_Clear
7252598948095,4,Casual_Clear
7252742078719,3,Premium_Other
7252877705471,4,Casual_Clear
7254008201471,4,Casual_Clear
7254253404415,3,Premium_Other
7257876594943,4,Casual_Clear
7258491322623,4,Casual_Clear
7258667909375,4,Casual_Clear
7259717894399,4,Casual_Clear
7261004103935,4,Casual_Clear
7264693223679,4,Casual_Clear
7267551379711,4,Casual_Clear
7267774398719,4,Casual_Clear
7268007084287,4,Casual_Clear
7268175544575,3,Premium_Other
7269385601279,2,Frequent_Soy
7272156496127,5,Casual_Accessories
7272645099775,4,Casual_Clear
7278303510783,4,Casual_Clear
7279393374463,4,Casual_Clear
7279632613631,4,Casual_Clear
7288033837311,4,Casual_Clear
7288596758783,4,Casual_Clear
7288602657023,4,Casual_Clear
7288823283967,4,Casual_Clear
7288937775359,4,Casual_Clear
7292403122431,4,Casual_Clear
7293467492607,4,Casual_Clear
7294782996735,4,Casual_Clear
7295407227135,4,Casual_Clear
7303136674047,4,Casual_Clear
7304255078655,4,Casual_Clear
7304430321919,4,Casual_Clear
7304552186111,4,Casual_Clear
7304842477823,4,Casual_Clear
7305996370175,4,Casual_Clear
7306038247679,4,Casual_Clear
7306157261055,4,Casual_Clear
7307052122367,4,Casual_Clear
7307119755519,4,Casual_Clear
7307232772351,5,Casual_Accessories
7307284611327,4,Casual_Clear
7307541086463,4,Casual_Clear
7307595514111,4,Casual_Clear
7307883872511,4,Casual_Clear
7308128321791,3,Premium_Other
7308139725055,4,Casual_Clear
7308209324287,4,Casual_Clear
7308225970431,4,Casual_Clear
7308278366463,4,Casual_Clear
7308405080319,4,Casual_Clear
7308582682879,4,Casual_Clear
7308613058815,4,Casual_Clear
7308632424703,4,Casual_Clear
7308786237695,4,Casual_Clear
7309650067711,4,Casual_Clear
7309858963711,4,Casual_Clear
7309950812415,4,Casual_Clear
7310189592831,4,Casual_Clear
7311522038015,4,Casual_Clear
7311808626943,4,Casual_Clear
7312130572543,4,Casual_Clear
7312284057855,4,Casual_Clear
7312475947263,4,Casual_Clear
7312493347071,4,Casual_Clear
7312633561343,4,Casual_Clear
7312641884415,4,Casual_Clear
7313089888511,4,Casual_Clear
7313591402751,5,Casual_Accessories
7313633411327,4,Casual_Clear
7313721196799,4,Casual_Clear
7314094194943,4,Casual_Clear
7316711014655,4,Casual_Clear
7317310079231,4,Casual_Clear
7318538158335,4,Casual_Clear
7321657475327,4,Casual_Clear
7323303674111,4,Casual_Clear
7328844644607,4,Casual_Clear
7335218184447,4,Casual_Clear
7335513391359,4,Casual_Clear
7336611250431,4,Casual_Clear
7338895868159,5,Casual_Accessories
7339270406399,3,Premium_Other
7340202328319,5,Casual_Accessories
7341017956607,4,Casual_Clear
7341024936191,5,Casual_Accessories
7341135954175,4,Casual_Clear
7345272127743,4,Casual_Clear
7347034816767,4,Casual_Clear
7347175325951,2,Frequent_Soy
7355300544767,3,Premium_Other
7356383363327,4,Casual_Clear
7363427959039,4,Casual_Clear
7363903357183,4,Casual_Clear
7364057563391,5,Casual_Accessories
7364114153727,4,Casual_Clear
7365375525119,4,Casual_Clear
7366249840895,4,Casual_Clear
7366254100735,4,Casual_Clear
7366333694207,4,Casual_Clear
7381485093119,4,Casual_Clear
7394844180735,3,Premium_Other
7425455227135,4,Casual_Clear
7425530396927,4,Casual_Clear
7425832714495,4,Casual_Clear
7427649962239,3,Premium_Other
7427694067967,4,Casual_Clear
7430469386495,4,Casual_Clear
7434780836095,4,Casual_Clear
7436716343551,4,Casual_Clear
7437367148799,4,Casual_Clear
7437842317567,4,Casual_Clear
7441933336831,4,Casual_Clear
7446789619967,4,Casual_Clear
7448764088575,4,Casual_Clear
7460404625663,4,Casual_Clear
7461546655999,4,Casual_Clear
7464591687935,4,Casual_Clear
7466578280703,4,Casual_Clear
7467076026623,3,Premium_Other
7467457609983,4,Casual_Clear
7469025329407,4,Casual_Clear
7469847445759,5,Casual_Accessories
7469864222975,4,Casual_Clear
7470139703551,4,Casual_Clear
7470529708287,4,Casual_Clear
7471355822335,4,Casual_Clear
7471389180159,4,Casual_Clear
7471466512639,4,Casual_Clear
7471478767871,4,Casual_Clear
7471600238847,4,Casual_Clear
7471875326207,4,Casual_Clear
7471965110527,4,Casual_Clear
7473725866239,4,Casual_Clear
7475029606655,4,Casual_Clear
7475045269759,4,Casual_Clear
7475152355583,4,Casual_Clear
7475157991679,4,Casual_Clear
7475184992511,4,Casual_Clear
7475190006015,4,Casual_Clear
7475199344895,4,Casual_Clear
7475205636351,4,Casual_Clear
7475209109759,4,Casual_Clear
7475220250879,4,Casual_Clear
7475224707327,4,Casual_Clear
7475231457535,3,Premium_Other
7475235553535,4,Casual_Clear
7475258982655,4,Casual_Clear
7475259932927,4,Casual_Clear
7475279692031,4,Casual_Clear
7475289653503,4,Casual_Clear
7475294765311,4,Casual_Clear
7475295518975,4,Casual_Clear
7475296927999,4,Casual_Clear
7475298042111,4,Casual_Clear
7475299582207,4,Casual_Clear
7475301023999,4,Casual_Clear
7475306332415,4,Casual_Clear
7475307348223,4,Casual_Clear
7475322421503,4,Casual_Clear
7475323666687,4,Casual_Clear
7475324551423,3,Premium_Other
7475329827071,4,Casual_Clear
7475340181759,4,Casual_Clear
7475341721855,4,Casual_Clear
7475348308223,4,Casual_Clear
7475354009855,4,Casual_Clear
7475360497919,4,Casual_Clear
7475370459391,4,Casual_Clear
7475371213055,4,Casual_Clear
7475372294399,4,Casual_Clear
7475380420863,4,Casual_Clear
7475443892479,4,Casual_Clear
7475447496959,4,Casual_Clear
7475468665087,4,Casual_Clear
7475480199423,4,Casual_Clear
7475483541759,2,Frequent_Soy
7475492520191,4,Casual_Clear
7475531383039,4,Casual_Clear
7475532923135,4,Casual_Clear
7475534790911,4,Casual_Clear
7475539050751,4,Casual_Clear
7476462551295,4,Casual_Clear
7476502855935,4,Casual_Clear
7476538605823,4,Casual_Clear
7476541194495,4,Casual_Clear
7476546830591,4,Casual_Clear
7476547485951,4,Casual_Clear
7476558364927,4,Casual_Clear
7476565213439,4,Casual_Clear
7476565934335,4,Casual_Clear
7476574650623,4,Casual_Clear
7476578058495,4,Casual_Clear
7476608958719,4,Casual_Clear
7476622885119,4,Casual_Clear
7476624916735,4,Casual_Clear
7476629799167,4,Casual_Clear
7476633960703,4,Casual_Clear
7476634714367,4,Casual_Clear
7476640121087,4,Casual_Clear
7476641267967,4,Casual_Clear
7476644774143,4,Casual_Clear
7476665712895,4,Casual_Clear
7476666433791,4,Casual_Clear
7476672692479,4,Casual_Clear
7476673413375,4,Casual_Clear
7476677738751,4,Casual_Clear
7476681769215,4,Casual_Clear
7476683997439,4,Casual_Clear
7476690583807,4,Casual_Clear
7476694876415,4,Casual_Clear
7476696088831,4,Casual_Clear
7476702085375,4,Casual_Clear
7476708835583,4,Casual_Clear
7476709654783,4,Casual_Clear
7476710899967,4,Casual_Clear
7476712440063,4,Casual_Clear
7476721352959,3,Premium_Other
7476727906559,4,Casual_Clear
7476737868031,4,Casual_Clear
7476743209215,4,Casual_Clear
7476745863423,4,Casual_Clear
7476753400063,4,Casual_Clear
7476756971775,4,Casual_Clear
7476765753599,4,Casual_Clear
7476777386239,4,Casual_Clear
7476778959103,4,Casual_Clear
7476792590591,4,Casual_Clear
7476798292223,4,Casual_Clear
7476805697791,4,Casual_Clear
7476809302271,4,Casual_Clear
7476813496575,4,Casual_Clear
7476819820799,4,Casual_Clear
7476820934911,4,Casual_Clear
7476822147327,4,Casual_Clear
7476840038655,4,Casual_Clear
7476847116543,4,Casual_Clear
7476853145855,4,Casual_Clear
7476861501695,4,Casual_Clear
7476863992063,4,Casual_Clear
7476874215679,4,Casual_Clear
7476875067647,4,Casual_Clear
7476877230335,4,Casual_Clear
7476879655167,4,Casual_Clear
7476880802047,4,Casual_Clear
7476881555711,4,Casual_Clear
7476882833663,4,Casual_Clear
7476886798591,4,Casual_Clear
7476891648255,4,Casual_Clear
7476901839103,3,Premium_Other
7476910588159,4,Casual_Clear
7476914422015,4,Casual_Clear
7476927922431,4,Casual_Clear
7476928381183,4,Casual_Clear
7477005385983,4,Casual_Clear
7477933015295,4,Casual_Clear
7478289858815,4,Casual_Clear
7480472994047,4,Casual_Clear
7482746601727,4,Casual_Clear
7483064877311,4,Casual_Clear
7483704705279,4,Casual_Clear
7484961325311,4,Casual_Clear
7486364188927,4,Casual_Clear
7489532428543,4,Casual_Clear
7490946433279,4,Casual_Clear
7491937861887,4,Casual_Clear
7493078221055,4,Casual_Clear
7493685543167,4,Casual_Clear
7496402895103,4,Casual_Clear
7496457650431,4,Casual_Clear
7497109635327,3,Premium_Other
7499170152703,5,Casual_Accessories
7501481345279,4,Casual_Clear
7504260137215,4,Casual_Clear
7505538220287,4,Casual_Clear
7511292346623,4,Casual_Clear
7513899139327,4,Casual_Clear
7514098761983,4,Casual_Clear
7515696890111,4,Casual_Clear
7516736061695,5,Casual_Accessories
7516825649407,4,Casual_Clear
7516977463551,4,Casual_Clear
7517817372927,4,Casual_Clear
7518816469247,4,Casual_Clear
7519112855807,4,Casual_Clear
7519345475839,4,Casual_Clear
7519522029823,4,Casual_Clear
7519676170495,3,Premium_Other
7519844368639,4,Casual_Clear
7519999066367,4,Casual_Clear
7520123322623,4,Casual_Clear
7520596295935,4,Casual_Clear
7520723403007,4,Casual_Clear
7520742703359,4,Casual_Clear
7520819249407,4,Casual_Clear
7521212825855,4,Casual_Clear
7521591755007,4,Casual_Clear
7521717682431,4,Casual_Clear
7521916289279,4,Casual_Clear
7521930281215,3,Premium_Other
7521949188351,4,Casual_Clear
7521958330623,4,Casual_Clear
7521981661439,3,Premium_Other
7522002174207,4,Casual_Clear
7522571616511,3,Premium_Other
7522680701183,4,Casual_Clear
7522714976511,4,Casual_Clear
7522847850751,4,Casual_Clear
7522965946623,4,Casual_Clear
7523069362431,4,Casual_Clear
7523193225471,4,Casual_Clear
7523199582463,4,Casual_Clear
7527460929791,4,Casual_Clear
7530355884287,4,Casual_Clear
7534855061759,4,Casual_Clear
7537170055423,4,Casual_Clear
7538719129855,5,Casual_Accessories
7539696337151,4,Casual_Clear
7547822899455,4,Casual_Clear
7549021913343,4,Casual_Clear
7549590896895,4,Casual_Clear
7566592344319,3,Premium_Other
7567425732863,4,Casual_Clear
7567909912831,4,Casual_Clear
7572073185535,4,Casual_Clear
7572782612735,4,Casual_Clear
7572976107775,3,Premium_Other
7573622128895,5,Casual_Accessories
7574580756735,4,Casual_Clear
7574655336703,4,Casual_Clear
7574819307775,4,Casual_Clear
7575695851775,4,Casual_Clear
7575786225919,4,Casual_Clear
7580912025855,4,Casual_Clear
7582195941631,4,Casual_Clear
7582665900287,4,Casual_Clear
7582926274815,4,Casual_Clear
7583061606655,3,Premium_Other
7583185371391,4,Casual_Clear
7584980435199,4,Casual_Clear
7585086046463,4,Casual_Clear
7671933108479,4,Casual_Clear
7673187434751,5,Casual_Accessories
7677500752127,3,Premium_Other
7677544628479,5,Casual_Accessories
7691249844479,2,Frequent_Soy
7694044201215,4,Casual_Clear
7694672920831,4,Casual_Clear
7695319695615,4,Casual_Clear
7695737127167,4,Casual_Clear
7696462545151,4,Casual_Clear
7700304986367,3,Premium_Other
7705926893823,4,Casual_Clear
7707604812031,4,Casual_Clear
7707724022015,4,Casual_Clear
7709267230975,4,Casual_Clear
7709729292543,4,Casual_Clear
7711383027967,4,Casual_Clear
7713343406335,4,Casual_Clear
7723643175167,3,Premium_Other
7723877564671,4,Casual_Clear
7728017015039,4,Casual_Clear
7728018129151,4,Casual_Clear
7729333272831,4,Casual_Clear
7733235646719,4,Casual_Clear
7734246506751,4,Casual_Clear
7735604707583,4,Casual_Clear
7737236259071,3,Premium_Other
7753766043903,4,Casual_Clear
7755915886847,3,Premium_Other
7755916050687,4,Casual_Clear
7755916542207,4,Casual_Clear
7755917885695,4,Casual_Clear
7755918016767,4,Casual_Clear
7755918934271,4,Casual_Clear
7755919819007,4,Casual_Clear
7755920408831,3,Premium_Other
7755921326335,4,Casual_Clear
7755923226879,4,Casual_Clear
7755924472063,4,Casual_Clear
7755924635903,4,Casual_Clear
7755925487871,4,Casual_Clear
7755925750015,3,Premium_Other
7755925979391,3,Premium_Other
7755926143231,4,Casual_Clear
7755927191807,3,Premium_Other
7755927912703,3,Premium_Other
7755928142079,4,Casual_Clear
7755928436991,4,Casual_Clear
7755928469759,4,Casual_Clear
7755929977087,4,Casual_Clear
7755930403071,4,Casual_Clear
7755934007551,4,Casual_Clear
7755935547647,4,Casual_Clear
7755935645951,4,Casual_Clear
7755935875327,4,Casual_Clear
7755937448191,4,Casual_Clear
7755938726143,3,Premium_Other
7755939021055,4,Casual_Clear
7755939479807,4,Casual_Clear
7755940135167,4,Casual_Clear
7755940299007,4,Casual_Clear
7755940462847,4,Casual_Clear
7755941183743,3,Premium_Other
7755941904639,4,Casual_Clear
7755942527231,3,Premium_Other
7755945017599,4,Casual_Clear
7755945574655,4,Casual_Clear
7755946361087,4,Casual_Clear
7755949506815,4,Casual_Clear
7755953963263,4,Casual_Clear
7755954094335,3,Premium_Other
7755954127103,4,Casual_Clear
7755957633279,4,Casual_Clear
7755957895423,1,Premium_Other
7755958354175,4,Casual_Clear
7755958714623,4,Casual_Clear
7755958911231,4,Casual_Clear
7755959533823,4,Casual_Clear
7755960221951,4,Casual_Clear
7755960910079,2,Frequent_Soy
7755961499903,4,Casual_Clear
7755965235455,4,Casual_Clear
7755966054655,4,Casual_Clear
7755966578943,4,Casual_Clear
7755966611711,4,Casual_Clear
7755966710015,4,Casual_Clear
7755966841087,4,Casual_Clear
7755968905471,4,Casual_Clear
7755969102079,4,Casual_Clear
7755969396991,4,Casual_Clear
7755969855743,4,Casual_Clear
7755970740479,4,Casual_Clear
7755970969855,4,Casual_Clear
7755971199231,4,Casual_Clear
7755972935935,4,Casual_Clear
7755974050047,4,Casual_Clear
7755974082815,5,Casual_Accessories
7755974344959,4,Casual_Clear
7755975950591,4,Casual_Clear
7755976147199,4,Casual_Clear
7755977949439,4,Casual_Clear
7755978309887,3,Premium_Other
7755978670335,3,Premium_Other
7755979129087,4,Casual_Clear
7755979718911,4,Casual_Clear
7755980079359,2,Frequent_Soy
7755980243199,4,Casual_Clear
7755981193471,4,Casual_Clear
7755981259007,4,Casual_Clear
7755981357311,4,Casual_Clear
7755983421695,3,Premium_Other
7755984273663,4,Casual_Clear
7755986075903,4,Casual_Clear
7755986567423,3,Premium_Other
7755986731263,4,Casual_Clear
7755987058943,4,Casual_Clear
7755988041983,3,Premium_Other
7755989188863,4,Casual_Clear
7755989221631,4,Casual_Clear
7755989319935,4,Casual_Clear
7755989680383,4,Casual_Clear
7755990008063,4,Casual_Clear
7755991482623,4,Casual_Clear
7755991810303,4,Casual_Clear
7755992203519,4,Casual_Clear
7755992695039,4,Casual_Clear
7755995742463,4,Casual_Clear
7755996365055,4,Casual_Clear
7755996397823,4,Casual_Clear
7755996463359,4,Casual_Clear
7755997053183,4,Casual_Clear
7755997774079,4,Casual_Clear
7755998101759,4,Casual_Clear
7755999576319,4,Casual_Clear
7755999936767,4,Casual_Clear
7756000002303,4,Casual_Clear
7756000035071,4,Casual_Clear
7756000067839,4,Casual_Clear
7756000133375,3,Premium_Other
7756000198911,3,Premium_Other
7756000329983,4,Casual_Clear
7756000559359,4,Casual_Clear
7756000690431,1,Premium_Other
7756000788735,4,Casual_Clear
7756000854271,3,Premium_Other
7756001116415,3,Premium_Other
7756001378559,4,Casual_Clear
7756001804543,3,Premium_Other
7756001870079,4,Casual_Clear
7756001902847,4,Casual_Clear
7756002033919,4,Casual_Clear
7756002066687,1,Premium_Other
7756002132223,4,Casual_Clear
7756002164991,4,Casual_Clear
7756002328831,2,Frequent_Soy
7756002918655,3,Premium_Other
7756003279103,3,Premium_Other
7756003410175,4,Casual_Clear
7756003639551,3,Premium_Other
7756003803391,4,Casual_Clear
7756004458751,3,Premium_Other
7756004524287,4,Casual_Clear
7756004786431,4,Casual_Clear
7756004819199,4,Casual_Clear
7756005409023,4,Casual_Clear
7756005474559,3,Premium_Other
7756005540095,4,Casual_Clear
7756005769471,4,Casual_Clear
7756005802239,4,Casual_Clear
7756005900543,4,Casual_Clear
7756005998847,4,Casual_Clear
7756006031615,4,Casual_Clear
7756006064383,3,Premium_Other
7756006097151,2,Frequent_Soy
7756006228223,4,Casual_Clear
7756006260991,4,Casual_Clear
7756006392063,4,Casual_Clear
7756006621439,4,Casual_Clear
7756006654207,4,Casual_Clear
7756007014655,4,Casual_Clear
7756007080191,4,Casual_Clear
7756007342335,4,Casual_Clear
7756007440639,4,Casual_Clear
7756007473407,4,Casual_Clear
7756007571711,4,Casual_Clear
7756007637247,4,Casual_Clear
7756007670015,4,Casual_Clear
7756007702783,4,Casual_Clear
7756007735551,4,Casual_Clear
7756007866623,2,Frequent_Soy
7756007964927,4,Casual_Clear
7756008030463,3,Premium_Other
7756008128767,3,Premium_Other
7756008227071,4,Casual_Clear
7756008325375,4,Casual_Clear
7756008358143,3,Premium_Other
7756008390911,4,Casual_Clear
7756008751359,4,Casual_Clear
7756009177343,4,Casual_Clear
7756009373951,3,Premium_Other
7756009570559,4,Casual_Clear
7756009799935,4,Casual_Clear
7756009865471,4,Casual_Clear
7756009963775,4,Casual_Clear
7756010029311,4,Casual_Clear
7756010127615,4,Casual_Clear
7756010160383,3,Premium_Other
7756010979583,4,Casual_Clear
7756011536639,3,Premium_Other
7756011569407,2,Frequent_Soy
7756012585215,4,Casual_Clear
7756013306111,1,Premium_Other
7756015141119,4,Casual_Clear
7756015173887,4,Casual_Clear
7756015239423,4,Casual_Clear
7756015337727,3,Premium_Other
7756015403263,4,Casual_Clear
7756015436031,4,Casual_Clear
7756015468799,4,Casual_Clear
7756015567103,4,Casual_Clear
7756015665407,4,Casual_Clear
7756015698175,3,Premium_Other
7756015763711,3,Premium_Other
7756015829247,4,Casual_Clear
7756015862015,4,Casual_Clear
7756015894783,3,Premium_Other
7756015927551,4,Casual_Clear
7756015993087,4,Casual_Clear
7756016058623,4,Casual_Clear
7756016091391,4,Casual_Clear
7756016189695,4,Casual_Clear
7756016255231,4,Casual_Clear
7756016287999,4,Casual_Clear
7756016419071,4,Casual_Clear
7756016484607,3,Premium_Other
7756016550143,4,Casual_Clear
7756016582911,4,Casual_Clear
7756016615679,3,Premium_Other
7756016648447,4,Casual_Clear
7756016681215,4,Casual_Clear
7756016779519,4,Casual_Clear
7756016812287,4,Casual_Clear
7756016877823,3,Premium_Other
7756017107199,4,Casual_Clear
7756017139967,4,Casual_Clear
7756017238271,4,Casual_Clear
7756017303807,4,Casual_Clear
7756017336575,4,Casual_Clear
7756017467647,4,Casual_Clear
7756017664255,4,Casual_Clear
7756017697023,4,Casual_Clear
7756017893631,3,Premium_Other
7756018123007,4,Casual_Clear
7756018155775,4,Casual_Clear
7756018221311,4,Casual_Clear
7756018319615,3,Premium_Other
7756018450687,4,Casual_Clear
7756018483455,4,Casual_Clear
7756018516223,4,Casual_Clear
7756018614527,4,Casual_Clear
7756018811135,4,Casual_Clear
7756018942207,4,Casual_Clear
7756019007743,4,Casual_Clear
7756019171583,4,Casual_Clear
7756019204351,4,Casual_Clear
7756019237119,4,Casual_Clear
7756019269887,4,Casual_Clear
7756019302655,4,Casual_Clear
7756019335423,4,Casual_Clear
7756019368191,4,Casual_Clear
7756019433727,4,Casual_Clear
7756019466495,3,Premium_Other
7756019532031,4,Casual_Clear
7756019564799,4,Casual_Clear
7756020351231,4,Casual_Clear
7756020580607,4,Casual_Clear
7756020908287,3,Premium_Other
7756021039359,4,Casual_Clear
7756021465343,4,Casual_Clear
7756022055167,4,Casual_Clear
7756022415615,4,Casual_Clear
7756022776063,4,Casual_Clear
7756022874367,4,Casual_Clear
7756023169279,4,Casual_Clear
7756023529727,3,Premium_Other
7756023890175,4,Casual_Clear
7756025200895,3,Premium_Other
7756025790719,4,Casual_Clear
7756026577151,4,Casual_Clear
7756026773759,4,Casual_Clear
7756026904831,1,Premium_Other
7756027429119,4,Casual_Clear
7756027887871,4,Casual_Clear
7756028248319,3,Premium_Other
7756028412159,4,Casual_Clear
7756028543231,4,Casual_Clear
7756028739839,4,Casual_Clear
7756029362431,4,Casual_Clear
7756029952255,4,Casual_Clear
7756029985023,4,Casual_Clear
7756030083327,4,Casual_Clear
7756030116095,4,Casual_Clear
7756030148863,4,Casual_Clear
7756030181631,3,Premium_Other
7756030279935,4,Casual_Clear
7756030345471,4,Casual_Clear
7756030411007,4,Casual_Clear
7756030509311,4,Casual_Clear
7756030607615,4,Casual_Clear
7756030705919,3,Premium_Other
7756030771455,4,Casual_Clear
7756030836991,4,Casual_Clear
7756030935295,4,Casual_Clear
7756030968063,4,Casual_Clear
7756031000831,4,Casual_Clear
7756031066367,4,Casual_Clear
7756031099135,4,Casual_Clear
7756031197439,4,Casual_Clear
7756031262975,4,Casual_Clear
7756031328511,4,Casual_Clear
7756031361279,4,Casual_Clear
7756031394047,4,Casual_Clear
7756031492351,4,Casual_Clear
7756031525119,4,Casual_Clear
7756031656191,4,Casual_Clear
7756031754495,4,Casual_Clear
7756031885567,4,Casual_Clear
7756031983871,4,Casual_Clear
7756032082175,4,Casual_Clear
7756032180479,4,Casual_Clear
7756032246015,4,Casual_Clear
7756032278783,4,Casual_Clear
7756032671999,4,Casual_Clear
7756032803071,4,Casual_Clear
7756032835839,4,Casual_Clear
7756032868607,4,Casual_Clear
7756032934143,3,Premium_Other
7756032999679,4,Casual_Clear
7756033032447,4,Casual_Clear
7756033229055,4,Casual_Clear
7756033261823,4,Casual_Clear
7756033327359,4,Casual_Clear
7756033425663,4,Casual_Clear
7756033458431,4,Casual_Clear
7756033589503,4,Casual_Clear
7756033687807,4,Casual_Clear
7756033720575,4,Casual_Clear
7756033753343,3,Premium_Other
7756033884415,4,Casual_Clear
7756033949951,4,Casual_Clear
7756033982719,4,Casual_Clear
7756034015487,4,Casual_Clear
7756034146559,3,Premium_Other
7756034212095,4,Casual_Clear
7756034375935,4,Casual_Clear
7756034441471,4,Casual_Clear
7756034539775,3,Premium_Other
7756034638079,4,Casual_Clear
7756034703615,4,Casual_Clear
7756034769151,4,Casual_Clear
7756034834687,4,Casual_Clear
7756034867455,4,Casual_Clear
7756034900223,4,Casual_Clear
7756035129599,4,Casual_Clear
7756035326207,4,Casual_Clear
7756035358975,4,Casual_Clear
7756035391743,4,Casual_Clear
7756035457279,4,Casual_Clear
7756035522815,4,Casual_Clear
7756035588351,4,Casual_Clear
7756035653887,4,Casual_Clear
7756035719423,4,Casual_Clear
7756035752191,4,Casual_Clear
7756035817727,4,Casual_Clear
7756035883263,4,Casual_Clear
7756035916031,4,Casual_Clear
7756036014335,4,Casual_Clear
7756036047103,4,Casual_Clear
7756036440319,4,Casual_Clear
7756036636927,4,Casual_Clear
7756036767999,4,Casual_Clear
7756036833535,4,Casual_Clear
7756037030143,4,Casual_Clear
7756037095679,4,Casual_Clear
7756037128447,4,Casual_Clear
7756037193983,4,Casual_Clear
7756037226751,4,Casual_Clear
7756037259519,4,Casual_Clear
7756037325055,4,Casual_Clear
7756037357823,4,Casual_Clear
7756037390591,4,Casual_Clear
7756037456127,4,Casual_Clear
7756037488895,4,Casual_Clear
7756037521663,4,Casual_Clear
7756037587199,4,Casual_Clear
7756037619967,4,Casual_Clear
7756037652735,4,Casual_Clear
7756037685503,4,Casual_Clear
7756037718271,4,Casual_Clear
7756037816575,4,Casual_Clear
7756037980415,4,Casual_Clear
7756038111487,4,Casual_Clear
7756038144255,4,Casual_Clear
7756038209791,4,Casual_Clear
7756038275327,4,Casual_Clear
7756038308095,4,Casual_Clear
7756038373631,4,Casual_Clear
7756038406399,3,Premium_Other
7756038439167,4,Casual_Clear
7756038471935,4,Casual_Clear
7756038537471,4,Casual_Clear
7756038570239,4,Casual_Clear
7756038603007,4,Casual_Clear
7756038635775,4,Casual_Clear
7756038701311,4,Casual_Clear
7756038799615,4,Casual_Clear
7756038897919,4,Casual_Clear
7756038930687,4,Casual_Clear
7756038963455,4,Casual_Clear
7756039094527,4,Casual_Clear
7756039127295,4,Casual_Clear
7756039225599,4,Casual_Clear
7756039258367,4,Casual_Clear
7756039291135,4,Casual_Clear
7756039323903,4,Casual_Clear
7756039356671,4,Casual_Clear
7756039487743,4,Casual_Clear
7756039553279,4,Casual_Clear
7756039618815,4,Casual_Clear
7756039651583,4,Casual_Clear
7756039717119,4,Casual_Clear
7756039782655,4,Casual_Clear
7756039913727,4,Casual_Clear
7756040241407,4,Casual_Clear
7756040274175,4,Casual_Clear
7756040339711,4,Casual_Clear
7756040372479,4,Casual_Clear
7756040503551,3,Premium_Other
7756040634623,4,Casual_Clear
7756040896767,4,Casual_Clear
7756041027839,4,Casual_Clear
7756041158911,4,Casual_Clear
7756041715967,4,Casual_Clear
7756041814271,4,Casual_Clear
7756041945343,4,Casual_Clear
7756042043647,4,Casual_Clear
7756042076415,4,Casual_Clear
7756042174719,3,Premium_Other
7756042207487,4,Casual_Clear
7756042273023,4,Casual_Clear
7756042338559,4,Casual_Clear
7756042436863,4,Casual_Clear
7756042469631,4,Casual_Clear
7756042502399,4,Casual_Clear
7756042535167,4,Casual_Clear
7756042567935,4,Casual_Clear
7756042600703,4,Casual_Clear
7756042666239,4,Casual_Clear
7756042699007,4,Casual_Clear
7756042764543,4,Casual_Clear
7756042797311,4,Casual_Clear
7756042830079,4,Casual_Clear
7756042862847,4,Casual_Clear
7756042895615,4,Casual_Clear
7756042961151,4,Casual_Clear
7756043026687,4,Casual_Clear
7756043124991,4,Casual_Clear
7756043157759,4,Casual_Clear
7756043223295,4,Casual_Clear
7756043256063,4,Casual_Clear
7756043288831,4,Casual_Clear
7756043321599,4,Casual_Clear
7756043354367,4,Casual_Clear
7756043419903,4,Casual_Clear
7756043452671,4,Casual_Clear
7756043485439,4,Casual_Clear
7756043518207,4,Casual_Clear
7756043550975,4,Casual_Clear
7756043583743,4,Casual_Clear
7756043616511,4,Casual_Clear
7756043649279,4,Casual_Clear
7756043714815,4,Casual_Clear
7756043747583,3,Premium_Other
7756043780351,4,Casual_Clear
7756043813119,4,Casual_Clear
7756043845887,4,Casual_Clear
7756043878655,4,Casual_Clear
7756043911423,4,Casual_Clear
7756043944191,4,Casual_Clear
7756043976959,4,Casual_Clear
7756044009727,4,Casual_Clear
7756044075263,4,Casual_Clear
7756044140799,4,Casual_Clear
7756044239103,3,Premium_Other
7756044304639,4,Casual_Clear
7756044402943,4,Casual_Clear
7756044435711,4,Casual_Clear
7756044534015,4,Casual_Clear
7756044566783,4,Casual_Clear
7756044599551,4,Casual_Clear
7756044665087,4,Casual_Clear
7756044730623,4,Casual_Clear
7756044763391,4,Casual_Clear
7756044828927,4,Casual_Clear
7756045025535,4,Casual_Clear
7756045353215,4,Casual_Clear
7756045385983,4,Casual_Clear
7756045418751,4,Casual_Clear
7756045451519,4,Casual_Clear
7756045517055,4,Casual_Clear
7756045648127,3,Premium_Other
7756045746431,4,Casual_Clear
7756045779199,4,Casual_Clear
7756045811967,4,Casual_Clear
7756045844735,4,Casual_Clear
7756045910271,4,Casual_Clear
7756045943039,4,Casual_Clear
7756046074111,4,Casual_Clear
7756046205183,4,Casual_Clear
7756046336255,4,Casual_Clear
7756046401791,4,Casual_Clear
7756046598399,4,Casual_Clear
7756046795007,4,Casual_Clear
7756046893311,4,Casual_Clear
7756047089919,4,Casual_Clear
7756047122687,4,Casual_Clear
7756047155455,4,Casual_Clear
7756047253759,4,Casual_Clear
7756047286527,4,Casual_Clear
7756047352063,4,Casual_Clear
7756047384831,4,Casual_Clear
7756047515903,4,Casual_Clear
7756047548671,4,Casual_Clear
7756047581439,4,Casual_Clear
7756047614207,4,Casual_Clear
7756047646975,4,Casual_Clear
7756047679743,4,Casual_Clear
7756047745279,4,Casual_Clear
7756047778047,4,Casual_Clear
7756047810815,4,Casual_Clear
7756047843583,4,Casual_Clear
7756047909119,4,Casual_Clear
7756047974655,4,Casual_Clear
7756048040191,4,Casual_Clear
7756048072959,4,Casual_Clear
7756048138495,4,Casual_Clear
7756048171263,4,Casual_Clear
7756048204031,3,Premium_Other
7756048236799,4,Casual_Clear
7756048466175,4,Casual_Clear
7756048597247,4,Casual_Clear
7756048630015,3,Premium_Other
7756048662783,4,Casual_Clear
7756048695551,4,Casual_Clear
7756048924927,4,Casual_Clear
7756048957695,4,Casual_Clear
7756048990463,4,Casual_Clear
7756156698879,4,Casual_Clear
7756157026559,4,Casual_Clear
7756158107903,4,Casual_Clear
7756159058175,4,Casual_Clear
7756169871615,4,Casual_Clear
7756170002687,2,Frequent_Soy
7756173213951,2,Frequent_Soy
7756173345023,4,Casual_Clear
7756175606015,4,Casual_Clear
7756179079423,4,Casual_Clear
7756180357375,4,Casual_Clear
7756181373183,4,Casual_Clear
7756181897471,3,Premium_Other
7756183634175,3,Premium_Other
7756185796863,4,Casual_Clear
7756190777599,3,Premium_Other
7756193169663,4,Casual_Clear
7756194939135,4,Casual_Clear
7756195201279,4,Casual_Clear
7756195463423,4,Casual_Clear
7756199952639,3,Premium_Other
7756203524351,3,Premium_Other
7756206735615,4,Casual_Clear
7756211585279,4,Casual_Clear
7756215746815,4,Casual_Clear
7756218728703,4,Casual_Clear
7756239372543,4,Casual_Clear
7756240191743,2,Frequent_Soy
7756260147455,4,Casual_Clear
7756260180223,4,Casual_Clear
7756260245759,4,Casual_Clear
7756260278527,4,Casual_Clear
7756260311295,4,Casual_Clear
7756260344063,4,Casual_Clear
7756260475135,4,Casual_Clear
7756260540671,4,Casual_Clear
7756260573439,3,Premium_Other
7756260606207,4,Casual_Clear
7756260638975,4,Casual_Clear
7756260671743,4,Casual_Clear
7756260901119,4,Casual_Clear
7756260933887,4,Casual_Clear
7756261032191,4,Casual_Clear
7756261130495,3,Premium_Other
7756261490943,4,Casual_Clear
7756261523711,4,Casual_Clear
7756261589247,3,Premium_Other
7756261687551,4,Casual_Clear
7756261949695,4,Casual_Clear
7756262539519,4,Casual_Clear
7756262572287,4,Casual_Clear
7756262801663,3,Premium_Other
7756262899967,4,Casual_Clear
7756262998271,4,Casual_Clear
7756263162111,4,Casual_Clear
7756263391487,4,Casual_Clear
7756263457023,3,Premium_Other
7756263489791,4,Casual_Clear
7756263522559,3,Premium_Other
7756263555327,4,Casual_Clear
7756263588095,4,Casual_Clear
7756263751935,4,Casual_Clear
7756263817471,4,Casual_Clear
7756263981311,4,Casual_Clear
7756264014079,4,Casual_Clear
7756264046847,4,Casual_Clear
7756264079615,4,Casual_Clear
7756264145151,4,Casual_Clear
7756264177919,4,Casual_Clear
7756264210687,4,Casual_Clear
7756264243455,4,Casual_Clear
7756264341759,4,Casual_Clear
7756264407295,4,Casual_Clear
7756264440063,3,Premium_Other
7756264538367,4,Casual_Clear
7756264571135,4,Casual_Clear
7756264603903,4,Casual_Clear
7756264734975,4,Casual_Clear
7756264767743,4,Casual_Clear
7756264800511,3,Premium_Other
7756264866047,4,Casual_Clear
7756264898815,4,Casual_Clear
7756264964351,4,Casual_Clear
7756264997119,4,Casual_Clear
7756265029887,4,Casual_Clear
7756265292031,4,Casual_Clear
7756265521407,4,Casual_Clear
7756265619711,3,Premium_Other
7756265718015,4,Casual_Clear
7756265783551,4,Casual_Clear
7756265881855,4,Casual_Clear
7756265947391,4,Casual_Clear
7756266242303,3,Premium_Other
7756266275071,4,Casual_Clear
7756266340607,3,Premium_Other
7756266635519,4,Casual_Clear
7756266701055,4,Casual_Clear
7756266864895,3,Premium_Other
7756266930431,3,Premium_Other
7756266963199,4,Casual_Clear
7756267028735,4,Casual_Clear
7756267192575,4,Casual_Clear
7756267258111,4,Casual_Clear
7756267389183,4,Casual_Clear
7756267454719,3,Premium_Other
7756268634367,4,Casual_Clear
7756277252351,3,Premium_Other
7756279578879,4,Casual_Clear
7756280692991,4,Casual_Clear
7756283052287,4,Casual_Clear
7756284690687,4,Casual_Clear
7756288622847,5,Casual_Accessories
7756299960575,4,Casual_Clear
7756300091647,4,Casual_Clear
7756300517631,4,Casual_Clear
7756316672255,2,Frequent_Soy
7756318507263,4,Casual_Clear
7756319424767,4,Casual_Clear
7756320964863,3,Premium_Other
7756325323007,4,Casual_Clear
7756327911679,3,Premium_Other
7756328009983,4,Casual_Clear
7756328239359,4,Casual_Clear
7756328435967,3,Premium_Other
7756328501503,4,Casual_Clear
7756328534271,4,Casual_Clear
7756328730879,4,Casual_Clear
7756347736319,4,Casual_Clear
7756347965695,4,Casual_Clear
7756348096767,4,Casual_Clear
7756348162303,3,Premium_Other
7756348326143,4,Casual_Clear
7756348522751,3,Premium_Other
7756348588287,4,Casual_Clear
7756348719359,3,Premium_Other
7756348883199,4,Casual_Clear
7756348915967,4,Casual_Clear
7756349047039,4,Casual_Clear
7756349112575,3,Premium_Other
7756349243647,4,Casual_Clear
7756349440255,3,Premium_Other
7756349538559,4,Casual_Clear
7756349800703,4,Casual_Clear
7756349833471,4,Casual_Clear
7756349866239,4,Casual_Clear
7756350226687,4,Casual_Clear
7756350292223,4,Casual_Clear
7756350488831,4,Casual_Clear
7756350816511,4,Casual_Clear
7756351439103,4,Casual_Clear
7756351996159,4,Casual_Clear
7756352127231,4,Casual_Clear
7756352159999,4,Casual_Clear
7756352356607,3,Premium_Other
7756353601791,4,Casual_Clear
7756353798399,4,Casual_Clear
7756354027775,4,Casual_Clear
7756354093311,4,Casual_Clear
7756354158847,4,Casual_Clear
7756354224383,4,Casual_Clear
7756354257151,3,Premium_Other
7756354322687,4,Casual_Clear
7756354584831,4,Casual_Clear
7756354617599,4,Casual_Clear
7756354781439,4,Casual_Clear
7756355010815,4,Casual_Clear
7756355240191,4,Casual_Clear
7756355436799,4,Casual_Clear
7756355633407,4,Casual_Clear
7756355666175,4,Casual_Clear
7756356092159,4,Casual_Clear
7756356616447,4,Casual_Clear
7756357435647,3,Premium_Other
7756357468415,4,Casual_Clear
7756357501183,4,Casual_Clear
7756357566719,4,Casual_Clear
7756357632255,4,Casual_Clear
7756357730559,4,Casual_Clear
7756357763327,3,Premium_Other
7756357796095,3,Premium_Other
7756357959935,4,Casual_Clear
7756358025471,4,Casual_Clear
7756358222079,4,Casual_Clear
7756358385919,4,Casual_Clear
7756358713599,4,Casual_Clear
7756358811903,4,Casual_Clear
7756358844671,3,Premium_Other
7756358877439,4,Casual_Clear
7756359106815,4,Casual_Clear
7756359336191,3,Premium_Other
7756359434495,4,Casual_Clear
7756359467263,4,Casual_Clear
7756359827711,4,Casual_Clear
7756359926015,4,Casual_Clear
7756360089855,4,Casual_Clear
7756360188159,4,Casual_Clear
7756360319231,4,Casual_Clear
7756360614143,4,Casual_Clear
7756360876287,4,Casual_Clear
7756360974591,4,Casual_Clear
7756361203967,4,Casual_Clear
7756361269503,4,Casual_Clear
7756361367807,3,Premium_Other
7756361400575,4,Casual_Clear
7756361433343,4,Casual_Clear
7756361498879,4,Casual_Clear
7756361597183,4,Casual_Clear
7756361629951,4,Casual_Clear
7756361662719,4,Casual_Clear
7756361695487,4,Casual_Clear
7756361761023,4,Casual_Clear
7756361859327,4,Casual_Clear
7756362055935,4,Casual_Clear
7756362350847,4,Casual_Clear
7756362416383,4,Casual_Clear
7756362645759,4,Casual_Clear
7756362711295,4,Casual_Clear
7756362842367,4,Casual_Clear
7756362973439,4,Casual_Clear
7756363104511,4,Casual_Clear
7756363432191,4,Casual_Clear
7756364284159,4,Casual_Clear
7756364513535,4,Casual_Clear
7756364677375,4,Casual_Clear
7756365496575,4,Casual_Clear
7756365562111,4,Casual_Clear
7756365660415,4,Casual_Clear
7756365758719,4,Casual_Clear
7756372902143,4,Casual_Clear
7756374016255,4,Casual_Clear
7756374442239,3,Premium_Other
7756375097599,4,Casual_Clear
7756375163135,4,Casual_Clear
7756375458047,4,Casual_Clear
7756375490815,4,Casual_Clear
7756375785727,3,Premium_Other
7756376375551,4,Casual_Clear
7756376408319,3,Premium_Other
7756376637695,4,Casual_Clear
7756376834303,4,Casual_Clear
7756376965375,4,Casual_Clear
7756377260287,4,Casual_Clear
7756377293055,4,Casual_Clear
7756377587967,4,Casual_Clear
7756377620735,4,Casual_Clear
7756377686271,4,Casual_Clear
7756378931455,4,Casual_Clear
7756378964223,4,Casual_Clear
7756379291903,4,Casual_Clear
7756379685119,4,Casual_Clear
7756379980031,4,Casual_Clear
7756380012799,4,Casual_Clear
7756380111103,4,Casual_Clear
7756380176639,3,Premium_Other
7756380209407,4,Casual_Clear
7756380864767,4,Casual_Clear
7756380963071,4,Casual_Clear
7756380995839,4,Casual_Clear
7756381159679,4,Casual_Clear
7756381290751,4,Casual_Clear
7756381683967,3,Premium_Other
7756381815039,4,Casual_Clear
7756381880575,4,Casual_Clear
7756382208255,4,Casual_Clear
7756382339327,4,Casual_Clear
7756382535935,4,Casual_Clear
7756382699775,4,Casual_Clear
7756382896383,4,Casual_Clear
7756383420671,4,Casual_Clear
7756383486207,3,Premium_Other
7756384174335,4,Casual_Clear
7756384305407,4,Casual_Clear
7756384338175,4,Casual_Clear
7756385190143,4,Casual_Clear
7756385386751,4,Casual_Clear
7756385583359,4,Casual_Clear
7756385714431,4,Casual_Clear
7756385779967,4,Casual_Clear
7756385878271,4,Casual_Clear
7756385976575,4,Casual_Clear
7756386009343,4,Casual_Clear
7756386042111,2,Frequent_Soy
7756386074879,4,Casual_Clear
7756386369791,4,Casual_Clear
7756386435327,4,Casual_Clear
7756387909887,3,Premium_Other
7756388237567,4,Casual_Clear
7756392923391,3,Premium_Other
7756393611519,4,Casual_Clear
7756395020543,4,Casual_Clear
7756395053311,4,Casual_Clear
7756396036351,3,Premium_Other
7756396069119,4,Casual_Clear
7756396101887,4,Casual_Clear
7756396265727,2,Frequent_Soy
7756396921087,3,Premium_Other
7756396953855,3,Premium_Other
7756397412607,3,Premium_Other
7756397445375,4,Casual_Clear
7756397609215,4,Casual_Clear
7756398035199,3,Premium_Other
7756398166271,4,Casual_Clear
7756398231807,4,Casual_Clear
7756398264575,3,Premium_Other
7756398493951,4,Casual_Clear
7756398657791,4,Casual_Clear
7756398854399,4,Casual_Clear
7756398919935,4,Casual_Clear
7756399116543,4,Casual_Clear
7756399247615,4,Casual_Clear
7756399313151,4,Casual_Clear
7756399640831,4,Casual_Clear
7756399706367,4,Casual_Clear
7756399739135,4,Casual_Clear
7756400787711,3,Premium_Other
7756400918783,4,Casual_Clear
7756401017087,3,Premium_Other
7756403441919,4,Casual_Clear
7756404064511,3,Premium_Other
7756404261119,4,Casual_Clear
7756404359423,4,Casual_Clear
7756404982015,4,Casual_Clear
7756405211391,4,Casual_Clear
7756405604607,4,Casual_Clear
7756405932287,4,Casual_Clear
7756406522111,4,Casual_Clear
7756406751487,3,Premium_Other
7756407046399,4,Casual_Clear
7756407177471,4,Casual_Clear
7756407341311,3,Premium_Other
7756407505151,3,Premium_Other
7756407996671,4,Casual_Clear
7756408029439,3,Premium_Other
7756408094975,4,Casual_Clear
7756408127743,4,Casual_Clear
7756408652031,4,Casual_Clear
7756408750335,4,Casual_Clear
7756409045247,4,Casual_Clear
7756409078015,4,Casual_Clear
7756409471231,4,Casual_Clear
7756409536767,4,Casual_Clear
7756409667839,5,Casual_Accessories
7756410683647,4,Casual_Clear
7756410749183,4,Casual_Clear
7756410814719,4,Casual_Clear
7756410978559,2,Frequent_Soy
7756411470079,4,Casual_Clear
7756411535615,4,Casual_Clear
7756411764991,4,Casual_Clear
7756411797759,4,Casual_Clear
7756412387583,3,Premium_Other
7756412616959,4,Casual_Clear
7756412977407,4,Casual_Clear
7756413206783,4,Casual_Clear
7756413239551,4,Casual_Clear
7756413468927,4,Casual_Clear
7756413567231,4,Casual_Clear
7756413731071,4,Casual_Clear
7756414025983,4,Casual_Clear
7756414091519,4,Casual_Clear
7756414255359,4,Casual_Clear
7756414583039,3,Premium_Other
7756414714111,4,Casual_Clear
7756414910719,4,Casual_Clear
7756415074559,4,Casual_Clear
7756415205631,4,Casual_Clear
7756415271167,4,Casual_Clear
7756415303935,4,Casual_Clear
7756415500543,3,Premium_Other
7756415533311,4,Casual_Clear
7756415631615,4,Casual_Clear
7756415697151,4,Casual_Clear
7756415860991,4,Casual_Clear
7756415893759,4,Casual_Clear
7756416975103,4,Casual_Clear
7756417270015,4,Casual_Clear
7756417532159,4,Casual_Clear
7756417695999,4,Casual_Clear
7756418023679,2,Frequent_Soy
7756418121983,4,Casual_Clear
7756418351359,4,Casual_Clear
7756418547967,4,Casual_Clear
7756418580735,4,Casual_Clear
7756418613503,4,Casual_Clear
7756418941183,4,Casual_Clear
7756418973951,3,Premium_Other
7756419006719,4,Casual_Clear
7756419203327,4,Casual_Clear
7756420153599,4,Casual_Clear
7756420251903,3,Premium_Other
7756420317439,4,Casual_Clear
7756420350207,4,Casual_Clear
7756420481279,4,Casual_Clear
7756420546815,4,Casual_Clear
7756420579583,4,Casual_Clear
7756421267711,4,Casual_Clear
7756421300479,4,Casual_Clear
7756421497087,4,Casual_Clear
7756421595391,4,Casual_Clear
7756421693695,4,Casual_Clear
7756421726463,4,Casual_Clear
7756421923071,4,Casual_Clear
7756421955839,4,Casual_Clear
7756422086911,4,Casual_Clear
7756422217983,4,Casual_Clear
7756422512895,4,Casual_Clear
7756422578431,4,Casual_Clear
7756422676735,4,Casual_Clear
7756422807807,4,Casual_Clear
7756422906111,4,Casual_Clear
7756422938879,4,Casual_Clear
7756423037183,4,Casual_Clear
7756423299327,2,Frequent_Soy
7756423495935,3,Premium_Other
7756423627007,3,Premium_Other
7756423758079,4,Casual_Clear
7756424544511,4,Casual_Clear
7756424708351,4,Casual_Clear
7756424806655,4,Casual_Clear
7756425134335,4,Casual_Clear
7756425232639,4,Casual_Clear
7756425298175,3,Premium_Other
7756425494783,4,Casual_Clear
7756425560319,4,Casual_Clear
7756425822463,4,Casual_Clear
7756425855231,4,Casual_Clear
7756426051839,4,Casual_Clear
7756426150143,4,Casual_Clear
7756426477823,4,Casual_Clear
7756426838271,4,Casual_Clear
7756426871039,4,Casual_Clear
7756427165951,4,Casual_Clear
7756427657471,4,Casual_Clear
7756427919615,4,Casual_Clear
7756428083455,4,Casual_Clear
7756428116223,4,Casual_Clear
7756428378367,4,Casual_Clear
7756428443903,4,Casual_Clear
7756428476671,4,Casual_Clear
7756428509439,3,Premium_Other
7756428771583,4,Casual_Clear
7756428804351,4,Casual_Clear
7756428902655,4,Casual_Clear
7756429361407,3,Premium_Other
7756429426943,4,Casual_Clear
7756429492479,4,Casual_Clear
7756429525247,4,Casual_Clear
7756429590783,4,Casual_Clear
7756429754623,4,Casual_Clear
7756429787391,4,Casual_Clear
7756429820159,4,Casual_Clear
7756429852927,4,Casual_Clear
7756430016767,5,Casual_Accessories
7756430115071,4,Casual_Clear
7756430180607,4,Casual_Clear
7756430213375,3,Premium_Other
7756430278911,4,Casual_Clear
7756430311679,4,Casual_Clear
7756430377215,4,Casual_Clear
7756430541055,4,Casual_Clear
7756430639359,4,Casual_Clear
7756430672127,4,Casual_Clear
7756430704895,4,Casual_Clear
7756430737663,4,Casual_Clear
7756430770431,4,Casual_Clear
7756430803199,4,Casual_Clear
7756430835967,4,Casual_Clear
7756430868735,4,Casual_Clear
7756430934271,4,Casual_Clear
7756430967039,4,Casual_Clear
7756431032575,4,Casual_Clear
7756431196415,4,Casual_Clear
7756431294719,4,Casual_Clear
7756431327487,4,Casual_Clear
7756431425791,4,Casual_Clear
7756431458559,4,Casual_Clear
7756431491327,4,Casual_Clear
7756431556863,3,Premium_Other
7756431655167,4,Casual_Clear
7756431786239,4,Casual_Clear
7756431851775,4,Casual_Clear
7756431950079,4,Casual_Clear
7756432212223,3,Premium_Other
7756432277759,4,Casual_Clear
7756432310527,4,Casual_Clear
7756432539903,4,Casual_Clear
7756432834815,4,Casual_Clear
7756433359103,4,Casual_Clear
7756433621247,4,Casual_Clear
7756433686783,4,Casual_Clear
7756433785087,4,Casual_Clear
7756433883391,2,Frequent_Soy
7756434014463,4,Casual_Clear
7756434047231,4,Casual_Clear
7756434112767,4,Casual_Clear
7756434178303,4,Casual_Clear
7756434211071,4,Casual_Clear
7756434374911,4,Casual_Clear
7756434407679,4,Casual_Clear
7756434735359,4,Casual_Clear
7756434899199,4,Casual_Clear
7756435194111,4,Casual_Clear
7756435456255,4,Casual_Clear
7756435521791,4,Casual_Clear
7756435587327,4,Casual_Clear
7756435685631,4,Casual_Clear
7756435751167,4,Casual_Clear
7756435849471,4,Casual_Clear
7756435915007,4,Casual_Clear
7756436013311,2,Frequent_Soy
7756436046079,4,Casual_Clear
7756436111615,4,Casual_Clear
7756436144383,4,Casual_Clear
7756436209919,4,Casual_Clear
7756436472063,4,Casual_Clear
7756436701439,3,Premium_Other
7756437192959,4,Casual_Clear
7756437455103,4,Casual_Clear
7756437520639,4,Casual_Clear
7756437717247,4,Casual_Clear
7756437750015,4,Casual_Clear
7756437881087,4,Casual_Clear
7756438241535,4,Casual_Clear
7756438601983,4,Casual_Clear
7756438634751,4,Casual_Clear
7756438667519,4,Casual_Clear
7756438700287,4,Casual_Clear
7756438962431,4,Casual_Clear
7756438995199,3,Premium_Other
7756439027967,4,Casual_Clear
7756439126271,4,Casual_Clear
7756439159039,4,Casual_Clear
7756439224575,4,Casual_Clear
7756439355647,4,Casual_Clear
7756439519487,4,Casual_Clear
7756439552255,4,Casual_Clear
7756439585023,4,Casual_Clear
7756439683327,5,Casual_Accessories
7756439716095,4,Casual_Clear
7756439748863,3,Premium_Other
7756439814399,4,Casual_Clear
7756439879935,4,Casual_Clear
7756439912703,4,Casual_Clear
7756440043775,4,Casual_Clear
7756440076543,4,Casual_Clear
7756440109311,4,Casual_Clear
7756440207615,4,Casual_Clear
7756440240383,4,Casual_Clear
7756440305919,4,Casual_Clear
7756440338687,4,Casual_Clear
7756440371455,4,Casual_Clear
7756440404223,3,Premium_Other
7756440436991,4,Casual_Clear
7756440502527,4,Casual_Clear
7756440535295,3,Premium_Other
7756440568063,4,Casual_Clear
7756440600831,4,Casual_Clear
7756440699135,4,Casual_Clear
7756440731903,4,Casual_Clear
7756440994047,4,Casual_Clear
7756442730751,4,Casual_Clear
7756446138623,4,Casual_Clear
7756446793983,4,Casual_Clear
7756448170239,4,Casual_Clear
7756448334079,4,Casual_Clear
7756450529535,4,Casual_Clear
7756452692223,4,Casual_Clear
7756453216511,4,Casual_Clear
7756456395007,4,Casual_Clear
7756456689919,4,Casual_Clear
7756456820991,4,Casual_Clear
7756457050367,4,Casual_Clear
7756457148671,3,Premium_Other
7756457312511,4,Casual_Clear
7756457345279,4,Casual_Clear
7756457443583,3,Premium_Other
7756457509119,4,Casual_Clear
7756457541887,4,Casual_Clear
7756457574655,4,Casual_Clear
7756457672959,4,Casual_Clear
7756457935103,4,Casual_Clear
7756458000639,4,Casual_Clear
7756458033407,4,Casual_Clear
7756458098943,4,Casual_Clear
7756458295551,4,Casual_Clear
7756458819839,4,Casual_Clear
7756458885375,4,Casual_Clear
7756459049215,4,Casual_Clear
7756459114751,3,Premium_Other
7756459180287,4,Casual_Clear
7756459213055,4,Casual_Clear
7756459344127,4,Casual_Clear
7756459475199,4,Casual_Clear
7756459639039,4,Casual_Clear
7756459933951,4,Casual_Clear
7756460032255,4,Casual_Clear
7756460196095,4,Casual_Clear
7756460261631,4,Casual_Clear
7756460294399,4,Casual_Clear
7756460327167,4,Casual_Clear
7756460425471,4,Casual_Clear
7756460458239,4,Casual_Clear
7756460523775,4,Casual_Clear
7756460589311,4,Casual_Clear
7756460687615,4,Casual_Clear
7756460818687,4,Casual_Clear
7756460884223,4,Casual_Clear
7756460916991,4,Casual_Clear
7756460949759,4,Casual_Clear
7756461113599,5,Casual_Accessories
7756461244671,4,Casual_Clear
7756461342975,4,Casual_Clear
7756461375743,4,Casual_Clear
7756461441279,4,Casual_Clear
7756461605119,4,Casual_Clear
7756461670655,4,Casual_Clear
7756461932799,4,Casual_Clear
7756462031103,4,Casual_Clear
7756462063871,4,Casual_Clear
7756462096639,4,Casual_Clear
7756462227711,4,Casual_Clear
7756462260479,4,Casual_Clear
7756462293247,4,Casual_Clear
7756462326015,4,Casual_Clear
7756462653695,4,Casual_Clear
7756462915839,4,Casual_Clear
7756463079679,4,Casual_Clear
7756463243519,4,Casual_Clear
7756463276287,4,Casual_Clear
7756463931647,4,Casual_Clear
7756463964415,4,Casual_Clear
7756464390399,4,Casual_Clear
7756464783615,4,Casual_Clear
7756464914687,4,Casual_Clear
7756464947455,4,Casual_Clear
7756465078527,4,Casual_Clear
7756465144063,4,Casual_Clear
7756465176831,4,Casual_Clear
7756465307903,4,Casual_Clear
7756465373439,4,Casual_Clear
7756465537279,4,Casual_Clear
7756465570047,4,Casual_Clear
7756465668351,4,Casual_Clear
7756465701119,4,Casual_Clear
7756465766655,4,Casual_Clear
7756465864959,4,Casual_Clear
7756466028799,4,Casual_Clear
7756466061567,4,Casual_Clear
7756466094335,4,Casual_Clear
7756466159871,4,Casual_Clear
7756466192639,4,Casual_Clear
7756466323711,4,Casual_Clear
7756466389247,4,Casual_Clear
7756466847999,4,Casual_Clear
7756466913535,4,Casual_Clear
7756466946303,4,Casual_Clear
7756467011839,4,Casual_Clear
7756467044607,4,Casual_Clear
7756467142911,4,Casual_Clear
7756467208447,4,Casual_Clear
7756467470591,4,Casual_Clear
7756467536127,4,Casual_Clear
7756467568895,4,Casual_Clear
7756467601663,4,Casual_Clear
7756467634431,4,Casual_Clear
7756467765503,4,Casual_Clear
7756467798271,4,Casual_Clear
7756467831039,4,Casual_Clear
7756467994879,4,Casual_Clear
7756468027647,3,Premium_Other
7756468060415,4,Casual_Clear
7756468125951,4,Casual_Clear
7756468158719,4,Casual_Clear
7756468224255,4,Casual_Clear
7756468257023,4,Casual_Clear
7756468355327,4,Casual_Clear
7756468388095,4,Casual_Clear
7756468420863,4,Casual_Clear
7756468453631,4,Casual_Clear
7756468486399,4,Casual_Clear
7756468519167,4,Casual_Clear
7756468551935,4,Casual_Clear
7756468683007,4,Casual_Clear
7756468748543,4,Casual_Clear
7756468781311,4,Casual_Clear
7756468814079,4,Casual_Clear
7756468846847,4,Casual_Clear
7756468879615,4,Casual_Clear
7756468912383,4,Casual_Clear
7756468945151,4,Casual_Clear
7756468977919,4,Casual_Clear
7756469010687,4,Casual_Clear
7756469043455,4,Casual_Clear
7756469076223,4,Casual_Clear
7756469108991,4,Casual_Clear
7756469207295,4,Casual_Clear
7756469240063,4,Casual_Clear
7756469305599,4,Casual_Clear
7756469338367,4,Casual_Clear
7756469403903,3,Premium_Other
7756469436671,4,Casual_Clear
7756469469439,4,Casual_Clear
7756469534975,4,Casual_Clear
7756469600511,4,Casual_Clear
7756469633279,4,Casual_Clear
7756469698815,4,Casual_Clear
7756469731583,3,Premium_Other
7756469764351,4,Casual_Clear
7756469797119,4,Casual_Clear
7756469829887,4,Casual_Clear
7756469895423,3,Premium_Other
7756469960959,4,Casual_Clear
7756470288639,4,Casual_Clear
7756470321407,4,Casual_Clear
7756470419711,4,Casual_Clear
7756470583551,4,Casual_Clear
7756470616319,4,Casual_Clear
7756470649087,4,Casual_Clear
7756470681855,4,Casual_Clear
7756470976767,4,Casual_Clear
7756471304447,4,Casual_Clear
7756472811775,4,Casual_Clear
7756473303295,4,Casual_Clear
7756473499903,3,Premium_Other
7756473794815,3,Premium_Other
7756473860351,4,Casual_Clear
7756473958655,4,Casual_Clear
7756474188031,4,Casual_Clear
7756474581247,4,Casual_Clear
7756474712319,4,Casual_Clear
7756474777855,4,Casual_Clear
7756475465983,4,Casual_Clear
7756475531519,4,Casual_Clear
7756475564287,4,Casual_Clear
7756475728127,4,Casual_Clear
7756475793663,4,Casual_Clear
7756476449023,4,Casual_Clear
7756476645631,3,Premium_Other
7756476940543,4,Casual_Clear
7756476973311,3,Premium_Other
7756477071615,4,Casual_Clear
7756477104383,4,Casual_Clear
7756477235455,4,Casual_Clear
7756477268223,4,Casual_Clear
7756477300991,4,Casual_Clear
7756477333759,4,Casual_Clear
7756477530367,4,Casual_Clear
7756477563135,4,Casual_Clear
7756477628671,4,Casual_Clear
7756478316799,4,Casual_Clear
7756483690751,4,Casual_Clear
7756483952895,4,Casual_Clear
7756484018431,4,Casual_Clear
7756484313343,4,Casual_Clear
7756484346111,4,Casual_Clear
7756484575487,4,Casual_Clear
7756484608255,4,Casual_Clear
7756484673791,4,Casual_Clear
7756484706559,4,Casual_Clear
7756484772095,4,Casual_Clear
7756485132543,4,Casual_Clear
7756485230847,4,Casual_Clear
7756485361919,4,Casual_Clear
7756485427455,4,Casual_Clear
7756485558527,4,Casual_Clear
7756485656831,4,Casual_Clear
7756485853439,4,Casual_Clear
7756485951743,4,Casual_Clear
7756486017279,4,Casual_Clear
7756486115583,4,Casual_Clear
7756486344959,4,Casual_Clear
7756486443263,4,Casual_Clear
7756486476031,4,Casual_Clear
7756486672639,3,Premium_Other
7756486738175,4,Casual_Clear
7756486836479,4,Casual_Clear
7756486934783,4,Casual_Clear
7756487065855,4,Casual_Clear
7756487360767,4,Casual_Clear
7756487459071,4,Casual_Clear
7756487590143,4,Casual_Clear
7756487622911,4,Casual_Clear
7756487655679,3,Premium_Other
7756487688447,4,Casual_Clear
7756488343807,4,Casual_Clear
7756488442111,3,Premium_Other
7756488605951,4,Casual_Clear
7779969761535,4,Casual_Clear
7783089176831,4,Casual_Clear
7802589675775,4,Casual_Clear
7802592067839,4,Casual_Clear
7807449334015,4,Casual_Clear
7817754509567,3,Premium_Other
7817996632319,4,Casual_Clear
7818623779071,4,Casual_Clear
7819138269439,4,Casual_Clear
7819297620223,3,Premium_Other
7819758993663,4,Casual_Clear
7823779168511,4,Casual_Clear
7824197943551,3,Premium_Other
7825248059647,4,Casual_Clear
7826394972415,4,Casual_Clear
7826465128703,3,Premium_Other
7826734874879,4,Casual_Clear
7829214429439,4,Casual_Clear
7829327184127,4,Casual_Clear
7829327315199,4,Casual_Clear
7829327347967,4,Casual_Clear
7829327446271,4,Casual_Clear
7829327544575,4,Casual_Clear
7829327675647,4,Casual_Clear
7829327708415,4,Casual_Clear
7829327872255,4,Casual_Clear
7829328363775,4,Casual_Clear
7829344321791,4,Casual_Clear
7829346124031,4,Casual_Clear
7829347598591,4,Casual_Clear
7829353070847,4,Casual_Clear
7829412086015,4,Casual_Clear
7829470118143,4,Casual_Clear
7829520974079,4,Casual_Clear
7830799909119,4,Casual_Clear
7831677305087,4,Casual_Clear
7832253006079,4,Casual_Clear
7834599522559,4,Casual_Clear
7835384873215,3,Premium_Other
7841564426495,5,Casual_Accessories
7842117648639,4,Casual_Clear
7843128967423,4,Casual_Clear
7843205382399,4,Casual_Clear
7843278913791,4,Casual_Clear
7843931291903,4,Casual_Clear
7845034328319,4,Casual_Clear
7845454479615,4,Casual_Clear
7845481414911,4,Casual_Clear
7845554127103,4,Casual_Clear
7845555437823,4,Casual_Clear
7847033995519,4,Casual_Clear
7851112497407,3,Premium_Other
7851713364223,4,Casual_Clear
7851775066367,4,Casual_Clear
7852863193343,4,Casual_Clear
7856082321663,4,Casual_Clear
7857216094463,4,Casual_Clear
7857218584831,4,Casual_Clear
7862649389311,4,Casual_Clear
7866897531135,4,Casual_Clear
7867022213375,4,Casual_Clear
7868325495039,4,Casual_Clear
7869216030975,4,Casual_Clear
7869262201087,3,Premium_Other
7869806838015,5,Casual_Accessories
7870681383167,4,Casual_Clear
7870756061439,4,Casual_Clear
7870948802815,3,Premium_Other
7872851575039,4,Casual_Clear
7875287580927,4,Casual_Clear
7875433824511,4,Casual_Clear
7875579904255,4,Casual_Clear
7875674800383,4,Casual_Clear
7875698360575,4,Casual_Clear
7877148934399,4,Casual_Clear
7877314773247,4,Casual_Clear
7877345804543,4,Casual_Clear
7878625362175,4,Casual_Clear
7878869090559,4,Casual_Clear
7878900580607,5,Casual_Accessories
7881282453759,4,Casual_Clear
7881287041279,4,Casual_Clear
7881587589375,4,Casual_Clear
7883697324287,4,Casual_Clear
7884672827647,4,Casual_Clear
7884680397055,4,Casual_Clear
7886223180031,4,Casual_Clear
7888540107007,5,Casual_Accessories
7888779870463,4,Casual_Clear
7891339510015,4,Casual_Clear
7893114618111,4,Casual_Clear
7894442672383,4,Casual_Clear
7894464626943,3,Premium_Other
7895503831295,4,Casual_Clear
7895743430911,4,Casual_Clear
7896021860607,3,Premium_Other
7896942477567,4,Casual_Clear
7897447629055,4,Casual_Clear
7898587037951,4,Casual_Clear
7898656243967,4,Casual_Clear
7898763755775,4,Casual_Clear
7899396669695,4,Casual_Clear
7900460515583,4,Casual_Clear
7900598927615,4,Casual_Clear
7901894574335,4,Casual_Clear
7902015652095,4,Casual_Clear
7902379475199,4,Casual_Clear
7903429984511,4,Casual_Clear
7903553224959,4,Casual_Clear
7905859633407,4,Casual_Clear
7905973895423,4,Casual_Clear
7905979990271,4,Casual_Clear
7910880280831,3,Premium_Other
7914152001791,4,Casual_Clear
7914981261567,4,Casual_Clear
7915596251391,3,Premium_Other
7915894931711,4,Casual_Clear
7915910988031,4,Casual_Clear
7916394086655,4,Casual_Clear
7916487934207,5,Casual_Accessories
7918399881471,4,Casual_Clear
7918627094783,4,Casual_Clear
7919433187583,5,Casual_Accessories
7922399772927,3,Premium_Other
7922624430335,4,Casual_Clear
7927058858239,4,Casual_Clear
7927091200255,4,Casual_Clear
7927261954303,4,Casual_Clear
7927412392191,4,Casual_Clear
7927629185279,4,Casual_Clear
7929521078527,4,Casual_Clear
7929718046975,4,Casual_Clear
7929798164735,4,Casual_Clear
7930953138431,4,Casual_Clear
7932359868671,4,Casual_Clear
7932520530175,4,Casual_Clear
7933028401407,4,Casual_Clear
7933079257343,4,Casual_Clear
7933266723071,4,Casual_Clear
7933864575231,4,Casual_Clear
7934578458879,4,Casual_Clear
7937013809407,4,Casual_Clear
7938603286783,4,Casual_Clear
7938715844863,4,Casual_Clear
7938808807679,4,Casual_Clear
7939081961727,4,Casual_Clear
7939320578303,4,Casual_Clear
7940749426943,5,Casual_Accessories
7940967268607,4,Casual_Clear
7941936939263,4,Casual_Clear
7942104416511,4,Casual_Clear
7942386712831,3,Premium_Other
7942389006591,4,Casual_Clear
7942456410367,4,Casual_Clear
7942600655103,4,Casual_Clear
7942630015231,4,Casual_Clear
7943295992063,4,Casual_Clear
7943632584959,4,Casual_Clear
7944435400959,4,Casual_Clear
7944523645183,4,Casual_Clear
7944776253695,4,Casual_Clear
7944904311039,4,Casual_Clear
7944984461567,4,Casual_Clear
7944993079551,4,Casual_Clear
7945138209023,4,Casual_Clear
7945581887743,4,Casual_Clear
7945951576319,4,Casual_Clear
7946024288511,4,Casual_Clear
7946205430015,4,Casual_Clear
7946308026623,4,Casual_Clear
7946949165311,4,Casual_Clear
7946981572863,4,Casual_Clear
7947239391487,4,Casual_Clear
7947243618559,4,Casual_Clear
7947423645951,4,Casual_Clear
7947457921279,4,Casual_Clear
7947663081727,4,Casual_Clear
7947783307519,4,Casual_Clear
7947792810239,4,Casual_Clear
7947850252543,4,Casual_Clear
7947985584383,4,Casual_Clear
7948420382975,4,Casual_Clear
7948679774463,4,Casual_Clear
7948693700863,4,Casual_Clear
7948912394495,4,Casual_Clear
7949065060607,4,Casual_Clear
7949118767359,4,Casual_Clear
7949137477887,4,Casual_Clear
7949200654591,4,Casual_Clear
7949294174463,4,Casual_Clear
7949327368447,4,Casual_Clear
7949352468735,4,Casual_Clear
7949364068607,4,Casual_Clear
7949365117183,4,Casual_Clear
7950392361215,4,Casual_Clear
7952972939519,4,Casual_Clear
7953428513023,4,Casual_Clear
7953496867071,4,Casual_Clear
7953525604607,4,Casual_Clear
7953613816063,4,Casual_Clear
7953635377407,4,Casual_Clear
7953742430463,4,Casual_Clear
7953771331839,4,Casual_Clear
7953853120767,4,Casual_Clear
7953984815359,4,Casual_Clear
7953987862783,4,Casual_Clear
7954004803839,4,Casual_Clear
7954109268223,4,Casual_Clear
7954180342015,4,Casual_Clear
7954731794687,4,Casual_Clear
7954748440831,4,Casual_Clear
7955058655487,4,Casual_Clear
7955123634431,4,Casual_Clear
7955146408191,4,Casual_Clear
7955169247487,4,Casual_Clear
7955217023231,4,Casual_Clear
7955250249983,4,Casual_Clear
7956289716479,4,Casual_Clear
7956311998719,3,Premium_Other
7956356399359,4,Casual_Clear
7956357021951,3,Premium_Other
7956440285439,4,Casual_Clear
7956543766783,4,Casual_Clear
7956611399935,4,Casual_Clear
7957573435647,4,Casual_Clear
7957658271999,4,Casual_Clear
7957664694527,4,Casual_Clear
7957746417919,3,Premium_Other
7957906981119,4,Casual_Clear
7957910520063,4,Casual_Clear
7958430187775,4,Casual_Clear
7958669623551,4,Casual_Clear
7958758752511,4,Casual_Clear
7958758916351,5,Casual_Accessories
7958759211263,5,Casual_Accessories
7958759571711,4,Casual_Clear
7958775333119,4,Casual_Clear
7958813212927,4,Casual_Clear
7958863151359,4,Casual_Clear
7958933405951,4,Casual_Clear
7958938517759,4,Casual_Clear
7958995828991,4,Casual_Clear
7959059300607,4,Casual_Clear
7959066575103,4,Casual_Clear
7959445766399,4,Casual_Clear
7959761486079,3,Premium_Other
7959817552127,4,Casual_Clear
7960494932223,4,Casual_Clear
7960663032063,4,Casual_Clear
7960702255359,4,Casual_Clear
7960785453311,4,Casual_Clear
7960884084991,4,Casual_Clear
7960906924287,4,Casual_Clear
7960931926271,4,Casual_Clear
7960963154175,4,Casual_Clear
7961039569151,4,Casual_Clear
7961317933311,4,Casual_Clear
7961351127295,4,Casual_Clear
7962148634879,4,Casual_Clear
7962467172607,4,Casual_Clear
7962473169151,4,Casual_Clear
7962796523775,4,Casual_Clear
7962798620927,3,Premium_Other
7962873069823,4,Casual_Clear
7963011383551,4,Casual_Clear
7963035402495,4,Casual_Clear
7963058274559,4,Casual_Clear
7963208450303,4,Casual_Clear
7963787067647,4,Casual_Clear
7963876983039,4,Casual_Clear
7964005826815,4,Casual_Clear
7964082503935,4,Casual_Clear
7964162883839,4,Casual_Clear
7964424962303,4,Casual_Clear
7964573794559,4,Casual_Clear
7964726853887,4,Casual_Clear
7964860383487,4,Casual_Clear
7966279008511,4,Casual_Clear
7966502945023,5,Casual_Accessories
7966747197695,4,Casual_Clear
7966805885183,4,Casual_Clear
7967041978623,4,Casual_Clear
7967067177215,4,Casual_Clear
7967101387007,4,Casual_Clear
7967132156159,4,Casual_Clear
7967143395583,4,Casual_Clear
7967145787647,4,Casual_Clear
7967214207231,4,Casual_Clear
7967440109823,4,Casual_Clear
7967450366207,4,Casual_Clear
7967464521983,4,Casual_Clear
7967631802623,4,Casual_Clear
7968443990271,5,Casual_Accessories
7968511426815,4,Casual_Clear
7968520470783,4,Casual_Clear
7968596427007,3,Premium_Other
7968715604223,4,Casual_Clear
7968738312447,5,Casual_Accessories
7968778813695,4,Casual_Clear
7968974504191,4,Casual_Clear
7968977092863,3,Premium_Other
7969001079039,4,Casual_Clear
7969066320127,4,Casual_Clear
7969128972543,4,Casual_Clear
7969166819583,4,Casual_Clear
7969697235199,4,Casual_Clear
7969879949567,4,Casual_Clear
7969924874495,4,Casual_Clear
7969943060735,4,Casual_Clear
7970179580159,4,Casual_Clear
7970464071935,4,Casual_Clear
7970493825279,5,Casual_Accessories
7970622636287,4,Casual_Clear
7971282485503,4,Casual_Clear
7971386065151,3,Premium_Other
7971501867263,3,Premium_Other
7971528638719,4,Casual_Clear
7971533324543,4,Casual_Clear
7971586015487,4,Casual_Clear
7971635331327,3,Premium_Other
7972114432255,2,Frequent_Soy
7973381570815,5,Casual_Accessories
7973405720831,4,Casual_Clear
7973731008767,4,Casual_Clear
7973788745983,4,Casual_Clear
7973855068415,4,Casual_Clear
7974247530751,4,Casual_Clear
7974875758847,4,Casual_Clear
7975199604991,4,Casual_Clear
7975485112575,4,Casual_Clear
7975535345919,4,Casual_Clear
7975543505151,4,Casual_Clear
7975628898559,4,Casual_Clear
7976295858431,4,Casual_Clear
7976335540479,4,Casual_Clear
7976802779391,4,Casual_Clear
7976827355391,4,Casual_Clear
7977048670463,4,Casual_Clear
7977191375103,4,Casual_Clear
7977957818623,4,Casual_Clear
7978120249599,4,Casual_Clear
7978157310207,4,Casual_Clear
7978194665727,4,Casual_Clear
7978250043647,4,Casual_Clear
7978313023743,4,Casual_Clear
7978400940287,4,Casual_Clear
7979789648127,4,Casual_Clear
7979875467519,4,Casual_Clear
7979892637951,4,Casual_Clear
7979969282303,4,Casual_Clear
7980154650879,4,Casual_Clear
7980815548671,4,Casual_Clear
7981276627199,4,Casual_Clear
7981294485759,4,Casual_Clear
7981308379391,4,Casual_Clear
7981445284095,4,Casual_Clear
7981535985919,4,Casual_Clear
7981721747711,4,Casual_Clear
7984326705407,4,Casual_Clear
7984357114111,4,Casual_Clear
7984381395199,4,Casual_Clear
7984595435775,4,Casual_Clear
7984809738495,4,Casual_Clear
7986042929407,4,Casual_Clear
7986128716031,4,Casual_Clear
7986218402047,4,Casual_Clear
7986317426943,4,Casual_Clear
7986809078015,4,Casual_Clear
7987021545727,4,Casual_Clear
7988104200447,4,Casual_Clear
7988268073215,3,Premium_Other
7988833779967,4,Casual_Clear
7988988313855,3,Premium_Other
7989422915839,4,Casual_Clear
7991231217919,3,Premium_Other
7991643373823,4,Casual_Clear
7991992877311,4,Casual_Clear
7993809535231,4,Casual_Clear
7994403029247,4,Casual_Clear
7994690470143,4,Casual_Clear
7994766262527,4,Casual_Clear
7994947797247,4,Casual_Clear
7995001045247,4,Casual_Clear
7995077689599,4,Casual_Clear
7999782879487,4,Casual_Clear
8000261095679,4,Casual_Clear
8000416088319,4,Casual_Clear
8001274544383,4,Casual_Clear
8001316258047,4,Casual_Clear
8001384251647,4,Casual_Clear
8002072051967,4,Casual_Clear
8002156495103,4,Casual_Clear
8002930802943,4,Casual_Clear
8003138027775,4,Casual_Clear
8004947214591,5,Casual_Accessories
8006221234431,4,Casual_Clear
8006799393023,5,Casual_Accessories
8007184122111,4,Casual_Clear
8008304951551,4,Casual_Clear
8008515059967,4,Casual_Clear
8009441018111,4,Casual_Clear
8013711114495,4,Casual_Clear
8013774881023,4,Casual_Clear
8013910507775,4,Casual_Clear
8014286160127,4,Casual_Clear
8014419394815,4,Casual_Clear
8014995226879,4,Casual_Clear
8015096807679,4,Casual_Clear
8015279849727,4,Casual_Clear
8015323431167,4,Casual_Clear
8015408922879,3,Premium_Other
8015538847999,4,Casual_Clear
8015555100927,4,Casual_Clear
8015556968703,4,Casual_Clear
8015623946495,4,Casual_Clear
8015956279551,4,Casual_Clear
8016385671423,4,Casual_Clear
8017390960895,4,Casual_Clear
8017438605567,4,Casual_Clear
8017510826239,4,Casual_Clear
8017677648127,4,Casual_Clear
8025023512831,4,Casual_Clear
8025648005375,4,Casual_Clear
8025703809279,4,Casual_Clear
8026601783551,4,Casual_Clear
8026798129407,4,Casual_Clear
8027339292927,4,Casual_Clear
8028146925823,4,Casual_Clear
8028178481407,4,Casual_Clear
8028452782335,4,Casual_Clear
8029078454527,4,Casual_Clear
8029437657343,4,Casual_Clear
8030223007999,4,Casual_Clear
8031944671487,4,Casual_Clear
8033439154431,4,Casual_Clear
8033668399359,4,Casual_Clear
8033804583167,4,Casual_Clear
8033865564415,4,Casual_Clear
8033941029119,4,Casual_Clear
8033941389567,4,Casual_Clear
8035219767551,4,Casual_Clear
8035262234879,4,Casual_Clear
8035329016063,4,Casual_Clear
8035367223551,4,Casual_Clear
8035369779455,4,Casual_Clear
8035693494527,4,Casual_Clear
8035787800831,4,Casual_Clear
8035869753599,4,Casual_Clear
8035905110271,4,Casual_Clear
8035980280063,4,Casual_Clear
8036005380351,4,Casual_Clear
8036106404095,4,Casual_Clear
8036122493183,4,Casual_Clear
8036132880639,4,Casual_Clear
8036161880319,4,Casual_Clear
8037245124863,5,Casual_Accessories
8037819154687,4,Casual_Clear
8038275481855,4,Casual_Clear
8039330185471,4,Casual_Clear
8039752990975,4,Casual_Clear
8040106819839,4,Casual_Clear
8040205353215,4,Casual_Clear
8041270116607,4,Casual_Clear
8041292071167,4,Casual_Clear
8041565847807,4,Casual_Clear
8041576464639,4,Casual_Clear
8041640952063,4,Casual_Clear
8042502553855,4,Casual_Clear
8042937680127,4,Casual_Clear
8044753846527,4,Casual_Clear
8048350658815,3,Premium_Other
8049669374207,4,Casual_Clear
8050160206079,4,Casual_Clear
8050169282815,4,Casual_Clear
8051908051199,4,Casual_Clear
8052244119807,4,Casual_Clear
8052477853951,4,Casual_Clear
8054260531455,4,Casual_Clear
8054880207103,5,Casual_Accessories
8054987063551,4,Casual_Clear
8055235969279,4,Casual_Clear
8055355998463,4,Casual_Clear
8055471735039,4,Casual_Clear
8055524688127,4,Casual_Clear
8058071318783,4,Casual_Clear
8058275791103,4,Casual_Clear
8058424099071,4,Casual_Clear
8059895546111,4,Casual_Clear
8060160180479,3,Premium_Other
8060349612287,4,Casual_Clear
8060442607871,4,Casual_Clear
8060725330175,4,Casual_Clear
8061688185087,4,Casual_Clear
8061733208319,4,Casual_Clear
8061810802943,4,Casual_Clear
8062020255999,4,Casual_Clear
8062138417407,4,Casual_Clear
8062283251967,4,Casual_Clear
8062293704959,4,Casual_Clear
8062496899327,4,Casual_Clear
8063554158847,4,Casual_Clear
8063660425471,4,Casual_Clear
8064049643775,4,Casual_Clear
8065111785727,4,Casual_Clear
8065487667455,4,Casual_Clear
8065620410623,4,Casual_Clear
8065677295871,4,Casual_Clear
8066563244287,4,Casual_Clear
8067217883391,4,Casual_Clear
8067328737535,4,Casual_Clear
8067675586815,4,Casual_Clear
8069502337279,4,Casual_Clear
8069832278271,4,Casual_Clear
8070474268927,4,Casual_Clear
8071174652159,4,Casual_Clear
8071537033471,4,Casual_Clear
8071589462271,4,Casual_Clear
8071643332863,3,Premium_Other
8071788527871,4,Casual_Clear
8073543909631,4,Casual_Clear
8073981886719,4,Casual_Clear
8073982476543,4,Casual_Clear
8074346168575,4,Casual_Clear
8074934288639,4,Casual_Clear
8075827020031,4,Casual_Clear
8076994806015,4,Casual_Clear
8077209796863,4,Casual_Clear
8077216153855,4,Casual_Clear
8077244072191,4,Casual_Clear
8077293191423,4,Casual_Clear
8077416464639,4,Casual_Clear
8077599473919,4,Casual_Clear
8077735428351,4,Casual_Clear
8078001438975,4,Casual_Clear
8078227734783,4,Casual_Clear
8078896857343,4,Casual_Clear
8079305408767,4,Casual_Clear
8079432679679,4,Casual_Clear
8079619653887,4,Casual_Clear
8079628501247,4,Casual_Clear
8079725232383,4,Casual_Clear
8079774515455,4,Casual_Clear
8079788310783,4,Casual_Clear
8079793520895,4,Casual_Clear
8079974039807,4,Casual_Clear
8079992914175,4,Casual_Clear
8080070476031,4,Casual_Clear
8080121921791,4,Casual_Clear
8080407593215,4,Casual_Clear
8081163682047,4,Casual_Clear
8081245405439,4,Casual_Clear
8081416552703,4,Casual_Clear
8081417273599,4,Casual_Clear
8081655464191,5,Casual_Accessories
8081719984383,4,Casual_Clear
8081852530943,5,Casual_Accessories
8082145935615,4,Casual_Clear
8082176082175,4,Casual_Clear
8082524045567,4,Casual_Clear
8082604687615,4,Casual_Clear
8082865291519,4,Casual_Clear
8082922176767,4,Casual_Clear
8083228492031,4,Casual_Clear
8083629015295,4,Casual_Clear
8084358234367,4,Casual_Clear
8084383236351,4,Casual_Clear
8084515258623,4,Casual_Clear
8084578664703,4,Casual_Clear
8085072314623,4,Casual_Clear
8085305164031,4,Casual_Clear
8085728002303,4,Casual_Clear
8086122987775,4,Casual_Clear
8086166831359,4,Casual_Clear
8086454305023,4,Casual_Clear
8086485106943,4,Casual_Clear
8086722543871,4,Casual_Clear
8087155572991,4,Casual_Clear
8087298408703,4,Casual_Clear
8088279548159,4,Casual_Clear
8088380178687,4,Casual_Clear
8089151799551,4,Casual_Clear
8089410470143,4,Casual_Clear
8089496355071,4,Casual_Clear
8089827574015,4,Casual_Clear
8089858441471,4,Casual_Clear
8090067173631,4,Casual_Clear
8090103939327,5,Casual_Accessories
8090152206591,4,Casual_Clear
8090155057407,4,Casual_Clear
8090247790847,4,Casual_Clear
8091200127231,4,Casual_Clear
8091391557887,5,Casual_Accessories
8091443003647,4,Casual_Clear
8091621916927,4,Casual_Clear
8091952742655,4,Casual_Clear
8092301197567,4,Casual_Clear
8092348940543,4,Casual_Clear
8093263364351,4,Casual_Clear
8093275193599,4,Casual_Clear
8093538975999,4,Casual_Clear
8093656678655,4,Casual_Clear
8093702029567,4,Casual_Clear
8094175363327,4,Casual_Clear
8094505500927,4,Casual_Clear
8094545182975,4,Casual_Clear
8094797889791,4,Casual_Clear
8094913626367,4,Casual_Clear
8095915049215,4,Casual_Clear
8096074957055,4,Casual_Clear
8096187580671,4,Casual_Clear
8096271827199,4,Casual_Clear
8096402768127,4,Casual_Clear
8096555991295,4,Casual_Clear
8096610910463,4,Casual_Clear
8096681820415,4,Casual_Clear
8096731693311,4,Casual_Clear
8096862929151,4,Casual_Clear
8096909394175,4,Casual_Clear
8097250345215,4,Casual_Clear
8097262534911,4,Casual_Clear
8097477132543,4,Casual_Clear
8098376089855,4,Casual_Clear
8098546254079,4,Casual_Clear
8098552250623,5,Casual_Accessories
8098559328511,4,Casual_Clear
8099252928767,4,Casual_Clear
8099338027263,4,Casual_Clear
8099512942847,4,Casual_Clear
8099585458431,4,Casual_Clear
8099604300031,4,Casual_Clear
8099616981247,4,Casual_Clear
8099785801983,4,Casual_Clear
8101182767359,5,Casual_Accessories
8101292966143,4,Casual_Clear
8101295620351,4,Casual_Clear
8101696995583,4,Casual_Clear
8101924536575,4,Casual_Clear
8102148604159,4,Casual_Clear
8103684276479,4,Casual_Clear
8105977348351,4,Casual_Clear
8106201874687,4,Casual_Clear
8106290151679,4,Casual_Clear
8106575036671,4,Casual_Clear
8106785079551,4,Casual_Clear
8107064525055,4,Casual_Clear
8108000968959,4,Casual_Clear
8108609241343,4,Casual_Clear
8108840026367,4,Casual_Clear
8108885016831,4,Casual_Clear
8108890456319,4,Casual_Clear
8108928467199,4,Casual_Clear
8108930564351,4,Casual_Clear
8109213352191,4,Casual_Clear
8109830078719,4,Casual_Clear
8109927891199,4,Casual_Clear
8109930512639,4,Casual_Clear
8109982777599,4,Casual_Clear
8110293385471,4,Casual_Clear
8110306787583,4,Casual_Clear
8110426095871,4,Casual_Clear
8111245000959,4,Casual_Clear
8111457501439,4,Casual_Clear
8111530934527,4,Casual_Clear
8111806447871,4,Casual_Clear
8113545249023,4,Casual_Clear
8114087887103,4,Casual_Clear
8114101715199,4,Casual_Clear
8115042943231,4,Casual_Clear
8115150946559,4,Casual_Clear
8115199738111,4,Casual_Clear
8115521323263,4,Casual_Clear
8115816890623,4,Casual_Clear
8116779909375,4,Casual_Clear
8117297119487,4,Casual_Clear
8117513683199,4,Casual_Clear
8117549793535,4,Casual_Clear
8117830811903,4,Casual_Clear
8118123331839,4,Casual_Clear
8118606430463,4,Casual_Clear
8119165911295,4,Casual_Clear
8119961092351,4,Casual_Clear
8120263606527,4,Casual_Clear
8120812536063,4,Casual_Clear
8121945030911,4,Casual_Clear
8123205091583,4,Casual_Clear
8123952955647,4,Casual_Clear
8124393455871,4,Casual_Clear
8124723888383,4,Casual_Clear
8125631594751,4,Casual_Clear
8125883908351,4,Casual_Clear
8127814893823,4,Casual_Clear
8130705981695,4,Casual_Clear
8131162177791,4,Casual_Clear
8133545754879,4,Casual_Clear
8133835391231,4,Casual_Clear
8133951881471,4,Casual_Clear
8134042910975,4,Casual_Clear
8134168314111,4,Casual_Clear
8134241386751,3,Premium_Other
8136190361855,4,Casual_Clear
8136331428095,4,Casual_Clear
8139501338879,4,Casual_Clear
8140247105791,4,Casual_Clear
8140492046591,4,Casual_Clear
8140701565183,4,Casual_Clear
8142910947583,4,Casual_Clear
8143262155007,4,Casual_Clear
8143274115327,4,Casual_Clear
8144255942911,2,Frequent_Soy
8144576479487,4,Casual_Clear
8144634249471,5,Casual_Accessories
8144777707775,4,Casual_Clear
8146098356479,4,Casual_Clear
8147352027391,4,Casual_Clear
8147523043583,5,Casual_Accessories
8147962560767,4,Casual_Clear
8148081869055,5,Casual_Accessories
8148206747903,4,Casual_Clear
8149397504255,4,Casual_Clear
8149517795583,4,Casual_Clear
8149547942143,4,Casual_Clear
8149869854975,4,Casual_Clear
8150025306367,4,Casual_Clear
8150100574463,4,Casual_Clear
8151131488511,4,Casual_Clear
8151262363903,4,Casual_Clear
8151474929919,5,Casual_Accessories
8151503044863,4,Casual_Clear
8151997710591,4,Casual_Clear
8154965737727,4,Casual_Clear
8156006482175,4,Casual_Clear
8158136729855,4,Casual_Clear
8160775373055,4,Casual_Clear
8160918765823,4,Casual_Clear
8161186349311,4,Casual_Clear
8161189069055,4,Casual_Clear
8161485390079,4,Casual_Clear
8162392932607,3,Premium_Other
8162851520767,4,Casual_Clear
8163537879295,3,Premium_Other
8163541680383,5,Casual_Accessories
8164599759103,4,Casual_Clear
8164713496831,4,Casual_Clear
8164768678143,5,Casual_Accessories
8164858659071,4,Casual_Clear
8164897816831,4,Casual_Clear
8164918395135,4,Casual_Clear
8164993827071,4,Casual_Clear
8165022564607,4,Casual_Clear
8165107958015,4,Casual_Clear
8165462081791,4,Casual_Clear
8165778358527,4,Casual_Clear
8166562496767,4,Casual_Clear
8166566101247,4,Casual_Clear
8166650413311,4,Casual_Clear
8166657687807,4,Casual_Clear
8166758482175,4,Casual_Clear
8166847676671,4,Casual_Clear
8166873858303,4,Casual_Clear
8166902923519,4,Casual_Clear
8166904529151,3,Premium_Other
8166912459007,4,Casual_Clear
8166915997951,4,Casual_Clear
8166966722815,4,Casual_Clear
8166978748671,4,Casual_Clear
8167011713279,4,Casual_Clear
8167174832383,4,Casual_Clear
8168451309823,4,Casual_Clear
8168881619199,4,Casual_Clear
8168890663167,4,Casual_Clear
8169068724479,4,Casual_Clear
8169265856767,4,Casual_Clear
8169379856639,4,Casual_Clear
8169437790463,4,Casual_Clear
8170304831743,4,Casual_Clear
8170748444927,4,Casual_Clear
8170778689791,4,Casual_Clear
8170944856319,4,Casual_Clear
8171195957503,4,Casual_Clear
8171262771455,4,Casual_Clear
8171472552191,4,Casual_Clear
8171490345215,4,Casual_Clear
8175536832767,4,Casual_Clear
8175537717503,4,Casual_Clear
8175628845311,4,Casual_Clear
8175629893887,5,Casual_Accessories
8182055305471,4,Casual_Clear
8201852879103,4,Casual_Clear
8211027558655,4,Casual_Clear
8211697926399,4,Casual_Clear
8226067218687,4,Casual_Clear
8226068988159,4,Casual_Clear
8226071707903,4,Casual_Clear
8226072887551,4,Casual_Clear
8226074820863,4,Casual_Clear
8226075803903,5,Casual_Accessories
8226077245695,4,Casual_Clear
8226081210623,4,Casual_Clear
8231259963647,4,Casual_Clear
8231864926463,4,Casual_Clear
8233176006911,3,Premium_Other
8234169762047,4,Casual_Clear
8234418274559,3,Premium_Other
8234476634367,5,Casual_Accessories
8234630742271,4,Casual_Clear
8235052826879,5,Casual_Accessories
8236354601215,4,Casual_Clear
8236594004223,4,Casual_Clear
8237699858687,4,Casual_Clear
8239061270783,4,Casual_Clear
8239210463487,4,Casual_Clear
8239569142015,4,Casual_Clear
8239725478143,4,Casual_Clear
8240841982207,4,Casual_Clear
8241018011903,4,Casual_Clear
8241099636991,4,Casual_Clear
8241444520191,4,Casual_Clear
8242419433727,4,Casual_Clear
8242647171327,4,Casual_Clear
8242684559615,5,Casual_Accessories
8242732761343,4,Casual_Clear
8243172376831,4,Casual_Clear
8244140081407,4,Casual_Clear
8244228129023,4,Casual_Clear
8244287111423,4,Casual_Clear
8244467269887,4,Casual_Clear
8244467302655,4,Casual_Clear
8244467532031,4,Casual_Clear
8244468383999,4,Casual_Clear
8244481065215,5,Casual_Accessories
8244487782655,4,Casual_Clear
8244687765759,4,Casual_Clear
8244695531775,4,Casual_Clear
8244807008511,4,Casual_Clear
8245528232191,4,Casual_Clear
8245906768127,4,Casual_Clear
8245924004095,4,Casual_Clear
8246269673727,4,Casual_Clear
8246421651711,4,Casual_Clear
8246777282815,4,Casual_Clear
8246793732351,4,Casual_Clear
8247671292159,4,Casual_Clear
8247810031871,4,Casual_Clear
8247928389887,5,Casual_Accessories
8247973347583,4,Casual_Clear
8248092655871,4,Casual_Clear
8249131860223,4,Casual_Clear
8249196839167,4,Casual_Clear
8249601130751,5,Casual_Accessories
8249665028351,4,Casual_Clear
8249708642559,4,Casual_Clear
8249718702335,4,Casual_Clear
8250130202879,4,Casual_Clear
8251162099967,4,Casual_Clear
8251368603903,4,Casual_Clear
8251513569535,4,Casual_Clear
8251518222591,4,Casual_Clear
8251529855231,4,Casual_Clear
8251601027327,5,Casual_Accessories
8252778774783,4,Casual_Clear
8252828811519,4,Casual_Clear
8253776953599,4,Casual_Clear
8253839147263,4,Casual_Clear
8254218666239,4,Casual_Clear
8254868586751,4,Casual_Clear
8255421350143,4,Casual_Clear
8255558091007,4,Casual_Clear
8258907996415,4,Casual_Clear
8259196453119,4,Casual_Clear
8259199205631,4,Casual_Clear
8260049305855,4,Casual_Clear
8260054483199,4,Casual_Clear
8260457005311,4,Casual_Clear
8260871454975,4,Casual_Clear
8261334434047,4,Casual_Clear
8263332397311,4,Casual_Clear
8263425392895,4,Casual_Clear
8263488635135,4,Casual_Clear
8263798915327,4,Casual_Clear
8263812120831,4,Casual_Clear
8263964360959,4,Casual_Clear
8263965409535,4,Casual_Clear
8263988674815,4,Casual_Clear
8264846573823,5,Casual_Accessories
8270038335743,5,Casual_Accessories
8273287708927,5,Casual_Accessories
8273489494271,4,Casual_Clear
8273637835007,4,Casual_Clear
8273741578495,4,Casual_Clear
8274112545023,4,Casual_Clear
8274425446655,4,Casual_Clear
8275327189247,5,Casual_Accessories
8275451150591,4,Casual_Clear
8275588153599,4,Casual_Clear
8275771687167,4,Casual_Clear
8276623556863,4,Casual_Clear
8276771406079,4,Casual_Clear
8276952056063,4,Casual_Clear
8277078343935,4,Casual_Clear
8279665180927,4,Casual_Clear
8279784784127,4,Casual_Clear
8279962517759,4,Casual_Clear
8280100733183,4,Casual_Clear
8283591377151,4,Casual_Clear
8283690893567,4,Casual_Clear
8283892121855,4,Casual_Clear
8284237594879,4,Casual_Clear
8284492071167,4,Casual_Clear
8285542351103,4,Casual_Clear
8285699997951,4,Casual_Clear
8286033117439,3,Premium_Other
8286039703807,4,Casual_Clear
8286057464063,4,Casual_Clear
8286290379007,4,Casual_Clear
8286293852415,4,Casual_Clear
8287226429695,4,Casual_Clear
8287233278207,4,Casual_Clear
8287246614783,4,Casual_Clear
8288888717567,4,Casual_Clear
8288895009023,4,Casual_Clear
8289029488895,4,Casual_Clear
8289088340223,4,Casual_Clear
8289248674047,4,Casual_Clear
8289397440767,4,Casual_Clear
8290383069439,4,Casual_Clear
8290481930495,4,Casual_Clear
8290909290751,5,Casual_Accessories
8291080372479,4,Casual_Clear
8291132899583,4,Casual_Clear
8291463627007,4,Casual_Clear
8291685826815,4,Casual_Clear
8292704780543,4,Casual_Clear
8293135089919,4,Casual_Clear
8293395071231,4,Casual_Clear
8293684510975,4,Casual_Clear
8294475825407,5,Casual_Accessories
8294948045055,4,Casual_Clear
8295903920383,4,Casual_Clear
8296332198143,4,Casual_Clear
8296424341759,4,Casual_Clear
8297493004543,4,Casual_Clear
8297726083327,4,Casual_Clear
8298738483455,4,Casual_Clear
8298977493247,4,Casual_Clear
8298998956287,4,Casual_Clear
8299058594047,4,Casual_Clear
8299066654975,5,Casual_Accessories
8299593564415,4,Casual_Clear
8300149407999,4,Casual_Clear
8300895535359,4,Casual_Clear
8301754482943,4,Casual_Clear
8303046361343,4,Casual_Clear
8303876473087,5,Casual_Accessories
8303912091903,4,Casual_Clear
8304142582015,4,Casual_Clear
8304218046719,4,Casual_Clear
8304445751551,4,Casual_Clear
8304454074623,4,Casual_Clear
8304456368383,4,Casual_Clear
8304532979967,4,Casual_Clear
8305762664703,5,Casual_Accessories
8305913921791,5,Casual_Accessories
8306167054591,4,Casual_Clear
8306218533119,5,Casual_Accessories
8306264637695,3,Premium_Other
8306859081983,4,Casual_Clear
8307071779071,4,Casual_Clear
8308721484031,4,Casual_Clear
8308809007359,4,Casual_Clear
8309050933503,4,Casual_Clear
8309109752063,4,Casual_Clear
8310005006591,5,Casual_Accessories
8310327673087,4,Casual_Clear
8310327738623,5,Casual_Accessories
8310376792319,4,Casual_Clear
8310473425151,5,Casual_Accessories
8310615638271,4,Casual_Clear
8310636970239,5,Casual_Accessories
8310799532287,4,Casual_Clear
8311560995071,4,Casual_Clear
8311984554239,4,Casual_Clear
8312130797823,4,Casual_Clear
8312187060479,4,Casual_Clear
8312191123711,5,Casual_Accessories
8312444027135,5,Casual_Accessories
8312613896447,4,Casual_Clear
8312653938943,4,Casual_Clear
8312709251327,4,Casual_Clear
8312861491455,4,Casual_Clear
8314033406207,4,Casual_Clear
8314650263807,4,Casual_Clear
8315540439295,5,Casual_Accessories
8316323397887,4,Casual_Clear
8316975972607,4,Casual_Clear
8318056333567,4,Casual_Clear
8324492656895,5,Casual_Accessories
8325399904511,4,Casual_Clear
8325623087359,5,Casual_Accessories
8325712871679,4,Casual_Clear
8325816582399,5,Casual_Accessories
8326961922303,4,Casual_Clear
8327074316543,4,Casual_Clear
8327398490367,4,Casual_Clear
8327479558399,4,Casual_Clear
8327681605887,5,Casual_Accessories
8327709753599,5,Casual_Accessories
8327758708991,4,Casual_Clear
8329028370687,5,Casual_Accessories
8329035481343,4,Casual_Clear
8329594667263,5,Casual_Accessories
8329648210175,5,Casual_Accessories
8329706176767,4,Casual_Clear
8330979180799,4,Casual_Clear
8332113117439,5,Casual_Accessories
8333338870015,4,Casual_Clear
8333341917439,4,Casual_Clear
8333431931135,4,Casual_Clear
8334140932351,5,Casual_Accessories
8335039529215,5,Casual_Accessories
8335092252927,4,Casual_Clear
8335227355391,4,Casual_Clear
8335390179583,5,Casual_Accessories
8335408660735,4,Casual_Clear
8335596716287,4,Casual_Clear
8336949149951,4,Casual_Clear
8337021468927,4,Casual_Clear
8337105322239,5,Casual_Accessories
8337704026367,5,Casual_Accessories
8337740628223,4,Casual_Clear
8337828905215,5,Casual_Accessories
8337863606527,4,Casual_Clear
8337895751935,5,Casual_Accessories
8337910989055,4,Casual_Clear
8337920524543,4,Casual_Clear
8337971413247,4,Casual_Clear
8338200854783,5,Casual_Accessories
8338447925503,4,Casual_Clear
8338561401087,5,Casual_Accessories
8339344425215,5,Casual_Accessories
8339521929471,5,Casual_Accessories
8339720569087,4,Casual_Clear
8339756974335,5,Casual_Accessories
8339765526783,4,Casual_Clear
8339814678783,4,Casual_Clear
8340030521599,4,Casual_Clear
8340290339071,4,Casual_Clear
8341024964863,5,Casual_Accessories
8341118517503,4,Casual_Clear
8341148041471,4,Casual_Clear
8341214560511,4,Casual_Clear
8341243035903,5,Casual_Accessories
8341396881663,5,Casual_Accessories
8342710878463,4,Casual_Clear
8343051698431,5,Casual_Accessories
8343062544639,4,Casual_Clear
8343144956159,3,Premium_Other
8343381836031,4,Casual_Clear
8343408869631,5,Casual_Accessories
8343572152575,4,Casual_Clear
8343827972351,4,Casual_Clear
8344473633023,5,Casual_Accessories
8344497946879,4,Casual_Clear
8344990417151,4,Casual_Clear
8345035243775,5,Casual_Accessories
8345056280831,4,Casual_Clear
8345098289407,4,Casual_Clear
8346039877887,4,Casual_Clear
8347407614207,4,Casual_Clear
8347459059967,4,Casual_Clear
8347824554239,4,Casual_Clear
8347971485951,4,Casual_Clear
8348116812031,5,Casual_Accessories
8349264281855,5,Casual_Accessories
8349303865599,5,Casual_Accessories
8349350920447,4,Casual_Clear
8349936746751,4,Casual_Clear
8350682448127,3,Premium_Other
8350713184511,4,Casual_Clear
8350728290559,5,Casual_Accessories
8350754898175,4,Casual_Clear
8350898585855,4,Casual_Clear
8350900257023,4,Casual_Clear
8350990729471,4,Casual_Clear
8351278334207,4,Casual_Clear
8351296422143,4,Casual_Clear
8352655606015,4,Casual_Clear
8352688177407,4,Casual_Clear
8353015988479,4,Casual_Clear
8353020543231,4,Casual_Clear
8353293893887,4,Casual_Clear
8353731182847,5,Casual_Accessories
8353921532159,4,Casual_Clear
8354197012735,4,Casual_Clear
8358432014591,4,Casual_Clear
8358775849215,4,Casual_Clear
8358854361343,4,Casual_Clear
8360854388991,4,Casual_Clear
8361276866815,4,Casual_Clear
8361322807551,4,Casual_Clear
8361846472959,5,Casual_Accessories
8362599383295,4,Casual_Clear
8362782654719,4,Casual_Clear
8362934567167,4,Casual_Clear
8364274221311,4,Casual_Clear
8364298830079,5,Casual_Accessories
8364385337599,5,Casual_Accessories
8364461097215,4,Casual_Clear
8364503302399,4,Casual_Clear
8364507791615,4,Casual_Clear
8366920139007,5,Casual_Accessories
8366984167679,5,Casual_Accessories
8367143485695,4,Casual_Clear
8367200993535,4,Casual_Clear
8367587492095,4,Casual_Clear
8367820144895,4,Casual_Clear
8367943876863,4,Casual_Clear
8368009117951,4,Casual_Clear
8368011804927,4,Casual_Clear
8368214343935,4,Casual_Clear
8369445601535,5,Casual_Accessories
8369796350207,4,Casual_Clear
8369895768319,4,Casual_Clear
8369912414463,4,Casual_Clear
8370024710399,4,Casual_Clear
8370214273279,5,Casual_Accessories
8371222905087,5,Casual_Accessories
8371382780159,4,Casual_Clear
8371435536639,4,Casual_Clear
8371571982591,4,Casual_Clear
8373295153407,4,Casual_Clear
8373600026879,4,Casual_Clear
8373738406143,4,Casual_Clear
8373783462143,4,Casual_Clear
8383897141503,5,Casual_Accessories
8384362742015,4,Casual_Clear
8384374505727,4,Casual_Clear
8393190441215,5,Casual_Accessories
8393520251135,4,Casual_Clear
8394029629695,4,Casual_Clear
8394724212991,5,Casual_Accessories
8395236245759,4,Casual_Clear
8395334975743,4,Casual_Clear
8396561285375,5,Casual_Accessories
8401176232191,4,Casual_Clear
8403609026815,3,Premium_Other
8404134985983,4,Casual_Clear
8404537704703,4,Casual_Clear
8407616291071,4,Casual_Clear
8415703793919,4,Casual_Clear
8415875498239,4,Casual_Clear
8415875727615,4,Casual_Clear
8415890473215,4,Casual_Clear
8415963611391,4,Casual_Clear
8416067551487,4,Casual_Clear
8416204783871,4,Casual_Clear
8416333791487,4,Casual_Clear
8422907248895,4,Casual_Clear
8422907674879,4,Casual_Clear
8426853662975,4,Casual_Clear
8427014684927,4,Casual_Clear
8427271291135,4,Casual_Clear
8427522457855,5,Casual_Accessories
8435432358143,4,Casual_Clear
8435695354111,4,Casual_Clear
8436001407231,4,Casual_Clear
8436807762175,4,Casual_Clear
8437151236351,4,Casual_Clear
8437239283967,4,Casual_Clear
8438000550143,4,Casual_Clear
8438075523327,4,Casual_Clear
8438237298943,4,Casual_Clear
8438245097727,5,Casual_Accessories
8438249554175,4,Casual_Clear
8438298673407,3,Premium_Other
8438487843071,4,Casual_Clear
8439345479935,4,Casual_Clear
8439901749503,4,Casual_Clear
8445704863999,4,Casual_Clear
8445726687487,4,Casual_Clear
8445907501311,4,Casual_Clear
8446000103679,4,Casual_Clear
8446136254719,4,Casual_Clear
8452477878527,4,Casual_Clear
8452494754047,4,Casual_Clear
8459023909119,4,Casual_Clear
8463938388223,3,Premium_Other
8464926867711,4,Casual_Clear
8465112105215,4,Casual_Clear
8474561478911,4,Casual_Clear
8474565968127,4,Casual_Clear
8474571571455,4,Casual_Clear
8474580877567,4,Casual_Clear
8474627080447,4,Casual_Clear
8474628718847,4,Casual_Clear
8474630390015,4,Casual_Clear
8474687602943,3,Premium_Other
8474707689727,4,Casual_Clear
8474714669311,4,Casual_Clear
8474967245055,4,Casual_Clear
8475329659135,4,Casual_Clear
8476172157183,4,Casual_Clear
8476216754431,4,Casual_Clear
8476304867583,4,Casual_Clear
8476522742015,4,Casual_Clear
8476754673919,3,Premium_Other
8477606019327,4,Casual_Clear
8477642031359,4,Casual_Clear
8477676601599,4,Casual_Clear
8477979836671,4,Casual_Clear
8478279467263,4,Casual_Clear
8478316331263,4,Casual_Clear
8478323441919,4,Casual_Clear
8478334320895,4,Casual_Clear
8478338089215,4,Casual_Clear
8479441551615,4,Casual_Clear
8479778144511,4,Casual_Clear
8480155238655,4,Casual_Clear
8480311738623,4,Casual_Clear
8482740830463,4,Casual_Clear
8483167600895,4,Casual_Clear
8483187949823,4,Casual_Clear
8483189162239,4,Casual_Clear
8483228352767,4,Casual_Clear
8483266560255,4,Casual_Clear
8483268362495,4,Casual_Clear
8483479322879,4,Casual_Clear
8483491119359,4,Casual_Clear
8484438245631,4,Casual_Clear
8484593008895,4,Casual_Clear
8484645535999,4,Casual_Clear
8484907942143,4,Casual_Clear
8486535069951,4,Casual_Clear
8486671810815,4,Casual_Clear
8488207614207,4,Casual_Clear
8488211513599,4,Casual_Clear
8488214135039,4,Casual_Clear
8488216822015,4,Casual_Clear
8488219017471,4,Casual_Clear
8488239988991,4,Casual_Clear
8488282390783,4,Casual_Clear
8488356380927,4,Casual_Clear
8488361033983,4,Casual_Clear
8488362180863,4,Casual_Clear
8488364703999,4,Casual_Clear
8488391901439,4,Casual_Clear
8488432992511,4,Casual_Clear
8488870707455,4,Casual_Clear
8530377933055,4,Casual_Clear
8566894854399,4,Casual_Clear
8566936469759,4,Casual_Clear
8572002271487,4,Casual_Clear
8585713811711,4,Casual_Clear
8585926672639,4,Casual_Clear
8588209455359,4,Casual_Clear
8590782955775,4,Casual_Clear
8591215427839,4,Casual_Clear
8593133437183,4,Casual_Clear
8593221681407,4,Casual_Clear
8595374997759,4,Casual_Clear
8595943260415,4,Casual_Clear
8596374290687,4,Casual_Clear
8596648853759,2,Frequent_Soy
8598015181055,4,Casual_Clear
8602896433407,3,Premium_Other
8603014627583,4,Casual_Clear
8607681282303,4,Casual_Clear
8607713788159,4,Casual_Clear
8608022495487,4,Casual_Clear
8608190365951,4,Casual_Clear
8608561889535,4,Casual_Clear
8608936100095,4,Casual_Clear
8612424483071,4,Casual_Clear
8612801708287,4,Casual_Clear
8618087284991,4,Casual_Clear
8621587202303,4,Casual_Clear
8621737640191,4,Casual_Clear
8621981827327,4,Casual_Clear
8623599485183,4,Casual_Clear
8629353545983,4,Casual_Clear
8629594521855,4,Casual_Clear
8629778284799,4,Casual_Clear
8629921972479,4,Casual_Clear
8630208233727,4,Casual_Clear
8631633379583,4,Casual_Clear
8633033228543,4,Casual_Clear
8633602900223,4,Casual_Clear
8633635832063,4,Casual_Clear
8633815073023,4,Casual_Clear
8633915900159,4,Casual_Clear
8635114750207,4,Casual_Clear
8635191984383,4,Casual_Clear
8637321609471,4,Casual_Clear
8637500195071,4,Casual_Clear
8637598171391,4,Casual_Clear
8639310823679,5,Casual_Accessories
8639497470207,4,Casual_Clear
8644783702271,4,Casual_Clear
8649011167487,4,Casual_Clear
8649217278207,4,Casual_Clear
8652378013951,4,Casual_Clear
8652474581247,4,Casual_Clear
8652478349567,4,Casual_Clear
8652582355199,4,Casual_Clear
8653085704447,4,Casual_Clear
8653165756671,4,Casual_Clear
8653191905535,4,Casual_Clear
8653246890239,3,Premium_Other
8657032413439,4,Casual_Clear
8657067901183,4,Casual_Clear
8657403445503,4,Casual_Clear
8657433362687,4,Casual_Clear
8657495490815,4,Casual_Clear
8657572921599,4,Casual_Clear
8657761501439,4,Casual_Clear
8659195429119,4,Casual_Clear
8663410245887,4,Casual_Clear
8665323438335,4,Casual_Clear
8665932595455,4,Casual_Clear
8667708227839,4,Casual_Clear
8667748958463,4,Casual_Clear
8667816952063,4,Casual_Clear
8667886878975,4,Casual_Clear
8669942120703,4,Casual_Clear
8670310531327,4,Casual_Clear
8672541606143,4,Casual_Clear
8675023978751,4,Casual_Clear
8676491591935,4,Casual_Clear
8676518789375,4,Casual_Clear
8676694294783,2,Frequent_Soy
8677680251135,4,Casual_Clear
8679067418879,4,Casual_Clear
8679114932479,4,Casual_Clear
8679713308927,4,Casual_Clear
8681786704127,4,Casual_Clear
8681942548735,4,Casual_Clear
8683348623615,4,Casual_Clear
8683550081279,4,Casual_Clear
8683962335487,4,Casual_Clear
8686846345471,4,Casual_Clear
8687142535423,4,Casual_Clear
8690224333055,4,Casual_Clear
8691058213119,4,Casual_Clear
8692036763903,4,Casual_Clear
8693529247999,4,Casual_Clear
8694256533759,4,Casual_Clear
8696541905151,4,Casual_Clear
8696770265343,4,Casual_Clear
8697064423679,4,Casual_Clear
8697188122879,4,Casual_Clear
8697246744831,4,Casual_Clear
8698453983487,4,Casual_Clear
8698913390847,5,Casual_Accessories
8699386724607,4,Casual_Clear
8699412250879,3,Premium_Other
8699614593279,4,Casual_Clear
8700295446783,4,Casual_Clear
8700572008703,4,Casual_Clear
8701271113983,4,Casual_Clear
8701446029567,4,Casual_Clear
8702306648319,4,Casual_Clear
8702512464127,4,Casual_Clear
8702625251583,4,Casual_Clear
8702702944511,4,Casual_Clear
8702918426879,4,Casual_Clear
8704297763071,4,Casual_Clear
8704501580031,4,Casual_Clear
8705137574143,4,Casual_Clear
8705236009215,4,Casual_Clear
8706965569791,4,Casual_Clear
8708128473343,4,Casual_Clear
8708556095743,4,Casual_Clear
8708667474175,4,Casual_Clear
8708959928575,4,Casual_Clear
8709102731519,4,Casual_Clear
8710500319487,4,Casual_Clear
8710576505087,4,Casual_Clear
8710849069311,4,Casual_Clear
8711864516863,4,Casual_Clear
8712013512959,4,Casual_Clear
8712121778431,4,Casual_Clear
8712179876095,4,Casual_Clear
8712295612671,4,Casual_Clear
8712473673983,4,Casual_Clear
8712570437887,4,Casual_Clear
8712621621503,4,Casual_Clear
8712672116991,4,Casual_Clear
8712766128383,4,Casual_Clear
8712923447551,4,Casual_Clear
8712990687487,4,Casual_Clear
8713261121791,4,Casual_Clear
8713364570367,4,Casual_Clear
8713464840447,4,Casual_Clear
8713560162559,4,Casual_Clear
8713832366335,4,Casual_Clear
8713866346751,4,Casual_Clear
8714014359807,4,Casual_Clear
8714151526655,4,Casual_Clear
8714446045439,4,Casual_Clear
8714730012927,4,Casual_Clear
8714975674623,5,Casual_Accessories
8715066867967,4,Casual_Clear
8716097192191,4,Casual_Clear
8716200411391,4,Casual_Clear
8716791546111,4,Casual_Clear
8717072433407,4,Casual_Clear
8717736640767,4,Casual_Clear
8717923418367,4,Casual_Clear
8717997375743,4,Casual_Clear
8718015594751,4,Casual_Clear
8718118256895,4,Casual_Clear
8718133362943,4,Casual_Clear
8718409695487,4,Casual_Clear
8718628159743,4,Casual_Clear
8718699757823,5,Casual_Accessories
8719516795135,5,Casual_Accessories
8719946580223,4,Casual_Clear
8720535388415,4,Casual_Clear
8721444208895,4,Casual_Clear
8721480614143,4,Casual_Clear
8721809441023,4,Casual_Clear
8721866129663,5,Casual_Accessories
8721983963391,4,Casual_Clear
8722076762367,4,Casual_Clear
8722679988479,4,Casual_Clear
8723271581951,4,Casual_Clear
8723761168639,4,Casual_Clear
8725525266687,4,Casual_Clear
8725894365439,4,Casual_Clear
8726668050687,4,Casual_Clear
8728687378687,4,Casual_Clear
8728781127935,4,Casual_Clear
8730810679551,4,Casual_Clear
8730866352383,4,Casual_Clear
8731388903679,4,Casual_Clear
8731505590527,4,Casual_Clear
8733017506047,4,Casual_Clear
8736424231167,4,Casual_Clear
8737075822847,4,Casual_Clear
8738683289855,4,Casual_Clear
8744074248447,4,Casual_Clear
8748175589631,4,Casual_Clear
8748209570047,4,Casual_Clear
8748461129983,4,Casual_Clear
8749442302207,4,Casual_Clear
8757515223295,4,Casual_Clear
8757996159231,4,Casual_Clear
8758015328511,4,Casual_Clear
8758023454975,3,Premium_Other
8758133653759,3,Premium_Other
8759001809151,5,Casual_Accessories
8761140216063,4,Casual_Clear
8761249235199,5,Casual_Accessories
8761335447807,4,Casual_Clear
8761342951679,4,Casual_Clear
8761361301759,4,Casual_Clear
8761373196543,4,Casual_Clear
8761387385087,4,Casual_Clear
8761417793791,4,Casual_Clear
8761430671615,4,Casual_Clear
8761437946111,4,Casual_Clear
8761459179775,4,Casual_Clear
8761487556863,4,Casual_Clear
8761495748863,4,Casual_Clear
8761534906623,4,Casual_Clear
8761555124479,4,Casual_Clear
8761558171903,4,Casual_Clear
8761574621439,4,Casual_Clear
8761596641535,4,Casual_Clear
8761661260031,4,Casual_Clear
8761679806719,4,Casual_Clear
8761725026559,4,Casual_Clear
8761739477247,4,Casual_Clear
8761752518911,4,Casual_Clear
8761795346687,4,Casual_Clear
8761818906879,4,Casual_Clear
8761884639487,4,Casual_Clear
8762362626303,4,Casual_Clear
8762675659007,4,Casual_Clear
8763046232319,4,Casual_Clear
8763113734399,4,Casual_Clear
8763296612607,4,Casual_Clear
8763339538687,4,Casual_Clear
8763457470719,4,Casual_Clear
8763563245823,4,Casual_Clear
8764004925695,4,Casual_Clear
8764788277503,4,Casual_Clear
8765564977407,4,Casual_Clear
8765608427775,4,Casual_Clear
8765829415167,4,Casual_Clear
8766572364031,4,Casual_Clear
8766992941311,4,Casual_Clear
8767016272127,4,Casual_Clear
8767224807679,4,Casual_Clear
8767300337919,5,Casual_Accessories
8767332450559,4,Casual_Clear
8767346180351,4,Casual_Clear
8768194806015,4,Casual_Clear
8770382364927,4,Casual_Clear
8770482307327,4,Casual_Clear
8770599354623,4,Casual_Clear
8771600711935,4,Casual_Clear
8771832185087,4,Casual_Clear
8772284514559,4,Casual_Clear
8772592926975,4,Casual_Clear
8772908646655,4,Casual_Clear
8776134164735,4,Casual_Clear
8776238039295,4,Casual_Clear
8779021549823,4,Casual_Clear
8779097800959,4,Casual_Clear
8779428036863,4,Casual_Clear
8779666784511,4,Casual_Clear
8780130713855,4,Casual_Clear
8780621709567,4,Casual_Clear
8780897124607,3,Premium_Other
8781075415295,4,Casual_Clear
8781121421567,4,Casual_Clear
8781174669567,4,Casual_Clear
8781274153215,4,Casual_Clear
8781385236735,4,Casual_Clear
8783227945215,5,Casual_Accessories
8784016179455,4,Casual_Clear
8784170647807,4,Casual_Clear
8785318707455,4,Casual_Clear
8785460625663,4,Casual_Clear
8785986322687,4,Casual_Clear
8786180342015,5,Casual_Accessories
8787345572095,4,Casual_Clear
8787607060735,4,Casual_Clear
8789804351743,4,Casual_Clear
8789820375295,4,Casual_Clear
8790289252607,4,Casual_Clear
8790340993279,4,Casual_Clear
8790428057855,4,Casual_Clear
8791594074367,5,Casual_Accessories
8792260149503,4,Casual_Clear
8794067861759,4,Casual_Clear
8794134937855,4,Casual_Clear
8794176553215,4,Casual_Clear
8794184843519,4,Casual_Clear
8794201358591,4,Casual_Clear
8794406584575,4,Casual_Clear
8794462519551,4,Casual_Clear
8794639859967,4,Casual_Clear
8794668663039,4,Casual_Clear
8794676658431,4,Casual_Clear
8794800619775,4,Casual_Clear
8795078983935,4,Casual_Clear
8795253014783,4,Casual_Clear
8795868758271,4,Casual_Clear
8795969782015,4,Casual_Clear
8796055666943,5,Casual_Accessories
8796338585855,4,Casual_Clear
8796435054847,4,Casual_Clear
8796446458111,5,Casual_Accessories
8796526772479,4,Casual_Clear
8796562194687,4,Casual_Clear
8796871360767,4,Casual_Clear
8796973695231,4,Casual_Clear
8796982870271,5,Casual_Accessories
8797495951615,4,Casual_Clear
8798257447167,4,Casual_Clear
8798376165631,4,Casual_Clear
8798465261823,4,Casual_Clear
8798471684351,4,Casual_Clear
8798684545279,4,Casual_Clear
8798809587967,4,Casual_Clear
8798951178495,4,Casual_Clear
8799534481663,4,Casual_Clear
8799600935167,4,Casual_Clear
8799603196159,4,Casual_Clear
8799773950207,4,Casual_Clear
8799977931007,4,Casual_Clear
8800135348479,4,Casual_Clear
8800153993471,4,Casual_Clear
8800267174143,4,Casual_Clear
8800279101695,4,Casual_Clear
8800377176319,4,Casual_Clear
8800401391871,4,Casual_Clear
8800401883391,4,Casual_Clear
8800514015487,4,Casual_Clear
8800596754687,4,Casual_Clear
8800846971135,4,Casual_Clear
8800920436991,4,Casual_Clear
8801983463679,4,Casual_Clear
8802133311743,4,Casual_Clear
8802529640703,4,Casual_Clear
8807018856703,4,Casual_Clear
8807161102591,5,Casual_Accessories
8807533609215,4,Casual_Clear
8808630419711,5,Casual_Accessories
8809370812671,4,Casual_Clear
8809768321279,4,Casual_Clear
8809900736767,4,Casual_Clear
8811190157567,4,Casual_Clear
8811215388927,4,Casual_Clear
8811549393151,4,Casual_Clear
8811665064191,4,Casual_Clear
8811892932863,4,Casual_Clear
8812239978751,5,Casual_Accessories
8812240175359,4,Casual_Clear
8813055639807,4,Casual_Clear
8813182877951,4,Casual_Clear
8813196902655,4,Casual_Clear
8813208535295,4,Casual_Clear
8813602636031,4,Casual_Clear
8814719992063,5,Casual_Accessories
8814978072831,4,Casual_Clear
8815621275903,4,Casual_Clear
8815690514687,4,Casual_Clear
8816193470719,4,Casual_Clear
8817306009855,5,Casual_Accessories
8817388421375,4,Casual_Clear
8819560546559,4,Casual_Clear
8820378665215,4,Casual_Clear
8820452688127,4,Casual_Clear
8820475494655,4,Casual_Clear
8821302821119,4,Casual_Clear
8821455421695,4,Casual_Clear
8821739782399,4,Casual_Clear
8821927051519,4,Casual_Clear
8822041116927,4,Casual_Clear
8822106685695,4,Casual_Clear
8822341075199,4,Casual_Clear
8825355141375,4,Casual_Clear
8827248673023,4,Casual_Clear
8827870347519,4,Casual_Clear
8828205400319,4,Casual_Clear
8828478980351,4,Casual_Clear
8828864200959,4,Casual_Clear
8829393436927,4,Casual_Clear
8830297178367,4,Casual_Clear
8830565548287,4,Casual_Clear
8831281823999,4,Casual_Clear
8832270598399,4,Casual_Clear
8832675840255,4,Casual_Clear
8832823591167,4,Casual_Clear
8833190265087,4,Casual_Clear
8834452357375,4,Casual_Clear
8835264250111,4,Casual_Clear
8835435233535,4,Casual_Clear
8835805577471,4,Casual_Clear
8836836098303,4,Casual_Clear
8837407637759,4,Casual_Clear
8837740986623,4,Casual_Clear
8839752810751,4,Casual_Clear
8839762575615,4,Casual_Clear
8839905706239,4,Casual_Clear
8840257175807,4,Casual_Clear
8841410478335,4,Casual_Clear
8841467396351,4,Casual_Clear
8841478340863,4,Casual_Clear
8841594208511,4,Casual_Clear
8841650897151,4,Casual_Clear
8841657483519,4,Casual_Clear
8841867395327,5,Casual_Accessories
8841991520511,4,Casual_Clear
8842018816255,4,Casual_Clear
8843455529215,4,Casual_Clear
8843522703615,4,Casual_Clear
8843730125055,4,Casual_Clear
8844887752959,4,Casual_Clear
8845556613375,5,Casual_Accessories
8846411104511,4,Casual_Clear
8847684993279,5,Casual_Accessories
8847873147135,4,Casual_Clear
8848180150527,4,Casual_Clear
8848376529151,3,Premium_Other
8848895017215,4,Casual_Clear
8849562370303,4,Casual_Clear
8850290114815,4,Casual_Clear
8853291663615,4,Casual_Clear
8853473394943,4,Casual_Clear
8854317859071,4,Casual_Clear
8854738862335,4,Casual_Clear
8856763826431,4,Casual_Clear
8856898175231,4,Casual_Clear
8857096126719,2,Frequent_Soy
8857318129919,4,Casual_Clear
8857631686911,4,Casual_Clear
8858360283391,4,Casual_Clear
8858569834751,4,Casual_Clear
8861155229951,4,Casual_Clear
8862032593151,4,Casual_Clear
8863438635263,4,Casual_Clear
8865436369151,4,Casual_Clear
8865785348351,5,Casual_Accessories
8867118907647,5,Casual_Accessories
8868033036543,4,Casual_Clear
8868197859583,4,Casual_Clear
8868214866175,4,Casual_Clear
8868306649343,4,Casual_Clear
8868617486591,4,Casual_Clear
8869025480959,4,Casual_Clear
8869115035903,4,Casual_Clear
8869226938623,4,Casual_Clear
8870516621567,4,Casual_Clear
8870517539071,4,Casual_Clear
8870801408255,4,Casual_Clear
8874820043007,4,Casual_Clear
8874836590847,4,Casual_Clear
8875121836287,4,Casual_Clear
8875227775231,4,Casual_Clear
8875263361279,4,Casual_Clear
8875277025535,4,Casual_Clear
8875288789247,4,Casual_Clear
8875316052223,4,Casual_Clear
8875323588863,4,Casual_Clear
8875701960959,4,Casual_Clear
8877755302143,4,Casual_Clear
8877871202559,4,Casual_Clear
8878118961407,4,Casual_Clear
8878172831999,4,Casual_Clear
8878778581247,4,Casual_Clear
8879036399871,4,Casual_Clear
8879046230271,4,Casual_Clear
8880554836223,4,Casual_Clear
8880793944319,4,Casual_Clear
8880816423167,4,Casual_Clear
8881050845439,5,Casual_Accessories
8882059575551,4,Casual_Clear
8885362819327,4,Casual_Clear
8890334576895,4,Casual_Clear
8890628243711,5,Casual_Accessories
8890803716351,4,Casual_Clear
8891012612351,4,Casual_Clear
8891095023871,4,Casual_Clear
8891214725375,4,Casual_Clear
8894605689087,4,Casual_Clear
8894655037695,4,Casual_Clear
8894920818943,4,Casual_Clear
8895137054975,4,Casual_Clear
8895680217343,4,Casual_Clear
8895815352575,4,Casual_Clear
8896736788735,4,Casual_Clear
8898839871743,4,Casual_Clear
8898942533887,4,Casual_Clear
8898951086335,4,Casual_Clear
8899202810111,4,Casual_Clear
8899212771583,4,Casual_Clear
8899332014335,4,Casual_Clear
8899465314559,4,Casual_Clear
8899516563711,4,Casual_Clear
8899717791999,4,Casual_Clear
8901867831551,4,Casual_Clear
8902215663871,4,Casual_Clear
8902232310015,4,Casual_Clear
8902266945791,4,Casual_Clear
8902711247103,4,Casual_Clear
8902720225535,4,Casual_Clear
8903976583423,4,Casual_Clear
8904301314303,4,Casual_Clear
8904390836479,4,Casual_Clear
8904403845375,4,Casual_Clear
8904588067071,4,Casual_Clear
8904738275583,4,Casual_Clear
8904983281919,4,Casual_Clear
8905018802431,4,Casual_Clear
8905962848511,4,Casual_Clear
8906074259711,4,Casual_Clear
8906250879231,4,Casual_Clear
