customer_id,profit_decile_proxy,profit_decile_true,same_decile
6327387259135,D1,D1,True
6327390765311,D1,D1,True
6327391977727,D2,D2,True
6327396303103,D3,D5,False
6327398400255,D3,D5,False
6327399678207,D4,D3,False
6327399940351,D1,D1,True
6327401644287,D9,D9,True
6327401709823,D1,D1,True
6327404921087,D1,D2,False
6327406264575,D9,D8,False
6327406952703,D4,D6,False
6327501881599,D1,D1,True
6327503552767,D3,D3,True
6327504011519,D6,D5,False
6327505322239,D2,D2,True
6327505355007,D8,D6,False
6327507452159,D5,D7,False
6327509713151,D3,D6,False
6327510335743,D4,D6,False
6327515152639,D3,D3,True
6327515873535,D2,D3,False
6327516889343,D4,D4,True
6327517053183,D5,D6,False
6327517413631,D7,D8,False
6327519084799,D5,D5,True
6327521149183,D10,D10,True
6327522230527,D1,D1,True
6327522361599,D1,D1,True
6327523148031,D1,D1,True
6327524557055,D7,D8,False
6327524688127,D4,D7,False
6327530193151,D7,D7,True
6327531176191,D1,D1,True
6327547461887,D10,D10,True
6327551426815,D10,D10,True
6327552540927,D2,D4,False
6327553655039,D7,D8,False
6327555457279,D3,D3,True
6327556669695,D9,D9,True
6327556735231,D9,D9,True
6327557423359,D6,D5,False
6327561027839,D2,D3,False
6327562043647,D10,D10,True
6327566205183,D5,D7,False
6327607001343,D8,D8,True
6327607623935,D1,D1,True
6327607853311,D9,D9,True
6327607918847,D1,D1,True
6327612276991,D4,D7,False
6327614406911,D9,D9,True
6327614800127,D2,D3,False
6327616831743,D1,D2,False
6327622566143,D1,D2,False
6327623418111,D9,D9,True
6327623549183,D9,D10,False
6327624859903,D7,D8,False
6327625089279,D6,D8,False
6327627022591,D8,D8,True
6327627383039,D2,D2,True
6327628464383,D3,D4,False
6327629250815,D4,D3,False
6327629381887,D9,D9,True
6327633477887,D9,D8,False
6327633510655,D2,D2,True
6327633543423,D4,D5,False
6327635149055,D10,D10,True
6327635181823,D2,D4,False
6327638130943,D10,D10,True
6327638491391,D8,D9,False
6327639015679,D6,D8,False
6327639572735,D1,D1,True
6327641178367,D9,D9,True
6327653662975,D4,D7,False
6327653794047,D8,D8,True
6327653826815,D9,D9,True
6327655137535,D4,D6,False
6327655301375,D5,D5,True
6327655891199,D2,D2,True
6327659954431,D8,D9,False
6327661527295,D10,D10,True
6327662870783,D10,D10,True
6327663034623,D1,D1,True
6327666114815,D9,D10,False
6327673618687,D2,D3,False
6327675945215,D1,D3,False
6327678501119,D5,D10,False
6327679418623,D1,D1,True
6327680434431,D5,D7,False
6327681515775,D5,D7,False
6327682236671,D1,D1,True
6327689543935,D2,D3,False
6327689576703,D1,D1,True
6327691772159,D1,D1,True
6327692722431,D4,D6,False
6327693345023,D7,D8,False
6327694459135,D8,D8,True
6327696097535,D2,D4,False
6327696294143,D3,D5,False
6327696425215,D3,D4,False
6327697834239,D1,D1,True
6327698194687,D4,D7,False
6327698981119,D1,D1,True
6327700783359,D5,D7,False
6327702487295,D1,D1,True
6327703240959,D8,D9,False
6327704223999,D9,D9,True
6327705108735,D7,D8,False
6327706059007,D10,D10,True
6327709139199,D1,D1,True
6327712055551,D9,D9,True
6327712874751,D1,D1,True
6327713562879,D4,D6,False
6327713792255,D7,D8,False
6327713857791,D5,D7,False
6327719231743,D2,D1,False
6327719330047,D3,D3,True
6327719756031,D6,D6,True
6327720083711,D1,D1,True
6327720739071,D3,D5,False
6327723131135,D8,D9,False
6327726637311,D3,D2,False
6327731028223,D6,D8,False
6327732863231,D2,D4,False
6327734927615,D1,D1,True
6327737909503,D9,D9,True
6327740727551,D3,D3,True
6327740858623,D3,D6,False
6327743545599,D5,D7,False
6327743709439,D8,D7,False
6327748264191,D1,D1,True
6327752720639,D1,D1,True
6327757406463,D9,D9,True
6327759241471,D8,D9,False
6327760879871,D3,D5,False
6327761830143,D2,D3,False
6327763042559,D1,D1,True
6327775232255,D10,D10,True
6327777001727,D4,D7,False
6327780704511,D1,D1,True
6327785095423,D5,D7,False
6327788863743,D3,D5,False
6327793615103,D9,D10,False
6327795548415,D3,D5,False
6327799841023,D6,D8,False
6327806263551,D1,D1,True
6327827955967,D4,D6,False
6327830610175,D4,D4,True
6328212750591,D1,D1,True
6328214618367,D1,D1,True
6328226644223,D6,D7,False
6328228872447,D1,D1,True
6328230281471,D1,D1,True
6328231035135,D1,D2,False
6328238899455,D1,D1,True
6328246960383,D8,D9,False
6328247255295,D1,D1,True
6328249286911,D2,D3,False
6328253186303,D7,D8,False
6328258035967,D1,D1,True
6328261837055,D9,D9,True
6328262263039,D6,D6,True
6328262656255,D9,D9,True
6328264360191,D3,D5,False
6328266129663,D8,D9,False
6328269734143,D10,D10,True
6328270061823,D6,D8,False
6328270815487,D1,D1,True
6328271077631,D8,D9,False
6328274747647,D1,D1,True
6328275697919,D2,D3,False
6328277893375,D2,D2,True
6328281137407,D4,D3,False
6328281465087,D9,D9,True
6328284643583,D9,D9,True
6328285921535,D9,D9,True
6328286970111,D3,D6,False
6328289657087,D1,D1,True
6328289788159,D2,D4,False
6328293490943,D6,D8,False
6328294047999,D10,D10,True
6328296767743,D7,D8,False
6328296833279,D10,D10,True
6328298111231,D3,D5,False
6328298209535,D3,D5,False
6328303943935,D8,D9,False
6328304304383,D2,D4,False
6328308859135,D2,D2,True
6328310857983,D4,D5,False
6329600409855,D1,D1,True
6329600704767,D3,D5,False
6329600803071,D1,D1,True
6329600966911,D9,D9,True
6329602670847,D1,D1,True
6329603490047,D3,D2,False
6329603686655,D9,D9,True
6329603752191,D1,D1,True
6329604210943,D8,D7,False
6329604407551,D1,D1,True
6329605193983,D7,D8,False
6329607586047,D7,D8,False
6329609191679,D7,D8,False
6329611485439,D1,D2,False
6329613844735,D8,D9,False
6329615220991,D10,D10,True
6329616695551,D7,D8,False
6329616859391,D4,D6,False
6329618006271,D8,D9,False
6329618104575,D9,D8,False
6329618301183,D1,D1,True
6329620398335,D7,D8,False
6329622954239,D7,D8,False
6329623871743,D10,D10,True
6329625379071,D4,D3,False
6329630163199,D5,D7,False
6329631146239,D4,D4,True
6329631408383,D8,D9,False
6329633571071,D5,D7,False
6329637929215,D2,D2,True
6329639960831,D1,D1,True
6329641795839,D3,D5,False
6329687212287,D3,D2,False
6329689735423,D1,D1,True
6329694191871,D4,D2,False
6329694552319,D3,D3,True
6329696682239,D1,D1,True
6329698124031,D5,D7,False
6329699729663,D1,D2,False
6329708675327,D6,D8,False
6329708708095,D1,D1,True
6329708839167,D1,D1,True
6329709887743,D1,D1,True
6329710412031,D2,D4,False
6329711493375,D1,D1,True
6329712935167,D2,D4,False
6329714376959,D2,D3,False
6329716080895,D9,D10,False
6329716637951,D2,D4,False
6329719718143,D1,D2,False
6329828180223,D3,D3,True
6329828606207,D6,D8,False
6329829785855,D4,D6,False
6329830015231,D7,D8,False
6329830703359,D4,D6,False
6329831588095,D1,D1,True
6329832046847,D5,D7,False
6329833160959,D1,D1,True
6329833390335,D9,D9,True
6329834733823,D9,D9,True
6329834832127,D2,D2,True
6329836175615,D2,D2,True
6329836339455,D1,D2,False
6329836404991,D7,D8,False
6329840173311,D6,D8,False
6329843384575,D2,D1,False
6329848496383,D7,D8,False
6329848627455,D3,D6,False
6329848889599,D4,D4,True
6329849053439,D6,D8,False
6329849118975,D1,D1,True
6329849872639,D7,D8,False
6329849905407,D7,D8,False
6329853542655,D2,D4,False
6329857638655,D3,D2,False
6329858785535,D1,D2,False
6329860260095,D2,D4,False
6329863766271,D1,D1,True
6329863831807,D10,D10,True
6329866911999,D3,D5,False
6329867763967,D8,D9,False
6329868943615,D8,D9,False
6329869861119,D1,D1,True
6329870385407,D1,D2,False
6329871073535,D6,D8,False
6329871991039,D10,D10,True
6329872974079,D6,D7,False
6329873694975,D8,D9,False
6329873727743,D5,D7,False
6329873924351,D6,D7,False
6329874088191,D10,D10,True
6329874153727,D1,D1,True
6334060429567,D1,D2,False
6334064328959,D2,D4,False
6334064722175,D4,D4,True
6334064951551,D4,D2,False
6334066000127,D4,D6,False
6334073602303,D1,D1,True
6334077829375,D1,D2,False
6334080876799,D7,D8,False
6334081433855,D9,D9,True
6334087627007,D8,D9,False
6334090838271,D9,D10,False
6334095098111,D5,D7,False
6336631275775,D1,D1,True
6336631603455,D2,D2,True
6336636748031,D10,D10,True
6336637272319,D4,D6,False
6336639664383,D3,D6,False
6336645169407,D5,D7,False
6336647954687,D1,D2,False
6336648052991,D5,D7,False
6336648675583,D2,D2,True
6336651133183,D3,D4,False
6336651559167,D1,D1,True
6336654704895,D1,D2,False
6336658145535,D1,D1,True
6336660111615,D2,D2,True
6336660472063,D7,D8,False
6336660734207,D1,D1,True
6336661586175,D3,D5,False
6336662634751,D2,D2,True
6336667287807,D10,D10,True
6336669483263,D1,D1,True
6336672530687,D6,D8,False
6336672694527,D5,D5,True
6336677970175,D10,D10,True
6336681378047,D10,D10,True
6336684065023,D2,D4,False
6336684916991,D10,D10,True
6336688324863,D4,D4,True
6336691994879,D3,D4,False
6336692224255,D3,D3,True
6336693305599,D1,D1,True
6336694845695,D2,D3,False
6336695763199,D5,D7,False
6336696123647,D1,D1,True
6336697762047,D6,D8,False
6336697958655,D7,D8,False
6336698253567,D1,D1,True
6336712409343,D1,D1,True
6336712999167,D1,D1,True
6336718930175,D1,D1,True
6336719192319,D1,D1,True
6336720011519,D2,D3,False
6336720568575,D4,D6,False
6336726204671,D2,D2,True
6336728531199,D1,D1,True
6336735478015,D1,D1,True
6336735740159,D4,D6,False
6336736297215,D3,D5,False
6336738099455,D9,D9,True
6336741933311,D8,D9,False
6336745406719,D6,D7,False
6336747012351,D8,D9,False
6336747438335,D1,D1,True
6336747471103,D1,D1,True
6336751894783,D6,D6,True
6336752222463,D4,D5,False
6336754450687,D3,D4,False
6336754647295,D1,D1,True
6336758251775,D2,D2,True
6336758415615,D2,D4,False
6336758808831,D3,D2,False
6336759333119,D1,D2,False
6336759955711,D8,D9,False
6336760447231,D2,D3,False
6336760545535,D1,D2,False
6336760840447,D10,D10,True
6348036178175,D4,D2,False
6351154741503,D4,D3,False
6352858775807,D5,D3,False
6362962821375,D2,D1,False
6365653270783,D2,D1,False
6366358503679,D1,D1,True
6368762626303,D1,D1,True
6372751343871,D2,D2,True
6373099667711,D3,D2,False
6377877831935,D2,D2,True
6390530113791,D7,D6,False
6390669017343,D3,D2,False
6391423762687,D6,D5,False
6395505901823,D4,D3,False
6420678377727,D1,D1,True
6423223828735,D6,D8,False
6423223927039,D5,D7,False
6423224484095,D2,D4,False
6423225073919,D1,D1,True
6423226220799,D5,D7,False
6423226679551,D1,D1,True
6423228088575,D3,D5,False
6423228121343,D3,D6,False
6423228776703,D1,D1,True
6423239360767,D8,D9,False
6423239950591,D9,D9,True
6423240081663,D9,D9,True
6423240114431,D10,D10,True
6423240212735,D10,D10,True
6423240638719,D1,D1,True
6423240835327,D1,D1,True
6423240966399,D5,D5,True
6423241130239,D5,D7,False
6423463395583,D9,D9,True
6423463756031,D6,D8,False
6423463854335,D1,D1,True
6423463919871,D5,D7,False
6423590142207,D1,D1,True
6423590207743,D6,D8,False
6423590371583,D7,D8,False
6423590797567,D10,D10,True
6423591354623,D2,D3,False
6423592272127,D5,D7,False
6423592337663,D2,D3,False
6423592370431,D1,D2,False
6423592730879,D4,D7,False
6423592796415,D9,D9,True
6423592861951,D7,D8,False
6423593255167,D8,D8,True
6423593681151,D5,D7,False
6423593746687,D5,D7,False
6423594107135,D3,D5,False
6423594500351,D8,D9,False
6423594533119,D6,D7,False
6423594598655,D8,D9,False
6423594860799,D5,D7,False
6423594926335,D9,D10,False
6423595024639,D4,D7,False
6423595155711,D4,D5,False
6423595254015,D5,D7,False
6423595286783,D10,D10,True
6423595417855,D10,D10,True
6423595450623,D10,D10,True
6423595516159,D10,D10,True
6423595909375,D1,D2,False
6423596499199,D2,D3,False
6423596531967,D1,D2,False
6423596663039,D2,D4,False
6423596761343,D1,D2,False
6423596826879,D9,D10,False
6423596859647,D3,D5,False
6423597613311,D9,D10,False
6423598072063,D7,D8,False
6423598498047,D4,D7,False
6423598760191,D7,D8,False
6423598989567,D7,D8,False
6423599546623,D8,D8,True
6423599907071,D1,D2,False
6423600824575,D6,D8,False
6423601152255,D10,D10,True
6423601217791,D10,D10,True
6423601381631,D10,D10,True
6423601479935,D10,D10,True
6423601709311,D10,D10,True
6423602036991,D10,D10,True
6423602168063,D8,D9,False
6423602200831,D10,D10,True
6423602266367,D6,D5,False
6423602528511,D3,D5,False
6423602790655,D10,D10,True
6423602823423,D9,D9,True
6423602856191,D7,D8,False
6423603380479,D7,D8,False
6423603740927,D1,D1,True
6423603773695,D9,D10,False
6423603839231,D10,D10,True
6423604101375,D10,D10,True
6423604134143,D10,D10,True
6423604166911,D9,D9,True
6423604232447,D10,D10,True
6423604265215,D10,D10,True
6423604592895,D10,D10,True
6423604691199,D7,D8,False
6423604723967,D1,D1,True
6423604789503,D10,D10,True
6423604887807,D2,D4,False
6423604986111,D10,D10,True
6423605018879,D8,D9,False
6423605051647,D10,D10,True
6423605772543,D9,D9,True
6423605838079,D1,D1,True
6423606231295,D2,D3,False
6423606395135,D4,D6,False
6423606493439,D7,D8,False
6423606755583,D9,D9,True
6423607279871,D10,D10,True
6423607312639,D9,D10,False
6423608131839,D10,D10,True
6423608426751,D10,D10,True
6423609934079,D10,D10,True
6423610065151,D10,D10,True
6423610261759,D10,D10,True
6423610458367,D7,D8,False
6423610523903,D5,D7,False
6423611080959,D3,D5,False
6423611441407,D1,D3,False
6423611474175,D10,D10,True
6423611670783,D10,D10,True
6423611965695,D10,D10,True
6423612063999,D9,D9,True
6423612129535,D9,D9,True
6423612358911,D10,D10,True
6423612588287,D10,D10,True
6423612752127,D10,D10,True
6423613047039,D9,D9,True
6423613210879,D6,D8,False
6423613604095,D9,D9,True
6423613669631,D9,D9,True
6423613702399,D10,D10,True
6423613964543,D10,D10,True
6423614030079,D10,D10,True
6423614062847,D9,D9,True
6423614095615,D9,D9,True
6423614128383,D10,D10,True
6424267129087,D9,D10,False
6424267227391,D9,D10,False
6424267260159,D4,D7,False
6424267456767,D9,D9,True
6424267686143,D5,D7,False
6424475828479,D4,D3,False
6424534089983,D4,D4,True
6424544575743,D1,D1,True
6424573640959,D1,D1,True
6424671617279,D4,D5,False
6424704024831,D3,D3,True
6424716706047,D2,D2,True
6424737513727,D4,D5,False
6424851120383,D9,D8,False
6424908759295,D4,D5,False
6450369855743,D1,D1,True
6453495759103,D1,D1,True
6469874483455,D8,D8,True
6474696687871,D5,D5,True
6477558612223,D5,D5,True
6477783892223,D3,D2,False
6479260352767,D4,D2,False
6480331735295,D3,D4,False
6481084547327,D7,D5,False
6489009225983,D4,D5,False
6492358639871,D8,D8,True
6500262969599,D8,D8,True
6505222308095,D5,D5,True
6508011389183,D4,D2,False
6510186463487,D7,D5,False
6510694334719,D1,D1,True
6514794725631,D4,D3,False
6518409691391,D8,D8,True
6521577373951,D3,D4,False
6522940883199,D5,D5,True
6526214340863,D2,D2,True
6528300384511,D4,D3,False
6529440514303,D2,D2,True
6532452057343,D4,D5,False
6532456907007,D6,D7,False
6532458578175,D7,D8,False
6532476403967,D5,D5,True
6532477485311,D5,D5,True
6532482859263,D8,D8,True
6532484989183,D1,D2,False
6532486037759,D7,D7,True
6532488954111,D9,D9,True
6532489150719,D5,D7,False
6532489183487,D2,D3,False
6532492591359,D7,D8,False
6532493574399,D10,D10,True
6532494196991,D2,D2,True
6532495114495,D6,D8,False
6532495900927,D3,D3,True
6532496064767,D7,D7,True
6532496195839,D5,D5,True
6532501864703,D2,D2,True
6532502290687,D3,D5,False
6532503077119,D8,D8,True
6532503666943,D8,D9,False
6532504453375,D5,D7,False
6532505764095,D7,D7,True
6532514840831,D8,D8,True
6532514939135,D5,D6,False
6532514971903,D5,D5,True
6532515004671,D4,D5,False
6532515135743,D8,D6,False
6532515234047,D4,D5,False
6532515266815,D5,D6,False
6532515332351,D2,D4,False
6532515463423,D7,D8,False
6532515561727,D3,D3,True
6532515594495,D2,D4,False
6532515791103,D1,D2,False
6532515889407,D5,D7,False
6543953953023,D8,D8,True
6545737908479,D4,D5,False
6547456491775,D2,D2,True
6549652734207,D3,D3,True
6550479470847,D2,D2,True
6554631667967,D3,D4,False
6558688313599,D1,D1,True
6559129141503,D1,D1,True
6582510584063,D2,D2,True
6582888300799,D6,D6,True
6585818710271,D4,D3,False
6586846314751,D4,D3,False
6587938668799,D9,D8,False
6588193865983,D3,D3,True
6590570627327,D1,D1,True
6590913347839,D3,D4,False
6592534642943,D6,D8,False
6592949715199,D2,D2,True
6593253343487,D8,D7,False
6593759609087,D2,D2,True
6594939814143,D7,D6,False
6599308607743,D2,D2,True
6600826159359,D6,D8,False
6601909141759,D8,D8,True
6601909240063,D7,D8,False
6601909305599,D5,D5,True
6601909534975,D8,D8,True
6601910092031,D1,D1,True
6601910255871,D4,D4,True
6601910747391,D1,D1,True
6601910845695,D8,D9,False
6601910878463,D8,D8,True
6601910911231,D8,D9,False
6601910943999,D8,D8,True
6601910976767,D8,D8,True
6601972154623,D8,D8,True
6602513154303,D8,D7,False
6602801479935,D5,D5,True
6607239348479,D1,D2,False
6607911551231,D7,D8,False
6609298161919,D5,D5,True
6609653694719,D8,D8,True
6610407424255,D5,D6,False
6612679590143,D3,D4,False
6613396193535,D6,D5,False
6613804351743,D6,D7,False
6614257369343,D5,D5,True
6616188879103,D8,D8,True
6616314282239,D2,D3,False
6616451449087,D6,D8,False
6616678793471,D2,D2,True
6620081684735,D8,D8,True
6620088500479,D6,D7,False
6624124797183,D9,D8,False
6624970440959,D4,D3,False
6630248251647,D9,D9,True
6631997964543,D2,D2,True
6644271644927,D3,D3,True
6644874084607,D8,D9,False
6644955775231,D2,D3,False
6648608686335,D2,D2,True
6650460700927,D6,D7,False
6650644726015,D2,D2,True
6659616538879,D3,D3,True
6663954465023,D2,D2,True
6665240019199,D5,D7,False
6670248935679,D1,D1,True
6671998746879,D5,D5,True
6683695710463,D1,D1,True
6685270081791,D2,D2,True
6686265540863,D6,D6,True
6689737474303,D4,D4,True
6692441456895,D7,D7,True
6695490814207,D4,D4,True
6696211022079,D4,D5,False
6697080127743,D5,D4,False
6698931585279,D2,D2,True
6700602786047,D8,D9,False
6703429976319,D3,D4,False
6703512977663,D3,D5,False
6704357310719,D4,D5,False
6707767410943,D4,D5,False
6708449607935,D5,D6,False
6715478900991,D8,D7,False
6715986182399,D7,D7,True
6716826288383,D3,D3,True
6718421565695,D5,D6,False
6718461051135,D7,D7,True
6723752263935,D5,D4,False
6763164958975,D1,D1,True
6765611876607,D1,D1,True
6765619511551,D6,D8,False
6767084306687,D4,D5,False
6767682453759,D1,D1,True
6772333609215,D1,D1,True
6773309407487,D3,D3,True
6776240406783,D2,D2,True
6780370485503,D2,D3,False
6781260038399,D7,D7,True
6783954354431,D7,D7,True
6787329097983,D2,D2,True
6788480467199,D3,D4,False
6796578291967,D4,D4,True
6797463945471,D7,D7,True
6798553186559,D4,D4,True
6803687801087,D8,D8,True
6804197376255,D1,D1,True
6805761556735,D6,D6,True
6820808163583,D2,D2,True
6822588449023,D2,D2,True
6823871906047,D7,D7,True
6824946204927,D8,D8,True
6826542989567,D7,D7,True
6832308551935,D3,D5,False
6835415613695,D2,D1,False
6836180877567,D2,D4,False
6836349403391,D8,D8,True
6837428453631,D8,D7,False
6850481160447,D1,D1,True
6851588653311,D8,D8,True
6862672658687,D2,D2,True
6863773204735,D4,D5,False
6863957590271,D5,D5,True
6875347910911,D8,D7,False
6880155533567,D4,D4,True
6880733135103,D2,D2,True
6929385324799,D3,D3,True
6951967162623,D8,D8,True
6961928438015,D5,D7,False
6963853328639,D9,D9,True
6964050362623,D4,D4,True
6970579321087,D1,D1,True
6974029693183,D6,D5,False
6976895189247,D2,D2,True
6978829582591,D6,D6,True
6984833335551,D4,D5,False
6991872295167,D7,D7,True
6991974007039,D4,D4,True
7010309046527,D4,D3,False
7012883824895,D8,D9,False
7014327156991,D7,D7,True
7016101970175,D8,D8,True
7019605262591,D7,D7,True
7029599928575,D4,D4,True
7031191503103,D8,D8,True
7033655099647,D1,D1,True
7038325817599,D5,D5,True
7047726334207,D4,D4,True
7055525249279,D2,D3,False
7056242082047,D3,D2,False
7058101633279,D4,D4,True
7060628177151,D9,D9,True
7062069641471,D7,D7,True
7065442451711,D6,D6,True
7065468207359,D7,D7,True
7075370729727,D3,D2,False
7089442390271,D1,D1,True
7089753653503,D8,D8,True
7089768923391,D3,D2,False
7092583399679,D3,D4,False
7093066268927,D4,D4,True
7097624822015,D7,D7,True
7098288799999,D2,D3,False
7099485159679,D8,D9,False
7101868769535,D3,D4,False
7107881697535,D2,D3,False
7108628939007,D8,D7,False
7110112608511,D4,D5,False
7113287008511,D2,D2,True
7113347105023,D3,D2,False
7114650845439,D3,D3,True
7117603078399,D4,D4,True
7122183651583,D8,D9,False
7122726191359,D1,D1,True
7124600881407,D1,D1,True
7125782331647,D4,D3,False
7125851439359,D3,D2,False
7125935882495,D6,D6,True
7126219489535,D4,D3,False
7127991779583,D10,D10,True
7135034441983,D2,D1,False
7135383421183,D1,D1,True
7136351912191,D7,D8,False
7136595673343,D3,D2,False
7136674087167,D2,D2,True
7136686768383,D1,D1,True
7138245443839,D2,D2,True
7138632499455,D6,D6,True
7139969335551,D5,D4,False
7141155700991,D2,D2,True
7142554403071,D1,D1,True
7143014727935,D1,D1,True
7144399864063,D1,D1,True
7144463663359,D7,D7,True
7145852895487,D1,D1,True
7146181067007,D1,D2,False
7146957078783,D7,D7,True
7147869012223,D4,D4,True
7148373213439,D4,D4,True
7151788130559,D4,D3,False
7151885091071,D8,D7,False
7151938994431,D1,D1,True
7152061481215,D7,D7,True
7153029873919,D4,D4,True
7153236443391,D5,D4,False
7153927815423,D7,D7,True
7154163482879,D2,D2,True
7154177769727,D5,D4,False
7154295111935,D4,D3,False
7154402656511,D1,D1,True
7154553553151,D4,D3,False
7155123814655,D9,D9,True
7155206750463,D1,D1,True
7155245351167,D7,D7,True
7155253117183,D4,D3,False
7155442090239,D4,D3,False
7156209287423,D5,D4,False
7156459798783,D7,D7,True
7156507672831,D7,D7,True
7157991342335,D7,D6,False
7158892429567,D4,D3,False
7159798726911,D3,D2,False
7167085084927,D1,D1,True
7168270795007,D5,D6,False
7168635830527,D1,D1,True
7168728498431,D2,D2,True
7168769261823,D6,D6,True
7168840892671,D4,D3,False
7168908230911,D2,D2,True
7168931725567,D4,D3,False
7169039302911,D5,D8,False
7169592623359,D4,D3,False
7169622475007,D7,D7,True
7172742021375,D2,D2,True
7174332809471,D4,D4,True
7174366757119,D4,D4,True
7175451934975,D7,D7,True
7176356004095,D4,D4,True
7176846934271,D4,D4,True
7177783116031,D8,D7,False
7177885614335,D6,D6,True
7180621021439,D3,D4,False
7181382025471,D6,D6,True
7182578843903,D4,D3,False
7182675083519,D1,D1,True
7183440052479,D7,D7,True
7183640199423,D2,D2,True
7183667331327,D8,D8,True
7183853453567,D5,D4,False
7184370958591,D6,D6,True
7202402926847,D3,D2,False
7206147490047,D3,D3,True
7218224693503,D4,D3,False
7230568595711,D7,D6,False
7230763499775,D3,D4,False
7236677632255,D1,D1,True
7237650612479,D3,D2,False
7240948154623,D6,D6,True
7241275932927,D4,D3,False
7249233608959,D4,D3,False
7250960810239,D8,D8,True
7250974277887,D8,D8,True
7251086573823,D4,D4,True
7251339804927,D2,D1,False
7252201898239,D7,D7,True
7252280738047,D2,D2,True
7252347551999,D4,D3,False
7252477477119,D4,D3,False
7252598948095,D3,D2,False
7252742078719,D2,D1,False
7252877705471,D3,D3,True
7254008201471,D5,D4,False
7254253404415,D2,D2,True
7257876594943,D5,D4,False
7258491322623,D2,D2,True
7258667909375,D6,D6,True
7259717894399,D2,D2,True
7261004103935,D1,D1,True
7264693223679,D2,D2,True
7267551379711,D1,D1,True
7267774398719,D6,D6,True
7268007084287,D6,D6,True
7268175544575,D2,D2,True
7269385601279,D2,D1,False
7272156496127,D5,D5,True
7272645099775,D1,D1,True
7278303510783,D1,D1,True
7279393374463,D7,D7,True
7279632613631,D5,D3,False
7288033837311,D8,D6,False
7288596758783,D6,D6,True
7288602657023,D6,D6,True
7288823283967,D8,D8,True
7288937775359,D5,D4,False
7292403122431,D1,D1,True
7293467492607,D5,D4,False
7294782996735,D4,D4,True
7295407227135,D1,D1,True
7303136674047,D6,D6,True
7304255078655,D5,D4,False
7304430321919,D3,D3,True
7304552186111,D2,D1,False
7304842477823,D1,D1,True
7305996370175,D3,D2,False
7306038247679,D6,D6,True
7306157261055,D4,D4,True
7307052122367,D3,D2,False
7307119755519,D6,D6,True
7307232772351,D4,D3,False
7307284611327,D2,D2,True
7307541086463,D6,D6,True
7307595514111,D1,D1,True
7307883872511,D4,D3,False
7308128321791,D2,D2,True
7308139725055,D5,D3,False
7308209324287,D2,D2,True
7308225970431,D8,D7,False
7308278366463,D2,D2,True
7308405080319,D2,D2,True
7308582682879,D3,D2,False
7308613058815,D5,D3,False
7308632424703,D9,D8,False
7308786237695,D6,D4,False
7309650067711,D3,D3,True
7309858963711,D9,D8,False
7309950812415,D2,D2,True
7310189592831,D9,D8,False
7311522038015,D5,D3,False
7311808626943,D2,D2,True
7312130572543,D5,D4,False
7312284057855,D5,D3,False
7312475947263,D5,D4,False
7312493347071,D5,D4,False
7312633561343,D6,D4,False
7312641884415,D8,D7,False
7313089888511,D7,D7,True
7313591402751,D2,D2,True
7313633411327,D9,D8,False
7313721196799,D4,D4,True
7314094194943,D7,D7,True
7316711014655,D4,D3,False
7317310079231,D9,D9,True
7318538158335,D5,D5,True
7321657475327,D2,D2,True
7323303674111,D6,D6,True
7328844644607,D7,D6,False
7335218184447,D1,D1,True
7335513391359,D4,D4,True
7336611250431,D4,D6,False
7338895868159,D1,D1,True
7339270406399,D2,D1,False
7340202328319,D1,D1,True
7341017956607,D3,D4,False
7341024936191,D3,D2,False
7341135954175,D1,D1,True
7345272127743,D5,D5,True
7347034816767,D4,D4,True
7347175325951,D4,D3,False
7355300544767,D2,D2,True
7356383363327,D10,D10,True
7363427959039,D5,D4,False
7363903357183,D8,D7,False
7364057563391,D4,D3,False
7364114153727,D3,D4,False
7365375525119,D6,D6,True
7366249840895,D2,D2,True
7366254100735,D8,D7,False
7366333694207,D7,D7,True
7381485093119,D5,D6,False
7394844180735,D2,D2,True
7425455227135,D8,D8,True
7425530396927,D2,D2,True
7425832714495,D6,D6,True
7427649962239,D2,D3,False
7427694067967,D1,D1,True
7430469386495,D2,D2,True
7434780836095,D4,D3,False
7436716343551,D6,D6,True
7437367148799,D5,D5,True
7437842317567,D7,D6,False
7441933336831,D2,D2,True
7446789619967,D4,D3,False
7448764088575,D4,D4,True
7460404625663,D7,D7,True
7461546655999,D2,D2,True
7464591687935,D2,D1,False
7466578280703,D8,D6,False
7467076026623,D1,D1,True
7467457609983,D6,D6,True
7469025329407,D8,D6,False
7469847445759,D2,D1,False
7469864222975,D5,D3,False
7470139703551,D4,D4,True
7470529708287,D3,D2,False
7471355822335,D4,D3,False
7471389180159,D4,D3,False
7471466512639,D9,D8,False
7471478767871,D4,D3,False
7471600238847,D4,D4,True
7471875326207,D4,D3,False
7471965110527,D6,D6,True
7473725866239,D8,D6,False
7475029606655,D6,D4,False
7475045269759,D8,D5,False
7475152355583,D8,D7,False
7475157991679,D6,D4,False
7475184992511,D5,D3,False
7475190006015,D9,D7,False
7475199344895,D5,D4,False
7475205636351,D2,D2,True
7475209109759,D8,D7,False
7475220250879,D8,D6,False
7475224707327,D8,D6,False
7475231457535,D1,D1,True
7475235553535,D8,D6,False
7475258982655,D8,D6,False
7475259932927,D8,D6,False
7475279692031,D6,D4,False
7475289653503,D5,D3,False
7475294765311,D8,D6,False
7475295518975,D8,D6,False
7475296927999,D8,D6,False
7475298042111,D8,D6,False
7475299582207,D7,D5,False
7475301023999,D5,D3,False
7475306332415,D8,D6,False
7475307348223,D8,D7,False
7475322421503,D2,D1,False
7475323666687,D1,D1,True
7475324551423,D1,D1,True
7475329827071,D8,D6,False
7475340181759,D5,D3,False
7475341721855,D2,D1,False
7475348308223,D3,D2,False
7475354009855,D9,D8,False
7475360497919,D3,D2,False
7475370459391,D5,D3,False
7475371213055,D8,D6,False
7475372294399,D9,D8,False
7475380420863,D8,D6,False
7475443892479,D8,D6,False
7475447496959,D4,D3,False
7475468665087,D8,D6,False
7475480199423,D5,D3,False
7475483541759,D1,D1,True
7475492520191,D8,D6,False
7475531383039,D5,D3,False
7475532923135,D8,D6,False
7475534790911,D8,D6,False
7475539050751,D8,D6,False
7476462551295,D5,D3,False
7476502855935,D9,D8,False
7476538605823,D8,D6,False
7476541194495,D8,D6,False
7476546830591,D8,D6,False
7476547485951,D8,D6,False
7476558364927,D5,D3,False
7476565213439,D8,D6,False
7476565934335,D8,D6,False
7476574650623,D2,D2,True
7476578058495,D5,D3,False
7476608958719,D5,D3,False
7476622885119,D8,D6,False
7476624916735,D7,D6,False
7476629799167,D5,D3,False
7476633960703,D8,D6,False
7476634714367,D8,D6,False
7476640121087,D9,D8,False
7476641267967,D9,D8,False
7476644774143,D8,D6,False
7476665712895,D8,D6,False
7476666433791,D8,D6,False
7476672692479,D8,D6,False
7476673413375,D7,D6,False
7476677738751,D8,D6,False
7476681769215,D5,D3,False
7476683997439,D4,D2,False
7476690583807,D6,D4,False
7476694876415,D2,D2,True
7476696088831,D8,D6,False
7476702085375,D2,D2,True
7476708835583,D8,D6,False
7476709654783,D8,D6,False
7476710899967,D8,D6,False
7476712440063,D8,D6,False
7476721352959,D1,D1,True
7476727906559,D5,D3,False
7476737868031,D8,D6,False
7476743209215,D8,D7,False
7476745863423,D6,D6,True
7476753400063,D5,D3,False
7476756971775,D8,D6,False
7476765753599,D9,D8,False
7476777386239,D7,D6,False
7476778959103,D5,D3,False
7476792590591,D8,D6,False
7476798292223,D1,D1,True
7476805697791,D5,D3,False
7476809302271,D8,D6,False
7476813496575,D9,D8,False
7476819820799,D7,D6,False
7476820934911,D2,D1,False
7476822147327,D5,D3,False
7476840038655,D5,D3,False
7476847116543,D8,D6,False
7476853145855,D2,D1,False
7476861501695,D5,D4,False
7476863992063,D8,D6,False
7476874215679,D8,D7,False
7476875067647,D5,D3,False
7476877230335,D2,D2,True
7476879655167,D8,D6,False
7476880802047,D5,D3,False
7476881555711,D8,D6,False
7476882833663,D5,D3,False
7476886798591,D9,D8,False
7476891648255,D8,D7,False
7476901839103,D2,D1,False
7476910588159,D6,D4,False
7476914422015,D8,D6,False
7476927922431,D5,D3,False
7476928381183,D5,D3,False
7477005385983,D7,D6,False
7477933015295,D4,D4,True
7478289858815,D3,D2,False
7480472994047,D4,D4,True
7482746601727,D2,D2,True
7483064877311,D6,D6,True
7483704705279,D2,D1,False
7484961325311,D4,D3,False
7486364188927,D1,D1,True
7489532428543,D4,D3,False
7490946433279,D4,D4,True
7491937861887,D6,D5,False
7493078221055,D6,D6,True
7493685543167,D4,D3,False
7496402895103,D5,D4,False
7496457650431,D6,D5,False
7497109635327,D1,D1,True
7499170152703,D5,D4,False
7501481345279,D6,D6,True
7504260137215,D5,D4,False
7505538220287,D4,D4,True
7511292346623,D6,D6,True
7513899139327,D5,D4,False
7514098761983,D6,D6,True
7515696890111,D2,D2,True
7516736061695,D1,D1,True
7516825649407,D1,D1,True
7516977463551,D4,D4,True
7517817372927,D6,D6,True
7518816469247,D10,D10,True
7519112855807,D3,D2,False
7519345475839,D2,D1,False
7519522029823,D9,D8,False
7519676170495,D2,D1,False
7519844368639,D5,D5,True
7519999066367,D8,D7,False
7520123322623,D4,D2,False
7520596295935,D8,D7,False
7520723403007,D9,D7,False
7520742703359,D8,D7,False
7520819249407,D8,D7,False
7521212825855,D5,D4,False
7521591755007,D2,D1,False
7521717682431,D8,D7,False
7521916289279,D2,D1,False
7521930281215,D2,D1,False
7521949188351,D8,D7,False
7521958330623,D7,D5,False
7521981661439,D1,D1,True
7522002174207,D2,D2,True
7522571616511,D1,D1,True
7522680701183,D9,D7,False
7522714976511,D4,D4,True
7522847850751,D4,D2,False
7522965946623,D8,D7,False
7523069362431,D2,D2,True
7523193225471,D5,D4,False
7523199582463,D8,D7,False
7527460929791,D6,D6,True
7530355884287,D6,D5,False
7534855061759,D2,D1,False
7537170055423,D2,D2,True
7538719129855,D5,D5,True
7539696337151,D6,D6,True
7547822899455,D5,D4,False
7549021913343,D6,D6,True
7549590896895,D8,D7,False
7566592344319,D1,D1,True
7567425732863,D7,D7,True
7567909912831,D4,D4,True
7572073185535,D9,D8,False
7572782612735,D8,D7,False
7572976107775,D3,D2,False
7573622128895,D2,D1,False
7574580756735,D5,D5,True
7574655336703,D6,D5,False
7574819307775,D5,D3,False
7575695851775,D8,D8,True
7575786225919,D7,D6,False
7580912025855,D3,D3,True
7582195941631,D9,D8,False
7582665900287,D3,D2,False
7582926274815,D8,D8,True
7583061606655,D3,D3,True
7583185371391,D2,D2,True
7584980435199,D9,D7,False
7585086046463,D5,D4,False
7671933108479,D4,D3,False
7673187434751,D3,D2,False
7677500752127,D2,D2,True
7677544628479,D1,D1,True
7691249844479,D1,D1,True
7694044201215,D10,D10,True
7694672920831,D7,D7,True
7695319695615,D6,D6,True
7695737127167,D4,D4,True
7696462545151,D2,D1,False
7700304986367,D1,D1,True
7705926893823,D5,D5,True
7707604812031,D6,D5,False
7707724022015,D3,D3,True
7709267230975,D4,D4,True
7709729292543,D6,D5,False
7711383027967,D4,D4,True
7713343406335,D8,D8,True
7723643175167,D1,D1,True
7723877564671,D3,D3,True
7728017015039,D4,D3,False
7728018129151,D6,D5,False
7729333272831,D2,D2,True
7733235646719,D2,D1,False
7734246506751,D9,D8,False
7735604707583,D2,D2,True
7737236259071,D1,D1,True
7753766043903,D2,D2,True
7755915886847,D1,D1,True
7755916050687,D2,D4,False
7755916542207,D8,D8,True
7755917885695,D2,D4,False
7755918016767,D9,D9,True
7755918934271,D2,D3,False
7755919819007,D2,D3,False
7755920408831,D1,D1,True
7755921326335,D1,D1,True
7755923226879,D6,D8,False
7755924472063,D2,D3,False
7755924635903,D9,D9,True
7755925487871,D2,D4,False
7755925750015,D1,D1,True
7755925979391,D1,D1,True
7755926143231,D3,D5,False
7755927191807,D1,D2,False
7755927912703,D2,D3,False
7755928142079,D4,D6,False
7755928436991,D9,D10,False
7755928469759,D3,D5,False
7755929977087,D3,D6,False
7755930403071,D8,D9,False
7755934007551,D7,D8,False
7755935547647,D2,D3,False
7755935645951,D9,D9,True
7755935875327,D2,D4,False
7755937448191,D8,D8,True
7755938726143,D1,D2,False
7755939021055,D9,D10,False
7755939479807,D8,D8,True
7755940135167,D7,D7,True
7755940299007,D8,D9,False
7755940462847,D8,D9,False
7755941183743,D1,D1,True
7755941904639,D8,D9,False
7755942527231,D1,D1,True
7755945017599,D5,D7,False
7755945574655,D1,D1,True
7755946361087,D2,D4,False
7755949506815,D8,D9,False
7755953963263,D2,D4,False
7755954094335,D1,D2,False
7755954127103,D3,D6,False
7755957633279,D6,D7,False
7755957895423,D1,D1,True
7755958354175,D1,D1,True
7755958714623,D9,D9,True
7755958911231,D9,D10,False
7755959533823,D9,D10,False
7755960221951,D3,D5,False
7755960910079,D3,D3,True
7755961499903,D10,D10,True
7755965235455,D9,D9,True
7755966054655,D8,D9,False
7755966578943,D5,D7,False
7755966611711,D9,D8,False
7755966710015,D1,D2,False
7755966841087,D5,D7,False
7755968905471,D4,D7,False
7755969102079,D3,D4,False
7755969396991,D3,D5,False
7755969855743,D4,D6,False
7755970740479,D1,D2,False
7755970969855,D8,D8,True
7755971199231,D6,D6,True
7755972935935,D7,D8,False
7755974050047,D6,D7,False
7755974082815,D5,D4,False
7755974344959,D8,D9,False
7755975950591,D8,D9,False
7755976147199,D5,D7,False
7755977949439,D9,D9,True
7755978309887,D1,D1,True
7755978670335,D1,D1,True
7755979129087,D8,D9,False
7755979718911,D5,D7,False
7755980079359,D1,D1,True
7755980243199,D4,D5,False
7755981193471,D5,D7,False
7755981259007,D6,D8,False
7755981357311,D7,D8,False
7755983421695,D1,D1,True
7755984273663,D3,D6,False
7755986075903,D6,D8,False
7755986567423,D1,D1,True
7755986731263,D4,D4,True
7755987058943,D2,D4,False
7755988041983,D1,D1,True
7755989188863,D7,D8,False
7755989221631,D4,D4,True
7755989319935,D1,D2,False
7755989680383,D9,D9,True
7755990008063,D4,D6,False
7755991482623,D2,D3,False
7755991810303,D3,D5,False
7755992203519,D9,D9,True
7755992695039,D2,D4,False
7755995742463,D5,D7,False
7755996365055,D6,D8,False
7755996397823,D8,D8,True
7755996463359,D2,D4,False
7755997053183,D6,D8,False
7755997774079,D6,D5,False
7755998101759,D7,D8,False
7755999576319,D1,D2,False
7755999936767,D8,D5,False
7756000002303,D9,D7,False
7756000035071,D8,D9,False
7756000067839,D1,D1,True
7756000133375,D1,D1,True
7756000198911,D2,D2,True
7756000329983,D5,D7,False
7756000559359,D6,D5,False
7756000690431,D1,D1,True
7756000788735,D3,D4,False
7756000854271,D1,D1,True
7756001116415,D1,D2,False
7756001378559,D8,D9,False
7756001804543,D3,D3,True
7756001870079,D2,D3,False
7756001902847,D8,D9,False
7756002033919,D7,D8,False
7756002066687,D1,D1,True
7756002132223,D8,D8,True
7756002164991,D4,D7,False
7756002328831,D1,D1,True
7756002918655,D2,D2,True
7756003279103,D1,D1,True
7756003410175,D7,D8,False
7756003639551,D1,D1,True
7756003803391,D2,D2,True
7756004458751,D1,D1,True
7756004524287,D5,D5,True
7756004786431,D5,D4,False
7756004819199,D7,D5,False
7756005409023,D8,D7,False
7756005474559,D1,D1,True
7756005540095,D5,D6,False
7756005769471,D7,D8,False
7756005802239,D7,D8,False
7756005900543,D2,D4,False
7756005998847,D7,D8,False
7756006031615,D5,D5,True
7756006064383,D1,D1,True
7756006097151,D1,D1,True
7756006228223,D6,D7,False
7756006260991,D5,D5,True
7756006392063,D7,D8,False
7756006621439,D7,D6,False
7756006654207,D9,D8,False
7756007014655,D4,D5,False
7756007080191,D7,D7,True
7756007342335,D7,D8,False
7756007440639,D7,D8,False
7756007473407,D7,D6,False
7756007571711,D3,D5,False
7756007637247,D9,D9,True
7756007670015,D2,D4,False
7756007702783,D3,D3,True
7756007735551,D6,D8,False
7756007866623,D3,D2,False
7756007964927,D6,D7,False
7756008030463,D2,D3,False
7756008128767,D2,D2,True
7756008227071,D5,D5,True
7756008325375,D8,D9,False
7756008358143,D1,D1,True
7756008390911,D6,D8,False
7756008751359,D5,D5,True
7756009177343,D8,D9,False
7756009373951,D1,D2,False
7756009570559,D6,D7,False
7756009799935,D6,D6,True
7756009865471,D5,D5,True
7756009963775,D9,D8,False
7756010029311,D5,D6,False
7756010127615,D5,D6,False
7756010160383,D1,D2,False
7756010979583,D3,D6,False
7756011536639,D1,D1,True
7756011569407,D1,D1,True
7756012585215,D3,D4,False
7756013306111,D1,D1,True
7756015141119,D5,D7,False
7756015173887,D8,D9,False
7756015239423,D9,D9,True
7756015337727,D1,D1,True
7756015403263,D3,D5,False
7756015436031,D9,D9,True
7756015468799,D8,D9,False
7756015567103,D8,D9,False
7756015665407,D9,D9,True
7756015698175,D1,D1,True
7756015763711,D1,D1,True
7756015829247,D3,D5,False
7756015862015,D7,D8,False
7756015894783,D1,D1,True
7756015927551,D2,D3,False
7756015993087,D3,D5,False
7756016058623,D9,D9,True
7756016091391,D4,D7,False
7756016189695,D2,D4,False
7756016255231,D8,D9,False
7756016287999,D8,D9,False
7756016419071,D9,D9,True
7756016484607,D1,D1,True
7756016550143,D8,D9,False
7756016582911,D1,D2,False
7756016615679,D1,D1,True
7756016648447,D2,D4,False
7756016681215,D8,D8,True
7756016779519,D1,D2,False
7756016812287,D2,D4,False
7756016877823,D1,D1,True
7756017107199,D2,D4,False
7756017139967,D8,D9,False
7756017238271,D8,D9,False
7756017303807,D5,D7,False
7756017336575,D8,D9,False
7756017467647,D4,D6,False
7756017664255,D9,D9,True
7756017697023,D9,D9,True
7756017893631,D1,D2,False
7756018123007,D8,D9,False
7756018155775,D8,D9,False
7756018221311,D8,D9,False
7756018319615,D2,D2,True
7756018450687,D4,D6,False
7756018483455,D9,D10,False
7756018516223,D5,D7,False
7756018614527,D9,D9,True
7756018811135,D8,D9,False
7756018942207,D4,D6,False
7756019007743,D3,D5,False
7756019171583,D9,D9,True
7756019204351,D4,D6,False
7756019237119,D9,D9,True
7756019269887,D6,D8,False
7756019302655,D3,D6,False
7756019335423,D2,D3,False
7756019368191,D7,D8,False
7756019433727,D9,D9,True
7756019466495,D1,D1,True
7756019532031,D1,D2,False
7756019564799,D8,D9,False
7756020351231,D5,D7,False
7756020580607,D1,D3,False
7756020908287,D1,D2,False
7756021039359,D9,D10,False
7756021465343,D8,D9,False
7756022055167,D7,D8,False
7756022415615,D3,D5,False
7756022776063,D9,D9,True
7756022874367,D1,D2,False
7756023169279,D7,D8,False
7756023529727,D1,D1,True
7756023890175,D2,D3,False
7756025200895,D1,D1,True
7756025790719,D9,D9,True
7756026577151,D5,D7,False
7756026773759,D3,D5,False
7756026904831,D1,D1,True
7756027429119,D3,D3,True
7756027887871,D2,D3,False
7756028248319,D2,D2,True
7756028412159,D9,D9,True
7756028543231,D4,D6,False
7756028739839,D8,D9,False
7756029362431,D7,D8,False
7756029952255,D9,D9,True
7756029985023,D6,D8,False
7756030083327,D7,D8,False
7756030116095,D8,D9,False
7756030148863,D3,D5,False
7756030181631,D1,D1,True
7756030279935,D9,D9,True
7756030345471,D9,D9,True
7756030411007,D5,D7,False
7756030509311,D6,D8,False
7756030607615,D9,D10,False
7756030705919,D2,D3,False
7756030771455,D4,D7,False
7756030836991,D3,D5,False
7756030935295,D5,D7,False
7756030968063,D5,D7,False
7756031000831,D9,D10,False
7756031066367,D6,D8,False
7756031099135,D5,D7,False
7756031197439,D5,D6,False
7756031262975,D9,D10,False
7756031328511,D9,D9,True
7756031361279,D1,D2,False
7756031394047,D9,D10,False
7756031492351,D8,D9,False
7756031525119,D8,D9,False
7756031656191,D5,D6,False
7756031754495,D2,D4,False
7756031885567,D9,D10,False
7756031983871,D6,D8,False
7756032082175,D3,D5,False
7756032180479,D9,D9,True
7756032246015,D5,D7,False
7756032278783,D3,D6,False
7756032671999,D8,D9,False
7756032803071,D8,D9,False
7756032835839,D5,D6,False
7756032868607,D8,D8,True
7756032934143,D1,D1,True
7756032999679,D9,D9,True
7756033032447,D9,D10,False
7756033229055,D9,D9,True
7756033261823,D8,D9,False
7756033327359,D2,D4,False
7756033425663,D8,D9,False
7756033458431,D2,D4,False
7756033589503,D7,D8,False
7756033687807,D2,D3,False
7756033720575,D2,D3,False
7756033753343,D1,D1,True
7756033884415,D5,D7,False
7756033949951,D2,D3,False
7756033982719,D3,D5,False
7756034015487,D8,D9,False
7756034146559,D2,D2,True
7756034212095,D10,D10,True
7756034375935,D8,D9,False
7756034441471,D7,D8,False
7756034539775,D1,D1,True
7756034638079,D10,D10,True
7756034703615,D1,D3,False
7756034769151,D8,D9,False
7756034834687,D5,D7,False
7756034867455,D5,D7,False
7756034900223,D7,D8,False
7756035129599,D3,D4,False
7756035326207,D9,D10,False
7756035358975,D3,D5,False
7756035391743,D8,D9,False
7756035457279,D10,D10,True
7756035522815,D4,D6,False
7756035588351,D1,D3,False
7756035653887,D8,D9,False
7756035719423,D6,D8,False
7756035752191,D8,D8,True
7756035817727,D2,D4,False
7756035883263,D8,D9,False
7756035916031,D5,D7,False
7756036014335,D5,D7,False
7756036047103,D5,D7,False
7756036440319,D9,D10,False
7756036636927,D9,D10,False
7756036767999,D8,D9,False
7756036833535,D8,D9,False
7756037030143,D9,D9,True
7756037095679,D3,D5,False
7756037128447,D2,D3,False
7756037193983,D4,D7,False
7756037226751,D9,D9,True
7756037259519,D4,D6,False
7756037325055,D2,D4,False
7756037357823,D7,D7,True
7756037390591,D1,D2,False
7756037456127,D9,D9,True
7756037488895,D2,D4,False
7756037521663,D8,D9,False
7756037587199,D10,D10,True
7756037619967,D9,D9,True
7756037652735,D9,D9,True
7756037685503,D8,D9,False
7756037718271,D2,D4,False
7756037816575,D9,D9,True
7756037980415,D8,D9,False
7756038111487,D3,D5,False
7756038144255,D8,D9,False
7756038209791,D5,D7,False
7756038275327,D2,D4,False
7756038308095,D2,D4,False
7756038373631,D2,D3,False
7756038406399,D1,D1,True
7756038439167,D9,D10,False
7756038471935,D5,D7,False
7756038537471,D9,D10,False
7756038570239,D8,D9,False
7756038603007,D2,D4,False
7756038635775,D5,D7,False
7756038701311,D7,D8,False
7756038799615,D8,D9,False
7756038897919,D9,D9,True
7756038930687,D4,D6,False
7756038963455,D3,D6,False
7756039094527,D6,D8,False
7756039127295,D1,D3,False
7756039225599,D9,D9,True
7756039258367,D1,D3,False
7756039291135,D9,D9,True
7756039323903,D4,D7,False
7756039356671,D10,D10,True
7756039487743,D9,D10,False
7756039553279,D3,D6,False
7756039618815,D10,D10,True
7756039651583,D7,D8,False
7756039717119,D8,D9,False
7756039782655,D8,D9,False
7756039913727,D1,D1,True
7756040241407,D3,D5,False
7756040274175,D5,D7,False
7756040339711,D8,D9,False
7756040372479,D5,D7,False
7756040503551,D1,D1,True
7756040634623,D1,D2,False
7756040896767,D2,D4,False
7756041027839,D1,D2,False
7756041158911,D4,D5,False
7756041715967,D8,D9,False
7756041814271,D8,D9,False
7756041945343,D6,D8,False
7756042043647,D10,D10,True
7756042076415,D9,D10,False
7756042174719,D1,D1,True
7756042207487,D10,D10,True
7756042273023,D6,D8,False
7756042338559,D10,D10,True
7756042436863,D10,D10,True
7756042469631,D10,D10,True
7756042502399,D1,D2,False
7756042535167,D10,D10,True
7756042567935,D10,D10,True
7756042600703,D10,D10,True
7756042666239,D10,D10,True
7756042699007,D10,D10,True
7756042764543,D10,D10,True
7756042797311,D7,D8,False
7756042830079,D10,D10,True
7756042862847,D10,D10,True
7756042895615,D6,D7,False
7756042961151,D10,D10,True
7756043026687,D10,D10,True
7756043124991,D9,D9,True
7756043157759,D10,D10,True
7756043223295,D8,D9,False
7756043256063,D2,D2,True
7756043288831,D9,D9,True
7756043321599,D4,D5,False
7756043354367,D10,D10,True
7756043419903,D10,D10,True
7756043452671,D10,D10,True
7756043485439,D10,D10,True
7756043518207,D2,D4,False
7756043550975,D10,D10,True
7756043583743,D1,D2,False
7756043616511,D9,D9,True
7756043649279,D10,D10,True
7756043714815,D10,D10,True
7756043747583,D1,D1,True
7756043780351,D9,D10,False
7756043813119,D10,D10,True
7756043845887,D8,D9,False
7756043878655,D10,D10,True
7756043911423,D4,D7,False
7756043944191,D10,D10,True
7756043976959,D10,D10,True
7756044009727,D10,D10,True
7756044075263,D10,D10,True
7756044140799,D5,D7,False
7756044239103,D1,D1,True
7756044304639,D3,D6,False
7756044402943,D8,D9,False
7756044435711,D5,D7,False
7756044534015,D9,D9,True
7756044566783,D1,D1,True
7756044599551,D8,D9,False
7756044665087,D8,D9,False
7756044730623,D3,D5,False
7756044763391,D7,D8,False
7756044828927,D8,D9,False
7756045025535,D5,D7,False
7756045353215,D7,D8,False
7756045385983,D6,D8,False
7756045418751,D8,D9,False
7756045451519,D9,D9,True
7756045517055,D5,D7,False
7756045648127,D1,D1,True
7756045746431,D8,D9,False
7756045779199,D9,D10,False
7756045811967,D1,D2,False
7756045844735,D10,D10,True
7756045910271,D10,D10,True
7756045943039,D3,D5,False
7756046074111,D10,D10,True
7756046205183,D10,D10,True
7756046336255,D7,D7,True
7756046401791,D10,D10,True
7756046598399,D10,D10,True
7756046795007,D10,D10,True
7756046893311,D10,D10,True
7756047089919,D9,D9,True
7756047122687,D10,D10,True
7756047155455,D10,D10,True
7756047253759,D9,D10,False
7756047286527,D10,D10,True
7756047352063,D9,D10,False
7756047384831,D9,D10,False
7756047515903,D9,D10,False
7756047548671,D10,D10,True
7756047581439,D10,D10,True
7756047614207,D10,D10,True
7756047646975,D10,D10,True
7756047679743,D10,D10,True
7756047745279,D10,D10,True
7756047778047,D10,D10,True
7756047810815,D8,D9,False
7756047843583,D9,D10,False
7756047909119,D10,D10,True
7756047974655,D9,D10,False
7756048040191,D9,D10,False
7756048072959,D10,D10,True
7756048138495,D10,D10,True
7756048171263,D10,D10,True
7756048204031,D1,D1,True
7756048236799,D2,D4,False
7756048466175,D10,D10,True
7756048597247,D1,D2,False
7756048630015,D1,D1,True
7756048662783,D4,D6,False
7756048695551,D3,D5,False
7756048924927,D9,D9,True
7756048957695,D7,D8,False
7756048990463,D6,D8,False
7756156698879,D6,D5,False
7756157026559,D10,D10,True
7756158107903,D6,D8,False
7756159058175,D5,D5,True
7756169871615,D4,D5,False
7756170002687,D2,D2,True
7756173213951,D2,D1,False
7756173345023,D8,D8,True
7756175606015,D6,D6,True
7756179079423,D9,D9,True
7756180357375,D4,D4,True
7756181373183,D3,D3,True
7756181897471,D2,D3,False
7756183634175,D1,D1,True
7756185796863,D3,D2,False
7756190777599,D2,D3,False
7756193169663,D3,D3,True
7756194939135,D7,D7,True
7756195201279,D9,D9,True
7756195463423,D5,D7,False
7756199952639,D2,D3,False
7756203524351,D3,D4,False
7756206735615,D9,D9,True
7756211585279,D2,D3,False
7756215746815,D3,D3,True
7756218728703,D2,D2,True
7756239372543,D5,D4,False
7756240191743,D3,D2,False
7756260147455,D9,D9,True
7756260180223,D4,D7,False
7756260245759,D6,D7,False
7756260278527,D9,D9,True
7756260311295,D1,D1,True
7756260344063,D5,D7,False
7756260475135,D6,D8,False
7756260540671,D4,D4,True
7756260573439,D2,D2,True
7756260606207,D6,D8,False
7756260638975,D7,D8,False
7756260671743,D2,D2,True
7756260901119,D7,D8,False
7756260933887,D8,D7,False
7756261032191,D4,D5,False
7756261130495,D1,D1,True
7756261490943,D6,D8,False
7756261523711,D5,D7,False
7756261589247,D2,D1,False
7756261687551,D9,D9,True
7756261949695,D7,D7,True
7756262539519,D9,D9,True
7756262572287,D9,D8,False
7756262801663,D1,D1,True
7756262899967,D5,D6,False
7756262998271,D5,D6,False
7756263162111,D7,D8,False
7756263391487,D5,D5,True
7756263457023,D2,D2,True
7756263489791,D7,D8,False
7756263522559,D1,D1,True
7756263555327,D9,D9,True
7756263588095,D7,D8,False
7756263751935,D9,D9,True
7756263817471,D3,D3,True
7756263981311,D7,D8,False
7756264014079,D8,D8,True
7756264046847,D6,D8,False
7756264079615,D9,D8,False
7756264145151,D9,D9,True
7756264177919,D2,D3,False
7756264210687,D8,D9,False
7756264243455,D7,D8,False
7756264341759,D8,D8,True
7756264407295,D9,D9,True
7756264440063,D1,D1,True
7756264538367,D5,D7,False
7756264571135,D5,D5,True
7756264603903,D7,D8,False
7756264734975,D6,D8,False
7756264767743,D6,D7,False
7756264800511,D1,D1,True
7756264866047,D6,D7,False
7756264898815,D6,D8,False
7756264964351,D9,D9,True
7756264997119,D2,D3,False
7756265029887,D7,D7,True
7756265292031,D5,D7,False
7756265521407,D8,D9,False
7756265619711,D1,D1,True
7756265718015,D5,D5,True
7756265783551,D8,D9,False
7756265881855,D9,D9,True
7756265947391,D9,D9,True
7756266242303,D4,D4,True
7756266275071,D8,D8,True
7756266340607,D1,D1,True
7756266635519,D5,D6,False
7756266701055,D5,D6,False
7756266864895,D5,D4,False
7756266930431,D1,D1,True
7756266963199,D7,D8,False
7756267028735,D8,D8,True
7756267192575,D5,D5,True
7756267258111,D6,D4,False
7756267389183,D5,D4,False
7756267454719,D1,D1,True
7756268634367,D5,D5,True
7756277252351,D3,D4,False
7756279578879,D4,D5,False
7756280692991,D8,D8,True
7756283052287,D7,D8,False
7756284690687,D5,D7,False
7756288622847,D2,D3,False
7756299960575,D9,D9,True
7756300091647,D5,D5,True
7756300517631,D3,D5,False
7756316672255,D1,D1,True
7756318507263,D7,D7,True
7756319424767,D8,D8,True
7756320964863,D2,D3,False
7756325323007,D10,D10,True
7756327911679,D1,D1,True
7756328009983,D4,D5,False
7756328239359,D4,D5,False
7756328435967,D4,D4,True
7756328501503,D9,D8,False
7756328534271,D5,D6,False
7756328730879,D8,D8,True
7756347736319,D8,D7,False
7756347965695,D5,D6,False
7756348096767,D9,D9,True
7756348162303,D1,D1,True
7756348326143,D9,D9,True
7756348522751,D2,D2,True
7756348588287,D6,D6,True
7756348719359,D3,D5,False
7756348883199,D6,D8,False
7756348915967,D4,D5,False
7756349047039,D7,D8,False
7756349112575,D1,D1,True
7756349243647,D6,D5,False
7756349440255,D1,D1,True
7756349538559,D9,D9,True
7756349800703,D6,D7,False
7756349833471,D8,D8,True
7756349866239,D2,D3,False
7756350226687,D9,D9,True
7756350292223,D6,D6,True
7756350488831,D8,D9,False
7756350816511,D6,D6,True
7756351439103,D3,D4,False
7756351996159,D5,D5,True
7756352127231,D6,D7,False
7756352159999,D8,D8,True
7756352356607,D2,D2,True
7756353601791,D4,D6,False
7756353798399,D9,D9,True
7756354027775,D9,D9,True
7756354093311,D8,D9,False
7756354158847,D5,D5,True
7756354224383,D7,D8,False
7756354257151,D1,D1,True
7756354322687,D4,D5,False
7756354584831,D5,D7,False
7756354617599,D5,D7,False
7756354781439,D7,D8,False
7756355010815,D4,D6,False
7756355240191,D6,D8,False
7756355436799,D7,D8,False
7756355633407,D9,D9,True
7756355666175,D7,D7,True
7756356092159,D5,D7,False
7756356616447,D4,D4,True
7756357435647,D1,D1,True
7756357468415,D8,D7,False
7756357501183,D9,D9,True
7756357566719,D3,D6,False
7756357632255,D2,D2,True
7756357730559,D6,D8,False
7756357763327,D1,D2,False
7756357796095,D1,D2,False
7756357959935,D8,D8,True
7756358025471,D8,D9,False
7756358222079,D5,D7,False
7756358385919,D4,D7,False
7756358713599,D8,D8,True
7756358811903,D7,D8,False
7756358844671,D1,D1,True
7756358877439,D9,D9,True
7756359106815,D6,D7,False
7756359336191,D1,D1,True
7756359434495,D6,D8,False
7756359467263,D6,D5,False
7756359827711,D6,D7,False
7756359926015,D7,D8,False
7756360089855,D9,D9,True
7756360188159,D8,D9,False
7756360319231,D7,D8,False
7756360614143,D7,D8,False
7756360876287,D2,D2,True
7756360974591,D9,D9,True
7756361203967,D5,D5,True
7756361269503,D7,D6,False
7756361367807,D2,D2,True
7756361400575,D7,D6,False
7756361433343,D7,D8,False
7756361498879,D4,D5,False
7756361597183,D6,D8,False
7756361629951,D5,D5,True
7756361662719,D8,D9,False
7756361695487,D8,D9,False
7756361761023,D6,D7,False
7756361859327,D5,D7,False
7756362055935,D7,D8,False
7756362350847,D6,D8,False
7756362416383,D5,D5,True
7756362645759,D3,D2,False
7756362711295,D8,D8,True
7756362842367,D6,D7,False
7756362973439,D3,D3,True
7756363104511,D3,D3,True
7756363432191,D9,D8,False
7756364284159,D5,D7,False
7756364513535,D9,D9,True
7756364677375,D3,D5,False
7756365496575,D7,D8,False
7756365562111,D9,D9,True
7756365660415,D7,D6,False
7756365758719,D8,D7,False
7756372902143,D9,D8,False
7756374016255,D4,D4,True
7756374442239,D1,D1,True
7756375097599,D1,D3,False
7756375163135,D5,D5,True
7756375458047,D9,D8,False
7756375490815,D9,D9,True
7756375785727,D2,D3,False
7756376375551,D4,D5,False
7756376408319,D1,D1,True
7756376637695,D4,D3,False
7756376834303,D8,D8,True
7756376965375,D8,D9,False
7756377260287,D9,D9,True
7756377293055,D6,D7,False
7756377587967,D6,D6,True
7756377620735,D8,D9,False
7756377686271,D9,D9,True
7756378931455,D3,D3,True
7756378964223,D8,D9,False
7756379291903,D8,D9,False
7756379685119,D8,D9,False
7756379980031,D6,D8,False
7756380012799,D8,D9,False
7756380111103,D2,D4,False
7756380176639,D2,D4,False
7756380209407,D9,D9,True
7756380864767,D7,D8,False
7756380963071,D6,D6,True
7756380995839,D7,D8,False
7756381159679,D7,D8,False
7756381290751,D9,D8,False
7756381683967,D1,D1,True
7756381815039,D5,D6,False
7756381880575,D9,D8,False
7756382208255,D9,D8,False
7756382339327,D2,D2,True
7756382535935,D4,D5,False
7756382699775,D8,D9,False
7756382896383,D8,D8,True
7756383420671,D8,D8,True
7756383486207,D2,D2,True
7756384174335,D9,D8,False
7756384305407,D7,D8,False
7756384338175,D5,D5,True
7756385190143,D6,D8,False
7756385386751,D8,D9,False
7756385583359,D8,D8,True
7756385714431,D4,D5,False
7756385779967,D5,D6,False
7756385878271,D9,D9,True
7756385976575,D6,D7,False
7756386009343,D8,D9,False
7756386042111,D1,D1,True
7756386074879,D6,D8,False
7756386369791,D4,D5,False
7756386435327,D7,D8,False
7756387909887,D2,D3,False
7756388237567,D9,D9,True
7756392923391,D2,D1,False
7756393611519,D4,D2,False
7756395020543,D3,D3,True
7756395053311,D8,D8,True
7756396036351,D1,D1,True
7756396069119,D5,D6,False
7756396101887,D7,D8,False
7756396265727,D3,D2,False
7756396921087,D2,D3,False
7756396953855,D1,D1,True
7756397412607,D1,D2,False
7756397445375,D8,D9,False
7756397609215,D6,D4,False
7756398035199,D3,D3,True
7756398166271,D8,D9,False
7756398231807,D10,D10,True
7756398264575,D2,D4,False
7756398493951,D5,D7,False
7756398657791,D5,D6,False
7756398854399,D3,D5,False
7756398919935,D8,D9,False
7756399116543,D6,D8,False
7756399247615,D6,D6,True
7756399313151,D7,D7,True
7756399640831,D4,D5,False
7756399706367,D6,D5,False
7756399739135,D9,D8,False
7756400787711,D1,D3,False
7756400918783,D4,D6,False
7756401017087,D4,D4,True
7756403441919,D9,D9,True
7756404064511,D1,D1,True
7756404261119,D2,D2,True
7756404359423,D6,D7,False
7756404982015,D7,D6,False
7756405211391,D3,D4,False
7756405604607,D9,D9,True
7756405932287,D8,D8,True
7756406522111,D3,D3,True
7756406751487,D2,D1,False
7756407046399,D8,D7,False
7756407177471,D2,D2,True
7756407341311,D3,D3,True
7756407505151,D2,D3,False
7756407996671,D4,D4,True
7756408029439,D1,D1,True
7756408094975,D5,D5,True
7756408127743,D6,D8,False
7756408652031,D9,D8,False
7756408750335,D4,D4,True
7756409045247,D3,D4,False
7756409078015,D8,D8,True
7756409471231,D9,D9,True
7756409536767,D5,D6,False
7756409667839,D2,D3,False
7756410683647,D1,D1,True
7756410749183,D4,D4,True
7756410814719,D7,D8,False
7756410978559,D2,D2,True
7756411470079,D4,D4,True
7756411535615,D3,D4,False
7756411764991,D10,D10,True
7756411797759,D4,D4,True
7756412387583,D2,D2,True
7756412616959,D8,D7,False
7756412977407,D7,D8,False
7756413206783,D7,D7,True
7756413239551,D5,D4,False
7756413468927,D7,D7,True
7756413567231,D7,D7,True
7756413731071,D8,D9,False
7756414025983,D6,D8,False
7756414091519,D4,D3,False
7756414255359,D6,D7,False
7756414583039,D1,D1,True
7756414714111,D7,D6,False
7756414910719,D2,D2,True
7756415074559,D7,D7,True
7756415205631,D3,D4,False
7756415271167,D8,D7,False
7756415303935,D4,D4,True
7756415500543,D1,D1,True
7756415533311,D4,D5,False
7756415631615,D6,D7,False
7756415697151,D8,D9,False
7756415860991,D3,D4,False
7756415893759,D6,D6,True
7756416975103,D8,D9,False
7756417270015,D9,D9,True
7756417532159,D7,D7,True
7756417695999,D4,D5,False
7756418023679,D2,D2,True
7756418121983,D7,D6,False
7756418351359,D7,D6,False
7756418547967,D7,D7,True
7756418580735,D7,D7,True
7756418613503,D1,D1,True
7756418941183,D3,D4,False
7756418973951,D1,D2,False
7756419006719,D10,D10,True
7756419203327,D4,D4,True
7756420153599,D3,D3,True
7756420251903,D1,D1,True
7756420317439,D2,D2,True
7756420350207,D4,D7,False
7756420481279,D7,D6,False
7756420546815,D3,D4,False
7756420579583,D2,D1,False
7756421267711,D9,D9,True
7756421300479,D1,D1,True
7756421497087,D3,D3,True
7756421595391,D4,D4,True
7756421693695,D8,D8,True
7756421726463,D5,D4,False
7756421923071,D4,D4,True
7756421955839,D7,D7,True
7756422086911,D7,D6,False
7756422217983,D5,D6,False
7756422512895,D5,D7,False
7756422578431,D2,D2,True
7756422676735,D8,D9,False
7756422807807,D9,D10,False
7756422906111,D8,D7,False
7756422938879,D8,D9,False
7756423037183,D4,D5,False
7756423299327,D1,D1,True
7756423495935,D3,D2,False
7756423627007,D2,D2,True
7756423758079,D4,D5,False
7756424544511,D7,D7,True
7756424708351,D2,D2,True
7756424806655,D6,D6,True
7756425134335,D2,D2,True
7756425232639,D4,D5,False
7756425298175,D2,D2,True
7756425494783,D5,D5,True
7756425560319,D7,D7,True
7756425822463,D5,D5,True
7756425855231,D9,D10,False
7756426051839,D5,D6,False
7756426150143,D6,D6,True
7756426477823,D7,D7,True
7756426838271,D8,D8,True
7756426871039,D7,D7,True
7756427165951,D7,D7,True
7756427657471,D8,D6,False
7756427919615,D3,D4,False
7756428083455,D8,D8,True
7756428116223,D2,D2,True
7756428378367,D3,D4,False
7756428443903,D6,D7,False
7756428476671,D4,D4,True
7756428509439,D3,D3,True
7756428771583,D5,D4,False
7756428804351,D7,D7,True
7756428902655,D1,D1,True
7756429361407,D2,D3,False
7756429426943,D8,D9,False
7756429492479,D3,D2,False
7756429525247,D1,D1,True
7756429590783,D6,D6,True
7756429754623,D6,D4,False
7756429787391,D8,D8,True
7756429820159,D2,D2,True
7756429852927,D6,D5,False
7756430016767,D1,D1,True
7756430115071,D6,D7,False
7756430180607,D3,D3,True
7756430213375,D3,D3,True
7756430278911,D8,D7,False
7756430311679,D8,D8,True
7756430377215,D4,D4,True
7756430541055,D6,D7,False
7756430639359,D1,D1,True
7756430672127,D8,D8,True
7756430704895,D8,D8,True
7756430737663,D4,D4,True
7756430770431,D5,D5,True
7756430803199,D4,D3,False
7756430835967,D8,D8,True
7756430868735,D9,D10,False
7756430934271,D8,D7,False
7756430967039,D2,D2,True
7756431032575,D8,D8,True
7756431196415,D7,D7,True
7756431294719,D8,D7,False
7756431327487,D5,D4,False
7756431425791,D6,D6,True
7756431458559,D8,D7,False
7756431491327,D6,D5,False
7756431556863,D1,D1,True
7756431655167,D5,D5,True
7756431786239,D4,D4,True
7756431851775,D5,D6,False
7756431950079,D9,D8,False
7756432212223,D1,D1,True
7756432277759,D9,D9,True
7756432310527,D8,D9,False
7756432539903,D7,D8,False
7756432834815,D9,D9,True
7756433359103,D5,D5,True
7756433621247,D6,D6,True
7756433686783,D1,D1,True
7756433785087,D7,D7,True
7756433883391,D5,D4,False
7756434014463,D8,D8,True
7756434047231,D4,D5,False
7756434112767,D5,D4,False
7756434178303,D6,D6,True
7756434211071,D4,D5,False
7756434374911,D9,D9,True
7756434407679,D5,D4,False
7756434735359,D7,D7,True
7756434899199,D2,D3,False
7756435194111,D5,D6,False
7756435456255,D6,D7,False
7756435521791,D4,D4,True
7756435587327,D3,D4,False
7756435685631,D7,D7,True
7756435751167,D4,D4,True
7756435849471,D3,D4,False
7756435915007,D3,D2,False
7756436013311,D4,D4,True
7756436046079,D8,D8,True
7756436111615,D7,D7,True
7756436144383,D7,D7,True
7756436209919,D7,D7,True
7756436472063,D5,D6,False
7756436701439,D2,D2,True
7756437192959,D8,D8,True
7756437455103,D1,D1,True
7756437520639,D4,D4,True
7756437717247,D10,D10,True
7756437750015,D2,D2,True
7756437881087,D5,D4,False
7756438241535,D9,D9,True
7756438601983,D8,D7,False
7756438634751,D1,D1,True
7756438667519,D4,D4,True
7756438700287,D8,D8,True
7756438962431,D5,D4,False
7756438995199,D4,D5,False
7756439027967,D8,D7,False
7756439126271,D7,D7,True
7756439159039,D9,D8,False
7756439224575,D9,D8,False
7756439355647,D8,D6,False
7756439519487,D5,D5,True
7756439552255,D8,D8,True
7756439585023,D3,D3,True
7756439683327,D3,D3,True
7756439716095,D5,D4,False
7756439748863,D1,D1,True
7756439814399,D8,D7,False
7756439879935,D5,D4,False
7756439912703,D7,D6,False
7756440043775,D5,D4,False
7756440076543,D8,D8,True
7756440109311,D7,D7,True
7756440207615,D8,D7,False
7756440240383,D5,D4,False
7756440305919,D3,D3,True
7756440338687,D4,D4,True
7756440371455,D8,D8,True
7756440404223,D1,D1,True
7756440436991,D6,D7,False
7756440502527,D4,D3,False
7756440535295,D2,D1,False
7756440568063,D9,D9,True
7756440600831,D6,D6,True
7756440699135,D8,D8,True
7756440731903,D6,D4,False
7756440994047,D7,D7,True
7756442730751,D2,D2,True
7756446138623,D6,D5,False
7756446793983,D4,D4,True
7756448170239,D10,D10,True
7756448334079,D6,D6,True
7756450529535,D5,D5,True
7756452692223,D10,D10,True
7756453216511,D2,D2,True
7756456395007,D7,D7,True
7756456689919,D9,D9,True
7756456820991,D3,D3,True
7756457050367,D7,D7,True
7756457148671,D2,D2,True
7756457312511,D3,D4,False
7756457345279,D5,D5,True
7756457443583,D1,D1,True
7756457509119,D2,D1,False
7756457541887,D2,D2,True
7756457574655,D9,D8,False
7756457672959,D7,D7,True
7756457935103,D8,D9,False
7756458000639,D6,D6,True
7756458033407,D9,D8,False
7756458098943,D4,D4,True
7756458295551,D5,D5,True
7756458819839,D8,D8,True
7756458885375,D4,D4,True
7756459049215,D7,D7,True
7756459114751,D1,D1,True
7756459180287,D6,D7,False
7756459213055,D5,D6,False
7756459344127,D5,D5,True
7756459475199,D7,D8,False
7756459639039,D6,D6,True
7756459933951,D8,D8,True
7756460032255,D7,D7,True
7756460196095,D8,D9,False
7756460261631,D7,D7,True
7756460294399,D3,D2,False
7756460327167,D9,D9,True
7756460425471,D2,D2,True
7756460458239,D4,D4,True
7756460523775,D7,D6,False
7756460589311,D7,D6,False
7756460687615,D7,D7,True
7756460818687,D7,D7,True
7756460884223,D7,D5,False
7756460916991,D9,D9,True
7756460949759,D7,D7,True
7756461113599,D7,D6,False
7756461244671,D3,D3,True
7756461342975,D5,D4,False
7756461375743,D2,D2,True
7756461441279,D1,D1,True
7756461605119,D4,D4,True
7756461670655,D2,D2,True
7756461932799,D9,D9,True
7756462031103,D8,D8,True
7756462063871,D9,D9,True
7756462096639,D4,D3,False
7756462227711,D4,D3,False
7756462260479,D8,D8,True
7756462293247,D1,D1,True
7756462326015,D3,D3,True
7756462653695,D4,D4,True
7756462915839,D8,D8,True
7756463079679,D6,D7,False
7756463243519,D5,D4,False
7756463276287,D9,D8,False
7756463931647,D7,D7,True
7756463964415,D4,D4,True
7756464390399,D9,D8,False
7756464783615,D3,D4,False
7756464914687,D2,D2,True
7756464947455,D3,D3,True
7756465078527,D9,D8,False
7756465144063,D7,D7,True
7756465176831,D7,D7,True
7756465307903,D7,D7,True
7756465373439,D4,D4,True
7756465537279,D4,D4,True
7756465570047,D3,D3,True
7756465668351,D4,D4,True
7756465701119,D6,D6,True
7756465766655,D7,D7,True
7756465864959,D4,D4,True
7756466028799,D1,D1,True
7756466061567,D3,D3,True
7756466094335,D2,D2,True
7756466159871,D7,D6,False
7756466192639,D7,D7,True
7756466323711,D5,D5,True
7756466389247,D7,D7,True
7756466847999,D7,D7,True
7756466913535,D4,D4,True
7756466946303,D4,D4,True
7756467011839,D7,D7,True
7756467044607,D5,D5,True
7756467142911,D7,D7,True
7756467208447,D2,D2,True
7756467470591,D6,D7,False
7756467536127,D7,D7,True
7756467568895,D7,D7,True
7756467601663,D5,D5,True
7756467634431,D5,D4,False
7756467765503,D9,D8,False
7756467798271,D8,D7,False
7756467831039,D8,D7,False
7756467994879,D5,D4,False
7756468027647,D3,D2,False
7756468060415,D7,D7,True
7756468125951,D1,D1,True
7756468158719,D7,D7,True
7756468224255,D8,D7,False
7756468257023,D5,D4,False
7756468355327,D3,D2,False
7756468388095,D8,D7,False
7756468420863,D5,D4,False
7756468453631,D2,D1,False
7756468486399,D3,D2,False
7756468519167,D4,D3,False
7756468551935,D8,D8,True
7756468683007,D8,D7,False
7756468748543,D8,D8,True
7756468781311,D8,D7,False
7756468814079,D10,D10,True
7756468846847,D5,D4,False
7756468879615,D6,D4,False
7756468912383,D7,D6,False
7756468945151,D4,D2,False
7756468977919,D1,D1,True
7756469010687,D4,D3,False
7756469043455,D5,D4,False
7756469076223,D8,D8,True
7756469108991,D8,D8,True
7756469207295,D4,D4,True
7756469240063,D4,D2,False
7756469305599,D7,D7,True
7756469338367,D8,D7,False
7756469403903,D5,D4,False
7756469436671,D2,D2,True
7756469469439,D6,D4,False
7756469534975,D5,D5,True
7756469600511,D3,D2,False
7756469633279,D5,D5,True
7756469698815,D8,D8,True
7756469731583,D2,D1,False
7756469764351,D8,D8,True
7756469797119,D5,D4,False
7756469829887,D8,D8,True
7756469895423,D1,D1,True
7756469960959,D5,D6,False
7756470288639,D4,D5,False
7756470321407,D2,D1,False
7756470419711,D8,D8,True
7756470583551,D7,D7,True
7756470616319,D6,D6,True
7756470649087,D7,D7,True
7756470681855,D8,D7,False
7756470976767,D2,D2,True
7756471304447,D2,D1,False
7756472811775,D9,D8,False
7756473303295,D7,D7,True
7756473499903,D1,D1,True
7756473794815,D4,D4,True
7756473860351,D8,D9,False
7756473958655,D7,D6,False
7756474188031,D6,D6,True
7756474581247,D7,D7,True
7756474712319,D7,D8,False
7756474777855,D3,D3,True
7756475465983,D8,D7,False
7756475531519,D7,D6,False
7756475564287,D6,D5,False
7756475728127,D9,D9,True
7756475793663,D7,D7,True
7756476449023,D4,D4,True
7756476645631,D1,D1,True
7756476940543,D6,D6,True
7756476973311,D2,D1,False
7756477071615,D9,D8,False
7756477104383,D9,D9,True
7756477235455,D8,D8,True
7756477268223,D6,D5,False
7756477300991,D2,D2,True
7756477333759,D9,D9,True
7756477530367,D8,D8,True
7756477563135,D9,D9,True
7756477628671,D4,D3,False
7756478316799,D10,D10,True
7756483690751,D2,D2,True
7756483952895,D3,D3,True
7756484018431,D5,D5,True
7756484313343,D9,D8,False
7756484346111,D1,D1,True
7756484575487,D7,D6,False
7756484608255,D7,D6,False
7756484673791,D5,D7,False
7756484706559,D6,D5,False
7756484772095,D3,D3,True
7756485132543,D6,D5,False
7756485230847,D3,D3,True
7756485361919,D1,D1,True
7756485427455,D7,D7,True
7756485558527,D5,D6,False
7756485656831,D3,D3,True
7756485853439,D3,D3,True
7756485951743,D1,D1,True
7756486017279,D6,D5,False
7756486115583,D7,D7,True
7756486344959,D8,D9,False
7756486443263,D4,D3,False
7756486476031,D2,D2,True
7756486672639,D2,D3,False
7756486738175,D6,D5,False
7756486836479,D7,D6,False
7756486934783,D1,D1,True
7756487065855,D6,D5,False
7756487360767,D7,D7,True
7756487459071,D7,D7,True
7756487590143,D8,D8,True
7756487622911,D5,D5,True
7756487655679,D3,D4,False
7756487688447,D6,D5,False
7756488343807,D6,D5,False
7756488442111,D6,D7,False
7756488605951,D7,D6,False
7779969761535,D6,D6,True
7783089176831,D6,D5,False
7802589675775,D6,D5,False
7802592067839,D6,D5,False
7807449334015,D3,D3,True
7817754509567,D1,D1,True
7817996632319,D8,D7,False
7818623779071,D5,D5,True
7819138269439,D2,D2,True
7819297620223,D1,D1,True
7819758993663,D7,D6,False
7823779168511,D3,D4,False
7824197943551,D1,D1,True
7825248059647,D3,D2,False
7826394972415,D4,D4,True
7826465128703,D1,D1,True
7826734874879,D3,D3,True
7829214429439,D3,D3,True
7829327184127,D4,D3,False
7829327315199,D7,D6,False
7829327347967,D9,D8,False
7829327446271,D6,D6,True
7829327544575,D2,D1,False
7829327675647,D4,D4,True
7829327708415,D2,D2,True
7829327872255,D7,D6,False
7829328363775,D8,D8,True
7829344321791,D8,D9,False
7829346124031,D7,D8,False
7829347598591,D7,D8,False
7829353070847,D5,D7,False
7829412086015,D2,D3,False
7829470118143,D9,D8,False
7829520974079,D1,D1,True
7830799909119,D3,D3,True
7831677305087,D10,D10,True
7832253006079,D5,D5,True
7834599522559,D8,D8,True
7835384873215,D1,D1,True
7841564426495,D2,D2,True
7842117648639,D9,D9,True
7843128967423,D2,D2,True
7843205382399,D7,D6,False
7843278913791,D3,D3,True
7843931291903,D10,D10,True
7845034328319,D3,D3,True
7845454479615,D3,D3,True
7845481414911,D6,D6,True
7845554127103,D9,D9,True
7845555437823,D9,D8,False
7847033995519,D4,D4,True
7851112497407,D1,D1,True
7851713364223,D9,D9,True
7851775066367,D1,D1,True
7852863193343,D6,D5,False
7856082321663,D2,D2,True
7857216094463,D7,D6,False
7857218584831,D6,D8,False
7862649389311,D3,D2,False
7866897531135,D3,D2,False
7867022213375,D4,D3,False
7868325495039,D2,D2,True
7869216030975,D10,D9,False
7869262201087,D1,D1,True
7869806838015,D3,D2,False
7870681383167,D6,D5,False
7870756061439,D2,D2,True
7870948802815,D2,D2,True
7872851575039,D3,D3,True
7875287580927,D6,D5,False
7875433824511,D2,D2,True
7875579904255,D10,D10,True
7875674800383,D1,D2,False
7875698360575,D4,D4,True
7877148934399,D5,D6,False
7877314773247,D4,D4,True
7877345804543,D6,D5,False
7878625362175,D2,D1,False
7878869090559,D3,D3,True
7878900580607,D3,D3,True
7881282453759,D6,D5,False
7881287041279,D8,D8,True
7881587589375,D9,D9,True
7883697324287,D1,D1,True
7884672827647,D3,D2,False
7884680397055,D4,D4,True
7886223180031,D4,D3,False
7888540107007,D3,D2,False
7888779870463,D8,D8,True
7891339510015,D4,D3,False
7893114618111,D6,D5,False
7894442672383,D3,D4,False
7894464626943,D2,D2,True
7895503831295,D6,D6,True
7895743430911,D7,D7,True
7896021860607,D2,D2,True
7896942477567,D5,D5,True
7897447629055,D3,D2,False
7898587037951,D8,D8,True
7898656243967,D3,D4,False
7898763755775,D9,D8,False
7899396669695,D8,D7,False
7900460515583,D9,D8,False
7900598927615,D7,D7,True
7901894574335,D7,D7,True
7902015652095,D6,D6,True
7902379475199,D6,D6,True
7903429984511,D3,D3,True
7903553224959,D9,D8,False
7905859633407,D5,D5,True
7905973895423,D5,D4,False
7905979990271,D10,D10,True
7910880280831,D2,D2,True
7914152001791,D7,D7,True
7914981261567,D9,D9,True
7915596251391,D2,D2,True
7915894931711,D6,D5,False
7915910988031,D6,D6,True
7916394086655,D5,D5,True
7916487934207,D1,D1,True
7918399881471,D7,D7,True
7918627094783,D7,D7,True
7919433187583,D2,D2,True
7922399772927,D1,D1,True
7922624430335,D5,D4,False
7927058858239,D6,D5,False
7927091200255,D6,D5,False
7927261954303,D2,D2,True
7927412392191,D2,D2,True
7927629185279,D7,D6,False
7929521078527,D3,D3,True
7929718046975,D7,D6,False
7929798164735,D7,D6,False
7930953138431,D8,D8,True
7932359868671,D2,D2,True
7932520530175,D9,D8,False
7933028401407,D9,D8,False
7933079257343,D6,D6,True
7933266723071,D6,D5,False
7933864575231,D2,D2,True
7934578458879,D6,D5,False
7937013809407,D2,D2,True
7938603286783,D7,D7,True
7938715844863,D4,D4,True
7938808807679,D7,D7,True
7939081961727,D10,D10,True
7939320578303,D7,D6,False
7940749426943,D1,D1,True
7940967268607,D2,D2,True
7941936939263,D6,D6,True
7942104416511,D5,D5,True
7942386712831,D1,D1,True
7942389006591,D6,D5,False
7942456410367,D5,D5,True
7942600655103,D7,D7,True
7942630015231,D6,D5,False
7943295992063,D7,D5,False
7943632584959,D7,D7,True
7944435400959,D7,D6,False
7944523645183,D10,D10,True
7944776253695,D7,D7,True
7944904311039,D5,D4,False
7944984461567,D8,D7,False
7944993079551,D10,D10,True
7945138209023,D6,D5,False
7945581887743,D2,D2,True
7945951576319,D7,D7,True
7946024288511,D7,D7,True
7946205430015,D4,D4,True
7946308026623,D7,D7,True
7946949165311,D3,D3,True
7946981572863,D10,D10,True
7947239391487,D10,D10,True
7947243618559,D10,D10,True
7947423645951,D10,D10,True
7947457921279,D10,D10,True
7947663081727,D2,D2,True
7947783307519,D10,D10,True
7947792810239,D10,D10,True
7947850252543,D10,D10,True
7947985584383,D10,D10,True
7948420382975,D10,D10,True
7948679774463,D8,D7,False
7948693700863,D2,D2,True
7948912394495,D10,D10,True
7949065060607,D10,D10,True
7949118767359,D10,D10,True
7949137477887,D2,D2,True
7949200654591,D9,D9,True
7949294174463,D10,D10,True
7949327368447,D5,D4,False
7949352468735,D10,D10,True
7949364068607,D10,D10,True
7949365117183,D10,D10,True
7950392361215,D6,D6,True
7952972939519,D10,D10,True
7953428513023,D10,D10,True
7953496867071,D10,D10,True
7953525604607,D10,D10,True
7953613816063,D2,D1,False
7953635377407,D10,D10,True
7953742430463,D10,D10,True
7953771331839,D10,D10,True
7953853120767,D10,D10,True
7953984815359,D10,D10,True
7953987862783,D10,D10,True
7954004803839,D2,D2,True
7954109268223,D6,D5,False
7954180342015,D7,D6,False
7954731794687,D10,D10,True
7954748440831,D10,D10,True
7955058655487,D3,D4,False
7955123634431,D10,D10,True
7955146408191,D6,D6,True
7955169247487,D10,D10,True
7955217023231,D10,D10,True
7955250249983,D2,D2,True
7956289716479,D10,D9,False
7956311998719,D1,D1,True
7956356399359,D6,D5,False
7956357021951,D1,D1,True
7956440285439,D7,D6,False
7956543766783,D10,D10,True
7956611399935,D10,D10,True
7957573435647,D10,D10,True
7957658271999,D10,D10,True
7957664694527,D5,D5,True
7957746417919,D2,D1,False
7957906981119,D2,D2,True
7957910520063,D10,D10,True
7958430187775,D6,D6,True
7958669623551,D10,D10,True
7958758752511,D6,D5,False
7958758916351,D9,D9,True
7958759211263,D9,D9,True
7958759571711,D7,D6,False
7958775333119,D9,D9,True
7958813212927,D3,D3,True
7958863151359,D10,D10,True
7958933405951,D2,D3,False
7958938517759,D10,D10,True
7958995828991,D6,D5,False
7959059300607,D5,D4,False
7959066575103,D10,D10,True
7959445766399,D1,D1,True
7959761486079,D1,D1,True
7959817552127,D8,D8,True
7960494932223,D10,D10,True
7960663032063,D10,D10,True
7960702255359,D10,D10,True
7960785453311,D7,D7,True
7960884084991,D10,D10,True
7960906924287,D10,D10,True
7960931926271,D10,D10,True
7960963154175,D3,D3,True
7961039569151,D5,D4,False
7961317933311,D10,D10,True
7961351127295,D2,D2,True
7962148634879,D10,D10,True
7962467172607,D4,D4,True
7962473169151,D10,D10,True
7962796523775,D10,D10,True
7962798620927,D1,D1,True
7962873069823,D10,D10,True
7963011383551,D10,D10,True
7963035402495,D7,D7,True
7963058274559,D10,D10,True
7963208450303,D10,D10,True
7963787067647,D3,D2,False
7963876983039,D6,D6,True
7964005826815,D9,D8,False
7964082503935,D7,D7,True
7964162883839,D10,D10,True
7964424962303,D10,D9,False
7964573794559,D6,D6,True
7964726853887,D7,D6,False
7964860383487,D10,D10,True
7966279008511,D10,D10,True
7966502945023,D8,D8,True
7966747197695,D7,D6,False
7966805885183,D10,D10,True
7967041978623,D5,D5,True
7967067177215,D3,D3,True
7967101387007,D10,D10,True
7967132156159,D10,D10,True
7967143395583,D9,D9,True
7967145787647,D10,D10,True
7967214207231,D9,D9,True
7967440109823,D2,D2,True
7967450366207,D4,D4,True
7967464521983,D6,D6,True
7967631802623,D10,D10,True
7968443990271,D1,D1,True
7968511426815,D1,D1,True
7968520470783,D10,D10,True
7968596427007,D1,D1,True
7968715604223,D3,D3,True
7968738312447,D6,D4,False
7968778813695,D3,D2,False
7968974504191,D8,D6,False
7968977092863,D1,D1,True
7969001079039,D10,D10,True
7969066320127,D1,D1,True
7969128972543,D10,D10,True
7969166819583,D6,D5,False
7969697235199,D7,D7,True
7969879949567,D9,D9,True
7969924874495,D8,D8,True
7969943060735,D10,D10,True
7970179580159,D10,D10,True
7970464071935,D9,D8,False
7970493825279,D2,D2,True
7970622636287,D9,D9,True
7971282485503,D10,D10,True
7971386065151,D1,D1,True
7971501867263,D1,D1,True
7971528638719,D10,D10,True
7971533324543,D3,D3,True
7971586015487,D10,D10,True
7971635331327,D1,D1,True
7972114432255,D3,D3,True
7973381570815,D9,D9,True
7973405720831,D6,D6,True
7973731008767,D7,D7,True
7973788745983,D6,D5,False
7973855068415,D10,D10,True
7974247530751,D10,D10,True
7974875758847,D2,D2,True
7975199604991,D7,D6,False
7975485112575,D9,D8,False
7975535345919,D10,D10,True
7975543505151,D10,D10,True
7975628898559,D6,D5,False
7976295858431,D6,D6,True
7976335540479,D4,D4,True
7976802779391,D10,D10,True
7976827355391,D10,D10,True
7977048670463,D6,D6,True
7977191375103,D10,D10,True
7977957818623,D3,D3,True
7978120249599,D6,D5,False
7978157310207,D10,D10,True
7978194665727,D10,D10,True
7978250043647,D10,D10,True
7978313023743,D7,D7,True
7978400940287,D6,D5,False
7979789648127,D2,D2,True
7979875467519,D10,D10,True
7979892637951,D6,D6,True
7979969282303,D10,D10,True
7980154650879,D10,D10,True
7980815548671,D10,D10,True
7981276627199,D10,D10,True
7981294485759,D10,D10,True
7981308379391,D8,D7,False
7981445284095,D10,D10,True
7981535985919,D5,D4,False
7981721747711,D10,D10,True
7984326705407,D10,D10,True
7984357114111,D1,D1,True
7984381395199,D5,D5,True
7984595435775,D4,D4,True
7984809738495,D1,D1,True
7986042929407,D10,D10,True
7986128716031,D6,D6,True
7986218402047,D10,D10,True
7986317426943,D10,D10,True
7986809078015,D6,D5,False
7987021545727,D10,D10,True
7988104200447,D10,D10,True
7988268073215,D1,D1,True
7988833779967,D4,D4,True
7988988313855,D1,D1,True
7989422915839,D10,D10,True
7991231217919,D1,D1,True
7991643373823,D10,D10,True
7991992877311,D2,D2,True
7993809535231,D10,D10,True
7994403029247,D10,D10,True
7994690470143,D2,D2,True
7994766262527,D10,D10,True
7994947797247,D9,D8,False
7995001045247,D2,D2,True
7995077689599,D7,D7,True
7999782879487,D1,D1,True
8000261095679,D5,D4,False
8000416088319,D7,D7,True
8001274544383,D5,D5,True
8001316258047,D10,D10,True
8001384251647,D9,D9,True
8002072051967,D6,D7,False
8002156495103,D4,D4,True
8002930802943,D1,D1,True
8003138027775,D3,D3,True
8004947214591,D1,D1,True
8006221234431,D4,D4,True
8006799393023,D5,D5,True
8007184122111,D10,D10,True
8008304951551,D10,D10,True
8008515059967,D10,D10,True
8009441018111,D10,D10,True
8013711114495,D10,D10,True
8013774881023,D10,D10,True
8013910507775,D10,D10,True
8014286160127,D4,D4,True
8014419394815,D9,D9,True
8014995226879,D10,D10,True
8015096807679,D10,D10,True
8015279849727,D9,D10,False
8015323431167,D9,D10,False
8015408922879,D2,D2,True
8015538847999,D10,D10,True
8015555100927,D8,D7,False
8015556968703,D8,D7,False
8015623946495,D9,D10,False
8015956279551,D3,D3,True
8016385671423,D6,D6,True
8017390960895,D10,D10,True
8017438605567,D3,D3,True
8017510826239,D10,D10,True
8017677648127,D10,D10,True
8025023512831,D6,D5,False
8025648005375,D10,D10,True
8025703809279,D10,D10,True
8026601783551,D10,D10,True
8026798129407,D5,D5,True
8027339292927,D9,D9,True
8028146925823,D10,D9,False
8028178481407,D10,D10,True
8028452782335,D10,D10,True
8029078454527,D3,D3,True
8029437657343,D4,D4,True
8030223007999,D5,D5,True
8031944671487,D6,D6,True
8033439154431,D5,D5,True
8033668399359,D10,D10,True
8033804583167,D10,D10,True
8033865564415,D10,D10,True
8033941029119,D10,D10,True
8033941389567,D10,D10,True
8035219767551,D10,D10,True
8035262234879,D4,D4,True
8035329016063,D10,D10,True
8035367223551,D2,D2,True
8035369779455,D10,D10,True
8035693494527,D7,D6,False
8035787800831,D4,D5,False
8035869753599,D10,D10,True
8035905110271,D3,D3,True
8035980280063,D7,D7,True
8036005380351,D10,D10,True
8036106404095,D10,D10,True
8036122493183,D4,D5,False
8036132880639,D5,D5,True
8036161880319,D5,D5,True
8037245124863,D1,D1,True
8037819154687,D2,D2,True
8038275481855,D10,D10,True
8039330185471,D6,D6,True
8039752990975,D5,D5,True
8040106819839,D8,D7,False
8040205353215,D10,D10,True
8041270116607,D9,D8,False
8041292071167,D5,D5,True
8041565847807,D10,D10,True
8041576464639,D10,D10,True
8041640952063,D10,D10,True
8042502553855,D5,D5,True
8042937680127,D3,D3,True
8044753846527,D10,D10,True
8048350658815,D1,D1,True
8049669374207,D4,D3,False
8050160206079,D7,D6,False
8050169282815,D5,D6,False
8051908051199,D9,D8,False
8052244119807,D10,D10,True
8052477853951,D5,D5,True
8054260531455,D10,D10,True
8054880207103,D1,D1,True
8054987063551,D10,D10,True
8055235969279,D3,D3,True
8055355998463,D7,D6,False
8055471735039,D1,D1,True
8055524688127,D9,D8,False
8058071318783,D7,D6,False
8058275791103,D10,D10,True
8058424099071,D5,D5,True
8059895546111,D10,D10,True
8060160180479,D1,D1,True
8060349612287,D10,D10,True
8060442607871,D10,D10,True
8060725330175,D9,D8,False
8061688185087,D10,D10,True
8061733208319,D9,D9,True
8061810802943,D6,D6,True
8062020255999,D5,D5,True
8062138417407,D10,D10,True
8062283251967,D10,D10,True
8062293704959,D10,D10,True
8062496899327,D10,D10,True
8063554158847,D10,D10,True
8063660425471,D4,D4,True
8064049643775,D3,D3,True
8065111785727,D9,D9,True
8065487667455,D10,D10,True
8065620410623,D8,D8,True
8065677295871,D5,D5,True
8066563244287,D10,D10,True
8067217883391,D5,D4,False
8067328737535,D3,D2,False
8067675586815,D2,D1,False
8069502337279,D2,D2,True
8069832278271,D5,D5,True
8070474268927,D10,D10,True
8071174652159,D10,D10,True
8071537033471,D9,D9,True
8071589462271,D1,D1,True
8071643332863,D1,D1,True
8071788527871,D3,D2,False
8073543909631,D10,D10,True
8073981886719,D10,D10,True
8073982476543,D6,D6,True
8074346168575,D3,D2,False
8074934288639,D9,D9,True
8075827020031,D10,D10,True
8076994806015,D10,D10,True
8077209796863,D10,D10,True
8077216153855,D4,D5,False
8077244072191,D8,D8,True
8077293191423,D9,D9,True
8077416464639,D4,D4,True
8077599473919,D10,D10,True
8077735428351,D10,D10,True
8078001438975,D10,D9,False
8078227734783,D7,D6,False
8078896857343,D6,D5,False
8079305408767,D6,D6,True
8079432679679,D3,D3,True
8079619653887,D8,D7,False
8079628501247,D6,D6,True
8079725232383,D10,D10,True
8079774515455,D6,D6,True
8079788310783,D10,D10,True
8079793520895,D10,D10,True
8079974039807,D9,D9,True
8079992914175,D9,D9,True
8080070476031,D8,D8,True
8080121921791,D10,D10,True
8080407593215,D9,D9,True
8081163682047,D10,D10,True
8081245405439,D10,D10,True
8081416552703,D3,D3,True
8081417273599,D10,D10,True
8081655464191,D5,D5,True
8081719984383,D5,D5,True
8081852530943,D1,D1,True
8082145935615,D10,D10,True
8082176082175,D5,D5,True
8082524045567,D10,D10,True
8082604687615,D4,D3,False
8082865291519,D2,D2,True
8082922176767,D10,D10,True
8083228492031,D10,D10,True
8083629015295,D9,D9,True
8084358234367,D5,D5,True
8084383236351,D3,D4,False
8084515258623,D3,D3,True
8084578664703,D10,D10,True
8085072314623,D10,D10,True
8085305164031,D9,D9,True
8085728002303,D9,D9,True
8086122987775,D5,D5,True
8086166831359,D6,D6,True
8086454305023,D10,D10,True
8086485106943,D8,D7,False
8086722543871,D10,D10,True
8087155572991,D7,D6,False
8087298408703,D3,D2,False
8088279548159,D4,D3,False
8088380178687,D4,D4,True
8089151799551,D6,D6,True
8089410470143,D2,D2,True
8089496355071,D7,D7,True
8089827574015,D10,D10,True
8089858441471,D10,D9,False
8090067173631,D8,D7,False
8090103939327,D5,D4,False
8090152206591,D3,D3,True
8090155057407,D9,D9,True
8090247790847,D10,D10,True
8091200127231,D10,D10,True
8091391557887,D5,D4,False
8091443003647,D2,D2,True
8091621916927,D10,D10,True
8091952742655,D10,D10,True
8092301197567,D5,D5,True
8092348940543,D10,D10,True
8093263364351,D10,D10,True
8093275193599,D10,D9,False
8093538975999,D5,D5,True
8093656678655,D4,D4,True
8093702029567,D10,D10,True
8094175363327,D6,D6,True
8094505500927,D4,D3,False
8094545182975,D3,D3,True
8094797889791,D7,D7,True
8094913626367,D6,D5,False
8095915049215,D5,D4,False
8096074957055,D5,D5,True
8096187580671,D8,D7,False
8096271827199,D10,D10,True
8096402768127,D4,D4,True
8096555991295,D9,D8,False
8096610910463,D5,D5,True
8096681820415,D10,D10,True
8096731693311,D8,D7,False
8096862929151,D10,D10,True
8096909394175,D7,D7,True
8097250345215,D9,D8,False
8097262534911,D6,D6,True
8097477132543,D3,D3,True
8098376089855,D10,D10,True
8098546254079,D5,D4,False
8098552250623,D1,D1,True
8098559328511,D10,D10,True
8099252928767,D10,D10,True
8099338027263,D10,D10,True
8099512942847,D10,D10,True
8099585458431,D7,D7,True
8099604300031,D10,D10,True
8099616981247,D10,D10,True
8099785801983,D10,D10,True
8101182767359,D9,D9,True
8101292966143,D7,D7,True
8101295620351,D10,D10,True
8101696995583,D10,D10,True
8101924536575,D6,D6,True
8102148604159,D6,D6,True
8103684276479,D7,D7,True
8105977348351,D6,D6,True
8106201874687,D10,D10,True
8106290151679,D3,D3,True
8106575036671,D6,D5,False
8106785079551,D10,D10,True
8107064525055,D10,D10,True
8108000968959,D3,D3,True
8108609241343,D10,D10,True
8108840026367,D10,D10,True
8108885016831,D5,D5,True
8108890456319,D10,D9,False
8108928467199,D10,D9,False
8108930564351,D8,D8,True
8109213352191,D3,D3,True
8109830078719,D8,D7,False
8109927891199,D9,D9,True
8109930512639,D2,D2,True
8109982777599,D5,D5,True
8110293385471,D3,D3,True
8110306787583,D7,D7,True
8110426095871,D5,D5,True
8111245000959,D4,D4,True
8111457501439,D10,D10,True
8111530934527,D6,D5,False
8111806447871,D3,D3,True
8113545249023,D7,D7,True
8114087887103,D9,D9,True
8114101715199,D1,D1,True
8115042943231,D3,D2,False
8115150946559,D3,D3,True
8115199738111,D6,D6,True
8115521323263,D5,D5,True
8115816890623,D5,D5,True
8116779909375,D9,D8,False
8117297119487,D5,D5,True
8117513683199,D1,D1,True
8117549793535,D4,D4,True
8117830811903,D2,D3,False
8118123331839,D6,D5,False
8118606430463,D5,D6,False
8119165911295,D4,D3,False
8119961092351,D3,D3,True
8120263606527,D6,D5,False
8120812536063,D2,D2,True
8121945030911,D4,D3,False
8123205091583,D5,D5,True
8123952955647,D3,D3,True
8124393455871,D3,D3,True
8124723888383,D4,D4,True
8125631594751,D8,D8,True
8125883908351,D4,D4,True
8127814893823,D4,D4,True
8130705981695,D3,D2,False
8131162177791,D7,D6,False
8133545754879,D4,D4,True
8133835391231,D5,D5,True
8133951881471,D2,D2,True
8134042910975,D10,D10,True
8134168314111,D6,D6,True
8134241386751,D1,D1,True
8136190361855,D9,D9,True
8136331428095,D9,D9,True
8139501338879,D3,D3,True
8140247105791,D6,D5,False
8140492046591,D10,D10,True
8140701565183,D8,D7,False
8142910947583,D5,D4,False
8143262155007,D4,D4,True
8143274115327,D5,D5,True
8144255942911,D5,D3,False
8144576479487,D7,D6,False
8144634249471,D8,D7,False
8144777707775,D3,D3,True
8146098356479,D2,D2,True
8147352027391,D10,D10,True
8147523043583,D4,D3,False
8147962560767,D2,D2,True
8148081869055,D1,D1,True
8148206747903,D4,D4,True
8149397504255,D5,D5,True
8149517795583,D9,D8,False
8149547942143,D4,D4,True
8149869854975,D2,D2,True
8150025306367,D3,D2,False
8150100574463,D7,D7,True
8151131488511,D5,D5,True
8151262363903,D9,D8,False
8151474929919,D2,D2,True
8151503044863,D5,D5,True
8151997710591,D4,D4,True
8154965737727,D5,D5,True
8156006482175,D7,D7,True
8158136729855,D10,D9,False
8160775373055,D10,D10,True
8160918765823,D3,D2,False
8161186349311,D4,D3,False
8161189069055,D4,D3,False
8161485390079,D7,D7,True
8162392932607,D1,D1,True
8162851520767,D10,D10,True
8163537879295,D5,D5,True
8163541680383,D4,D4,True
8164599759103,D3,D3,True
8164713496831,D7,D6,False
8164768678143,D4,D4,True
8164858659071,D9,D8,False
8164897816831,D10,D10,True
8164918395135,D6,D5,False
8164993827071,D7,D6,False
8165022564607,D4,D4,True
8165107958015,D6,D5,False
8165462081791,D9,D8,False
8165778358527,D7,D6,False
8166562496767,D6,D5,False
8166566101247,D7,D7,True
8166650413311,D9,D8,False
8166657687807,D7,D7,True
8166758482175,D7,D7,True
8166847676671,D4,D4,True
8166873858303,D6,D5,False
8166902923519,D7,D7,True
8166904529151,D1,D1,True
8166912459007,D4,D4,True
8166915997951,D6,D5,False
8166966722815,D7,D6,False
8166978748671,D7,D7,True
8167011713279,D9,D8,False
8167174832383,D4,D4,True
8168451309823,D10,D9,False
8168881619199,D6,D6,True
8168890663167,D10,D9,False
8169068724479,D10,D9,False
8169265856767,D9,D8,False
8169379856639,D10,D9,False
8169437790463,D10,D9,False
8170304831743,D7,D6,False
8170748444927,D9,D9,True
8170778689791,D3,D3,True
8170944856319,D10,D9,False
8171195957503,D5,D4,False
8171262771455,D3,D3,True
8171472552191,D10,D9,False
8171490345215,D10,D9,False
8175536832767,D4,D4,True
8175537717503,D7,D7,True
8175628845311,D9,D8,False
8175629893887,D6,D4,False
8182055305471,D7,D7,True
8201852879103,D4,D4,True
8211027558655,D3,D3,True
8211697926399,D10,D9,False
8226067218687,D1,D1,True
8226068988159,D10,D10,True
8226071707903,D10,D10,True
8226072887551,D4,D4,True
8226074820863,D3,D3,True
8226075803903,D3,D2,False
8226077245695,D6,D5,False
8226081210623,D4,D4,True
8231259963647,D5,D5,True
8231864926463,D5,D5,True
8233176006911,D2,D2,True
8234169762047,D2,D1,False
8234418274559,D1,D1,True
8234476634367,D2,D2,True
8234630742271,D3,D3,True
8235052826879,D1,D1,True
8236354601215,D10,D10,True
8236594004223,D1,D1,True
8237699858687,D7,D6,False
8239061270783,D3,D4,False
8239210463487,D6,D5,False
8239569142015,D4,D4,True
8239725478143,D5,D4,False
8240841982207,D10,D10,True
8241018011903,D7,D5,False
8241099636991,D4,D4,True
8241444520191,D3,D3,True
8242419433727,D5,D5,True
8242647171327,D3,D3,True
8242684559615,D3,D2,False
8242732761343,D10,D10,True
8243172376831,D7,D6,False
8244140081407,D2,D3,False
8244228129023,D4,D4,True
8244287111423,D2,D2,True
8244467269887,D10,D10,True
8244467302655,D4,D4,True
8244467532031,D10,D10,True
8244468383999,D2,D2,True
8244481065215,D9,D8,False
8244487782655,D3,D3,True
8244687765759,D10,D9,False
8244695531775,D6,D5,False
8244807008511,D1,D1,True
8245528232191,D2,D2,True
8245906768127,D9,D8,False
8245924004095,D4,D3,False
8246269673727,D8,D7,False
8246421651711,D6,D6,True
8246777282815,D8,D8,True
8246793732351,D3,D3,True
8247671292159,D4,D4,True
8247810031871,D10,D10,True
8247928389887,D5,D3,False
8247973347583,D6,D6,True
8248092655871,D4,D3,False
8249131860223,D7,D7,True
8249196839167,D4,D5,False
8249601130751,D1,D1,True
8249665028351,D4,D4,True
8249708642559,D7,D7,True
8249718702335,D10,D9,False
8250130202879,D10,D9,False
8251162099967,D4,D4,True
8251368603903,D10,D10,True
8251513569535,D10,D10,True
8251518222591,D5,D5,True
8251529855231,D7,D7,True
8251601027327,D3,D2,False
8252778774783,D7,D7,True
8252828811519,D5,D4,False
8253776953599,D2,D1,False
8253839147263,D10,D10,True
8254218666239,D7,D6,False
8254868586751,D10,D9,False
8255421350143,D7,D7,True
8255558091007,D3,D3,True
8258907996415,D10,D10,True
8259196453119,D3,D3,True
8259199205631,D7,D6,False
8260049305855,D10,D10,True
8260054483199,D5,D3,False
8260457005311,D2,D1,False
8260871454975,D9,D8,False
8261334434047,D10,D10,True
8263332397311,D6,D5,False
8263425392895,D10,D9,False
8263488635135,D8,D7,False
8263798915327,D10,D10,True
8263812120831,D5,D5,True
8263964360959,D10,D10,True
8263965409535,D9,D10,False
8263988674815,D10,D10,True
8264846573823,D1,D1,True
8270038335743,D4,D4,True
8273287708927,D1,D1,True
8273489494271,D2,D2,True
8273637835007,D7,D6,False
8273741578495,D10,D9,False
8274112545023,D6,D6,True
8274425446655,D2,D2,True
8275327189247,D4,D4,True
8275451150591,D7,D7,True
8275588153599,D7,D7,True
8275771687167,D2,D2,True
8276623556863,D5,D5,True
8276771406079,D9,D9,True
8276952056063,D5,D5,True
8277078343935,D4,D3,False
8279665180927,D7,D7,True
8279784784127,D9,D9,True
8279962517759,D4,D4,True
8280100733183,D10,D9,False
8283591377151,D3,D2,False
8283690893567,D9,D8,False
8283892121855,D5,D4,False
8284237594879,D10,D10,True
8284492071167,D8,D7,False
8285542351103,D8,D7,False
8285699997951,D9,D8,False
8286033117439,D1,D1,True
8286039703807,D3,D4,False
8286057464063,D2,D2,True
8286290379007,D10,D10,True
8286293852415,D2,D1,False
8287226429695,D9,D9,True
8287233278207,D9,D9,True
8287246614783,D4,D4,True
8288888717567,D3,D3,True
8288895009023,D6,D6,True
8289029488895,D5,D5,True
8289088340223,D10,D10,True
8289248674047,D4,D3,False
8289397440767,D3,D3,True
8290383069439,D2,D1,False
8290481930495,D10,D9,False
8290909290751,D2,D1,False
8291080372479,D1,D1,True
8291132899583,D6,D6,True
8291463627007,D7,D7,True
8291685826815,D10,D9,False
8292704780543,D6,D6,True
8293135089919,D4,D4,True
8293395071231,D3,D3,True
8293684510975,D10,D9,False
8294475825407,D3,D2,False
8294948045055,D10,D10,True
8295903920383,D7,D6,False
8296332198143,D10,D10,True
8296424341759,D6,D6,True
8297493004543,D7,D6,False
8297726083327,D4,D4,True
8298738483455,D10,D9,False
8298977493247,D3,D3,True
8298998956287,D3,D3,True
8299058594047,D4,D3,False
8299066654975,D2,D1,False
8299593564415,D6,D6,True
8300149407999,D10,D9,False
8300895535359,D3,D3,True
8301754482943,D2,D2,True
8303046361343,D7,D7,True
8303876473087,D3,D2,False
8303912091903,D10,D9,False
8304142582015,D10,D9,False
8304218046719,D3,D3,True
8304445751551,D3,D2,False
8304454074623,D4,D4,True
8304456368383,D5,D4,False
8304532979967,D6,D6,True
8305762664703,D4,D3,False
8305913921791,D1,D1,True
8306167054591,D8,D7,False
8306218533119,D3,D2,False
8306264637695,D1,D1,True
8306859081983,D8,D8,True
8307071779071,D8,D8,True
8308721484031,D10,D10,True
8308809007359,D1,D1,True
8309050933503,D8,D7,False
8309109752063,D6,D6,True
8310005006591,D2,D2,True
8310327673087,D2,D2,True
8310327738623,D6,D4,False
8310376792319,D8,D8,True
8310473425151,D5,D3,False
8310615638271,D10,D9,False
8310636970239,D9,D8,False
8310799532287,D10,D9,False
8311560995071,D4,D3,False
8311984554239,D3,D3,True
8312130797823,D3,D3,True
8312187060479,D5,D4,False
8312191123711,D3,D2,False
8312444027135,D3,D2,False
8312613896447,D4,D3,False
8312653938943,D5,D4,False
8312709251327,D2,D1,False
8312861491455,D3,D2,False
8314033406207,D9,D8,False
8314650263807,D5,D5,True
8315540439295,D2,D1,False
8316323397887,D8,D8,True
8316975972607,D6,D6,True
8318056333567,D6,D5,False
8324492656895,D3,D2,False
8325399904511,D10,D9,False
8325623087359,D3,D2,False
8325712871679,D4,D3,False
8325816582399,D5,D4,False
8326961922303,D3,D2,False
8327074316543,D6,D5,False
8327398490367,D9,D8,False
8327479558399,D7,D6,False
8327681605887,D5,D4,False
8327709753599,D4,D3,False
8327758708991,D9,D8,False
8329028370687,D3,D2,False
8329035481343,D3,D2,False
8329594667263,D5,D4,False
8329648210175,D5,D4,False
8329706176767,D6,D5,False
8330979180799,D10,D10,True
8332113117439,D1,D1,True
8333338870015,D9,D9,True
8333341917439,D9,D9,True
8333431931135,D3,D2,False
8334140932351,D3,D2,False
8335039529215,D1,D1,True
8335092252927,D3,D2,False
8335227355391,D3,D2,False
8335390179583,D3,D2,False
8335408660735,D6,D5,False
8335596716287,D9,D8,False
8336949149951,D7,D7,True
8337021468927,D6,D6,True
8337105322239,D1,D1,True
8337704026367,D4,D4,True
8337740628223,D6,D5,False
8337828905215,D5,D4,False
8337863606527,D10,D9,False
8337895751935,D6,D4,False
8337910989055,D3,D2,False
8337920524543,D5,D4,False
8337971413247,D9,D9,True
8338200854783,D3,D3,True
8338447925503,D9,D8,False
8338561401087,D5,D4,False
8339344425215,D4,D2,False
8339521929471,D1,D1,True
8339720569087,D1,D1,True
8339756974335,D1,D1,True
8339765526783,D9,D8,False
8339814678783,D9,D9,True
8340030521599,D10,D9,False
8340290339071,D5,D4,False
8341024964863,D6,D5,False
8341118517503,D1,D1,True
8341148041471,D8,D7,False
8341214560511,D3,D4,False
8341243035903,D1,D1,True
8341396881663,D4,D3,False
8342710878463,D2,D2,True
8343051698431,D3,D2,False
8343062544639,D3,D2,False
8343144956159,D3,D2,False
8343381836031,D4,D4,True
8343408869631,D6,D4,False
8343572152575,D2,D2,True
8343827972351,D4,D3,False
8344473633023,D3,D3,True
8344497946879,D5,D4,False
8344990417151,D2,D2,True
8345035243775,D1,D1,True
8345056280831,D6,D5,False
8345098289407,D1,D1,True
8346039877887,D6,D5,False
8347407614207,D1,D1,True
8347459059967,D2,D1,False
8347824554239,D2,D1,False
8347971485951,D3,D3,True
8348116812031,D3,D2,False
8349264281855,D6,D5,False
8349303865599,D6,D5,False
8349350920447,D4,D3,False
8349936746751,D2,D2,True
8350682448127,D2,D2,True
8350713184511,D4,D4,True
8350728290559,D6,D4,False
8350754898175,D5,D5,True
8350898585855,D6,D5,False
8350900257023,D1,D1,True
8350990729471,D5,D5,True
8351278334207,D2,D2,True
8351296422143,D3,D3,True
8352655606015,D9,D8,False
8352688177407,D10,D10,True
8353015988479,D9,D9,True
8353020543231,D8,D7,False
8353293893887,D7,D6,False
8353731182847,D3,D2,False
8353921532159,D6,D5,False
8354197012735,D3,D3,True
8358432014591,D3,D2,False
8358775849215,D9,D8,False
8358854361343,D5,D4,False
8360854388991,D2,D2,True
8361276866815,D5,D5,True
8361322807551,D8,D8,True
8361846472959,D2,D2,True
8362599383295,D3,D3,True
8362782654719,D7,D6,False
8362934567167,D6,D5,False
8364274221311,D8,D7,False
8364298830079,D3,D2,False
8364385337599,D2,D1,False
8364461097215,D2,D2,True
8364503302399,D2,D2,True
8364507791615,D10,D9,False
8366920139007,D6,D4,False
8366984167679,D2,D1,False
8367143485695,D7,D6,False
8367200993535,D10,D10,True
8367587492095,D5,D5,True
8367820144895,D9,D9,True
8367943876863,D9,D8,False
8368009117951,D4,D3,False
8368011804927,D9,D8,False
8368214343935,D9,D8,False
8369445601535,D4,D2,False
8369796350207,D9,D8,False
8369895768319,D6,D5,False
8369912414463,D9,D8,False
8370024710399,D9,D9,True
8370214273279,D6,D5,False
8371222905087,D3,D2,False
8371382780159,D9,D8,False
8371435536639,D3,D3,True
8371571982591,D5,D4,False
8373295153407,D4,D3,False
8373600026879,D6,D5,False
8373738406143,D10,D10,True
8373783462143,D7,D6,False
8383897141503,D6,D5,False
8384362742015,D1,D1,True
8384374505727,D10,D9,False
8393190441215,D7,D5,False
8393520251135,D3,D3,True
8394029629695,D3,D3,True
8394724212991,D3,D2,False
8395236245759,D9,D8,False
8395334975743,D7,D6,False
8396561285375,D6,D4,False
8401176232191,D7,D6,False
8403609026815,D1,D1,True
8404134985983,D1,D1,True
8404537704703,D4,D4,True
8407616291071,D4,D4,True
8415703793919,D9,D8,False
8415875498239,D9,D9,True
8415875727615,D4,D3,False
8415890473215,D6,D5,False
8415963611391,D5,D4,False
8416067551487,D6,D6,True
8416204783871,D9,D8,False
8416333791487,D3,D3,True
8422907248895,D3,D3,True
8422907674879,D9,D8,False
8426853662975,D9,D8,False
8427014684927,D7,D6,False
8427271291135,D8,D8,True
8427522457855,D4,D3,False
8435432358143,D8,D8,True
8435695354111,D3,D3,True
8436001407231,D7,D7,True
8436807762175,D7,D6,False
8437151236351,D7,D7,True
8437239283967,D9,D9,True
8438000550143,D3,D3,True
8438075523327,D6,D5,False
8438237298943,D6,D5,False
8438245097727,D3,D2,False
8438249554175,D8,D8,True
8438298673407,D1,D1,True
8438487843071,D5,D5,True
8439345479935,D7,D6,False
8439901749503,D6,D5,False
8445704863999,D6,D5,False
8445726687487,D4,D3,False
8445907501311,D2,D2,True
8446000103679,D9,D8,False
8446136254719,D5,D4,False
8452477878527,D8,D7,False
8452494754047,D5,D5,True
8459023909119,D3,D3,True
8463938388223,D1,D1,True
8464926867711,D4,D3,False
8465112105215,D7,D7,True
8474561478911,D7,D6,False
8474565968127,D2,D2,True
8474571571455,D9,D9,True
8474580877567,D9,D9,True
8474627080447,D2,D2,True
8474628718847,D10,D9,False
8474630390015,D3,D2,False
8474687602943,D1,D1,True
8474707689727,D5,D4,False
8474714669311,D6,D5,False
8474967245055,D6,D5,False
8475329659135,D7,D6,False
8476172157183,D9,D9,True
8476216754431,D5,D5,True
8476304867583,D7,D6,False
8476522742015,D9,D8,False
8476754673919,D1,D1,True
8477606019327,D5,D4,False
8477642031359,D4,D4,True
8477676601599,D3,D2,False
8477979836671,D10,D10,True
8478279467263,D7,D6,False
8478316331263,D3,D3,True
8478323441919,D9,D8,False
8478334320895,D6,D5,False
8478338089215,D7,D6,False
8479441551615,D6,D5,False
8479778144511,D9,D8,False
8480155238655,D2,D2,True
8480311738623,D6,D6,True
8482740830463,D4,D3,False
8483167600895,D7,D6,False
8483187949823,D9,D9,True
8483189162239,D7,D6,False
8483228352767,D2,D2,True
8483266560255,D7,D6,False
8483268362495,D7,D6,False
8483479322879,D7,D6,False
8483491119359,D7,D6,False
8484438245631,D6,D5,False
8484593008895,D7,D7,True
8484645535999,D7,D5,False
8484907942143,D9,D9,True
8486535069951,D9,D9,True
8486671810815,D6,D6,True
8488207614207,D4,D3,False
8488211513599,D7,D6,False
8488214135039,D6,D5,False
8488216822015,D9,D9,True
8488219017471,D6,D5,False
8488239988991,D6,D5,False
8488282390783,D6,D5,False
8488356380927,D6,D6,True
8488361033983,D4,D3,False
8488362180863,D8,D7,False
8488364703999,D4,D3,False
8488391901439,D4,D3,False
8488432992511,D6,D5,False
8488870707455,D3,D3,True
8530377933055,D7,D6,False
8566894854399,D1,D1,True
8566936469759,D8,D7,False
8572002271487,D9,D8,False
8585713811711,D9,D8,False
8585926672639,D2,D2,True
8588209455359,D9,D9,True
8590782955775,D2,D2,True
8591215427839,D5,D5,True
8593133437183,D9,D9,True
8593221681407,D3,D3,True
8595374997759,D6,D5,False
8595943260415,D9,D9,True
8596374290687,D8,D8,True
8596648853759,D4,D4,True
8598015181055,D9,D8,False
8602896433407,D1,D1,True
8603014627583,D6,D6,True
8607681282303,D6,D5,False
8607713788159,D3,D3,True
8608022495487,D3,D3,True
8608190365951,D6,D5,False
8608561889535,D3,D3,True
8608936100095,D6,D5,False
8612424483071,D7,D7,True
8612801708287,D5,D5,True
8618087284991,D3,D3,True
8621587202303,D5,D4,False
8621737640191,D6,D5,False
8621981827327,D4,D4,True
8623599485183,D6,D8,False
8629353545983,D2,D2,True
8629594521855,D9,D8,False
8629778284799,D5,D5,True
8629921972479,D8,D6,False
8630208233727,D6,D5,False
8631633379583,D9,D8,False
8633033228543,D2,D2,True
8633602900223,D3,D3,True
8633635832063,D9,D9,True
8633815073023,D6,D5,False
8633915900159,D4,D3,False
8635114750207,D3,D3,True
8635191984383,D7,D7,True
8637321609471,D9,D8,False
8637500195071,D3,D3,True
8637598171391,D5,D5,True
8639310823679,D2,D2,True
8639497470207,D6,D6,True
8644783702271,D9,D9,True
8649011167487,D5,D4,False
8649217278207,D7,D6,False
8652378013951,D7,D6,False
8652474581247,D7,D6,False
8652478349567,D7,D6,False
8652582355199,D5,D5,True
8653085704447,D8,D7,False
8653165756671,D4,D4,True
8653191905535,D7,D5,False
8653246890239,D1,D1,True
8657032413439,D9,D9,True
8657067901183,D6,D6,True
8657403445503,D8,D7,False
8657433362687,D2,D2,True
8657495490815,D10,D9,False
8657572921599,D10,D9,False
8657761501439,D9,D9,True
8659195429119,D9,D9,True
8663410245887,D1,D1,True
8665323438335,D4,D4,True
8665932595455,D6,D6,True
8667708227839,D2,D1,False
8667748958463,D3,D3,True
8667816952063,D7,D6,False
8667886878975,D6,D5,False
8669942120703,D6,D5,False
8670310531327,D8,D7,False
8672541606143,D5,D5,True
8675023978751,D4,D4,True
8676491591935,D5,D4,False
8676518789375,D2,D1,False
8676694294783,D1,D1,True
8677680251135,D3,D3,True
8679067418879,D4,D3,False
8679114932479,D7,D6,False
8679713308927,D7,D6,False
8681786704127,D8,D7,False
8681942548735,D3,D2,False
8683348623615,D6,D5,False
8683550081279,D3,D3,True
8683962335487,D8,D8,True
8686846345471,D3,D3,True
8687142535423,D4,D3,False
8690224333055,D7,D6,False
8691058213119,D6,D5,False
8692036763903,D5,D4,False
8693529247999,D9,D9,True
8694256533759,D2,D2,True
8696541905151,D3,D2,False
8696770265343,D3,D2,False
8697064423679,D5,D4,False
8697188122879,D6,D5,False
8697246744831,D6,D6,True
8698453983487,D4,D4,True
8698913390847,D3,D2,False
8699386724607,D6,D5,False
8699412250879,D4,D4,True
8699614593279,D5,D5,True
8700295446783,D4,D4,True
8700572008703,D6,D5,False
8701271113983,D4,D4,True
8701446029567,D2,D2,True
8702306648319,D9,D8,False
8702512464127,D3,D3,True
8702625251583,D6,D5,False
8702702944511,D2,D1,False
8702918426879,D4,D4,True
8704297763071,D4,D4,True
8704501580031,D9,D9,True
8705137574143,D9,D9,True
8705236009215,D3,D3,True
8706965569791,D1,D1,True
8708128473343,D4,D3,False
8708556095743,D9,D9,True
8708667474175,D8,D8,True
8708959928575,D5,D5,True
8709102731519,D8,D7,False
8710500319487,D4,D4,True
8710576505087,D5,D4,False
8710849069311,D6,D6,True
8711864516863,D5,D5,True
8712013512959,D9,D9,True
8712121778431,D9,D9,True
8712179876095,D4,D4,True
8712295612671,D8,D8,True
8712473673983,D3,D3,True
8712570437887,D6,D6,True
8712621621503,D9,D9,True
8712672116991,D4,D4,True
8712766128383,D9,D8,False
8712923447551,D4,D4,True
8712990687487,D6,D5,False
8713261121791,D5,D5,True
8713364570367,D3,D3,True
8713464840447,D6,D5,False
8713560162559,D9,D9,True
8713832366335,D1,D1,True
8713866346751,D7,D6,False
8714014359807,D2,D2,True
8714151526655,D9,D9,True
8714446045439,D2,D2,True
8714730012927,D8,D8,True
8714975674623,D3,D2,False
8715066867967,D3,D3,True
8716097192191,D7,D6,False
8716200411391,D6,D5,False
8716791546111,D4,D3,False
8717072433407,D7,D7,True
8717736640767,D4,D3,False
8717923418367,D8,D7,False
8717997375743,D8,D8,True
8718015594751,D9,D9,True
8718118256895,D9,D9,True
8718133362943,D5,D5,True
8718409695487,D9,D9,True
8718628159743,D6,D6,True
8718699757823,D5,D4,False
8719516795135,D5,D5,True
8719946580223,D3,D3,True
8720535388415,D8,D7,False
8721444208895,D3,D3,True
8721480614143,D10,D9,False
8721809441023,D6,D5,False
8721866129663,D8,D7,False
8721983963391,D3,D3,True
8722076762367,D4,D4,True
8722679988479,D3,D3,True
8723271581951,D5,D4,False
8723761168639,D2,D1,False
8725525266687,D3,D2,False
8725894365439,D6,D6,True
8726668050687,D4,D4,True
8728687378687,D9,D9,True
8728781127935,D8,D7,False
8730810679551,D6,D5,False
8730866352383,D2,D2,True
8731388903679,D4,D4,True
8731505590527,D4,D3,False
8733017506047,D9,D9,True
8736424231167,D9,D8,False
8737075822847,D5,D5,True
8738683289855,D3,D3,True
8744074248447,D7,D7,True
8748175589631,D3,D3,True
8748209570047,D5,D5,True
8748461129983,D9,D9,True
8749442302207,D9,D9,True
8757515223295,D3,D3,True
8757996159231,D4,D4,True
8758015328511,D7,D7,True
8758023454975,D1,D1,True
8758133653759,D2,D2,True
8759001809151,D3,D3,True
8761140216063,D7,D5,False
8761249235199,D4,D2,False
8761335447807,D7,D5,False
8761342951679,D4,D3,False
8761361301759,D7,D5,False
8761373196543,D9,D9,True
8761387385087,D4,D3,False
8761417793791,D7,D6,False
8761430671615,D7,D6,False
8761437946111,D9,D9,True
8761459179775,D8,D8,True
8761487556863,D9,D9,True
8761495748863,D7,D5,False
8761534906623,D9,D9,True
8761555124479,D9,D9,True
8761558171903,D4,D3,False
8761574621439,D7,D6,False
8761596641535,D6,D5,False
8761661260031,D7,D5,False
8761679806719,D6,D5,False
8761725026559,D7,D5,False
8761739477247,D3,D3,True
8761752518911,D2,D1,False
8761795346687,D9,D9,True
8761818906879,D2,D2,True
8761884639487,D6,D5,False
8762362626303,D9,D8,False
8762675659007,D8,D8,True
8763046232319,D3,D3,True
8763113734399,D8,D8,True
8763296612607,D3,D3,True
8763339538687,D4,D4,True
8763457470719,D5,D5,True
8763563245823,D9,D9,True
8764004925695,D7,D6,False
8764788277503,D8,D8,True
8765564977407,D4,D4,True
8765608427775,D3,D3,True
8765829415167,D2,D2,True
8766572364031,D1,D1,True
8766992941311,D6,D6,True
8767016272127,D5,D5,True
8767224807679,D2,D2,True
8767300337919,D3,D3,True
8767332450559,D1,D2,False
8767346180351,D3,D3,True
8768194806015,D5,D5,True
8770382364927,D2,D2,True
8770482307327,D6,D6,True
8770599354623,D5,D5,True
8771600711935,D4,D4,True
8771832185087,D5,D5,True
8772284514559,D4,D5,False
8772592926975,D4,D4,True
8772908646655,D5,D5,True
8776134164735,D7,D6,False
8776238039295,D7,D6,False
8779021549823,D4,D3,False
8779097800959,D7,D7,True
8779428036863,D6,D6,True
8779666784511,D6,D6,True
8780130713855,D8,D8,True
8780621709567,D3,D3,True
8780897124607,D3,D2,False
8781075415295,D5,D5,True
8781121421567,D2,D3,False
8781174669567,D9,D8,False
8781274153215,D3,D2,False
8781385236735,D7,D6,False
8783227945215,D7,D6,False
8784016179455,D5,D4,False
8784170647807,D4,D4,True
8785318707455,D4,D3,False
8785460625663,D8,D7,False
8785986322687,D5,D5,True
8786180342015,D2,D2,True
8787345572095,D4,D4,True
8787607060735,D3,D2,False
8789804351743,D5,D4,False
8789820375295,D4,D3,False
8790289252607,D4,D3,False
8790340993279,D9,D8,False
8790428057855,D9,D8,False
8791594074367,D3,D3,True
8792260149503,D3,D2,False
8794067861759,D2,D2,True
8794134937855,D7,D6,False
8794176553215,D5,D4,False
8794184843519,D7,D5,False
8794201358591,D6,D5,False
8794406584575,D7,D7,True
8794462519551,D6,D6,True
8794639859967,D4,D3,False
8794668663039,D2,D2,True
8794676658431,D5,D5,True
8794800619775,D7,D6,False
8795078983935,D2,D2,True
8795253014783,D4,D4,True
8795868758271,D3,D2,False
8795969782015,D7,D6,False
8796055666943,D3,D3,True
8796338585855,D3,D3,True
8796435054847,D6,D5,False
8796446458111,D3,D3,True
8796526772479,D7,D7,True
8796562194687,D7,D7,True
8796871360767,D3,D2,False
8796973695231,D6,D6,True
8796982870271,D5,D5,True
8797495951615,D4,D4,True
8798257447167,D4,D5,False
8798376165631,D4,D3,False
8798465261823,D7,D6,False
8798471684351,D7,D6,False
8798684545279,D8,D7,False
8798809587967,D4,D4,True
8798951178495,D3,D2,False
8799534481663,D4,D4,True
8799600935167,D7,D6,False
8799603196159,D7,D7,True
8799773950207,D9,D8,False
8799977931007,D4,D4,True
8800135348479,D9,D9,True
8800153993471,D7,D7,True
8800267174143,D3,D3,True
8800279101695,D10,D9,False
8800377176319,D7,D7,True
8800401391871,D4,D4,True
8800401883391,D4,D3,False
8800514015487,D7,D7,True
8800596754687,D3,D3,True
8800846971135,D6,D5,False
8800920436991,D4,D4,True
8801983463679,D9,D9,True
8802133311743,D6,D6,True
8802529640703,D3,D3,True
8807018856703,D5,D4,False
8807161102591,D2,D2,True
8807533609215,D2,D2,True
8808630419711,D5,D5,True
8809370812671,D6,D6,True
8809768321279,D9,D8,False
8809900736767,D9,D9,True
8811190157567,D3,D3,True
8811215388927,D6,D5,False
8811549393151,D6,D6,True
8811665064191,D6,D5,False
8811892932863,D4,D4,True
8812239978751,D4,D4,True
8812240175359,D9,D9,True
8813055639807,D9,D9,True
8813182877951,D6,D6,True
8813196902655,D9,D9,True
8813208535295,D9,D8,False
8813602636031,D7,D6,False
8814719992063,D3,D3,True
8814978072831,D4,D4,True
8815621275903,D10,D9,False
8815690514687,D6,D6,True
8816193470719,D6,D6,True
8817306009855,D4,D4,True
8817388421375,D8,D7,False
8819560546559,D3,D3,True
8820378665215,D4,D4,True
8820452688127,D5,D5,True
8820475494655,D3,D3,True
8821302821119,D4,D4,True
8821455421695,D5,D5,True
8821739782399,D7,D7,True
8821927051519,D9,D9,True
8822041116927,D5,D5,True
8822106685695,D4,D4,True
8822341075199,D5,D5,True
8825355141375,D2,D2,True
8827248673023,D5,D5,True
8827870347519,D7,D7,True
8828205400319,D9,D8,False
8828478980351,D4,D4,True
8828864200959,D5,D5,True
8829393436927,D3,D2,False
8830297178367,D9,D8,False
8830565548287,D9,D9,True
8831281823999,D5,D4,False
8832270598399,D2,D1,False
8832675840255,D6,D6,True
8832823591167,D5,D5,True
8833190265087,D9,D9,True
8834452357375,D6,D6,True
8835264250111,D7,D7,True
8835435233535,D2,D2,True
8835805577471,D7,D6,False
8836836098303,D5,D4,False
8837407637759,D2,D2,True
8837740986623,D3,D3,True
8839752810751,D5,D4,False
8839762575615,D5,D5,True
8839905706239,D4,D4,True
8840257175807,D9,D9,True
8841410478335,D2,D2,True
8841467396351,D6,D5,False
8841478340863,D6,D6,True
8841594208511,D3,D3,True
8841650897151,D7,D6,False
8841657483519,D7,D7,True
8841867395327,D5,D4,False
8841991520511,D7,D5,False
8842018816255,D9,D9,True
8843455529215,D6,D5,False
8843522703615,D8,D8,True
8843730125055,D4,D3,False
8844887752959,D2,D2,True
8845556613375,D5,D4,False
8846411104511,D3,D3,True
8847684993279,D8,D7,False
8847873147135,D9,D9,True
8848180150527,D5,D5,True
8848376529151,D3,D2,False
8848895017215,D10,D9,False
8849562370303,D2,D2,True
8850290114815,D8,D8,True
8853291663615,D9,D9,True
8853473394943,D6,D5,False
8854317859071,D2,D2,True
8854738862335,D3,D3,True
8856763826431,D3,D3,True
8856898175231,D5,D5,True
8857096126719,D4,D2,False
8857318129919,D9,D9,True
8857631686911,D9,D9,True
8858360283391,D5,D5,True
8858569834751,D3,D3,True
8861155229951,D7,D7,True
8862032593151,D2,D2,True
8863438635263,D8,D7,False
8865436369151,D6,D6,True
8865785348351,D3,D3,True
8867118907647,D4,D3,False
8868033036543,D4,D4,True
8868197859583,D7,D7,True
8868214866175,D4,D4,True
8868306649343,D10,D9,False
8868617486591,D6,D6,True
8869025480959,D6,D6,True
8869115035903,D7,D7,True
8869226938623,D9,D9,True
8870516621567,D6,D6,True
8870517539071,D8,D7,False
8870801408255,D5,D4,False
8874820043007,D6,D6,True
8874836590847,D6,D6,True
8875121836287,D3,D3,True
8875227775231,D9,D8,False
8875263361279,D6,D5,False
8875277025535,D6,D5,False
8875288789247,D7,D7,True
8875316052223,D6,D6,True
8875323588863,D8,D7,False
8875701960959,D4,D4,True
8877755302143,D9,D9,True
8877871202559,D6,D6,True
8878118961407,D7,D6,False
8878172831999,D3,D3,True
8878778581247,D6,D6,True
8879036399871,D6,D6,True
8879046230271,D6,D6,True
8880554836223,D7,D5,False
8880793944319,D6,D6,True
8880816423167,D6,D5,False
8881050845439,D3,D2,False
8882059575551,D3,D3,True
8885362819327,D3,D3,True
8890334576895,D4,D4,True
8890628243711,D3,D3,True
8890803716351,D7,D6,False
8891012612351,D6,D6,True
8891095023871,D6,D6,True
8891214725375,D4,D4,True
8894605689087,D7,D7,True
8894655037695,D6,D6,True
8894920818943,D7,D7,True
8895137054975,D6,D6,True
8895680217343,D6,D6,True
8895815352575,D2,D3,False
8896736788735,D3,D3,True
8898839871743,D3,D3,True
8898942533887,D9,D8,False
8898951086335,D6,D6,True
8899202810111,D3,D3,True
8899212771583,D8,D7,False
8899332014335,D6,D6,True
8899465314559,D3,D3,True
8899516563711,D7,D6,False
8899717791999,D3,D3,True
8901867831551,D6,D6,True
8902215663871,D7,D6,False
8902232310015,D6,D4,False
8902266945791,D2,D2,True
8902711247103,D8,D8,True
8902720225535,D3,D3,True
8903976583423,D7,D7,True
8904301314303,D4,D4,True
8904390836479,D2,D2,True
8904403845375,D9,D9,True
8904588067071,D9,D9,True
8904738275583,D4,D4,True
8904983281919,D6,D6,True
8905018802431,D9,D9,True
8905962848511,D3,D3,True
8906074259711,D6,D6,True
8906250879231,D8,D8,True
