customer_id,true_gross_profit,finals_revenue,finals_orders,avg_margin_pct,cogs_coverage_pct,profit_decile,order_freq_decile,customer_tier,is_top_profit,is_top_freq,is_top_both,first_channel,first_product_cat,ever_subscribed,n_categories_ever,first_order_date,cohort_month,acq_year
8905018802431,14.98,21.84,1,0.6858974358974358,1.0,D5,D2,Tier 4 (D2 Profit or Frequency),False,False,False,Direct / Organic,Other,False,1,2026-03-30 16:00:00+00:00,2026-03,2026
8821927051519,14.96,22.02,1,0.6793823796548591,1.0,D5,D2,Tier 4 (D2 Profit or Frequency),False,False,False,Direct / Organic,Lean Protein,False,1,2026-03-03 16:00:00+00:00,2026-03,2026
6327659954431,14.89,42.13,1,0.3534773320674104,0.0,D5,D5,Untiered,False,False,False,Subscription,Unknown,False,1,2022-02-17 16:00:00+00:00,2022-02,2022
8877755302143,14.89,21.74,1,0.6849126034958601,1.0,D5,D2,Tier 4 (D2 Profit or Frequency),False,False,False,Direct / Organic,Other,False,1,2026-03-30 16:00:00+00:00,2026-03,2026
8904403845375,14.89,21.74,1,0.6849126034958601,1.0,D5,D2,Tier 4 (D2 Profit or Frequency),False,False,False,Paid Social,Other,False,1,2026-03-30 16:00:00+00:00,2026-03,2026
6329613844735,14.8,41.89,1,0.3532107901647171,0.0,D5,D5,Untiered,False,False,False,Subscription,Unknown,False,1,2022-01-13 16:00:00+00:00,2022-01,2022
8718015594751,14.77,21.81,1,0.6772122879413114,1.0,D5,D2,Tier 4 (D2 Profit or Frequency),False,False,False,Direct / Organic,Lean Protein,False,1,2026-01-26 16:00:00+00:00,2026-01,2026
7756388237567,14.53,19.97,1,0.7277693474962064,0.0,D5,D4,Untiered,False,False,False,Direct / Organic,Unknown,False,1,2023-12-11 16:00:00+00:00,2023-12,2023
7756403441919,14.53,20.58,1,0.7063328424153167,0.0,D5,D4,Untiered,False,False,False,Direct / Organic,Unknown,False,1,2024-02-19 16:00:00+00:00,2024-02,2024
7756405604607,14.53,20.58,1,0.7063328424153167,0.0,D5,D4,Untiered,False,False,False,Direct / Organic,Unknown,False,1,2024-02-01 16:00:00+00:00,2024-02,2024
7756467765503,14.53,28.16,1,0.5160873775960401,0.0,D5,D4,Untiered,False,False,False,Direct / Organic,Other,False,1,2024-09-26 16:00:00+00:00,2024-09,2024
6532482859263,14.52,34.49,1,0.4210526315789474,0.0,D5,D5,Untiered,False,False,False,Direct / Organic,Accessories,False,2,2022-12-22 16:00:00+00:00,2022-12,2022
7756377620735,14.52,37.22,1,0.39019623809136067,0.0,D5,D4,Untiered,False,False,False,Direct / Organic,Unknown,False,2,2023-08-25 16:00:00+00:00,2023-08,2023
7756428083455,14.52,33.58,1,0.4323739059821349,0.0,D5,D4,Untiered,False,False,False,Direct / Organic,Lean Protein,False,1,2024-05-20 16:00:00+00:00,2024-05,2024
7756439224575,14.52,31.77,1,0.4570774513544449,0.0,D5,D4,Untiered,False,False,False,Direct / Organic,Accessories,False,2,2024-06-26 16:00:00+00:00,2024-06,2024
7756464390399,14.52,29.95,1,0.4847749114820436,0.0,D5,D4,Untiered,False,False,False,Direct / Organic,Other,False,1,2024-09-14 16:00:00+00:00,2024-09,2024
7756487590143,14.52,39.03,1,0.37204968944099376,0.0,D5,D4,Untiered,False,False,False,Direct / Organic,Other,False,1,2024-12-25 16:00:00+00:00,2024-12,2024
8310376792319,14.48,38.94,1,0.37185413456599903,0.0,D5,D3,Untiered,False,False,False,Direct / Organic,Collagen Glow,False,1,2025-09-06 16:00:00+00:00,2025-09,2025
7755930403071,14.45,38.85,1,0.37191887675507024,0.0,D5,D5,Untiered,False,False,False,Direct / Organic,Unknown,False,1,2022-05-05 16:00:00+00:00,2022-05,2022
7756035391743,14.45,38.85,1,0.37191887675507024,0.0,D5,D4,Untiered,False,False,False,Direct / Organic,Unknown,False,1,2022-05-05 16:00:00+00:00,2022-05,2022
7756484313343,14.42,29.77,1,0.4844783715012723,0.0,D5,D4,Untiered,False,False,False,Direct / Organic,Collagen Glow,False,1,2024-12-08 16:00:00+00:00,2024-12,2024
7829328363775,14.42,38.79,1,0.371875,0.0,D5,D3,Untiered,False,False,False,Direct / Organic,Collagen Glow,False,1,2025-01-24 16:00:00+00:00,2025-01,2025
6336759955711,14.4,40.89,1,0.3520665199315236,0.0,D5,D5,Untiered,False,False,False,Subscription,Unknown,False,1,2023-05-10 16:00:00+00:00,2023-05,2023
6601910911231,14.4,40.89,1,0.3520665199315236,0.0,D5,D5,Untiered,False,False,False,Subscription,Unknown,False,1,2023-03-13 16:00:00+00:00,2023-03,2023
6700602786047,14.4,40.89,1,0.3520665199315236,0.0,D5,D5,Untiered,False,False,False,Subscription,Unknown,False,1,2023-06-14 16:00:00+00:00,2023-06,2023
8108930564351,14.38,42.03,1,0.34204139900071373,0.0,D5,D3,Untiered,False,False,False,Paid Social,Clear Protein,False,1,2025-08-06 16:00:00+00:00,2025-08,2025
8588209455359,14.36,18.55,1,0.7741239892183289,1.0,D5,D2,Tier 4 (D2 Profit or Frequency),False,False,False,Direct / Organic,Lean Protein,False,1,2025-12-03 16:00:00+00:00,2025-12,2025
6327743709439,14.36,40.8,1,0.3519607843137255,0.0,D5,D5,Untiered,False,False,False,Subscription,Soy Protein,False,1,2023-03-24 16:00:00+00:00,2023-03,2023
6602513154303,14.36,40.8,1,0.3519607843137255,0.0,D5,D5,Untiered,False,False,False,Subscription,Soy Protein,False,1,2023-03-13 16:00:00+00:00,2023-03,2023
7177783116031,14.36,40.8,1,0.3519607843137255,0.0,D5,D5,Untiered,False,False,False,Subscription,Soy Protein,False,1,2024-04-09 16:00:00+00:00,2024-04,2024
7475190006015,14.36,25.13,1,0.5714285714285714,0.0,D5,D5,Untiered,False,False,False,Subscription,Soy Protein,False,1,2024-08-30 16:00:00+00:00,2024-08,2024
7520723403007,14.36,30.03,1,0.47818847818847815,0.0,D5,D5,Untiered,False,False,False,Subscription,Soy Protein,False,1,2024-09-27 16:00:00+00:00,2024-09,2024
7522680701183,14.36,30.03,1,0.47818847818847815,0.0,D5,D5,Untiered,False,False,False,Subscription,Soy Protein,False,1,2024-09-29 16:00:00+00:00,2024-09,2024
7549590896895,14.36,35.41,1,0.4055351595594465,0.0,D5,D5,Untiered,False,False,False,Subscription,Soy Protein,False,1,2024-10-10 16:00:00+00:00,2024-10,2024
7584980435199,14.36,30.03,1,0.47818847818847815,0.0,D5,D5,Untiered,False,False,False,Subscription,Soy Protein,False,1,2024-10-29 16:00:00+00:00,2024-10,2024
7756475465983,14.36,40.8,1,0.3519607843137255,0.0,D5,D4,Untiered,False,False,False,Direct / Organic,Soy Protein,False,1,2025-02-16 16:00:00+00:00,2025-02,2025
7981308379391,14.36,40.9,1,0.3511002444987775,0.0,D5,D3,Untiered,False,False,False,Direct / Organic,Soy Protein,False,1,2025-04-27 16:00:00+00:00,2025-04,2025
8096731693311,14.36,35.9,1,0.4,0.0,D5,D3,Untiered,False,False,False,Direct / Organic,Soy Protein,False,1,2025-05-31 16:00:00+00:00,2025-06,2025
8109830078719,14.36,35.9,1,0.4,0.0,D5,D3,Untiered,False,False,False,Direct / Organic,Soy Protein,False,1,2025-06-05 16:00:00+00:00,2025-06,2025
8246269673727,14.36,35.9,1,0.4,0.0,D5,D3,Untiered,False,False,False,Direct / Organic,Soy Protein,False,1,2025-08-08 16:00:00+00:00,2025-08,2025
8263488635135,14.36,40.9,1,0.3511002444987775,0.0,D5,D3,Untiered,False,False,False,Paid Search,Soy Protein,False,1,2025-08-17 16:00:00+00:00,2025-08,2025
8285542351103,14.36,35.9,1,0.4,0.0,D5,D3,Untiered,False,False,False,Direct / Organic,Soy Protein,False,1,2025-08-23 16:00:00+00:00,2025-08,2025
7756409471231,14.3,23.33,1,0.612987012987013,0.0,D5,D4,Untiered,False,False,False,Direct / Organic,Unknown,False,1,2024-02-28 16:00:00+00:00,2024-02,2024
8144634249471,14.28,40.7,1,0.35085995085995086,0.0,D5,D3,Untiered,False,False,False,Direct / Organic,Lean Protein,True,3,2025-06-24 16:00:00+00:00,2025-06,2025
7756001378559,14.25,38.36,1,0.37156398104265403,0.0,D5,D4,Untiered,False,False,False,Direct / Organic,Unknown,False,1,2022-05-03 16:00:00+00:00,2022-05,2022
8096187580671,14.16,40.4,1,0.35049504950495053,0.0,D5,D3,Untiered,False,False,False,Paid Social,Clear Protein,False,1,2025-05-31 16:00:00+00:00,2025-06,2025
8486535069951,14.11,21.05,1,0.6703087885985749,1.0,D5,D2,Tier 4 (D2 Profit or Frequency),False,False,False,Paid Social,Lean Protein,False,1,2025-10-30 16:00:00+00:00,2025-10,2025
7967214207231,14.09,20.52,1,0.6866471734892787,1.0,D5,D3,Untiered,False,False,False,Direct / Organic,Other,False,4,2025-09-15 16:00:00+00:00,2025-09,2025
6336747012351,14.04,40.0,1,0.35100000000000003,0.0,D5,D5,Untiered,False,False,False,Subscription,Unknown,False,1,2022-02-07 16:00:00+00:00,2022-02,2022
7755975950591,14.01,37.76,1,0.371107544141252,0.0,D5,D4,Untiered,False,False,False,Direct / Organic,Unknown,False,1,2022-04-27 16:00:00+00:00,2022-04,2022
6423605018879,13.76,34.4,2,0.4000000000000001,0.0,D5,D2,Tier 4 (D2 Profit or Frequency),False,False,False,Subscription,Unknown,False,1,2022-02-03 16:00:00+00:00,2022-02,2022
7756018221311,13.67,36.91,1,0.37044334975369464,0.0,D5,D4,Untiered,False,False,False,Direct / Organic,Unknown,False,1,2022-08-13 16:00:00+00:00,2022-08,2022
8306859081983,13.64,36.84,1,0.3702497285559175,0.0,D5,D3,Untiered,False,False,False,Paid Social,Lean Protein,False,1,2025-09-04 16:00:00+00:00,2025-09,2025
7122183651583,13.57,33.73,1,0.4022531870738216,0.0,D5,D5,Untiered,False,False,False,Subscription,Collagen Glow,True,2,2024-03-11 16:00:00+00:00,2024-03,2024
7756034015487,13.54,33.85,1,0.4,0.0,D5,D4,Untiered,False,False,False,Direct / Organic,Unknown,False,1,2022-05-20 16:00:00+00:00,2022-05,2022
7756035883263,13.54,36.58,1,0.3701789264413518,0.0,D5,D4,Untiered,False,False,False,Direct / Organic,Unknown,False,1,2022-04-30 16:00:00+00:00,2022-05,2022
8712621621503,13.45,21.55,1,0.6241299303944315,1.0,D5,D2,Tier 4 (D2 Profit or Frequency),False,False,False,Direct / Organic,Clear Protein,False,1,2026-01-23 16:00:00+00:00,2026-01,2026
7756045746431,13.45,36.35,1,0.36998499249624817,0.0,D5,D4,Untiered,False,False,False,Direct / Organic,Unknown,False,1,2022-01-17 16:00:00+00:00,2022-01,2022
7756034769151,13.42,36.27,1,0.3699222992731222,0.0,D5,D4,Untiered,False,False,False,Direct / Organic,Unknown,False,1,2022-05-10 16:00:00+00:00,2022-05,2022
7756380209407,13.38,24.37,1,0.5492166127828898,0.0,D5,D4,Untiered,False,False,False,Subscription,Other,True,2,2023-09-21 16:00:00+00:00,2023-09,2023
8140701565183,13.36,38.4,1,0.3479166666666667,0.0,D5,D3,Untiered,False,False,False,Direct / Organic,Clear Protein,False,2,2025-06-17 16:00:00+00:00,2025-06,2025
8593133437183,13.35,21.44,1,0.6226679104477613,1.0,D5,D2,Tier 4 (D2 Profit or Frequency),False,False,False,Direct / Organic,Clear Protein,False,1,2025-12-05 16:00:00+00:00,2025-12,2025
7756037980415,13.26,35.87,1,0.36958945767866197,0.0,D5,D4,Untiered,False,False,False,Direct / Organic,Unknown,False,1,2022-04-06 16:00:00+00:00,2022-04,2022
7756384174335,13.09,32.13,1,0.40734516028633677,0.0,D5,D4,Untiered,False,False,False,Direct / Organic,Lean Protein,False,2,2025-04-14 16:00:00+00:00,2025-04,2025
7756463276287,13.07,32.67,2,0.4,0.0,D5,D1,Tier 3 (D1 Frequency Only),False,True,False,Subscription,Other,True,1,2024-09-07 16:00:00+00:00,2024-09,2024
7756000035071,13.07,35.39,1,0.36917808219178083,0.0,D5,D4,Untiered,False,False,False,Direct / Organic,Unknown,False,1,2022-08-25 16:00:00+00:00,2022-08,2022
7756009177343,13.04,35.33,1,0.3691252144082332,0.0,D5,D4,Untiered,False,False,False,Direct / Organic,Unknown,False,1,2022-04-27 16:00:00+00:00,2022-04,2022
7756033261823,13.04,35.33,1,0.3691252144082332,0.0,D5,D4,Untiered,False,False,False,Direct / Organic,Unknown,False,1,2022-05-25 16:00:00+00:00,2022-05,2022
7756035653887,13.04,35.33,1,0.3691252144082332,0.0,D5,D4,Untiered,False,False,False,Direct / Organic,Unknown,False,1,2022-05-02 16:00:00+00:00,2022-05,2022
6329868943615,12.98,37.34,1,0.3475093733261917,0.0,D5,D5,Untiered,False,False,False,Subscription,Unknown,False,1,2022-02-18 16:00:00+00:00,2022-02,2022
6423602168063,12.98,37.34,1,0.3475093733261917,0.0,D5,D5,Untiered,False,False,False,Subscription,Unknown,False,1,2022-02-19 16:00:00+00:00,2022-02,2022
8285699997951,12.92,32.31,1,0.4,0.0,D5,D3,Untiered,False,False,False,Subscription,Soy Protein,True,1,2025-08-23 16:00:00+00:00,2025-08,2025
7829470118143,12.84,22.46,1,0.5714285714285715,0.0,D5,D3,Untiered,False,False,False,Direct / Organic,Other,False,1,2024-04-04 16:00:00+00:00,2024-04,2024
7756017238271,12.82,34.77,1,0.3686247167509151,0.0,D5,D4,Untiered,False,False,False,Direct / Organic,Unknown,False,1,2022-08-25 16:00:00+00:00,2022-08,2022
6327759241471,12.8,36.9,1,0.3468834688346884,0.0,D5,D5,Untiered,False,False,False,Subscription,Unknown,False,1,2022-05-05 16:00:00+00:00,2022-05,2022
6329867763967,12.8,36.9,1,0.3468834688346884,0.0,D5,D5,Untiered,False,False,False,Subscription,Unknown,False,1,2022-08-22 16:00:00+00:00,2022-08,2022
6532503666943,12.51,37.33,1,0.33506493506493507,0.0,D5,D5,Untiered,False,False,False,Direct / Organic,Unknown,False,1,2022-04-30 16:00:00+00:00,2022-05,2022
7756375490815,12.35,30.88,1,0.4,0.0,D5,D4,Untiered,False,False,False,Subscription,Other,True,2,2023-09-06 16:00:00+00:00,2023-09,2023
7756421267711,12.34,27.77,2,0.44447354064375344,0.0,D5,D1,Tier 3 (D1 Frequency Only),False,True,False,Subscription,Other,True,2,2024-04-29 16:00:00+00:00,2024-04,2024
7756015173887,12.29,33.45,1,0.3673913043478261,0.0,D5,D4,Untiered,False,False,False,Direct / Organic,Unknown,False,1,2022-09-18 16:00:00+00:00,2022-09,2022
7756015468799,12.29,33.45,1,0.3673913043478261,0.0,D5,D4,Untiered,False,False,False,Direct / Organic,Unknown,False,1,2022-09-11 16:00:00+00:00,2022-09,2022
7756018811135,12.29,33.45,1,0.3673913043478261,0.0,D5,D4,Untiered,False,False,False,Direct / Organic,Unknown,False,1,2022-08-08 16:00:00+00:00,2022-08,2022
8484907942143,12.25,32.4,1,0.37808641975308643,0.09124087591240876,D5,D2,Tier 4 (D2 Profit or Frequency),False,False,False,Paid Social,Other,False,2,2025-10-29 16:00:00+00:00,2025-10,2025
7756036767999,12.24,33.33,1,0.36727272727272725,0.0,D5,D4,Untiered,False,False,False,Direct / Organic,Unknown,False,1,2022-04-24 16:00:00+00:00,2022-04,2022
6328261837055,12.24,26.0,1,0.47061538461538466,0.0,D5,D5,Untiered,False,False,False,Subscription,Unknown,True,1,2023-04-03 16:00:00+00:00,2023-04,2023
7313633411327,12.21,30.53,1,0.39999999999999997,0.0,D5,D5,Untiered,False,False,False,Subscription,Soy Protein,True,2,2024-06-09 16:00:00+00:00,2024-06,2024
8437239283967,12.16,15.84,1,0.7676767676767677,1.0,D5,D2,Tier 4 (D2 Profit or Frequency),False,False,False,Direct / Organic,Accessories,False,2,2025-10-17 16:00:00+00:00,2025-10,2025
7756361662719,12.16,33.12,1,0.36706312900274474,0.0,D5,D4,Untiered,False,False,False,Subscription,Other,True,2,2024-03-02 16:00:00+00:00,2024-03,2024
7755966611711,12.11,21.19,1,0.5714285714285714,0.0,D5,D5,Untiered,False,False,False,Direct / Organic,Soy Protein,False,1,2024-09-29 16:00:00+00:00,2024-09,2024
7756206735615,12.11,28.46,1,0.4254684838160137,0.0,D5,D4,Untiered,False,False,False,Direct / Organic,Collagen Glow,False,2,2024-08-08 16:00:00+00:00,2024-08,2024
7756260278527,12.11,33.0,1,0.36694214876033066,0.0,D5,D4,Untiered,False,False,False,Direct / Organic,Collagen Glow,False,1,2023-01-02 16:00:00+00:00,2023-01,2023
7756264210687,12.11,33.0,1,0.36694214876033066,0.0,D5,D4,Untiered,False,False,False,Direct / Organic,Collagen Glow,False,1,2023-01-02 16:00:00+00:00,2023-01,2023
7756265521407,12.11,33.0,1,0.36694214876033066,0.0,D5,D4,Untiered,False,False,False,Direct / Organic,Collagen Glow,False,1,2023-01-14 16:00:00+00:00,2023-01,2023
7756265783551,12.11,33.0,1,0.36694214876033066,0.0,D5,D4,Untiered,False,False,False,Direct / Organic,Collagen Glow,False,1,2023-01-16 16:00:00+00:00,2023-01,2023
7756299960575,12.11,25.43,1,0.47611104491838435,0.0,D5,D4,Untiered,False,False,False,Direct / Organic,Collagen Glow,False,1,2024-04-30 16:00:00+00:00,2024-05,2024
7756319424767,12.11,33.0,1,0.36694214876033066,0.0,D5,D4,Untiered,False,False,False,Direct / Organic,Soy Protein,False,1,2023-12-25 16:00:00+00:00,2023-12,2023
7756328501503,12.11,28.46,1,0.4254684838160137,0.0,D5,D4,Untiered,False,False,False,Direct / Organic,Soy Protein,False,1,2023-02-05 16:00:00+00:00,2023-02,2023
7756350226687,12.11,26.95,1,0.44939271255060736,0.0,D5,D4,Untiered,False,False,False,Direct / Organic,Collagen Glow,False,1,2023-03-02 16:00:00+00:00,2023-03,2023
7756350488831,12.11,36.33,1,0.3332777314428691,0.0,D5,D4,Untiered,False,False,False,Direct / Organic,Collagen Glow,False,1,2023-03-03 16:00:00+00:00,2023-03,2023
7756354027775,12.11,30.27,1,0.4,0.0,D5,D4,Untiered,False,False,False,Direct / Organic,Collagen Glow,False,1,2023-03-14 16:00:00+00:00,2023-03,2023
7756354093311,12.11,33.0,1,0.36694214876033066,0.0,D5,D4,Untiered,False,False,False,Direct / Organic,Collagen Glow,False,1,2023-03-15 16:00:00+00:00,2023-03,2023
7756358025471,12.11,33.0,1,0.36694214876033066,0.0,D5,D4,Untiered,False,False,False,Direct / Organic,Collagen Glow,False,1,2023-04-01 16:00:00+00:00,2023-04,2023
7756358713599,12.11,33.0,1,0.36694214876033066,0.0,D5,D4,Untiered,False,False,False,Direct / Organic,Soy Protein,False,1,2023-04-13 16:00:00+00:00,2023-04,2023
7756360188159,12.11,33.0,1,0.36694214876033066,0.0,D5,D4,Untiered,False,False,False,Direct / Organic,Collagen Glow,False,1,2023-05-01 16:00:00+00:00,2023-05,2023
7756378964223,12.11,33.0,1,0.36694214876033066,0.0,D5,D4,Untiered,False,False,False,Direct / Organic,Unknown,False,1,2023-08-29 16:00:00+00:00,2023-08,2023
7756381290751,12.11,29.06,1,0.41668404588112623,0.0,D5,D4,Untiered,False,False,False,Direct / Organic,Soy Protein,False,1,2023-09-12 16:00:00+00:00,2023-09,2023
7756382208255,12.11,29.97,1,0.4040036396724295,0.0,D5,D4,Untiered,False,False,False,Direct / Organic,Soy Protein,False,1,2023-09-23 16:00:00+00:00,2023-09,2023
7756383420671,12.11,33.0,1,0.36694214876033066,0.0,D5,D4,Untiered,False,False,False,Direct / Organic,Soy Protein,False,1,2023-10-02 16:00:00+00:00,2023-10,2023
7756397445375,12.11,33.0,1,0.36694214876033066,0.0,D5,D4,Untiered,False,False,False,Direct / Organic,Collagen Glow,False,1,2024-01-17 16:00:00+00:00,2024-01,2024
7756398166271,12.11,36.33,1,0.3332777314428691,0.0,D5,D4,Untiered,False,False,False,Direct / Organic,Collagen Glow,False,1,2023-12-23 16:00:00+00:00,2023-12,2023
7756399739135,12.11,29.97,1,0.4040036396724295,0.0,D5,D4,Untiered,False,False,False,Direct / Organic,Soy Protein,False,1,2024-01-08 16:00:00+00:00,2024-01,2024
7756405932287,12.11,33.0,1,0.36694214876033066,0.0,D5,D4,Untiered,False,False,False,Direct / Organic,Soy Protein,False,1,2024-02-02 16:00:00+00:00,2024-02,2024
7756426838271,12.11,33.0,1,0.36694214876033066,0.0,D5,D4,Untiered,False,False,False,Direct / Organic,Soy Protein,False,1,2024-05-17 16:00:00+00:00,2024-05,2024
7756436046079,12.11,33.0,1,0.36694214876033066,0.0,D5,D4,Untiered,False,False,False,Direct / Organic,Soy Protein,False,1,2024-06-12 16:00:00+00:00,2024-06,2024
7756437192959,12.11,33.0,1,0.36694214876033066,0.0,D5,D4,Untiered,False,False,False,Direct / Organic,Soy Protein,False,1,2024-06-16 16:00:00+00:00,2024-06,2024
7756457574655,12.11,28.46,1,0.4254684838160137,0.0,D5,D4,Untiered,False,False,False,Direct / Organic,Soy Protein,False,1,2024-08-10 16:00:00+00:00,2024-08,2024
7756457935103,12.11,33.0,1,0.36694214876033066,0.0,D5,D4,Untiered,False,False,False,Direct / Organic,Collagen Glow,False,2,2024-08-12 16:00:00+00:00,2024-08,2024
7756459933951,12.11,33.0,1,0.36694214876033066,0.0,D5,D4,Untiered,False,False,False,Direct / Organic,Soy Protein,False,1,2024-08-23 16:00:00+00:00,2024-08,2024
7756460196095,12.11,33.0,1,0.36694214876033066,0.0,D5,D4,Untiered,False,False,False,Direct / Organic,Collagen Glow,False,1,2024-08-24 16:00:00+00:00,2024-08,2024
7756461932799,12.11,22.71,1,0.5332977445615908,0.0,D5,D4,Untiered,False,False,False,Direct / Organic,Collagen Glow,False,1,2024-08-30 16:00:00+00:00,2024-08,2024
7756462031103,12.11,33.0,1,0.36694214876033066,0.0,D5,D4,Untiered,False,False,False,Direct / Organic,Soy Protein,False,1,2024-09-01 16:00:00+00:00,2024-09,2024
7756462260479,12.11,33.0,1,0.36694214876033066,0.0,D5,D4,Untiered,False,False,False,Direct / Organic,Soy Protein,False,1,2024-09-01 16:00:00+00:00,2024-09,2024
7756470419711,12.11,33.0,1,0.36694214876033066,0.0,D5,D4,Untiered,False,False,False,Direct / Organic,Soy Protein,False,1,2024-10-02 16:00:00+00:00,2024-10,2024
7756473860351,12.11,33.0,1,0.36694214876033066,0.0,D5,D4,Untiered,False,False,False,Direct / Organic,Collagen Glow,False,1,2024-10-13 16:00:00+00:00,2024-10,2024
7756477333759,12.11,23.92,1,0.5062713797035348,0.0,D5,D4,Untiered,False,False,False,Direct / Organic,Collagen Glow,False,1,2024-10-29 16:00:00+00:00,2024-10,2024
7845555437823,12.09,32.94,1,0.3669702489374621,0.0,D5,D3,Untiered,False,False,False,Direct / Organic,Soy Protein,False,1,2025-02-12 16:00:00+00:00,2025-02,2025
7933028401407,12.09,32.94,1,0.3669702489374621,0.0,D5,D3,Untiered,False,False,False,Direct / Organic,Soy Protein,False,1,2025-03-29 16:00:00+00:00,2025-03,2025
7932520530175,12.08,32.93,1,0.36696021864561196,0.0,D5,D3,Untiered,False,False,False,Direct / Organic,Soy Protein,False,1,2025-03-29 16:00:00+00:00,2025-03,2025
7842117648639,12.02,29.77,1,0.4036278132348001,0.0,D5,D3,Untiered,False,False,False,Email,Lean Protein,False,2,2025-03-10 16:00:00+00:00,2025-03,2025
7756422807807,12.0,26.73,1,0.44897959183673464,0.0,D5,D4,Untiered,False,False,False,Direct / Organic,Other,False,2,2024-04-29 16:00:00+00:00,2024-04,2024
8149517795583,11.96,32.64,1,0.36654411764705885,0.0,D5,D3,Untiered,False,False,False,Direct / Organic,Clear Protein,False,2,2025-06-29 16:00:00+00:00,2025-06,2025
6327406264575,11.96,30.31,1,0.3945892444737711,0.0,D5,D5,Untiered,False,False,False,Subscription,Other,False,1,2024-10-13 16:00:00+00:00,2024-10,2024
6327633477887,11.96,24.8,1,0.48225806451612907,0.0,D5,D5,Untiered,False,False,False,Subscription,Other,False,1,2023-05-29 16:00:00+00:00,2023-05,2023
6329618104575,11.96,30.31,1,0.3945892444737711,0.0,D5,D5,Untiered,False,False,False,Direct / Organic,Other,False,1,2025-03-08 16:00:00+00:00,2025-03,2025
6424851120383,11.96,24.8,1,0.48225806451612907,0.0,D5,D5,Untiered,False,False,False,Subscription,Other,False,1,2023-05-30 16:00:00+00:00,2023-05,2023
6500262969599,11.96,34.8,1,0.3436781609195403,0.0,D5,D5,Untiered,False,False,False,Subscription,Other,False,1,2023-01-04 16:00:00+00:00,2023-01,2023
6587938668799,11.96,23.92,1,0.5,0.0,D5,D5,Untiered,False,False,False,Subscription,Other,False,1,2023-03-01 16:00:00+00:00,2023-03,2023
6601909534975,11.96,34.8,1,0.3436781609195403,0.0,D5,D5,Untiered,False,False,False,Subscription,Other,False,1,2023-03-15 16:00:00+00:00,2023-03,2023
6601910845695,11.96,34.8,1,0.3436781609195403,0.0,D5,D5,Untiered,False,False,False,Subscription,Unknown,False,1,2023-03-27 16:00:00+00:00,2023-03,2023
6620081684735,11.96,34.8,1,0.3436781609195403,0.0,D5,D5,Untiered,False,False,False,Subscription,Other,False,1,2023-03-29 16:00:00+00:00,2023-03,2023
6624124797183,11.96,30.31,1,0.3945892444737711,0.0,D5,D5,Untiered,False,False,False,Subscription,Other,False,1,2023-04-02 16:00:00+00:00,2023-04,2023
6644874084607,11.96,34.8,1,0.3436781609195403,0.0,D5,D5,Untiered,False,False,False,Subscription,Unknown,False,1,2023-04-23 16:00:00+00:00,2023-04,2023
7288823283967,11.96,34.8,1,0.3436781609195403,0.0,D5,D5,Untiered,False,False,False,Subscription,Other,False,1,2024-05-15 16:00:00+00:00,2024-05,2024
7308632424703,11.96,25.83,1,0.46302748741773136,0.0,D5,D5,Untiered,False,False,False,Subscription,Other,False,1,2024-05-27 16:00:00+00:00,2024-05,2024
7309858963711,11.96,25.83,1,0.46302748741773136,0.0,D5,D5,Untiered,False,False,False,Subscription,Other,False,1,2024-05-28 16:00:00+00:00,2024-05,2024
7475354009855,11.96,29.9,1,0.4,0.0,D5,D5,Untiered,False,False,False,Subscription,Other,False,1,2024-08-30 16:00:00+00:00,2024-08,2024
7476502855935,11.96,20.93,1,0.5714285714285715,0.0,D5,D5,Untiered,False,False,False,Subscription,Other,False,1,2024-08-31 16:00:00+00:00,2024-09,2024
7476813496575,11.96,20.93,1,0.5714285714285715,0.0,D5,D5,Untiered,False,False,False,Subscription,Other,False,1,2024-08-31 16:00:00+00:00,2024-09,2024
7476886798591,11.96,20.93,1,0.5714285714285715,0.0,D5,D5,Untiered,False,False,False,Subscription,Other,False,1,2024-08-31 16:00:00+00:00,2024-09,2024
7519522029823,11.96,25.83,1,0.46302748741773136,0.0,D5,D5,Untiered,False,False,False,Subscription,Other,False,1,2024-09-26 16:00:00+00:00,2024-09,2024
7572073185535,11.96,30.31,1,0.3945892444737711,0.0,D5,D5,Untiered,False,False,False,Subscription,Other,False,1,2024-10-18 16:00:00+00:00,2024-10,2024
7582195941631,11.96,30.31,1,0.3945892444737711,0.0,D5,D5,Untiered,False,False,False,Subscription,Other,False,1,2024-10-27 16:00:00+00:00,2024-10,2024
7834599522559,11.96,34.8,1,0.3436781609195403,0.0,D5,D3,Untiered,False,False,False,Direct / Organic,Other,False,1,2025-02-06 16:00:00+00:00,2025-02,2025
7898763755775,11.96,29.9,1,0.4,0.0,D5,D3,Untiered,False,False,False,Direct / Organic,Other,False,1,2025-03-12 16:00:00+00:00,2025-03,2025
7975485112575,11.96,29.9,1,0.4,0.0,D5,D3,Untiered,False,False,False,Direct / Organic,Other,False,1,2025-04-23 16:00:00+00:00,2025-04,2025
8041270116607,11.96,29.9,1,0.4,0.0,D5,D3,Untiered,False,False,False,Direct / Organic,Other,False,1,2025-05-13 16:00:00+00:00,2025-05,2025
8060725330175,11.96,29.9,1,0.4,0.0,D5,D3,Untiered,False,False,False,Direct / Organic,Other,False,1,2025-05-18 16:00:00+00:00,2025-05,2025
8080070476031,11.96,34.9,1,0.34269340974212037,0.0,D5,D3,Untiered,False,False,False,Direct / Organic,Other,False,1,2025-05-25 16:00:00+00:00,2025-05,2025
8116779909375,11.96,31.91,1,0.37480413663428397,0.0,D5,D3,Untiered,False,False,False,Affiliate,Other,False,1,2025-06-08 16:00:00+00:00,2025-06,2025
8244481065215,11.92,29.8,2,0.39999999999999997,0.0,D5,D1,Tier 3 (D1 Frequency Only),False,True,False,Paid Social,Accessories,False,3,2025-08-07 16:00:00+00:00,2025-08,2025
8310636970239,11.92,29.8,2,0.39999999999999997,0.0,D5,D1,Tier 3 (D1 Frequency Only),False,True,False,Direct / Organic,Accessories,False,3,2025-09-06 16:00:00+00:00,2025-09,2025
8245906768127,11.91,32.51,2,0.3662872962165487,0.0,D5,D1,Tier 3 (D1 Frequency Only),False,True,False,Paid Social,Accessories,False,2,2025-08-08 16:00:00+00:00,2025-08,2025
6423602823423,11.88,29.7,2,0.39999999999999997,0.0,D5,D2,Tier 4 (D2 Profit or Frequency),False,False,False,Subscription,Unknown,False,1,2022-02-16 16:00:00+00:00,2022-02,2022
6329600966911,11.83,29.58,2,0.4,0.0,D5,D2,Tier 4 (D2 Profit or Frequency),False,False,False,Direct / Organic,Unknown,False,1,2022-05-25 16:00:00+00:00,2022-05,2022
6334087627007,11.8,34.4,1,0.34302325581395354,0.0,D5,D5,Untiered,False,False,False,Subscription,Unknown,False,1,2022-02-02 16:00:00+00:00,2022-02,2022
6423594500351,11.8,34.4,1,0.34302325581395354,0.0,D5,D5,Untiered,False,False,False,Subscription,Unknown,False,1,2022-04-09 16:00:00+00:00,2022-04,2022
7756038897919,11.8,29.5,1,0.4,0.0,D5,D4,Untiered,False,False,False,Direct / Organic,Unknown,False,1,2022-03-23 16:00:00+00:00,2022-03,2022
7756039291135,11.8,32.23,1,0.3661495063469676,0.0,D5,D4,Untiered,False,False,False,Direct / Organic,Unknown,False,1,2022-03-20 16:00:00+00:00,2022-03,2022
8077244072191,11.8,34.5,1,0.3420289855072464,0.0,D5,D3,Untiered,False,False,False,Direct / Organic,Clear Protein,False,1,2025-05-24 16:00:00+00:00,2025-05,2025
8125631594751,11.8,34.5,1,0.3420289855072464,0.0,D5,D3,Untiered,False,False,False,Direct / Organic,Clear Protein,False,1,2025-06-11 16:00:00+00:00,2025-06,2025
8166650413311,11.8,26.55,1,0.4444444444444445,0.0,D5,D3,Untiered,False,False,False,Direct / Organic,Lean Protein,False,1,2025-06-28 16:00:00+00:00,2025-06,2025
6334081433855,11.76,29.39,1,0.4,0.0,D5,D5,Untiered,False,False,False,Subscription,Unknown,False,1,2022-06-22 16:00:00+00:00,2022-06,2022
7970464071935,11.74,29.34,2,0.39999999999999997,0.0,D5,D1,Tier 3 (D1 Frequency Only),False,True,False,Paid Social,Unknown,True,4,2025-04-20 16:00:00+00:00,2025-04,2025
7756017697023,11.73,32.06,1,0.36597353497164464,0.0,D5,D4,Untiered,False,False,False,Direct / Organic,Unknown,False,1,2022-08-19 16:00:00+00:00,2022-08,2022
8337863606527,11.66,14.9,1,0.7825503355704698,1.0,D5,D3,Untiered,False,False,False,Direct / Organic,Accessories,False,2,2025-09-22 16:00:00+00:00,2025-09,2025
8384374505727,11.66,14.9,1,0.7825503355704698,1.0,D5,D2,Tier 4 (D2 Profit or Frequency),False,False,False,Direct / Organic,Accessories,False,2,2025-10-09 16:00:00+00:00,2025-10,2025
8474628718847,11.66,14.9,1,0.7825503355704698,1.0,D5,D2,Tier 4 (D2 Profit or Frequency),False,False,False,Direct / Organic,Accessories,False,2,2025-10-24 16:00:00+00:00,2025-10,2025
8633635832063,11.66,19.9,1,0.5859296482412061,1.0,D5,D2,Tier 4 (D2 Profit or Frequency),False,False,False,Paid Social,Accessories,False,2,2025-12-18 16:00:00+00:00,2025-12,2025
8657761501439,11.66,19.9,1,0.5859296482412061,1.0,D5,D2,Tier 4 (D2 Profit or Frequency),False,False,False,Paid Social,Accessories,False,2,2025-12-29 16:00:00+00:00,2025-12,2025
8705137574143,11.66,19.9,1,0.5859296482412061,1.0,D5,D2,Tier 4 (D2 Profit or Frequency),False,False,False,Direct / Organic,Accessories,False,2,2026-01-19 16:00:00+00:00,2026-01,2026
7756037456127,11.65,31.85,1,0.36574690770694585,0.0,D5,D4,Untiered,False,False,False,Direct / Organic,Unknown,False,1,2022-04-16 16:00:00+00:00,2022-04,2022
7756260147455,11.62,29.06,1,0.4,0.0,D5,D4,Untiered,False,False,False,Direct / Organic,Unknown,False,1,2022-12-01 16:00:00+00:00,2022-12,2022
7756261687551,11.62,29.06,1,0.4,0.0,D5,D4,Untiered,False,False,False,Direct / Organic,Other,False,1,2022-12-12 16:00:00+00:00,2022-12,2022
7756262539519,11.62,31.79,1,0.3656816015252622,0.0,D5,D4,Untiered,False,False,False,Direct / Organic,Other,False,1,2022-12-23 16:00:00+00:00,2022-12,2022
7756263555327,11.62,31.79,1,0.3656816015252622,0.0,D5,D4,Untiered,False,False,False,Direct / Organic,Other,False,1,2022-12-27 16:00:00+00:00,2022-12,2022
7756263751935,11.62,31.79,1,0.3656816015252622,0.0,D5,D4,Untiered,False,False,False,Direct / Organic,Other,False,1,2022-12-30 16:00:00+00:00,2022-12,2022
7756264407295,11.62,31.79,1,0.3656816015252622,0.0,D5,D4,Untiered,False,False,False,Direct / Organic,Other,False,1,2023-01-03 16:00:00+00:00,2023-01,2023
7756265947391,11.62,31.79,1,0.3656816015252622,0.0,D5,D4,Untiered,False,False,False,Direct / Organic,Other,False,1,2023-01-17 16:00:00+00:00,2023-01,2023
7756348326143,11.62,31.79,1,0.3656816015252622,0.0,D5,D4,Untiered,False,False,False,Direct / Organic,Other,False,1,2023-02-15 16:00:00+00:00,2023-02,2023
7756355633407,11.62,31.79,1,0.3656816015252622,0.0,D5,D4,Untiered,False,False,False,Direct / Organic,Other,False,1,2023-03-23 16:00:00+00:00,2023-03,2023
7756360089855,11.62,31.79,1,0.3656816015252622,0.0,D5,D4,Untiered,False,False,False,Direct / Organic,Other,False,1,2023-05-01 16:00:00+00:00,2023-05,2023
7756015436031,11.56,28.91,1,0.4,0.0,D5,D4,Untiered,False,False,False,Direct / Organic,Unknown,False,1,2022-09-13 16:00:00+00:00,2022-09,2022
8314033406207,11.56,31.63,1,0.36534935188112555,0.0,D5,D3,Untiered,False,False,False,Paid Social,Other,False,1,2025-09-08 16:00:00+00:00,2025-09,2025
8260871454975,11.55,28.87,1,0.4,0.0,D5,D3,Untiered,False,False,False,Direct / Organic,Other,False,1,2025-08-18 16:00:00+00:00,2025-08,2025
7756047810815,11.44,40.72,1,0.2809346628962644,0.0,D5,D4,Untiered,False,False,False,Direct / Organic,Unknown,False,1,2022-01-07 16:00:00+00:00,2022-01,2022
6327723131135,11.36,33.31,1,0.3411588111678175,0.0,D5,D5,Untiered,False,False,False,Subscription,Unknown,False,1,2022-05-26 16:00:00+00:00,2022-05,2022
6328271077631,11.36,33.31,1,0.3411588111678175,0.0,D5,D5,Untiered,False,False,False,Subscription,Unknown,False,1,2022-05-28 16:00:00+00:00,2022-05,2022
8340030521599,11.22,14.9,1,0.7530201342281878,1.0,D5,D3,Untiered,False,False,False,Direct / Organic,Accessories,False,2,2025-09-20 16:00:00+00:00,2025-09,2025
8718118256895,11.22,19.9,1,0.563819095477387,1.0,D5,D2,Tier 4 (D2 Profit or Frequency),False,False,False,Direct / Organic,Accessories,False,2,2026-01-26 16:00:00+00:00,2026-01,2026
8721480614143,11.22,14.9,1,0.7530201342281878,1.0,D5,D2,Tier 4 (D2 Profit or Frequency),False,False,False,Direct / Organic,Accessories,False,2,2026-02-04 16:00:00+00:00,2026-02,2026
8813055639807,11.22,18.41,1,0.6094513851167843,1.0,D5,D2,Tier 4 (D2 Profit or Frequency),False,False,False,Direct / Organic,Accessories,False,2,2026-02-28 16:00:00+00:00,2026-03,2026
8813196902655,11.22,19.9,1,0.563819095477387,1.0,D5,D2,Tier 4 (D2 Profit or Frequency),False,False,False,Direct / Organic,Accessories,False,2,2026-02-28 16:00:00+00:00,2026-03,2026
6327629381887,11.2,28.0,1,0.4,0.0,D5,D5,Untiered,False,False,False,Subscription,Unknown,False,1,2022-08-25 16:00:00+00:00,2022-08,2022
7756045451519,11.09,30.46,1,0.36418623159570235,0.0,D5,D4,Untiered,False,False,False,Direct / Organic,Unknown,False,1,2022-01-19 16:00:00+00:00,2022-01,2022
7756030279935,11.08,30.42,1,0.3641434262948207,0.0,D5,D4,Untiered,False,False,False,Direct / Organic,Unknown,False,1,2022-06-19 16:00:00+00:00,2022-06,2022
7994947797247,10.9,29.99,1,0.3635878626208737,0.0,D5,D3,Untiered,False,False,False,Direct / Organic,Other,False,1,2025-04-30 16:00:00+00:00,2025-05,2025
6532488954111,10.9,27.24,1,0.4,0.0,D5,D5,Untiered,False,False,False,Direct / Organic,Unknown,False,1,2022-12-16 16:00:00+00:00,2022-12,2022
7756006654207,10.9,29.97,1,0.3635995955510617,0.0,D5,D4,Untiered,False,False,False,Direct / Organic,Other,False,1,2022-10-17 16:00:00+00:00,2022-10,2022
7756009963775,10.9,29.97,1,0.3635995955510617,0.0,D5,D4,Untiered,False,False,False,Direct / Organic,Other,False,1,2022-10-28 16:00:00+00:00,2022-10,2022
7756179079423,10.9,26.94,1,0.4044994375703037,0.0,D5,D4,Untiered,False,False,False,Direct / Organic,Unknown,False,1,2023-09-06 16:00:00+00:00,2023-09,2023
7756262572287,10.9,29.97,1,0.3635995955510617,0.0,D5,D4,Untiered,False,False,False,Direct / Organic,Other,False,1,2022-12-23 16:00:00+00:00,2022-12,2022
7756264079615,10.9,21.79,1,0.5,0.0,D5,D4,Untiered,False,False,False,Direct / Organic,Other,False,1,2022-12-31 16:00:00+00:00,2023-01,2022
7756264145151,10.9,29.97,1,0.3635995955510617,0.0,D5,D4,Untiered,False,False,False,Direct / Organic,Unknown,False,1,2023-01-01 16:00:00+00:00,2023-01,2023
7756264964351,10.9,25.88,1,0.4209786935143995,0.0,D5,D4,Untiered,False,False,False,Direct / Organic,Unknown,False,1,2023-01-08 16:00:00+00:00,2023-01,2023
7756265881855,10.9,25.88,1,0.4209786935143995,0.0,D5,D4,Untiered,False,False,False,Direct / Organic,Unknown,False,1,2023-01-17 16:00:00+00:00,2023-01,2023
7756348096767,10.9,29.97,1,0.3635995955510617,0.0,D5,D4,Untiered,False,False,False,Direct / Organic,Unknown,False,1,2023-02-12 16:00:00+00:00,2023-02,2023
7756349538559,10.9,27.25,1,0.3999555110666222,0.0,D5,D4,Untiered,False,False,False,Direct / Organic,Unknown,False,1,2023-02-27 16:00:00+00:00,2023-02,2023
7756353798399,10.9,27.25,1,0.3999555110666222,0.0,D5,D4,Untiered,False,False,False,Direct / Organic,Unknown,False,1,2023-03-14 16:00:00+00:00,2023-03,2023
7756360974591,10.9,29.97,1,0.3635995955510617,0.0,D5,D4,Untiered,False,False,False,Direct / Organic,Other,False,1,2023-10-11 16:00:00+00:00,2023-10,2023
7756363432191,10.9,29.97,1,0.3635995955510617,0.0,D5,D4,Untiered,False,False,False,Direct / Organic,Other,False,1,2023-06-11 16:00:00+00:00,2023-06,2023
7756364513535,10.9,29.97,1,0.3635995955510617,0.0,D5,D4,Untiered,False,False,False,Direct / Organic,Other,False,1,2023-06-20 16:00:00+00:00,2023-06,2023
7756365562111,10.9,29.97,1,0.3635995955510617,0.0,D5,D4,Untiered,False,False,False,Direct / Organic,Unknown,False,1,2023-06-27 16:00:00+00:00,2023-06,2023
7756372902143,10.9,27.24,1,0.4,0.0,D5,D4,Untiered,False,False,False,Direct / Organic,Other,False,1,2023-08-29 16:00:00+00:00,2023-08,2023
7756375458047,10.9,29.97,1,0.3635995955510617,0.0,D5,D4,Untiered,False,False,False,Direct / Organic,Other,False,1,2023-08-05 16:00:00+00:00,2023-08,2023
7756377260287,10.9,29.97,1,0.3635995955510617,0.0,D5,D4,Untiered,False,False,False,Direct / Organic,Unknown,False,1,2023-08-14 16:00:00+00:00,2023-08,2023
7756377686271,10.9,27.25,1,0.3999555110666222,0.0,D5,D4,Untiered,False,False,False,Direct / Organic,Unknown,False,1,2023-08-19 16:00:00+00:00,2023-08,2023
7756381880575,10.9,26.94,1,0.4044994375703037,0.0,D5,D4,Untiered,False,False,False,Direct / Organic,Other,False,1,2023-09-21 16:00:00+00:00,2023-09,2023
7756432277759,10.9,29.97,1,0.3635995955510617,0.0,D5,D4,Untiered,False,False,False,Direct / Organic,Other,False,1,2024-05-29 16:00:00+00:00,2024-05,2024
7756440568063,10.9,23.16,1,0.47049587858170877,0.0,D5,D4,Untiered,False,False,False,Direct / Organic,Other,False,1,2024-06-30 16:00:00+00:00,2024-07,2024
7756465078527,10.9,27.24,1,0.4,0.0,D5,D4,Untiered,False,False,False,Direct / Organic,Other,False,1,2024-09-17 16:00:00+00:00,2024-09,2024
7756472811775,10.9,29.97,1,0.3635995955510617,0.0,D5,D4,Untiered,False,False,False,Direct / Organic,Other,False,1,2024-12-06 16:00:00+00:00,2024-12,2024
7756486344959,10.9,33.3,1,0.3272065514103731,0.0,D5,D4,Untiered,False,False,False,Direct / Organic,Other,False,1,2024-12-17 16:00:00+00:00,2024-12,2024
7829327347967,10.9,29.97,1,0.3635995955510617,0.0,D5,D3,Untiered,False,False,False,Direct / Organic,Other,False,1,2025-01-15 16:00:00+00:00,2025-01,2025
7900460515583,10.87,27.18,1,0.4,0.0,D5,D3,Untiered,False,False,False,Subscription,Soy Protein,True,1,2025-03-30 16:00:00+00:00,2025-03,2025
7755918016767,10.84,29.82,1,0.3634146341463415,0.0,D5,D5,Untiered,False,False,False,Direct / Organic,Unknown,False,1,2022-09-09 16:00:00+00:00,2022-09,2022
7756015239423,10.84,29.82,1,0.3634146341463415,0.0,D5,D4,Untiered,False,False,False,Direct / Organic,Unknown,False,1,2022-09-17 16:00:00+00:00,2022-09,2022
7756015665407,10.84,29.82,1,0.3634146341463415,0.0,D5,D4,Untiered,False,False,False,Direct / Organic,Unknown,False,1,2022-09-07 16:00:00+00:00,2022-09,2022
7756048924927,10.81,29.75,1,0.36333265430841316,0.0,D5,D4,Untiered,False,False,False,Direct / Organic,Unknown,False,1,2022-01-01 16:00:00+00:00,2022-01,2022
6329834733823,10.8,26.99,1,0.4,0.0,D5,D5,Untiered,False,False,False,Subscription,Unknown,False,1,2022-03-16 16:00:00+00:00,2022-03,2022
7756458033407,10.79,26.97,1,0.4,0.0,D5,D4,Untiered,False,False,False,Direct / Organic,Unknown,False,1,2024-08-14 16:00:00+00:00,2024-08,2024
6329603686655,10.78,26.94,1,0.4,0.0,D5,D5,Untiered,False,False,False,Subscription,Unknown,False,1,2022-02-13 16:00:00+00:00,2022-02,2022
6423604166911,10.78,31.84,1,0.33844221105527644,0.0,D5,D5,Untiered,False,False,False,Subscription,Unknown,False,1,2022-02-12 16:00:00+00:00,2022-02,2022
7734246506751,10.76,26.91,1,0.4,0.0,D5,D5,Untiered,False,False,False,Subscription,Other,True,1,2025-01-01 16:00:00+00:00,2025-01,2025
7903553224959,10.76,26.91,1,0.4,0.0,D5,D3,Untiered,False,False,False,Subscription,Other,True,1,2025-03-15 16:00:00+00:00,2025-03,2025
7756016419071,10.73,29.55,1,0.3630769230769231,0.0,D5,D4,Untiered,False,False,False,Direct / Organic,Unknown,False,1,2022-08-30 16:00:00+00:00,2022-08,2022
7755989680383,10.69,26.73,1,0.4,0.0,D5,D4,Untiered,False,False,False,Direct / Organic,Unknown,False,1,2022-06-24 16:00:00+00:00,2022-06,2022
7756029952255,10.69,26.73,1,0.4,0.0,D5,D4,Untiered,False,False,False,Direct / Organic,Unknown,False,1,2022-06-27 16:00:00+00:00,2022-06,2022
8165462081791,10.68,29.03,1,0.36789528074405786,0.0,D5,D3,Untiered,False,False,False,Direct / Organic,Clear Protein,False,3,2025-06-27 16:00:00+00:00,2025-06,2025
8169265856767,10.68,26.7,2,0.39999999999999997,0.0,D5,D1,Tier 3 (D1 Frequency Only),False,True,False,Paid Social,Accessories,False,3,2025-06-29 16:00:00+00:00,2025-06,2025
7755977949439,10.67,29.39,1,0.3628865979381444,0.0,D5,D4,Untiered,False,False,False,Direct / Organic,Unknown,False,1,2022-08-15 16:00:00+00:00,2022-08,2022
7756017664255,10.67,32.73,1,0.32592592592592595,0.0,D5,D4,Untiered,False,False,False,Direct / Organic,Unknown,False,1,2022-08-20 16:00:00+00:00,2022-08,2022
7756018614527,10.67,29.39,1,0.3628865979381444,0.0,D5,D4,Untiered,False,False,False,Direct / Organic,Unknown,False,1,2022-08-09 16:00:00+00:00,2022-08,2022
7756019171583,10.67,29.39,1,0.3628865979381444,0.0,D5,D4,Untiered,False,False,False,Direct / Organic,Unknown,False,1,2022-08-08 16:00:00+00:00,2022-08,2022
7756019237119,10.67,29.39,1,0.3628865979381444,0.0,D5,D4,Untiered,False,False,False,Direct / Organic,Unknown,False,1,2022-08-07 16:00:00+00:00,2022-08,2022
7756019433727,10.67,29.39,1,0.3628865979381444,0.0,D5,D4,Untiered,False,False,False,Direct / Organic,Unknown,False,1,2022-08-06 16:00:00+00:00,2022-08,2022
6329833390335,10.62,31.45,1,0.3376788553259142,0.0,D5,D5,Untiered,False,False,False,Subscription,Unknown,False,1,2022-06-02 16:00:00+00:00,2022-06,2022
8659195429119,10.48,16.79,1,0.6241810601548541,1.0,D5,D2,Tier 4 (D2 Profit or Frequency),False,False,False,Direct / Organic,Other,False,3,2025-12-29 16:00:00+00:00,2025-12,2025
8307071779071,10.46,39.24,1,0.26666666666666666,0.0,D5,D3,Untiered,False,False,False,Direct / Organic,Other,False,1,2025-09-04 16:00:00+00:00,2025-09,2025
8283690893567,10.44,32.2,1,0.324223602484472,0.0,D5,D3,Untiered,False,False,False,Direct / Organic,Accessories,False,3,2025-08-22 16:00:00+00:00,2025-08,2025
6328262656255,10.4,30.9,1,0.33656957928802594,0.0,D5,D5,Untiered,False,False,False,Subscription,Unknown,False,1,2022-08-22 16:00:00+00:00,2022-08,2022
6327614406911,10.39,30.87,1,0.33650793650793653,0.0,D5,D5,Untiered,False,False,False,Subscription,Unknown,False,1,2022-06-02 16:00:00+00:00,2022-06,2022
7756032999679,10.33,28.56,1,0.36180776575429663,0.0,D5,D4,Untiered,False,False,False,Direct / Organic,Unknown,False,1,2022-05-30 16:00:00+00:00,2022-05,2022
7756033229055,10.33,25.84,1,0.4,0.0,D5,D4,Untiered,False,False,False,Direct / Organic,Unknown,False,1,2022-05-25 16:00:00+00:00,2022-05,2022
7756357501183,10.29,28.46,1,0.36166950596252134,0.0,D5,D4,Untiered,False,False,False,Subscription,Collagen Glow,True,1,2023-03-28 16:00:00+00:00,2023-03,2023
7756358877439,10.29,28.46,1,0.36166950596252134,0.0,D5,D4,Untiered,False,False,False,Subscription,Collagen Glow,True,1,2023-04-19 16:00:00+00:00,2023-04,2023
7756438241535,10.29,21.88,1,0.4705360853303783,0.0,D5,D4,Untiered,False,False,False,Subscription,Soy Protein,True,2,2024-06-20 16:00:00+00:00,2024-06,2024
8815621275903,10.24,12.34,1,0.8298217179902756,1.0,D5,D2,Tier 4 (D2 Profit or Frequency),False,False,False,Direct / Organic,Clear Protein,False,1,2026-03-01 16:00:00+00:00,2026-03,2026
6328281465087,10.19,25.47,1,0.4,0.0,D5,D5,Untiered,False,False,False,Subscription,Unknown,False,1,2022-01-04 16:00:00+00:00,2022-01,2022
8367820144895,10.18,28.22,1,0.3608788093550674,0.0,D5,D2,Tier 4 (D2 Profit or Frequency),False,False,False,Paid Social,Unknown,False,1,2025-10-05 16:00:00+00:00,2025-10,2025
7964005826815,10.18,28.18,2,0.3613910574875798,0.0,D5,D1,Tier 3 (D1 Frequency Only),False,True,False,Paid Social,Unknown,False,4,2025-04-16 16:00:00+00:00,2025-04,2025
6327737909503,10.17,20.33,1,0.5001475651746189,0.0,D5,D5,Untiered,False,False,False,Subscription,Other,True,1,2024-03-27 16:00:00+00:00,2024-03,2024
6630248251647,10.17,22.87,1,0.4445999125491911,0.0,D5,D5,Untiered,False,False,False,Subscription,Other,True,1,2023-06-20 16:00:00+00:00,2023-06,2023
6963853328639,10.17,22.87,1,0.4445999125491911,0.0,D5,D5,Untiered,False,False,False,Subscription,Other,True,1,2023-12-18 16:00:00+00:00,2023-12,2023
7060628177151,10.17,22.87,1,0.4445999125491911,0.0,D5,D5,Untiered,False,False,False,Subscription,Other,True,1,2024-02-09 16:00:00+00:00,2024-02,2024
7155123814655,10.17,25.23,1,0.4030122869599683,0.0,D5,D5,Untiered,False,False,False,Subscription,Other,True,2,2024-03-28 16:00:00+00:00,2024-03,2024
7317310079231,10.17,25.42,1,0.4,0.0,D5,D5,Untiered,False,False,False,Subscription,Other,True,1,2024-06-01 16:00:00+00:00,2024-06,2024
8339814678783,10.11,15.79,1,0.6402786573780874,1.0,D5,D3,Untiered,False,False,False,Paid Social,Lean Protein,False,2,2025-09-20 16:00:00+00:00,2025-09,2025
7756025790719,10.09,27.95,1,0.36097137901127496,0.0,D5,D4,Untiered,False,False,False,Direct / Organic,Unknown,False,1,2022-05-11 16:00:00+00:00,2022-05,2022
7756037619967,10.0,27.73,1,0.36065573770491804,0.0,D5,D4,Untiered,False,False,False,Direct / Organic,Unknown,False,1,2022-04-13 16:00:00+00:00,2022-04,2022
7756037652735,10.0,27.73,1,0.36065573770491804,0.0,D5,D4,Untiered,False,False,False,Direct / Organic,Unknown,False,1,2022-04-13 16:00:00+00:00,2022-04,2022
7756037816575,10.0,27.73,1,0.36065573770491804,0.0,D5,D4,Untiered,False,False,False,Direct / Organic,Unknown,False,1,2022-04-10 16:00:00+00:00,2022-04,2022
8327398490367,9.96,24.9,1,0.4000000000000001,0.0,D5,D3,Untiered,False,False,False,Direct / Organic,Other,False,1,2025-09-13 16:00:00+00:00,2025-09,2025
8370024710399,9.96,29.9,1,0.33311036789297666,0.0,D5,D2,Tier 4 (D2 Profit or Frequency),False,False,False,Paid Social,Unknown,False,1,2025-10-06 16:00:00+00:00,2025-10,2025
8415875498239,9.96,29.9,1,0.33311036789297666,0.0,D5,D2,Tier 4 (D2 Profit or Frequency),False,False,False,Direct / Organic,Unknown,False,1,2025-10-14 16:00:00+00:00,2025-10,2025
8101182767359,9.92,24.8,2,0.39999999999999997,0.0,D5,D1,Tier 3 (D1 Frequency Only),False,True,False,Direct / Organic,Accessories,False,3,2025-06-02 16:00:00+00:00,2025-06,2025
6327712055551,9.9,29.65,1,0.33389544688026984,0.0,D5,D5,Untiered,False,False,False,Subscription,Unknown,False,1,2022-06-11 16:00:00+00:00,2022-06,2022
6327653826815,9.8,29.4,1,0.33333333333333337,0.0,D5,D5,Untiered,False,False,False,Subscription,Unknown,False,1,2022-08-24 16:00:00+00:00,2022-08,2022
6327704223999,9.8,29.4,1,0.33333333333333337,0.0,D5,D5,Untiered,False,False,False,Subscription,Unknown,False,1,2022-03-11 16:00:00+00:00,2022-03,2022
6327757406463,9.8,24.5,1,0.4,0.0,D5,D5,Untiered,False,False,False,Subscription,Unknown,False,1,2022-02-08 16:00:00+00:00,2022-02,2022
6423592796415,9.8,24.5,1,0.4,0.0,D5,D5,Untiered,False,False,False,Subscription,Unknown,False,1,2022-04-21 16:00:00+00:00,2022-04,2022
6423605772543,9.8,24.5,1,0.4,0.0,D5,D5,Untiered,False,False,False,Subscription,Unknown,False,1,2022-02-03 16:00:00+00:00,2022-02,2022
6423606755583,9.8,29.4,1,0.33333333333333337,0.0,D5,D5,Untiered,False,False,False,Subscription,Unknown,False,1,2022-01-25 16:00:00+00:00,2022-01,2022
7756432834815,9.68,26.94,1,0.35950506186726666,0.0,D5,D4,Untiered,False,False,False,Direct / Organic,Unknown,False,1,2024-06-09 16:00:00+00:00,2024-06,2024
7756434374911,9.68,26.94,1,0.35950506186726666,0.0,D5,D4,Untiered,False,False,False,Direct / Organic,Unknown,False,1,2024-06-04 16:00:00+00:00,2024-06,2024
7756043124991,9.67,24.17,1,0.4,0.0,D5,D4,Untiered,False,False,False,Direct / Organic,Unknown,False,1,2022-02-17 16:00:00+00:00,2022-02,2022
7755965235455,9.64,24.09,1,0.4,0.0,D5,D5,Untiered,False,False,False,Direct / Organic,Unknown,False,1,2022-08-31 16:00:00+00:00,2022-09,2022
7756016058623,9.64,24.09,1,0.4,0.0,D5,D4,Untiered,False,False,False,Direct / Organic,Unknown,False,1,2022-08-31 16:00:00+00:00,2022-09,2022
6327607853311,9.6,28.9,1,0.3321799307958478,0.0,D5,D5,Untiered,False,False,False,Subscription,Unknown,False,1,2022-08-10 16:00:00+00:00,2022-08,2022
6327623418111,9.6,28.9,1,0.3321799307958478,0.0,D5,D5,Untiered,False,False,False,Subscription,Unknown,False,1,2022-08-18 16:00:00+00:00,2022-08,2022
6328284643583,9.6,28.9,1,0.3321799307958478,0.0,D5,D5,Untiered,False,False,False,Subscription,Unknown,False,1,2022-08-10 16:00:00+00:00,2022-08,2022
6336738099455,9.6,28.89,1,0.3321564555209415,0.0,D5,D5,Untiered,False,False,False,Subscription,Unknown,False,1,2022-06-19 16:00:00+00:00,2022-06,2022
8848895017215,9.47,13.73,1,0.6897305171158047,1.0,D5,D2,Tier 4 (D2 Profit or Frequency),False,False,False,Direct / Organic,Accessories,False,2,2026-03-15 16:00:00+00:00,2026-03,2026
7756036833535,9.45,34.54,4,0.2736620459729777,0.0,D5,D1,Tier 3 (D1 Frequency Only),False,True,False,Direct / Organic,Unknown,False,1,2022-02-15 16:00:00+00:00,2022-02,2022
8051908051199,9.44,28.6,1,0.3300699300699301,0.0,D5,D3,Untiered,False,False,False,Direct / Organic,Clear Protein,False,1,2025-05-15 16:00:00+00:00,2025-05,2025
8096555991295,9.44,28.6,1,0.3300699300699301,0.0,D5,D3,Untiered,False,False,False,Direct / Organic,Clear Protein,False,1,2025-05-31 16:00:00+00:00,2025-06,2025
8164858659071,9.44,21.24,1,0.44444444444444453,0.0,D5,D3,Untiered,False,False,False,Direct / Organic,Clear Protein,False,2,2025-06-27 16:00:00+00:00,2025-06,2025
8167011713279,9.44,28.6,1,0.3300699300699301,0.0,D5,D3,Untiered,False,False,False,Direct / Organic,Clear Protein,False,2,2025-06-28 16:00:00+00:00,2025-06,2025
8812240175359,9.43,15.6,1,0.6044871794871794,1.0,D5,D2,Tier 4 (D2 Profit or Frequency),False,False,False,Direct / Organic,Accessories,False,2,2026-02-28 16:00:00+00:00,2026-03,2026
8748461129983,9.38,15.53,1,0.6039922730199613,1.0,D5,D2,Tier 4 (D2 Profit or Frequency),False,False,False,Direct / Organic,Accessories,False,2,2026-02-03 16:00:00+00:00,2026-02,2026
7756039225599,9.27,25.89,1,0.3578700994733763,0.0,D5,D4,Untiered,False,False,False,Direct / Organic,Unknown,False,1,2022-03-21 16:00:00+00:00,2022-03,2022
7756047089919,9.27,23.16,1,0.4,0.0,D5,D4,Untiered,False,False,False,Direct / Organic,Unknown,False,1,2022-01-09 16:00:00+00:00,2022-01,2022
7756030345471,9.26,23.15,2,0.4,0.0,D5,D1,Tier 3 (D1 Frequency Only),False,True,False,Direct / Organic,Unknown,False,1,2022-06-19 16:00:00+00:00,2022-06,2022
8657572921599,9.14,15.24,1,0.599737532808399,1.0,D5,D2,Tier 4 (D2 Profit or Frequency),False,False,False,Direct / Organic,Accessories,False,2,2025-12-29 16:00:00+00:00,2025-12,2025
8708556095743,9.14,15.24,1,0.599737532808399,1.0,D5,D2,Tier 4 (D2 Profit or Frequency),False,False,False,Direct / Organic,Accessories,False,2,2026-01-21 16:00:00+00:00,2026-01,2026
6327641178367,9.12,22.81,1,0.39999999999999997,0.0,D5,D5,Untiered,False,False,False,Direct / Organic,Unknown,False,1,2022-05-30 16:00:00+00:00,2022-05,2022
7755958714623,9.03,28.64,1,0.31534391534391537,0.0,D5,D5,Untiered,False,False,False,Direct / Organic,Unknown,False,1,2022-08-24 16:00:00+00:00,2022-08,2022
7756022776063,9.0,25.23,1,0.3567567567567568,0.0,D5,D4,Untiered,False,False,False,Direct / Organic,Unknown,False,1,2022-06-05 16:00:00+00:00,2022-06,2022
7756028412159,9.0,22.5,1,0.4,0.0,D5,D4,Untiered,False,False,False,Direct / Organic,Unknown,False,1,2022-06-06 16:00:00+00:00,2022-06,2022
7756007637247,8.91,25.0,1,0.3563636363636364,0.0,D5,D4,Untiered,False,False,False,Direct / Organic,Unknown,False,1,2022-01-30 16:00:00+00:00,2022-01,2022
7756037030143,8.91,25.0,1,0.3563636363636364,0.0,D5,D4,Untiered,False,False,False,Direct / Organic,Unknown,False,1,2022-04-19 16:00:00+00:00,2022-04,2022
7756044534015,8.91,22.27,1,0.4,0.0,D5,D4,Untiered,False,False,False,Direct / Organic,Unknown,False,1,2022-02-05 16:00:00+00:00,2022-02,2022
6327556669695,8.82,22.05,1,0.4,0.0,D5,D5,Untiered,False,False,False,Subscription,Unknown,False,1,2022-06-07 16:00:00+00:00,2022-06,2022
6327556735231,8.82,22.05,1,0.4,0.0,D5,D5,Untiered,False,False,False,Subscription,Unknown,False,1,2022-06-06 16:00:00+00:00,2022-06,2022
7914981261567,8.82,22.05,1,0.4,0.0,D5,D3,Untiered,False,False,False,Subscription,Lean Protein,True,1,2025-03-20 16:00:00+00:00,2025-03,2025
6424267456767,8.8,26.9,1,0.32713754646840154,0.0,D5,D5,Untiered,False,False,False,Subscription,Unknown,False,1,2022-05-07 16:00:00+00:00,2022-05,2022
6423239950591,8.76,26.8,1,0.32686567164179103,0.0,D5,D5,Untiered,False,False,False,Subscription,Unknown,False,1,2022-06-02 16:00:00+00:00,2022-06,2022
6423463395583,8.76,26.8,1,0.32686567164179103,0.0,D5,D5,Untiered,False,False,False,Subscription,Unknown,False,1,2022-05-16 16:00:00+00:00,2022-05,2022
7755992203519,8.73,24.55,1,0.35555555555555557,0.0,D5,D4,Untiered,False,False,False,Direct / Organic,Unknown,False,1,2021-12-31 16:00:00+00:00,2022-01,2021
8364507791615,8.71,11.95,1,0.7288702928870294,1.0,D5,D2,Tier 4 (D2 Profit or Frequency),False,False,False,Direct / Organic,Accessories,False,2,2025-10-03 16:00:00+00:00,2025-10,2025
8055524688127,8.64,26.6,1,0.324812030075188,0.0,D5,D3,Untiered,False,False,False,Direct / Organic,Lean Protein,False,2,2025-05-16 16:00:00+00:00,2025-05,2025
8097250345215,8.64,26.6,1,0.324812030075188,0.0,D5,D3,Untiered,False,False,False,Paid Social,Lean Protein,False,2,2025-06-01 16:00:00+00:00,2025-06,2025
7756043288831,8.6,24.23,1,0.3549718574108817,0.0,D5,D4,Untiered,False,False,False,Direct / Organic,Unknown,False,1,2022-02-16 16:00:00+00:00,2022-02,2022
8061733208319,8.42,21.7,1,0.3880184331797235,0.0,D5,D3,Untiered,False,False,False,Direct / Organic,Accessories,False,1,2025-05-18 16:00:00+00:00,2025-05,2025
8014419394815,8.4,23.74,1,0.3538331929233362,0.0,D5,D3,Untiered,False,False,False,Direct / Organic,Other,False,1,2025-05-04 16:00:00+00:00,2025-05,2025
8077293191423,8.38,23.68,1,0.3538851351351352,0.0,D5,D3,Untiered,False,False,False,Direct / Organic,Other,False,1,2025-05-24 16:00:00+00:00,2025-05,2025
8090155057407,8.37,23.66,1,0.35384615384615387,0.0,D5,D3,Untiered,False,False,False,Direct / Organic,Other,False,1,2025-05-28 16:00:00+00:00,2025-05,2025
8287226429695,8.37,20.92,1,0.39999999999999997,0.0,D5,D3,Untiered,False,False,False,Direct / Organic,Other,False,1,2025-08-24 16:00:00+00:00,2025-08,2025
8287233278207,8.37,20.92,1,0.39999999999999997,0.0,D5,D3,Untiered,False,False,False,Direct / Organic,Other,False,1,2025-08-24 16:00:00+00:00,2025-08,2025
7756030607615,8.27,20.67,1,0.4,0.0,D5,D4,Untiered,False,False,False,Direct / Organic,Unknown,False,1,2022-06-14 16:00:00+00:00,2022-06,2022
8352688177407,8.26,11.94,1,0.6917922948073701,1.0,D5,D3,Untiered,False,False,False,Direct / Organic,Accessories,False,2,2025-09-28 16:00:00+00:00,2025-09,2025
7970622636287,8.22,20.3,1,0.4051231527093596,0.0,D5,D3,Untiered,False,False,False,Direct / Organic,Lean Protein,False,2,2025-04-20 16:00:00+00:00,2025-04,2025
8330979180799,8.19,11.87,1,0.6899747262005055,1.0,D5,D3,Untiered,False,False,False,Direct / Organic,Accessories,False,2,2025-09-15 16:00:00+00:00,2025-09,2025
8800279101695,8.04,12.63,1,0.6365795724465557,1.0,D5,D2,Tier 4 (D2 Profit or Frequency),False,False,False,Direct / Organic,Lean Protein,False,1,2026-02-23 16:00:00+00:00,2026-02,2026
7755924635903,8.02,22.77,1,0.35209580838323357,0.0,D5,D5,Untiered,False,False,False,Direct / Organic,Unknown,False,1,2022-03-28 16:00:00+00:00,2022-03,2022
7755935645951,8.02,22.77,1,0.35209580838323357,0.0,D5,D5,Untiered,False,False,False,Direct / Organic,Unknown,False,1,2022-06-05 16:00:00+00:00,2022-06,2022
7756031000831,8.02,20.05,1,0.4,0.0,D5,D4,Untiered,False,False,False,Direct / Organic,Unknown,False,1,2022-06-07 16:00:00+00:00,2022-06,2022
7756031262975,8.02,20.05,1,0.4,0.0,D5,D4,Untiered,False,False,False,Direct / Organic,Unknown,False,1,2022-06-06 16:00:00+00:00,2022-06,2022
7756031328511,8.02,22.77,1,0.35209580838323357,0.0,D5,D4,Untiered,False,False,False,Direct / Organic,Unknown,False,1,2022-06-06 16:00:00+00:00,2022-06,2022
7756031394047,8.02,20.05,1,0.4,0.0,D5,D4,Untiered,False,False,False,Direct / Organic,Unknown,False,1,2022-06-06 16:00:00+00:00,2022-06,2022
7756031885567,8.02,20.05,1,0.4,0.0,D5,D4,Untiered,False,False,False,Direct / Organic,Unknown,False,1,2022-06-03 16:00:00+00:00,2022-06,2022
7756032180479,8.02,22.77,1,0.35209580838323357,0.0,D5,D4,Untiered,False,False,False,Direct / Organic,Unknown,False,1,2022-06-02 16:00:00+00:00,2022-06,2022
7756038537471,8.02,20.05,1,0.4,0.0,D5,D4,Untiered,False,False,False,Direct / Organic,Unknown,False,1,2022-03-30 16:00:00+00:00,2022-03,2022
7756037226751,8.0,22.73,1,0.35200000000000004,0.0,D5,D4,Untiered,False,False,False,Direct / Organic,Unknown,False,1,2022-04-18 16:00:00+00:00,2022-04,2022
7756038439167,8.0,20.0,1,0.4,0.0,D5,D4,Untiered,False,False,False,Direct / Organic,Unknown,False,1,2022-04-01 16:00:00+00:00,2022-04,2022
7958758916351,7.96,19.9,1,0.4,0.0,D5,D3,Untiered,False,False,False,Direct / Organic,Accessories,False,1,2025-04-13 16:00:00+00:00,2025-04,2025
7958759211263,7.96,19.9,1,0.4,0.0,D5,D3,Untiered,False,False,False,Direct / Organic,Accessories,False,1,2025-04-13 16:00:00+00:00,2025-04,2025
7973381570815,7.96,19.9,1,0.4,0.0,D5,D3,Untiered,False,False,False,Direct / Organic,Accessories,False,1,2025-04-22 16:00:00+00:00,2025-04,2025
6327623549183,7.92,19.8,2,0.4,0.0,D5,D2,Tier 4 (D2 Profit or Frequency),False,False,False,Subscription,Unknown,False,1,2022-02-19 16:00:00+00:00,2022-02,2022
6327666114815,7.92,19.8,2,0.4,0.0,D5,D2,Tier 4 (D2 Profit or Frequency),False,False,False,Subscription,Unknown,False,1,2022-02-17 16:00:00+00:00,2022-02,2022
6329716080895,7.92,19.8,2,0.4,0.0,D5,D2,Tier 4 (D2 Profit or Frequency),False,False,False,Subscription,Unknown,False,1,2022-02-20 16:00:00+00:00,2022-02,2022
6334090838271,7.92,19.8,2,0.4,0.0,D5,D2,Tier 4 (D2 Profit or Frequency),False,False,False,Subscription,Unknown,False,1,2021-12-31 16:00:00+00:00,2022-01,2021
6423603773695,7.92,19.8,2,0.4,0.0,D5,D2,Tier 4 (D2 Profit or Frequency),False,False,False,Subscription,Unknown,False,1,2022-02-13 16:00:00+00:00,2022-02,2022
6423607312639,7.92,19.8,2,0.4,0.0,D5,D2,Tier 4 (D2 Profit or Frequency),False,False,False,Subscription,Unknown,False,1,2022-01-22 16:00:00+00:00,2022-01,2022
7967143395583,7.92,16.83,1,0.47058823529411775,0.0,D5,D3,Untiered,False,False,False,Direct / Organic,Unknown,False,2,2025-04-18 16:00:00+00:00,2025-04,2025
8079974039807,7.92,24.8,1,0.31935483870967746,0.0,D5,D3,Untiered,False,False,False,Direct / Organic,Accessories,False,3,2025-05-25 16:00:00+00:00,2025-05,2025
7881587589375,7.92,19.8,1,0.39999999999999997,0.0,D5,D3,Untiered,False,False,False,Paid Social,Unknown,False,2,2025-04-10 16:00:00+00:00,2025-04,2025
7958775333119,7.92,19.8,1,0.39999999999999997,0.0,D5,D3,Untiered,False,False,False,Direct / Organic,Unknown,False,2,2025-04-13 16:00:00+00:00,2025-04,2025
7969879949567,7.92,17.82,1,0.4444444444444444,0.0,D5,D3,Untiered,False,False,False,Direct / Organic,Unknown,False,2,2025-04-20 16:00:00+00:00,2025-04,2025
8027339292927,7.92,24.8,1,0.3193548387096774,0.0,D5,D3,Untiered,False,False,False,Paid Social,Accessories,False,2,2025-05-07 16:00:00+00:00,2025-05,2025
8079992914175,7.92,19.8,2,0.39999999999999997,0.0,D5,D1,Tier 3 (D1 Frequency Only),False,True,False,Paid Social,Accessories,False,3,2025-05-25 16:00:00+00:00,2025-05,2025
8085305164031,7.92,19.8,2,0.39999999999999997,0.0,D5,D1,Tier 3 (D1 Frequency Only),False,True,False,Direct / Organic,Accessories,False,3,2025-05-27 16:00:00+00:00,2025-05,2025
8657495490815,7.88,12.31,1,0.6401299756295695,1.0,D5,D2,Tier 4 (D2 Profit or Frequency),False,False,False,Paid Social,Accessories,False,1,2025-12-28 16:00:00+00:00,2025-12,2025
6424267227391,7.84,19.6,1,0.4,0.0,D5,D5,Untiered,False,False,False,Subscription,Unknown,False,1,2022-05-08 16:00:00+00:00,2022-05,2022
8080407593215,7.84,24.6,1,0.31869918699186994,0.0,D5,D3,Untiered,False,False,False,Paid Social,Lean Protein,False,1,2025-05-26 16:00:00+00:00,2025-05,2025
8136331428095,7.84,24.6,1,0.31869918699186994,0.0,D5,D3,Untiered,False,False,False,Direct / Organic,Lean Protein,False,1,2025-06-15 16:00:00+00:00,2025-06,2025
8868306649343,7.84,12.65,1,0.6197628458498025,1.0,D5,D2,Tier 4 (D2 Profit or Frequency),False,False,False,Direct / Organic,Clear Protein,False,2,2026-03-21 16:00:00+00:00,2026-03,2026
6327401644287,7.8,24.4,1,0.319672131147541,0.0,D5,D5,Untiered,False,False,False,Subscription,Unknown,False,1,2022-02-17 16:00:00+00:00,2022-02,2022
7756043616511,7.7,25.3,2,0.3041916167664671,0.0,D5,D1,Tier 3 (D1 Frequency Only),False,True,False,Direct / Organic,Unknown,False,1,2022-02-11 16:00:00+00:00,2022-02,2022
8477979836671,7.62,9.2,1,0.8282608695652174,1.0,D5,D2,Tier 4 (D2 Profit or Frequency),False,False,False,Direct / Organic,Accessories,False,1,2025-10-26 16:00:00+00:00,2025-10,2025
6328285921535,7.6,23.9,1,0.31799163179916323,0.0,D5,D5,Untiered,False,False,False,Subscription,Unknown,False,1,2022-01-02 16:00:00+00:00,2022-01,2022
6423612063999,7.6,23.9,1,0.31799163179916323,0.0,D5,D5,Untiered,False,False,False,Subscription,Unknown,False,1,2022-01-06 16:00:00+00:00,2022-01,2022
6423612129535,7.6,23.9,1,0.31799163179916323,0.0,D5,D5,Untiered,False,False,False,Subscription,Unknown,False,1,2022-01-05 16:00:00+00:00,2022-01,2022
6423613047039,7.6,23.9,1,0.31799163179916323,0.0,D5,D5,Untiered,False,False,False,Subscription,Unknown,False,1,2022-01-03 16:00:00+00:00,2022-01,2022
6423613604095,7.6,23.9,1,0.31799163179916323,0.0,D5,D5,Untiered,False,False,False,Subscription,Unknown,False,1,2022-01-01 16:00:00+00:00,2022-01,2022
6423613669631,7.6,23.9,1,0.31799163179916323,0.0,D5,D5,Untiered,False,False,False,Subscription,Unknown,False,1,2022-01-01 16:00:00+00:00,2022-01,2022
6423614062847,7.6,23.9,1,0.31799163179916323,0.0,D5,D5,Untiered,False,False,False,Subscription,Unknown,False,1,2021-12-31 16:00:00+00:00,2022-01,2021
6423614095615,7.6,23.9,1,0.31799163179916323,0.0,D5,D5,Untiered,False,False,False,Subscription,Unknown,False,1,2021-12-31 16:00:00+00:00,2022-01,2021
7756042076415,7.53,18.82,1,0.4000000000000001,0.0,D5,D4,Untiered,False,False,False,Direct / Organic,Unknown,False,1,2022-02-26 16:00:00+00:00,2022-02,2022
7756045779199,7.53,21.55,1,0.3493670886075951,0.0,D5,D4,Untiered,False,False,False,Direct / Organic,Unknown,False,1,2022-01-17 16:00:00+00:00,2022-01,2022
8015279849727,7.36,18.39,1,0.4,0.0,D5,D3,Untiered,False,False,False,Direct / Organic,Accessories,False,2,2025-05-04 16:00:00+00:00,2025-05,2025
8015323431167,7.36,18.39,1,0.4,0.0,D5,D3,Untiered,False,False,False,Paid Social,Accessories,False,2,2025-05-04 16:00:00+00:00,2025-05,2025
8015623946495,7.36,18.39,1,0.4,0.0,D5,D3,Untiered,False,False,False,Direct / Organic,Accessories,False,2,2025-05-04 16:00:00+00:00,2025-05,2025
7756417270015,7.26,15.43,1,0.4705420267085625,0.0,D5,D4,Untiered,False,False,False,Direct / Organic,Other,False,1,2024-04-08 16:00:00+00:00,2024-04,2024
7756430868735,7.26,15.43,1,0.4704496367563323,0.0,D5,D4,Untiered,False,False,False,Direct / Organic,Other,False,2,2024-05-28 16:00:00+00:00,2024-05,2024
7756456689919,7.26,20.88,1,0.34775036284470245,0.0,D5,D4,Untiered,False,False,False,Direct / Organic,Other,False,1,2024-08-06 16:00:00+00:00,2024-08,2024
7756460327167,7.26,20.88,1,0.34775036284470245,0.0,D5,D4,Untiered,False,False,False,Direct / Organic,Other,False,1,2024-08-26 16:00:00+00:00,2024-08,2024
7756462063871,7.26,20.88,1,0.34775036284470245,0.0,D5,D4,Untiered,False,False,False,Direct / Organic,Other,False,1,2024-08-31 16:00:00+00:00,2024-09,2024
7756475728127,7.26,20.88,1,0.34775036284470245,0.0,D5,D4,Untiered,False,False,False,Direct / Organic,Other,False,1,2024-10-22 16:00:00+00:00,2024-10,2024
7756477104383,7.26,15.43,1,0.4704496367563323,0.0,D5,D4,Untiered,False,False,False,Direct / Organic,Other,False,1,2024-10-28 16:00:00+00:00,2024-10,2024
7756477563135,7.26,20.88,1,0.34775036284470245,0.0,D5,D4,Untiered,False,False,False,Direct / Organic,Other,False,1,2024-10-31 16:00:00+00:00,2024-11,2024
7845554127103,7.24,20.82,1,0.3477425552353507,0.0,D5,D3,Untiered,False,False,False,Direct / Organic,Other,False,1,2025-02-19 16:00:00+00:00,2025-02,2025
7851713364223,7.24,20.81,1,0.3477174435367612,0.0,D5,D3,Untiered,False,False,False,Direct / Organic,Other,False,1,2025-02-16 16:00:00+00:00,2025-02,2025
7755959533823,7.22,18.06,1,0.4,0.0,D5,D5,Untiered,False,False,False,Direct / Organic,Unknown,False,1,2022-09-14 16:00:00+00:00,2022-09,2022
7755928436991,7.15,20.61,1,0.3470588235294118,0.0,D5,D5,Untiered,False,False,False,Direct / Organic,Unknown,False,1,2022-01-07 16:00:00+00:00,2022-01,2022
7755958911231,7.15,17.88,1,0.4,0.0,D5,D5,Untiered,False,False,False,Direct / Organic,Unknown,False,1,2022-03-06 16:00:00+00:00,2022-03,2022
7756018483455,7.15,20.61,1,0.3470588235294118,0.0,D5,D4,Untiered,False,False,False,Direct / Organic,Unknown,False,1,2022-08-10 16:00:00+00:00,2022-08,2022
7756047253759,7.15,20.61,1,0.3470588235294118,0.0,D5,D4,Untiered,False,False,False,Direct / Organic,Unknown,False,1,2022-01-09 16:00:00+00:00,2022-01,2022
7756047352063,7.15,20.61,1,0.3470588235294118,0.0,D5,D4,Untiered,False,False,False,Direct / Organic,Unknown,False,1,2022-01-08 16:00:00+00:00,2022-01,2022
7756047384831,7.15,20.61,1,0.3470588235294118,0.0,D5,D4,Untiered,False,False,False,Direct / Organic,Unknown,False,1,2022-01-08 16:00:00+00:00,2022-01,2022
7756047515903,7.15,20.61,1,0.3470588235294118,0.0,D5,D4,Untiered,False,False,False,Direct / Organic,Unknown,False,1,2022-01-08 16:00:00+00:00,2022-01,2022
7756047843583,7.15,20.61,1,0.3470588235294118,0.0,D5,D4,Untiered,False,False,False,Direct / Organic,Unknown,False,1,2022-01-07 16:00:00+00:00,2022-01,2022
7756048040191,7.15,17.88,1,0.4,0.0,D5,D4,Untiered,False,False,False,Direct / Organic,Unknown,False,1,2022-01-06 16:00:00+00:00,2022-01,2022
7755939021055,7.13,20.55,1,0.3469026548672566,0.0,D5,D5,Untiered,False,False,False,Direct / Organic,Unknown,False,1,2022-05-04 16:00:00+00:00,2022-05,2022
7756035326207,7.13,17.82,1,0.4,0.0,D5,D4,Untiered,False,False,False,Direct / Organic,Unknown,False,1,2022-05-05 16:00:00+00:00,2022-05,2022
7756036440319,7.13,20.55,1,0.3469026548672566,0.0,D5,D4,Untiered,False,False,False,Direct / Organic,Unknown,False,1,2022-04-25 16:00:00+00:00,2022-04,2022
7756036636927,7.13,20.55,1,0.3469026548672566,0.0,D5,D4,Untiered,False,False,False,Direct / Organic,Unknown,False,1,2022-04-25 16:00:00+00:00,2022-04,2022
7949200654591,7.09,20.44,2,0.34696673189823873,0.0,D5,D1,Tier 3 (D1 Frequency Only),False,True,False,Paid Social,Unknown,False,3,2025-04-08 16:00:00+00:00,2025-04,2025
8170748444927,7.08,22.7,1,0.31189427312775336,0.0,D5,D3,Untiered,False,False,False,Direct / Organic,Clear Protein,False,2,2025-06-30 16:00:00+00:00,2025-07,2025
8373738406143,7.08,9.18,1,0.7712418300653595,1.0,D5,D2,Tier 4 (D2 Profit or Frequency),False,False,False,Direct / Organic,Clear Protein,False,1,2025-10-09 16:00:00+00:00,2025-10,2025
8071537033471,7.07,17.68,2,0.4000000000000001,0.0,D5,D1,Tier 3 (D1 Frequency Only),False,True,False,Paid Social,Accessories,False,2,2025-05-25 16:00:00+00:00,2025-05,2025
8001384251647,7.06,20.4,1,0.3462745098039216,0.0,D5,D3,Untiered,False,False,False,Paid Social,Unknown,False,2,2025-05-01 16:00:00+00:00,2025-05,2025
7756043780351,7.03,17.58,2,0.4,0.0,D5,D1,Tier 3 (D1 Frequency Only),False,True,False,Direct / Organic,Unknown,False,1,2022-02-10 16:00:00+00:00,2022-02,2022
7756460916991,6.93,17.33,2,0.4000000000000001,0.0,D5,D1,Tier 3 (D1 Frequency Only),False,True,False,Paid Social,Unknown,False,2,2025-04-20 16:00:00+00:00,2025-04,2025
7756195201279,6.92,17.3,1,0.39999999999999997,0.0,D5,D4,Untiered,False,False,False,Paid Social,Unknown,False,2,2025-04-21 16:00:00+00:00,2025-04,2025
7756047974655,6.91,17.27,2,0.4,0.0,D5,D1,Tier 3 (D1 Frequency Only),False,True,False,Direct / Organic,Unknown,False,1,2022-01-06 16:00:00+00:00,2022-01,2022
6423240081663,6.84,26.9,2,0.254275092936803,0.0,D5,D2,Tier 4 (D2 Profit or Frequency),False,False,False,Subscription,Unknown,False,1,2022-06-02 16:00:00+00:00,2022-06,2022
8093275193599,6.81,10.8,2,0.6305555555555555,0.5462962962962963,D5,D1,Tier 3 (D1 Frequency Only),False,True,False,Direct / Organic,Lean Protein,False,2,2025-05-30 16:00:00+00:00,2025-05,2025
8276771406079,6.77,19.66,1,0.34425228891149545,0.0,D5,D3,Untiered,False,False,False,Direct / Organic,Clear Protein,False,2,2025-08-20 16:00:00+00:00,2025-08,2025
8279784784127,6.76,19.64,1,0.34419551934826886,0.0,D5,D3,Untiered,False,False,False,Direct / Organic,Lean Protein,False,2,2025-08-21 16:00:00+00:00,2025-08,2025
8109927891199,6.68,21.7,1,0.3078341013824885,0.0,D5,D3,Untiered,False,False,False,Paid Social,Clear Protein,False,2,2025-06-05 16:00:00+00:00,2025-06,2025
8263965409535,6.57,16.42,2,0.4,0.0,D5,D1,Tier 3 (D1 Frequency Only),False,True,False,Direct / Organic,Other,False,1,2025-08-17 16:00:00+00:00,2025-08,2025
7756039487743,6.44,16.09,1,0.4,0.0,D5,D4,Untiered,False,False,False,Direct / Organic,Unknown,False,1,2022-03-15 16:00:00+00:00,2022-03,2022
8065111785727,6.32,15.8,2,0.4,0.0,D5,D1,Tier 3 (D1 Frequency Only),False,True,False,Direct / Organic,Clear Protein,False,2,2025-05-20 16:00:00+00:00,2025-05,2025
7756033032447,6.25,15.64,1,0.4,0.0,D5,D4,Untiered,False,False,False,Direct / Organic,Unknown,False,1,2022-05-30 16:00:00+00:00,2022-05,2022
6327793615103,6.24,20.5,1,0.304390243902439,0.0,D5,D5,Untiered,False,False,False,Subscription,Unknown,False,1,2022-02-27 16:00:00+00:00,2022-02,2022
6423594926335,6.24,20.5,1,0.304390243902439,0.0,D5,D5,Untiered,False,False,False,Subscription,Unknown,False,1,2022-04-05 16:00:00+00:00,2022-04,2022
6423596826879,6.24,20.5,1,0.304390243902439,0.0,D5,D5,Untiered,False,False,False,Subscription,Unknown,False,1,2022-03-22 16:00:00+00:00,2022-03,2022
6423597613311,6.24,20.5,1,0.304390243902439,0.0,D5,D5,Untiered,False,False,False,Subscription,Unknown,False,1,2022-03-18 16:00:00+00:00,2022-03,2022
7756021039359,6.24,21.05,4,0.29632829373650105,0.0,D5,D1,Tier 3 (D1 Frequency Only),False,True,False,Direct / Organic,Unknown,False,1,2022-02-17 16:00:00+00:00,2022-02,2022
7756425855231,6.17,15.43,1,0.4,0.0,D5,D4,Untiered,False,False,False,Subscription,Unknown,True,2,2024-05-13 16:00:00+00:00,2024-05,2024
7869216030975,5.96,13.41,1,0.4444444444444444,0.0,D5,D3,Untiered,False,False,False,Direct / Organic,Accessories,False,2,2025-08-09 16:00:00+00:00,2025-08,2025
8028146925823,5.96,14.9,1,0.39999999999999997,0.0,D5,D3,Untiered,False,False,False,Direct / Organic,Accessories,False,2,2025-06-23 16:00:00+00:00,2025-06,2025
8108890456319,5.96,14.9,1,0.39999999999999997,0.0,D5,D3,Untiered,False,False,False,Direct / Organic,Accessories,False,2,2025-06-30 16:00:00+00:00,2025-07,2025
8158136729855,5.96,14.9,1,0.39999999999999997,0.0,D5,D3,Untiered,False,False,False,Direct / Organic,Accessories,False,2,2025-06-24 16:00:00+00:00,2025-06,2025
8168451309823,5.96,14.9,1,0.39999999999999997,0.0,D5,D3,Untiered,False,False,False,Direct / Organic,Accessories,True,2,2025-06-29 16:00:00+00:00,2025-06,2025
8168890663167,5.96,14.9,1,0.39999999999999997,0.0,D5,D3,Untiered,False,False,False,Direct / Organic,Accessories,False,2,2025-06-29 16:00:00+00:00,2025-06,2025
8169068724479,5.96,14.9,1,0.39999999999999997,0.0,D5,D3,Untiered,False,False,False,Paid Social,Accessories,False,2,2025-06-29 16:00:00+00:00,2025-06,2025
8169379856639,5.96,14.9,1,0.39999999999999997,0.0,D5,D3,Untiered,False,False,False,Direct / Organic,Accessories,False,2,2025-06-29 16:00:00+00:00,2025-06,2025
8169437790463,5.96,13.41,1,0.4444444444444444,0.0,D5,D3,Untiered,False,False,False,Direct / Organic,Accessories,False,2,2025-06-30 16:00:00+00:00,2025-07,2025
8170944856319,5.96,14.9,1,0.39999999999999997,0.0,D5,D3,Untiered,False,False,False,Paid Social,Accessories,False,2,2025-06-30 16:00:00+00:00,2025-07,2025
8171472552191,5.96,14.9,1,0.39999999999999997,0.0,D5,D3,Untiered,False,False,False,Direct / Organic,Accessories,False,2,2025-06-30 16:00:00+00:00,2025-07,2025
8171490345215,5.96,14.9,1,0.39999999999999997,0.0,D5,D3,Untiered,False,False,False,Direct / Organic,Accessories,False,2,2025-06-30 16:00:00+00:00,2025-07,2025
8244687765759,5.96,14.9,1,0.39999999999999997,0.0,D5,D3,Untiered,False,False,False,Direct / Organic,Accessories,False,2,2025-08-07 16:00:00+00:00,2025-08,2025
8249718702335,5.96,12.67,1,0.47040252565114443,0.0,D5,D3,Untiered,False,False,False,Direct / Organic,Accessories,False,2,2025-08-10 16:00:00+00:00,2025-08,2025
8250130202879,5.96,14.9,1,0.39999999999999997,0.0,D5,D3,Untiered,False,False,False,Direct / Organic,Accessories,False,2,2025-08-11 16:00:00+00:00,2025-08,2025
8254868586751,5.96,14.9,1,0.39999999999999997,0.0,D5,D3,Untiered,False,False,False,Direct / Organic,Accessories,False,2,2025-08-13 16:00:00+00:00,2025-08,2025
8263425392895,5.96,14.9,1,0.39999999999999997,0.0,D5,D3,Untiered,False,False,False,Direct / Organic,Accessories,False,2,2025-08-17 16:00:00+00:00,2025-08,2025
8273741578495,5.96,14.9,1,0.39999999999999997,0.0,D5,D3,Untiered,False,False,False,Paid Social,Accessories,False,2,2025-08-18 16:00:00+00:00,2025-08,2025
8280100733183,5.96,14.9,1,0.39999999999999997,0.0,D5,D3,Untiered,False,False,False,Direct / Organic,Accessories,False,2,2025-08-21 16:00:00+00:00,2025-08,2025
8290481930495,5.96,14.9,1,0.39999999999999997,0.0,D5,D3,Untiered,False,False,False,Direct / Organic,Accessories,False,2,2025-08-26 16:00:00+00:00,2025-08,2025
8293684510975,5.96,14.9,1,0.39999999999999997,0.0,D5,D3,Untiered,False,False,False,Direct / Organic,Accessories,False,2,2025-08-27 16:00:00+00:00,2025-08,2025
8300149407999,5.96,14.9,1,0.39999999999999997,0.0,D5,D3,Untiered,False,False,False,Paid Social,Accessories,False,2,2025-09-01 16:00:00+00:00,2025-09,2025
8303912091903,5.96,14.9,1,0.39999999999999997,0.0,D5,D3,Untiered,False,False,False,Paid Social,Accessories,False,2,2025-09-03 16:00:00+00:00,2025-09,2025
8304142582015,5.96,14.9,1,0.39999999999999997,0.0,D5,D3,Untiered,False,False,False,Paid Social,Accessories,False,2,2025-09-03 16:00:00+00:00,2025-09,2025
8310615638271,5.96,13.41,1,0.4444444444444444,0.0,D5,D3,Untiered,False,False,False,Direct / Organic,Accessories,False,2,2025-09-06 16:00:00+00:00,2025-09,2025
8310799532287,5.96,14.9,1,0.39999999999999997,0.0,D5,D3,Untiered,False,False,False,Direct / Organic,Accessories,False,2,2025-09-06 16:00:00+00:00,2025-09,2025
8325399904511,5.96,14.9,1,0.39999999999999997,0.0,D5,D3,Untiered,False,False,False,Paid Social,Accessories,False,2,2025-09-12 16:00:00+00:00,2025-09,2025
7964424962303,5.88,14.7,1,0.4,0.0,D5,D3,Untiered,False,False,False,Direct / Organic,Lean Protein,False,1,2025-04-16 16:00:00+00:00,2025-04,2025
7947783307519,5.74,14.35,2,0.39999999999999997,0.0,D5,D1,Tier 3 (D1 Frequency Only),False,True,False,Paid Social,Unknown,False,2,2025-04-07 16:00:00+00:00,2025-04,2025
8136190361855,5.16,15.61,1,0.3303010890454837,0.0,D5,D3,Untiered,False,False,False,Direct / Organic,Lean Protein,False,2,2025-06-15 16:00:00+00:00,2025-06,2025
8298738483455,4.95,11.14,1,0.44416517055655297,0.0,D5,D3,Untiered,False,False,False,Direct / Organic,Lean Protein,False,2,2025-08-31 16:00:00+00:00,2025-09,2025
8078001438975,4.82,13.57,1,0.354900515843773,0.0,D5,D3,Untiered,False,False,False,Affiliate,Lean Protein,False,1,2025-05-24 16:00:00+00:00,2025-05,2025
8308721484031,4.76,11.9,1,0.39999999999999997,0.0,D5,D3,Untiered,False,False,False,Direct / Organic,Accessories,False,2,2025-09-05 16:00:00+00:00,2025-09,2025
8211697926399,4.75,11.88,1,0.4,0.0,D5,D3,Untiered,False,False,False,Paid Social,Accessories,False,2,2025-08-16 16:00:00+00:00,2025-08,2025
8291685826815,4.75,11.28,1,0.42127659574468096,0.0,D5,D3,Untiered,False,False,False,Direct / Organic,Accessories,False,2,2025-08-27 16:00:00+00:00,2025-08,2025
8111457501439,4.74,14.6,1,0.32493150684931504,0.0,D5,D3,Untiered,False,False,False,Direct / Organic,Accessories,False,3,2025-06-05 16:00:00+00:00,2025-06,2025
8240841982207,4.74,11.86,1,0.4,0.0,D5,D3,Untiered,False,False,False,Direct / Organic,Accessories,False,2,2025-08-05 16:00:00+00:00,2025-08,2025
8286290379007,4.74,11.84,1,0.4000000000000001,0.0,D5,D3,Untiered,False,False,False,Direct / Organic,Accessories,False,2,2025-08-30 16:00:00+00:00,2025-08,2025
7756448170239,4.73,10.06,1,0.47037773359840956,0.0,D5,D4,Untiered,False,False,False,Direct / Organic,Accessories,False,2,2025-08-23 16:00:00+00:00,2025-08,2025
8074934288639,4.72,16.8,1,0.28095238095238095,0.0,D5,D3,Untiered,False,False,False,Paid Social,Clear Protein,False,1,2025-05-23 16:00:00+00:00,2025-05,2025
8083228492031,4.72,11.8,1,0.4,0.0,D5,D3,Untiered,False,False,False,Direct / Organic,Accessories,False,2,2025-06-29 16:00:00+00:00,2025-06,2025
8083629015295,4.72,15.62,1,0.3021766965428938,0.0,D5,D3,Untiered,False,False,False,Direct / Organic,Clear Protein,False,1,2025-05-27 16:00:00+00:00,2025-05,2025
8085728002303,4.72,16.8,1,0.28095238095238095,0.0,D5,D3,Untiered,False,False,False,Direct / Organic,Clear Protein,False,1,2025-05-27 16:00:00+00:00,2025-05,2025
8114087887103,4.72,16.8,1,0.28095238095238095,0.0,D5,D3,Untiered,False,False,False,Paid Social,Clear Protein,False,1,2025-06-07 16:00:00+00:00,2025-06,2025
8162851520767,4.7,11.75,1,0.4,0.0,D5,D3,Untiered,False,False,False,Direct / Organic,Accessories,False,2,2025-06-26 16:00:00+00:00,2025-06,2025
8236354601215,4.7,11.75,1,0.4,0.0,D5,D3,Untiered,False,False,False,Direct / Organic,Accessories,False,2,2025-08-02 16:00:00+00:00,2025-08,2025
7756042469631,4.61,11.52,2,0.4,0.0,D5,D1,Tier 3 (D1 Frequency Only),False,True,False,Direct / Organic,Unknown,False,1,2022-02-20 16:00:00+00:00,2022-02,2022
7756042600703,4.61,11.52,2,0.4,0.0,D5,D1,Tier 3 (D1 Frequency Only),False,True,False,Direct / Organic,Unknown,False,1,2022-02-19 16:00:00+00:00,2022-02,2022
7756042764543,4.61,11.52,1,0.4,0.0,D5,D4,Untiered,False,False,False,Direct / Organic,Unknown,False,1,2022-02-19 16:00:00+00:00,2022-02,2022
7756046205183,4.61,11.52,2,0.4,0.0,D5,D1,Tier 3 (D1 Frequency Only),False,True,False,Direct / Organic,Unknown,False,1,2022-01-14 16:00:00+00:00,2022-01,2022
7949365117183,4.55,11.38,1,0.4,0.0,D5,D3,Untiered,False,False,False,Paid Social,Unknown,False,2,2025-04-08 16:00:00+00:00,2025-04,2025
8108928467199,4.32,10.8,1,0.4,0.0,D5,D3,Untiered,False,False,False,Direct / Organic,Lean Protein,False,2,2025-06-04 16:00:00+00:00,2025-06,2025
6327521149183,3.96,9.9,1,0.4,0.0,D5,D5,Untiered,False,False,False,Subscription,Unknown,False,1,2022-02-17 16:00:00+00:00,2022-02,2022
6327547461887,3.96,9.9,1,0.4,0.0,D5,D5,Untiered,False,False,False,Subscription,Unknown,False,1,2022-01-05 16:00:00+00:00,2022-01,2022
6327562043647,3.96,9.9,1,0.4,0.0,D5,D5,Untiered,False,False,False,Subscription,Unknown,False,1,2022-01-11 16:00:00+00:00,2022-01,2022
6327635149055,3.96,9.9,1,0.4,0.0,D5,D5,Untiered,False,False,False,Subscription,Unknown,False,1,2022-02-17 16:00:00+00:00,2022-02,2022
6327638130943,3.96,9.9,1,0.4,0.0,D5,D5,Untiered,False,False,False,Subscription,Unknown,False,1,2022-01-17 16:00:00+00:00,2022-01,2022
6327775232255,3.96,9.9,1,0.4,0.0,D5,D5,Untiered,False,False,False,Subscription,Unknown,False,1,2022-02-17 16:00:00+00:00,2022-02,2022
6328269734143,3.96,9.9,1,0.4,0.0,D5,D5,Untiered,False,False,False,Subscription,Unknown,False,1,2022-02-19 16:00:00+00:00,2022-02,2022
6328296833279,3.96,9.9,1,0.4,0.0,D5,D5,Untiered,False,False,False,Subscription,Unknown,False,1,2022-02-18 16:00:00+00:00,2022-02,2022
6329615220991,3.96,9.9,1,0.4,0.0,D5,D5,Untiered,False,False,False,Direct / Organic,Unknown,False,2,2025-04-12 16:00:00+00:00,2025-04,2025
6329623871743,3.96,9.9,1,0.4,0.0,D5,D5,Untiered,False,False,False,Subscription,Unknown,False,1,2022-02-23 16:00:00+00:00,2022-02,2022
6329863831807,3.96,9.9,1,0.4,0.0,D5,D5,Untiered,False,False,False,Subscription,Unknown,False,1,2022-02-17 16:00:00+00:00,2022-02,2022
6329871991039,3.96,9.9,1,0.4,0.0,D5,D5,Untiered,False,False,False,Subscription,Unknown,False,1,2022-01-03 16:00:00+00:00,2022-01,2022
6329874088191,3.96,9.9,1,0.4,0.0,D5,D5,Untiered,False,False,False,Subscription,Unknown,False,1,2021-12-31 16:00:00+00:00,2022-01,2021
6336636748031,3.96,9.9,1,0.4,0.0,D5,D5,Untiered,False,False,False,Subscription,Unknown,False,1,2022-01-06 16:00:00+00:00,2022-01,2022
6336667287807,3.96,9.9,1,0.4,0.0,D5,D5,Untiered,False,False,False,Subscription,Unknown,False,1,2022-02-10 16:00:00+00:00,2022-02,2022
6336677970175,3.96,9.9,1,0.4,0.0,D5,D5,Untiered,False,False,False,Subscription,Unknown,False,1,2022-01-14 16:00:00+00:00,2022-01,2022
6336681378047,3.96,9.9,1,0.4,0.0,D5,D5,Untiered,False,False,False,Subscription,Unknown,False,1,2022-02-10 16:00:00+00:00,2022-02,2022
6336760840447,3.96,9.9,1,0.4,0.0,D5,D5,Untiered,False,False,False,Subscription,Unknown,False,1,2022-02-14 16:00:00+00:00,2022-02,2022
6423601152255,3.96,9.9,1,0.4,0.0,D5,D5,Untiered,False,False,False,Subscription,Unknown,False,1,2022-02-20 16:00:00+00:00,2022-02,2022
6423601217791,3.96,9.9,1,0.4,0.0,D5,D5,Untiered,False,False,False,Subscription,Unknown,False,1,2022-02-20 16:00:00+00:00,2022-02,2022
6423601381631,3.96,9.9,1,0.4,0.0,D5,D5,Untiered,False,False,False,Subscription,Unknown,False,1,2022-02-20 16:00:00+00:00,2022-02,2022
6423601479935,3.96,9.9,1,0.4,0.0,D5,D5,Untiered,False,False,False,Subscription,Unknown,False,1,2022-02-20 16:00:00+00:00,2022-02,2022
6423601709311,3.96,9.9,1,0.4,0.0,D5,D5,Untiered,False,False,False,Subscription,Unknown,False,1,2022-02-19 16:00:00+00:00,2022-02,2022
6423602036991,3.96,9.9,1,0.4,0.0,D5,D5,Untiered,False,False,False,Subscription,Unknown,False,1,2022-02-19 16:00:00+00:00,2022-02,2022
6423602200831,3.96,9.9,1,0.4,0.0,D5,D5,Untiered,False,False,False,Subscription,Unknown,False,1,2022-02-19 16:00:00+00:00,2022-02,2022
6423602790655,3.96,9.9,1,0.4,0.0,D5,D5,Untiered,False,False,False,Subscription,Unknown,False,1,2022-02-17 16:00:00+00:00,2022-02,2022
6423603839231,3.96,9.9,1,0.4,0.0,D5,D5,Untiered,False,False,False,Subscription,Unknown,False,1,2022-02-13 16:00:00+00:00,2022-02,2022
6423604101375,3.96,9.9,1,0.4,0.0,D5,D5,Untiered,False,False,False,Subscription,Unknown,False,1,2022-02-13 16:00:00+00:00,2022-02,2022
6423604134143,3.96,9.9,1,0.4,0.0,D5,D5,Untiered,False,False,False,Subscription,Unknown,False,1,2022-02-12 16:00:00+00:00,2022-02,2022
6423604232447,3.96,9.9,1,0.4,0.0,D5,D5,Untiered,False,False,False,Subscription,Unknown,False,1,2022-02-11 16:00:00+00:00,2022-02,2022
6423604265215,3.96,9.9,1,0.4,0.0,D5,D5,Untiered,False,False,False,Subscription,Unknown,False,1,2022-02-11 16:00:00+00:00,2022-02,2022
6423604592895,3.96,9.9,1,0.4,0.0,D5,D5,Untiered,False,False,False,Subscription,Unknown,False,1,2022-02-11 16:00:00+00:00,2022-02,2022
6423604789503,3.96,9.9,1,0.4,0.0,D5,D5,Untiered,False,False,False,Subscription,Unknown,False,1,2022-02-10 16:00:00+00:00,2022-02,2022
6423604986111,3.96,9.9,1,0.4,0.0,D5,D5,Untiered,False,False,False,Subscription,Unknown,False,1,2022-02-10 16:00:00+00:00,2022-02,2022
6423605051647,3.96,9.9,1,0.4,0.0,D5,D5,Untiered,False,False,False,Subscription,Unknown,False,1,2022-02-09 16:00:00+00:00,2022-02,2022
6423607279871,3.96,9.9,1,0.4,0.0,D5,D5,Untiered,False,False,False,Subscription,Unknown,False,1,2022-01-22 16:00:00+00:00,2022-01,2022
6423608131839,3.96,9.9,1,0.4,0.0,D5,D5,Untiered,False,False,False,Subscription,Unknown,False,1,2022-01-18 16:00:00+00:00,2022-01,2022
6423608426751,3.96,9.9,1,0.4,0.0,D5,D5,Untiered,False,False,False,Subscription,Unknown,False,1,2022-01-17 16:00:00+00:00,2022-01,2022
6423609934079,3.96,9.9,1,0.4,0.0,D5,D5,Untiered,False,False,False,Subscription,Unknown,False,1,2022-01-15 16:00:00+00:00,2022-01,2022
6423610065151,3.96,9.9,1,0.4,0.0,D5,D5,Untiered,False,False,False,Subscription,Unknown,False,1,2022-01-15 16:00:00+00:00,2022-01,2022
6423610261759,3.96,9.9,1,0.4,0.0,D5,D5,Untiered,False,False,False,Subscription,Unknown,False,1,2022-01-14 16:00:00+00:00,2022-01,2022
6423611474175,3.96,9.9,1,0.4,0.0,D5,D5,Untiered,False,False,False,Subscription,Unknown,False,1,2022-01-07 16:00:00+00:00,2022-01,2022
6423611670783,3.96,9.9,1,0.4,0.0,D5,D5,Untiered,False,False,False,Subscription,Unknown,False,1,2022-01-06 16:00:00+00:00,2022-01,2022
6423611965695,3.96,9.9,1,0.4,0.0,D5,D5,Untiered,False,False,False,Subscription,Unknown,False,1,2022-01-06 16:00:00+00:00,2022-01,2022
6423612358911,3.96,9.9,1,0.4,0.0,D5,D5,Untiered,False,False,False,Subscription,Unknown,False,1,2022-01-04 16:00:00+00:00,2022-01,2022
6423612588287,3.96,9.9,1,0.4,0.0,D5,D5,Untiered,False,False,False,Subscription,Unknown,False,1,2022-01-04 16:00:00+00:00,2022-01,2022
6423612752127,3.96,9.9,1,0.4,0.0,D5,D5,Untiered,False,False,False,Subscription,Unknown,False,1,2022-01-04 16:00:00+00:00,2022-01,2022
6423613702399,3.96,9.9,1,0.4,0.0,D5,D5,Untiered,False,False,False,Subscription,Unknown,False,1,2022-01-01 16:00:00+00:00,2022-01,2022
6423613964543,3.96,9.9,1,0.4,0.0,D5,D5,Untiered,False,False,False,Subscription,Unknown,False,1,2021-12-31 16:00:00+00:00,2022-01,2021
6423614030079,3.96,9.9,1,0.4,0.0,D5,D5,Untiered,False,False,False,Subscription,Unknown,False,1,2021-12-31 16:00:00+00:00,2022-01,2021
6423614128383,3.96,9.9,1,0.4,0.0,D5,D5,Untiered,False,False,False,Subscription,Unknown,False,1,2021-12-31 16:00:00+00:00,2022-01,2021
7694044201215,3.96,9.9,1,0.4,0.0,D5,D5,Untiered,False,False,False,Paid Social,Unknown,False,2,2025-04-17 16:00:00+00:00,2025-04,2025
7944993079551,3.96,9.9,1,0.4,0.0,D5,D3,Untiered,False,False,False,Paid Social,Unknown,False,2,2025-04-12 16:00:00+00:00,2025-04,2025
7947239391487,3.96,9.9,1,0.4,0.0,D5,D3,Untiered,False,False,False,Paid Social,Unknown,False,2,2025-04-07 16:00:00+00:00,2025-04,2025
7947792810239,3.96,9.9,1,0.4,0.0,D5,D3,Untiered,False,False,False,Paid Social,Unknown,False,2,2025-04-07 16:00:00+00:00,2025-04,2025
7947850252543,3.96,9.9,1,0.4,0.0,D5,D3,Untiered,False,False,False,Paid Social,Unknown,False,2,2025-04-07 16:00:00+00:00,2025-04,2025
7948420382975,3.96,9.9,1,0.4,0.0,D5,D3,Untiered,False,False,False,Paid Social,Unknown,False,2,2025-04-08 16:00:00+00:00,2025-04,2025
7949065060607,3.96,9.9,1,0.4,0.0,D5,D3,Untiered,False,False,False,Paid Social,Unknown,False,2,2025-04-08 16:00:00+00:00,2025-04,2025
7953853120767,3.96,9.9,1,0.4,0.0,D5,D3,Untiered,False,False,False,Paid Social,Unknown,False,2,2025-04-09 16:00:00+00:00,2025-04,2025
7953984815359,3.96,9.9,1,0.4,0.0,D5,D3,Untiered,False,False,False,Direct / Organic,Unknown,False,2,2025-04-09 16:00:00+00:00,2025-04,2025
7956543766783,3.96,9.9,1,0.4,0.0,D5,D3,Untiered,False,False,False,Paid Social,Unknown,False,2,2025-04-11 16:00:00+00:00,2025-04,2025
7958863151359,3.96,9.9,1,0.4,0.0,D5,D3,Untiered,False,False,False,Paid Social,Unknown,False,2,2025-04-13 16:00:00+00:00,2025-04,2025
7958938517759,3.96,9.9,1,0.4,0.0,D5,D3,Untiered,False,False,False,Paid Social,Unknown,False,2,2025-04-13 16:00:00+00:00,2025-04,2025
7960931926271,3.96,9.9,1,0.4,0.0,D5,D3,Untiered,False,False,False,Paid Social,Unknown,False,2,2025-04-14 16:00:00+00:00,2025-04,2025
7961317933311,3.96,9.9,1,0.4,0.0,D5,D3,Untiered,False,False,False,Paid Social,Unknown,False,2,2025-04-14 16:00:00+00:00,2025-04,2025
7966279008511,3.96,9.9,1,0.4,0.0,D5,D3,Untiered,False,False,False,Direct / Organic,Unknown,False,2,2025-04-18 16:00:00+00:00,2025-04,2025
7969128972543,3.96,9.9,1,0.4,0.0,D5,D3,Untiered,False,False,False,Paid Social,Unknown,False,2,2025-04-19 16:00:00+00:00,2025-04,2025
7969943060735,3.96,9.9,1,0.4,0.0,D5,D3,Untiered,False,False,False,Paid Social,Unknown,False,2,2025-04-20 16:00:00+00:00,2025-04,2025
7976802779391,3.96,9.9,1,0.4,0.0,D5,D3,Untiered,False,False,False,Paid Social,Unknown,False,2,2025-04-24 16:00:00+00:00,2025-04,2025
7976827355391,3.96,8.41,1,0.47086801426872776,0.0,D5,D3,Untiered,False,False,False,Paid Social,Unknown,False,2,2025-04-24 16:00:00+00:00,2025-04,2025
7977191375103,3.96,9.9,1,0.4,0.0,D5,D3,Untiered,False,False,False,Direct / Organic,Unknown,False,2,2025-04-24 16:00:00+00:00,2025-04,2025
7978194665727,3.96,9.9,1,0.4,0.0,D5,D3,Untiered,False,False,False,Paid Social,Unknown,False,2,2025-04-25 16:00:00+00:00,2025-04,2025
7979969282303,3.96,9.9,1,0.4,0.0,D5,D3,Untiered,False,False,False,Paid Social,Unknown,False,2,2025-04-26 16:00:00+00:00,2025-04,2025
7980154650879,3.96,9.9,1,0.4,0.0,D5,D3,Untiered,False,False,False,Paid Social,Unknown,False,2,2025-04-26 16:00:00+00:00,2025-04,2025
7981276627199,3.96,9.9,1,0.4,0.0,D5,D3,Untiered,False,False,False,Paid Social,Unknown,False,2,2025-04-27 16:00:00+00:00,2025-04,2025
7981445284095,3.96,9.9,1,0.4,0.0,D5,D3,Untiered,False,False,False,Paid Social,Unknown,False,2,2025-04-27 16:00:00+00:00,2025-04,2025
7981721747711,3.96,9.9,1,0.4,0.0,D5,D3,Untiered,False,False,False,Direct / Organic,Unknown,False,2,2025-04-27 16:00:00+00:00,2025-04,2025
7986218402047,3.96,9.9,1,0.4,0.0,D5,D3,Untiered,False,False,False,Paid Social,Unknown,False,2,2025-04-29 16:00:00+00:00,2025-04,2025
7986317426943,3.96,9.9,1,0.4,0.0,D5,D3,Untiered,False,False,False,Direct / Organic,Unknown,False,2,2025-04-29 16:00:00+00:00,2025-04,2025
7988104200447,3.96,9.9,1,0.4,0.0,D5,D3,Untiered,False,False,False,Paid Social,Unknown,False,2,2025-04-29 16:00:00+00:00,2025-04,2025
7991643373823,3.96,9.9,1,0.4,0.0,D5,D3,Untiered,False,False,False,Paid Social,Unknown,False,2,2025-04-30 16:00:00+00:00,2025-05,2025
7993809535231,3.96,9.9,1,0.4,0.0,D5,D3,Untiered,False,False,False,Paid Social,Unknown,False,2,2025-04-30 16:00:00+00:00,2025-05,2025
7994766262527,3.96,9.9,1,0.4,0.0,D5,D3,Untiered,False,False,False,Paid Social,Unknown,False,2,2025-04-30 16:00:00+00:00,2025-05,2025
8007184122111,3.96,9.9,1,0.4,0.0,D5,D3,Untiered,False,False,False,Direct / Organic,Accessories,False,2,2025-05-04 16:00:00+00:00,2025-05,2025
8008304951551,3.96,9.9,1,0.4,0.0,D5,D3,Untiered,False,False,False,Paid Social,Accessories,False,2,2025-05-02 16:00:00+00:00,2025-05,2025
8008515059967,3.96,9.9,1,0.4,0.0,D5,D3,Untiered,False,False,False,Paid Social,Accessories,False,2,2025-05-02 16:00:00+00:00,2025-05,2025
8013774881023,3.96,9.9,1,0.4,0.0,D5,D3,Untiered,False,False,False,Direct / Organic,Accessories,False,2,2025-05-03 16:00:00+00:00,2025-05,2025
8015096807679,3.96,9.9,1,0.4,0.0,D5,D3,Untiered,False,False,False,Paid Social,Accessories,False,2,2025-05-04 16:00:00+00:00,2025-05,2025
8160775373055,3.96,14.8,1,0.26756756756756755,0.0,D5,D3,Untiered,False,False,False,Direct / Organic,Unknown,False,1,2025-06-25 16:00:00+00:00,2025-06,2025
8164897816831,3.96,14.8,1,0.26756756756756755,0.0,D5,D3,Untiered,False,False,False,Direct / Organic,Unknown,False,1,2025-06-27 16:00:00+00:00,2025-06,2025
6336684916991,3.96,9.9,1,0.39999999999999997,0.0,D5,D5,Untiered,False,False,False,Paid Social,Accessories,False,2,2025-05-29 16:00:00+00:00,2025-05,2025
7127991779583,3.96,9.9,1,0.39999999999999997,0.0,D5,D5,Untiered,False,False,False,Paid Social,Unknown,False,2,2025-04-12 16:00:00+00:00,2025-04,2025
7356383363327,3.96,8.41,1,0.4708680142687277,0.0,D5,D5,Untiered,False,False,False,Direct / Organic,Unknown,False,2,2025-04-14 16:00:00+00:00,2025-04,2025
7944523645183,3.96,9.9,1,0.39999999999999997,0.0,D5,D3,Untiered,False,False,False,Direct / Organic,Accessories,False,2,2025-05-14 16:00:00+00:00,2025-05,2025
7947243618559,3.96,9.9,1,0.39999999999999997,0.0,D5,D3,Untiered,False,False,False,Paid Social,Unknown,False,2,2025-04-07 16:00:00+00:00,2025-04,2025
7947423645951,3.96,9.9,1,0.39999999999999997,0.0,D5,D3,Untiered,False,False,False,Paid Social,Unknown,False,2,2025-04-07 16:00:00+00:00,2025-04,2025
7947985584383,3.96,9.9,1,0.39999999999999997,0.0,D5,D3,Untiered,False,False,False,Direct / Organic,Unknown,False,2,2025-04-07 16:00:00+00:00,2025-04,2025
7949364068607,3.96,8.91,1,0.4444444444444444,0.0,D5,D3,Untiered,False,False,False,Direct / Organic,Unknown,False,2,2025-04-08 16:00:00+00:00,2025-04,2025
7953987862783,3.96,9.9,1,0.39999999999999997,0.0,D5,D3,Untiered,False,False,False,Direct / Organic,Unknown,False,2,2025-04-09 16:00:00+00:00,2025-04,2025
7954748440831,3.96,9.9,1,0.39999999999999997,0.0,D5,D3,Untiered,False,False,False,Paid Social,Unknown,False,2,2025-04-10 16:00:00+00:00,2025-04,2025
7955123634431,3.96,9.9,1,0.39999999999999997,0.0,D5,D3,Untiered,False,False,False,Paid Social,Unknown,False,2,2025-04-10 16:00:00+00:00,2025-04,2025
7955169247487,3.96,8.41,1,0.4708680142687277,0.0,D5,D3,Untiered,False,False,False,Paid Social,Accessories,False,2,2025-05-12 16:00:00+00:00,2025-05,2025
7956611399935,3.96,9.9,1,0.39999999999999997,0.0,D5,D3,Untiered,False,False,False,Paid Social,Unknown,False,2,2025-04-11 16:00:00+00:00,2025-04,2025
7957658271999,3.96,9.9,1,0.39999999999999997,0.0,D5,D3,Untiered,False,False,False,Paid Social,Unknown,False,2,2025-04-12 16:00:00+00:00,2025-04,2025
7957910520063,3.96,9.9,1,0.39999999999999997,0.0,D5,D3,Untiered,False,False,False,Direct / Organic,Unknown,False,2,2025-04-12 16:00:00+00:00,2025-04,2025
7960663032063,3.96,9.9,1,0.39999999999999997,0.0,D5,D3,Untiered,False,False,False,Direct / Organic,Unknown,False,2,2025-04-14 16:00:00+00:00,2025-04,2025
7960702255359,3.96,9.9,1,0.39999999999999997,0.0,D5,D3,Untiered,False,False,False,Direct / Organic,Unknown,False,2,2025-04-15 16:00:00+00:00,2025-04,2025
7960884084991,3.96,9.9,1,0.39999999999999997,0.0,D5,D3,Untiered,False,False,False,Paid Social,Unknown,False,2,2025-04-14 16:00:00+00:00,2025-04,2025
7963011383551,3.96,9.9,1,0.39999999999999997,0.0,D5,D3,Untiered,False,False,False,Paid Social,Unknown,False,2,2025-04-15 16:00:00+00:00,2025-04,2025
7963058274559,3.96,9.9,1,0.39999999999999997,0.0,D5,D3,Untiered,False,False,False,Direct / Organic,Unknown,False,2,2025-04-15 16:00:00+00:00,2025-04,2025
7963208450303,3.96,9.9,1,0.39999999999999997,0.0,D5,D3,Untiered,False,False,False,Paid Social,Unknown,False,2,2025-04-15 16:00:00+00:00,2025-04,2025
7964860383487,3.96,9.9,1,0.39999999999999997,0.0,D5,D3,Untiered,False,False,False,Paid Social,Unknown,False,2,2025-04-17 16:00:00+00:00,2025-04,2025
7967101387007,3.96,9.9,1,0.39999999999999997,0.0,D5,D3,Untiered,False,False,False,Paid Social,Unknown,False,2,2025-04-18 16:00:00+00:00,2025-04,2025
7970179580159,3.96,9.9,1,0.39999999999999997,0.0,D5,D3,Untiered,False,False,False,Paid Social,Accessories,False,2,2025-05-24 16:00:00+00:00,2025-05,2025
7971528638719,3.96,9.9,1,0.39999999999999997,0.0,D5,D3,Untiered,False,False,False,Direct / Organic,Unknown,False,2,2025-04-21 16:00:00+00:00,2025-04,2025
7971586015487,3.96,9.9,1,0.39999999999999997,0.0,D5,D3,Untiered,False,False,False,Paid Social,Unknown,False,2,2025-04-21 16:00:00+00:00,2025-04,2025
8017390960895,3.96,9.9,1,0.39999999999999997,0.0,D5,D3,Untiered,False,False,False,Direct / Organic,Accessories,False,2,2025-05-10 16:00:00+00:00,2025-05,2025
8028452782335,3.96,9.9,1,0.39999999999999997,0.0,D5,D3,Untiered,False,False,False,Paid Social,Accessories,False,2,2025-05-08 16:00:00+00:00,2025-05,2025
8033804583167,3.96,9.9,1,0.39999999999999997,0.0,D5,D3,Untiered,False,False,False,Paid Social,Accessories,False,2,2025-05-09 16:00:00+00:00,2025-05,2025
8035329016063,3.96,9.9,1,0.39999999999999997,0.0,D5,D3,Untiered,False,False,False,Direct / Organic,Accessories,False,2,2025-05-10 16:00:00+00:00,2025-05,2025
8035369779455,3.96,9.9,1,0.39999999999999997,0.0,D5,D3,Untiered,False,False,False,Paid Social,Accessories,False,2,2025-05-10 16:00:00+00:00,2025-05,2025
8036106404095,3.96,9.9,1,0.39999999999999997,0.0,D5,D3,Untiered,False,False,False,Paid Social,Accessories,False,2,2025-05-10 16:00:00+00:00,2025-05,2025
8038275481855,3.96,9.9,1,0.39999999999999997,0.0,D5,D3,Untiered,False,False,False,Direct / Organic,Accessories,False,2,2025-05-12 16:00:00+00:00,2025-05,2025
8044753846527,3.96,9.9,1,0.39999999999999997,0.0,D5,D3,Untiered,False,False,False,Direct / Organic,Accessories,False,2,2025-05-13 16:00:00+00:00,2025-05,2025
8059895546111,3.96,9.9,1,0.39999999999999997,0.0,D5,D3,Untiered,False,False,False,Paid Social,Accessories,False,2,2025-05-17 16:00:00+00:00,2025-05,2025
8060349612287,3.96,9.9,1,0.39999999999999997,0.0,D5,D3,Untiered,False,False,False,Paid Social,Accessories,False,2,2025-05-17 16:00:00+00:00,2025-05,2025
8060442607871,3.96,9.9,1,0.39999999999999997,0.0,D5,D3,Untiered,False,False,False,Paid Social,Accessories,False,2,2025-05-17 16:00:00+00:00,2025-05,2025
8061688185087,3.96,9.9,1,0.39999999999999997,0.0,D5,D3,Untiered,False,False,False,Direct / Organic,Accessories,False,2,2025-05-18 16:00:00+00:00,2025-05,2025
8062138417407,3.96,9.9,1,0.39999999999999997,0.0,D5,D3,Untiered,False,False,False,Direct / Organic,Accessories,False,2,2025-05-18 16:00:00+00:00,2025-05,2025
8062283251967,3.96,8.41,1,0.4708680142687277,0.0,D5,D3,Untiered,False,False,False,Paid Social,Accessories,False,2,2025-05-18 16:00:00+00:00,2025-05,2025
8062293704959,3.96,9.9,1,0.39999999999999997,0.0,D5,D3,Untiered,False,False,False,Paid Social,Accessories,False,2,2025-05-18 16:00:00+00:00,2025-05,2025
8062496899327,3.96,8.91,1,0.4444444444444444,0.0,D5,D3,Untiered,False,False,False,Direct / Organic,Accessories,False,2,2025-05-19 16:00:00+00:00,2025-05,2025
8073543909631,3.96,9.9,1,0.39999999999999997,0.0,D5,D3,Untiered,False,False,False,Direct / Organic,Accessories,False,2,2025-05-22 16:00:00+00:00,2025-05,2025
8073981886719,3.96,8.91,1,0.4444444444444444,0.0,D5,D3,Untiered,False,False,False,Direct / Organic,Accessories,False,2,2025-05-22 16:00:00+00:00,2025-05,2025
8075827020031,3.96,9.9,1,0.39999999999999997,0.0,D5,D3,Untiered,False,False,False,Paid Social,Accessories,False,2,2025-05-23 16:00:00+00:00,2025-05,2025
8076994806015,3.96,9.9,1,0.39999999999999997,0.0,D5,D3,Untiered,False,False,False,Direct / Organic,Accessories,False,2,2025-05-24 16:00:00+00:00,2025-05,2025
8077209796863,3.96,9.9,1,0.39999999999999997,0.0,D5,D3,Untiered,False,False,False,Paid Social,Accessories,False,2,2025-05-24 16:00:00+00:00,2025-05,2025
8077735428351,3.96,9.9,1,0.39999999999999997,0.0,D5,D3,Untiered,False,False,False,Paid Social,Accessories,False,2,2025-05-24 16:00:00+00:00,2025-05,2025
8079725232383,3.96,9.9,1,0.39999999999999997,0.0,D5,D3,Untiered,False,False,False,Direct / Organic,Accessories,False,2,2025-05-25 16:00:00+00:00,2025-05,2025
8079793520895,3.96,8.91,1,0.4444444444444444,0.0,D5,D3,Untiered,False,False,False,Direct / Organic,Accessories,False,2,2025-05-26 16:00:00+00:00,2025-05,2025
8081417273599,3.96,9.9,1,0.39999999999999997,0.0,D5,D3,Untiered,False,False,False,Direct / Organic,Accessories,False,2,2025-05-26 16:00:00+00:00,2025-05,2025
8082145935615,3.96,9.9,1,0.39999999999999997,0.0,D5,D3,Untiered,False,False,False,Paid Social,Accessories,False,2,2025-05-26 16:00:00+00:00,2025-05,2025
8082524045567,3.96,9.9,1,0.39999999999999997,0.0,D5,D3,Untiered,False,False,False,Direct / Organic,Accessories,False,2,2025-05-26 16:00:00+00:00,2025-05,2025
8085072314623,3.96,9.9,1,0.39999999999999997,0.0,D5,D3,Untiered,False,False,False,Paid Social,Accessories,False,2,2025-05-27 16:00:00+00:00,2025-05,2025
8086454305023,3.96,9.9,1,0.39999999999999997,0.0,D5,D3,Untiered,False,False,False,Paid Social,Accessories,False,2,2025-05-27 16:00:00+00:00,2025-05,2025
8086722543871,3.96,9.9,1,0.39999999999999997,0.0,D5,D3,Untiered,False,False,False,Paid Social,Accessories,False,2,2025-05-27 16:00:00+00:00,2025-05,2025
8089827574015,3.96,9.9,1,0.39999999999999997,0.0,D5,D3,Untiered,False,False,False,Direct / Organic,Accessories,False,2,2025-05-28 16:00:00+00:00,2025-05,2025
8090247790847,3.96,9.9,1,0.39999999999999997,0.0,D5,D3,Untiered,False,False,False,Direct / Organic,Accessories,False,2,2025-05-28 16:00:00+00:00,2025-05,2025
8091200127231,3.96,9.9,1,0.39999999999999997,0.0,D5,D3,Untiered,False,False,False,Paid Social,Accessories,False,2,2025-05-29 16:00:00+00:00,2025-05,2025
8091952742655,3.96,9.9,1,0.39999999999999997,0.0,D5,D3,Untiered,False,False,False,Direct / Organic,Accessories,False,2,2025-05-29 16:00:00+00:00,2025-05,2025
8092348940543,3.96,9.9,1,0.39999999999999997,0.0,D5,D3,Untiered,False,False,False,Paid Social,Accessories,False,2,2025-05-29 16:00:00+00:00,2025-05,2025
8093263364351,3.96,9.9,1,0.39999999999999997,0.0,D5,D3,Untiered,False,False,False,Direct / Organic,Accessories,False,2,2025-05-30 16:00:00+00:00,2025-05,2025
8093702029567,3.96,9.9,1,0.39999999999999997,0.0,D5,D3,Untiered,False,False,False,Direct / Organic,Accessories,True,2,2025-05-30 16:00:00+00:00,2025-05,2025
8098376089855,3.96,9.9,1,0.39999999999999997,0.0,D5,D3,Untiered,False,False,False,Direct / Organic,Accessories,False,2,2025-06-01 16:00:00+00:00,2025-06,2025
8098559328511,3.96,9.9,1,0.39999999999999997,0.0,D5,D3,Untiered,False,False,False,Direct / Organic,Accessories,False,2,2025-06-01 16:00:00+00:00,2025-06,2025
8099252928767,3.96,9.9,1,0.39999999999999997,0.0,D5,D3,Untiered,False,False,False,Direct / Organic,Accessories,False,2,2025-06-01 16:00:00+00:00,2025-06,2025
8099338027263,3.96,9.9,1,0.39999999999999997,0.0,D5,D3,Untiered,False,False,False,Paid Social,Accessories,False,2,2025-06-01 16:00:00+00:00,2025-06,2025
8099604300031,3.96,9.9,1,0.39999999999999997,0.0,D5,D3,Untiered,False,False,False,Paid Social,Accessories,False,2,2025-06-01 16:00:00+00:00,2025-06,2025
8099616981247,3.96,8.41,1,0.4708680142687277,0.0,D5,D3,Untiered,False,False,False,Direct / Organic,Accessories,False,2,2025-06-01 16:00:00+00:00,2025-06,2025
8099785801983,3.96,9.9,1,0.39999999999999997,0.0,D5,D3,Untiered,False,False,False,Direct / Organic,Accessories,False,2,2025-06-02 16:00:00+00:00,2025-06,2025
8101295620351,3.96,9.9,1,0.39999999999999997,0.0,D5,D3,Untiered,False,False,False,Direct / Organic,Accessories,False,2,2025-06-02 16:00:00+00:00,2025-06,2025
8101696995583,3.96,9.9,1,0.39999999999999997,0.0,D5,D3,Untiered,False,False,False,Direct / Organic,Accessories,False,2,2025-06-02 16:00:00+00:00,2025-06,2025
8106201874687,3.96,9.9,1,0.39999999999999997,0.0,D5,D3,Untiered,False,False,False,Direct / Organic,Accessories,False,2,2025-06-03 16:00:00+00:00,2025-06,2025
8106785079551,3.96,9.9,1,0.39999999999999997,0.0,D5,D3,Untiered,False,False,False,Direct / Organic,Accessories,False,2,2025-06-03 16:00:00+00:00,2025-06,2025
8107064525055,3.96,9.9,1,0.39999999999999997,0.0,D5,D3,Untiered,False,False,False,Direct / Organic,Accessories,False,2,2025-06-04 16:00:00+00:00,2025-06,2025
7956289716479,3.92,12.4,1,0.31612903225806455,0.0,D5,D3,Untiered,False,False,False,Direct / Organic,Lean Protein,False,1,2025-04-11 16:00:00+00:00,2025-04,2025
7957573435647,3.92,9.8,1,0.4,0.0,D5,D3,Untiered,False,False,False,Direct / Organic,Lean Protein,False,1,2025-04-12 16:00:00+00:00,2025-04,2025
7978157310207,3.92,9.8,1,0.4,0.0,D5,D3,Untiered,False,False,False,Direct / Organic,Lean Protein,False,1,2025-04-25 16:00:00+00:00,2025-04,2025
7980815548671,3.92,9.8,1,0.4,0.0,D5,D3,Untiered,False,False,False,Direct / Organic,Lean Protein,False,1,2025-04-27 16:00:00+00:00,2025-04,2025
8089858441471,3.92,12.4,1,0.31612903225806455,0.0,D5,D3,Untiered,False,False,False,Direct / Organic,Lean Protein,False,1,2025-05-28 16:00:00+00:00,2025-05,2025
6327661527295,3.84,14.5,1,0.26482758620689656,0.0,D5,D5,Untiered,False,False,False,Subscription,Unknown,False,1,2022-08-08 16:00:00+00:00,2022-08,2022
7756034212095,3.83,12.3,1,0.3113300492610837,0.0,D5,D4,Untiered,False,False,False,Direct / Organic,Unknown,False,1,2022-05-18 16:00:00+00:00,2022-05,2022
7756034638079,3.83,12.3,1,0.3113300492610837,0.0,D5,D4,Untiered,False,False,False,Direct / Organic,Unknown,False,1,2022-05-11 16:00:00+00:00,2022-05,2022
7756039356671,3.83,12.3,1,0.3113300492610837,0.0,D5,D4,Untiered,False,False,False,Direct / Organic,Unknown,False,1,2022-03-20 16:00:00+00:00,2022-03,2022
8251368603903,3.64,9.1,1,0.4,0.0,D5,D3,Untiered,False,False,False,Direct / Organic,Accessories,False,1,2025-09-06 16:00:00+00:00,2025-09,2025
7875579904255,3.63,11.8,1,0.30745762711864405,0.0,D5,D3,Untiered,False,False,False,Direct / Organic,Accessories,False,1,2025-02-24 16:00:00+00:00,2025-02,2025
7756157026559,3.62,9.06,1,0.4,0.0,D5,D4,Untiered,False,False,False,Direct / Organic,Accessories,False,1,2024-04-18 16:00:00+00:00,2024-04,2024
7756325323007,3.62,11.79,1,0.3074550128534705,0.0,D5,D4,Untiered,False,False,False,Direct / Organic,Accessories,False,1,2024-06-01 16:00:00+00:00,2024-06,2024
8147352027391,3.62,9.05,1,0.4,0.0,D5,D3,Untiered,False,False,False,Paid Social,Accessories,False,1,2025-06-20 16:00:00+00:00,2025-06,2025
8140492046591,3.62,9.05,1,0.39999999999999997,0.0,D5,D3,Untiered,False,False,False,Direct / Organic,Accessories,False,2,2025-06-17 16:00:00+00:00,2025-06,2025
7756437717247,3.62,9.04,1,0.4,0.0,D5,D4,Untiered,False,False,False,Paid Social,Clear Protein,False,1,2025-06-08 16:00:00+00:00,2025-06,2025
8251513569535,3.62,9.04,1,0.4,0.0,D5,D3,Untiered,False,False,False,Direct / Organic,Clear Protein,False,1,2025-08-11 16:00:00+00:00,2025-08,2025
8134042910975,3.6,9.0,1,0.4,0.0,D5,D3,Untiered,False,False,False,Direct / Organic,Clear Protein,False,1,2025-06-14 16:00:00+00:00,2025-06,2025
7905979990271,3.55,8.88,1,0.4,0.0,D5,D3,Untiered,False,False,False,Paid Social,Lean Protein,False,1,2025-03-17 16:00:00+00:00,2025-03,2025
8017510826239,3.54,8.86,1,0.4000000000000001,0.0,D5,D3,Untiered,False,False,False,Paid Social,Accessories,False,2,2025-05-05 16:00:00+00:00,2025-05,2025
8081163682047,3.54,8.85,1,0.4,0.0,D5,D3,Untiered,False,False,False,Paid Social,Accessories,False,2,2025-05-26 16:00:00+00:00,2025-05,2025
8081245405439,3.54,8.85,1,0.4,0.0,D5,D3,Untiered,False,False,False,Direct / Organic,Accessories,False,2,2025-05-26 16:00:00+00:00,2025-05,2025
8009441018111,3.54,8.84,1,0.4000000000000001,0.0,D5,D3,Untiered,False,False,False,Direct / Organic,Accessories,False,2,2025-05-06 16:00:00+00:00,2025-05,2025
8001316258047,3.53,8.83,1,0.4,0.0,D5,D3,Untiered,False,False,False,Paid Social,Unknown,False,2,2025-05-01 16:00:00+00:00,2025-05,2025
8013910507775,3.53,8.83,1,0.4,0.0,D5,D3,Untiered,False,False,False,Paid Social,Accessories,False,2,2025-05-06 16:00:00+00:00,2025-05,2025
8017677648127,3.53,8.83,1,0.4,0.0,D5,D3,Untiered,False,False,False,Paid Social,Accessories,False,2,2025-05-06 16:00:00+00:00,2025-05,2025
8025648005375,3.53,8.83,1,0.4,0.0,D5,D3,Untiered,False,False,False,Direct / Organic,Accessories,False,2,2025-05-06 16:00:00+00:00,2025-05,2025
8080121921791,3.53,8.83,1,0.4,0.0,D5,D3,Untiered,False,False,False,Paid Social,Accessories,False,2,2025-05-25 16:00:00+00:00,2025-05,2025
7756478316799,3.52,8.81,1,0.39999999999999997,0.0,D5,D4,Untiered,False,False,False,Paid Social,Accessories,False,2,2025-05-22 16:00:00+00:00,2025-05,2025
8052244119807,3.52,8.81,1,0.39999999999999997,0.0,D5,D3,Untiered,False,False,False,Paid Social,Accessories,False,2,2025-05-27 16:00:00+00:00,2025-05,2025
8066563244287,3.52,8.81,1,0.39999999999999997,0.0,D5,D3,Untiered,False,False,False,Direct / Organic,Accessories,False,2,2025-05-30 16:00:00+00:00,2025-05,2025
8077599473919,3.52,8.81,1,0.39999999999999997,0.0,D5,D3,Untiered,False,False,False,Direct / Organic,Accessories,False,2,2025-05-24 16:00:00+00:00,2025-05,2025
8082922176767,3.52,8.81,1,0.39999999999999997,0.0,D5,D3,Untiered,False,False,False,Paid Social,Accessories,False,2,2025-05-26 16:00:00+00:00,2025-05,2025
8096271827199,3.52,8.81,1,0.39999999999999997,0.0,D5,D3,Untiered,False,False,False,Paid Social,Accessories,False,2,2025-05-31 16:00:00+00:00,2025-06,2025
8096681820415,3.52,8.81,1,0.39999999999999997,0.0,D5,D3,Untiered,False,False,False,Direct / Organic,Accessories,False,2,2025-05-31 16:00:00+00:00,2025-06,2025
8091621916927,3.52,8.8,1,0.4,0.0,D5,D3,Untiered,False,False,False,Paid Social,Accessories,False,2,2025-05-31 16:00:00+00:00,2025-06,2025
8096862929151,3.52,8.8,1,0.4,0.0,D5,D3,Untiered,False,False,False,Direct / Organic,Accessories,False,2,2025-05-31 16:00:00+00:00,2025-06,2025
7974247530751,3.52,8.79,1,0.4,0.0,D5,D3,Untiered,False,False,False,Direct / Organic,Unknown,False,2,2025-04-30 16:00:00+00:00,2025-05,2025
7986042929407,3.52,8.79,1,0.4,0.0,D5,D3,Untiered,False,False,False,Paid Social,Unknown,False,2,2025-04-29 16:00:00+00:00,2025-04,2025
7987021545727,3.52,8.79,1,0.4,0.0,D5,D3,Untiered,False,False,False,Paid Social,Unknown,False,2,2025-04-29 16:00:00+00:00,2025-04,2025
7994403029247,3.52,8.79,1,0.4,0.0,D5,D3,Untiered,False,False,False,Paid Social,Unknown,False,2,2025-04-30 16:00:00+00:00,2025-05,2025
8025703809279,3.52,8.79,1,0.4,0.0,D5,D3,Untiered,False,False,False,Paid Social,Accessories,False,2,2025-05-14 16:00:00+00:00,2025-05,2025
8026601783551,3.52,8.79,1,0.4,0.0,D5,D3,Untiered,False,False,False,Paid Social,Accessories,False,2,2025-05-07 16:00:00+00:00,2025-05,2025
8084578664703,3.52,7.91,1,0.44450063211125157,0.0,D5,D3,Untiered,False,False,False,Direct / Organic,Accessories,False,2,2025-05-27 16:00:00+00:00,2025-05,2025
7755961499903,3.52,8.79,1,0.4,0.0,D5,D5,Untiered,False,False,False,Direct / Organic,Unknown,False,1,2022-04-12 16:00:00+00:00,2022-04,2022
7756042207487,3.52,11.52,1,0.30526315789473685,0.0,D5,D4,Untiered,False,False,False,Direct / Organic,Unknown,False,1,2022-02-25 16:00:00+00:00,2022-02,2022
7756043649279,3.52,8.79,1,0.4,0.0,D5,D4,Untiered,False,False,False,Direct / Organic,Unknown,False,1,2022-02-11 16:00:00+00:00,2022-02,2022
7756043714815,3.52,8.79,1,0.4,0.0,D5,D4,Untiered,False,False,False,Direct / Organic,Unknown,False,1,2022-02-10 16:00:00+00:00,2022-02,2022
7756043813119,3.52,8.79,1,0.4,0.0,D5,D4,Untiered,False,False,False,Direct / Organic,Unknown,False,1,2022-02-10 16:00:00+00:00,2022-02,2022
7756043878655,3.52,8.79,1,0.4,0.0,D5,D4,Untiered,False,False,False,Direct / Organic,Unknown,False,1,2022-02-10 16:00:00+00:00,2022-02,2022
7756043976959,3.52,8.79,1,0.4,0.0,D5,D4,Untiered,False,False,False,Direct / Organic,Unknown,False,1,2022-02-10 16:00:00+00:00,2022-02,2022
7756044009727,3.52,8.79,1,0.4,0.0,D5,D4,Untiered,False,False,False,Direct / Organic,Unknown,False,1,2022-02-10 16:00:00+00:00,2022-02,2022
7756044075263,3.52,8.79,1,0.4,0.0,D5,D4,Untiered,False,False,False,Direct / Organic,Unknown,False,1,2022-02-09 16:00:00+00:00,2022-02,2022
7756468814079,3.51,8.78,1,0.4000000000000001,0.0,D5,D4,Untiered,False,False,False,Paid Social,Accessories,False,2,2025-05-16 16:00:00+00:00,2025-05,2025
8054260531455,3.51,8.78,1,0.4000000000000001,0.0,D5,D3,Untiered,False,False,False,Direct / Organic,Accessories,False,2,2025-05-16 16:00:00+00:00,2025-05,2025
8058275791103,3.51,8.78,1,0.4000000000000001,0.0,D5,D3,Untiered,False,False,False,Paid Social,Accessories,False,2,2025-05-17 16:00:00+00:00,2025-05,2025
7984326705407,3.51,8.78,1,0.4,0.0,D5,D3,Untiered,False,False,False,Direct / Organic,Unknown,False,2,2025-04-28 16:00:00+00:00,2025-04,2025
7989422915839,3.51,8.78,1,0.4,0.0,D5,D3,Untiered,False,False,False,Paid Social,Unknown,False,2,2025-04-30 16:00:00+00:00,2025-05,2025
8071174652159,3.51,7.9,1,0.4445569620253164,0.0,D5,D3,Untiered,False,False,False,Direct / Organic,Accessories,False,2,2025-05-21 16:00:00+00:00,2025-05,2025
8033668399359,3.5,8.76,1,0.4000000000000001,0.0,D5,D3,Untiered,False,False,False,Paid Social,Accessories,False,2,2025-05-09 16:00:00+00:00,2025-05,2025
8035219767551,3.5,8.76,1,0.4000000000000001,0.0,D5,D3,Untiered,False,False,False,Paid Social,Accessories,False,2,2025-05-10 16:00:00+00:00,2025-05,2025
8036005380351,3.5,8.76,1,0.4000000000000001,0.0,D5,D3,Untiered,False,False,False,Paid Social,Accessories,False,2,2025-05-10 16:00:00+00:00,2025-05,2025
8054987063551,3.5,8.76,1,0.4000000000000001,0.0,D5,D3,Untiered,False,False,False,Paid Social,Accessories,False,2,2025-05-19 16:00:00+00:00,2025-05,2025
8063554158847,3.5,8.76,1,0.4000000000000001,0.0,D5,D3,Untiered,False,False,False,Direct / Organic,Accessories,False,2,2025-05-19 16:00:00+00:00,2025-05,2025
8099512942847,3.5,8.76,1,0.4000000000000001,0.0,D5,D3,Untiered,False,False,False,Paid Social,Accessories,False,2,2025-06-01 16:00:00+00:00,2025-06,2025
7953635377407,3.5,8.75,1,0.4,0.0,D5,D3,Untiered,False,False,False,Paid Social,Accessories,False,2,2025-05-09 16:00:00+00:00,2025-05,2025
8033865564415,3.5,8.75,1,0.4,0.0,D5,D3,Untiered,False,False,False,Paid Social,Accessories,False,2,2025-05-09 16:00:00+00:00,2025-05,2025
8033941029119,3.5,8.75,1,0.4,0.0,D5,D3,Untiered,False,False,False,Paid Social,Accessories,False,2,2025-05-09 16:00:00+00:00,2025-05,2025
8033941389567,3.5,8.75,1,0.4,0.0,D5,D3,Untiered,False,False,False,Direct / Organic,Accessories,False,2,2025-05-09 16:00:00+00:00,2025-05,2025
8035869753599,3.5,8.75,1,0.4,0.0,D5,D3,Untiered,False,False,False,Paid Social,Accessories,False,2,2025-05-10 16:00:00+00:00,2025-05,2025
8041640952063,3.5,8.75,1,0.4,0.0,D5,D3,Untiered,False,False,False,Direct / Organic,Accessories,False,2,2025-05-13 16:00:00+00:00,2025-05,2025
8040205353215,3.5,8.74,1,0.4,0.0,D5,D3,Untiered,False,False,False,Direct / Organic,Accessories,False,2,2025-05-12 16:00:00+00:00,2025-05,2025
8041565847807,3.5,8.74,1,0.4,0.0,D5,D3,Untiered,False,False,False,Paid Social,Accessories,False,2,2025-05-13 16:00:00+00:00,2025-05,2025
8041576464639,3.5,8.74,1,0.4,0.0,D5,D3,Untiered,False,False,False,Direct / Organic,Accessories,False,2,2025-05-13 16:00:00+00:00,2025-05,2025
7978250043647,3.49,8.72,1,0.39999999999999997,0.0,D5,D3,Untiered,False,False,False,Paid Social,Unknown,False,2,2025-04-25 16:00:00+00:00,2025-04,2025
7979875467519,3.49,8.72,1,0.39999999999999997,0.0,D5,D3,Untiered,False,False,False,Paid Social,Unknown,False,2,2025-04-26 16:00:00+00:00,2025-04,2025
7981294485759,3.49,8.72,1,0.39999999999999997,0.0,D5,D3,Untiered,False,False,False,Paid Social,Unknown,False,2,2025-04-27 16:00:00+00:00,2025-04,2025
7843931291903,3.48,8.7,1,0.4,0.0,D5,D3,Untiered,False,False,False,Paid Social,Unknown,False,2,2025-04-24 16:00:00+00:00,2025-04,2025
7975543505151,3.48,8.7,1,0.4,0.0,D5,D3,Untiered,False,False,False,Paid Social,Unknown,False,2,2025-04-23 16:00:00+00:00,2025-04,2025
7953771331839,3.48,8.69,1,0.4,0.0,D5,D3,Untiered,False,False,False,Direct / Organic,Unknown,False,2,2025-04-09 16:00:00+00:00,2025-04,2025
7962148634879,3.46,8.66,1,0.39999999999999997,0.0,D5,D3,Untiered,False,False,False,Paid Social,Unknown,False,2,2025-04-15 16:00:00+00:00,2025-04,2025
7971282485503,3.46,8.66,1,0.39999999999999997,0.0,D5,D3,Untiered,False,False,False,Paid Social,Unknown,False,2,2025-04-21 16:00:00+00:00,2025-04,2025
7946981572863,3.46,8.65,1,0.39999999999999997,0.0,D5,D3,Untiered,False,False,False,Direct / Organic,Unknown,False,2,2025-04-12 16:00:00+00:00,2025-04,2025
7960906924287,3.46,8.65,1,0.39999999999999997,0.0,D5,D3,Untiered,False,False,False,Paid Social,Unknown,False,2,2025-04-14 16:00:00+00:00,2025-04,2025
7973855068415,3.46,8.65,1,0.39999999999999997,0.0,D5,D3,Untiered,False,False,False,Paid Social,Unknown,False,2,2025-04-22 16:00:00+00:00,2025-04,2025
7953742430463,3.46,7.78,1,0.4442159383033419,0.0,D5,D3,Untiered,False,False,False,Paid Social,Unknown,False,2,2025-04-20 16:00:00+00:00,2025-04,2025
7955217023231,3.46,8.64,1,0.39999999999999997,0.0,D5,D3,Untiered,False,False,False,Direct / Organic,Unknown,False,2,2025-04-10 16:00:00+00:00,2025-04,2025
7958669623551,3.46,8.64,1,0.39999999999999997,0.0,D5,D3,Untiered,False,False,False,Paid Social,Unknown,False,2,2025-04-13 16:00:00+00:00,2025-04,2025
7962873069823,3.46,8.64,1,0.39999999999999997,0.0,D5,D3,Untiered,False,False,False,Paid Social,Unknown,False,2,2025-04-15 16:00:00+00:00,2025-04,2025
7939081961727,3.45,8.63,1,0.39999999999999997,0.0,D5,D3,Untiered,False,False,False,Paid Social,Unknown,False,2,2025-04-13 16:00:00+00:00,2025-04,2025
7954731794687,3.45,7.77,1,0.4442728442728443,0.0,D5,D3,Untiered,False,False,False,Direct / Organic,Unknown,False,2,2025-04-13 16:00:00+00:00,2025-04,2025
7959066575103,3.45,8.63,1,0.39999999999999997,0.0,D5,D3,Untiered,False,False,False,Paid Social,Unknown,False,2,2025-04-13 16:00:00+00:00,2025-04,2025
7962473169151,3.45,8.63,1,0.39999999999999997,0.0,D5,D3,Untiered,False,False,False,Paid Social,Unknown,False,2,2025-04-15 16:00:00+00:00,2025-04,2025
7962796523775,3.45,8.63,1,0.39999999999999997,0.0,D5,D3,Untiered,False,False,False,Paid Social,Unknown,False,2,2025-04-15 16:00:00+00:00,2025-04,2025
7964162883839,3.45,7.77,1,0.4442728442728443,0.0,D5,D3,Untiered,False,False,False,Paid Social,Unknown,False,2,2025-04-16 16:00:00+00:00,2025-04,2025
7831677305087,3.45,8.62,1,0.4,0.0,D5,D3,Untiered,False,False,False,Paid Social,Unknown,False,2,2025-04-20 16:00:00+00:00,2025-04,2025
7756452692223,3.44,8.61,1,0.4,0.0,D5,D4,Untiered,False,False,False,Paid Social,Unknown,False,2,2025-04-19 16:00:00+00:00,2025-04,2025
7967132156159,3.44,8.61,1,0.4,0.0,D5,D3,Untiered,False,False,False,Paid Social,Unknown,False,2,2025-04-18 16:00:00+00:00,2025-04,2025
7967145787647,3.44,8.61,1,0.4,0.0,D5,D3,Untiered,False,False,False,Paid Social,Unknown,False,2,2025-04-18 16:00:00+00:00,2025-04,2025
7967631802623,3.44,8.61,1,0.4,0.0,D5,D3,Untiered,False,False,False,Paid Social,Unknown,False,2,2025-04-18 16:00:00+00:00,2025-04,2025
7968520470783,3.44,8.61,1,0.4,0.0,D5,D3,Untiered,False,False,False,Paid Social,Unknown,False,2,2025-04-19 16:00:00+00:00,2025-04,2025
7969001079039,3.44,7.33,1,0.469849931787176,0.0,D5,D3,Untiered,False,False,False,Direct / Organic,Unknown,False,2,2025-04-19 16:00:00+00:00,2025-04,2025
6423240114431,3.42,13.45,1,0.254275092936803,0.0,D5,D5,Untiered,False,False,False,Subscription,Unknown,False,1,2022-06-02 16:00:00+00:00,2022-06,2022
6423240212735,3.42,13.45,1,0.254275092936803,0.0,D5,D5,Untiered,False,False,False,Subscription,Unknown,False,1,2022-06-02 16:00:00+00:00,2022-06,2022
7756043944191,3.35,11.09,1,0.3016393442622951,0.0,D5,D4,Untiered,False,False,False,Direct / Organic,Unknown,False,1,2022-02-10 16:00:00+00:00,2022-02,2022
7756046795007,3.35,11.09,1,0.3016393442622951,0.0,D5,D4,Untiered,False,False,False,Direct / Organic,Unknown,False,1,2022-01-10 16:00:00+00:00,2022-01,2022
8226068988159,3.3,8.24,1,0.4,0.0,D5,D3,Untiered,False,False,False,Email,Other,False,1,2025-09-05 16:00:00+00:00,2025-09,2025
8289088340223,3.3,8.24,1,0.4,0.0,D5,D3,Untiered,False,False,False,Direct / Organic,Other,False,1,2025-08-25 16:00:00+00:00,2025-08,2025
8294948045055,3.3,8.24,1,0.4,0.0,D5,D3,Untiered,False,False,False,Direct / Organic,Other,False,1,2025-08-28 16:00:00+00:00,2025-08,2025
8296332198143,3.29,8.23,1,0.4,0.0,D5,D3,Untiered,False,False,False,Direct / Organic,Other,False,1,2025-08-29 16:00:00+00:00,2025-08,2025
8244467269887,3.28,8.21,1,0.4,0.0,D5,D3,Untiered,False,False,False,Direct / Organic,Other,False,1,2025-08-17 16:00:00+00:00,2025-08,2025
8263964360959,3.28,8.21,1,0.4,0.0,D5,D3,Untiered,False,False,False,Direct / Organic,Other,False,1,2025-08-17 16:00:00+00:00,2025-08,2025
8263988674815,3.28,8.21,1,0.4,0.0,D5,D3,Untiered,False,False,False,Direct / Organic,Other,False,1,2025-08-17 16:00:00+00:00,2025-08,2025
8226071707903,3.28,8.2,1,0.4,0.0,D5,D3,Untiered,False,False,False,Email,Other,False,1,2025-08-14 16:00:00+00:00,2025-08,2025
8244467532031,3.28,8.2,1,0.4,0.0,D5,D3,Untiered,False,False,False,Email,Other,False,1,2025-08-14 16:00:00+00:00,2025-08,2025
8247810031871,3.28,8.2,1,0.4,0.0,D5,D3,Untiered,False,False,False,Email,Other,False,1,2025-08-16 16:00:00+00:00,2025-08,2025
8258907996415,3.28,8.2,1,0.4,0.0,D5,D3,Untiered,False,False,False,Direct / Organic,Other,False,1,2025-08-14 16:00:00+00:00,2025-08,2025
8260049305855,3.28,8.2,1,0.4,0.0,D5,D3,Untiered,False,False,False,Email,Other,False,1,2025-08-15 16:00:00+00:00,2025-08,2025
8261334434047,3.28,8.2,1,0.4,0.0,D5,D3,Untiered,False,False,False,Email,Other,False,1,2025-08-16 16:00:00+00:00,2025-08,2025
8263798915327,3.28,8.2,1,0.4,0.0,D5,D3,Untiered,False,False,False,Direct / Organic,Other,False,1,2025-08-17 16:00:00+00:00,2025-08,2025
8284237594879,3.28,8.2,1,0.4,0.0,D5,D3,Untiered,False,False,False,Direct / Organic,Other,False,1,2025-08-22 16:00:00+00:00,2025-08,2025
8253839147263,3.27,8.17,1,0.4,0.0,D5,D3,Untiered,False,False,False,Email,Other,False,1,2025-08-12 16:00:00+00:00,2025-08,2025
8367200993535,3.12,3.95,1,0.789873417721519,1.0,D5,D2,Tier 4 (D2 Profit or Frequency),False,False,False,Direct / Organic,Lean Protein,False,1,2025-10-05 16:00:00+00:00,2025-10,2025
7756419006719,3.08,7.7,1,0.4,0.0,D5,D4,Untiered,False,False,False,Subscription,Accessories,True,1,2024-04-18 16:00:00+00:00,2024-04,2024
8242732761343,2.4,6.0,1,0.4000000000000001,0.0,D5,D3,Untiered,False,False,False,Direct / Organic,Other,False,1,2025-08-06 16:00:00+00:00,2025-08,2025
7518816469247,2.36,5.9,1,0.4,0.0,D5,D5,Untiered,False,False,False,Direct / Organic,Clear Protein,False,1,2025-05-17 16:00:00+00:00,2025-05,2025
8028178481407,2.36,5.9,1,0.4,0.0,D5,D3,Untiered,False,False,False,Paid Social,Clear Protein,False,1,2025-05-19 16:00:00+00:00,2025-05,2025
8079788310783,2.36,5.9,1,0.4,0.0,D5,D3,Untiered,False,False,False,Direct / Organic,Clear Protein,False,1,2025-05-25 16:00:00+00:00,2025-05,2025
7756042043647,2.3,5.76,1,0.4,0.0,D5,D4,Untiered,False,False,False,Direct / Organic,Unknown,False,1,2022-02-26 16:00:00+00:00,2022-02,2022
7756042338559,2.3,5.76,1,0.4,0.0,D5,D4,Untiered,False,False,False,Direct / Organic,Unknown,False,1,2022-02-22 16:00:00+00:00,2022-02,2022
7756042436863,2.3,5.76,1,0.4,0.0,D5,D4,Untiered,False,False,False,Direct / Organic,Unknown,False,1,2022-02-20 16:00:00+00:00,2022-02,2022
7756042535167,2.3,5.76,1,0.4,0.0,D5,D4,Untiered,False,False,False,Direct / Organic,Unknown,False,1,2022-02-19 16:00:00+00:00,2022-02,2022
7756042567935,2.3,5.76,1,0.4,0.0,D5,D4,Untiered,False,False,False,Direct / Organic,Unknown,False,1,2022-02-20 16:00:00+00:00,2022-02,2022
7756042666239,2.3,5.76,1,0.4,0.0,D5,D4,Untiered,False,False,False,Direct / Organic,Unknown,False,1,2022-02-19 16:00:00+00:00,2022-02,2022
7756042699007,2.3,5.76,1,0.4,0.0,D5,D4,Untiered,False,False,False,Direct / Organic,Unknown,False,1,2022-02-19 16:00:00+00:00,2022-02,2022
7756042830079,2.3,5.76,1,0.4,0.0,D5,D4,Untiered,False,False,False,Direct / Organic,Unknown,False,1,2022-02-18 16:00:00+00:00,2022-02,2022
7756042862847,2.3,5.76,1,0.4,0.0,D5,D4,Untiered,False,False,False,Direct / Organic,Unknown,False,1,2022-02-18 16:00:00+00:00,2022-02,2022
7756042961151,2.3,5.76,1,0.4,0.0,D5,D4,Untiered,False,False,False,Direct / Organic,Unknown,False,1,2022-02-18 16:00:00+00:00,2022-02,2022
7756043026687,2.3,5.76,1,0.4,0.0,D5,D4,Untiered,False,False,False,Direct / Organic,Unknown,False,1,2022-02-18 16:00:00+00:00,2022-02,2022
7756043157759,2.3,5.76,1,0.4,0.0,D5,D4,Untiered,False,False,False,Direct / Organic,Unknown,False,1,2022-02-17 16:00:00+00:00,2022-02,2022
7756043354367,2.3,5.76,1,0.4,0.0,D5,D4,Untiered,False,False,False,Direct / Organic,Unknown,False,1,2022-02-13 16:00:00+00:00,2022-02,2022
7756043419903,2.3,5.76,1,0.4,0.0,D5,D4,Untiered,False,False,False,Direct / Organic,Unknown,False,1,2022-02-12 16:00:00+00:00,2022-02,2022
7756043452671,2.3,5.76,1,0.4,0.0,D5,D4,Untiered,False,False,False,Direct / Organic,Unknown,False,1,2022-02-12 16:00:00+00:00,2022-02,2022
7756043485439,2.3,5.76,1,0.4,0.0,D5,D4,Untiered,False,False,False,Direct / Organic,Unknown,False,1,2022-02-12 16:00:00+00:00,2022-02,2022
7756043550975,2.3,5.76,1,0.4,0.0,D5,D4,Untiered,False,False,False,Direct / Organic,Unknown,False,1,2022-02-11 16:00:00+00:00,2022-02,2022
7756045844735,2.3,5.76,1,0.4,0.0,D5,D4,Untiered,False,False,False,Direct / Organic,Unknown,False,1,2022-01-16 16:00:00+00:00,2022-01,2022
7756045910271,2.3,5.76,1,0.4,0.0,D5,D4,Untiered,False,False,False,Direct / Organic,Unknown,False,1,2022-01-15 16:00:00+00:00,2022-01,2022
7756046074111,2.3,5.76,1,0.4,0.0,D5,D4,Untiered,False,False,False,Direct / Organic,Unknown,False,1,2022-01-14 16:00:00+00:00,2022-01,2022
7756046401791,2.3,5.76,1,0.4,0.0,D5,D4,Untiered,False,False,False,Direct / Organic,Unknown,False,1,2022-01-13 16:00:00+00:00,2022-01,2022
7756046598399,2.3,5.76,1,0.4,0.0,D5,D4,Untiered,False,False,False,Direct / Organic,Unknown,False,1,2022-01-12 16:00:00+00:00,2022-01,2022
7756046893311,2.3,5.76,1,0.4,0.0,D5,D4,Untiered,False,False,False,Direct / Organic,Unknown,False,1,2022-01-10 16:00:00+00:00,2022-01,2022
7756047122687,2.3,5.76,1,0.4,0.0,D5,D4,Untiered,False,False,False,Direct / Organic,Unknown,False,1,2022-01-09 16:00:00+00:00,2022-01,2022
7756047155455,2.3,5.76,1,0.4,0.0,D5,D4,Untiered,False,False,False,Direct / Organic,Unknown,False,1,2022-01-09 16:00:00+00:00,2022-01,2022
7756047286527,2.3,5.76,1,0.4,0.0,D5,D4,Untiered,False,False,False,Direct / Organic,Unknown,False,1,2022-01-09 16:00:00+00:00,2022-01,2022
7756047548671,2.3,5.76,1,0.4,0.0,D5,D4,Untiered,False,False,False,Direct / Organic,Unknown,False,1,2022-01-08 16:00:00+00:00,2022-01,2022
7756047581439,2.3,5.76,1,0.4,0.0,D5,D4,Untiered,False,False,False,Direct / Organic,Unknown,False,1,2022-01-08 16:00:00+00:00,2022-01,2022
7756047614207,2.3,5.76,1,0.4,0.0,D5,D4,Untiered,False,False,False,Direct / Organic,Unknown,False,1,2022-01-08 16:00:00+00:00,2022-01,2022
7756047646975,2.3,5.76,1,0.4,0.0,D5,D4,Untiered,False,False,False,Direct / Organic,Unknown,False,1,2022-01-08 16:00:00+00:00,2022-01,2022
7756047679743,2.3,5.76,1,0.4,0.0,D5,D4,Untiered,False,False,False,Direct / Organic,Unknown,False,1,2022-01-08 16:00:00+00:00,2022-01,2022
7756047745279,2.3,5.76,1,0.4,0.0,D5,D4,Untiered,False,False,False,Direct / Organic,Unknown,False,1,2022-01-08 16:00:00+00:00,2022-01,2022
7756047778047,2.3,5.76,1,0.4,0.0,D5,D4,Untiered,False,False,False,Direct / Organic,Unknown,False,1,2022-01-07 16:00:00+00:00,2022-01,2022
7756047909119,2.3,5.76,1,0.4,0.0,D5,D4,Untiered,False,False,False,Direct / Organic,Unknown,False,1,2022-01-07 16:00:00+00:00,2022-01,2022
7756048072959,2.3,5.76,1,0.4,0.0,D5,D4,Untiered,False,False,False,Direct / Organic,Unknown,False,1,2022-01-06 16:00:00+00:00,2022-01,2022
7756048171263,2.3,5.76,1,0.4,0.0,D5,D4,Untiered,False,False,False,Direct / Organic,Unknown,False,1,2022-01-06 16:00:00+00:00,2022-01,2022
7756048466175,2.3,5.76,1,0.4,0.0,D5,D4,Untiered,False,False,False,Direct / Organic,Unknown,False,1,2022-01-06 16:00:00+00:00,2022-01,2022
7756398231807,2.29,5.72,1,0.4000000000000001,0.0,D5,D4,Untiered,False,False,False,Direct / Organic,Unknown,False,2,2025-04-07 16:00:00+00:00,2025-04,2025
6532493574399,2.28,5.71,1,0.4,0.0,D5,D5,Untiered,False,False,False,Paid Social,Unknown,False,2,2025-04-07 16:00:00+00:00,2025-04,2025
7947457921279,2.28,5.71,1,0.4,0.0,D5,D3,Untiered,False,False,False,Paid Social,Unknown,False,2,2025-04-07 16:00:00+00:00,2025-04,2025
7948912394495,2.28,5.71,1,0.4,0.0,D5,D3,Untiered,False,False,False,Paid Social,Unknown,False,2,2025-04-08 16:00:00+00:00,2025-04,2025
7949118767359,2.28,5.69,1,0.4,0.0,D5,D3,Untiered,False,False,False,Paid Social,Unknown,False,2,2025-04-08 16:00:00+00:00,2025-04,2025
7949352468735,2.28,5.69,1,0.4,0.0,D5,D3,Untiered,False,False,False,Direct / Organic,Unknown,False,2,2025-04-08 16:00:00+00:00,2025-04,2025
7953428513023,2.28,5.69,1,0.4,0.0,D5,D3,Untiered,False,False,False,Paid Social,Unknown,False,2,2025-04-09 16:00:00+00:00,2025-04,2025
7953496867071,2.28,5.69,1,0.4,0.0,D5,D3,Untiered,False,False,False,Paid Social,Unknown,False,2,2025-04-09 16:00:00+00:00,2025-04,2025
7953525604607,2.28,5.69,1,0.4,0.0,D5,D3,Untiered,False,False,False,Direct / Organic,Unknown,False,2,2025-04-09 16:00:00+00:00,2025-04,2025
7756411764991,2.27,5.68,1,0.4000000000000001,0.0,D5,D4,Untiered,False,False,False,Paid Social,Unknown,False,2,2025-04-08 16:00:00+00:00,2025-04,2025
7949294174463,2.27,5.68,1,0.4000000000000001,0.0,D5,D3,Untiered,False,False,False,Email,Unknown,False,2,2025-04-08 16:00:00+00:00,2025-04,2025
7952972939519,2.26,5.65,1,0.4,0.0,D5,D3,Untiered,False,False,False,Paid Social,Unknown,False,2,2025-04-09 16:00:00+00:00,2025-04,2025
7960494932223,1.96,4.9,1,0.4,0.0,D5,D3,Untiered,False,False,False,Paid Social,Lean Protein,False,1,2025-04-14 16:00:00+00:00,2025-04,2025
7966805885183,1.96,4.9,1,0.4,0.0,D5,D3,Untiered,False,False,False,Direct / Organic,Lean Protein,False,1,2025-04-18 16:00:00+00:00,2025-04,2025
7975535345919,1.96,4.9,1,0.4,0.0,D5,D3,Untiered,False,False,False,Direct / Organic,Lean Protein,False,1,2025-04-23 16:00:00+00:00,2025-04,2025
8013711114495,1.96,4.41,1,0.4444444444444445,0.0,D5,D3,Untiered,False,False,False,Direct / Organic,Lean Protein,False,1,2025-05-03 16:00:00+00:00,2025-05,2025
8014995226879,1.96,9.8,1,0.2,0.0,D5,D3,Untiered,False,False,False,Direct / Organic,Lean Protein,False,1,2025-05-04 16:00:00+00:00,2025-05,2025
8015538847999,1.96,4.9,1,0.4,0.0,D5,D3,Untiered,False,False,False,Direct / Organic,Lean Protein,False,1,2025-05-04 16:00:00+00:00,2025-05,2025
8065487667455,1.96,4.9,1,0.4,0.0,D5,D3,Untiered,False,False,False,Direct / Organic,Lean Protein,False,1,2025-05-20 16:00:00+00:00,2025-05,2025
8070474268927,1.96,4.9,1,0.4,0.0,D5,D3,Untiered,False,False,False,Direct / Organic,Lean Protein,False,1,2025-05-21 16:00:00+00:00,2025-05,2025
8108609241343,1.96,4.9,1,0.4,0.0,D5,D3,Untiered,False,False,False,Direct / Organic,Lean Protein,False,1,2025-06-04 16:00:00+00:00,2025-06,2025
8108840026367,1.96,4.9,1,0.4,0.0,D5,D3,Untiered,False,False,False,Direct / Organic,Lean Protein,False,1,2025-06-04 16:00:00+00:00,2025-06,2025
7756039618815,1.93,4.83,1,0.4,0.0,D5,D4,Untiered,False,False,False,Direct / Organic,Unknown,False,1,2022-03-13 16:00:00+00:00,2022-03,2022
7756048138495,1.74,7.08,1,0.24582441113490364,0.0,D5,D4,Untiered,False,False,False,Direct / Organic,Unknown,False,1,2022-01-06 16:00:00+00:00,2022-01,2022
7756035457279,1.53,6.56,1,0.233641404805915,0.0,D5,D4,Untiered,False,False,False,Direct / Organic,Unknown,False,1,2022-05-03 16:00:00+00:00,2022-05,2022
6327706059007,1.48,13.5,2,0.10962962962962965,0.0,D5,D2,Tier 4 (D2 Profit or Frequency),False,False,False,Subscription,Unknown,False,1,2022-01-13 16:00:00+00:00,2022-01,2022
6423595516159,0.18,5.35,1,0.03364485981308411,0.0,D5,D5,Untiered,False,False,False,Subscription,Unknown,False,1,2022-04-02 16:00:00+00:00,2022-04,2022
6423595286783,0.0,4.91,1,0.000814663951120163,0.0,D5,D5,Untiered,False,False,False,Subscription,Unknown,False,1,2022-04-03 16:00:00+00:00,2022-04,2022
6327551426815,0.0,4.9,1,0.0,0.0,D5,D5,Untiered,False,False,False,Subscription,Unknown,False,1,2022-04-02 16:00:00+00:00,2022-04,2022
6327662870783,0.0,4.9,1,0.0,0.0,D5,D5,Untiered,False,False,False,Subscription,Unknown,False,1,2022-03-31 16:00:00+00:00,2022-04,2022
6328294047999,0.0,4.9,1,0.0,0.0,D5,D5,Untiered,False,False,False,Subscription,Unknown,False,1,2022-04-03 16:00:00+00:00,2022-04,2022
6423590797567,0.0,4.9,1,0.0,0.0,D5,D5,Untiered,False,False,False,Subscription,Unknown,False,1,2022-04-30 16:00:00+00:00,2022-05,2022
6423595417855,0.0,4.9,1,0.0,0.0,D5,D5,Untiered,False,False,False,Subscription,Unknown,False,1,2022-04-03 16:00:00+00:00,2022-04,2022
6423595450623,0.0,4.9,1,0.0,0.0,D5,D5,Untiered,False,False,False,Subscription,Unknown,False,1,2022-04-03 16:00:00+00:00,2022-04,2022
6424267129087,0.0,19.6,4,0.0,0.0,D5,D1,Tier 3 (D1 Frequency Only),False,True,False,Subscription,Unknown,False,1,2022-05-06 16:00:00+00:00,2022-05,2022
7756037587199,0.0,2.73,1,0.0,0.0,D5,D4,Untiered,False,False,False,Direct / Organic,Unknown,False,1,2022-04-14 16:00:00+00:00,2022-04,2022
8683962335487,26.94,34.12,1,0.7895662368112545,1.0,D4,D2,Tier 4 (D2 Profit or Frequency),False,False,False,Direct / Organic,Soy Protein,False,1,2026-01-10 16:00:00+00:00,2026-01,2026
6532515463423,26.87,56.98,1,0.47165195192000847,0.0,D4,D5,Untiered,False,False,False,Direct / Organic,Accessories,False,3,2023-01-08 16:00:00+00:00,2023-01,2023
7756283052287,26.87,56.98,1,0.47165195192000847,0.0,D4,D4,Untiered,False,False,False,Direct / Organic,Accessories,False,2,2023-02-21 16:00:00+00:00,2023-02,2023
7756359926015,26.87,57.44,1,0.467844895805856,0.0,D4,D4,Untiered,False,False,False,Direct / Organic,Accessories,False,3,2023-04-30 16:00:00+00:00,2023-05,2023
8168881619199,26.82,61.5,2,0.43616260162601633,0.0,D4,D1,Tier 3 (D1 Frequency Only),False,True,False,Paid Social,Accessories,True,3,2025-06-29 16:00:00+00:00,2025-06,2025
8263332397311,26.8,67.0,1,0.4,0.0,D4,D3,Untiered,False,False,False,Paid Social,Collagen Glow,False,3,2025-08-17 16:00:00+00:00,2025-08,2025
7756386074879,26.77,66.92,1,0.4,0.0,D4,D4,Untiered,False,False,False,Subscription,Other,True,2,2023-10-22 16:00:00+00:00,2023-10,2023
7755996365055,26.73,66.82,3,0.4000000000000001,0.0,D4,D1,Tier 3 (D1 Frequency Only),False,True,False,Direct / Organic,Unknown,False,1,2022-02-06 16:00:00+00:00,2022-02,2022
8087155572991,26.72,59.53,1,0.4488493196707542,0.0,D4,D3,Untiered,False,False,False,Direct / Organic,Clear Protein,False,1,2025-05-27 16:00:00+00:00,2025-05,2025
6423613210879,26.7,71.65,1,0.37264480111653875,0.0,D4,D5,Untiered,False,False,False,Subscription,Unknown,False,1,2022-01-02 16:00:00+00:00,2022-01,2022
8288895009023,26.7,66.74,1,0.4,0.0,D4,D3,Untiered,False,False,False,Direct / Organic,Clear Protein,False,1,2025-08-25 16:00:00+00:00,2025-08,2025
8079305408767,26.68,66.69,1,0.4,0.0,D4,D3,Untiered,False,False,False,Direct / Organic,Clear Protein,False,1,2025-05-25 16:00:00+00:00,2025-05,2025
8291132899583,26.65,66.62,1,0.4,0.0,D4,D3,Untiered,False,False,False,Direct / Organic,Clear Protein,False,1,2025-08-26 16:00:00+00:00,2025-08,2025
8309109752063,26.65,66.62,1,0.4,0.0,D4,D3,Untiered,False,False,False,Direct / Organic,Clear Protein,False,1,2025-09-05 16:00:00+00:00,2025-09,2025
7756348588287,26.64,63.28,1,0.4210526315789474,0.0,D4,D4,Untiered,False,False,False,Direct / Organic,Other,False,2,2023-02-16 16:00:00+00:00,2023-02,2023
7756350816511,26.64,69.34,1,0.384248940168699,0.0,D4,D4,Untiered,False,False,False,Direct / Organic,Other,False,2,2023-03-04 16:00:00+00:00,2023-03,2023
7756460949759,26.64,54.18,1,0.49172259507829985,0.0,D4,D4,Untiered,False,False,False,Direct / Organic,Other,False,1,2024-08-28 16:00:00+00:00,2024-08,2024
7756468224255,26.64,49.35,1,0.5398501780670515,0.0,D4,D4,Untiered,False,False,False,Direct / Organic,Other,False,1,2024-09-26 16:00:00+00:00,2024-09,2024
7756474581247,26.64,59.34,1,0.44896083337588727,0.0,D4,D4,Untiered,False,False,False,Direct / Organic,Other,False,1,2024-10-16 16:00:00+00:00,2024-10,2024
7756379980031,26.64,63.28,1,0.42105263157894735,0.0,D4,D4,Untiered,False,False,False,Direct / Organic,Accessories,False,2,2023-09-06 16:00:00+00:00,2023-09,2023
7756461113599,26.63,54.15,1,0.4917739227756017,0.0,D4,D4,Untiered,False,False,False,Direct / Organic,Other,False,2,2024-08-28 16:00:00+00:00,2024-08,2024
7756357730559,26.63,63.25,1,0.4210425450364124,0.0,D4,D4,Untiered,False,False,False,Direct / Organic,Unknown,False,3,2023-03-30 16:00:00+00:00,2023-03,2023
8274112545023,26.61,66.53,1,0.4,0.0,D4,D3,Untiered,False,False,False,Paid Social,Clear Protein,False,1,2025-08-18 16:00:00+00:00,2025-08,2025
8902711247103,26.6,39.23,1,0.6780525108335459,1.0,D4,D2,Tier 4 (D2 Profit or Frequency),False,False,False,Direct / Organic,Collagen Glow,False,1,2026-03-29 16:00:00+00:00,2026-03,2026
8246421651711,26.56,66.39,1,0.4,0.0,D4,D3,Untiered,False,False,False,Direct / Organic,Clear Protein,False,1,2025-08-08 16:00:00+00:00,2025-08,2025
7756175606015,26.55,66.38,1,0.4,0.0,D4,D4,Untiered,False,False,False,Paid Social,Clear Protein,False,1,2025-08-08 16:00:00+00:00,2025-08,2025
7756347736319,26.55,49.18,1,0.5397412199630314,0.0,D4,D4,Untiered,False,False,False,Direct / Organic,Other,False,1,2024-09-26 16:00:00+00:00,2024-09,2024
7756459180287,26.55,66.36,1,0.4,0.0,D4,D4,Untiered,False,False,False,Direct / Organic,Other,False,1,2024-08-22 16:00:00+00:00,2024-08,2024
7756463079679,26.55,66.36,1,0.4,0.0,D4,D4,Untiered,False,False,False,Direct / Organic,Other,False,1,2024-09-05 16:00:00+00:00,2024-09,2024
7756467470591,26.55,66.36,1,0.4,0.0,D4,D4,Untiered,False,False,False,Direct / Organic,Other,False,1,2024-09-30 16:00:00+00:00,2024-10,2024
7756468683007,26.55,49.18,1,0.5397412199630314,0.0,D4,D4,Untiered,False,False,False,Direct / Organic,Other,False,1,2024-09-29 16:00:00+00:00,2024-09,2024
7756473958655,26.55,59.73,1,0.4444444444444445,0.0,D4,D4,Untiered,False,False,False,Direct / Organic,Clear Protein,False,1,2024-10-13 16:00:00+00:00,2024-10,2024
7756474188031,26.55,66.36,1,0.4,0.0,D4,D4,Untiered,False,False,False,Direct / Organic,Clear Protein,False,1,2024-10-13 16:00:00+00:00,2024-10,2024
7756475531519,26.55,59.73,1,0.4444444444444445,0.0,D4,D4,Untiered,False,False,False,Direct / Organic,Clear Protein,False,1,2024-10-21 16:00:00+00:00,2024-10,2024
7756476940543,26.55,66.36,1,0.4,0.0,D4,D4,Untiered,False,False,False,Direct / Organic,Clear Protein,False,1,2024-10-27 16:00:00+00:00,2024-10,2024
7829327315199,26.55,59.14,1,0.44888547271329743,0.0,D4,D3,Untiered,False,False,False,Direct / Organic,Clear Protein,False,1,2025-01-12 16:00:00+00:00,2025-01,2025
7829327446271,26.55,66.36,1,0.4,0.0,D4,D3,Untiered,False,False,False,Direct / Organic,Clear Protein,False,1,2025-01-13 16:00:00+00:00,2025-01,2025
7756415893759,26.53,63.02,1,0.42104250817464894,0.0,D4,D4,Untiered,False,False,False,Direct / Organic,Accessories,False,2,2024-04-02 16:00:00+00:00,2024-04,2024
7756418351359,26.53,60.93,2,0.43544857768052514,0.0,D4,D1,Tier 3 (D1 Frequency Only),False,True,False,Direct / Organic,Clear Protein,False,2,2024-04-15 16:00:00+00:00,2024-04,2024
7756420481279,26.53,59.11,1,0.44886451017583434,0.0,D4,D4,Untiered,False,False,False,Direct / Organic,Accessories,False,2,2024-04-23 16:00:00+00:00,2024-04,2024
7756422086911,26.53,55.79,1,0.4755594177710189,0.0,D4,D4,Untiered,False,False,False,Direct / Organic,Accessories,False,2,2024-04-27 16:00:00+00:00,2024-04,2024
7756424806655,26.53,63.02,1,0.42104250817464894,0.0,D4,D4,Untiered,False,False,False,Direct / Organic,Clear Protein,False,2,2024-05-08 16:00:00+00:00,2024-05,2024
7756433621247,26.53,63.02,1,0.42104250817464894,0.0,D4,D4,Untiered,False,False,False,Direct / Organic,Accessories,False,2,2024-06-01 16:00:00+00:00,2024-06,2024
7756434178303,26.53,63.02,1,0.42104250817464894,0.0,D4,D4,Untiered,False,False,False,Direct / Organic,Accessories,False,2,2024-06-02 16:00:00+00:00,2024-06,2024
7756460032255,26.53,59.11,1,0.44886451017583434,0.0,D4,D4,Untiered,False,False,False,Direct / Organic,Other,False,2,2024-08-23 16:00:00+00:00,2024-08,2024
7756460523775,26.53,53.91,1,0.4921866216975829,0.0,D4,D4,Untiered,False,False,False,Direct / Organic,Accessories,False,2,2024-08-27 16:00:00+00:00,2024-08,2024
7756460589311,26.53,53.91,1,0.4921866216975829,0.0,D4,D4,Untiered,False,False,False,Direct / Organic,Accessories,False,2,2024-08-27 16:00:00+00:00,2024-08,2024
7933079257343,26.5,66.25,1,0.4,0.0,D4,D3,Untiered,False,False,False,Paid Social,Clear Protein,False,1,2025-03-29 16:00:00+00:00,2025-03,2025
8134168314111,26.44,66.11,1,0.4,0.0,D4,D3,Untiered,False,False,False,Direct / Organic,Clear Protein,True,1,2025-06-14 16:00:00+00:00,2025-06,2025
7756399116543,26.42,68.82,1,0.3839718185821225,0.0,D4,D4,Untiered,False,False,False,Direct / Organic,Lean Protein,False,1,2024-04-25 16:00:00+00:00,2024-04,2024
7756414025983,26.42,62.76,1,0.4210526315789474,0.0,D4,D4,Untiered,False,False,False,Direct / Organic,Lean Protein,False,1,2024-04-24 16:00:00+00:00,2024-04,2024
6592534642943,26.36,62.59,1,0.4210896309314587,0.0,D4,D5,Untiered,False,False,False,Subscription,Unknown,False,1,2023-03-04 16:00:00+00:00,2023-03,2023
7819758993663,26.35,59.28,1,0.44446693657219977,0.0,D4,D4,Untiered,False,False,False,Email,Clear Protein,False,1,2025-03-03 16:00:00+00:00,2025-03,2025
7977048670463,26.32,70.8,1,0.37175141242937854,0.0,D4,D3,Untiered,False,False,False,Direct / Organic,Lean Protein,False,1,2025-08-05 16:00:00+00:00,2025-08,2025
8239210463487,26.32,70.8,1,0.37175141242937854,0.0,D4,D3,Untiered,False,False,False,Direct / Organic,Soy Protein,False,2,2025-08-04 16:00:00+00:00,2025-08,2025
6327639015679,26.32,70.69,1,0.3722733059838733,0.0,D4,D5,Untiered,False,False,False,Subscription,Unknown,False,1,2022-08-29 16:00:00+00:00,2022-08,2022
7902015652095,26.29,65.72,1,0.4,0.0,D4,D3,Untiered,False,False,False,Direct / Organic,Clear Protein,False,1,2025-03-14 16:00:00+00:00,2025-03,2025
8002072051967,26.23,65.57,2,0.4,0.0,D4,D1,Tier 3 (D1 Frequency Only),False,True,False,Subscription,Other,True,1,2025-05-01 16:00:00+00:00,2025-05,2025
7964082503935,26.18,58.9,1,0.4445500848896434,0.0,D4,D3,Untiered,False,False,False,Subscription,Lean Protein,True,2,2025-08-19 16:00:00+00:00,2025-08,2025
7756007964927,26.15,65.36,1,0.4000000000000001,0.0,D4,D4,Untiered,False,False,False,Direct / Organic,Unknown,False,3,2022-10-24 16:00:00+00:00,2022-10,2022
7756488442111,26.14,65.35,4,0.4,0.0,D4,D1,Tier 3 (D1 Frequency Only),False,True,False,Subscription,Other,True,1,2025-01-02 16:00:00+00:00,2025-01,2025
7966747197695,26.02,58.55,1,0.4444748078565329,0.0,D4,D3,Untiered,False,False,False,Direct / Organic,Clear Protein,False,1,2025-04-18 16:00:00+00:00,2025-04,2025
6327625089279,26.0,69.9,1,0.3719599427753934,0.0,D4,D5,Untiered,False,False,False,Subscription,Unknown,False,1,2022-02-06 16:00:00+00:00,2022-02,2022
7756042273023,26.0,65.0,1,0.4,0.0,D4,D4,Untiered,False,False,False,Direct / Organic,Unknown,False,1,2022-02-23 16:00:00+00:00,2022-02,2022
8427271291135,26.0,33.1,1,0.7854984894259819,1.0,D4,D2,Tier 4 (D2 Profit or Frequency),False,False,False,Direct / Organic,Soy Protein,False,1,2025-10-20 16:00:00+00:00,2025-10,2025
7915910988031,25.92,64.8,1,0.4,0.0,D4,D3,Untiered,False,False,False,Direct / Organic,Lean Protein,False,2,2025-03-20 16:00:00+00:00,2025-03,2025
7941936939263,25.92,64.8,1,0.4,0.0,D4,D3,Untiered,False,False,False,Direct / Organic,Lean Protein,False,2,2025-04-03 16:00:00+00:00,2025-04,2025
7967464521983,25.92,69.8,1,0.3713467048710602,0.0,D4,D3,Untiered,False,False,False,Direct / Organic,Lean Protein,False,1,2025-04-18 16:00:00+00:00,2025-04,2025
7530355884287,25.85,64.63,2,0.4000000000000001,0.0,D4,D2,Tier 4 (D2 Profit or Frequency),False,False,False,Subscription,Soy Protein,True,2,2024-10-04 16:00:00+00:00,2024-10,2024
7756158107903,25.74,64.35,1,0.4,0.0,D4,D4,Untiered,False,False,False,Subscription,Other,True,3,2024-04-25 16:00:00+00:00,2024-04,2024
8339765526783,25.72,27.67,1,0.929526563064691,1.0,D4,D3,Untiered,False,False,False,Direct / Organic,Lean Protein,False,2,2025-09-20 16:00:00+00:00,2025-09,2025
8596374290687,25.63,40.33,1,0.6355070666997273,1.0,D4,D2,Tier 4 (D2 Profit or Frequency),False,False,False,Direct / Organic,Collagen Glow,False,1,2025-12-06 16:00:00+00:00,2025-12,2025
6329840173311,25.63,68.97,1,0.3715818471799333,0.0,D4,D5,Untiered,False,False,False,Subscription,Unknown,False,1,2022-04-25 16:00:00+00:00,2022-04,2022
6328270061823,25.57,68.83,1,0.3715240447479297,0.0,D4,D5,Untiered,False,False,False,Subscription,Unknown,False,1,2022-06-09 16:00:00+00:00,2022-06,2022
7756042895615,25.55,63.7,2,0.40112268683697255,0.0,D4,D1,Tier 3 (D1 Frequency Only),False,True,False,Direct / Organic,Unknown,False,2,2022-02-18 16:00:00+00:00,2022-02,2022
6328226644223,25.53,68.72,1,0.3714784633294529,0.0,D4,D5,Untiered,False,False,False,Subscription,Collagen Glow,True,2,2023-10-14 16:00:00+00:00,2023-10,2023
8089151799551,25.52,63.81,2,0.4,0.0,D4,D1,Tier 3 (D1 Frequency Only),False,True,False,Direct / Organic,Accessories,True,2,2025-05-28 16:00:00+00:00,2025-05,2025
8105977348351,25.52,63.81,2,0.4,0.0,D4,D1,Tier 3 (D1 Frequency Only),False,True,False,Paid Social,Accessories,True,2,2025-06-03 16:00:00+00:00,2025-06,2025
6329873924351,25.51,73.58,2,0.3467246534384344,0.0,D4,D2,Tier 4 (D2 Profit or Frequency),False,False,False,Subscription,Unknown,False,1,2022-05-15 16:00:00+00:00,2022-05,2022
7756265029887,25.43,57.4,1,0.4430600285095824,0.0,D4,D4,Untiered,False,False,False,Direct / Organic,Other,False,2,2023-01-11 16:00:00+00:00,2023-01,2023
7756440994047,25.43,60.4,1,0.4210526315789474,0.0,D4,D4,Untiered,False,False,False,Direct / Organic,Other,False,1,2024-06-30 16:00:00+00:00,2024-07,2024
7756263489791,25.42,57.06,1,0.44548303149397217,0.0,D4,D4,Untiered,False,False,False,Direct / Organic,Accessories,False,2,2023-04-28 16:00:00+00:00,2023-04,2023
7756354224383,25.42,58.37,1,0.43544619218190317,0.0,D4,D4,Untiered,False,False,False,Direct / Organic,Accessories,False,2,2023-03-17 16:00:00+00:00,2023-03,2023
8299593564415,25.34,63.52,2,0.3989924433249371,0.0,D4,D1,Tier 3 (D1 Frequency Only),False,True,False,Direct / Organic,Accessories,False,2,2025-08-31 16:00:00+00:00,2025-09,2025
7756318507263,25.32,60.14,1,0.42104202358157816,0.0,D4,D4,Untiered,False,False,False,Direct / Organic,Collagen Glow,False,2,2024-04-25 16:00:00+00:00,2024-04,2024
7963876983039,25.3,64.43,1,0.39273630296445755,0.0,D4,D3,Untiered,False,False,False,Direct / Organic,Lean Protein,False,1,2025-04-16 16:00:00+00:00,2025-04,2025
8259199205631,25.28,60.05,1,0.42104912572855957,0.0,D4,D3,Untiered,False,False,False,Direct / Organic,Lean Protein,False,1,2025-08-14 16:00:00+00:00,2025-08,2025
8297493004543,25.28,59.63,1,0.4240147576723126,0.0,D4,D3,Untiered,False,False,False,Direct / Organic,Lean Protein,False,2,2025-08-31 16:00:00+00:00,2025-09,2025
8316975972607,25.25,64.29,1,0.3927204853009799,0.0,D4,D3,Untiered,False,False,False,Direct / Organic,Lean Protein,False,1,2025-09-10 16:00:00+00:00,2025-09,2025
6336697762047,25.23,63.08,1,0.4,0.0,D4,D5,Untiered,False,False,False,Subscription,Unknown,False,1,2022-03-26 16:00:00+00:00,2022-03,2022
7575786225919,25.13,53.4,1,0.4706367041198502,0.0,D4,D5,Untiered,False,False,False,Subscription,Other,True,3,2024-10-21 16:00:00+00:00,2024-10,2024
7756035719423,25.01,62.52,1,0.4,0.0,D4,D4,Untiered,False,False,False,Direct / Organic,Unknown,False,1,2022-05-02 16:00:00+00:00,2022-05,2022
7756362350847,25.01,65.25,2,0.38328069849526286,0.0,D4,D1,Tier 3 (D1 Frequency Only),False,True,False,Direct / Organic,Unknown,True,2,2023-05-28 16:00:00+00:00,2023-05,2023
6328293490943,24.96,67.29,1,0.3708723435874573,0.0,D4,D5,Untiered,False,False,False,Subscription,Unknown,False,1,2022-06-30 16:00:00+00:00,2022-07,2022
8623599485183,24.92,63.39,1,0.39318504495977286,0.0,D4,D2,Tier 4 (D2 Profit or Frequency),False,False,False,Direct / Organic,Unknown,False,1,2025-12-16 16:00:00+00:00,2025-12,2025
6423600824575,24.86,71.94,2,0.3455101473450098,0.0,D4,D2,Tier 4 (D2 Profit or Frequency),False,False,False,Subscription,Unknown,False,1,2022-01-24 16:00:00+00:00,2022-01,2022
8016385671423,24.84,62.1,1,0.4,0.0,D4,D3,Untiered,False,False,False,Subscription,Clear Protein,True,1,2025-05-05 16:00:00+00:00,2025-05,2025
8058071318783,24.84,52.78,1,0.4706328154604017,0.0,D4,D3,Untiered,False,False,False,Subscription,Clear Protein,True,1,2025-05-18 16:00:00+00:00,2025-05,2025
8073982476543,24.84,62.1,1,0.4,0.0,D4,D3,Untiered,False,False,False,Subscription,Clear Protein,True,1,2025-05-22 16:00:00+00:00,2025-05,2025
8079628501247,24.84,62.1,1,0.4,0.0,D4,D3,Untiered,False,False,False,Subscription,Clear Protein,True,1,2025-05-25 16:00:00+00:00,2025-05,2025
8079774515455,24.84,62.1,1,0.4,0.0,D4,D3,Untiered,False,False,False,Subscription,Clear Protein,True,1,2025-05-25 16:00:00+00:00,2025-05,2025
8094175363327,24.84,62.1,1,0.4,0.0,D4,D3,Untiered,False,False,False,Subscription,Clear Protein,True,1,2025-06-01 16:00:00+00:00,2025-06,2025
8097262534911,24.84,62.1,1,0.4,0.0,D4,D3,Untiered,False,False,False,Subscription,Clear Protein,True,1,2025-06-01 16:00:00+00:00,2025-06,2025
8115199738111,24.84,62.1,1,0.4,0.0,D4,D3,Untiered,False,False,False,Subscription,Clear Protein,True,1,2025-06-07 16:00:00+00:00,2025-06,2025
8131162177791,24.84,55.89,1,0.4444444444444445,0.0,D4,D3,Untiered,False,False,False,Subscription,Clear Protein,True,1,2025-06-13 16:00:00+00:00,2025-06,2025
8292704780543,24.84,62.1,1,0.4,0.0,D4,D3,Untiered,False,False,False,Subscription,Clear Protein,True,1,2025-08-27 16:00:00+00:00,2025-08,2025
8478323441919,24.83,25.42,1,0.9767899291896144,1.0,D4,D2,Tier 4 (D2 Profit or Frequency),False,False,False,Direct / Organic,Other,False,1,2025-10-26 16:00:00+00:00,2025-10,2025
8702306648319,24.83,31.91,1,0.7781259793168285,1.0,D4,D2,Tier 4 (D2 Profit or Frequency),False,False,False,Direct / Organic,Other,False,1,2026-01-18 16:00:00+00:00,2026-01,2026
6327799841023,24.71,61.77,1,0.4,0.0,D4,D5,Untiered,False,False,False,Subscription,Unknown,True,1,2024-01-04 16:00:00+00:00,2024-01,2024
7756431294719,24.71,43.24,1,0.5714606111578358,0.0,D4,D4,Untiered,False,False,False,Subscription,Other,True,2,2024-05-28 16:00:00+00:00,2024-05,2024
7756048990463,24.65,64.35,1,0.38304605820853355,0.0,D4,D4,Untiered,False,False,False,Direct / Organic,Unknown,False,1,2021-12-31 16:00:00+00:00,2022-01,2021
8438249554175,24.62,39.24,1,0.6274209989806319,1.0,D4,D2,Tier 4 (D2 Profit or Frequency),False,False,False,Paid Social,Collagen Glow,False,1,2025-10-18 16:00:00+00:00,2025-10,2025
7756019269887,24.58,66.91,2,0.3673913043478261,0.0,D4,D2,Tier 4 (D2 Profit or Frequency),False,False,False,Direct / Organic,Unknown,False,1,2022-08-07 16:00:00+00:00,2022-08,2022
7756045385983,24.58,64.18,1,0.38300283286118986,0.0,D4,D4,Untiered,False,False,False,Direct / Organic,Unknown,False,1,2022-01-19 16:00:00+00:00,2022-01,2022
8247973347583,24.5,71.08,1,0.34468204839617334,0.0,D4,D3,Untiered,False,False,False,Direct / Organic,Other,False,1,2025-08-09 16:00:00+00:00,2025-08,2025
7695319695615,24.45,72.24,1,0.33848283499446297,0.0,D4,D5,Untiered,False,False,False,Subscription,Other,False,1,2024-12-08 16:00:00+00:00,2024-12,2024
7539696337151,24.45,62.37,1,0.3919833253166587,0.0,D4,D5,Untiered,False,False,False,Subscription,Unknown,False,1,2024-10-08 16:00:00+00:00,2024-10,2024
7756031066367,24.45,61.12,1,0.4,0.0,D4,D4,Untiered,False,False,False,Direct / Organic,Unknown,False,1,2022-06-07 16:00:00+00:00,2022-06,2022
7779969761535,24.44,69.08,1,0.35379270411117547,0.0,D4,D4,Untiered,False,False,False,Subscription,Lean Protein,False,1,2025-01-11 16:00:00+00:00,2025-01,2025
8764788277503,24.39,34.5,1,0.7069565217391305,1.0,D4,D2,Tier 4 (D2 Profit or Frequency),False,False,False,Direct / Organic,Other,False,3,2026-02-08 16:00:00+00:00,2026-02,2026
7755997053183,24.39,63.7,1,0.38287345385347293,0.0,D4,D4,Untiered,False,False,False,Direct / Organic,Unknown,False,1,2022-02-07 16:00:00+00:00,2022-02,2022
7756407046399,24.34,48.73,2,0.49949011317000375,0.0,D4,D1,Tier 3 (D1 Frequency Only),False,True,False,Subscription,Other,True,1,2024-02-20 16:00:00+00:00,2024-02,2024
6329849053439,24.33,65.73,1,0.37018104366347176,0.0,D4,D5,Untiered,False,False,False,Subscription,Unknown,False,1,2022-05-02 16:00:00+00:00,2022-05,2022
6423590207743,24.33,65.73,1,0.37018104366347176,0.0,D4,D5,Untiered,False,False,False,Subscription,Unknown,False,1,2022-05-03 16:00:00+00:00,2022-05,2022
7476708835583,24.32,42.56,1,0.5714285714285714,0.0,D4,D5,Untiered,False,False,False,Subscription,Other,False,2,2024-08-31 16:00:00+00:00,2024-09,2024
7756044763391,24.29,60.74,1,0.4,0.0,D4,D4,Untiered,False,False,False,Direct / Organic,Unknown,False,1,2022-01-29 16:00:00+00:00,2022-01,2022
7756022055167,24.27,60.68,1,0.39999999999999997,0.0,D4,D4,Untiered,False,False,False,Direct / Organic,Unknown,False,1,2022-06-07 16:00:00+00:00,2022-06,2022
7756048957695,24.27,60.68,3,0.4,0.0,D4,D1,Tier 3 (D1 Frequency Only),False,True,False,Direct / Organic,Unknown,False,1,2021-12-31 16:00:00+00:00,2022-01,2021
7756039651583,24.24,60.59,1,0.4,0.0,D4,D4,Untiered,False,False,False,Direct / Organic,Unknown,False,1,2022-03-14 16:00:00+00:00,2022-03,2022
6532495114495,24.23,63.3,1,0.3827668741024414,0.0,D4,D5,Untiered,False,False,False,Direct / Organic,Other,False,1,2022-12-24 16:00:00+00:00,2022-12,2022
7755923226879,24.23,63.3,1,0.3827668741024414,0.0,D4,D5,Untiered,False,False,False,Direct / Organic,Unknown,False,1,2023-01-01 16:00:00+00:00,2023-01,2023
7756007735551,24.23,63.3,1,0.3827668741024414,0.0,D4,D4,Untiered,False,False,False,Direct / Organic,Other,False,1,2022-10-22 16:00:00+00:00,2022-10,2022
7756260475135,24.23,63.3,1,0.3827668741024414,0.0,D4,D4,Untiered,False,False,False,Direct / Organic,Other,False,1,2022-12-03 16:00:00+00:00,2022-12,2022
7756261490943,24.23,63.3,1,0.3827668741024414,0.0,D4,D4,Untiered,False,False,False,Direct / Organic,Other,False,1,2022-12-11 16:00:00+00:00,2022-12,2022
7756263981311,24.23,60.58,1,0.4,0.0,D4,D4,Untiered,False,False,False,Direct / Organic,Other,False,1,2022-12-30 16:00:00+00:00,2022-12,2022
7756264046847,24.23,63.3,1,0.3827668741024414,0.0,D4,D4,Untiered,False,False,False,Direct / Organic,Other,False,1,2022-12-31 16:00:00+00:00,2023-01,2022
7756264603903,24.23,54.22,1,0.44690364408674277,0.0,D4,D4,Untiered,False,False,False,Direct / Organic,Other,False,1,2023-01-05 16:00:00+00:00,2023-01,2023
7756264734975,24.23,63.3,1,0.3827668741024414,0.0,D4,D4,Untiered,False,False,False,Direct / Organic,Unknown,False,1,2023-01-06 16:00:00+00:00,2023-01,2023
7756266963199,24.23,54.22,1,0.44690364408674277,0.0,D4,D4,Untiered,False,False,False,Direct / Organic,Other,False,1,2023-01-27 16:00:00+00:00,2023-01,2023
7756348883199,24.23,63.3,1,0.3827668741024414,0.0,D4,D4,Untiered,False,False,False,Direct / Organic,Other,False,1,2023-02-21 16:00:00+00:00,2023-02,2023
7756349047039,24.23,51.19,1,0.4733601704949089,0.0,D4,D4,Untiered,False,False,False,Direct / Organic,Other,False,1,2023-02-23 16:00:00+00:00,2023-02,2023
7756355240191,24.23,63.3,1,0.3827668741024414,0.0,D4,D4,Untiered,False,False,False,Direct / Organic,Other,False,1,2023-03-21 16:00:00+00:00,2023-03,2023
7756360614143,24.23,54.22,1,0.44690364408674277,0.0,D4,D4,Untiered,False,False,False,Direct / Organic,Unknown,False,1,2023-05-05 16:00:00+00:00,2023-05,2023
7756361597183,24.23,63.3,1,0.3827668741024414,0.0,D4,D4,Untiered,False,False,False,Direct / Organic,Other,False,1,2023-05-16 16:00:00+00:00,2023-05,2023
7756361761023,24.23,63.3,1,0.3827668741024414,0.0,D4,D4,Untiered,False,False,False,Direct / Organic,Other,False,1,2023-05-19 16:00:00+00:00,2023-05,2023
6532456907007,24.22,63.58,1,0.3809160669176875,0.0,D4,D5,Untiered,False,False,False,Direct / Organic,Collagen Glow,False,1,2023-01-22 16:00:00+00:00,2023-01,2023
6532496064767,24.22,60.25,1,0.40199185151652334,0.0,D4,D5,Untiered,False,False,False,Direct / Organic,Collagen Glow,False,1,2022-12-24 16:00:00+00:00,2022-12,2022
7756006621439,24.22,60.55,1,0.3999599639675709,0.0,D4,D4,Untiered,False,False,False,Direct / Organic,Soy Protein,False,1,2022-10-22 16:00:00+00:00,2022-10,2022
7756007080191,24.22,60.25,1,0.401971632632532,0.0,D4,D4,Untiered,False,False,False,Direct / Organic,Collagen Glow,False,1,2022-10-19 16:00:00+00:00,2022-10,2022
7756194939135,24.22,51.62,1,0.4691792884818599,0.0,D4,D4,Untiered,False,False,False,Direct / Organic,Collagen Glow,False,1,2023-02-07 16:00:00+00:00,2023-02,2023
7756352127231,24.22,66.0,2,0.36694214876033066,0.0,D4,D1,Tier 3 (D1 Frequency Only),False,True,False,Direct / Organic,Collagen Glow,False,1,2023-03-07 16:00:00+00:00,2023-03,2023
7756357468415,24.22,48.43,1,0.5000938614604844,0.0,D4,D4,Untiered,False,False,False,Direct / Organic,Collagen Glow,False,1,2023-03-29 16:00:00+00:00,2023-03,2023
7756404982015,24.22,51.15,1,0.47343166874000364,0.0,D4,D4,Untiered,False,False,False,Direct / Organic,Soy Protein,False,1,2024-01-27 16:00:00+00:00,2024-01,2024
7756413468927,24.22,54.49,1,0.44444444444444453,0.0,D4,D4,Untiered,False,False,False,Direct / Organic,Collagen Glow,False,1,2024-03-19 16:00:00+00:00,2024-03,2024
7756421955839,24.22,51.16,1,0.4733475479744137,0.0,D4,D4,Untiered,False,False,False,Direct / Organic,Collagen Glow,False,1,2024-04-26 16:00:00+00:00,2024-04,2024
7756430278911,24.22,45.11,1,0.5368802902055623,0.0,D4,D4,Untiered,False,False,False,Direct / Organic,Collagen Glow,False,1,2024-05-27 16:00:00+00:00,2024-05,2024
7756466159871,24.22,57.52,1,0.4210526315789474,0.0,D4,D4,Untiered,False,False,False,Direct / Organic,Soy Protein,False,1,2024-09-22 16:00:00+00:00,2024-09,2024
7756466389247,24.22,51.46,2,0.4705882352941177,0.0,D4,D1,Tier 3 (D1 Frequency Only),False,True,False,Direct / Organic,Collagen Glow,False,1,2024-09-22 16:00:00+00:00,2024-09,2024
7756488605951,24.22,60.55,1,0.4,0.0,D4,D4,Untiered,False,False,False,Direct / Organic,Soy Protein,False,1,2025-01-03 16:00:00+00:00,2025-01,2025
7829327872255,24.22,57.22,1,0.42326024785510014,0.0,D4,D3,Untiered,False,False,False,Direct / Organic,Soy Protein,False,1,2025-01-17 16:00:00+00:00,2025-01,2025
7756487360767,24.11,53.96,1,0.4467905879710226,0.0,D4,D4,Untiered,False,False,False,Direct / Organic,Accessories,False,2,2024-12-24 16:00:00+00:00,2024-12,2024
8714730012927,24.07,33.02,1,0.7289521502119927,1.0,D4,D2,Tier 4 (D2 Profit or Frequency),False,False,False,Direct / Organic,Other,False,1,2026-01-24 16:00:00+00:00,2026-01,2026
8585713811711,24.01,26.35,1,0.9111954459203037,1.0,D4,D2,Tier 4 (D2 Profit or Frequency),False,False,False,Direct / Organic,Other,False,1,2025-12-02 16:00:00+00:00,2025-12,2025
6327731028223,24.0,64.9,1,0.3697996918335901,0.0,D4,D5,Untiered,False,False,False,Subscription,Unknown,False,1,2022-08-25 16:00:00+00:00,2022-08,2022
8629594521855,23.99,29.12,1,0.8238324175824177,1.0,D4,D2,Tier 4 (D2 Profit or Frequency),False,False,False,Direct / Organic,Other,False,1,2025-12-17 16:00:00+00:00,2025-12,2025
6329871073535,23.99,69.77,2,0.3438153934355741,0.0,D4,D2,Tier 4 (D2 Profit or Frequency),False,False,False,Subscription,Unknown,False,1,2022-03-02 16:00:00+00:00,2022-03,2022
6423223828735,23.98,64.86,1,0.3697810669133519,0.0,D4,D5,Untiered,False,False,False,Subscription,Unknown,False,1,2022-09-16 16:00:00+00:00,2022-09,2022
7520596295935,23.96,46.83,1,0.5117232543241512,0.0,D4,D5,Untiered,False,False,False,Subscription,Clear Protein,False,2,2024-09-27 16:00:00+00:00,2024-09,2024
7520742703359,23.96,46.83,1,0.5117232543241512,0.0,D4,D5,Untiered,False,False,False,Subscription,Clear Protein,False,2,2024-09-27 16:00:00+00:00,2024-09,2024
7520819249407,23.96,46.83,1,0.5117232543241512,0.0,D4,D5,Untiered,False,False,False,Subscription,Clear Protein,False,2,2024-09-27 16:00:00+00:00,2024-09,2024
7521717682431,23.96,46.83,1,0.5117232543241512,0.0,D4,D5,Untiered,False,False,False,Subscription,Clear Protein,False,2,2024-09-28 16:00:00+00:00,2024-09,2024
7522965946623,23.96,46.83,1,0.5117232543241512,0.0,D4,D5,Untiered,False,False,False,Subscription,Clear Protein,False,2,2024-09-29 16:00:00+00:00,2024-09,2024
7523199582463,23.96,46.83,1,0.5117232543241512,0.0,D4,D5,Untiered,False,False,False,Subscription,Clear Protein,False,2,2024-09-29 16:00:00+00:00,2024-09,2024
7527460929791,23.96,61.81,1,0.38770425497492317,0.0,D4,D5,Untiered,False,False,False,Subscription,Clear Protein,False,2,2024-10-02 16:00:00+00:00,2024-10,2024
6327505355007,23.96,41.93,1,0.5714285714285715,0.0,D4,D5,Untiered,False,False,False,Subscription,Clear Protein,False,1,2024-08-31 16:00:00+00:00,2024-09,2024
6329616695551,23.96,55.81,1,0.42931374305679987,0.0,D4,D5,Untiered,False,False,False,Subscription,Unknown,False,1,2023-04-02 16:00:00+00:00,2023-04,2023
6686265540863,23.96,64.8,1,0.36975308641975313,0.0,D4,D5,Untiered,False,False,False,Subscription,Other,False,1,2023-05-30 16:00:00+00:00,2023-05,2023
6781260038399,23.96,58.81,1,0.407413705152185,0.0,D4,D5,Untiered,False,False,False,Subscription,Other,False,1,2023-08-20 16:00:00+00:00,2023-08,2023
6783954354431,23.96,52.82,1,0.45361605452480125,0.0,D4,D5,Untiered,False,False,False,Subscription,Other,False,1,2023-08-23 16:00:00+00:00,2023-08,2023
6797463945471,23.96,58.81,1,0.407413705152185,0.0,D4,D5,Untiered,False,False,False,Subscription,Other,False,1,2023-09-30 16:00:00+00:00,2023-10,2023
6826542989567,23.96,52.82,1,0.45361605452480125,0.0,D4,D5,Untiered,False,False,False,Subscription,Other,False,1,2023-09-28 16:00:00+00:00,2023-09,2023
6837428453631,23.96,34.8,1,0.6885057471264369,0.0,D4,D5,Untiered,False,False,False,Subscription,Other,False,1,2023-10-09 16:00:00+00:00,2023-10,2023
6991872295167,23.96,54.8,1,0.43722627737226283,0.0,D4,D5,Untiered,False,False,False,Subscription,Other,False,1,2024-01-05 16:00:00+00:00,2024-01,2024
7019605262591,23.96,55.81,1,0.42931374305679987,0.0,D4,D5,Untiered,False,False,False,Subscription,Other,False,1,2024-01-17 16:00:00+00:00,2024-01,2024
7065442451711,23.96,64.8,1,0.36975308641975313,0.0,D4,D5,Untiered,False,False,False,Subscription,Other,False,1,2024-02-12 16:00:00+00:00,2024-02,2024
7065468207359,23.96,52.82,1,0.45361605452480125,0.0,D4,D5,Untiered,False,False,False,Subscription,Other,False,1,2024-02-12 16:00:00+00:00,2024-02,2024
7097624822015,23.96,58.81,1,0.407413705152185,0.0,D4,D5,Untiered,False,False,False,Subscription,Other,False,1,2024-02-25 16:00:00+00:00,2024-02,2024
7240948154623,23.96,64.8,1,0.36975308641975313,0.0,D4,D5,Untiered,False,False,False,Subscription,Other,False,1,2024-05-01 16:00:00+00:00,2024-05,2024
7267774398719,23.96,64.8,1,0.36975308641975313,0.0,D4,D5,Untiered,False,False,False,Subscription,Other,False,1,2024-09-18 16:00:00+00:00,2024-09,2024
7279393374463,23.96,55.81,1,0.42931374305679987,0.0,D4,D5,Untiered,False,False,False,Subscription,Other,False,1,2024-05-13 16:00:00+00:00,2024-05,2024
7288033837311,23.96,41.93,1,0.5714285714285715,0.0,D4,D5,Untiered,False,False,False,Subscription,Clear Protein,False,1,2024-08-31 16:00:00+00:00,2024-09,2024
7288596758783,23.96,64.8,1,0.36975308641975313,0.0,D4,D5,Untiered,False,False,False,Subscription,Other,False,1,2024-05-15 16:00:00+00:00,2024-05,2024
7308225970431,23.96,46.83,1,0.5116378389920991,0.0,D4,D5,Untiered,False,False,False,Subscription,Lean Protein,False,1,2024-05-27 16:00:00+00:00,2024-05,2024
7314094194943,23.96,55.81,1,0.42931374305679987,0.0,D4,D5,Untiered,False,False,False,Subscription,Lean Protein,False,1,2024-05-30 16:00:00+00:00,2024-05,2024
7466578280703,23.96,44.8,1,0.5348214285714287,0.0,D4,D5,Untiered,False,False,False,Subscription,Clear Protein,False,1,2024-08-27 16:00:00+00:00,2024-08,2024
7467457609983,23.96,64.8,1,0.36975308641975313,0.0,D4,D5,Untiered,False,False,False,Subscription,Clear Protein,False,1,2024-08-26 16:00:00+00:00,2024-08,2024
7469025329407,23.96,44.8,1,0.5348214285714287,0.0,D4,D5,Untiered,False,False,False,Subscription,Clear Protein,False,1,2024-08-26 16:00:00+00:00,2024-08,2024
7471965110527,23.96,64.8,1,0.36975308641975313,0.0,D4,D5,Untiered,False,False,False,Subscription,Lean Protein,False,1,2024-08-29 16:00:00+00:00,2024-08,2024
7473725866239,23.96,44.8,1,0.5348214285714287,0.0,D4,D5,Untiered,False,False,False,Subscription,Clear Protein,False,1,2024-08-29 16:00:00+00:00,2024-08,2024
7475152355583,23.96,41.93,1,0.5714285714285715,0.0,D4,D5,Untiered,False,False,False,Subscription,Other,False,1,2024-08-30 16:00:00+00:00,2024-08,2024
7475209109759,23.96,41.93,1,0.5714285714285715,0.0,D4,D5,Untiered,False,False,False,Subscription,Lean Protein,False,1,2024-08-30 16:00:00+00:00,2024-08,2024
7475220250879,23.96,41.93,1,0.5714285714285715,0.0,D4,D5,Untiered,False,False,False,Subscription,Clear Protein,False,1,2024-08-30 16:00:00+00:00,2024-08,2024
7475224707327,23.96,41.93,1,0.5714285714285715,0.0,D4,D5,Untiered,False,False,False,Subscription,Clear Protein,False,1,2024-08-30 16:00:00+00:00,2024-08,2024
7475235553535,23.96,41.93,1,0.5714285714285715,0.0,D4,D5,Untiered,False,False,False,Subscription,Clear Protein,False,1,2024-08-30 16:00:00+00:00,2024-08,2024
7475258982655,23.96,41.93,1,0.5714285714285715,0.0,D4,D5,Untiered,False,False,False,Subscription,Clear Protein,False,1,2024-08-30 16:00:00+00:00,2024-08,2024
7475259932927,23.96,41.93,1,0.5714285714285715,0.0,D4,D5,Untiered,False,False,False,Subscription,Clear Protein,False,1,2024-08-30 16:00:00+00:00,2024-08,2024
7475294765311,23.96,41.93,1,0.5714285714285715,0.0,D4,D5,Untiered,False,False,False,Subscription,Clear Protein,False,1,2024-08-30 16:00:00+00:00,2024-08,2024
7475295518975,23.96,41.93,1,0.5714285714285715,0.0,D4,D5,Untiered,False,False,False,Subscription,Clear Protein,False,1,2024-08-30 16:00:00+00:00,2024-08,2024
7475296927999,23.96,41.93,1,0.5714285714285715,0.0,D4,D5,Untiered,False,False,False,Subscription,Clear Protein,False,1,2024-08-30 16:00:00+00:00,2024-08,2024
7475298042111,23.96,41.93,1,0.5714285714285715,0.0,D4,D5,Untiered,False,False,False,Subscription,Clear Protein,False,1,2024-08-30 16:00:00+00:00,2024-08,2024
7475306332415,23.96,41.93,1,0.5714285714285715,0.0,D4,D5,Untiered,False,False,False,Subscription,Clear Protein,False,1,2024-08-30 16:00:00+00:00,2024-08,2024
7475307348223,23.96,41.93,1,0.5714285714285715,0.0,D4,D5,Untiered,False,False,False,Subscription,Lean Protein,False,1,2024-08-30 16:00:00+00:00,2024-08,2024
7475329827071,23.96,41.93,1,0.5714285714285715,0.0,D4,D5,Untiered,False,False,False,Subscription,Clear Protein,False,1,2024-08-30 16:00:00+00:00,2024-08,2024
7475371213055,23.96,41.93,1,0.5714285714285715,0.0,D4,D5,Untiered,False,False,False,Subscription,Clear Protein,False,1,2024-08-30 16:00:00+00:00,2024-08,2024
7475443892479,23.96,41.93,1,0.5714285714285715,0.0,D4,D5,Untiered,False,False,False,Subscription,Clear Protein,False,1,2024-08-30 16:00:00+00:00,2024-08,2024
7475468665087,23.96,41.93,1,0.5714285714285715,0.0,D4,D5,Untiered,False,False,False,Subscription,Clear Protein,False,1,2024-08-30 16:00:00+00:00,2024-08,2024
7475492520191,23.96,41.93,1,0.5714285714285715,0.0,D4,D5,Untiered,False,False,False,Subscription,Clear Protein,False,1,2024-08-30 16:00:00+00:00,2024-08,2024
7475532923135,23.96,44.8,1,0.5348214285714287,0.0,D4,D5,Untiered,False,False,False,Subscription,Clear Protein,False,1,2024-08-30 16:00:00+00:00,2024-08,2024
7475534790911,23.96,41.93,1,0.5714285714285715,0.0,D4,D5,Untiered,False,False,False,Subscription,Clear Protein,False,1,2024-08-30 16:00:00+00:00,2024-08,2024
7475539050751,23.96,41.93,1,0.5714285714285715,0.0,D4,D5,Untiered,False,False,False,Subscription,Clear Protein,False,1,2024-08-30 16:00:00+00:00,2024-08,2024
7476538605823,23.96,41.93,1,0.5714285714285715,0.0,D4,D5,Untiered,False,False,False,Subscription,Clear Protein,False,1,2024-08-31 16:00:00+00:00,2024-09,2024
7476541194495,23.96,41.93,1,0.5714285714285715,0.0,D4,D5,Untiered,False,False,False,Subscription,Clear Protein,False,1,2024-08-31 16:00:00+00:00,2024-09,2024
7476546830591,23.96,41.93,1,0.5714285714285715,0.0,D4,D5,Untiered,False,False,False,Subscription,Clear Protein,False,1,2024-08-31 16:00:00+00:00,2024-09,2024
7476547485951,23.96,41.93,1,0.5714285714285715,0.0,D4,D5,Untiered,False,False,False,Subscription,Clear Protein,False,1,2024-08-31 16:00:00+00:00,2024-09,2024
7476565213439,23.96,41.93,1,0.5714285714285715,0.0,D4,D5,Untiered,False,False,False,Subscription,Clear Protein,False,1,2024-08-31 16:00:00+00:00,2024-09,2024
7476622885119,23.96,41.93,1,0.5714285714285715,0.0,D4,D5,Untiered,False,False,False,Subscription,Clear Protein,False,1,2024-08-31 16:00:00+00:00,2024-09,2024
7476634714367,23.96,41.93,1,0.5714285714285715,0.0,D4,D5,Untiered,False,False,False,Subscription,Clear Protein,False,1,2024-08-31 16:00:00+00:00,2024-09,2024
7476644774143,23.96,41.93,1,0.5714285714285715,0.0,D4,D5,Untiered,False,False,False,Subscription,Clear Protein,False,1,2024-08-31 16:00:00+00:00,2024-09,2024
7476665712895,23.96,41.93,1,0.5714285714285715,0.0,D4,D5,Untiered,False,False,False,Subscription,Clear Protein,False,1,2024-08-31 16:00:00+00:00,2024-09,2024
7476666433791,23.96,41.93,1,0.5714285714285715,0.0,D4,D5,Untiered,False,False,False,Subscription,Clear Protein,False,1,2024-08-31 16:00:00+00:00,2024-09,2024
7476672692479,23.96,41.93,1,0.5714285714285715,0.0,D4,D5,Untiered,False,False,False,Subscription,Clear Protein,False,1,2024-08-31 16:00:00+00:00,2024-09,2024
7476677738751,23.96,41.93,1,0.5714285714285715,0.0,D4,D5,Untiered,False,False,False,Subscription,Clear Protein,False,1,2024-08-31 16:00:00+00:00,2024-09,2024
7476696088831,23.96,41.93,1,0.5714285714285715,0.0,D4,D5,Untiered,False,False,False,Subscription,Clear Protein,False,1,2024-08-31 16:00:00+00:00,2024-09,2024
7476709654783,23.96,41.93,1,0.5714285714285715,0.0,D4,D5,Untiered,False,False,False,Subscription,Clear Protein,False,1,2024-08-31 16:00:00+00:00,2024-09,2024
7476710899967,23.96,41.93,1,0.5714285714285715,0.0,D4,D5,Untiered,False,False,False,Subscription,Clear Protein,False,1,2024-08-31 16:00:00+00:00,2024-09,2024
7476712440063,23.96,41.93,1,0.5714285714285715,0.0,D4,D5,Untiered,False,False,False,Subscription,Clear Protein,False,1,2024-08-31 16:00:00+00:00,2024-09,2024
7476737868031,23.96,41.93,1,0.5714285714285715,0.0,D4,D5,Untiered,False,False,False,Subscription,Clear Protein,False,1,2024-08-31 16:00:00+00:00,2024-09,2024
7476743209215,23.96,41.93,1,0.5714285714285715,0.0,D4,D5,Untiered,False,False,False,Subscription,Lean Protein,False,1,2024-08-31 16:00:00+00:00,2024-09,2024
7476745863423,23.96,64.8,1,0.36975308641975313,0.0,D4,D5,Untiered,False,False,False,Subscription,Lean Protein,False,1,2024-08-31 16:00:00+00:00,2024-09,2024
7476756971775,23.96,41.93,1,0.5714285714285715,0.0,D4,D5,Untiered,False,False,False,Subscription,Clear Protein,False,1,2024-08-31 16:00:00+00:00,2024-09,2024
7476792590591,23.96,41.93,1,0.5714285714285715,0.0,D4,D5,Untiered,False,False,False,Subscription,Clear Protein,False,1,2024-08-31 16:00:00+00:00,2024-09,2024
7476809302271,23.96,41.93,1,0.5714285714285715,0.0,D4,D5,Untiered,False,False,False,Subscription,Clear Protein,False,1,2024-08-31 16:00:00+00:00,2024-09,2024
7476819820799,23.96,49.8,1,0.48112449799196794,0.0,D4,D5,Untiered,False,False,False,Subscription,Clear Protein,False,1,2024-08-31 16:00:00+00:00,2024-09,2024
7476847116543,23.96,41.93,1,0.5714285714285715,0.0,D4,D5,Untiered,False,False,False,Subscription,Clear Protein,False,1,2024-08-31 16:00:00+00:00,2024-09,2024
7476863992063,23.96,41.93,1,0.5714285714285715,0.0,D4,D5,Untiered,False,False,False,Subscription,Clear Protein,False,1,2024-08-31 16:00:00+00:00,2024-09,2024
7476874215679,23.96,41.93,1,0.5714285714285715,0.0,D4,D5,Untiered,False,False,False,Subscription,Other,False,1,2024-08-31 16:00:00+00:00,2024-09,2024
7476879655167,23.96,41.93,1,0.5714285714285715,0.0,D4,D5,Untiered,False,False,False,Subscription,Clear Protein,False,1,2024-08-31 16:00:00+00:00,2024-09,2024
7476881555711,23.96,41.93,1,0.5714285714285715,0.0,D4,D5,Untiered,False,False,False,Subscription,Clear Protein,False,1,2024-08-31 16:00:00+00:00,2024-09,2024
7476891648255,23.96,41.93,1,0.5714285714285715,0.0,D4,D5,Untiered,False,False,False,Subscription,Lean Protein,False,1,2024-08-31 16:00:00+00:00,2024-09,2024
7476914422015,23.96,41.93,1,0.5714285714285715,0.0,D4,D5,Untiered,False,False,False,Subscription,Clear Protein,False,1,2024-08-31 16:00:00+00:00,2024-09,2024
7477005385983,23.96,49.82,1,0.48093135287033323,0.0,D4,D5,Untiered,False,False,False,Subscription,Clear Protein,False,1,2024-08-31 16:00:00+00:00,2024-09,2024
7483064877311,23.96,64.8,1,0.36975308641975313,0.0,D4,D5,Untiered,False,False,False,Subscription,Clear Protein,False,1,2024-09-04 16:00:00+00:00,2024-09,2024
7493078221055,23.96,64.8,1,0.36975308641975313,0.0,D4,D5,Untiered,False,False,False,Subscription,Other,False,1,2024-09-11 16:00:00+00:00,2024-09,2024
7501481345279,23.96,64.8,1,0.36975308641975313,0.0,D4,D5,Untiered,False,False,False,Subscription,Clear Protein,False,1,2024-09-16 16:00:00+00:00,2024-09,2024
7511292346623,23.96,64.8,1,0.36975308641975313,0.0,D4,D5,Untiered,False,False,False,Subscription,Other,False,1,2024-09-20 16:00:00+00:00,2024-09,2024
7514098761983,23.96,64.8,1,0.36975308641975313,0.0,D4,D5,Untiered,False,False,False,Subscription,Lean Protein,False,1,2024-09-22 16:00:00+00:00,2024-09,2024
7517817372927,23.96,64.8,1,0.36975308641975313,0.0,D4,D5,Untiered,False,False,False,Subscription,Lean Protein,False,1,2024-09-24 16:00:00+00:00,2024-09,2024
7519999066367,23.96,46.83,1,0.5116378389920991,0.0,D4,D5,Untiered,False,False,False,Subscription,Lean Protein,False,1,2024-09-26 16:00:00+00:00,2024-09,2024
7521949188351,23.96,46.83,1,0.5116378389920991,0.0,D4,D5,Untiered,False,False,False,Subscription,Lean Protein,False,1,2024-09-28 16:00:00+00:00,2024-09,2024
7549021913343,23.96,64.8,1,0.36975308641975313,0.0,D4,D5,Untiered,False,False,False,Subscription,Lean Protein,False,1,2024-10-10 16:00:00+00:00,2024-10,2024
7694672920831,23.96,49.82,1,0.48093135287033323,0.0,D4,D5,Untiered,False,False,False,Subscription,Lean Protein,False,1,2024-12-08 16:00:00+00:00,2024-12,2024
7857216094463,23.96,59.9,1,0.4,0.0,D4,D3,Untiered,False,False,False,Direct / Organic,Lean Protein,False,1,2025-02-18 16:00:00+00:00,2025-02,2025
7857218584831,23.96,61.67,1,0.3885195394843522,0.0,D4,D3,Untiered,False,False,False,Direct / Organic,Unknown,False,1,2025-02-18 16:00:00+00:00,2025-02,2025
7895503831295,23.96,64.8,1,0.36975308641975313,0.0,D4,D3,Untiered,False,False,False,Direct / Organic,Lean Protein,False,1,2025-03-10 16:00:00+00:00,2025-03,2025
7895743430911,23.96,55.81,1,0.42931374305679987,0.0,D4,D3,Untiered,False,False,False,Direct / Organic,Lean Protein,False,1,2025-03-10 16:00:00+00:00,2025-03,2025
7902379475199,23.96,64.8,1,0.36975308641975313,0.0,D4,D3,Untiered,False,False,False,Direct / Organic,Lean Protein,False,1,2025-03-15 16:00:00+00:00,2025-03,2025
7918627094783,23.96,59.9,1,0.4,0.0,D4,D3,Untiered,False,False,False,Direct / Organic,Other,False,1,2025-03-22 16:00:00+00:00,2025-03,2025
7927629185279,23.96,59.9,1,0.4,0.0,D4,D3,Untiered,False,False,False,Direct / Organic,Lean Protein,False,1,2025-03-26 16:00:00+00:00,2025-03,2025
7939320578303,23.96,59.9,1,0.4,0.0,D4,D3,Untiered,False,False,False,Direct / Organic,Lean Protein,False,1,2025-04-01 16:00:00+00:00,2025-04,2025
7942600655103,23.96,58.91,1,0.4067221184858259,0.0,D4,D3,Untiered,False,False,False,Direct / Organic,Lean Protein,False,1,2025-04-12 16:00:00+00:00,2025-04,2025
7943295992063,23.96,55.81,1,0.42931374305679987,0.0,D4,D3,Untiered,False,False,False,Direct / Organic,Other,False,1,2025-04-04 16:00:00+00:00,2025-04,2025
7944435400959,23.96,59.9,1,0.4,0.0,D4,D3,Untiered,False,False,False,Direct / Organic,Lean Protein,False,1,2025-04-05 16:00:00+00:00,2025-04,2025
7945951576319,23.96,59.9,1,0.4,0.0,D4,D3,Untiered,False,False,False,Direct / Organic,Lean Protein,False,1,2025-04-06 16:00:00+00:00,2025-04,2025
7955146408191,23.96,64.9,1,0.36918335901386745,0.0,D4,D3,Untiered,False,False,False,Direct / Organic,Lean Protein,False,1,2025-04-10 16:00:00+00:00,2025-04,2025
7958430187775,23.96,64.9,1,0.36918335901386745,0.0,D4,D3,Untiered,False,False,False,Direct / Organic,Lean Protein,False,1,2025-04-13 16:00:00+00:00,2025-04,2025
7958759571711,23.96,59.9,1,0.4,0.0,D4,D3,Untiered,False,False,False,Direct / Organic,Lean Protein,False,1,2025-04-13 16:00:00+00:00,2025-04,2025
7969697235199,23.96,59.9,1,0.4,0.0,D4,D3,Untiered,False,False,False,Direct / Organic,Lean Protein,False,1,2025-04-20 16:00:00+00:00,2025-04,2025
7973405720831,23.96,64.9,1,0.36918335901386745,0.0,D4,D3,Untiered,False,False,False,Direct / Organic,Lean Protein,False,1,2025-04-22 16:00:00+00:00,2025-04,2025
7973731008767,23.96,59.9,1,0.4,0.0,D4,D3,Untiered,False,False,False,Direct / Organic,Lean Protein,False,1,2025-04-22 16:00:00+00:00,2025-04,2025
7975199604991,23.96,59.9,1,0.4,0.0,D4,D3,Untiered,False,False,False,Direct / Organic,Lean Protein,False,1,2025-04-23 16:00:00+00:00,2025-04,2025
7978313023743,23.96,59.9,1,0.4,0.0,D4,D3,Untiered,False,False,False,Direct / Organic,Lean Protein,False,1,2025-04-25 16:00:00+00:00,2025-04,2025
7979892637951,23.96,64.9,1,0.36918335901386745,0.0,D4,D3,Untiered,False,False,False,Direct / Organic,Lean Protein,False,1,2025-04-26 16:00:00+00:00,2025-04,2025
7995077689599,23.96,58.91,1,0.4067221184858259,0.0,D4,D3,Untiered,False,False,False,Affiliate,Lean Protein,False,1,2025-04-30 16:00:00+00:00,2025-05,2025
8039330185471,23.96,64.9,1,0.36918335901386745,0.0,D4,D3,Untiered,False,False,False,Direct / Organic,Lean Protein,False,1,2025-05-16 16:00:00+00:00,2025-05,2025
8055355998463,23.96,59.9,1,0.4,0.0,D4,D3,Untiered,False,False,False,Direct / Organic,Lean Protein,False,1,2025-05-16 16:00:00+00:00,2025-05,2025
8061810802943,23.96,64.9,1,0.36918335901386745,0.0,D4,D3,Untiered,False,False,False,Paid Social,Lean Protein,False,1,2025-05-18 16:00:00+00:00,2025-05,2025
8078227734783,23.96,59.9,1,0.4,0.0,D4,D3,Untiered,False,False,False,Direct / Organic,Lean Protein,False,1,2025-05-25 16:00:00+00:00,2025-05,2025
8086166831359,23.96,64.9,1,0.36918335901386745,0.0,D4,D3,Untiered,False,False,False,Direct / Organic,Lean Protein,False,1,2025-05-27 16:00:00+00:00,2025-05,2025
8089496355071,23.96,59.9,1,0.4,0.0,D4,D3,Untiered,False,False,False,Direct / Organic,Lean Protein,False,1,2025-05-28 16:00:00+00:00,2025-05,2025
8094797889791,23.96,59.9,1,0.4,0.0,D4,D3,Untiered,False,False,False,Direct / Organic,Lean Protein,False,1,2025-05-30 16:00:00+00:00,2025-05,2025
8096909394175,23.96,59.9,1,0.4,0.0,D4,D3,Untiered,False,False,False,Direct / Organic,Lean Protein,False,1,2025-05-31 16:00:00+00:00,2025-06,2025
8099585458431,23.96,59.9,1,0.4,0.0,D4,D3,Untiered,False,False,False,Direct / Organic,Lean Protein,False,1,2025-06-01 16:00:00+00:00,2025-06,2025
8101292966143,23.96,59.9,1,0.4,0.0,D4,D3,Untiered,False,False,False,Direct / Organic,Lean Protein,False,1,2025-06-02 16:00:00+00:00,2025-06,2025
8102148604159,23.96,64.9,1,0.36918335901386745,0.0,D4,D3,Untiered,False,False,False,Paid Social,Lean Protein,False,1,2025-06-02 16:00:00+00:00,2025-06,2025
8103684276479,23.96,59.9,1,0.4,0.0,D4,D3,Untiered,False,False,False,Direct / Organic,Lean Protein,False,1,2025-06-03 16:00:00+00:00,2025-06,2025
8113545249023,23.96,59.9,1,0.4,0.0,D4,D3,Untiered,False,False,False,Direct / Organic,Lean Protein,False,1,2025-06-06 16:00:00+00:00,2025-06,2025
8156006482175,23.96,59.9,1,0.4,0.0,D4,D3,Untiered,False,False,False,Direct / Organic,Lean Protein,False,1,2025-06-23 16:00:00+00:00,2025-06,2025
8161485390079,23.96,59.9,1,0.4,0.0,D4,D3,Untiered,False,False,False,Direct / Organic,Lean Protein,False,1,2025-06-26 16:00:00+00:00,2025-06,2025
8164713496831,23.96,53.91,1,0.4444444444444445,0.0,D4,D3,Untiered,False,False,False,Direct / Organic,Lean Protein,False,1,2025-06-27 16:00:00+00:00,2025-06,2025
8164993827071,23.96,53.91,1,0.4444444444444445,0.0,D4,D3,Untiered,False,False,False,Direct / Organic,Lean Protein,False,1,2025-06-27 16:00:00+00:00,2025-06,2025
8166566101247,23.96,53.91,1,0.4444444444444445,0.0,D4,D3,Untiered,False,False,False,Direct / Organic,Lean Protein,False,1,2025-06-28 16:00:00+00:00,2025-06,2025
8166657687807,23.96,53.91,1,0.4444444444444445,0.0,D4,D3,Untiered,False,False,False,Direct / Organic,Lean Protein,False,1,2025-06-28 16:00:00+00:00,2025-06,2025
8166758482175,23.96,53.91,1,0.4444444444444445,0.0,D4,D3,Untiered,False,False,False,Direct / Organic,Lean Protein,False,1,2025-06-28 16:00:00+00:00,2025-06,2025
8166902923519,23.96,53.91,1,0.4444444444444445,0.0,D4,D3,Untiered,False,False,False,Direct / Organic,Lean Protein,False,1,2025-06-28 16:00:00+00:00,2025-06,2025
8166966722815,23.96,53.91,1,0.4444444444444445,0.0,D4,D3,Untiered,False,False,False,Direct / Organic,Lean Protein,False,1,2025-06-28 16:00:00+00:00,2025-06,2025
8166978748671,23.96,53.91,1,0.4444444444444445,0.0,D4,D3,Untiered,False,False,False,Direct / Organic,Lean Protein,False,1,2025-06-28 16:00:00+00:00,2025-06,2025
8170304831743,23.96,59.9,1,0.4,0.0,D4,D3,Untiered,False,False,False,Direct / Organic,Lean Protein,False,1,2025-06-30 16:00:00+00:00,2025-07,2025
8254218666239,23.96,59.9,1,0.4,0.0,D4,D3,Untiered,False,False,False,Direct / Organic,Lean Protein,False,1,2025-08-12 16:00:00+00:00,2025-08,2025
8255421350143,23.96,59.9,1,0.4,0.0,D4,D3,Untiered,False,False,False,Direct / Organic,Lean Protein,False,1,2025-08-13 16:00:00+00:00,2025-08,2025
8279665180927,23.96,59.9,1,0.4,0.0,D4,D3,Untiered,False,False,False,Direct / Organic,Other,False,1,2025-08-21 16:00:00+00:00,2025-08,2025
8296424341759,23.96,64.9,1,0.36918335901386745,0.0,D4,D3,Untiered,False,False,False,Direct / Organic,Lean Protein,False,1,2025-08-29 16:00:00+00:00,2025-08,2025
8304532979967,23.96,64.9,1,0.36918335901386745,0.0,D4,D3,Untiered,False,False,False,Direct / Organic,Lean Protein,False,1,2025-09-03 16:00:00+00:00,2025-09,2025
8708667474175,23.96,36.38,1,0.6586036283672347,1.0,D4,D2,Tier 4 (D2 Profit or Frequency),False,False,False,Direct / Organic,Other,False,1,2026-01-21 16:00:00+00:00,2026-01,2026
8273637835007,23.95,59.88,1,0.4,0.0,D4,D3,Untiered,False,False,False,Subscription,Clear Protein,True,1,2025-08-18 16:00:00+00:00,2025-08,2025
6765619511551,23.94,64.74,1,0.36972505406240347,0.0,D4,D5,Untiered,False,False,False,Subscription,Other,False,1,2023-08-05 16:00:00+00:00,2023-08,2023
6327719756031,23.92,61.71,1,0.38761951061416305,0.0,D4,D5,Untiered,False,False,False,Subscription,Other,False,1,2024-04-08 16:00:00+00:00,2024-04,2024
6336751894783,23.92,61.71,1,0.38761951061416305,0.0,D4,D5,Untiered,False,False,False,Subscription,Other,False,1,2022-12-05 16:00:00+00:00,2022-12,2022
6390530113791,23.92,55.73,1,0.42921227346133145,0.0,D4,D5,Untiered,False,False,False,Subscription,Other,False,1,2022-10-26 16:00:00+00:00,2022-10,2022
6607911551231,23.92,56.03,1,0.4269141531322506,0.0,D4,D5,Untiered,False,False,False,Subscription,Unknown,False,1,2023-03-18 16:00:00+00:00,2023-03,2023
6616451449087,23.92,61.71,1,0.38761951061416305,0.0,D4,D5,Untiered,False,False,False,Subscription,Unknown,False,1,2023-03-25 16:00:00+00:00,2023-03,2023
6620088500479,23.92,61.71,1,0.38761951061416305,0.0,D4,D5,Untiered,False,False,False,Subscription,Other,False,2,2023-03-29 16:00:00+00:00,2023-03,2023
6978829582591,23.92,61.71,1,0.38761951061416305,0.0,D4,D5,Untiered,False,False,False,Subscription,Other,False,1,2023-12-28 16:00:00+00:00,2023-12,2023
7157991342335,23.92,52.74,1,0.453545695866515,0.0,D4,D5,Untiered,False,False,False,Subscription,Other,False,1,2024-03-30 16:00:00+00:00,2024-03,2024
7307541086463,23.92,61.71,1,0.38761951061416305,0.0,D4,D5,Untiered,False,False,False,Subscription,Other,False,1,2024-05-26 16:00:00+00:00,2024-05,2024
7475380420863,23.92,41.86,1,0.5714285714285715,0.0,D4,D5,Untiered,False,False,False,Subscription,Other,False,1,2024-08-30 16:00:00+00:00,2024-08,2024
7476565934335,23.92,41.86,1,0.5714285714285715,0.0,D4,D5,Untiered,False,False,False,Subscription,Other,False,1,2024-08-31 16:00:00+00:00,2024-09,2024
7476633960703,23.92,41.86,1,0.5714285714285715,0.0,D4,D5,Untiered,False,False,False,Subscription,Other,False,1,2024-08-31 16:00:00+00:00,2024-09,2024
7843205382399,23.92,60.62,2,0.3945892444737711,0.0,D4,D1,Tier 3 (D1 Frequency Only),False,True,False,Direct / Organic,Other,False,1,2025-02-10 16:00:00+00:00,2025-02,2025
7964726853887,23.92,59.8,1,0.4,0.0,D4,D3,Untiered,False,False,False,Direct / Organic,Other,False,1,2025-04-17 16:00:00+00:00,2025-04,2025
7756475793663,23.89,59.73,1,0.4,0.0,D4,D4,Untiered,False,False,False,Subscription,Clear Protein,True,2,2024-10-22 16:00:00+00:00,2024-10,2024
7756484608255,23.89,59.73,1,0.4,0.0,D4,D4,Untiered,False,False,False,Subscription,Clear Protein,True,1,2024-12-11 16:00:00+00:00,2024-12,2024
7756486836479,23.89,59.73,1,0.4,0.0,D4,D4,Untiered,False,False,False,Subscription,Clear Protein,True,1,2024-12-22 16:00:00+00:00,2024-12,2024
7756041945343,23.88,62.43,1,0.38252512013979906,0.0,D4,D4,Untiered,False,False,False,Direct / Organic,Unknown,False,1,2022-02-27 16:00:00+00:00,2022-02,2022
7929718046975,23.87,59.68,1,0.4,0.0,D4,D3,Untiered,False,False,False,Subscription,Clear Protein,True,1,2025-06-29 16:00:00+00:00,2025-06,2025
7944776253695,23.86,59.64,1,0.4,0.0,D4,D3,Untiered,False,False,False,Paid Social,Accessories,False,2,2025-05-18 16:00:00+00:00,2025-05,2025
8572002271487,23.83,28.27,1,0.8429430491687302,1.0,D4,D2,Tier 4 (D2 Profit or Frequency),False,False,False,Direct / Organic,Other,False,1,2025-12-11 16:00:00+00:00,2025-12,2025
7929798164735,23.83,59.57,1,0.4,0.0,D4,D3,Untiered,False,False,False,Subscription,Clear Protein,True,1,2025-03-27 16:00:00+00:00,2025-03,2025
7755981259007,23.83,62.3,1,0.3824885689269384,0.0,D4,D4,Untiered,False,False,False,Direct / Organic,Unknown,False,1,2022-08-26 16:00:00+00:00,2022-08,2022
8598015181055,23.82,26.76,1,0.890134529147982,1.0,D4,D2,Tier 4 (D2 Profit or Frequency),False,False,False,Direct / Organic,Other,False,2,2025-12-07 16:00:00+00:00,2025-12,2025
8371382780159,23.81,29.9,1,0.7963210702341137,1.0,D4,D2,Tier 4 (D2 Profit or Frequency),False,False,False,Direct / Organic,Other,False,1,2025-10-07 16:00:00+00:00,2025-10,2025
8479778144511,23.81,31.91,1,0.7461610780319649,1.0,D4,D2,Tier 4 (D2 Profit or Frequency),False,False,False,Direct / Organic,Other,False,1,2025-10-27 16:00:00+00:00,2025-10,2025
8637321609471,23.81,32.52,1,0.7321648216482164,1.0,D4,D2,Tier 4 (D2 Profit or Frequency),False,False,False,Direct / Organic,Other,False,1,2025-12-20 16:00:00+00:00,2025-12,2025
7956440285439,23.76,59.14,1,0.4017585390598579,0.0,D4,D3,Untiered,False,False,False,Direct / Organic,Lean Protein,False,3,2025-04-16 16:00:00+00:00,2025-04,2025
7755940135167,23.73,53.16,1,0.44644587584791656,0.0,D4,D5,Untiered,False,False,False,Direct / Organic,Other,False,2,2022-10-27 16:00:00+00:00,2022-10,2022
7756261949695,23.73,59.09,1,0.40162042972155276,0.0,D4,D4,Untiered,False,False,False,Direct / Organic,Other,False,2,2022-12-15 16:00:00+00:00,2022-12,2022
7963035402495,23.66,59.16,1,0.4,0.0,D4,D3,Untiered,False,False,False,Direct / Organic,Lean Protein,False,1,2025-04-17 16:00:00+00:00,2025-04,2025
7363903357183,23.6,49.15,1,0.48024415055951175,0.0,D4,D5,Untiered,False,False,False,Subscription,Clear Protein,False,2,2024-06-27 16:00:00+00:00,2024-06,2024
7366254100735,23.6,49.15,1,0.48024415055951175,0.0,D4,D5,Untiered,False,False,False,Subscription,Clear Protein,False,2,2024-06-29 16:00:00+00:00,2024-06,2024
7366333694207,23.6,52.1,1,0.45305182341650674,0.0,D4,D5,Untiered,False,False,False,Subscription,Clear Protein,False,2,2024-06-29 16:00:00+00:00,2024-06,2024
7014327156991,23.6,58.0,1,0.40689655172413797,0.0,D4,D5,Untiered,False,False,False,Subscription,Clear Protein,False,1,2024-01-14 16:00:00+00:00,2024-01,2024
7062069641471,23.6,55.05,1,0.42870118074477753,0.0,D4,D5,Untiered,False,False,False,Subscription,Clear Protein,False,1,2024-02-10 16:00:00+00:00,2024-02,2024
7125935882495,23.6,63.9,1,0.3693270735524257,0.0,D4,D5,Untiered,False,False,False,Subscription,Clear Protein,False,1,2024-03-13 16:00:00+00:00,2024-03,2024
7138632499455,23.6,63.9,1,0.3693270735524257,0.0,D4,D5,Untiered,False,False,False,Subscription,Clear Protein,False,1,2024-03-18 16:00:00+00:00,2024-03,2024
7144463663359,23.6,55.05,1,0.42870118074477753,0.0,D4,D5,Untiered,False,False,False,Subscription,Clear Protein,False,1,2024-03-22 16:00:00+00:00,2024-03,2024
7151885091071,23.6,46.2,1,0.5108225108225108,0.0,D4,D5,Untiered,False,False,False,Subscription,Clear Protein,False,1,2024-05-28 16:00:00+00:00,2024-05,2024
7152061481215,23.6,58.0,1,0.40689655172413797,0.0,D4,D5,Untiered,False,False,False,Subscription,Clear Protein,False,1,2024-03-25 16:00:00+00:00,2024-03,2024
7153927815423,23.6,52.1,1,0.45297504798464494,0.0,D4,D5,Untiered,False,False,False,Subscription,Clear Protein,False,1,2024-03-27 16:00:00+00:00,2024-03,2024
7155245351167,23.6,52.1,1,0.45297504798464494,0.0,D4,D5,Untiered,False,False,False,Subscription,Clear Protein,False,1,2024-03-28 16:00:00+00:00,2024-03,2024
7156459798783,23.6,52.1,1,0.45297504798464494,0.0,D4,D5,Untiered,False,False,False,Subscription,Clear Protein,False,1,2024-03-29 16:00:00+00:00,2024-03,2024
7156507672831,23.6,52.1,1,0.45297504798464494,0.0,D4,D5,Untiered,False,False,False,Subscription,Clear Protein,False,1,2024-03-29 16:00:00+00:00,2024-03,2024
7168769261823,23.6,63.9,1,0.3693270735524257,0.0,D4,D5,Untiered,False,False,False,Subscription,Clear Protein,False,1,2024-04-03 16:00:00+00:00,2024-04,2024
7169622475007,23.6,55.05,1,0.42870118074477753,0.0,D4,D5,Untiered,False,False,False,Subscription,Clear Protein,False,1,2024-04-04 16:00:00+00:00,2024-04,2024
7175451934975,23.6,58.0,1,0.40689655172413797,0.0,D4,D5,Untiered,False,False,False,Subscription,Clear Protein,False,1,2024-04-09 16:00:00+00:00,2024-04,2024
7177885614335,23.6,63.9,1,0.3693270735524257,0.0,D4,D5,Untiered,False,False,False,Subscription,Clear Protein,False,1,2024-04-09 16:00:00+00:00,2024-04,2024
7181382025471,23.6,63.9,1,0.3693270735524257,0.0,D4,D5,Untiered,False,False,False,Subscription,Clear Protein,False,1,2024-04-11 16:00:00+00:00,2024-04,2024
7183440052479,23.6,58.0,1,0.40689655172413797,0.0,D4,D5,Untiered,False,False,False,Subscription,Clear Protein,False,1,2024-04-13 16:00:00+00:00,2024-04,2024
7184370958591,23.6,63.9,1,0.3693270735524257,0.0,D4,D5,Untiered,False,False,False,Subscription,Clear Protein,False,1,2024-04-14 16:00:00+00:00,2024-04,2024
7252201898239,23.6,52.1,1,0.45297504798464494,0.0,D4,D5,Untiered,False,False,False,Subscription,Clear Protein,False,1,2024-04-27 16:00:00+00:00,2024-04,2024
7258667909375,23.6,63.9,1,0.3693270735524257,0.0,D4,D5,Untiered,False,False,False,Subscription,Clear Protein,False,1,2024-04-30 16:00:00+00:00,2024-05,2024
7268007084287,23.6,63.9,1,0.3693270735524257,0.0,D4,D5,Untiered,False,False,False,Subscription,Clear Protein,False,1,2024-05-06 16:00:00+00:00,2024-05,2024
7288602657023,23.6,63.9,1,0.3693270735524257,0.0,D4,D5,Untiered,False,False,False,Subscription,Clear Protein,False,1,2024-05-15 16:00:00+00:00,2024-05,2024
7303136674047,23.6,63.9,1,0.3693270735524257,0.0,D4,D5,Untiered,False,False,False,Subscription,Clear Protein,False,1,2024-05-23 16:00:00+00:00,2024-05,2024
7306038247679,23.6,63.9,1,0.3693270735524257,0.0,D4,D5,Untiered,False,False,False,Subscription,Clear Protein,False,1,2024-05-25 16:00:00+00:00,2024-05,2024
7307119755519,23.6,63.9,1,0.3693270735524257,0.0,D4,D5,Untiered,False,False,False,Subscription,Clear Protein,False,1,2024-05-26 16:00:00+00:00,2024-05,2024
7312641884415,23.6,46.2,1,0.5108225108225108,0.0,D4,D5,Untiered,False,False,False,Subscription,Clear Protein,False,1,2024-05-29 16:00:00+00:00,2024-05,2024
7323303674111,23.6,63.9,1,0.3693270735524257,0.0,D4,D5,Untiered,False,False,False,Subscription,Clear Protein,False,1,2024-06-05 16:00:00+00:00,2024-06,2024
7328844644607,23.6,55.05,1,0.42870118074477753,0.0,D4,D5,Untiered,False,False,False,Subscription,Clear Protein,False,1,2024-06-07 16:00:00+00:00,2024-06,2024
7425832714495,23.6,63.9,1,0.3693270735524257,0.0,D4,D5,Untiered,False,False,False,Subscription,Clear Protein,False,1,2024-08-01 16:00:00+00:00,2024-08,2024
7436716343551,23.6,63.9,1,0.3693270735524257,0.0,D4,D5,Untiered,False,False,False,Subscription,Clear Protein,False,1,2024-08-08 16:00:00+00:00,2024-08,2024
7437842317567,23.6,55.05,1,0.42870118074477753,0.0,D4,D5,Untiered,False,False,False,Subscription,Clear Protein,False,1,2024-08-08 16:00:00+00:00,2024-08,2024
8078896857343,23.6,64.0,1,0.36875,0.0,D4,D3,Untiered,False,False,False,Direct / Organic,Clear Protein,False,1,2025-05-25 16:00:00+00:00,2025-05,2025
7756031983871,23.58,61.68,2,0.38231392778187173,0.0,D4,D1,Tier 3 (D1 Frequency Only),False,True,False,Direct / Organic,Unknown,False,1,2022-04-04 16:00:00+00:00,2022-04,2022
8416204783871,23.49,30.66,1,0.7661448140900197,1.0,D4,D2,Tier 4 (D2 Profit or Frequency),False,False,False,Direct / Organic,Other,False,1,2025-10-14 16:00:00+00:00,2025-10,2025
8165778358527,23.41,58.52,1,0.4,0.0,D4,D3,Untiered,False,False,False,Direct / Organic,Soy Protein,False,2,2025-06-28 16:00:00+00:00,2025-06,2025
8327479558399,23.26,58.16,1,0.4,0.0,D4,D3,Untiered,False,False,False,Paid Social,Lean Protein,False,3,2025-09-13 16:00:00+00:00,2025-09,2025
6532514840831,23.25,49.66,1,0.46814742494508177,0.0,D4,D5,Untiered,False,False,False,Direct / Organic,Other,False,2,2023-01-26 16:00:00+00:00,2023-01,2023
7755937448191,23.25,49.66,1,0.46814742494508177,0.0,D4,D5,Untiered,False,False,False,Direct / Organic,Other,False,2,2023-01-07 16:00:00+00:00,2023-01,2023
7756005998847,23.25,58.37,1,0.3982971654033849,0.0,D4,D4,Untiered,False,False,False,Direct / Organic,Unknown,False,1,2022-10-14 16:00:00+00:00,2022-10,2022
7756006228223,23.25,63.58,2,0.3656816015252622,0.0,D4,D2,Tier 4 (D2 Profit or Frequency),False,False,False,Direct / Organic,Unknown,False,2,2022-10-15 16:00:00+00:00,2022-10,2022
8358775849215,23.18,31.67,1,0.7319229554783706,1.0,D4,D3,Untiered,False,False,False,Direct / Organic,Lean Protein,False,2,2025-10-04 16:00:00+00:00,2025-10,2025
8736424231167,23.18,31.64,1,0.7326169405815424,1.0,D4,D2,Tier 4 (D2 Profit or Frequency),False,False,False,Direct / Organic,Accessories,False,2,2026-02-02 16:00:00+00:00,2026-02,2026
8476522742015,23.16,31.91,1,0.7257912879974928,1.0,D4,D2,Tier 4 (D2 Profit or Frequency),False,False,False,Email,Other,False,1,2025-10-25 16:00:00+00:00,2025-10,2025
6851588653311,23.02,42.09,1,0.5468682505399568,0.0,D4,D5,Untiered,False,False,False,Direct / Organic,Unknown,False,1,2023-10-16 16:00:00+00:00,2023-10,2023
7755972935935,23.02,60.27,1,0.3819004524886878,0.0,D4,D4,Untiered,False,False,False,Direct / Organic,Unknown,False,2,2024-06-11 16:00:00+00:00,2024-06,2024
7756362711295,23.02,43.01,1,0.5351934051997463,0.0,D4,D4,Untiered,False,False,False,Direct / Organic,Other,False,1,2023-06-04 16:00:00+00:00,2023-06,2023
7756380995839,23.02,54.52,1,0.4222111055527764,0.0,D4,D4,Untiered,False,False,False,Direct / Organic,Unknown,False,1,2023-09-10 16:00:00+00:00,2023-09,2023
7756381159679,23.02,60.27,1,0.3819004524886878,0.0,D4,D4,Untiered,False,False,False,Direct / Organic,Other,False,1,2023-09-11 16:00:00+00:00,2023-09,2023
7756384305407,23.02,51.18,1,0.4497335701598579,0.0,D4,D4,Untiered,False,False,False,Direct / Organic,Other,False,1,2023-10-07 16:00:00+00:00,2023-10,2023
7756385583359,23.02,42.09,1,0.5468682505399568,0.0,D4,D4,Untiered,False,False,False,Direct / Organic,Other,False,1,2023-10-15 16:00:00+00:00,2023-10,2023
7756396101887,23.02,57.55,1,0.4,0.0,D4,D4,Untiered,False,False,False,Direct / Organic,Other,False,1,2023-12-03 16:00:00+00:00,2023-12,2023
7756410814719,23.02,60.27,1,0.3819004524886878,0.0,D4,D4,Untiered,False,False,False,Direct / Organic,Other,False,1,2024-03-06 16:00:00+00:00,2024-03,2024
7756412977407,23.02,60.27,1,0.3819004524886878,0.0,D4,D4,Untiered,False,False,False,Direct / Organic,Other,False,1,2024-03-17 16:00:00+00:00,2024-03,2024
7756430672127,23.02,43.01,1,0.5351934051997463,0.0,D4,D4,Untiered,False,False,False,Direct / Organic,Other,False,1,2024-05-27 16:00:00+00:00,2024-05,2024
7756440076543,23.02,45.89,1,0.5016179092650069,0.0,D4,D4,Untiered,False,False,False,Direct / Organic,Other,False,1,2024-06-28 16:00:00+00:00,2024-06,2024
7756266275071,23.01,49.17,1,0.46789103907309265,0.0,D4,D4,Untiered,False,False,False,Direct / Organic,Accessories,False,2,2023-01-21 16:00:00+00:00,2023-01,2023
6532505764095,23.01,57.37,1,0.40103533886218373,0.0,D4,D5,Untiered,False,False,False,Direct / Organic,Other,False,2,2022-12-06 16:00:00+00:00,2022-12,2022
7755981357311,23.01,57.37,1,0.40103533886218373,0.0,D4,D4,Untiered,False,False,False,Direct / Organic,Unknown,False,2,2023-03-04 16:00:00+00:00,2023-03,2023
7756263162111,23.01,57.37,1,0.40103533886218373,0.0,D4,D4,Untiered,False,False,False,Direct / Organic,Collagen Glow,False,2,2022-12-25 16:00:00+00:00,2022-12,2022
7756355436799,23.01,58.88,2,0.3906957595718403,0.0,D4,D1,Tier 3 (D1 Frequency Only),False,True,False,Direct / Organic,Collagen Glow,False,2,2023-03-23 16:00:00+00:00,2023-03,2023
7756365496575,23.01,57.37,1,0.40103533886218373,0.0,D4,D4,Untiered,False,False,False,Direct / Organic,Other,False,2,2023-06-26 16:00:00+00:00,2023-06,2023
7756427657471,23.01,48.89,1,0.47058823529411764,0.0,D4,D4,Untiered,False,False,False,Direct / Organic,Other,False,2,2024-05-18 16:00:00+00:00,2024-05,2024
7756439126271,23.01,57.37,1,0.40103533886218373,0.0,D4,D4,Untiered,False,False,False,Direct / Organic,Other,False,2,2024-06-26 16:00:00+00:00,2024-06,2024
7756467831039,23.01,42.99,1,0.5351755251656563,0.0,D4,D4,Untiered,False,False,False,Direct / Organic,Other,False,2,2024-09-26 16:00:00+00:00,2024-09,2024
8361322807551,22.99,46.25,1,0.49703783783783784,0.41549781558979076,D4,D3,Untiered,False,False,False,Direct / Organic,Clear Protein,False,2,2025-10-01 16:00:00+00:00,2025-10,2025
6336672530687,22.96,62.29,1,0.36853427516455295,0.0,D4,D5,Untiered,False,False,False,Subscription,Unknown,False,1,2022-06-05 16:00:00+00:00,2022-06,2022
6532486037759,22.91,60.0,1,0.38181818181818183,0.0,D4,D5,Untiered,False,False,False,Email,Clear Protein,False,1,2024-01-05 16:00:00+00:00,2024-01,2024
7756365758719,22.91,48.55,1,0.47191011235955055,0.0,D4,D4,Untiered,False,False,False,Direct / Organic,Clear Protein,False,1,2024-03-30 16:00:00+00:00,2024-03,2024
7756399313151,22.91,51.55,1,0.4444444444444445,0.0,D4,D4,Untiered,False,False,False,Direct / Organic,Clear Protein,False,1,2024-01-06 16:00:00+00:00,2024-01,2024
7756412616959,22.91,48.55,1,0.47191011235955055,0.0,D4,D4,Untiered,False,False,False,Direct / Organic,Clear Protein,False,1,2024-03-27 16:00:00+00:00,2024-03,2024
7756413206783,22.91,60.0,1,0.38181818181818183,0.0,D4,D4,Untiered,False,False,False,Direct / Organic,Clear Protein,False,1,2024-03-18 16:00:00+00:00,2024-03,2024
7756413567231,22.91,51.41,1,0.4456233421750663,0.0,D4,D4,Untiered,False,False,False,Direct / Organic,Clear Protein,False,1,2024-04-04 16:00:00+00:00,2024-04,2024
7756415074559,22.91,60.0,1,0.38181818181818183,0.0,D4,D4,Untiered,False,False,False,Direct / Organic,Clear Protein,False,1,2024-03-29 16:00:00+00:00,2024-03,2024
7756415271167,22.91,48.55,1,0.47191011235955055,0.0,D4,D4,Untiered,False,False,False,Direct / Organic,Clear Protein,False,1,2024-03-30 16:00:00+00:00,2024-03,2024
7756417532159,22.91,60.0,1,0.38181818181818183,0.0,D4,D4,Untiered,False,False,False,Direct / Organic,Clear Protein,False,1,2024-04-09 16:00:00+00:00,2024-04,2024
7756418547967,22.91,60.0,1,0.38181818181818183,0.0,D4,D4,Untiered,False,False,False,Direct / Organic,Clear Protein,False,1,2024-04-15 16:00:00+00:00,2024-04,2024
7756418580735,22.91,54.27,1,0.4221105527638191,0.0,D4,D4,Untiered,False,False,False,Direct / Organic,Clear Protein,False,1,2024-04-16 16:00:00+00:00,2024-04,2024
7756422906111,22.91,48.55,1,0.47191011235955055,0.0,D4,D4,Untiered,False,False,False,Direct / Organic,Clear Protein,False,1,2024-04-29 16:00:00+00:00,2024-04,2024
7756424544511,22.91,60.0,1,0.38181818181818183,0.0,D4,D4,Untiered,False,False,False,Direct / Organic,Clear Protein,False,1,2024-05-04 16:00:00+00:00,2024-05,2024
7756425560319,22.91,57.27,1,0.4,0.0,D4,D4,Untiered,False,False,False,Direct / Organic,Clear Protein,False,1,2024-05-11 16:00:00+00:00,2024-05,2024
7756426477823,22.91,60.0,1,0.38181818181818183,0.0,D4,D4,Untiered,False,False,False,Direct / Organic,Clear Protein,False,1,2024-05-16 16:00:00+00:00,2024-05,2024
7756426871039,22.91,60.0,1,0.38181818181818183,0.0,D4,D4,Untiered,False,False,False,Direct / Organic,Clear Protein,False,1,2024-05-16 16:00:00+00:00,2024-05,2024
7756427165951,22.91,57.27,1,0.4,0.0,D4,D4,Untiered,False,False,False,Direct / Organic,Clear Protein,False,1,2024-05-17 16:00:00+00:00,2024-05,2024
7756428804351,22.91,60.0,1,0.38181818181818183,0.0,D4,D4,Untiered,False,False,False,Direct / Organic,Clear Protein,False,1,2024-05-23 16:00:00+00:00,2024-05,2024
7756430934271,22.91,46.15,1,0.4963887065003283,0.0,D4,D4,Untiered,False,False,False,Direct / Organic,Clear Protein,False,1,2024-05-28 16:00:00+00:00,2024-05,2024
7756431458559,22.91,42.82,1,0.535031847133758,0.0,D4,D4,Untiered,False,False,False,Direct / Organic,Clear Protein,False,1,2024-05-29 16:00:00+00:00,2024-05,2024
7756433785087,22.91,60.0,1,0.38181818181818183,0.0,D4,D4,Untiered,False,False,False,Direct / Organic,Clear Protein,False,1,2024-06-01 16:00:00+00:00,2024-06,2024
7756434735359,22.91,60.0,1,0.38181818181818183,0.0,D4,D4,Untiered,False,False,False,Direct / Organic,Clear Protein,False,1,2024-06-04 16:00:00+00:00,2024-06,2024
7756435685631,22.91,60.0,1,0.38181818181818183,0.0,D4,D4,Untiered,False,False,False,Direct / Organic,Clear Protein,False,1,2024-06-09 16:00:00+00:00,2024-06,2024
7756436111615,22.91,57.27,1,0.4,0.0,D4,D4,Untiered,False,False,False,Direct / Organic,Clear Protein,False,1,2024-06-12 16:00:00+00:00,2024-06,2024
7756436144383,22.91,60.0,1,0.38181818181818183,0.0,D4,D4,Untiered,False,False,False,Direct / Organic,Clear Protein,False,1,2024-06-12 16:00:00+00:00,2024-06,2024
7756436209919,22.91,60.0,1,0.38181818181818183,0.0,D4,D4,Untiered,False,False,False,Direct / Organic,Clear Protein,False,1,2024-06-13 16:00:00+00:00,2024-06,2024
7756439814399,22.91,48.55,1,0.47191011235955055,0.0,D4,D4,Untiered,False,False,False,Direct / Organic,Clear Protein,False,1,2024-06-27 16:00:00+00:00,2024-06,2024
7756440207615,22.91,45.68,1,0.5014925373134329,0.0,D4,D4,Untiered,False,False,False,Direct / Organic,Clear Protein,False,1,2024-06-29 16:00:00+00:00,2024-06,2024
7756456395007,22.91,60.0,1,0.38181818181818183,0.0,D4,D4,Untiered,False,False,False,Direct / Organic,Clear Protein,False,1,2024-08-01 16:00:00+00:00,2024-08,2024
7756457672959,22.91,51.41,1,0.4456233421750663,0.0,D4,D4,Untiered,False,False,False,Direct / Organic,Clear Protein,False,1,2024-08-10 16:00:00+00:00,2024-08,2024
7756459049215,22.91,51.41,1,0.4456233421750663,0.0,D4,D4,Untiered,False,False,False,Direct / Organic,Clear Protein,False,1,2024-08-22 16:00:00+00:00,2024-08,2024
7756460261631,22.91,51.41,1,0.4456233421750663,0.0,D4,D4,Untiered,False,False,False,Direct / Organic,Clear Protein,False,1,2024-08-25 16:00:00+00:00,2024-08,2024
7756460687615,22.91,60.0,1,0.38181818181818183,0.0,D4,D4,Untiered,False,False,False,Direct / Organic,Clear Protein,False,1,2024-08-27 16:00:00+00:00,2024-08,2024
7756460818687,22.91,60.0,1,0.38181818181818183,0.0,D4,D4,Untiered,False,False,False,Direct / Organic,Clear Protein,False,1,2024-08-27 16:00:00+00:00,2024-08,2024
7756463931647,22.91,51.41,1,0.4456233421750663,0.0,D4,D4,Untiered,False,False,False,Direct / Organic,Clear Protein,False,1,2024-09-10 16:00:00+00:00,2024-09,2024
7756465144063,22.91,57.27,1,0.4,0.0,D4,D4,Untiered,False,False,False,Direct / Organic,Clear Protein,False,1,2024-09-16 16:00:00+00:00,2024-09,2024
7756465176831,22.91,60.0,1,0.38181818181818183,0.0,D4,D4,Untiered,False,False,False,Direct / Organic,Clear Protein,False,1,2024-09-17 16:00:00+00:00,2024-09,2024
7756465307903,22.91,60.0,1,0.38181818181818183,0.0,D4,D4,Untiered,False,False,False,Direct / Organic,Clear Protein,False,1,2024-09-17 16:00:00+00:00,2024-09,2024
7756466847999,22.91,60.0,1,0.38181818181818183,0.0,D4,D4,Untiered,False,False,False,Direct / Organic,Clear Protein,False,1,2024-09-23 16:00:00+00:00,2024-09,2024
7756467011839,22.91,60.0,1,0.38181818181818183,0.0,D4,D4,Untiered,False,False,False,Direct / Organic,Clear Protein,False,1,2024-09-24 16:00:00+00:00,2024-09,2024
7756467142911,22.91,60.0,1,0.38181818181818183,0.0,D4,D4,Untiered,False,False,False,Direct / Organic,Clear Protein,False,1,2024-09-25 16:00:00+00:00,2024-09,2024
7756467536127,22.91,60.0,1,0.38181818181818183,0.0,D4,D4,Untiered,False,False,False,Direct / Organic,Clear Protein,False,1,2024-09-25 16:00:00+00:00,2024-09,2024
7756467568895,22.91,60.0,1,0.38181818181818183,0.0,D4,D4,Untiered,False,False,False,Direct / Organic,Clear Protein,False,1,2024-09-25 16:00:00+00:00,2024-09,2024
7756467798271,22.91,42.82,1,0.535031847133758,0.0,D4,D4,Untiered,False,False,False,Direct / Organic,Clear Protein,False,1,2024-09-26 16:00:00+00:00,2024-09,2024
7756468060415,22.91,60.0,1,0.38181818181818183,0.0,D4,D4,Untiered,False,False,False,Direct / Organic,Clear Protein,False,1,2024-09-26 16:00:00+00:00,2024-09,2024
7756468158719,22.91,60.0,1,0.38181818181818183,0.0,D4,D4,Untiered,False,False,False,Direct / Organic,Clear Protein,False,1,2024-09-26 16:00:00+00:00,2024-09,2024
7756468388095,22.91,42.82,1,0.535031847133758,0.0,D4,D4,Untiered,False,False,False,Direct / Organic,Clear Protein,False,1,2024-09-27 16:00:00+00:00,2024-09,2024
7756469305599,22.91,60.0,1,0.38181818181818183,0.0,D4,D4,Untiered,False,False,False,Direct / Organic,Clear Protein,False,1,2024-09-29 16:00:00+00:00,2024-09,2024
7756469338367,22.91,42.82,1,0.535031847133758,0.0,D4,D4,Untiered,False,False,False,Direct / Organic,Clear Protein,False,1,2024-09-29 16:00:00+00:00,2024-09,2024
7756470649087,22.91,60.0,1,0.38181818181818183,0.0,D4,D4,Untiered,False,False,False,Direct / Organic,Clear Protein,False,1,2024-10-03 16:00:00+00:00,2024-10,2024
7829346124031,22.91,57.27,1,0.4,0.0,D4,D3,Untiered,False,False,False,Direct / Organic,Unknown,False,1,2022-04-26 16:00:00+00:00,2022-04,2022
7756033589503,22.85,57.12,1,0.4,0.0,D4,D4,Untiered,False,False,False,Direct / Organic,Unknown,False,1,2022-05-22 16:00:00+00:00,2022-05,2022
7756019368191,22.84,59.82,1,0.3817629179331307,0.0,D4,D4,Untiered,False,False,False,Direct / Organic,Unknown,False,1,2022-08-07 16:00:00+00:00,2022-08,2022
6327713792255,22.8,56.99,1,0.4,0.0,D4,D5,Untiered,False,False,False,Subscription,Unknown,False,1,2022-02-10 16:00:00+00:00,2022-02,2022
6423602856191,22.8,56.99,1,0.4,0.0,D4,D5,Untiered,False,False,False,Subscription,Unknown,False,1,2022-02-17 16:00:00+00:00,2022-02,2022
6423463756031,22.73,66.62,2,0.3411588111678175,0.0,D4,D2,Tier 4 (D2 Profit or Frequency),False,False,False,Subscription,Unknown,False,1,2022-05-13 16:00:00+00:00,2022-05,2022
7250974277887,22.72,33.8,1,0.672189349112426,1.0,D4,D5,Untiered,False,False,False,Direct / Organic,Lean Protein,False,2,2025-10-14 16:00:00+00:00,2025-10,2025
7756038701311,22.69,59.45,1,0.381651376146789,0.0,D4,D4,Untiered,False,False,False,Direct / Organic,Unknown,True,1,2022-03-26 16:00:00+00:00,2022-03,2022
7845481414911,22.62,64.65,3,0.34982211910286154,0.0,D4,D1,Tier 3 (D1 Frequency Only),False,True,False,Direct / Organic,Other,False,1,2025-02-12 16:00:00+00:00,2025-02,2025
7756005802239,22.52,50.58,1,0.445216557838615,0.0,D4,D4,Untiered,False,False,False,Direct / Organic,Unknown,False,1,2022-10-25 16:00:00+00:00,2022-10,2022
6329708675327,22.46,61.05,1,0.3678951678951679,0.0,D4,D5,Untiered,False,False,False,Subscription,Unknown,False,1,2022-01-08 16:00:00+00:00,2022-01,2022
6327624859903,22.4,60.9,1,0.36781609195402304,0.0,D4,D5,Untiered,False,False,False,Subscription,Unknown,False,1,2022-08-12 16:00:00+00:00,2022-08,2022
6336660472063,22.4,60.9,1,0.36781609195402304,0.0,D4,D5,Untiered,False,False,False,Subscription,Unknown,False,1,2022-08-09 16:00:00+00:00,2022-08,2022
6601909240063,22.38,55.94,1,0.4,0.0,D4,D5,Untiered,False,False,False,Subscription,Other,True,2,2023-04-02 16:00:00+00:00,2023-04,2023
6329609191679,22.34,60.75,1,0.36773662551440334,0.0,D4,D5,Untiered,False,False,False,Subscription,Unknown,False,1,2022-09-03 16:00:00+00:00,2022-09,2022
6423598760191,22.34,55.85,1,0.39999999999999997,0.0,D4,D5,Untiered,False,False,False,Subscription,Unknown,False,1,2022-03-09 16:00:00+00:00,2022-03,2022
6423590371583,22.24,60.49,1,0.36759795007439244,0.0,D4,D5,Untiered,False,False,False,Subscription,Unknown,False,1,2022-05-01 16:00:00+00:00,2022-05,2022
8275451150591,22.14,58.08,1,0.381129476584022,0.0,D4,D3,Untiered,False,False,False,Subscription,Accessories,True,2,2025-08-19 16:00:00+00:00,2025-08,2025
7567425732863,22.08,55.21,1,0.4000000000000001,0.0,D4,D5,Untiered,False,False,False,Subscription,Other,True,2,2024-10-14 16:00:00+00:00,2024-10,2024
8035693494527,22.0,60.0,1,0.36666666666666664,0.0,D4,D3,Untiered,False,False,False,Paid Social,Lean Protein,False,2,2025-05-10 16:00:00+00:00,2025-05,2025
6329849872639,21.98,59.85,1,0.3672514619883041,0.0,D4,D5,Untiered,False,False,False,Subscription,Unknown,False,1,2022-04-03 16:00:00+00:00,2022-04,2022
7829347598591,21.82,54.55,1,0.4,0.0,D4,D3,Untiered,False,False,False,Direct / Organic,Unknown,False,1,2022-04-05 16:00:00+00:00,2022-04,2022
7756474712319,21.8,54.49,2,0.4,0.0,D4,D1,Tier 3 (D1 Frequency Only),False,True,False,Subscription,Collagen Glow,True,2,2024-10-16 16:00:00+00:00,2024-10,2024
7756484575487,21.8,54.49,2,0.4,0.0,D4,D1,Tier 3 (D1 Frequency Only),False,True,False,Subscription,Soy Protein,True,1,2024-12-11 16:00:00+00:00,2024-12,2024
6532458578175,21.79,57.82,1,0.3769194486662125,0.0,D4,D5,Untiered,False,False,False,Direct / Organic,Unknown,False,1,2023-01-25 16:00:00+00:00,2023-01,2023
6532492591359,21.79,57.82,1,0.3769194486662125,0.0,D4,D5,Untiered,False,False,False,Direct / Organic,Unknown,False,1,2023-01-08 16:00:00+00:00,2023-01,2023
6532515135743,21.79,46.72,1,0.4664375121603217,0.0,D4,D5,Untiered,False,False,False,Direct / Organic,Other,False,1,2023-01-10 16:00:00+00:00,2023-01,2023
7756006392063,21.79,54.49,1,0.3999555110666222,0.0,D4,D4,Untiered,False,False,False,Direct / Organic,Unknown,False,1,2022-10-16 16:00:00+00:00,2022-10,2022
7756007473407,21.79,54.49,1,0.3999777542962016,0.0,D4,D4,Untiered,False,False,False,Direct / Organic,Other,False,1,2022-10-31 16:00:00+00:00,2022-11,2022
7756264243455,21.79,54.49,1,0.3999777542962016,0.0,D4,D4,Untiered,False,False,False,Direct / Organic,Unknown,False,1,2023-01-02 16:00:00+00:00,2023-01,2023
7756361269503,21.79,51.76,1,0.4210526315789474,0.0,D4,D4,Untiered,False,False,False,Direct / Organic,Other,False,1,2023-05-11 16:00:00+00:00,2023-05,2023
7756361400575,21.79,57.21,1,0.3809322033898305,0.0,D4,D4,Untiered,False,False,False,Direct / Organic,Other,False,1,2023-05-15 16:00:00+00:00,2023-05,2023
7756365660415,21.79,54.49,1,0.3999777542962016,0.0,D4,D4,Untiered,False,False,False,Direct / Organic,Other,False,1,2023-06-28 16:00:00+00:00,2023-06,2023
7756380864767,21.79,54.49,1,0.3999777542962016,0.0,D4,D4,Untiered,False,False,False,Direct / Organic,Unknown,False,1,2023-09-08 16:00:00+00:00,2023-09,2023
7756414714111,21.79,54.49,1,0.3999777542962016,0.0,D4,D4,Untiered,False,False,False,Direct / Organic,Other,False,1,2024-03-25 16:00:00+00:00,2024-03,2024
7756439355647,21.79,40.86,1,0.5333333333333334,0.0,D4,D4,Untiered,False,False,False,Direct / Organic,Other,False,1,2024-06-26 16:00:00+00:00,2024-06,2024
7756429426943,21.62,37.83,1,0.5714651926620204,0.0,D4,D4,Untiered,False,False,False,Subscription,Unknown,True,3,2024-05-25 16:00:00+00:00,2024-05,2024
6334080876799,21.6,58.89,1,0.36671760910171514,0.0,D4,D5,Untiered,False,False,False,Subscription,Unknown,False,1,2022-06-12 16:00:00+00:00,2022-06,2022
6329836404991,21.58,58.85,1,0.36669498725573496,0.0,D4,D5,Untiered,False,False,False,Subscription,Unknown,False,1,2022-06-08 16:00:00+00:00,2022-06,2022
7460404625663,21.57,53.92,1,0.4,0.0,D4,D5,Untiered,False,False,False,Subscription,Other,True,2,2024-08-20 16:00:00+00:00,2024-08,2024
6327530193151,21.56,53.91,1,0.4,0.0,D4,D5,Untiered,False,False,False,Subscription,Other,True,1,2025-08-01 16:00:00+00:00,2025-08,2025
7572782612735,21.56,45.82,1,0.470624181580096,0.0,D4,D5,Untiered,False,False,False,Subscription,Lean Protein,True,1,2024-10-18 16:00:00+00:00,2024-10,2024
7817996632319,21.56,48.51,1,0.44452690166975883,0.0,D4,D4,Untiered,False,False,False,Subscription,Lean Protein,True,1,2025-01-25 16:00:00+00:00,2025-01,2025
8150100574463,21.56,53.91,1,0.4,0.0,D4,D3,Untiered,False,False,False,Subscription,Lean Protein,True,1,2025-06-21 16:00:00+00:00,2025-06,2025
8251529855231,21.56,53.91,1,0.4,0.0,D4,D3,Untiered,False,False,False,Subscription,Lean Protein,True,1,2025-08-11 16:00:00+00:00,2025-08,2025
6423598072063,21.55,53.88,2,0.4,0.0,D4,D2,Tier 4 (D2 Profit or Frequency),False,False,False,Subscription,Unknown,False,1,2022-03-16 16:00:00+00:00,2022-03,2022
8435432358143,21.53,35.5,1,0.6064788732394366,1.0,D4,D2,Tier 4 (D2 Profit or Frequency),False,False,False,Paid Social,Other,False,1,2025-10-16 16:00:00+00:00,2025-10,2025
8237699858687,21.53,53.82,2,0.4,0.0,D4,D1,Tier 3 (D1 Frequency Only),False,True,False,Subscription,Other,True,1,2025-08-03 16:00:00+00:00,2025-08,2025
7755989188863,21.33,56.06,1,0.3805405405405406,0.0,D4,D4,Untiered,False,False,False,Direct / Organic,Unknown,False,1,2022-08-16 16:00:00+00:00,2022-08,2022
8243172376831,21.12,49.88,1,0.4234161988773055,0.0,D4,D3,Untiered,False,False,False,Direct / Organic,Clear Protein,False,2,2025-08-06 16:00:00+00:00,2025-08,2025
7756030083327,21.02,55.27,1,0.38026315789473686,0.0,D4,D4,Untiered,False,False,False,Direct / Organic,Unknown,False,1,2022-06-24 16:00:00+00:00,2022-06,2022
8631633379583,20.97,27.78,1,0.7548596112311016,1.0,D4,D2,Tier 4 (D2 Profit or Frequency),False,False,False,Paid Social,Other,False,1,2025-12-18 16:00:00+00:00,2025-12,2025
7756034441471,20.95,55.1,1,0.3802023757149142,0.0,D4,D4,Untiered,False,False,False,Direct / Organic,Unknown,False,1,2022-05-16 16:00:00+00:00,2022-05,2022
8151262363903,20.93,27.41,1,0.7635899306822328,1.0,D4,D3,Untiered,False,False,False,Direct / Organic,Other,False,1,2025-09-13 16:00:00+00:00,2025-09,2025
8327758708991,20.93,24.9,1,0.840562248995984,1.0,D4,D3,Untiered,False,False,False,Direct / Organic,Other,False,1,2025-09-13 16:00:00+00:00,2025-09,2025
8335596716287,20.93,29.9,1,0.7000000000000001,1.0,D4,D3,Untiered,False,False,False,Direct / Organic,Other,False,1,2025-09-17 16:00:00+00:00,2025-09,2025
8338447925503,20.93,29.9,1,0.7000000000000001,1.0,D4,D3,Untiered,False,False,False,Direct / Organic,Other,False,1,2025-09-19 16:00:00+00:00,2025-09,2025
8352655606015,20.93,29.9,1,0.7000000000000001,1.0,D4,D3,Untiered,False,False,False,Paid Social,Other,False,1,2025-09-28 16:00:00+00:00,2025-09,2025
8367943876863,20.93,27.41,1,0.7635899306822328,1.0,D4,D2,Tier 4 (D2 Profit or Frequency),False,False,False,Paid Social,Other,False,1,2025-10-05 16:00:00+00:00,2025-10,2025
8368011804927,20.93,29.9,1,0.7000000000000001,1.0,D4,D2,Tier 4 (D2 Profit or Frequency),False,False,False,Direct / Organic,Other,False,1,2025-10-05 16:00:00+00:00,2025-10,2025
8368214343935,20.93,29.9,1,0.7000000000000001,1.0,D4,D2,Tier 4 (D2 Profit or Frequency),False,False,False,Paid Social,Other,False,1,2025-10-05 16:00:00+00:00,2025-10,2025
8369796350207,20.93,27.41,1,0.7635899306822328,1.0,D4,D2,Tier 4 (D2 Profit or Frequency),False,False,False,Direct / Organic,Other,False,1,2025-10-07 16:00:00+00:00,2025-10,2025
8395236245759,20.93,29.9,1,0.7000000000000001,1.0,D4,D2,Tier 4 (D2 Profit or Frequency),False,False,False,Direct / Organic,Other,False,1,2025-10-11 16:00:00+00:00,2025-10,2025
8415703793919,20.93,29.9,1,0.7000000000000001,1.0,D4,D2,Tier 4 (D2 Profit or Frequency),False,False,False,Direct / Organic,Other,False,1,2025-10-14 16:00:00+00:00,2025-10,2025
8422907674879,20.93,29.9,1,0.7000000000000001,1.0,D4,D2,Tier 4 (D2 Profit or Frequency),False,False,False,Paid Social,Other,False,1,2025-10-14 16:00:00+00:00,2025-10,2025
8426853662975,20.93,29.9,1,0.7000000000000001,1.0,D4,D2,Tier 4 (D2 Profit or Frequency),False,False,False,Direct / Organic,Other,False,1,2025-10-15 16:00:00+00:00,2025-10,2025
8446000103679,20.93,29.9,1,0.7000000000000001,1.0,D4,D2,Tier 4 (D2 Profit or Frequency),False,False,False,Paid Social,Other,False,1,2025-10-19 16:00:00+00:00,2025-10,2025
6327517413631,20.88,57.09,1,0.36566824312489055,0.0,D4,D5,Untiered,False,False,False,Subscription,Unknown,False,1,2022-05-15 16:00:00+00:00,2022-05,2022
6327705108735,20.88,57.09,1,0.36566824312489055,0.0,D4,D5,Untiered,False,False,False,Subscription,Unknown,False,1,2022-05-24 16:00:00+00:00,2022-05,2022
7108628939007,20.8,46.5,1,0.44731182795698926,0.0,D4,D5,Untiered,False,False,False,Subscription,Clear Protein,False,1,2024-03-03 16:00:00+00:00,2024-03,2024
8843522703615,20.8,36.98,1,0.5624661979448351,1.0,D4,D2,Tier 4 (D2 Profit or Frequency),False,False,False,Direct / Organic,Other,False,2,2026-03-12 16:00:00+00:00,2026-03,2026
7756477235455,20.71,36.24,1,0.5713998996487708,0.0,D4,D4,Untiered,False,False,False,Subscription,Other,True,3,2024-10-29 16:00:00+00:00,2024-10,2024
8249708642559,20.68,51.53,1,0.4013196196390452,0.0,D4,D3,Untiered,False,False,False,Affiliate,Lean Protein,False,2,2025-08-10 16:00:00+00:00,2025-08,2025
8090067173631,20.66,46.63,1,0.44297662449067127,0.0,D4,D3,Untiered,False,False,False,Direct / Organic,Other,False,1,2025-05-28 16:00:00+00:00,2025-05,2025
7756385386751,20.64,33.46,1,0.6169896757833727,0.0,D4,D4,Untiered,False,False,False,Subscription,Other,True,2,2023-10-15 16:00:00+00:00,2023-10,2023
8035980280063,20.64,51.44,1,0.401244167962675,0.0,D4,D3,Untiered,False,False,False,Paid Social,Other,True,4,2025-05-10 16:00:00+00:00,2025-05,2025
7756457050367,20.62,51.55,1,0.4,0.0,D4,D4,Untiered,False,False,False,Subscription,Clear Protein,True,2,2024-08-06 16:00:00+00:00,2024-08,2024
7756468781311,20.62,36.08,1,0.5714285714285715,0.0,D4,D4,Untiered,False,False,False,Subscription,Clear Protein,True,1,2024-09-28 16:00:00+00:00,2024-09,2024
7756470583551,20.62,51.55,1,0.4,0.0,D4,D4,Untiered,False,False,False,Subscription,Clear Protein,True,1,2024-10-02 16:00:00+00:00,2024-10,2024
8303046361343,20.6,54.25,1,0.37979723502304147,0.0,D4,D3,Untiered,False,False,False,Paid Social,Lean Protein,False,1,2025-09-02 16:00:00+00:00,2025-09,2025
7756362055935,20.6,54.22,1,0.37987927565392354,0.0,D4,D4,Untiered,False,False,False,Subscription,Unknown,True,1,2023-05-22 16:00:00+00:00,2023-05,2023
7756361433343,20.59,51.48,1,0.4,0.0,D4,D4,Untiered,False,False,False,Direct / Organic,Unknown,False,1,2023-05-16 16:00:00+00:00,2023-05,2023
7756354781439,20.59,56.92,2,0.36166950596252134,0.0,D4,D1,Tier 3 (D1 Frequency Only),False,True,False,Subscription,Collagen Glow,True,1,2023-03-19 16:00:00+00:00,2023-03,2023
7756359434495,20.59,63.59,2,0.32375142966069387,0.0,D4,D1,Tier 3 (D1 Frequency Only),False,True,False,Subscription,Collagen Glow,True,1,2023-04-28 16:00:00+00:00,2023-04,2023
8291463627007,20.58,54.2,1,0.3797785977859779,0.0,D4,D3,Untiered,False,False,False,Paid Social,Lean Protein,False,1,2025-08-26 16:00:00+00:00,2025-08,2025
7755970969855,20.58,43.89,1,0.4689312344656173,0.0,D4,D4,Untiered,False,False,False,Direct / Organic,Other,False,2,2024-04-29 16:00:00+00:00,2024-04,2024
8275588153599,20.56,54.15,1,0.37975992613111725,0.0,D4,D3,Untiered,False,False,False,Direct / Organic,Lean Protein,False,1,2025-08-19 16:00:00+00:00,2025-08,2025
8110306787583,20.55,54.11,1,0.37974496396229906,0.0,D4,D3,Untiered,False,False,False,Paid Social,Lean Protein,False,1,2025-06-05 16:00:00+00:00,2025-06,2025
7755996397823,20.53,49.7,2,0.41312035117668583,0.0,D4,D2,Tier 4 (D2 Profit or Frequency),False,False,False,Direct / Organic,Unknown,False,1,2022-03-08 16:00:00+00:00,2022-03,2022
7968974504191,20.53,48.92,1,0.4197056418642682,0.0,D4,D3,Untiered,False,False,False,Paid Social,Other,False,1,2025-04-28 16:00:00+00:00,2025-04,2025
7918399881471,20.53,54.04,1,0.3798667653589934,0.0,D4,D3,Untiered,False,False,False,Direct / Organic,Other,False,1,2025-03-21 16:00:00+00:00,2025-03,2025
7938808807679,20.53,54.05,1,0.3797964847363553,0.0,D4,D3,Untiered,False,False,False,Direct / Organic,Lean Protein,False,1,2025-06-08 16:00:00+00:00,2025-06,2025
7756023169279,20.51,51.27,2,0.4,0.0,D4,D2,Tier 4 (D2 Profit or Frequency),False,False,False,Direct / Organic,Unknown,False,1,2022-05-05 16:00:00+00:00,2022-05,2022
7943632584959,20.51,54.0,1,0.3797777777777778,0.0,D4,D3,Untiered,False,False,False,Paid Social,Lean Protein,False,1,2025-04-04 16:00:00+00:00,2025-04,2025
7944984461567,20.51,43.75,1,0.4687542857142858,0.0,D4,D3,Untiered,False,False,False,Direct / Organic,Lean Protein,False,1,2025-04-05 16:00:00+00:00,2025-04,2025
7756485427455,20.48,53.94,1,0.3797752808988764,0.0,D4,D4,Untiered,False,False,False,Direct / Organic,Lean Protein,False,1,2024-12-14 16:00:00+00:00,2024-12,2024
7756486115583,20.48,53.94,1,0.3797752808988764,0.0,D4,D4,Untiered,False,False,False,Direct / Organic,Lean Protein,False,1,2024-12-16 16:00:00+00:00,2024-12,2024
7756487459071,20.48,53.94,1,0.3797752808988764,0.0,D4,D4,Untiered,False,False,False,Direct / Organic,Lean Protein,False,1,2024-12-24 16:00:00+00:00,2024-12,2024
8000416088319,20.48,56.66,2,0.3614542887398518,0.0,D4,D1,Tier 3 (D1 Frequency Only),False,True,False,Direct / Organic,Soy Protein,False,2,2025-05-01 16:00:00+00:00,2025-05,2025
8249131860223,20.47,53.91,1,0.3797440178074569,0.0,D4,D3,Untiered,False,False,False,Direct / Organic,Lean Protein,False,1,2025-08-10 16:00:00+00:00,2025-08,2025
6715986182399,20.45,56.03,1,0.36501873996073536,0.0,D4,D5,Untiered,False,False,False,Subscription,Other,False,1,2023-06-25 16:00:00+00:00,2023-06,2023
7938603286783,20.45,53.85,1,0.37979572887650886,0.0,D4,D3,Untiered,False,False,False,Direct / Organic,Lean Protein,False,1,2025-04-03 16:00:00+00:00,2025-04,2025
7756045353215,20.42,51.05,2,0.39999999999999997,0.0,D4,D1,Tier 3 (D1 Frequency Only),False,True,False,Direct / Organic,Unknown,False,1,2022-01-08 16:00:00+00:00,2022-01,2022
6327693345023,20.4,55.89,1,0.3649311146895688,0.0,D4,D5,Untiered,False,False,False,Subscription,Unknown,False,1,2022-02-06 16:00:00+00:00,2022-02,2022
7946308026623,20.4,53.71,1,0.3797430646062186,0.0,D4,D3,Untiered,False,False,False,Direct / Organic,Lean Protein,False,1,2025-04-07 16:00:00+00:00,2025-04,2025
6423610458367,20.38,55.85,1,0.36490599820948977,0.0,D4,D5,Untiered,False,False,False,Subscription,Unknown,False,1,2022-01-12 16:00:00+00:00,2022-01,2022
6692441456895,20.37,50.92,1,0.4,0.0,D4,D5,Untiered,False,False,False,Subscription,Other,True,1,2023-06-09 16:00:00+00:00,2023-06,2023
6823871906047,20.37,50.72,1,0.4015772870662461,0.0,D4,D5,Untiered,False,False,False,Subscription,Unknown,True,2,2023-09-25 16:00:00+00:00,2023-09,2023
6875347910911,20.37,45.63,1,0.4463730002191541,0.0,D4,D5,Untiered,False,False,False,Subscription,Other,True,2,2023-10-28 16:00:00+00:00,2023-10,2023
7313089888511,20.37,50.92,1,0.4,0.0,D4,D5,Untiered,False,False,False,Subscription,Lean Protein,True,1,2024-05-30 16:00:00+00:00,2024-05,2024
7756046336255,20.35,50.27,2,0.4048221820373719,0.0,D4,D1,Tier 3 (D1 Frequency Only),False,True,False,Direct / Organic,Unknown,False,2,2022-01-13 16:00:00+00:00,2022-01,2022
6329620398335,20.34,55.74,1,0.36483674201650523,0.0,D4,D5,Untiered,False,False,False,Subscription,Unknown,True,1,2023-10-05 16:00:00+00:00,2023-10,2023
6715478900991,20.34,45.75,1,0.4445027322404372,0.0,D4,D5,Untiered,False,False,False,Subscription,Other,True,1,2023-06-24 16:00:00+00:00,2023-06,2023
6718461051135,20.34,50.84,1,0.4,0.0,D4,D5,Untiered,False,False,False,Subscription,Other,True,1,2023-06-27 16:00:00+00:00,2023-06,2023
7946024288511,20.32,53.52,1,0.379745889387145,0.0,D4,D3,Untiered,False,False,False,Paid Social,Lean Protein,False,1,2025-04-06 16:00:00+00:00,2025-04,2025
7756003410175,20.3,53.48,2,0.3796033994334278,0.0,D4,D2,Tier 4 (D2 Profit or Frequency),False,False,False,Direct / Organic,Unknown,False,1,2022-08-07 16:00:00+00:00,2022-08,2022
7900598927615,20.3,53.44,1,0.3797904191616767,0.0,D4,D3,Untiered,False,False,False,Direct / Organic,Lean Protein,False,1,2025-03-13 16:00:00+00:00,2025-03,2025
7901894574335,20.28,53.41,1,0.37977906759033897,0.0,D4,D3,Untiered,False,False,False,Direct / Organic,Lean Protein,False,1,2025-03-14 16:00:00+00:00,2025-03,2025
6423606493439,20.28,55.6,1,0.36474820143884895,0.0,D4,D5,Untiered,False,False,False,Subscription,Unknown,False,1,2022-01-26 16:00:00+00:00,2022-01,2022
7914152001791,20.26,53.36,1,0.37976011994002995,0.0,D4,D3,Untiered,False,False,False,Direct / Organic,Lean Protein,False,1,2025-03-19 16:00:00+00:00,2025-03,2025
6329605193983,20.16,55.29,2,0.36455055163682404,0.0,D4,D2,Tier 4 (D2 Profit or Frequency),False,False,False,Subscription,Unknown,False,1,2022-05-27 16:00:00+00:00,2022-05,2022
7146957078783,20.06,50.15,1,0.4000000000000001,0.0,D4,D5,Untiered,False,False,False,Subscription,Clear Protein,True,1,2024-03-23 16:00:00+00:00,2024-03,2024
6423598989567,20.0,54.9,1,0.3642987249544627,0.0,D4,D5,Untiered,False,False,False,Subscription,Unknown,False,1,2022-03-04 16:00:00+00:00,2022-03,2022
8799773950207,19.84,28.6,1,0.6937062937062938,1.0,D4,D2,Tier 4 (D2 Profit or Frequency),False,False,False,Direct / Organic,Lean Protein,False,2,2026-02-23 16:00:00+00:00,2026-02,2026
8813208535295,19.84,28.6,1,0.6937062937062938,1.0,D4,D2,Tier 4 (D2 Profit or Frequency),False,False,False,Direct / Organic,Lean Protein,False,2,2026-02-28 16:00:00+00:00,2026-03,2026
8828205400319,19.84,28.6,1,0.6937062937062938,1.0,D4,D2,Tier 4 (D2 Profit or Frequency),False,False,False,Direct / Organic,Clear Protein,False,2,2026-03-05 16:00:00+00:00,2026-03,2026
7756037357823,19.81,54.97,2,0.36030871003307613,0.0,D4,D1,Tier 3 (D1 Frequency Only),False,True,False,Direct / Organic,Unknown,False,2,2022-04-17 16:00:00+00:00,2022-04,2022
6327524557055,19.8,54.39,1,0.363963963963964,0.0,D4,D5,Untiered,False,False,False,Subscription,Unknown,False,1,2022-03-29 16:00:00+00:00,2022-03,2022
6328253186303,19.8,54.39,1,0.363963963963964,0.0,D4,D5,Untiered,False,False,False,Subscription,Unknown,False,1,2022-02-18 16:00:00+00:00,2022-02,2022
6329830015231,19.8,54.39,1,0.363963963963964,0.0,D4,D5,Untiered,False,False,False,Subscription,Unknown,False,1,2022-02-19 16:00:00+00:00,2022-02,2022
7756360319231,19.76,54.86,2,0.3602297834732656,0.0,D4,D1,Tier 3 (D1 Frequency Only),False,True,False,Subscription,Other,True,1,2023-05-01 16:00:00+00:00,2023-05,2023
6327694459135,19.6,49.0,2,0.4,0.0,D4,D2,Tier 4 (D2 Profit or Frequency),False,False,False,Subscription,Unknown,False,1,2022-04-09 16:00:00+00:00,2022-04,2022
8101924536575,19.6,61.0,1,0.32131147540983607,0.0,D4,D3,Untiered,False,False,False,Direct / Organic,Lean Protein,False,1,2025-06-02 16:00:00+00:00,2025-06,2025
6423599546623,19.6,48.99,1,0.4000000000000001,0.0,D4,D5,Untiered,False,False,False,Subscription,Unknown,False,1,2022-02-28 16:00:00+00:00,2022-03,2022
7898587037951,19.59,48.7,1,0.402217659137577,0.0,D4,D3,Untiered,False,False,False,Subscription,Lean Protein,True,3,2025-03-12 16:00:00+00:00,2025-03,2025
6329849905407,19.58,53.84,1,0.3635958395245171,0.0,D4,D5,Untiered,False,False,False,Subscription,Unknown,False,1,2022-02-16 16:00:00+00:00,2022-02,2022
6423603380479,19.58,53.84,1,0.3635958395245171,0.0,D4,D5,Untiered,False,False,False,Subscription,Unknown,False,1,2022-02-14 16:00:00+00:00,2022-02,2022
6423604691199,19.58,53.84,1,0.3635958395245171,0.0,D4,D5,Untiered,False,False,False,Subscription,Unknown,False,1,2022-02-11 16:00:00+00:00,2022-02,2022
7756422676735,19.57,39.13,1,0.5000232324014559,0.0,D4,D4,Untiered,False,False,False,Subscription,Other,True,2,2024-04-28 16:00:00+00:00,2024-04,2024
7756422938879,19.57,39.13,1,0.5000232324014559,0.0,D4,D4,Untiered,False,False,False,Subscription,Other,True,1,2024-04-29 16:00:00+00:00,2024-04,2024
7756029362431,19.56,51.64,1,0.3788732394366197,0.0,D4,D4,Untiered,False,False,False,Direct / Organic,Unknown,False,1,2022-06-29 16:00:00+00:00,2022-06,2022
7756430704895,19.47,34.08,1,0.5714031655699805,0.0,D4,D4,Untiered,False,False,False,Subscription,Clear Protein,True,2,2024-05-28 16:00:00+00:00,2024-05,2024
8781174669567,19.4,26.24,1,0.7393292682926831,1.0,D4,D2,Tier 4 (D2 Profit or Frequency),False,False,False,Direct / Organic,Clear Protein,False,1,2026-02-14 16:00:00+00:00,2026-02,2026
8875227775231,19.4,28.6,1,0.6783216783216783,1.0,D4,D2,Tier 4 (D2 Profit or Frequency),False,False,False,Direct / Organic,Clear Protein,False,1,2026-03-23 16:00:00+00:00,2026-03,2026
7756005769471,19.38,51.18,1,0.3786856127886324,0.0,D4,D4,Untiered,False,False,False,Direct / Organic,Other,False,1,2022-10-13 16:00:00+00:00,2022-10,2022
7756007342335,19.38,51.18,1,0.3786856127886324,0.0,D4,D4,Untiered,False,False,False,Direct / Organic,Other,False,1,2022-10-20 16:00:00+00:00,2022-10,2022
7756007440639,19.38,51.18,1,0.3786856127886324,0.0,D4,D4,Untiered,False,False,False,Direct / Organic,Unknown,False,1,2022-10-21 16:00:00+00:00,2022-10,2022
7756260638975,19.38,51.18,1,0.3786856127886324,0.0,D4,D4,Untiered,False,False,False,Direct / Organic,Other,False,1,2022-12-06 16:00:00+00:00,2022-12,2022
7756260901119,19.38,51.18,1,0.3786856127886324,0.0,D4,D4,Untiered,False,False,False,Direct / Organic,Other,False,1,2022-12-08 16:00:00+00:00,2022-12,2022
7756263588095,19.38,51.18,1,0.3786856127886324,0.0,D4,D4,Untiered,False,False,False,Direct / Organic,Unknown,False,1,2022-12-28 16:00:00+00:00,2022-12,2022
7756264014079,19.38,43.92,1,0.4413469500414023,0.0,D4,D4,Untiered,False,False,False,Direct / Organic,Other,False,1,2023-02-07 16:00:00+00:00,2023-02,2023
7756264341759,19.38,43.92,1,0.4413469500414023,0.0,D4,D4,Untiered,False,False,False,Direct / Organic,Other,False,1,2023-01-03 16:00:00+00:00,2023-01,2023
7756267028735,19.38,43.92,1,0.4413469500414023,0.0,D4,D4,Untiered,False,False,False,Direct / Organic,Other,False,1,2023-01-28 16:00:00+00:00,2023-01,2023
7756328730879,19.38,43.92,1,0.4413469500414023,0.0,D4,D4,Untiered,False,False,False,Direct / Organic,Other,False,1,2023-02-07 16:00:00+00:00,2023-02,2023
7756349833471,19.38,44.82,1,0.43239588967009207,0.0,D4,D4,Untiered,False,False,False,Direct / Organic,Other,False,1,2023-03-01 16:00:00+00:00,2023-03,2023
7756358811903,19.38,51.18,1,0.3786856127886324,0.0,D4,D4,Untiered,False,False,False,Direct / Organic,Other,False,1,2023-04-17 16:00:00+00:00,2023-04,2023
7756459475199,19.38,51.18,1,0.3786856127886324,0.0,D4,D4,Untiered,False,False,False,Direct / Organic,Other,False,1,2024-08-22 16:00:00+00:00,2024-08,2024
7756468551935,19.38,36.65,1,0.5289010171173407,0.0,D4,D4,Untiered,False,False,False,Direct / Organic,Other,False,1,2024-09-27 16:00:00+00:00,2024-09,2024
7756469108991,19.38,36.65,1,0.5289010171173407,0.0,D4,D4,Untiered,False,False,False,Direct / Organic,Other,False,1,2024-09-28 16:00:00+00:00,2024-09,2024
7756469829887,19.38,36.65,1,0.5289010171173407,0.0,D4,D4,Untiered,False,False,False,Direct / Organic,Other,False,1,2024-09-29 16:00:00+00:00,2024-09,2024
7756477530367,19.38,36.65,1,0.5289010171173407,0.0,D4,D4,Untiered,False,False,False,Direct / Organic,Other,False,1,2024-10-30 16:00:00+00:00,2024-10,2024
7756432310527,19.37,48.73,1,0.39748771842547115,0.0,D4,D4,Untiered,False,False,False,Direct / Organic,Unknown,False,1,2024-05-29 16:00:00+00:00,2024-05,2024
7756439027967,19.37,41.47,1,0.4671148786904415,0.0,D4,D4,Untiered,False,False,False,Direct / Organic,Soy Protein,False,2,2024-06-26 16:00:00+00:00,2024-06,2024
7756470681855,19.37,48.73,1,0.39748771842547115,0.0,D4,D4,Untiered,False,False,False,Direct / Organic,Other,False,2,2024-10-04 16:00:00+00:00,2024-10,2024
6336741933311,19.36,48.4,1,0.4,0.0,D4,D5,Untiered,False,False,False,Subscription,Unknown,False,1,2022-01-22 16:00:00+00:00,2022-01,2022
7755939479807,19.27,39.79,1,0.4843869002284844,0.0,D4,D5,Untiered,False,False,False,Direct / Organic,Lean Protein,False,1,2024-05-27 16:00:00+00:00,2024-05,2024
7756002033919,19.27,60.3,2,0.31959798994974875,0.0,D4,D2,Tier 4 (D2 Profit or Frequency),False,False,False,Direct / Organic,Unknown,False,1,2022-08-29 16:00:00+00:00,2022-08,2022
7756429787391,19.27,36.45,1,0.5286783042394015,0.0,D4,D4,Untiered,False,False,False,Direct / Organic,Lean Protein,False,1,2024-05-26 16:00:00+00:00,2024-05,2024
7756430835967,19.27,36.45,1,0.5286783042394015,0.0,D4,D4,Untiered,False,False,False,Direct / Organic,Lean Protein,False,1,2024-05-28 16:00:00+00:00,2024-05,2024
7756431032575,19.27,36.45,1,0.5286783042394015,0.0,D4,D4,Untiered,False,False,False,Direct / Organic,Lean Protein,False,1,2024-05-28 16:00:00+00:00,2024-05,2024
7756439552255,19.27,41.27,1,0.4669603524229075,0.0,D4,D4,Untiered,False,False,False,Direct / Organic,Lean Protein,False,1,2024-06-27 16:00:00+00:00,2024-06,2024
7756440371455,19.27,38.86,1,0.49590643274853796,0.0,D4,D4,Untiered,False,False,False,Direct / Organic,Lean Protein,False,1,2024-06-29 16:00:00+00:00,2024-06,2024
7756440699135,19.27,38.86,1,0.49590643274853796,0.0,D4,D4,Untiered,False,False,False,Direct / Organic,Lean Protein,False,1,2024-06-30 16:00:00+00:00,2024-07,2024
7756458819839,19.27,43.68,1,0.441207075962539,0.0,D4,D4,Untiered,False,False,False,Direct / Organic,Lean Protein,False,1,2024-09-14 16:00:00+00:00,2024-09,2024
7756465766655,19.27,50.91,1,0.37857142857142856,0.0,D4,D4,Untiered,False,False,False,Direct / Organic,Lean Protein,False,1,2024-09-19 16:00:00+00:00,2024-09,2024
7756466192639,19.27,50.91,1,0.37857142857142856,0.0,D4,D4,Untiered,False,False,False,Direct / Organic,Lean Protein,False,1,2024-09-21 16:00:00+00:00,2024-09,2024
7756468748543,19.27,36.45,1,0.5286783042394015,0.0,D4,D4,Untiered,False,False,False,Direct / Organic,Lean Protein,False,1,2024-09-28 16:00:00+00:00,2024-09,2024
7756469698815,19.27,39.79,1,0.4843869002284844,0.0,D4,D4,Untiered,False,False,False,Direct / Organic,Lean Protein,False,1,2024-09-29 16:00:00+00:00,2024-09,2024
7756469764351,19.27,33.73,1,0.5714285714285715,0.0,D4,D4,Untiered,False,False,False,Direct / Organic,Lean Protein,False,1,2024-09-29 16:00:00+00:00,2024-09,2024
7756473303295,19.27,50.91,1,0.37857142857142856,0.0,D4,D4,Untiered,False,False,False,Direct / Organic,Lean Protein,False,1,2024-10-11 16:00:00+00:00,2024-10,2024
8175628845311,19.23,30.94,2,0.621590174531351,0.7747330960854092,D4,D1,Tier 3 (D1 Frequency Only),False,True,False,Direct / Organic,Other,False,1,2025-08-04 16:00:00+00:00,2025-08,2025
6327553655039,19.2,52.89,1,0.3629419550009454,0.0,D4,D5,Untiered,False,False,False,Subscription,Unknown,False,1,2022-06-25 16:00:00+00:00,2022-06,2022
6329607586047,19.2,52.89,1,0.3629419550009454,0.0,D4,D5,Untiered,False,False,False,Subscription,Unknown,False,1,2022-06-23 16:00:00+00:00,2022-06,2022
7310189592831,19.17,26.17,1,0.7325181505540695,1.0,D4,D5,Untiered,False,False,False,Subscription,Lean Protein,False,2,2024-05-28 16:00:00+00:00,2024-05,2024
7756030116095,19.07,47.67,1,0.4,0.0,D4,D4,Untiered,False,False,False,Direct / Organic,Unknown,False,1,2022-06-23 16:00:00+00:00,2022-06,2022
7755934007551,19.04,50.32,1,0.378319783197832,0.0,D4,D5,Untiered,False,False,False,Direct / Organic,Unknown,False,1,2022-02-27 16:00:00+00:00,2022-02,2022
7755941904639,18.91,47.28,1,0.4,0.0,D4,D5,Untiered,False,False,False,Direct / Organic,Unknown,False,1,2022-05-23 16:00:00+00:00,2022-05,2022
7755998101759,18.91,50.0,1,0.3781818181818182,0.0,D4,D4,Untiered,False,False,False,Direct / Organic,Unknown,False,1,2022-04-26 16:00:00+00:00,2022-04,2022
7756034900223,18.91,50.0,1,0.3781818181818182,0.0,D4,D4,Untiered,False,False,False,Direct / Organic,Unknown,False,1,2022-05-07 16:00:00+00:00,2022-05,2022
7756008325375,18.89,47.23,1,0.4,0.0,D4,D4,Untiered,False,False,False,Direct / Organic,Unknown,False,1,2022-03-01 16:00:00+00:00,2022-03,2022
8830297178367,18.78,28.18,1,0.6664300922640171,1.0,D4,D2,Tier 4 (D2 Profit or Frequency),False,False,False,Direct / Organic,Accessories,False,2,2026-03-06 16:00:00+00:00,2026-03,2026
7756015567103,18.76,46.91,2,0.4,0.0,D4,D2,Tier 4 (D2 Profit or Frequency),False,False,False,Direct / Organic,Unknown,False,1,2022-09-09 16:00:00+00:00,2022-09,2022
7756035752191,18.75,49.61,2,0.3780085522296884,0.0,D4,D1,Tier 3 (D1 Frequency Only),False,True,False,Direct / Organic,Unknown,False,2,2022-05-01 16:00:00+00:00,2022-05,2022
8474571571455,18.75,19.47,1,0.963020030816641,1.0,D4,D2,Tier 4 (D2 Profit or Frequency),False,False,False,Direct / Organic,Lean Protein,False,1,2025-10-24 16:00:00+00:00,2025-10,2025
8474580877567,18.75,19.47,1,0.963020030816641,1.0,D4,D2,Tier 4 (D2 Profit or Frequency),False,False,False,Direct / Organic,Lean Protein,False,1,2025-10-24 16:00:00+00:00,2025-10,2025
8483187949823,18.75,19.47,1,0.963020030816641,1.0,D4,D2,Tier 4 (D2 Profit or Frequency),False,False,False,Direct / Organic,Lean Protein,False,1,2025-10-28 16:00:00+00:00,2025-10,2025
8488216822015,18.75,20.61,1,0.9097525473071325,1.0,D4,D2,Tier 4 (D2 Profit or Frequency),False,False,False,Direct / Organic,Lean Protein,False,1,2025-10-31 16:00:00+00:00,2025-11,2025
8761437946111,18.75,19.47,1,0.963020030816641,1.0,D4,D2,Tier 4 (D2 Profit or Frequency),False,False,False,Direct / Organic,Lean Protein,False,1,2026-02-06 16:00:00+00:00,2026-02,2026
8762362626303,18.75,27.9,1,0.6720430107526882,1.0,D4,D2,Tier 4 (D2 Profit or Frequency),False,False,False,Direct / Organic,Lean Protein,False,1,2026-02-07 16:00:00+00:00,2026-02,2026
8809768321279,18.75,27.9,1,0.6720430107526882,1.0,D4,D2,Tier 4 (D2 Profit or Frequency),False,False,False,Paid Social,Lean Protein,False,1,2026-02-26 16:00:00+00:00,2026-02,2026
6329622954239,18.72,51.69,1,0.3620816405494293,0.0,D4,D5,Untiered,False,False,False,Subscription,Unknown,False,1,2022-01-15 16:00:00+00:00,2022-01,2022
6423592861951,18.62,51.44,1,0.36189735614307933,0.0,D4,D5,Untiered,False,False,False,Subscription,Unknown,False,1,2022-04-21 16:00:00+00:00,2022-04,2022
6328296767743,18.61,51.42,1,0.3618825359782187,0.0,D4,D5,Untiered,False,False,False,Subscription,Unknown,False,1,2022-06-16 16:00:00+00:00,2022-06,2022
7756044599551,18.61,46.52,2,0.4000000000000001,0.0,D4,D1,Tier 3 (D1 Frequency Only),False,True,False,Direct / Organic,Unknown,False,1,2022-01-13 16:00:00+00:00,2022-01,2022
7756032868607,18.6,49.23,1,0.3778393351800554,0.0,D4,D4,Untiered,False,False,False,Direct / Organic,Unknown,False,1,2022-06-01 16:00:00+00:00,2022-06,2022
8712766128383,18.58,28.27,1,0.6572338167668906,1.0,D4,D2,Tier 4 (D2 Profit or Frequency),False,False,False,Direct / Organic,Clear Protein,False,2,2026-01-23 16:00:00+00:00,2026-01,2026
7756413731071,18.53,49.04,2,0.3777558082056352,0.0,D4,D1,Tier 3 (D1 Frequency Only),False,True,False,Subscription,Other,True,2,2024-03-25 16:00:00+00:00,2024-03,2024
8316323397887,18.5,41.63,1,0.44448714869084793,0.0,D4,D3,Untiered,False,False,False,Subscription,Lean Protein,True,1,2025-09-10 16:00:00+00:00,2025-09,2025
7930953138431,18.4,36.8,1,0.5000000000000001,0.0,D4,D3,Untiered,False,False,False,Subscription,Lean Protein,True,1,2025-03-28 16:00:00+00:00,2025-03,2025
8284492071167,18.33,45.82,1,0.4000000000000001,0.0,D4,D3,Untiered,False,False,False,Subscription,Other,True,2,2025-08-22 16:00:00+00:00,2025-08,2025
8252778774783,18.32,50.8,1,0.36062992125984256,0.0,D4,D3,Untiered,False,False,False,Paid Search,Lean Protein,False,1,2025-08-11 16:00:00+00:00,2025-08,2025
7888779870463,18.31,45.78,1,0.4,0.0,D4,D3,Untiered,False,False,False,Subscription,Lean Protein,True,1,2025-03-05 16:00:00+00:00,2025-03,2025
7756015862015,18.31,51.83,1,0.35323004969307226,0.0,D4,D4,Untiered,False,False,False,Direct / Organic,Unknown,False,1,2022-09-01 16:00:00+00:00,2022-09,2022
7756016681215,18.31,48.5,1,0.3775070290534208,0.0,D4,D4,Untiered,False,False,False,Direct / Organic,Unknown,False,1,2022-08-29 16:00:00+00:00,2022-08,2022
8040106819839,18.2,48.22,1,0.3773537951057653,0.0,D4,D3,Untiered,False,False,False,Paid Social,Clear Protein,False,2,2025-05-31 16:00:00+00:00,2025-06,2025
7756000002303,18.18,27.27,1,0.6666222222222223,0.0,D4,D4,Untiered,False,False,False,Direct / Organic,Other,False,1,2022-09-22 16:00:00+00:00,2022-09,2022
7756005409023,18.18,48.18,1,0.3773570664821687,0.0,D4,D4,Untiered,False,False,False,Direct / Organic,Other,False,1,2022-10-11 16:00:00+00:00,2022-10,2022
8761459179775,18.17,33.18,1,0.5476190476190477,1.0,D4,D2,Tier 4 (D2 Profit or Frequency),False,False,False,Direct / Organic,Clear Protein,False,1,2026-02-06 16:00:00+00:00,2026-02,2026
7756002132223,18.17,39.07,1,0.4650946323301273,0.0,D4,D4,Untiered,False,False,False,Direct / Organic,Other,False,1,2024-03-29 16:00:00+00:00,2024-03,2024
7756173345023,18.17,48.15,1,0.3773442416614223,0.0,D4,D4,Untiered,False,False,False,Direct / Organic,Unknown,False,1,2023-06-14 16:00:00+00:00,2023-06,2023
7756376834303,18.17,39.06,1,0.465166795965865,0.0,D4,D4,Untiered,False,False,False,Direct / Organic,Other,False,1,2023-08-12 16:00:00+00:00,2023-08,2023
7756376965375,18.17,48.15,1,0.3773442416614223,0.0,D4,D4,Untiered,False,False,False,Direct / Organic,Unknown,False,1,2023-08-18 16:00:00+00:00,2023-08,2023
7756382896383,18.17,39.06,1,0.465166795965865,0.0,D4,D4,Untiered,False,False,False,Direct / Organic,Unknown,False,1,2023-09-25 16:00:00+00:00,2023-09,2023
7756386435327,18.17,51.48,1,0.35291347851677457,0.0,D4,D4,Untiered,False,False,False,Direct / Organic,Unknown,False,1,2023-10-27 16:00:00+00:00,2023-10,2023
7756408652031,18.17,30.27,1,0.6002002002002002,0.0,D4,D4,Untiered,False,False,False,Direct / Organic,Other,True,1,2024-02-19 16:00:00+00:00,2024-02,2024
7756409078015,18.17,43.61,1,0.4166492946980752,0.0,D4,D4,Untiered,False,False,False,Direct / Organic,Other,False,1,2024-02-23 16:00:00+00:00,2024-02,2024
7756421693695,18.17,39.07,1,0.4650946323301273,0.0,D4,D4,Untiered,False,False,False,Direct / Organic,Unknown,False,1,2024-04-26 16:00:00+00:00,2024-04,2024
7756431950079,18.17,31.8,1,0.5714285714285714,0.0,D4,D4,Untiered,False,False,False,Direct / Organic,Other,False,1,2024-05-29 16:00:00+00:00,2024-05,2024
7756434014463,18.17,39.07,1,0.4650946323301273,0.0,D4,D4,Untiered,False,False,False,Direct / Organic,Other,False,1,2024-06-29 16:00:00+00:00,2024-06,2024
7756438700287,18.17,48.15,1,0.3773442416614223,0.0,D4,D4,Untiered,False,False,False,Direct / Organic,Other,False,1,2024-06-23 16:00:00+00:00,2024-06,2024
7959817552127,18.16,48.1,1,0.3776299376299376,0.0,D4,D3,Untiered,False,False,False,Subscription,Lean Protein,True,1,2025-04-14 16:00:00+00:00,2025-04,2025
7755940462847,18.06,47.88,1,0.37721518987341773,0.0,D4,D5,Untiered,False,False,False,Direct / Organic,Unknown,False,1,2022-08-24 16:00:00+00:00,2022-08,2022
7755966054655,18.06,47.88,1,0.37721518987341773,0.0,D4,D5,Untiered,False,False,False,Direct / Organic,Unknown,False,1,2022-09-15 16:00:00+00:00,2022-09,2022
7756016255231,18.06,47.88,1,0.37721518987341773,0.0,D4,D4,Untiered,False,False,False,Direct / Organic,Unknown,False,1,2022-08-31 16:00:00+00:00,2022-09,2022
7756016550143,18.06,45.15,1,0.4,0.0,D4,D4,Untiered,False,False,False,Direct / Organic,Unknown,False,1,2022-08-30 16:00:00+00:00,2022-08,2022
7756018155775,18.06,47.88,1,0.37721518987341773,0.0,D4,D4,Untiered,False,False,False,Direct / Organic,Unknown,False,1,2022-08-15 16:00:00+00:00,2022-08,2022
7756019564799,18.06,47.88,1,0.37721518987341773,0.0,D4,D4,Untiered,False,False,False,Direct / Organic,Unknown,False,1,2022-08-02 16:00:00+00:00,2022-08,2022
7136351912191,18.05,50.03,1,0.36082350589646217,0.0,D4,D5,Untiered,False,False,False,Subscription,Clear Protein,False,1,2024-03-22 16:00:00+00:00,2024-03,2024
6336697958655,18.0,49.9,1,0.36072144288577157,0.0,D4,D5,Untiered,False,False,False,Subscription,Unknown,False,1,2022-01-24 16:00:00+00:00,2022-01,2022
7756038570239,17.93,47.56,1,0.3770627588403951,0.0,D4,D4,Untiered,False,False,False,Direct / Organic,Unknown,False,1,2022-03-30 16:00:00+00:00,2022-03,2022
7756043223295,17.93,47.56,1,0.3770627588403951,0.0,D4,D4,Untiered,False,False,False,Direct / Organic,Unknown,False,1,2022-02-16 16:00:00+00:00,2022-02,2022
7755949506815,17.82,44.55,2,0.4,0.0,D4,D2,Tier 4 (D2 Profit or Frequency),False,False,False,Direct / Organic,Unknown,False,1,2022-03-07 16:00:00+00:00,2022-03,2022
7829344321791,17.82,44.55,1,0.4,0.0,D4,D3,Untiered,False,False,False,Direct / Organic,Unknown,False,1,2022-05-29 16:00:00+00:00,2022-05,2022
6423593255167,17.8,49.4,1,0.3603238866396761,0.0,D4,D5,Untiered,False,False,False,Subscription,Unknown,False,1,2022-04-18 16:00:00+00:00,2022-04,2022
6329848496383,17.79,54.27,2,0.327768564584485,0.0,D4,D2,Tier 4 (D2 Profit or Frequency),False,False,False,Subscription,Unknown,False,1,2022-01-02 16:00:00+00:00,2022-01,2022
8369912414463,17.65,27.9,1,0.6326164874551972,1.0,D4,D2,Tier 4 (D2 Profit or Frequency),False,False,False,Direct / Organic,Clear Protein,False,1,2025-10-06 16:00:00+00:00,2025-10,2025
8476172157183,17.65,20.61,1,0.856380397865114,1.0,D4,D2,Tier 4 (D2 Profit or Frequency),False,False,False,Direct / Organic,Clear Protein,False,1,2025-10-25 16:00:00+00:00,2025-10,2025
8595943260415,17.65,25.61,1,0.6891839125341663,1.0,D4,D2,Tier 4 (D2 Profit or Frequency),False,False,False,Affiliate,Clear Protein,False,1,2025-12-06 16:00:00+00:00,2025-12,2025
8761487556863,17.65,19.47,1,0.906522855675398,1.0,D4,D2,Tier 4 (D2 Profit or Frequency),False,False,False,Direct / Organic,Clear Protein,False,1,2026-02-06 16:00:00+00:00,2026-02,2026
8761534906623,17.65,19.47,1,0.906522855675398,1.0,D4,D2,Tier 4 (D2 Profit or Frequency),False,False,False,Direct / Organic,Clear Protein,False,1,2026-02-06 16:00:00+00:00,2026-02,2026
8761555124479,17.65,19.47,1,0.906522855675398,1.0,D4,D2,Tier 4 (D2 Profit or Frequency),False,False,False,Direct / Organic,Clear Protein,False,1,2026-02-06 16:00:00+00:00,2026-02,2026
8790428057855,17.65,27.9,1,0.6326164874551972,1.0,D4,D2,Tier 4 (D2 Profit or Frequency),False,False,False,Direct / Organic,Clear Protein,False,1,2026-02-19 16:00:00+00:00,2026-02,2026
8857631686911,17.65,25.61,1,0.6891839125341663,1.0,D4,D2,Tier 4 (D2 Profit or Frequency),False,False,False,Direct / Organic,Clear Protein,False,1,2026-03-18 16:00:00+00:00,2026-03,2026
7756031492351,17.62,46.77,2,0.37667638483965016,0.0,D4,D1,Tier 3 (D1 Frequency Only),False,True,False,Direct / Organic,Unknown,False,1,2022-06-02 16:00:00+00:00,2022-06,2022
7756017336575,17.58,46.67,1,0.3766233766233766,0.0,D4,D4,Untiered,False,False,False,Direct / Organic,Unknown,False,1,2022-08-25 16:00:00+00:00,2022-08,2022
7756044665087,17.58,43.94,1,0.39999999999999997,0.0,D4,D4,Untiered,False,False,False,Direct / Organic,Unknown,False,1,2022-02-01 16:00:00+00:00,2022-02,2022
7756477071615,17.44,30.53,1,0.5714115544967243,0.0,D4,D4,Untiered,False,False,False,Subscription,Other,True,2,2024-10-29 16:00:00+00:00,2024-10,2024
7755940299007,17.44,46.33,2,0.37645519947678224,0.0,D4,D2,Tier 4 (D2 Profit or Frequency),False,False,False,Direct / Organic,Unknown,False,1,2022-02-03 16:00:00+00:00,2022-02,2022
8853291663615,17.4,15.73,1,1.1061665607120152,1.0,D4,D2,Tier 4 (D2 Profit or Frequency),False,False,False,Direct / Organic,Other,False,1,2026-03-16 16:00:00+00:00,2026-03,2026
7756462915839,17.35,36.86,1,0.470568891811904,0.0,D4,D4,Untiered,False,False,False,Subscription,Lean Protein,True,1,2024-09-05 16:00:00+00:00,2024-09,2024
8079619653887,17.32,48.3,1,0.358592132505176,0.0,D4,D3,Untiered,False,False,False,Direct / Organic,Lean Protein,False,3,2025-05-25 16:00:00+00:00,2025-05,2025
7756039717119,17.31,45.99,1,0.3762798972128879,0.0,D4,D4,Untiered,False,False,False,Direct / Organic,Unknown,False,1,2022-03-13 16:00:00+00:00,2022-03,2022
8830565548287,17.3,15.66,1,1.1047254150702428,1.0,D4,D2,Tier 4 (D2 Profit or Frequency),False,False,False,Direct / Organic,Other,False,1,2026-03-06 16:00:00+00:00,2026-03,2026
7756034375935,17.28,45.92,1,0.3762438960010559,0.0,D4,D4,Untiered,False,False,False,Direct / Organic,Unknown,False,1,2022-05-18 16:00:00+00:00,2022-05,2022
6329631408383,17.28,48.09,1,0.3592430858806404,0.0,D4,D5,Untiered,False,False,False,Subscription,Unknown,False,1,2022-08-21 16:00:00+00:00,2022-08,2022
6824946204927,17.25,48.02,1,0.35918367346938773,0.0,D4,D5,Untiered,False,False,False,Subscription,Other,False,1,2023-09-28 16:00:00+00:00,2023-09,2023
7756043845887,17.2,43.0,2,0.39999999999999997,0.0,D4,D1,Tier 3 (D1 Frequency Only),False,True,False,Direct / Organic,Unknown,False,1,2022-02-10 16:00:00+00:00,2022-02,2022
6593253343487,17.16,42.9,1,0.4,0.0,D4,D5,Untiered,False,False,False,Subscription,Other,False,1,2023-03-05 16:00:00+00:00,2023-03,2023
7756017139967,17.16,45.62,1,0.37608767851212216,0.0,D4,D4,Untiered,False,False,False,Direct / Organic,Unknown,False,1,2022-08-26 16:00:00+00:00,2022-08,2022
7756028739839,17.05,45.35,1,0.3759454764132033,0.0,D4,D4,Untiered,False,False,False,Direct / Organic,Unknown,False,1,2022-01-11 16:00:00+00:00,2022-01,2022
7756037521663,17.03,45.3,1,0.3759197324414716,0.0,D4,D4,Untiered,False,False,False,Direct / Organic,Unknown,False,1,2022-04-13 16:00:00+00:00,2022-04,2022
7756032671999,17.02,45.27,1,0.3759036144578313,0.0,D4,D4,Untiered,False,False,False,Direct / Organic,Unknown,False,1,2022-06-01 16:00:00+00:00,2022-06,2022
7756032803071,17.02,45.27,1,0.3759036144578313,0.0,D4,D4,Untiered,False,False,False,Direct / Organic,Unknown,False,1,2022-06-01 16:00:00+00:00,2022-06,2022
6329618006271,17.02,47.44,1,0.3586846543001687,0.0,D4,D5,Untiered,False,False,False,Subscription,Unknown,False,1,2022-02-26 16:00:00+00:00,2022-02,2022
7755916542207,16.96,48.45,1,0.34996247185389046,0.0,D4,D5,Untiered,False,False,False,Direct / Organic,Unknown,False,1,2022-01-16 16:00:00+00:00,2022-01,2022
7756260933887,16.95,44.79,2,0.3783491204330176,0.0,D4,D1,Tier 3 (D1 Frequency Only),False,True,False,Direct / Organic,Other,False,1,2024-03-30 16:00:00+00:00,2024-03,2024
7756398919935,16.95,40.25,1,0.4210526315789474,0.0,D4,D4,Untiered,False,False,False,Direct / Organic,Unknown,False,1,2024-01-02 16:00:00+00:00,2024-01,2024
8015555100927,16.94,45.12,1,0.37553191489361704,0.0,D4,D3,Untiered,False,False,False,Direct / Organic,Other,False,1,2025-05-04 16:00:00+00:00,2025-05,2025
8015556968703,16.94,45.12,1,0.37553191489361704,0.0,D4,D3,Untiered,False,False,False,Direct / Organic,Other,False,1,2025-05-04 16:00:00+00:00,2025-05,2025
7756021465343,16.93,42.32,2,0.4,0.0,D4,D2,Tier 4 (D2 Profit or Frequency),False,False,False,Direct / Organic,Unknown,False,1,2022-04-03 16:00:00+00:00,2022-04,2022
7756044402943,16.93,42.32,1,0.4,0.0,D4,D4,Untiered,False,False,False,Direct / Organic,Unknown,False,1,2022-02-06 16:00:00+00:00,2022-02,2022
7756040339711,16.92,45.03,1,0.37577388963660835,0.0,D4,D4,Untiered,False,False,False,Direct / Organic,Unknown,False,1,2022-03-03 16:00:00+00:00,2022-03,2022
8657032413439,16.82,24.74,1,0.6798706548100243,1.0,D4,D2,Tier 4 (D2 Profit or Frequency),False,False,False,Direct / Organic,Other,False,1,2025-12-28 16:00:00+00:00,2025-12,2025
6327703240959,16.8,46.9,1,0.35820895522388063,0.0,D4,D5,Untiered,False,False,False,Subscription,Unknown,False,1,2022-08-24 16:00:00+00:00,2022-08,2022
6328266129663,16.8,46.9,1,0.35820895522388063,0.0,D4,D5,Untiered,False,False,False,Subscription,Unknown,False,1,2022-08-28 16:00:00+00:00,2022-08,2022
6328303943935,16.8,46.9,1,0.35820895522388063,0.0,D4,D5,Untiered,False,False,False,Subscription,Unknown,False,1,2022-08-23 16:00:00+00:00,2022-08,2022
8644783702271,16.72,24.63,1,0.6788469346325618,1.0,D4,D2,Tier 4 (D2 Profit or Frequency),False,False,False,Direct / Organic,Other,False,1,2025-12-22 16:00:00+00:00,2025-12,2025
7755979129087,16.65,41.64,1,0.4,0.0,D4,D4,Untiered,False,False,False,Direct / Organic,Unknown,False,1,2022-06-29 16:00:00+00:00,2022-06,2022
7756395053311,16.61,41.64,1,0.39894332372718544,0.0,D4,D4,Untiered,False,False,False,Direct / Organic,Collagen Glow,False,1,2024-10-16 16:00:00+00:00,2024-10,2024
6543953953023,16.54,46.85,1,0.3529562433297759,0.0,D4,D5,Untiered,False,False,False,Subscription,Other,False,1,2023-02-08 16:00:00+00:00,2023-02,2023
7756352159999,16.48,41.19,1,0.4,0.0,D4,D4,Untiered,False,False,False,Subscription,Other,True,1,2023-03-11 16:00:00+00:00,2023-03,2023
7756357959935,16.48,43.92,1,0.3751587082528292,0.0,D4,D4,Untiered,False,False,False,Subscription,Other,True,1,2023-04-01 16:00:00+00:00,2023-04,2023
8898942533887,16.4,31.8,1,0.5157232704402517,1.0,D4,D2,Tier 4 (D2 Profit or Frequency),False,False,False,Paid Social,Other,False,1,2026-03-28 16:00:00+00:00,2026-03,2026
8693529247999,16.4,24.6,1,0.6666666666666665,1.0,D4,D2,Tier 4 (D2 Profit or Frequency),False,False,False,Direct / Organic,Collagen Glow,False,2,2026-01-14 16:00:00+00:00,2026-01,2026
7756430311679,16.38,34.81,1,0.47061896056411606,0.0,D4,D4,Untiered,False,False,False,Subscription,Lean Protein,True,1,2024-06-13 16:00:00+00:00,2024-06,2024
7899396669695,16.32,45.7,1,0.3571115973741794,0.0,D4,D3,Untiered,False,False,False,Direct / Organic,Lean Protein,False,2,2025-03-12 16:00:00+00:00,2025-03,2025
7755974344959,16.3,40.76,1,0.4,0.0,D4,D4,Untiered,False,False,False,Direct / Organic,Unknown,False,1,2022-04-18 16:00:00+00:00,2022-04,2022
7756001902847,16.3,43.48,1,0.37491289198606276,0.0,D4,D4,Untiered,False,False,False,Direct / Organic,Unknown,False,1,2022-08-27 16:00:00+00:00,2022-08,2022
7756016287999,16.3,46.82,1,0.3482200647249191,0.0,D4,D4,Untiered,False,False,False,Direct / Organic,Unknown,False,1,2022-08-31 16:00:00+00:00,2022-09,2022
7756037685503,16.3,40.76,1,0.4,0.0,D4,D4,Untiered,False,False,False,Direct / Organic,Unknown,False,1,2022-04-12 16:00:00+00:00,2022-04,2022
7756038144255,16.3,40.76,1,0.4,0.0,D4,D4,Untiered,False,False,False,Direct / Organic,Unknown,False,1,2022-04-05 16:00:00+00:00,2022-04,2022
7756039782655,16.3,40.76,1,0.4,0.0,D4,D4,Untiered,False,False,False,Direct / Organic,Unknown,False,1,2022-03-08 16:00:00+00:00,2022-03,2022
7756041715967,16.3,43.48,1,0.37491289198606276,0.0,D4,D4,Untiered,False,False,False,Direct / Organic,Unknown,False,1,2022-02-28 16:00:00+00:00,2022-03,2022
7713343406335,16.3,42.01,1,0.388002856462747,0.0,D4,D5,Untiered,False,False,False,Subscription,Unknown,False,1,2024-12-17 16:00:00+00:00,2024-12,2024
6327638491391,16.2,45.4,1,0.3568281938325991,0.0,D4,D5,Untiered,False,False,False,Subscription,Unknown,False,1,2022-06-06 16:00:00+00:00,2022-06,2022
6423239360767,16.2,45.4,1,0.3568281938325991,0.0,D4,D5,Untiered,False,False,False,Subscription,Unknown,False,1,2022-06-07 16:00:00+00:00,2022-06,2022
7756044828927,16.19,40.48,2,0.4,0.0,D4,D1,Tier 3 (D1 Frequency Only),False,True,False,Direct / Organic,Unknown,False,1,2022-01-27 16:00:00+00:00,2022-01,2022
7756033425663,16.1,42.98,1,0.37461571005499933,0.0,D4,D4,Untiered,False,False,False,Direct / Organic,Unknown,False,1,2022-05-24 16:00:00+00:00,2022-05,2022
8353015988479,16.05,21.12,1,0.7599431818181818,1.0,D4,D3,Untiered,False,False,False,Direct / Organic,Other,False,1,2025-09-28 16:00:00+00:00,2025-09,2025
8337971413247,16.01,23.83,1,0.6718422156945026,1.0,D4,D3,Untiered,False,False,False,Paid Social,Other,False,1,2025-09-19 16:00:00+00:00,2025-09,2025
6328246960383,16.0,40.0,1,0.4,0.0,D4,D5,Untiered,False,False,False,Subscription,Unknown,False,1,2022-08-26 16:00:00+00:00,2022-08,2022
6423594598655,16.0,44.9,1,0.35634743875278396,0.0,D4,D5,Untiered,False,False,False,Subscription,Unknown,False,1,2022-04-08 16:00:00+00:00,2022-04,2022
7425455227135,15.96,42.81,1,0.3729035272132679,0.0,D4,D5,Untiered,False,False,False,Subscription,Collagen Glow,False,2,2024-08-01 16:00:00+00:00,2024-08,2024
6327653794047,15.96,38.81,1,0.4112342179850554,0.0,D4,D5,Untiered,False,False,False,Subscription,Other,False,1,2023-01-25 16:00:00+00:00,2023-01,2023
6469874483455,15.96,44.8,1,0.35625000000000007,0.0,D4,D5,Untiered,False,False,False,Subscription,Other,False,1,2023-08-19 16:00:00+00:00,2023-08,2023
6492358639871,15.96,44.8,1,0.35625000000000007,0.0,D4,D5,Untiered,False,False,False,Subscription,Other,False,1,2022-12-29 16:00:00+00:00,2022-12,2022
6518409691391,15.96,38.81,1,0.4112342179850554,0.0,D4,D5,Untiered,False,False,False,Subscription,Other,False,1,2023-01-19 16:00:00+00:00,2023-01,2023
6532503077119,15.96,38.81,1,0.4112342179850554,0.0,D4,D5,Untiered,False,False,False,Subscription,Other,False,1,2023-02-04 16:00:00+00:00,2023-02,2023
6601909141759,15.96,40.81,1,0.3910806174957118,0.0,D4,D5,Untiered,False,False,False,Subscription,Collagen Glow,False,1,2023-03-14 16:00:00+00:00,2023-03,2023
6601910878463,15.96,40.01,1,0.39890027493126723,0.0,D4,D5,Untiered,False,False,False,Subscription,Collagen Glow,False,1,2023-04-02 16:00:00+00:00,2023-04,2023
6601910943999,15.96,38.81,1,0.4112342179850554,0.0,D4,D5,Untiered,False,False,False,Subscription,Collagen Glow,False,1,2023-04-03 16:00:00+00:00,2023-04,2023
6601910976767,15.96,44.8,1,0.35625000000000007,0.0,D4,D5,Untiered,False,False,False,Subscription,Other,False,1,2023-03-13 16:00:00+00:00,2023-03,2023
6601972154623,15.96,44.8,1,0.35625000000000007,0.0,D4,D5,Untiered,False,False,False,Subscription,Other,False,1,2023-03-13 16:00:00+00:00,2023-03,2023
6609653694719,15.96,40.81,1,0.3910806174957118,0.0,D4,D5,Untiered,False,False,False,Subscription,Other,False,1,2023-03-19 16:00:00+00:00,2023-03,2023
6616188879103,15.96,36.82,1,0.4334600760456274,0.0,D4,D5,Untiered,False,False,False,Subscription,Other,False,1,2023-03-25 16:00:00+00:00,2023-03,2023
6803687801087,15.96,44.8,1,0.35625000000000007,0.0,D4,D5,Untiered,False,False,False,Subscription,Other,False,1,2023-09-07 16:00:00+00:00,2023-09,2023
6836349403391,15.96,39.9,1,0.4,0.0,D4,D5,Untiered,False,False,False,Subscription,Collagen Glow,False,1,2023-10-08 16:00:00+00:00,2023-10,2023
6951967162623,15.96,44.8,1,0.35625000000000007,0.0,D4,D5,Untiered,False,False,False,Subscription,Other,False,1,2023-12-11 16:00:00+00:00,2023-12,2023
7012883824895,15.96,40.81,1,0.3910806174957118,0.0,D4,D5,Untiered,False,False,False,Subscription,Other,False,1,2024-01-13 16:00:00+00:00,2024-01,2024
7016101970175,15.96,40.81,1,0.3910806174957118,0.0,D4,D5,Untiered,False,False,False,Subscription,Other,False,1,2024-01-15 16:00:00+00:00,2024-01,2024
7031191503103,15.96,40.81,1,0.3910806174957118,0.0,D4,D5,Untiered,False,False,False,Subscription,Collagen Glow,False,1,2024-01-22 16:00:00+00:00,2024-01,2024
7089753653503,15.96,40.81,1,0.3910806174957118,0.0,D4,D5,Untiered,False,False,False,Subscription,Other,False,1,2024-02-21 16:00:00+00:00,2024-02,2024
7099485159679,15.96,38.81,1,0.4112342179850554,0.0,D4,D5,Untiered,False,False,False,Subscription,Other,False,1,2024-02-26 16:00:00+00:00,2024-02,2024
7183667331327,15.96,38.81,1,0.4112342179850554,0.0,D4,D5,Untiered,False,False,False,Subscription,Collagen Glow,False,1,2024-04-13 16:00:00+00:00,2024-04,2024
7250960810239,15.96,36.82,1,0.4334600760456274,0.0,D4,D5,Untiered,False,False,False,Subscription,Collagen Glow,False,1,2024-04-26 16:00:00+00:00,2024-04,2024
7471466512639,15.96,24.8,1,0.6435483870967742,0.0,D4,D5,Untiered,False,False,False,Subscription,Collagen Glow,False,1,2024-08-28 16:00:00+00:00,2024-08,2024
7475372294399,15.96,27.93,1,0.5714285714285715,0.0,D4,D5,Untiered,False,False,False,Subscription,Collagen Glow,False,1,2024-08-30 16:00:00+00:00,2024-08,2024
7476640121087,15.96,27.93,1,0.5714285714285715,0.0,D4,D5,Untiered,False,False,False,Subscription,Collagen Glow,False,1,2024-08-31 16:00:00+00:00,2024-09,2024
7476641267967,15.96,27.93,1,0.5714285714285715,0.0,D4,D5,Untiered,False,False,False,Subscription,Collagen Glow,False,1,2024-08-31 16:00:00+00:00,2024-09,2024
7476765753599,15.96,27.93,1,0.5714285714285715,0.0,D4,D5,Untiered,False,False,False,Subscription,Collagen Glow,False,1,2024-08-31 16:00:00+00:00,2024-09,2024
7575695851775,15.96,38.81,1,0.4112342179850554,0.0,D4,D5,Untiered,False,False,False,Subscription,Collagen Glow,False,1,2024-10-21 16:00:00+00:00,2024-10,2024
7582926274815,15.96,44.8,1,0.35625000000000007,0.0,D4,D5,Untiered,False,False,False,Subscription,Collagen Glow,False,1,2024-10-27 16:00:00+00:00,2024-10,2024
7881287041279,15.96,40.81,1,0.3910806174957118,0.0,D4,D3,Untiered,False,False,False,Direct / Organic,Collagen Glow,False,1,2025-02-28 16:00:00+00:00,2025-03,2025
8065620410623,15.96,44.9,1,0.35545657015590204,0.0,D4,D3,Untiered,False,False,False,Direct / Organic,Collagen Glow,False,1,2025-05-20 16:00:00+00:00,2025-05,2025
8246777282815,15.96,44.9,1,0.35545657015590204,0.0,D4,D3,Untiered,False,False,False,Direct / Organic,Other,False,1,2025-08-09 16:00:00+00:00,2025-08,2025
8333338870015,15.93,21.0,1,0.7585714285714286,1.0,D4,D3,Untiered,False,False,False,Direct / Organic,Other,False,1,2025-09-16 16:00:00+00:00,2025-09,2025
8333341917439,15.93,21.0,1,0.7585714285714286,1.0,D4,D3,Untiered,False,False,False,Direct / Organic,Other,False,1,2025-09-16 16:00:00+00:00,2025-09,2025
8704501580031,15.93,24.9,1,0.6397590361445783,1.0,D4,D2,Tier 4 (D2 Profit or Frequency),False,False,False,Direct / Organic,Other,False,1,2026-01-19 16:00:00+00:00,2026-01,2026
8712013512959,15.93,24.9,1,0.6397590361445783,1.0,D4,D2,Tier 4 (D2 Profit or Frequency),False,False,False,Direct / Organic,Other,False,1,2026-01-23 16:00:00+00:00,2026-01,2026
8712121778431,15.93,24.9,1,0.6397590361445783,1.0,D4,D2,Tier 4 (D2 Profit or Frequency),False,False,False,Direct / Organic,Other,False,1,2026-01-23 16:00:00+00:00,2026-01,2026
8713560162559,15.93,19.9,1,0.800502512562814,1.0,D4,D2,Tier 4 (D2 Profit or Frequency),False,False,False,Direct / Organic,Other,False,1,2026-01-24 16:00:00+00:00,2026-01,2026
8714151526655,15.93,24.9,1,0.6397590361445783,1.0,D4,D2,Tier 4 (D2 Profit or Frequency),False,False,False,Direct / Organic,Other,False,1,2026-01-24 16:00:00+00:00,2026-01,2026
8718409695487,15.93,24.9,1,0.6397590361445783,1.0,D4,D2,Tier 4 (D2 Profit or Frequency),False,False,False,Direct / Organic,Other,False,1,2026-01-26 16:00:00+00:00,2026-01,2026
8728687378687,15.93,24.9,1,0.6397590361445783,1.0,D4,D2,Tier 4 (D2 Profit or Frequency),False,False,False,Direct / Organic,Other,False,1,2026-01-31 16:00:00+00:00,2026-02,2026
8749442302207,15.93,21.92,1,0.7267335766423356,1.0,D4,D2,Tier 4 (D2 Profit or Frequency),False,False,False,Direct / Organic,Other,False,1,2026-02-04 16:00:00+00:00,2026-02,2026
8761373196543,15.93,24.9,1,0.6397590361445783,1.0,D4,D2,Tier 4 (D2 Profit or Frequency),False,False,False,Direct / Organic,Other,False,1,2026-02-06 16:00:00+00:00,2026-02,2026
8833190265087,15.93,19.9,1,0.800502512562814,1.0,D4,D2,Tier 4 (D2 Profit or Frequency),False,False,False,Direct / Organic,Other,False,1,2026-03-07 16:00:00+00:00,2026-03,2026
8840257175807,15.93,24.9,1,0.6397590361445783,1.0,D4,D2,Tier 4 (D2 Profit or Frequency),False,False,False,Direct / Organic,Other,False,1,2026-03-10 16:00:00+00:00,2026-03,2026
8842018816255,15.93,24.9,1,0.6397590361445783,1.0,D4,D2,Tier 4 (D2 Profit or Frequency),False,False,False,Direct / Organic,Other,False,1,2026-03-12 16:00:00+00:00,2026-03,2026
8847873147135,15.93,24.9,1,0.6397590361445783,1.0,D4,D2,Tier 4 (D2 Profit or Frequency),False,False,False,Direct / Organic,Other,False,1,2026-03-14 16:00:00+00:00,2026-03,2026
8857318129919,15.93,24.9,1,0.6397590361445783,1.0,D4,D2,Tier 4 (D2 Profit or Frequency),False,False,False,Direct / Organic,Other,False,1,2026-03-17 16:00:00+00:00,2026-03,2026
8869226938623,15.93,24.9,1,0.6397590361445783,1.0,D4,D2,Tier 4 (D2 Profit or Frequency),False,False,False,Paid Social,Other,False,1,2026-03-22 16:00:00+00:00,2026-03,2026
8904588067071,15.93,24.9,1,0.6397590361445783,1.0,D4,D2,Tier 4 (D2 Profit or Frequency),False,False,False,Direct / Organic,Other,False,1,2026-03-30 16:00:00+00:00,2026-03,2026
8086485106943,15.92,44.8,1,0.3553571428571429,0.0,D4,D3,Untiered,False,False,False,Direct / Organic,Accessories,False,3,2025-05-27 16:00:00+00:00,2025-05,2025
8306167054591,15.92,38.83,1,0.409992274014937,0.0,D4,D3,Untiered,False,False,False,Affiliate,Other,False,3,2025-09-04 16:00:00+00:00,2025-09,2025
8309050933503,15.92,44.8,1,0.3553571428571429,0.0,D4,D3,Untiered,False,False,False,Paid Social,Accessories,False,3,2025-09-05 16:00:00+00:00,2025-09,2025
7966502945023,15.84,39.6,4,0.4,0.0,D4,D1,Tier 3 (D1 Frequency Only),False,True,False,Paid Social,Unknown,False,2,2025-04-18 16:00:00+00:00,2025-04,2025
7756379291903,15.75,38.15,1,0.4126757207529188,0.0,D4,D4,Untiered,False,False,False,Direct / Organic,Other,False,1,2023-09-06 16:00:00+00:00,2023-09,2023
7756379685119,15.75,38.15,1,0.4126757207529188,0.0,D4,D4,Untiered,False,False,False,Direct / Organic,Other,False,1,2023-09-03 16:00:00+00:00,2023-09,2023
7756380012799,15.75,33.0,1,0.4771349862258954,0.0,D4,D4,Untiered,False,False,False,Direct / Organic,Other,False,1,2023-09-06 16:00:00+00:00,2023-09,2023
7756382699775,15.75,36.19,1,0.4351029978228103,0.0,D4,D4,Untiered,False,False,False,Direct / Organic,Other,False,1,2023-09-24 16:00:00+00:00,2023-09,2023
7756385878271,15.75,21.18,1,0.7433476394849786,0.0,D4,D4,Untiered,False,False,False,Direct / Organic,Other,False,1,2023-10-19 16:00:00+00:00,2023-10,2023
7756386009343,15.75,38.15,1,0.4126757207529188,0.0,D4,D4,Untiered,False,False,False,Direct / Organic,Other,False,1,2023-10-21 16:00:00+00:00,2023-10,2023
7756439159039,15.73,32.23,1,0.48819934179595686,0.0,D4,D4,Untiered,False,False,False,Direct / Organic,Other,False,1,2024-06-26 16:00:00+00:00,2024-06,2024
6327607001343,15.68,49.0,2,0.32,0.0,D4,D2,Tier 4 (D2 Profit or Frequency),False,False,False,Subscription,Unknown,False,1,2022-08-08 16:00:00+00:00,2022-08,2022
8801983463679,15.64,22.33,1,0.7004030452306315,1.0,D4,D2,Tier 4 (D2 Profit or Frequency),False,False,False,Direct / Organic,Lean Protein,False,2,2026-02-24 16:00:00+00:00,2026-02,2026
7756038799615,15.64,39.09,1,0.4,0.0,D4,D4,Untiered,False,False,False,Direct / Organic,Unknown,False,1,2022-03-26 16:00:00+00:00,2022-03,2022
7756045418751,15.64,39.09,1,0.4,0.0,D4,D4,Untiered,False,False,False,Direct / Organic,Unknown,False,1,2022-01-19 16:00:00+00:00,2022-01,2022
7756469076223,15.62,33.2,1,0.4705667609747194,0.0,D4,D4,Untiered,False,False,False,Direct / Organic,Unknown,False,2,2024-10-12 16:00:00+00:00,2024-10,2024
7756041814271,15.5,41.48,1,0.37369959088252486,0.0,D4,D4,Untiered,False,False,False,Direct / Organic,Unknown,False,1,2022-02-28 16:00:00+00:00,2022-03,2022
7756031525119,15.46,41.37,1,0.373628305618636,0.0,D4,D4,Untiered,False,False,False,Direct / Organic,Unknown,False,1,2022-06-03 16:00:00+00:00,2022-06,2022
7756042797311,15.45,50.74,1,0.3044490892803822,0.0,D4,D4,Untiered,False,False,False,Direct / Organic,Unknown,False,1,2022-02-19 16:00:00+00:00,2022-02,2022
7756415697151,15.44,38.61,1,0.4,0.0,D4,D4,Untiered,False,False,False,Subscription,Other,True,2,2024-04-02 16:00:00+00:00,2024-04,2024
7756416975103,15.44,38.61,1,0.4,0.0,D4,D4,Untiered,False,False,False,Subscription,Other,True,2,2024-04-06 16:00:00+00:00,2024-04,2024
7756018123007,15.27,40.91,1,0.3733333333333333,0.0,D4,D4,Untiered,False,False,False,Direct / Organic,Unknown,False,1,2022-08-12 16:00:00+00:00,2022-08,2022
7756361695487,15.25,38.94,1,0.3915648587658549,0.0,D4,D4,Untiered,False,False,False,Direct / Organic,Other,False,2,2023-05-19 16:00:00+00:00,2023-05,2023
8809900736767,15.24,22.14,1,0.6883468834688347,1.0,D4,D2,Tier 4 (D2 Profit or Frequency),False,False,False,Direct / Organic,Other,False,1,2026-02-26 16:00:00+00:00,2026-02,2026
7969924874495,15.18,37.69,1,0.4028654815600956,0.0,D4,D3,Untiered,False,False,False,Direct / Organic,Lean Protein,False,2,2025-04-20 16:00:00+00:00,2025-04,2025
8800135348479,15.12,20.16,1,0.75,1.0,D4,D2,Tier 4 (D2 Profit or Frequency),False,False,False,Subscription,Other,True,1,2026-02-23 16:00:00+00:00,2026-02,2026
6329873694975,15.1,42.65,1,0.35404454865181717,0.0,D4,D5,Untiered,False,False,False,Subscription,Unknown,False,1,2022-01-01 16:00:00+00:00,2022-01,2022
8733017506047,15.08,21.96,1,0.6867030965391621,1.0,D4,D2,Tier 4 (D2 Profit or Frequency),False,False,False,Direct / Organic,Other,False,1,2026-02-02 16:00:00+00:00,2026-02,2026
8761795346687,15.03,21.9,1,0.6863013698630137,1.0,D4,D2,Tier 4 (D2 Profit or Frequency),False,False,False,Direct / Organic,Other,False,1,2026-02-06 16:00:00+00:00,2026-02,2026
8763563245823,15.03,21.9,1,0.6863013698630137,1.0,D4,D2,Tier 4 (D2 Profit or Frequency),False,False,False,Direct / Organic,Other,False,1,2026-02-07 16:00:00+00:00,2026-02,2026
8297726083327,46.64,99.12,2,0.470540758676352,0.0,D3,D1,Tier 3 (D1 Frequency Only),False,True,False,Subscription,Lean Protein,True,2,2025-08-30 16:00:00+00:00,2025-08,2025
6423606395135,46.62,116.54,1,0.39999999999999997,0.0,D3,D5,Untiered,False,False,False,Subscription,Unknown,False,1,2022-01-26 16:00:00+00:00,2022-01,2022
8093656678655,46.61,116.52,1,0.4,0.0,D3,D3,Untiered,False,False,False,Direct / Organic,Clear Protein,False,2,2025-05-30 16:00:00+00:00,2025-05,2025
6327510335743,46.57,116.43,1,0.4,0.0,D3,D5,Untiered,False,False,False,Subscription,Unknown,False,1,2022-05-07 16:00:00+00:00,2022-05,2022
6327509713151,46.54,121.25,1,0.38383505154639175,0.0,D3,D5,Untiered,False,False,False,Subscription,Unknown,False,1,2022-04-05 16:00:00+00:00,2022-04,2022
8143262155007,46.44,98.68,1,0.4706120794487231,0.0,D3,D3,Untiered,False,False,False,Subscription,Clear Protein,True,1,2025-06-19 16:00:00+00:00,2025-06,2025
6336754450687,46.43,122.79,3,0.37810896652821896,0.0,D3,D1,Tier 3 (D1 Frequency Only),False,True,False,Subscription,Unknown,False,2,2022-01-16 16:00:00+00:00,2022-01,2022
7847033995519,46.41,116.03,1,0.4,0.0,D3,D3,Untiered,False,False,False,Direct / Organic,Clear Protein,False,2,2025-02-13 16:00:00+00:00,2025-02,2025
8035262234879,46.4,116.01,1,0.4,0.0,D3,D3,Untiered,False,False,False,Subscription,Lean Protein,True,2,2025-05-11 16:00:00+00:00,2025-05,2025
8125883908351,46.4,104.4,1,0.44448275862068964,0.0,D3,D3,Untiered,False,False,False,Subscription,Lean Protein,True,2,2025-06-11 16:00:00+00:00,2025-06,2025
8133545754879,46.4,116.01,1,0.4,0.0,D3,D3,Untiered,False,False,False,Subscription,Lean Protein,True,2,2025-06-14 16:00:00+00:00,2025-06,2025
7884680397055,46.36,111.0,1,0.4176576576576577,0.0,D3,D3,Untiered,False,False,False,Direct / Organic,Lean Protein,False,3,2025-03-26 16:00:00+00:00,2025-03,2025
7756019302655,46.34,118.58,1,0.3908003679852806,0.0,D3,D4,Untiered,False,False,False,Direct / Organic,Unknown,False,1,2022-08-07 16:00:00+00:00,2022-08,2022
7756382535935,46.33,115.84,2,0.4,0.0,D3,D1,Tier 3 (D1 Frequency Only),False,True,False,Subscription,Accessories,True,3,2023-09-22 16:00:00+00:00,2023-09,2023
7756357566719,46.32,118.52,2,0.39079519304525695,0.0,D3,D1,Tier 3 (D1 Frequency Only),False,True,False,Subscription,Unknown,True,1,2023-03-29 16:00:00+00:00,2023-03,2023
8802133311743,46.3,66.04,1,0.7010902483343427,1.0,D3,D2,Tier 4 (D2 Profit or Frequency),False,False,False,Direct / Organic,Lean Protein,False,2,2026-02-24 16:00:00+00:00,2026-02,2026
8783227945215,46.29,51.99,1,0.8903635314483556,1.0,D3,D2,Tier 4 (D2 Profit or Frequency),False,False,False,Subscription,Soy Protein,True,2,2026-03-04 16:00:00+00:00,2026-03,2026
7756004786431,46.27,93.19,2,0.49647502601456817,0.0,D3,D2,Tier 4 (D2 Profit or Frequency),False,False,False,Direct / Organic,Unknown,False,3,2022-10-08 16:00:00+00:00,2022-10,2022
8293135089919,46.16,115.4,1,0.4,0.0,D3,D3,Untiered,False,False,False,Direct / Organic,Lean Protein,False,1,2025-08-27 16:00:00+00:00,2025-08,2025
7886223180031,46.12,103.76,1,0.4444487278334618,0.0,D3,D3,Untiered,False,False,False,Direct / Organic,Clear Protein,False,2,2025-03-03 16:00:00+00:00,2025-03,2025
7756385714431,46.04,96.91,1,0.47504690431519697,0.0,D3,D4,Untiered,False,False,False,Direct / Organic,Other,False,2,2023-10-22 16:00:00+00:00,2023-10,2023
7756386369791,46.04,109.34,1,0.42105263157894735,0.0,D3,D4,Untiered,False,False,False,Direct / Organic,Other,False,1,2023-10-25 16:00:00+00:00,2023-10,2023
7756431655167,46.04,80.56,1,0.5714285714285714,0.0,D3,D4,Untiered,False,False,False,Direct / Organic,Other,False,1,2024-05-29 16:00:00+00:00,2024-05,2024
8249196839167,46.02,111.59,1,0.41236669952504706,0.0,D3,D3,Untiered,False,False,False,Direct / Organic,Other,False,1,2025-08-10 16:00:00+00:00,2025-08,2025
6532502290687,46.01,121.09,1,0.37997997997998,0.0,D3,D5,Untiered,False,False,False,Direct / Organic,Unknown,False,3,2022-10-27 16:00:00+00:00,2022-10,2022
7756463243519,46.01,88.69,2,0.5187741296252008,0.0,D3,D1,Tier 3 (D1 Frequency Only),False,True,False,Direct / Organic,Other,False,2,2024-09-07 16:00:00+00:00,2024-09,2024
8874836590847,46.01,65.75,1,0.6997718631178708,1.0,D3,D2,Tier 4 (D2 Profit or Frequency),False,False,False,Paid Social,Lean Protein,False,2,2026-03-23 16:00:00+00:00,2026-03,2026
7756408750335,45.82,108.82,1,0.42105263157894735,0.0,D3,D4,Untiered,False,False,False,Direct / Organic,Clear Protein,False,1,2024-02-20 16:00:00+00:00,2024-02,2024
7756411470079,45.82,97.94,1,0.46783625730994155,0.0,D3,D4,Untiered,False,False,False,Direct / Organic,Clear Protein,False,1,2024-03-11 16:00:00+00:00,2024-03,2024
7756415303935,45.82,108.82,1,0.42105263157894735,0.0,D3,D4,Untiered,False,False,False,Direct / Organic,Clear Protein,False,1,2024-03-30 16:00:00+00:00,2024-03,2024
7756421595391,45.82,108.82,1,0.42105263157894735,0.0,D3,D4,Untiered,False,False,False,Direct / Organic,Other,False,2,2024-04-25 16:00:00+00:00,2024-04,2024
7756421726463,45.82,91.64,1,0.5000000000000001,0.0,D3,D4,Untiered,False,False,False,Direct / Organic,Other,False,2,2024-04-26 16:00:00+00:00,2024-04,2024
7756428771583,45.82,80.18,1,0.5714285714285714,0.0,D3,D4,Untiered,False,False,False,Direct / Organic,Clear Protein,False,1,2024-05-28 16:00:00+00:00,2024-05,2024
7756431327487,45.82,80.18,1,0.5714285714285714,0.0,D3,D4,Untiered,False,False,False,Direct / Organic,Clear Protein,False,1,2024-05-28 16:00:00+00:00,2024-05,2024
7756434407679,45.82,85.91,1,0.5333333333333333,0.0,D3,D4,Untiered,False,False,False,Direct / Organic,Clear Protein,False,1,2024-06-26 16:00:00+00:00,2024-06,2024
7756435521791,45.82,108.82,1,0.42105263157894735,0.0,D3,D4,Untiered,False,False,False,Direct / Organic,Clear Protein,False,1,2024-06-09 16:00:00+00:00,2024-06,2024
7756435751167,45.82,108.82,1,0.42105263157894735,0.0,D3,D4,Untiered,False,False,False,Direct / Organic,Clear Protein,False,1,2024-06-10 16:00:00+00:00,2024-06,2024
7756437520639,45.82,108.82,1,0.42105263157894735,0.0,D3,D4,Untiered,False,False,False,Direct / Organic,Clear Protein,False,1,2024-06-18 16:00:00+00:00,2024-06,2024
7756439716095,45.82,91.64,1,0.5000000000000001,0.0,D3,D4,Untiered,False,False,False,Direct / Organic,Clear Protein,False,1,2024-06-27 16:00:00+00:00,2024-06,2024
7756440043775,45.82,91.64,1,0.5000000000000001,0.0,D3,D4,Untiered,False,False,False,Direct / Organic,Clear Protein,False,1,2024-06-29 16:00:00+00:00,2024-06,2024
7756440240383,45.82,91.64,1,0.5000000000000001,0.0,D3,D4,Untiered,False,False,False,Direct / Organic,Clear Protein,False,1,2024-06-29 16:00:00+00:00,2024-06,2024
7756446793983,45.82,108.82,1,0.42105263157894735,0.0,D3,D4,Untiered,False,False,False,Direct / Organic,Clear Protein,False,1,2024-08-01 16:00:00+00:00,2024-08,2024
7756460458239,45.82,108.82,1,0.42105263157894735,0.0,D3,D4,Untiered,False,False,False,Direct / Organic,Clear Protein,False,1,2024-08-26 16:00:00+00:00,2024-08,2024
7756462653695,45.82,108.82,1,0.42105263157894735,0.0,D3,D4,Untiered,False,False,False,Direct / Organic,Clear Protein,False,1,2024-09-03 16:00:00+00:00,2024-09,2024
7756465373439,45.82,97.36,1,0.47058823529411764,0.0,D3,D4,Untiered,False,False,False,Direct / Organic,Clear Protein,False,1,2024-09-17 16:00:00+00:00,2024-09,2024
7756465864959,45.82,108.82,1,0.42105263157894735,0.0,D3,D4,Untiered,False,False,False,Direct / Organic,Clear Protein,False,1,2024-09-20 16:00:00+00:00,2024-09,2024
7756466913535,45.82,108.82,1,0.42105263157894735,0.0,D3,D4,Untiered,False,False,False,Direct / Organic,Clear Protein,False,1,2024-09-23 16:00:00+00:00,2024-09,2024
7756467634431,45.82,82.91,1,0.5526315789473684,0.0,D3,D4,Untiered,False,False,False,Direct / Organic,Clear Protein,False,1,2024-09-29 16:00:00+00:00,2024-09,2024
7756467994879,45.82,80.18,1,0.5714285714285714,0.0,D3,D4,Untiered,False,False,False,Direct / Organic,Clear Protein,False,1,2024-09-29 16:00:00+00:00,2024-09,2024
7756468257023,45.82,80.18,1,0.5714285714285714,0.0,D3,D4,Untiered,False,False,False,Direct / Organic,Clear Protein,False,1,2024-09-26 16:00:00+00:00,2024-09,2024
7756468420863,45.82,86.24,1,0.5312719606465214,0.0,D3,D4,Untiered,False,False,False,Direct / Organic,Clear Protein,False,1,2024-09-27 16:00:00+00:00,2024-09,2024
7756469043455,45.82,80.18,1,0.5714285714285714,0.0,D3,D4,Untiered,False,False,False,Direct / Organic,Clear Protein,False,1,2024-09-28 16:00:00+00:00,2024-09,2024
7756469207295,45.82,108.82,1,0.42105263157894735,0.0,D3,D4,Untiered,False,False,False,Direct / Organic,Clear Protein,False,1,2024-09-29 16:00:00+00:00,2024-09,2024
7756469797119,45.82,80.18,1,0.5714285714285714,0.0,D3,D4,Untiered,False,False,False,Direct / Organic,Clear Protein,False,1,2024-09-29 16:00:00+00:00,2024-09,2024
7756476449023,45.82,108.82,1,0.42105263157894735,0.0,D3,D4,Untiered,False,False,False,Direct / Organic,Lean Protein,False,2,2024-10-26 16:00:00+00:00,2024-10,2024
7756428476671,45.81,108.79,1,0.4210467674995126,0.0,D3,D4,Untiered,False,False,False,Direct / Organic,Other,False,4,2024-05-21 16:00:00+00:00,2024-05,2024
7756048662783,45.78,114.45,1,0.4,0.0,D3,D4,Untiered,False,False,False,Direct / Organic,Unknown,False,1,2022-01-04 16:00:00+00:00,2022-01,2022
6329829785855,45.72,114.29,1,0.39999999999999997,0.0,D3,D5,Untiered,False,False,False,Subscription,Unknown,False,1,2022-05-13 16:00:00+00:00,2022-05,2022
7938715844863,45.65,114.13,1,0.4,0.0,D3,D3,Untiered,False,False,False,Direct / Organic,Collagen Glow,False,3,2025-04-01 16:00:00+00:00,2025-04,2025
7755929977087,45.58,119.41,2,0.38172867076079786,0.0,D3,D2,Tier 4 (D2 Profit or Frequency),False,False,False,Direct / Organic,Unknown,False,1,2022-01-06 16:00:00+00:00,2022-01,2022
8483491119359,45.56,58.84,1,0.7743031951053705,1.0,D3,D2,Tier 4 (D2 Profit or Frequency),False,False,False,Direct / Organic,Lean Protein,False,1,2025-10-28 16:00:00+00:00,2025-10,2025
8697246744831,45.56,62.89,1,0.7244394975353792,1.0,D3,D2,Tier 4 (D2 Profit or Frequency),False,False,False,Direct / Organic,Clear Protein,False,2,2026-01-23 16:00:00+00:00,2026-01,2026
6329616859391,45.55,113.87,1,0.4,0.0,D3,D5,Untiered,False,False,False,Subscription,Unknown,False,1,2022-01-10 16:00:00+00:00,2022-01,2022
7756169871615,45.53,102.44,1,0.4444444444444444,0.0,D3,D4,Untiered,False,False,False,Direct / Organic,Unknown,False,3,2022-12-25 16:00:00+00:00,2022-12,2022
8029437657343,45.52,112.82,2,0.403510015954618,0.0,D3,D1,Tier 3 (D1 Frequency Only),False,True,False,Direct / Organic,Lean Protein,True,1,2025-05-08 16:00:00+00:00,2025-05,2025
8147523043583,45.52,113.8,1,0.4,0.0,D3,D3,Untiered,False,False,False,Direct / Organic,Other,False,3,2025-06-20 16:00:00+00:00,2025-06,2025
8310473425151,45.52,93.9,1,0.4847710330138445,0.0,D3,D3,Untiered,False,False,False,Direct / Organic,Other,False,3,2025-09-06 16:00:00+00:00,2025-09,2025
8832675840255,45.5,63.89,1,0.7121615276256065,1.0,D3,D2,Tier 4 (D2 Profit or Frequency),False,False,False,Subscription,Clear Protein,True,1,2026-03-07 16:00:00+00:00,2026-03,2026
8416067551487,45.44,62.6,1,0.7258785942492012,1.0,D3,D2,Tier 4 (D2 Profit or Frequency),False,False,False,Direct / Organic,Lean Protein,False,2,2025-10-14 16:00:00+00:00,2025-10,2025
8880793944319,45.42,65.16,1,0.6970534069981583,1.0,D3,D2,Tier 4 (D2 Profit or Frequency),False,False,False,Paid Social,Lean Protein,False,2,2026-03-25 16:00:00+00:00,2026-03,2026
7755969855743,45.34,113.35,2,0.40000000000000013,0.0,D3,D2,Tier 4 (D2 Profit or Frequency),False,False,False,Direct / Organic,Unknown,True,3,2022-02-09 16:00:00+00:00,2022-02,2022
6704357310719,45.26,113.15,1,0.4,0.0,D3,D5,Untiered,False,False,False,Subscription,Other,False,1,2023-06-18 16:00:00+00:00,2023-06,2023
8779428036863,45.26,63.65,1,0.7110761979575805,1.0,D3,D2,Tier 4 (D2 Profit or Frequency),False,False,False,Subscription,Clear Protein,True,1,2026-02-13 16:00:00+00:00,2026-02,2026
8002156495103,45.2,113.0,1,0.4,0.0,D3,D3,Untiered,False,False,False,Direct / Organic,Lean Protein,False,1,2025-06-10 16:00:00+00:00,2025-06,2025
8287246614783,45.2,113.0,1,0.4,0.0,D3,D3,Untiered,False,False,False,Direct / Organic,Lean Protein,False,1,2025-08-24 16:00:00+00:00,2025-08,2025
8404537704703,45.2,113.0,1,0.4,0.0,D3,D2,Tier 4 (D2 Profit or Frequency),False,False,False,Direct / Organic,Lean Protein,False,1,2025-10-20 16:00:00+00:00,2025-10,2025
8477642031359,45.2,113.0,1,0.4,0.0,D3,D2,Tier 4 (D2 Profit or Frequency),False,False,False,Direct / Organic,Lean Protein,False,1,2025-10-26 16:00:00+00:00,2025-10,2025
8621981827327,45.2,101.7,1,0.4444444444444445,0.0,D3,D2,Tier 4 (D2 Profit or Frequency),False,False,False,Direct / Organic,Lean Protein,False,1,2025-12-16 16:00:00+00:00,2025-12,2025
8653165756671,45.2,101.7,1,0.4444444444444445,0.0,D3,D2,Tier 4 (D2 Profit or Frequency),False,False,False,Direct / Organic,Lean Protein,False,1,2025-12-26 16:00:00+00:00,2025-12,2025
8675023978751,45.2,113.0,1,0.4,0.0,D3,D2,Tier 4 (D2 Profit or Frequency),False,False,False,Direct / Organic,Lean Protein,False,1,2026-01-05 16:00:00+00:00,2026-01,2026
7756430377215,45.12,98.19,2,0.45948831898281034,0.0,D3,D1,Tier 3 (D1 Frequency Only),False,True,False,Subscription,Clear Protein,True,3,2024-05-27 16:00:00+00:00,2024-05,2024
7756044304639,45.07,118.14,2,0.38153183193967066,0.0,D3,D1,Tier 3 (D1 Frequency Only),False,True,False,Direct / Organic,Unknown,False,1,2022-02-07 16:00:00+00:00,2022-02,2022
7988833779967,44.89,100.99,2,0.44451925933260716,0.0,D3,D1,Tier 3 (D1 Frequency Only),False,True,False,Subscription,Lean Protein,True,1,2025-04-29 16:00:00+00:00,2025-04,2025
6327827955967,44.87,112.18,1,0.39999999999999997,0.0,D3,D5,Untiered,False,False,False,Subscription,Unknown,False,1,2022-02-21 16:00:00+00:00,2022-02,2022
7147869012223,44.82,100.83,1,0.44447089159972236,0.0,D3,D5,Untiered,False,False,False,Subscription,Other,True,3,2024-03-24 16:00:00+00:00,2024-03,2024
7756348915967,44.8,100.8,1,0.4444444444444445,0.0,D3,D4,Untiered,False,False,False,Direct / Organic,Unknown,False,2,2023-02-22 16:00:00+00:00,2023-02,2023
8084383236351,44.76,116.9,2,0.38289136013686914,0.0,D3,D1,Tier 3 (D1 Frequency Only),False,True,False,Direct / Organic,Collagen Glow,True,3,2025-05-27 16:00:00+00:00,2025-05,2025
6545737908479,44.72,106.2,1,0.4210546139359699,0.0,D3,D5,Untiered,False,False,False,Subscription,Other,False,3,2023-02-09 16:00:00+00:00,2023-02,2023
7756019007743,44.71,117.22,3,0.38138717265982475,0.0,D3,D1,Tier 3 (D1 Frequency Only),False,True,False,Direct / Organic,Unknown,False,2,2022-08-03 16:00:00+00:00,2022-08,2022
7756440338687,44.7,97.37,2,0.45909189929356115,0.0,D3,D1,Tier 3 (D1 Frequency Only),False,True,False,Direct / Organic,Other,False,2,2024-06-29 16:00:00+00:00,2024-06,2024
7756486443263,44.7,96.35,1,0.46395773053214245,0.0,D3,D4,Untiered,False,False,False,Direct / Organic,Lean Protein,False,3,2024-12-17 16:00:00+00:00,2024-12,2024
6327692722431,44.68,111.71,1,0.4000000000000001,0.0,D3,D5,Untiered,False,False,False,Subscription,Unknown,False,1,2022-05-18 16:00:00+00:00,2022-05,2022
6424475828479,44.68,100.53,1,0.44448423356212075,0.0,D3,D5,Untiered,False,False,False,Subscription,Collagen Glow,False,3,2024-08-10 16:00:00+00:00,2024-08,2024
6423228121343,44.68,116.6,1,0.3831903945111493,0.0,D3,D5,Untiered,False,False,False,Subscription,Unknown,False,1,2022-08-03 16:00:00+00:00,2022-08,2022
8766992941311,44.68,63.15,1,0.7075217735550279,1.0,D3,D2,Tier 4 (D2 Profit or Frequency),False,False,False,Direct / Organic,Clear Protein,False,2,2026-02-09 16:00:00+00:00,2026-02,2026
8725894365439,44.66,64.04,1,0.6973766396002499,1.0,D3,D2,Tier 4 (D2 Profit or Frequency),False,False,False,Direct / Organic,Lean Protein,False,1,2026-01-30 16:00:00+00:00,2026-01,2026
8891095023871,44.66,62.85,1,0.7105807478122514,1.0,D3,D2,Tier 4 (D2 Profit or Frequency),False,False,False,Direct / Organic,Lean Protein,False,1,2026-03-26 16:00:00+00:00,2026-03,2026
7756421923071,44.59,102.42,1,0.43538461538461537,0.0,D3,D4,Untiered,False,False,False,Direct / Organic,Lean Protein,False,2,2024-12-15 16:00:00+00:00,2024-12,2024
8649217278207,44.47,57.06,1,0.7793550648440238,1.0,D3,D2,Tier 4 (D2 Profit or Frequency),False,False,False,Direct / Organic,Lean Protein,False,1,2025-12-24 16:00:00+00:00,2025-12,2025
7756045943039,44.46,129.33,2,0.34376757263355207,0.0,D3,D1,Tier 3 (D1 Frequency Only),False,True,False,Direct / Organic,Unknown,False,1,2022-01-14 16:00:00+00:00,2022-01,2022
7891339510015,44.4,111.0,1,0.4000000000000001,0.0,D3,D3,Untiered,False,False,False,Direct / Organic,Clear Protein,False,2,2025-03-07 16:00:00+00:00,2025-03,2025
8096402768127,44.4,111.0,1,0.4000000000000001,0.0,D3,D3,Untiered,False,False,False,Direct / Organic,Clear Protein,False,2,2025-05-31 16:00:00+00:00,2025-06,2025
8151997710591,44.4,99.9,1,0.4444444444444445,0.0,D3,D3,Untiered,False,False,False,Direct / Organic,Clear Protein,False,2,2025-06-22 16:00:00+00:00,2025-06,2025
8247671292159,44.38,110.95,1,0.39999999999999997,0.0,D3,D3,Untiered,False,False,False,Subscription,Clear Protein,True,2,2025-08-09 16:00:00+00:00,2025-08,2025
6327720739071,44.36,125.59,3,0.35318098574727286,0.0,D3,D1,Tier 3 (D1 Frequency Only),False,True,False,Subscription,Unknown,False,1,2022-01-02 16:00:00+00:00,2022-01,2022
7756038963455,44.2,116.56,1,0.3792018718315352,0.0,D3,D4,Untiered,False,False,False,Direct / Organic,Unknown,False,1,2022-03-23 16:00:00+00:00,2022-03,2022
7756438995199,44.15,110.38,3,0.4000000000000001,0.0,D3,D1,Tier 3 (D1 Frequency Only),False,True,False,Subscription,Other,True,2,2024-06-28 16:00:00+00:00,2024-06,2024
8874820043007,44.15,62.93,1,0.701573176545368,1.0,D3,D2,Tier 4 (D2 Profit or Frequency),False,False,False,Direct / Organic,Lean Protein,False,1,2026-03-23 16:00:00+00:00,2026-03,2026
8875316052223,44.15,64.93,1,0.6799630371168951,1.0,D3,D2,Tier 4 (D2 Profit or Frequency),False,False,False,Direct / Organic,Lean Protein,False,1,2026-03-23 16:00:00+00:00,2026-03,2026
8879046230271,44.15,62.85,1,0.7024661893396977,1.0,D3,D2,Tier 4 (D2 Profit or Frequency),False,False,False,Direct / Organic,Lean Protein,False,1,2026-03-25 16:00:00+00:00,2026-03,2026
8899332014335,44.15,65.39,1,0.6751796910842637,1.0,D3,D2,Tier 4 (D2 Profit or Frequency),False,False,False,Direct / Organic,Lean Protein,False,1,2026-03-28 16:00:00+00:00,2026-03,2026
8904983281919,44.15,62.85,1,0.7024661893396977,1.0,D3,D2,Tier 4 (D2 Profit or Frequency),False,False,False,Direct / Organic,Lean Protein,False,1,2026-03-30 16:00:00+00:00,2026-03,2026
8603014627583,44.14,62.33,2,0.7081662120969034,1.0,D3,D1,Tier 3 (D1 Frequency Only),False,True,False,Direct / Organic,Lean Protein,False,1,2025-12-09 16:00:00+00:00,2025-12,2025
6329848627455,43.96,119.7,3,0.3672514619883041,0.0,D3,D1,Tier 3 (D1 Frequency Only),False,True,False,Subscription,Unknown,False,1,2022-01-14 16:00:00+00:00,2022-01,2022
8690224333055,43.95,56.11,1,0.7832828372839067,1.0,D3,D2,Tier 4 (D2 Profit or Frequency),False,False,False,Subscription,Clear Protein,True,1,2026-01-12 16:00:00+00:00,2026-01,2026
7756458000639,43.83,67.68,2,0.6475871517734815,0.5900933060882837,D3,D1,Tier 3 (D1 Frequency Only),False,True,False,Direct / Organic,Collagen Glow,True,1,2024-08-14 16:00:00+00:00,2024-08,2024
6423595155711,43.76,103.22,2,0.4239488471226507,0.0,D3,D2,Tier 4 (D2 Profit or Frequency),False,False,False,Subscription,Unknown,False,2,2022-04-04 16:00:00+00:00,2022-04,2022
6328262263039,43.71,62.1,1,0.7038647342995169,1.0,D3,D5,Untiered,False,False,False,Subscription,Clear Protein,True,1,2026-02-22 16:00:00+00:00,2026-02,2026
8362782654719,43.71,58.92,3,0.7418533604887984,1.0,D3,D1,Tier 3 (D1 Frequency Only),False,True,False,Subscription,Other,True,1,2025-10-02 16:00:00+00:00,2025-10,2025
8770482307327,43.71,62.1,1,0.7038647342995169,1.0,D3,D2,Tier 4 (D2 Profit or Frequency),False,False,False,Subscription,Clear Protein,True,1,2026-02-10 16:00:00+00:00,2026-02,2026
8809370812671,43.71,62.1,1,0.7038647342995169,1.0,D3,D2,Tier 4 (D2 Profit or Frequency),False,False,False,Subscription,Clear Protein,True,1,2026-02-26 16:00:00+00:00,2026-02,2026
8813602636031,43.71,52.79,1,0.827997726842205,1.0,D3,D2,Tier 4 (D2 Profit or Frequency),False,False,False,Subscription,Clear Protein,True,1,2026-02-28 16:00:00+00:00,2026-03,2026
8834452357375,43.71,62.1,1,0.7038647342995169,1.0,D3,D2,Tier 4 (D2 Profit or Frequency),False,False,False,Subscription,Clear Protein,True,1,2026-03-08 16:00:00+00:00,2026-03,2026
7756018942207,43.62,99.42,2,0.43873563568750584,0.0,D3,D2,Tier 4 (D2 Profit or Frequency),False,False,False,Direct / Organic,Unknown,True,2,2022-08-08 16:00:00+00:00,2022-08,2022
7058101633279,43.61,109.02,1,0.4000000000000001,0.0,D3,D5,Untiered,False,False,False,Subscription,Accessories,False,3,2024-02-08 16:00:00+00:00,2024-02,2024
7946205430015,43.6,109.0,1,0.39999999999999997,0.0,D3,D3,Untiered,False,False,False,Direct / Organic,Other,False,2,2025-04-10 16:00:00+00:00,2025-04,2025
8063660425471,43.6,109.0,1,0.39999999999999997,0.0,D3,D3,Untiered,False,False,False,Direct / Organic,Other,False,2,2025-05-19 16:00:00+00:00,2025-05,2025
8251162099967,43.6,98.1,1,0.4444444444444444,0.0,D3,D3,Untiered,False,False,False,Direct / Organic,Other,False,2,2025-08-11 16:00:00+00:00,2025-08,2025
7756260180223,43.59,98.07,1,0.4444444444444445,0.0,D3,D4,Untiered,False,False,False,Direct / Organic,Unknown,False,1,2022-12-01 16:00:00+00:00,2022-12,2022
7756284690687,43.59,79.89,1,0.5455924745865575,0.0,D3,D4,Untiered,False,False,False,Direct / Organic,Unknown,False,1,2023-10-24 16:00:00+00:00,2023-10,2023
7756358385919,43.59,98.07,1,0.4444444444444445,0.0,D3,D4,Untiered,False,False,False,Direct / Organic,Unknown,False,1,2023-04-09 16:00:00+00:00,2023-04,2023
7756376637695,43.59,98.07,1,0.4444444444444445,0.0,D3,D4,Untiered,False,False,False,Direct / Organic,Other,False,1,2023-08-18 16:00:00+00:00,2023-08,2023
7101868769535,43.56,118.7,2,0.3669755686604887,0.0,D3,D2,Tier 4 (D2 Profit or Frequency),False,False,False,Subscription,Other,False,1,2024-02-27 16:00:00+00:00,2024-02,2024
7961039569151,43.56,92.56,1,0.47061365600691446,0.0,D3,D3,Untiered,False,False,False,Direct / Organic,Collagen Glow,False,2,2025-04-24 16:00:00+00:00,2025-04,2025
7756032278783,43.53,120.94,2,0.35990979704334747,0.0,D3,D1,Tier 3 (D1 Frequency Only),False,True,False,Direct / Organic,Unknown,False,1,2022-06-02 16:00:00+00:00,2022-06,2022
8000261095679,43.52,92.48,1,0.47058823529411764,0.0,D3,D3,Untiered,False,False,False,Direct / Organic,Other,False,4,2025-05-01 16:00:00+00:00,2025-05,2025
8077416464639,43.52,108.8,1,0.4,0.0,D3,D3,Untiered,False,False,False,Paid Social,Clear Protein,False,3,2025-05-24 16:00:00+00:00,2025-05,2025
8247928389887,43.52,92.48,1,0.47058823529411764,0.0,D3,D3,Untiered,False,False,False,Direct / Organic,Other,False,4,2025-08-09 16:00:00+00:00,2025-08,2025
7756469633279,43.49,76.11,1,0.5714285714285715,0.0,D3,D4,Untiered,False,False,False,Direct / Organic,Collagen Glow,False,2,2024-09-29 16:00:00+00:00,2024-09,2024
7756415533311,43.49,107.53,2,0.4044411880741701,0.0,D3,D1,Tier 3 (D1 Frequency Only),False,True,False,Direct / Organic,Collagen Glow,False,2,2024-04-01 16:00:00+00:00,2024-04,2024
8679713308927,43.46,55.0,1,0.7901818181818182,1.0,D3,D2,Tier 4 (D2 Profit or Frequency),False,False,False,Direct / Organic,Lean Protein,False,1,2026-02-20 16:00:00+00:00,2026-02,2026
8879036399871,43.33,72.99,1,0.5936429647896972,1.0,D3,D2,Tier 4 (D2 Profit or Frequency),False,False,False,Direct / Organic,Lean Protein,False,1,2026-03-25 16:00:00+00:00,2026-03,2026
8226081210623,43.26,107.19,1,0.4036197406474485,0.0,D3,D3,Untiered,False,False,False,Direct / Organic,Lean Protein,False,1,2025-08-02 16:00:00+00:00,2025-08,2025
7756423758079,43.23,108.08,2,0.4,0.0,D3,D1,Tier 3 (D1 Frequency Only),False,True,False,Subscription,Other,True,3,2024-05-02 16:00:00+00:00,2024-05,2024
6327655137535,43.19,112.88,1,0.38263642806520204,0.0,D3,D5,Untiered,False,False,False,Subscription,Unknown,False,1,2022-05-22 16:00:00+00:00,2022-05,2022
6336720568575,43.19,112.88,1,0.38263642806520204,0.0,D3,D5,Untiered,False,False,False,Subscription,Unknown,False,1,2022-05-13 16:00:00+00:00,2022-05,2022
6532515234047,43.14,113.3,2,0.3807435143086387,0.0,D3,D2,Tier 4 (D2 Profit or Frequency),False,False,False,Direct / Organic,Unknown,False,1,2022-05-07 16:00:00+00:00,2022-05,2022
6327516889343,43.13,107.82,2,0.4,0.0,D3,D2,Tier 4 (D2 Profit or Frequency),False,False,False,Subscription,Other,True,1,2025-04-24 16:00:00+00:00,2025-04,2025
6334064722175,43.13,107.82,2,0.4,0.0,D3,D2,Tier 4 (D2 Profit or Frequency),False,False,False,Subscription,Other,True,1,2025-04-14 16:00:00+00:00,2025-04,2025
7471600238847,43.13,107.82,2,0.4,0.0,D3,D2,Tier 4 (D2 Profit or Frequency),False,False,False,Subscription,Lean Protein,True,1,2024-08-28 16:00:00+00:00,2024-08,2024
7522714976511,43.13,107.82,2,0.4,0.0,D3,D2,Tier 4 (D2 Profit or Frequency),False,False,False,Subscription,Lean Protein,True,1,2024-09-29 16:00:00+00:00,2024-09,2024
7695737127167,43.13,107.82,2,0.4,0.0,D3,D2,Tier 4 (D2 Profit or Frequency),False,False,False,Subscription,Lean Protein,True,1,2024-12-08 16:00:00+00:00,2024-12,2024
8124723888383,43.13,107.82,2,0.4,0.0,D3,D1,Tier 3 (D1 Frequency Only),False,True,False,Subscription,Lean Protein,True,1,2025-06-10 16:00:00+00:00,2025-06,2025
8868617486591,43.1,66.75,1,0.645692883895131,1.0,D3,D2,Tier 4 (D2 Profit or Frequency),False,False,False,Paid Social,Lean Protein,False,1,2026-03-21 16:00:00+00:00,2026-03,2026
7547822899455,43.1,91.57,1,0.4706344872774927,0.0,D3,D5,Untiered,False,False,False,Subscription,Other,True,2,2024-10-09 16:00:00+00:00,2024-10,2024
7709267230975,43.1,96.96,1,0.44447194719471955,0.0,D3,D5,Untiered,False,False,False,Subscription,Other,True,2,2024-12-15 16:00:00+00:00,2024-12,2024
8865436369151,43.08,72.86,1,0.5912709305517431,1.0,D3,D2,Tier 4 (D2 Profit or Frequency),False,False,False,Direct / Organic,Lean Protein,False,1,2026-03-20 16:00:00+00:00,2026-03,2026
8878778581247,43.04,71.02,1,0.6060264714165026,1.0,D3,D2,Tier 4 (D2 Profit or Frequency),False,False,False,Paid Social,Lean Protein,False,1,2026-03-24 16:00:00+00:00,2026-03,2026
8891012612351,43.04,72.64,1,0.5925110132158591,1.0,D3,D2,Tier 4 (D2 Profit or Frequency),False,False,False,Paid Social,Lean Protein,False,1,2026-03-26 16:00:00+00:00,2026-03,2026
8895680217343,42.98,72.57,1,0.5922557530660053,1.0,D3,D2,Tier 4 (D2 Profit or Frequency),False,False,False,Paid Social,Lean Protein,False,1,2026-03-27 16:00:00+00:00,2026-03,2026
6334066000127,42.96,107.39,1,0.39999999999999997,0.0,D3,D5,Untiered,False,False,False,Subscription,Unknown,False,1,2022-06-25 16:00:00+00:00,2022-06,2022
8713866346751,42.78,55.8,2,0.7666666666666667,1.0,D3,D1,Tier 3 (D1 Frequency Only),False,True,False,Direct / Organic,Soy Protein,False,3,2026-01-24 16:00:00+00:00,2026-01,2026
6336752222463,42.69,111.63,2,0.382441995879244,0.0,D3,D2,Tier 4 (D2 Profit or Frequency),False,False,False,Subscription,Unknown,False,2,2022-02-13 16:00:00+00:00,2022-02,2022
8898951086335,42.55,62.29,1,0.6830951998715685,1.0,D3,D2,Tier 4 (D2 Profit or Frequency),False,False,False,Subscription,Lean Protein,True,2,2026-03-28 16:00:00+00:00,2026-03,2026
8244467302655,42.44,106.11,1,0.4,0.0,D3,D3,Untiered,False,False,False,Email,Lean Protein,False,3,2025-08-15 16:00:00+00:00,2025-08,2025
8094505500927,42.44,106.1,1,0.4000000000000001,0.0,D3,D3,Untiered,False,False,False,Direct / Organic,Accessories,False,3,2025-05-30 16:00:00+00:00,2025-05,2025
7756017467647,42.42,106.06,1,0.4,0.0,D3,D4,Untiered,False,False,False,Direct / Organic,Unknown,False,1,2022-08-25 16:00:00+00:00,2022-08,2022
8901867831551,42.41,68.56,1,0.6185822637106184,1.0,D3,D2,Tier 4 (D2 Profit or Frequency),False,False,False,Subscription,Lean Protein,True,2,2026-03-29 16:00:00+00:00,2026-03,2026
7756266701055,42.39,85.57,1,0.49536086125079687,0.0,D3,D4,Untiered,False,False,False,Direct / Organic,Accessories,False,3,2023-01-26 16:00:00+00:00,2023-01,2023
7756417695999,42.39,100.67,1,0.4210462946240443,0.0,D3,D4,Untiered,False,False,False,Direct / Organic,Collagen Glow,False,2,2024-04-10 16:00:00+00:00,2024-04,2024
7756433883391,42.38,90.81,2,0.46674230794900895,0.0,D3,D1,Tier 3 (D1 Frequency Only),False,True,False,Subscription,Soy Protein,True,2,2024-06-01 16:00:00+00:00,2024-06,2024
6329848889599,42.32,100.51,1,0.4210526315789474,0.0,D3,D5,Untiered,False,False,False,Subscription,Other,False,1,2023-04-14 16:00:00+00:00,2023-04,2023
7523193225471,42.28,78.89,1,0.5359361135758651,0.0,D3,D5,Untiered,False,False,False,Subscription,Collagen Glow,False,3,2024-09-29 16:00:00+00:00,2024-09,2024
8201852879103,42.28,105.7,1,0.4,0.0,D3,D3,Untiered,False,False,False,Direct / Organic,Clear Protein,False,2,2025-09-02 16:00:00+00:00,2025-09,2025
7756468879615,42.28,73.99,1,0.5714285714285715,0.0,D3,D4,Untiered,False,False,False,Direct / Organic,Other,False,3,2024-09-28 16:00:00+00:00,2024-09,2024
7230568595711,42.25,57.0,1,0.7412280701754386,1.0,D3,D5,Untiered,False,False,False,Subscription,Lean Protein,False,1,2024-05-20 16:00:00+00:00,2024-05,2024
8353293893887,42.25,59.9,1,0.7053422370617697,1.0,D3,D3,Untiered,False,False,False,Direct / Organic,Lean Protein,False,1,2025-09-29 16:00:00+00:00,2025-09,2025
8395334975743,42.25,59.9,1,0.7053422370617697,1.0,D3,D2,Tier 4 (D2 Profit or Frequency),False,False,False,Direct / Organic,Lean Protein,False,1,2025-10-11 16:00:00+00:00,2025-10,2025
8474561478911,42.25,50.92,1,0.8297329143754909,1.0,D3,D2,Tier 4 (D2 Profit or Frequency),False,False,False,Direct / Organic,Lean Protein,False,1,2025-10-24 16:00:00+00:00,2025-10,2025
8476304867583,42.25,53.91,1,0.7837135967352996,1.0,D3,D2,Tier 4 (D2 Profit or Frequency),False,False,False,Direct / Organic,Lean Protein,False,1,2025-10-25 16:00:00+00:00,2025-10,2025
8478279467263,42.25,50.92,1,0.8297329143754909,1.0,D3,D2,Tier 4 (D2 Profit or Frequency),False,False,False,Direct / Organic,Lean Protein,False,1,2025-10-26 16:00:00+00:00,2025-10,2025
8478338089215,42.25,50.92,1,0.8297329143754909,1.0,D3,D2,Tier 4 (D2 Profit or Frequency),False,False,False,Direct / Organic,Lean Protein,False,1,2025-10-26 16:00:00+00:00,2025-10,2025
8483167600895,42.25,50.92,1,0.8297329143754909,1.0,D3,D2,Tier 4 (D2 Profit or Frequency),False,False,False,Direct / Organic,Lean Protein,False,1,2025-10-28 16:00:00+00:00,2025-10,2025
8483189162239,42.25,50.92,1,0.8297329143754909,1.0,D3,D2,Tier 4 (D2 Profit or Frequency),False,False,False,Direct / Organic,Lean Protein,False,1,2025-10-28 16:00:00+00:00,2025-10,2025
8483266560255,42.25,50.92,1,0.8297329143754909,1.0,D3,D2,Tier 4 (D2 Profit or Frequency),False,False,False,Direct / Organic,Lean Protein,False,1,2025-10-28 16:00:00+00:00,2025-10,2025
8483479322879,42.25,50.92,1,0.8297329143754909,1.0,D3,D2,Tier 4 (D2 Profit or Frequency),False,False,False,Direct / Organic,Lean Protein,False,1,2025-10-28 16:00:00+00:00,2025-10,2025
8488211513599,42.25,53.91,1,0.7837135967352996,1.0,D3,D2,Tier 4 (D2 Profit or Frequency),False,False,False,Direct / Organic,Lean Protein,False,1,2025-10-31 16:00:00+00:00,2025-11,2025
8530377933055,42.25,57.0,1,0.7412280701754386,1.0,D3,D2,Tier 4 (D2 Profit or Frequency),False,False,False,Email,Lean Protein,False,1,2026-02-22 16:00:00+00:00,2026-02,2026
8629921972479,42.25,47.92,1,0.881677796327212,1.0,D3,D2,Tier 4 (D2 Profit or Frequency),False,False,False,Direct / Organic,Lean Protein,False,1,2025-12-18 16:00:00+00:00,2025-12,2025
8639497470207,42.25,61.63,1,0.6855427551517118,1.0,D3,D2,Tier 4 (D2 Profit or Frequency),False,False,False,Direct / Organic,Lean Protein,False,1,2025-12-21 16:00:00+00:00,2025-12,2025
8652378013951,42.25,53.91,1,0.7837135967352996,1.0,D3,D2,Tier 4 (D2 Profit or Frequency),False,False,False,Direct / Organic,Lean Protein,False,1,2025-12-26 16:00:00+00:00,2025-12,2025
8652474581247,42.25,53.91,1,0.7837135967352996,1.0,D3,D2,Tier 4 (D2 Profit or Frequency),False,False,False,Direct / Organic,Lean Protein,False,1,2025-12-26 16:00:00+00:00,2025-12,2025
8652478349567,42.25,53.91,1,0.7837135967352996,1.0,D3,D2,Tier 4 (D2 Profit or Frequency),False,False,False,Direct / Organic,Lean Protein,False,1,2025-12-26 16:00:00+00:00,2025-12,2025
8657067901183,42.25,64.9,1,0.6510015408320492,1.0,D3,D2,Tier 4 (D2 Profit or Frequency),False,False,False,Direct / Organic,Lean Protein,False,1,2025-12-28 16:00:00+00:00,2025-12,2025
8667816952063,42.25,55.92,1,0.7555436337625179,1.0,D3,D2,Tier 4 (D2 Profit or Frequency),False,False,False,Direct / Organic,Lean Protein,False,1,2026-01-02 16:00:00+00:00,2026-01,2026
8710849069311,42.25,62.52,1,0.6757837492002559,1.0,D3,D2,Tier 4 (D2 Profit or Frequency),False,False,False,Direct / Organic,Lean Protein,False,1,2026-01-22 16:00:00+00:00,2026-01,2026
8716097192191,42.25,60.44,1,0.6990403706154864,1.0,D3,D2,Tier 4 (D2 Profit or Frequency),False,False,False,Direct / Organic,Lean Protein,False,1,2026-01-25 16:00:00+00:00,2026-01,2026
8761574621439,42.25,50.92,1,0.8297329143754909,1.0,D3,D2,Tier 4 (D2 Profit or Frequency),False,False,False,Direct / Organic,Lean Protein,False,1,2026-02-06 16:00:00+00:00,2026-02,2026
8776134164735,42.25,57.0,1,0.7412280701754386,1.0,D3,D2,Tier 4 (D2 Profit or Frequency),False,False,False,Direct / Organic,Lean Protein,False,1,2026-02-12 16:00:00+00:00,2026-02,2026
8776238039295,42.25,53.91,1,0.7837135967352996,1.0,D3,D2,Tier 4 (D2 Profit or Frequency),False,False,False,Email,Lean Protein,False,1,2026-02-12 16:00:00+00:00,2026-02,2026
8779666784511,42.25,64.9,1,0.6510015408320492,1.0,D3,D2,Tier 4 (D2 Profit or Frequency),False,False,False,Direct / Organic,Lean Protein,False,1,2026-02-13 16:00:00+00:00,2026-02,2026
8781385236735,42.25,57.0,1,0.7412280701754386,1.0,D3,D2,Tier 4 (D2 Profit or Frequency),False,False,False,Direct / Organic,Lean Protein,False,1,2026-02-14 16:00:00+00:00,2026-02,2026
8794134937855,42.25,50.92,1,0.8297329143754909,1.0,D3,D2,Tier 4 (D2 Profit or Frequency),False,False,False,Direct / Organic,Lean Protein,False,1,2026-02-20 16:00:00+00:00,2026-02,2026
8795969782015,42.25,57.0,1,0.7412280701754386,1.0,D3,D2,Tier 4 (D2 Profit or Frequency),False,False,False,Direct / Organic,Lean Protein,False,1,2026-02-21 16:00:00+00:00,2026-02,2026
8798465261823,42.25,57.0,1,0.7412280701754386,1.0,D3,D2,Tier 4 (D2 Profit or Frequency),False,False,False,Direct / Organic,Lean Protein,False,1,2026-02-22 16:00:00+00:00,2026-02,2026
8798471684351,42.25,57.0,1,0.7412280701754386,1.0,D3,D2,Tier 4 (D2 Profit or Frequency),False,False,False,Direct / Organic,Lean Protein,False,1,2026-02-22 16:00:00+00:00,2026-02,2026
8813182877951,42.25,64.9,1,0.6510015408320492,1.0,D3,D2,Tier 4 (D2 Profit or Frequency),False,False,False,Direct / Organic,Lean Protein,False,1,2026-02-28 16:00:00+00:00,2026-03,2026
8815690514687,42.25,64.0,1,0.66015625,1.0,D3,D2,Tier 4 (D2 Profit or Frequency),False,False,False,Direct / Organic,Lean Protein,False,1,2026-03-01 16:00:00+00:00,2026-03,2026
8890803716351,42.25,58.91,1,0.7171957222882364,1.0,D3,D2,Tier 4 (D2 Profit or Frequency),False,False,False,Direct / Organic,Lean Protein,False,1,2026-03-26 16:00:00+00:00,2026-03,2026
8167174832383,42.23,98.65,2,0.4280993411049163,0.0,D3,D1,Tier 3 (D1 Frequency Only),False,True,False,Direct / Organic,Clear Protein,True,2,2025-06-28 16:00:00+00:00,2025-06,2025
7756437881087,42.18,89.64,1,0.4705882352941177,0.0,D3,D4,Untiered,False,False,False,Direct / Organic,Lean Protein,False,2,2024-06-19 16:00:00+00:00,2024-06,2024
7756438667519,42.18,100.18,1,0.4210526315789474,0.0,D3,D4,Untiered,False,False,False,Direct / Organic,Lean Protein,False,2,2024-06-22 16:00:00+00:00,2024-06,2024
7756439879935,42.18,79.09,1,0.5333333333333333,0.0,D3,D4,Untiered,False,False,False,Direct / Organic,Lean Protein,False,2,2024-06-27 16:00:00+00:00,2024-06,2024
7756440731903,42.18,73.82,1,0.5714285714285715,0.0,D3,D4,Untiered,False,False,False,Direct / Organic,Unknown,False,2,2024-06-30 16:00:00+00:00,2024-07,2024
7756461342975,42.18,90.3,1,0.4671140939597316,0.0,D3,D4,Untiered,False,False,False,Direct / Organic,Lean Protein,False,2,2024-08-28 16:00:00+00:00,2024-08,2024
7756463964415,42.18,100.18,1,0.4210526315789474,0.0,D3,D4,Untiered,False,False,False,Direct / Organic,Clear Protein,False,2,2024-09-11 16:00:00+00:00,2024-09,2024
7756466946303,42.18,100.18,1,0.4210526315789474,0.0,D3,D4,Untiered,False,False,False,Direct / Organic,Clear Protein,False,2,2024-09-24 16:00:00+00:00,2024-09,2024
7756429754623,42.17,73.8,1,0.5714285714285715,0.0,D3,D4,Untiered,False,False,False,Direct / Organic,Lean Protein,False,2,2024-05-27 16:00:00+00:00,2024-05,2024
8006221234431,41.94,104.87,1,0.3999618575379041,0.0,D3,D3,Untiered,False,False,False,Affiliate,Collagen Glow,False,2,2025-05-02 16:00:00+00:00,2025-05,2025
6532452057343,41.9,103.7,2,0.40407936647088044,0.0,D3,D2,Tier 4 (D2 Profit or Frequency),False,False,False,Direct / Organic,Unknown,False,1,2022-12-23 16:00:00+00:00,2022-12,2022
8373783462143,41.88,54.68,1,0.7659107534747623,1.0,D3,D2,Tier 4 (D2 Profit or Frequency),False,False,False,Direct / Organic,Accessories,False,2,2025-10-08 16:00:00+00:00,2025-10,2025
8401176232191,41.86,54.8,1,0.7638686131386861,1.0,D3,D2,Tier 4 (D2 Profit or Frequency),False,False,False,Direct / Organic,Other,False,1,2025-10-12 16:00:00+00:00,2025-10,2025
8488356380927,41.78,61.53,1,0.679018365025191,1.0,D3,D2,Tier 4 (D2 Profit or Frequency),False,False,False,Paid Social,Clear Protein,False,2,2025-10-31 16:00:00+00:00,2025-11,2025
7176846934271,41.76,104.4,1,0.4,0.0,D3,D5,Untiered,False,False,False,Subscription,Other,True,2,2024-04-08 16:00:00+00:00,2024-04,2024
8436807762175,41.75,60.98,1,0.6846507051492293,1.0,D3,D2,Tier 4 (D2 Profit or Frequency),False,False,False,Paid Social,Accessories,False,2,2025-10-17 16:00:00+00:00,2025-10,2025
8475329659135,41.74,58.91,1,0.7085384484807333,1.0,D3,D2,Tier 4 (D2 Profit or Frequency),False,False,False,Affiliate,Lean Protein,False,1,2025-10-24 16:00:00+00:00,2025-10,2025
8480311738623,41.74,64.9,1,0.6431432973805854,1.0,D3,D2,Tier 4 (D2 Profit or Frequency),False,False,False,Paid Social,Lean Protein,False,1,2025-10-27 16:00:00+00:00,2025-10,2025
8483268362495,41.74,50.92,1,0.8197172034564021,1.0,D3,D2,Tier 4 (D2 Profit or Frequency),False,False,False,Direct / Organic,Lean Protein,False,1,2025-10-28 16:00:00+00:00,2025-10,2025
8486671810815,41.74,64.9,1,0.6431432973805854,1.0,D3,D2,Tier 4 (D2 Profit or Frequency),False,False,False,Direct / Organic,Lean Protein,False,1,2025-10-30 16:00:00+00:00,2025-10,2025
8665932595455,41.74,64.9,1,0.6431432973805854,1.0,D3,D2,Tier 4 (D2 Profit or Frequency),False,False,False,Direct / Organic,Lean Protein,False,1,2026-01-01 16:00:00+00:00,2026-01,2026
8679114932479,41.74,59.9,1,0.6968280467445742,1.0,D3,D2,Tier 4 (D2 Profit or Frequency),False,False,False,Direct / Organic,Lean Protein,False,1,2026-01-07 16:00:00+00:00,2026-01,2026
8712570437887,41.74,64.9,1,0.6431432973805854,1.0,D3,D2,Tier 4 (D2 Profit or Frequency),False,False,False,Direct / Organic,Lean Protein,False,1,2026-01-23 16:00:00+00:00,2026-01,2026
8718628159743,41.74,64.0,1,0.6521874999999999,1.0,D3,D2,Tier 4 (D2 Profit or Frequency),False,False,False,Direct / Organic,Lean Protein,False,1,2026-01-27 16:00:00+00:00,2026-01,2026
8761417793791,41.74,50.92,1,0.8197172034564021,1.0,D3,D2,Tier 4 (D2 Profit or Frequency),False,False,False,Direct / Organic,Lean Protein,False,1,2026-02-06 16:00:00+00:00,2026-02,2026
8761430671615,41.74,50.92,1,0.8197172034564021,1.0,D3,D2,Tier 4 (D2 Profit or Frequency),False,False,False,Direct / Organic,Lean Protein,False,1,2026-02-06 16:00:00+00:00,2026-02,2026
8764004925695,41.74,55.92,1,0.746423462088698,1.0,D3,D2,Tier 4 (D2 Profit or Frequency),False,False,False,Direct / Organic,Lean Protein,False,1,2026-02-07 16:00:00+00:00,2026-02,2026
8794800619775,41.74,59.9,1,0.6968280467445742,1.0,D3,D2,Tier 4 (D2 Profit or Frequency),False,False,False,Direct / Organic,Lean Protein,False,1,2026-02-20 16:00:00+00:00,2026-02,2026
8796973695231,41.74,64.9,1,0.6431432973805854,1.0,D3,D2,Tier 4 (D2 Profit or Frequency),False,False,False,Direct / Organic,Lean Protein,False,1,2026-02-21 16:00:00+00:00,2026-02,2026
8816193470719,41.74,64.9,1,0.6431432973805854,1.0,D3,D2,Tier 4 (D2 Profit or Frequency),False,False,False,Direct / Organic,Lean Protein,False,1,2026-03-02 16:00:00+00:00,2026-03,2026
8894655037695,41.74,64.9,1,0.6431432973805854,1.0,D3,D2,Tier 4 (D2 Profit or Frequency),False,False,False,Paid Social,Lean Protein,False,1,2026-03-27 16:00:00+00:00,2026-03,2026
8895137054975,41.74,64.9,1,0.6431432973805854,1.0,D3,D2,Tier 4 (D2 Profit or Frequency),False,False,False,Direct / Organic,Lean Protein,False,1,2026-03-27 16:00:00+00:00,2026-03,2026
8906074259711,41.74,64.9,1,0.6431432973805854,1.0,D3,D2,Tier 4 (D2 Profit or Frequency),False,False,False,Paid Social,Lean Protein,False,1,2026-03-30 16:00:00+00:00,2026-03,2026
8439345479935,41.73,60.96,1,0.6845472440944881,1.0,D3,D2,Tier 4 (D2 Profit or Frequency),False,False,False,Paid Social,Accessories,False,2,2025-10-18 16:00:00+00:00,2025-10,2025
7756037259519,41.7,106.97,1,0.3898016997167139,0.0,D3,D4,Untiered,False,False,False,Direct / Organic,Unknown,False,1,2022-04-18 16:00:00+00:00,2022-04,2022
8367143485695,41.68,54.51,1,0.7646303430563199,1.0,D3,D2,Tier 4 (D2 Profit or Frequency),False,False,False,Direct / Organic,Accessories,False,2,2025-10-05 16:00:00+00:00,2025-10,2025
8427014684927,41.65,60.88,1,0.6841327201051248,1.0,D3,D2,Tier 4 (D2 Profit or Frequency),False,False,False,Paid Social,Accessories,False,2,2025-10-15 16:00:00+00:00,2025-10,2025
7967450366207,41.54,103.86,1,0.39999999999999997,0.0,D3,D3,Untiered,False,False,False,Subscription,Soy Protein,True,2,2025-04-18 16:00:00+00:00,2025-04,2025
6329830703359,41.54,103.84,1,0.4,0.0,D3,D5,Untiered,False,False,False,Subscription,Unknown,False,1,2022-02-10 16:00:00+00:00,2022-02,2022
7756018450687,41.52,103.81,2,0.4000000000000001,0.0,D3,D2,Tier 4 (D2 Profit or Frequency),False,False,False,Direct / Organic,Unknown,False,1,2022-01-20 16:00:00+00:00,2022-01,2022
7755986731263,41.43,103.58,1,0.4,0.0,D3,D4,Untiered,False,False,False,Direct / Organic,Other,False,2,2025-04-15 16:00:00+00:00,2025-04,2025
7335513391359,41.3,103.26,2,0.4000000000000001,0.0,D3,D2,Tier 4 (D2 Profit or Frequency),False,False,False,Subscription,Clear Protein,True,2,2024-06-12 16:00:00+00:00,2024-06,2024
8088380178687,41.29,103.23,1,0.4,0.0,D3,D3,Untiered,False,False,False,Subscription,Other,True,1,2025-05-28 16:00:00+00:00,2025-05,2025
7756458885375,41.24,103.09,2,0.4,0.0,D3,D1,Tier 3 (D1 Frequency Only),False,True,False,Subscription,Clear Protein,True,2,2024-08-20 16:00:00+00:00,2024-08,2024
7756465537279,41.24,103.09,2,0.4,0.0,D3,D1,Tier 3 (D1 Frequency Only),False,True,False,Subscription,Clear Protein,True,1,2024-09-18 16:00:00+00:00,2024-09,2024
7756465668351,41.24,103.09,2,0.4,0.0,D3,D1,Tier 3 (D1 Frequency Only),False,True,False,Subscription,Clear Protein,True,1,2024-09-18 16:00:00+00:00,2024-09,2024
7756468846847,41.24,87.63,2,0.4705882352941177,0.0,D3,D1,Tier 3 (D1 Frequency Only),False,True,False,Subscription,Clear Protein,True,1,2024-09-28 16:00:00+00:00,2024-09,2024
7756469469439,41.24,72.16,1,0.5714285714285715,0.0,D3,D4,Untiered,False,False,False,Subscription,Clear Protein,True,1,2024-09-29 16:00:00+00:00,2024-09,2024
8304454074623,41.19,102.98,1,0.4000000000000001,0.0,D3,D3,Untiered,False,False,False,Direct / Organic,Lean Protein,False,1,2025-09-03 16:00:00+00:00,2025-09,2025
7756422217983,41.19,82.38,1,0.5,0.0,D3,D4,Untiered,False,False,False,Direct / Organic,Other,False,2,2024-04-27 16:00:00+00:00,2024-04,2024
7756353601791,41.17,105.66,4,0.3896753470230584,0.0,D3,D1,Tier 3 (D1 Frequency Only),False,True,False,Subscription,Collagen Glow,True,2,2023-09-24 16:00:00+00:00,2023-09,2023
7756400918783,41.17,102.93,1,0.4,0.0,D3,D4,Untiered,False,False,False,Subscription,Collagen Glow,True,2,2024-01-10 16:00:00+00:00,2024-01,2024
7756436013311,41.17,102.93,4,0.4,0.0,D3,D1,Tier 3 (D1 Frequency Only),False,True,False,Subscription,Soy Protein,True,1,2024-06-12 16:00:00+00:00,2024-06,2024
6336688324863,41.12,102.56,1,0.4009360374414977,0.0,D3,D5,Untiered,False,False,False,Subscription,Accessories,False,2,2022-10-31 16:00:00+00:00,2022-11,2022
8067217883391,41.1,92.47,1,0.4444684762625717,0.0,D3,D3,Untiered,False,False,False,Subscription,Clear Protein,True,3,2025-05-23 16:00:00+00:00,2025-05,2025
7826394972415,41.09,108.18,2,0.3798114254021076,0.0,D3,D1,Tier 3 (D1 Frequency Only),False,True,False,Direct / Organic,Lean Protein,False,2,2025-01-31 16:00:00+00:00,2025-02,2025
7756413239551,41.08,92.43,1,0.4444444444444445,0.0,D3,D4,Untiered,False,False,False,Direct / Organic,Unknown,False,2,2024-03-18 16:00:00+00:00,2024-03,2024
7756438962431,41.08,82.16,1,0.5,0.0,D3,D4,Untiered,False,False,False,Direct / Organic,Clear Protein,False,2,2024-06-26 16:00:00+00:00,2024-06,2024
7756429852927,41.07,71.87,1,0.5714285714285714,0.0,D3,D4,Untiered,False,False,False,Direct / Organic,Other,False,3,2024-05-26 16:00:00+00:00,2024-05,2024
8249665028351,41.06,102.66,1,0.4,0.0,D3,D3,Untiered,False,False,False,Paid Social,Lean Protein,False,1,2025-08-10 16:00:00+00:00,2025-08,2025
8035787800831,41.03,102.58,1,0.4,0.0,D3,D3,Untiered,False,False,False,Direct / Organic,Other,False,1,2025-05-10 16:00:00+00:00,2025-05,2025
7875698360575,40.98,102.46,1,0.4,0.0,D3,D3,Untiered,False,False,False,Direct / Organic,Lean Protein,False,1,2025-02-24 16:00:00+00:00,2025-02,2025
6707767410943,40.97,102.43,1,0.39999999999999997,0.0,D3,D5,Untiered,False,False,False,Subscription,Other,False,1,2023-06-20 16:00:00+00:00,2023-06,2023
7922624430335,40.76,81.52,1,0.5000000000000001,0.0,D3,D3,Untiered,False,False,False,Direct / Organic,Lean Protein,False,1,2025-03-24 16:00:00+00:00,2025-03,2025
6671998746879,40.74,81.47,2,0.5000613722842765,0.0,D3,D2,Tier 4 (D2 Profit or Frequency),False,False,False,Subscription,Other,True,2,2023-05-16 16:00:00+00:00,2023-05,2023
6327655301375,40.74,81.48,1,0.5,0.0,D3,D5,Untiered,False,False,False,Subscription,Other,True,2,2024-06-27 16:00:00+00:00,2024-06,2024
6424737513727,40.74,101.85,1,0.4,0.0,D3,D5,Untiered,False,False,False,Subscription,Other,True,2,2024-05-05 16:00:00+00:00,2024-05,2024
6328310857983,40.74,96.55,2,0.42191610564474363,0.0,D3,D2,Tier 4 (D2 Profit or Frequency),False,False,False,Subscription,Other,True,2,2024-03-27 16:00:00+00:00,2024-03,2024
6424671617279,40.74,101.84,2,0.4,0.0,D3,D2,Tier 4 (D2 Profit or Frequency),False,False,False,Subscription,Other,True,2,2024-03-30 16:00:00+00:00,2024-03,2024
6696211022079,40.74,101.84,1,0.4,0.0,D3,D5,Untiered,False,False,False,Subscription,Other,True,1,2023-06-09 16:00:00+00:00,2023-06,2023
6767084306687,40.74,101.84,1,0.4,0.0,D3,D5,Untiered,False,False,False,Subscription,Other,True,1,2023-08-07 16:00:00+00:00,2023-08,2023
6796578291967,40.74,106.74,2,0.3816376241334083,0.0,D3,D2,Tier 4 (D2 Profit or Frequency),False,False,False,Subscription,Other,True,2,2023-09-03 16:00:00+00:00,2023-09,2023
6863957590271,40.74,86.37,1,0.47164524719231216,0.0,D3,D5,Untiered,False,False,False,Subscription,Other,True,2,2023-10-25 16:00:00+00:00,2023-10,2023
7038325817599,40.74,86.74,1,0.46963338713396363,0.0,D3,D5,Untiered,False,False,False,Subscription,Unknown,True,2,2024-01-27 16:00:00+00:00,2024-01,2024
7110112608511,40.74,101.84,1,0.4,0.0,D3,D5,Untiered,False,False,False,Subscription,Other,True,1,2024-03-03 16:00:00+00:00,2024-03,2024
6723752263935,40.67,91.51,1,0.44445415801551746,0.0,D3,D5,Untiered,False,False,False,Subscription,Other,True,1,2023-06-30 16:00:00+00:00,2023-07,2023
8596648853759,40.64,101.61,1,0.4000000000000001,0.0,D3,D2,Tier 4 (D2 Profit or Frequency),False,False,False,Subscription,Soy Protein,True,1,2025-12-27 16:00:00+00:00,2025-12,2025
8171195957503,40.64,91.44,1,0.4444444444444445,0.0,D3,D3,Untiered,False,False,False,Direct / Organic,Lean Protein,False,3,2025-06-30 16:00:00+00:00,2025-07,2025
8902215663871,40.63,58.79,1,0.6911039292396666,1.0,D3,D2,Tier 4 (D2 Profit or Frequency),False,False,False,Subscription,Lean Protein,True,1,2026-03-29 16:00:00+00:00,2026-03,2026
7981535985919,40.61,94.07,3,0.4316785372594877,0.0,D3,D1,Tier 3 (D1 Frequency Only),False,True,False,Paid Social,Unknown,False,4,2025-04-27 16:00:00+00:00,2025-04,2025
8811549393151,40.53,61.11,1,0.6632302405498282,1.0,D3,D2,Tier 4 (D2 Profit or Frequency),False,False,False,Direct / Organic,Lean Protein,False,1,2026-02-27 16:00:00+00:00,2026-02,2026
6984833335551,40.5,101.24,1,0.4,0.0,D3,D5,Untiered,False,False,False,Subscription,Unknown,True,3,2024-01-01 16:00:00+00:00,2024-01,2024
8841478340863,40.48,61.05,1,0.6630630630630632,1.0,D3,D2,Tier 4 (D2 Profit or Frequency),False,False,False,Direct / Organic,Lean Protein,False,1,2026-03-11 16:00:00+00:00,2026-03,2026
7756473794815,40.38,100.95,4,0.4,0.0,D3,D1,Tier 3 (D1 Frequency Only),False,True,False,Subscription,Other,True,2,2024-10-12 16:00:00+00:00,2024-10,2024
8149547942143,40.38,100.94,1,0.4000000000000001,0.0,D3,D3,Untiered,False,False,False,Direct / Organic,Other,False,1,2025-08-06 16:00:00+00:00,2025-08,2025
8794462519551,40.35,66.59,1,0.6059468388646942,1.0,D3,D2,Tier 4 (D2 Profit or Frequency),False,False,False,Subscription,Lean Protein,True,2,2026-02-20 16:00:00+00:00,2026-02,2026
7756381815039,40.33,77.21,2,0.5222701459558954,0.2802072153727715,D3,D1,Tier 3 (D1 Frequency Only),False,True,False,Direct / Organic,Other,False,1,2023-09-15 16:00:00+00:00,2023-09,2023
7756355010815,40.32,110.2,2,0.3658902791145333,0.0,D3,D1,Tier 3 (D1 Frequency Only),False,True,False,Subscription,Unknown,True,1,2023-03-20 16:00:00+00:00,2023-03,2023
7959059300607,40.31,80.62,1,0.5000248077400149,0.0,D3,D3,Untiered,False,False,False,Direct / Organic,Lean Protein,False,1,2025-04-13 16:00:00+00:00,2025-04,2025
7756409536767,40.24,81.49,1,0.4938271604938272,0.0,D3,D4,Untiered,False,False,False,Direct / Organic,Other,False,2,2024-02-29 16:00:00+00:00,2024-03,2024
7756041158911,40.22,101.31,2,0.39699679937782295,0.0,D3,D1,Tier 3 (D1 Frequency Only),False,True,False,Direct / Organic,Unknown,False,3,2022-03-02 16:00:00+00:00,2022-03,2022
6336735740159,40.21,105.43,2,0.38140946599639575,0.0,D3,D2,Tier 4 (D2 Profit or Frequency),False,False,False,Subscription,Unknown,False,1,2022-04-06 16:00:00+00:00,2022-04,2022
8337021468927,40.16,64.9,1,0.6187981510015407,1.0,D3,D3,Untiered,False,False,False,Paid Social,Lean Protein,False,2,2025-09-18 16:00:00+00:00,2025-09,2025
8870516621567,40.16,61.25,1,0.6556734693877551,1.0,D3,D2,Tier 4 (D2 Profit or Frequency),False,False,False,Direct / Organic,Lean Protein,False,1,2026-03-22 16:00:00+00:00,2026-03,2026
7756354322687,40.14,103.08,2,0.38941736727614795,0.0,D3,D1,Tier 3 (D1 Frequency Only),False,True,False,Subscription,Soy Protein,True,3,2023-03-17 16:00:00+00:00,2023-03,2023
7756035522815,40.13,106.38,1,0.3772105742935277,0.0,D3,D4,Untiered,False,False,False,Direct / Organic,Unknown,False,1,2022-05-03 16:00:00+00:00,2022-05,2022
7756039323903,40.12,100.31,1,0.4,0.0,D3,D4,Untiered,False,False,False,Direct / Organic,Unknown,False,1,2022-03-17 16:00:00+00:00,2022-03,2022
7174366757119,40.12,100.31,1,0.4,0.0,D3,D5,Untiered,False,False,False,Subscription,Clear Protein,True,2,2024-04-06 16:00:00+00:00,2024-04,2024
7153029873919,40.12,100.3,2,0.4000000000000001,0.0,D3,D2,Tier 4 (D2 Profit or Frequency),False,False,False,Subscription,Clear Protein,True,1,2024-03-26 16:00:00+00:00,2024-03,2024
8868197859583,40.04,58.2,1,0.6879725085910654,1.0,D3,D2,Tier 4 (D2 Profit or Frequency),False,False,False,Subscription,Lean Protein,True,1,2026-03-21 16:00:00+00:00,2026-03,2026
6336637272319,39.99,104.88,1,0.38131197559115176,0.0,D3,D5,Untiered,False,False,False,Subscription,Unknown,False,1,2022-04-27 16:00:00+00:00,2022-04,2022
8894920818943,39.98,58.14,1,0.6876504987960097,1.0,D3,D2,Tier 4 (D2 Profit or Frequency),False,False,False,Subscription,Lean Protein,True,1,2026-03-27 16:00:00+00:00,2026-03,2026
7756396069119,39.96,81.73,1,0.488987764182425,0.0,D3,D4,Untiered,False,False,False,Direct / Organic,Unknown,False,2,2023-12-02 16:00:00+00:00,2023-12,2023
7756019204351,39.93,102.55,1,0.3893617021276596,0.0,D3,D4,Untiered,False,False,False,Direct / Organic,Unknown,False,1,2022-08-08 16:00:00+00:00,2022-08,2022
7047726334207,39.92,109.7,2,0.36390154968094807,0.0,D3,D2,Tier 4 (D2 Profit or Frequency),False,False,False,Subscription,Other,False,2,2024-02-02 16:00:00+00:00,2024-02,2024
7448764088575,39.92,109.6,2,0.3642335766423358,0.0,D3,D2,Tier 4 (D2 Profit or Frequency),False,False,False,Subscription,Other,False,2,2024-08-18 16:00:00+00:00,2024-08,2024
7475029606655,39.92,69.86,1,0.5714285714285715,0.0,D3,D5,Untiered,False,False,False,Subscription,Lean Protein,False,2,2024-08-30 16:00:00+00:00,2024-08,2024
7475157991679,39.92,69.86,1,0.5714285714285715,0.0,D3,D5,Untiered,False,False,False,Subscription,Collagen Glow,False,2,2024-08-30 16:00:00+00:00,2024-08,2024
7475279692031,39.92,69.86,1,0.5714285714285715,0.0,D3,D5,Untiered,False,False,False,Subscription,Clear Protein,False,2,2024-08-30 16:00:00+00:00,2024-08,2024
7476910588159,39.92,69.86,1,0.5714285714285715,0.0,D3,D5,Untiered,False,False,False,Subscription,Clear Protein,False,2,2024-08-31 16:00:00+00:00,2024-09,2024
8252828811519,39.92,89.83,1,0.44439496827340536,0.0,D3,D3,Untiered,False,False,False,Direct / Organic,Lean Protein,False,2,2025-08-11 16:00:00+00:00,2025-08,2025
7156209287423,39.88,84.66,1,0.47106071344200334,0.0,D3,D5,Untiered,False,False,False,Subscription,Collagen Glow,False,2,2024-03-29 16:00:00+00:00,2024-03,2024
8275327189247,39.88,99.7,1,0.4,0.0,D3,D3,Untiered,False,False,False,Direct / Organic,Accessories,False,2,2025-08-19 16:00:00+00:00,2025-08,2025
8899516563711,39.83,60.37,1,0.6597647838330296,1.0,D3,D2,Tier 4 (D2 Profit or Frequency),False,False,False,Direct / Organic,Lean Protein,False,1,2026-03-28 16:00:00+00:00,2026-03,2026
7756470288639,39.77,97.59,2,0.4075396468041897,0.0,D3,D1,Tier 3 (D1 Frequency Only),False,True,False,Direct / Organic,Other,False,1,2024-10-01 16:00:00+00:00,2024-10,2024
8835805577471,39.68,52.2,1,0.7601532567049809,1.0,D3,D2,Tier 4 (D2 Profit or Frequency),False,False,False,Direct / Organic,Clear Protein,False,2,2026-03-08 16:00:00+00:00,2026-03,2026
7756030771455,39.62,99.04,1,0.40000000000000013,0.0,D3,D4,Untiered,False,False,False,Direct / Organic,Unknown,False,1,2022-06-11 16:00:00+00:00,2022-06,2022
7949327368447,39.56,84.07,1,0.47060782681099095,0.0,D3,D3,Untiered,False,False,False,Subscription,Clear Protein,True,4,2025-04-08 16:00:00+00:00,2025-04,2025
7139969335551,39.56,84.02,1,0.4708402761247323,0.0,D3,D5,Untiered,False,False,False,Subscription,Collagen Glow,False,2,2024-03-28 16:00:00+00:00,2024-03,2024
7254008201471,39.56,84.02,1,0.4708402761247323,0.0,D3,D5,Untiered,False,False,False,Subscription,Collagen Glow,False,2,2024-04-28 16:00:00+00:00,2024-04,2024
7288937775359,39.56,93.95,1,0.42107503991484835,0.0,D3,D5,Untiered,False,False,False,Subscription,Collagen Glow,False,2,2024-05-15 16:00:00+00:00,2024-05,2024
7293467492607,39.56,93.95,1,0.42107503991484835,0.0,D3,D5,Untiered,False,False,False,Subscription,Clear Protein,False,2,2024-05-18 16:00:00+00:00,2024-05,2024
7312130572543,39.56,74.13,1,0.5336570888978822,0.0,D3,D5,Untiered,False,False,False,Subscription,Collagen Glow,False,2,2024-05-29 16:00:00+00:00,2024-05,2024
8127814893823,39.56,98.9,1,0.4,0.0,D3,D3,Untiered,False,False,False,Direct / Organic,Other,False,2,2025-06-11 16:00:00+00:00,2025-06,2025
7496402895103,39.52,93.86,1,0.4210526315789474,0.0,D3,D5,Untiered,False,False,False,Subscription,Clear Protein,False,2,2024-09-13 16:00:00+00:00,2024-09,2024
7504260137215,39.52,93.86,1,0.4210526315789474,0.0,D3,D5,Untiered,False,False,False,Subscription,Other,False,2,2024-09-17 16:00:00+00:00,2024-09,2024
8270038335743,39.52,98.8,1,0.4,0.0,D3,D3,Untiered,False,False,False,Paid Social,Clear Protein,False,3,2025-08-18 16:00:00+00:00,2025-08,2025
7756328239359,39.47,99.19,2,0.39789808138824395,0.0,D3,D1,Tier 3 (D1 Frequency Only),False,True,False,Direct / Organic,Accessories,False,3,2023-02-02 16:00:00+00:00,2023-02,2023
8095915049215,39.4,93.65,1,0.42071542979177795,0.0,D3,D3,Untiered,False,False,False,Paid Social,Clear Protein,False,1,2025-05-31 16:00:00+00:00,2025-06,2025
8111245000959,39.4,98.5,1,0.4000000000000001,0.0,D3,D3,Untiered,False,False,False,Direct / Organic,Clear Protein,False,1,2025-06-05 16:00:00+00:00,2025-06,2025
7756038930687,39.38,103.9,2,0.37900139990667286,0.0,D3,D1,Tier 3 (D1 Frequency Only),False,True,False,Direct / Organic,Unknown,False,1,2022-02-01 16:00:00+00:00,2022-02,2022
8894605689087,39.34,60.39,1,0.6514323563503892,1.0,D3,D2,Tier 4 (D2 Profit or Frequency),False,False,False,Paid Social,Lean Protein,False,1,2026-03-27 16:00:00+00:00,2026-03,2026
7954180342015,39.28,57.82,2,0.6792805257696299,0.8654205607476636,D3,D1,Tier 3 (D1 Frequency Only),False,True,False,Paid Social,Unknown,True,3,2025-04-10 16:00:00+00:00,2025-04,2025
7756458098943,39.23,98.07,2,0.4,0.0,D3,D1,Tier 3 (D1 Frequency Only),False,True,False,Subscription,Other,True,2,2024-08-15 16:00:00+00:00,2024-08,2024
7711383027967,39.21,98.02,1,0.4000000000000001,0.0,D3,D5,Untiered,False,False,False,Subscription,Clear Protein,True,3,2024-12-18 16:00:00+00:00,2024-12,2024
7756028543231,39.14,103.3,3,0.37887881721376393,0.0,D3,D1,Tier 3 (D1 Frequency Only),False,True,False,Direct / Organic,Unknown,False,1,2022-03-04 16:00:00+00:00,2022-03,2022
7756420350207,39.13,97.83,2,0.4,0.0,D3,D1,Tier 3 (D1 Frequency Only),False,True,False,Subscription,Other,True,2,2024-04-21 16:00:00+00:00,2024-04,2024
6695490814207,39.06,102.54,1,0.3808855080944022,0.0,D3,D5,Untiered,False,False,False,Subscription,Other,False,1,2023-06-09 16:00:00+00:00,2023-06,2023
7755928142079,39.04,106.85,2,0.3653895238365333,0.0,D3,D2,Tier 4 (D2 Profit or Frequency),False,False,False,Direct / Organic,Unknown,False,2,2022-06-08 16:00:00+00:00,2022-06,2022
7756279578879,39.01,97.53,1,0.4,0.0,D3,D4,Untiered,False,False,False,Direct / Organic,Lean Protein,False,1,2025-09-16 16:00:00+00:00,2025-09,2025
7756425232639,38.95,97.36,2,0.4,0.0,D3,D1,Tier 3 (D1 Frequency Only),False,True,False,Subscription,Clear Protein,True,2,2024-05-18 16:00:00+00:00,2024-05,2024
7756425494783,38.95,82.76,1,0.4705796199333602,0.0,D3,D4,Untiered,False,False,False,Subscription,Clear Protein,True,2,2024-05-09 16:00:00+00:00,2024-05,2024
7756430770431,38.95,82.76,2,0.4705796199333602,0.0,D3,D1,Tier 3 (D1 Frequency Only),False,True,False,Subscription,Accessories,True,2,2024-05-28 16:00:00+00:00,2024-05,2024
7756434047231,38.95,97.36,2,0.4,0.0,D3,D1,Tier 3 (D1 Frequency Only),False,True,False,Subscription,Clear Protein,True,2,2024-06-04 16:00:00+00:00,2024-06,2024
7756434211071,38.95,97.36,2,0.4,0.0,D3,D1,Tier 3 (D1 Frequency Only),False,True,False,Subscription,Clear Protein,True,2,2024-06-03 16:00:00+00:00,2024-06,2024
6697080127743,38.92,77.09,2,0.5048125567518486,0.0,D3,D2,Tier 4 (D2 Profit or Frequency),False,False,False,Subscription,Soy Protein,False,1,2023-06-10 16:00:00+00:00,2023-06,2023
7755990008063,38.88,102.65,4,0.37874538745387454,0.0,D3,D1,Tier 3 (D1 Frequency Only),False,True,False,Direct / Organic,Unknown,False,1,2022-03-21 16:00:00+00:00,2022-03,2022
7381485093119,38.8,92.15,1,0.4210526315789474,0.0,D3,D5,Untiered,False,False,False,Subscription,Other,False,2,2024-08-05 16:00:00+00:00,2024-08,2024
6532476403967,38.76,84.32,1,0.4597469810235768,0.0,D3,D5,Untiered,False,False,False,Direct / Organic,Other,False,1,2023-01-05 16:00:00+00:00,2023-01,2023
6532496195839,38.76,92.06,1,0.42105263157894746,0.0,D3,D5,Untiered,False,False,False,Direct / Organic,Other,False,1,2023-01-03 16:00:00+00:00,2023-01,2023
6532515004671,38.76,99.64,2,0.389051094890511,0.0,D3,D2,Tier 4 (D2 Profit or Frequency),False,False,False,Direct / Organic,Other,False,1,2023-01-05 16:00:00+00:00,2023-01,2023
6532515889407,38.76,78.25,1,0.4953531598513012,0.0,D3,D5,Untiered,False,False,False,Direct / Organic,Unknown,False,2,2023-01-10 16:00:00+00:00,2023-01,2023
7756004524287,38.76,92.06,1,0.42105263157894746,0.0,D3,D4,Untiered,False,False,False,Direct / Organic,Unknown,False,2,2022-10-30 16:00:00+00:00,2022-10,2022
7756006260991,38.76,87.22,1,0.44444444444444453,0.0,D3,D4,Untiered,False,False,False,Direct / Organic,Other,False,1,2022-10-15 16:00:00+00:00,2022-10,2022
7756008227071,38.76,82.37,1,0.47058823529411775,0.0,D3,D4,Untiered,False,False,False,Direct / Organic,Unknown,False,1,2022-10-25 16:00:00+00:00,2022-10,2022
7756009865471,38.76,88.92,1,0.4359472446580105,0.0,D3,D4,Untiered,False,False,False,Direct / Organic,Other,False,2,2022-10-28 16:00:00+00:00,2022-10,2022
7756010127615,38.76,92.06,1,0.42105263157894746,0.0,D3,D4,Untiered,False,False,False,Direct / Organic,Unknown,False,2,2022-10-29 16:00:00+00:00,2022-10,2022
7756264538367,38.76,78.25,1,0.4953531598513012,0.0,D3,D4,Untiered,False,False,False,Direct / Organic,Other,False,2,2023-01-05 16:00:00+00:00,2023-01,2023
7756265292031,38.76,78.25,1,0.4953531598513012,0.0,D3,D4,Untiered,False,False,False,Direct / Organic,Unknown,False,2,2023-01-11 16:00:00+00:00,2023-01,2023
7756265718015,38.76,78.25,1,0.4953531598513012,0.0,D3,D4,Untiered,False,False,False,Direct / Organic,Other,False,1,2023-01-15 16:00:00+00:00,2023-01,2023
7756267192575,38.76,78.25,1,0.4953531598513012,0.0,D3,D4,Untiered,False,False,False,Direct / Organic,Other,False,1,2023-01-28 16:00:00+00:00,2023-01,2023
7756268634367,38.76,84.32,1,0.4597469810235768,0.0,D3,D4,Untiered,False,False,False,Direct / Organic,Other,False,1,2023-05-04 16:00:00+00:00,2023-05,2023
7756349243647,38.76,73.65,1,0.5263114585476241,0.0,D3,D4,Untiered,False,False,False,Direct / Organic,Other,False,1,2023-02-25 16:00:00+00:00,2023-02,2023
7756362416383,38.76,92.06,1,0.42105263157894746,0.0,D3,D4,Untiered,False,False,False,Direct / Organic,Other,False,1,2023-05-31 16:00:00+00:00,2023-06,2023
7756457345279,38.76,92.06,1,0.42105263157894746,0.0,D3,D4,Untiered,False,False,False,Direct / Organic,Other,False,2,2024-08-08 16:00:00+00:00,2024-08,2024
7756477268223,38.76,67.84,1,0.5714285714285715,0.0,D3,D4,Untiered,False,False,False,Direct / Organic,Other,False,1,2024-10-29 16:00:00+00:00,2024-10,2024
7756351996159,38.76,92.06,1,0.4210526315789474,0.0,D3,D4,Untiered,False,False,False,Direct / Organic,Other,False,1,2023-03-07 16:00:00+00:00,2023-03,2023
7756000559359,38.75,67.82,1,0.5714285714285715,0.0,D3,D4,Untiered,False,False,False,Direct / Organic,Collagen Glow,False,2,2024-10-27 16:00:00+00:00,2024-10,2024
7756263391487,38.75,92.04,1,0.42104569998683,0.0,D3,D4,Untiered,False,False,False,Direct / Organic,Unknown,False,3,2022-12-26 16:00:00+00:00,2022-12,2022
8903976583423,38.75,56.91,1,0.6808996661395186,1.0,D3,D2,Tier 4 (D2 Profit or Frequency),False,False,False,Subscription,Lean Protein,True,1,2026-03-30 16:00:00+00:00,2026-03,2026
7756350292223,38.74,69.73,1,0.5555603841640956,0.0,D3,D4,Untiered,False,False,False,Direct / Organic,Other,False,2,2023-03-02 16:00:00+00:00,2023-03,2023
6532514971903,38.67,90.49,2,0.4273948381004049,0.0,D3,D2,Tier 4 (D2 Profit or Frequency),False,False,False,Direct / Organic,Collagen Glow,False,1,2023-01-19 16:00:00+00:00,2023-01,2023
8295903920383,38.62,54.42,2,0.7096655641308341,0.9013542885805049,D3,D1,Tier 3 (D1 Frequency Only),False,True,False,Direct / Organic,Lean Protein,True,1,2025-08-29 16:00:00+00:00,2025-08,2025
8244228129023,38.55,96.37,1,0.4,0.0,D3,D3,Untiered,False,False,False,Direct / Organic,Clear Protein,False,2,2025-08-07 16:00:00+00:00,2025-08,2025
7756446138623,38.55,67.45,1,0.5714285714285715,0.0,D3,D4,Untiered,False,False,False,Direct / Organic,Lean Protein,False,1,2024-09-26 16:00:00+00:00,2024-09,2024
7756450529535,38.55,91.55,1,0.4210526315789473,0.0,D3,D4,Untiered,False,False,False,Direct / Organic,Lean Protein,False,1,2024-08-05 16:00:00+00:00,2024-08,2024
7756469534975,38.55,91.55,1,0.4210526315789473,0.0,D3,D4,Untiered,False,False,False,Direct / Organic,Lean Protein,False,1,2024-09-29 16:00:00+00:00,2024-09,2024
7336611250431,38.54,96.35,2,0.4000000000000001,0.0,D3,D2,Tier 4 (D2 Profit or Frequency),False,False,False,Subscription,Unknown,True,2,2024-06-13 16:00:00+00:00,2024-06,2024
8036122493183,38.43,96.08,2,0.39999999999999997,0.0,D3,D1,Tier 3 (D1 Frequency Only),False,True,False,Paid Social,Accessories,True,2,2025-05-10 16:00:00+00:00,2025-05,2025
7976335540479,38.32,95.8,1,0.4,0.0,D3,D3,Untiered,False,False,False,Direct / Organic,Soy Protein,False,2,2025-04-24 16:00:00+00:00,2025-04,2025
7513899139327,38.28,90.91,1,0.4210757892421076,0.0,D3,D5,Untiered,False,False,False,Subscription,Soy Protein,False,2,2024-09-22 16:00:00+00:00,2024-09,2024
7756264571135,38.27,77.25,1,0.49537109681468705,0.0,D3,D4,Untiered,False,False,False,Direct / Organic,Collagen Glow,False,2,2023-01-05 16:00:00+00:00,2023-01,2023
6863773204735,38.06,100.06,1,0.38041175294823104,0.0,D3,D5,Untiered,False,False,False,Subscription,Other,False,2,2023-10-23 16:00:00+00:00,2023-10,2023
6336639664383,38.0,119.5,5,0.3179916317991632,0.0,D3,D1,Tier 3 (D1 Frequency Only),False,True,False,Subscription,Unknown,False,1,2022-01-05 16:00:00+00:00,2022-01,2022
8163541680383,37.92,94.8,1,0.4,0.0,D3,D3,Untiered,False,False,False,Direct / Organic,Clear Protein,False,2,2025-06-26 16:00:00+00:00,2025-06,2025
8164768678143,37.92,94.8,1,0.4,0.0,D3,D3,Untiered,False,False,False,Direct / Organic,Lean Protein,False,3,2025-06-27 16:00:00+00:00,2025-06,2025
6327406952703,37.8,104.29,2,0.36241250359574273,0.0,D3,D2,Tier 4 (D2 Profit or Frequency),False,False,False,Subscription,Unknown,False,1,2022-06-02 16:00:00+00:00,2022-06,2022
7756262899967,37.77,91.04,1,0.41485820796165623,0.0,D3,D4,Untiered,False,False,False,Direct / Organic,Accessories,False,3,2022-12-24 16:00:00+00:00,2022-12,2022
7756398493951,37.73,76.13,1,0.49552619009711824,0.0,D3,D4,Untiered,False,False,False,Subscription,Other,True,4,2023-12-30 16:00:00+00:00,2023-12,2023
6424267260159,37.62,98.96,1,0.38019401778496364,0.0,D3,D5,Untiered,False,False,False,Subscription,Unknown,False,1,2022-05-07 16:00:00+00:00,2022-05,2022
6423598498047,37.62,98.95,1,0.3801920161697827,0.0,D3,D5,Untiered,False,False,False,Subscription,Unknown,False,1,2022-03-12 16:00:00+00:00,2022-03,2022
7756430115071,37.54,65.69,1,0.5714285714285716,0.0,D3,D4,Untiered,False,False,False,Direct / Organic,Other,False,3,2024-05-26 16:00:00+00:00,2024-05,2024
7756430541055,37.54,65.69,1,0.5714285714285716,0.0,D3,D4,Untiered,False,False,False,Direct / Organic,Other,False,3,2024-05-30 16:00:00+00:00,2024-05,2024
7756349800703,37.53,67.55,1,0.5555605401283029,0.0,D3,D4,Untiered,False,False,False,Direct / Organic,Accessories,False,3,2023-03-01 16:00:00+00:00,2023-03,2023
6327633543423,37.52,98.71,1,0.3801438557390336,0.0,D3,D5,Untiered,False,False,False,Subscription,Other,False,1,2024-01-23 16:00:00+00:00,2024-01,2024
8175537717503,37.5,50.8,1,0.7381889763779528,1.0,D3,D3,Untiered,False,False,False,Direct / Organic,Lean Protein,False,1,2025-12-14 16:00:00+00:00,2025-12,2025
8364274221311,37.5,41.22,1,0.9097525473071325,1.0,D3,D3,Untiered,False,False,False,Direct / Organic,Lean Protein,False,1,2025-10-03 16:00:00+00:00,2025-10,2025
8717072433407,37.5,50.8,1,0.7381889763779528,1.0,D3,D2,Tier 4 (D2 Profit or Frequency),False,False,False,Direct / Organic,Lean Protein,False,1,2026-01-26 16:00:00+00:00,2026-01,2026
7585086046463,37.49,76.49,2,0.4901555758922735,0.0,D3,D2,Tier 4 (D2 Profit or Frequency),False,False,False,Subscription,Other,True,3,2024-10-29 16:00:00+00:00,2024-10,2024
7756425822463,37.44,88.93,1,0.42104545764329043,0.0,D3,D4,Untiered,False,False,False,Direct / Organic,Lean Protein,False,2,2024-05-12 16:00:00+00:00,2024-05,2024
7756431491327,37.44,65.52,1,0.5714285714285715,0.0,D3,D4,Untiered,False,False,False,Direct / Organic,Lean Protein,False,2,2024-05-29 16:00:00+00:00,2024-05,2024
7756433359103,37.44,88.93,1,0.42104545764329043,0.0,D3,D4,Untiered,False,False,False,Direct / Organic,Unknown,False,2,2024-05-31 16:00:00+00:00,2024-06,2024
7756439519487,37.44,74.88,1,0.5,0.0,D3,D4,Untiered,False,False,False,Direct / Organic,Lean Protein,False,2,2024-06-27 16:00:00+00:00,2024-06,2024
8821739782399,37.42,51.37,1,0.7284407241580689,1.0,D3,D2,Tier 4 (D2 Profit or Frequency),False,False,False,Direct / Organic,Other,False,3,2026-03-03 16:00:00+00:00,2026-03,2026
7756376375551,37.42,99.0,3,0.3779619721586248,0.0,D3,D1,Tier 3 (D1 Frequency Only),False,True,False,Direct / Organic,Other,False,3,2023-08-09 16:00:00+00:00,2023-08,2023
7755974082815,37.42,84.19,1,0.4444444444444445,0.0,D3,D4,Untiered,False,False,False,Direct / Organic,Clear Protein,False,3,2024-09-01 16:00:00+00:00,2024-09,2024
8800514015487,37.39,52.44,1,0.7130053394355454,1.0,D3,D2,Tier 4 (D2 Profit or Frequency),False,False,False,Direct / Organic,Lean Protein,False,1,2026-02-23 16:00:00+00:00,2026-02,2026
8799603196159,37.36,52.41,1,0.712841060866247,1.0,D3,D2,Tier 4 (D2 Profit or Frequency),False,False,False,Direct / Organic,Lean Protein,False,1,2026-02-23 16:00:00+00:00,2026-02,2026
8800377176319,37.32,52.37,1,0.7126217299980906,1.0,D3,D2,Tier 4 (D2 Profit or Frequency),False,False,False,Direct / Organic,Lean Protein,False,1,2026-02-23 16:00:00+00:00,2026-02,2026
7756043911423,37.24,99.16,1,0.3755531108666422,0.0,D3,D4,Untiered,False,False,False,Direct / Organic,Unknown,False,1,2022-02-10 16:00:00+00:00,2022-02,2022
7756044140799,37.24,93.1,1,0.39999999999999997,0.0,D3,D4,Untiered,False,False,False,Direct / Organic,Unknown,False,1,2022-02-09 16:00:00+00:00,2022-02,2022
6327612276991,37.23,97.98,1,0.37999591753419065,0.0,D3,D5,Untiered,False,False,False,Subscription,Unknown,False,1,2022-03-10 16:00:00+00:00,2022-03,2022
6327777001727,37.23,97.98,1,0.37999591753419065,0.0,D3,D5,Untiered,False,False,False,Subscription,Unknown,False,1,2022-03-10 16:00:00+00:00,2022-03,2022
6423595024639,37.23,97.98,1,0.37999591753419065,0.0,D3,D5,Untiered,False,False,False,Subscription,Unknown,False,1,2022-04-05 16:00:00+00:00,2022-04,2022
8794406584575,37.23,52.28,1,0.7121270084162205,1.0,D3,D2,Tier 4 (D2 Profit or Frequency),False,False,False,Direct / Organic,Lean Protein,False,1,2026-02-20 16:00:00+00:00,2026-02,2026
8796562194687,37.22,52.27,1,0.7120719341878706,1.0,D3,D2,Tier 4 (D2 Profit or Frequency),False,False,False,Direct / Organic,Lean Protein,False,1,2026-02-21 16:00:00+00:00,2026-02,2026
8869115035903,37.21,55.37,1,0.6720245620372042,1.0,D3,D2,Tier 4 (D2 Profit or Frequency),False,False,False,Subscription,Lean Protein,True,1,2026-03-22 16:00:00+00:00,2026-03,2026
8182055305471,37.15,52.21,1,0.7115495115878184,1.0,D3,D3,Untiered,False,False,False,Email,Lean Protein,False,1,2026-02-23 16:00:00+00:00,2026-02,2026
8779097800959,37.13,59.78,1,0.6211107393777183,1.0,D3,D2,Tier 4 (D2 Profit or Frequency),False,False,False,Subscription,Lean Protein,True,2,2026-02-13 16:00:00+00:00,2026-02,2026
7756000329983,37.09,92.72,1,0.4,0.0,D3,D4,Untiered,False,False,False,Direct / Organic,Unknown,False,1,2022-09-24 16:00:00+00:00,2022-09,2022
7756354158847,37.07,88.03,1,0.4210526315789474,0.0,D3,D4,Untiered,False,False,False,Direct / Organic,Other,False,1,2023-03-16 16:00:00+00:00,2023-03,2023
7756431851775,37.06,92.65,2,0.4,0.0,D3,D1,Tier 3 (D1 Frequency Only),False,True,False,Subscription,Soy Protein,True,3,2024-05-29 16:00:00+00:00,2024-05,2024
7756355666175,37.01,52.07,1,0.710773958133282,1.0,D3,D4,Untiered,False,False,False,Direct / Organic,Lean Protein,False,1,2026-02-12 16:00:00+00:00,2026-02,2026
7756440600831,36.92,73.83,1,0.5000123127436897,0.0,D3,D4,Untiered,False,False,False,Subscription,Unknown,True,4,2024-06-30 16:00:00+00:00,2024-07,2024
8058424099071,36.82,92.06,1,0.4,0.0,D3,D3,Untiered,False,False,False,Subscription,Lean Protein,True,1,2025-05-17 16:00:00+00:00,2025-05,2025
8875288789247,36.8,54.96,1,0.6695778748180494,1.0,D3,D2,Tier 4 (D2 Profit or Frequency),False,False,False,Subscription,Lean Protein,True,1,2026-03-23 16:00:00+00:00,2026-03,2026
6327653662975,36.72,96.69,1,0.37972903092357024,0.0,D3,D5,Untiered,False,False,False,Subscription,Unknown,False,1,2022-06-14 16:00:00+00:00,2022-06,2022
6327519084799,36.68,91.71,1,0.4,0.0,D3,D5,Untiered,False,False,False,Subscription,Other,False,1,2022-10-16 16:00:00+00:00,2022-10,2022
8304456368383,36.64,91.6,1,0.4,0.0,D3,D3,Untiered,False,False,False,Direct / Organic,Clear Protein,False,2,2025-09-03 16:00:00+00:00,2025-09,2025
8312187060479,36.64,91.6,1,0.4,0.0,D3,D3,Untiered,False,False,False,Direct / Organic,Clear Protein,False,2,2025-09-07 16:00:00+00:00,2025-09,2025
7756002164991,36.62,97.61,1,0.3751629928593605,0.0,D3,D4,Untiered,False,False,False,Direct / Organic,Unknown,False,1,2022-08-28 16:00:00+00:00,2022-08,2022
7967041978623,36.6,91.49,1,0.4000000000000001,0.0,D3,D3,Untiered,False,False,False,Direct / Organic,Other,False,2,2025-04-18 16:00:00+00:00,2025-04,2025
8711864516863,36.6,77.77,1,0.47056705670567056,0.0,D3,D2,Tier 4 (D2 Profit or Frequency),False,False,False,Subscription,Lean Protein,True,1,2026-01-23 16:00:00+00:00,2026-01,2026
7756034834687,36.49,91.22,1,0.4,0.0,D3,D4,Untiered,False,False,False,Direct / Organic,Unknown,False,1,2022-05-09 16:00:00+00:00,2022-05,2022
6423223927039,36.48,91.19,1,0.4,0.0,D3,D5,Untiered,False,False,False,Subscription,Unknown,False,1,2022-09-12 16:00:00+00:00,2022-09,2022
7756036047103,36.46,93.89,2,0.3883807249136624,0.0,D3,D1,Tier 3 (D1 Frequency Only),False,True,False,Direct / Organic,Unknown,False,1,2022-01-13 16:00:00+00:00,2022-01,2022
8758015328511,36.42,52.03,1,0.6999807803190468,1.0,D3,D2,Tier 4 (D2 Profit or Frequency),False,False,False,Direct / Organic,Lean Protein,False,1,2026-02-04 16:00:00+00:00,2026-02,2026
8484593008895,36.4,50.8,1,0.7165354330708662,1.0,D3,D2,Tier 4 (D2 Profit or Frequency),False,False,False,Direct / Organic,Clear Protein,False,2,2025-10-29 16:00:00+00:00,2025-10,2025
8835264250111,36.4,50.8,1,0.7165354330708662,1.0,D3,D2,Tier 4 (D2 Profit or Frequency),False,False,False,Direct / Organic,Clear Protein,False,2,2026-03-08 16:00:00+00:00,2026-03,2026
7756328534271,36.34,86.31,1,0.4210526315789474,0.0,D3,D4,Untiered,False,False,False,Direct / Organic,Collagen Glow,False,2,2023-02-13 16:00:00+00:00,2023-02,2023
7756361629951,36.34,92.37,1,0.39342541255208163,0.0,D3,D4,Untiered,False,False,False,Direct / Organic,Soy Protein,False,2,2023-05-17 16:00:00+00:00,2023-05,2023
7756384338175,36.34,92.37,1,0.39342541255208163,0.0,D3,D4,Untiered,False,False,False,Direct / Organic,Other,False,1,2023-10-07 16:00:00+00:00,2023-10,2023
7756385779967,36.34,86.31,1,0.4210526315789474,0.0,D3,D4,Untiered,False,False,False,Direct / Organic,Unknown,False,2,2023-10-18 16:00:00+00:00,2023-10,2023
7756037193983,36.33,96.28,3,0.37733996349216337,0.0,D3,D1,Tier 3 (D1 Frequency Only),False,True,False,Direct / Organic,Unknown,False,1,2022-03-30 16:00:00+00:00,2022-03,2022
7756375163135,36.33,86.73,2,0.4188532895426435,0.0,D3,D1,Tier 3 (D1 Frequency Only),False,True,False,Direct / Organic,Accessories,True,2,2023-08-02 16:00:00+00:00,2023-08,2023
7756426051839,36.33,86.28,1,0.4210452374262433,0.0,D3,D4,Untiered,False,False,False,Direct / Organic,Collagen Glow,False,1,2024-05-15 16:00:00+00:00,2024-05,2024
7756431425791,36.33,63.57,1,0.5714285714285715,0.0,D3,D4,Untiered,False,False,False,Direct / Organic,Collagen Glow,False,1,2024-05-29 16:00:00+00:00,2024-05,2024
6532489150719,36.32,81.71,1,0.44444444444444453,0.0,D3,D5,Untiered,False,False,False,Direct / Organic,Unknown,False,2,2022-12-27 16:00:00+00:00,2022-12,2022
8566936469759,36.26,48.52,1,0.7473206924979389,1.0,D3,D2,Tier 4 (D2 Profit or Frequency),False,False,False,Subscription,Lean Protein,True,1,2026-01-17 16:00:00+00:00,2026-01,2026
8744074248447,36.26,53.91,1,0.6726024856241885,1.0,D3,D2,Tier 4 (D2 Profit or Frequency),False,False,False,Subscription,Lean Protein,True,1,2026-02-03 16:00:00+00:00,2026-02,2026
7756159058175,36.03,76.57,1,0.4705714738008548,0.0,D3,D4,Untiered,False,False,False,Subscription,Soy Protein,True,3,2023-09-20 16:00:00+00:00,2023-09,2023
7755968905471,36.0,98.19,3,0.3666707813850142,0.0,D3,D1,Tier 3 (D1 Frequency Only),False,True,False,Direct / Organic,Unknown,False,1,2022-05-03 16:00:00+00:00,2022-05,2022
7755976147199,36.0,92.73,1,0.388235294117647,0.0,D3,D4,Untiered,False,False,False,Direct / Organic,Unknown,False,1,2022-03-12 16:00:00+00:00,2022-03,2022
6327524688127,36.0,94.89,1,0.37934450416271476,0.0,D3,D5,Untiered,False,False,False,Subscription,Unknown,False,1,2022-03-30 16:00:00+00:00,2022-03,2022
6327698194687,35.99,94.87,1,0.37934014967850743,0.0,D3,D5,Untiered,False,False,False,Subscription,Unknown,False,1,2022-08-23 16:00:00+00:00,2022-08,2022
8635191984383,35.97,56.48,1,0.6368626062322946,1.0,D3,D2,Tier 4 (D2 Profit or Frequency),False,False,False,Direct / Organic,Lean Protein,False,1,2025-12-19 16:00:00+00:00,2025-12,2025
6481084547327,35.96,54.8,1,0.6562043795620438,0.0,D3,D5,Untiered,False,False,False,Subscription,Other,False,1,2022-12-20 16:00:00+00:00,2022-12,2022
6489009225983,35.96,94.8,1,0.379324894514768,0.0,D3,D5,Untiered,False,False,False,Subscription,Other,False,1,2022-12-26 16:00:00+00:00,2022-12,2022
6505222308095,35.96,81.31,1,0.4422580248431927,0.0,D3,D5,Untiered,False,False,False,Subscription,Other,False,1,2023-01-07 16:00:00+00:00,2023-01,2023
6609298161919,35.96,85.81,1,0.41906537699568813,0.0,D3,D5,Untiered,False,False,False,Subscription,Other,False,1,2023-03-19 16:00:00+00:00,2023-03,2023
7756438601983,35.94,49.41,1,0.7273597056117754,0.0,D3,D4,Untiered,False,False,False,Subscription,Unknown,True,3,2024-06-22 16:00:00+00:00,2024-06,2024
7308786237695,35.92,67.76,1,0.5301062573789846,0.0,D3,D5,Untiered,False,False,False,Subscription,Other,False,1,2024-05-27 16:00:00+00:00,2024-05,2024
7347034816767,35.92,95.11,2,0.3776679634107875,0.0,D3,D2,Tier 4 (D2 Profit or Frequency),False,False,False,Subscription,Other,False,2,2024-06-20 16:00:00+00:00,2024-06,2024
7476690583807,35.92,62.86,1,0.5714285714285715,0.0,D3,D5,Untiered,False,False,False,Subscription,Other,False,1,2024-08-31 16:00:00+00:00,2024-09,2024
8283892121855,35.92,89.8,1,0.4,0.0,D3,D3,Untiered,False,False,False,Direct / Organic,Other,False,2,2025-08-22 16:00:00+00:00,2025-08,2025
7154177769727,35.88,75.58,2,0.47472876422333954,0.0,D3,D2,Tier 4 (D2 Profit or Frequency),False,False,False,Subscription,Other,False,1,2024-03-27 16:00:00+00:00,2024-03,2024
7312633561343,35.88,67.69,1,0.5300635248928941,0.0,D3,D5,Untiered,False,False,False,Subscription,Other,False,1,2024-05-29 16:00:00+00:00,2024-05,2024
7756009799935,35.85,72.38,1,0.4953529264004019,0.0,D3,D4,Untiered,False,False,False,Direct / Organic,Other,False,2,2022-10-27 16:00:00+00:00,2022-10,2022
7756262998271,35.85,85.15,1,0.4210526315789474,0.0,D3,D4,Untiered,False,False,False,Direct / Organic,Other,False,2,2022-12-30 16:00:00+00:00,2022-12,2022
7756266635519,35.85,86.01,2,0.4168839405256854,0.0,D3,D1,Tier 3 (D1 Frequency Only),False,True,False,Direct / Organic,Unknown,False,1,2023-01-27 16:00:00+00:00,2023-01,2023
6423592730879,35.8,94.39,1,0.3792350884627609,0.0,D3,D5,Untiered,False,False,False,Subscription,Unknown,False,1,2022-04-23 16:00:00+00:00,2022-04,2022
8798684545279,35.75,45.83,1,0.7800567313986472,1.0,D3,D2,Tier 4 (D2 Profit or Frequency),False,False,False,Subscription,Lean Protein,True,1,2026-02-22 16:00:00+00:00,2026-02,2026
8827870347519,35.75,53.91,1,0.6631422741606381,1.0,D3,D2,Tier 4 (D2 Profit or Frequency),False,False,False,Subscription,Lean Protein,True,1,2026-03-05 16:00:00+00:00,2026-03,2026
8612424483071,35.62,50.78,1,0.7014572666404096,1.0,D3,D2,Tier 4 (D2 Profit or Frequency),False,False,False,Direct / Organic,Lean Protein,False,1,2025-12-12 16:00:00+00:00,2025-12,2025
7818623779071,35.6,93.9,1,0.3791267305644303,0.0,D3,D4,Untiered,False,False,False,Direct / Organic,Other,False,2,2025-01-29 16:00:00+00:00,2025-01,2025
7153236443391,35.56,76.02,1,0.4677716390423573,0.0,D3,D5,Untiered,False,False,False,Subscription,Other,False,2,2024-03-26 16:00:00+00:00,2024-03,2024
7183853453567,35.56,89.35,1,0.3979854504756576,0.0,D3,D5,Untiered,False,False,False,Subscription,Clear Protein,False,2,2024-04-14 16:00:00+00:00,2024-04,2024
8090103939327,35.56,93.9,1,0.3787007454739084,0.0,D3,D3,Untiered,False,False,False,Direct / Organic,Accessories,False,2,2025-05-28 16:00:00+00:00,2025-05,2025
8091391557887,35.56,85.01,1,0.418303728973062,0.0,D3,D3,Untiered,False,False,False,Paid Social,Accessories,False,2,2025-05-29 16:00:00+00:00,2025-05,2025
8325816582399,35.56,74.0,1,0.4805405405405406,0.0,D3,D3,Untiered,False,False,False,Direct / Organic,Accessories,False,2,2025-09-12 16:00:00+00:00,2025-09,2025
8098546254079,35.4,93.5,1,0.3786096256684492,0.0,D3,D3,Untiered,False,False,False,Direct / Organic,Clear Protein,False,1,2025-06-01 16:00:00+00:00,2025-06,2025
7756035916031,35.37,88.44,1,0.4,0.0,D3,D4,Untiered,False,False,False,Direct / Organic,Unknown,False,1,2022-04-29 16:00:00+00:00,2022-04,2022
7756008751359,35.36,75.14,1,0.47057874571486186,0.0,D3,D4,Untiered,False,False,False,Direct / Organic,Soy Protein,False,3,2022-10-27 16:00:00+00:00,2022-10,2022
6327713562879,35.36,98.19,2,0.36007740095732765,0.0,D3,D2,Tier 4 (D2 Profit or Frequency),False,False,False,Subscription,Unknown,False,2,2022-01-25 16:00:00+00:00,2022-01,2022
8437151236351,35.3,50.8,1,0.6948818897637795,1.0,D3,D2,Tier 4 (D2 Profit or Frequency),False,False,False,Paid Social,Clear Protein,False,1,2025-10-17 16:00:00+00:00,2025-10,2025
8488362180863,35.3,41.22,1,0.856380397865114,1.0,D3,D2,Tier 4 (D2 Profit or Frequency),False,False,False,Direct / Organic,Clear Protein,False,1,2025-10-31 16:00:00+00:00,2025-11,2025
8653085704447,35.3,41.22,1,0.856380397865114,1.0,D3,D2,Tier 4 (D2 Profit or Frequency),False,False,False,Direct / Organic,Clear Protein,False,1,2025-12-26 16:00:00+00:00,2025-12,2025
7756016091391,35.24,100.21,2,0.3516177804656789,0.0,D3,D2,Tier 4 (D2 Profit or Frequency),False,False,False,Direct / Organic,Unknown,False,1,2022-02-28 16:00:00+00:00,2022-03,2022
7756015141119,35.21,88.04,1,0.39999999999999997,0.0,D3,D4,Untiered,False,False,False,Direct / Organic,Unknown,False,1,2022-09-18 16:00:00+00:00,2022-09,2022
7756030411007,35.21,88.04,1,0.39999999999999997,0.0,D3,D4,Untiered,False,False,False,Direct / Organic,Unknown,False,1,2022-06-16 16:00:00+00:00,2022-06,2022
7756422512895,35.15,87.88,1,0.39999999999999997,0.0,D3,D4,Untiered,False,False,False,Direct / Organic,Unknown,False,1,2024-04-28 16:00:00+00:00,2024-04,2024
8314650263807,35.14,87.84,1,0.4,0.0,D3,D3,Untiered,False,False,False,Subscription,Lean Protein,True,1,2025-09-09 16:00:00+00:00,2025-09,2025
7756195463423,35.13,83.43,1,0.4210526315789474,0.0,D3,D4,Untiered,False,False,False,Direct / Organic,Unknown,False,2,2023-02-17 16:00:00+00:00,2023-02,2023
7756260344063,35.13,83.43,1,0.4210526315789474,0.0,D3,D4,Untiered,False,False,False,Direct / Organic,Unknown,False,1,2022-12-03 16:00:00+00:00,2022-12,2022
7756261523711,35.13,83.43,1,0.4210526315789474,0.0,D3,D4,Untiered,False,False,False,Direct / Organic,Other,False,2,2022-12-12 16:00:00+00:00,2022-12,2022
7756264767743,35.13,70.91,1,0.495363446006581,0.0,D3,D4,Untiered,False,False,False,Direct / Organic,Unknown,False,1,2023-01-07 16:00:00+00:00,2023-01,2023
7756356092159,35.13,83.43,1,0.4210526315789474,0.0,D3,D4,Untiered,False,False,False,Direct / Organic,Unknown,False,1,2023-03-24 16:00:00+00:00,2023-03,2023
7756347965695,35.12,89.46,1,0.3925208319219566,0.0,D3,D4,Untiered,False,False,False,Direct / Organic,Unknown,False,2,2023-02-10 16:00:00+00:00,2023-02,2023
7756031656191,35.02,84.18,2,0.4160397393902308,0.0,D3,D1,Tier 3 (D1 Frequency Only),False,True,False,Direct / Organic,Unknown,False,2,2022-06-03 16:00:00+00:00,2022-06,2022
7756300091647,35.02,80.47,1,0.4351558969724357,0.0,D3,D4,Untiered,False,False,False,Direct / Organic,Clear Protein,False,2,2024-04-04 16:00:00+00:00,2024-04,2024
7756408094975,35.02,83.17,1,0.4210603024230279,0.0,D3,D4,Untiered,False,False,False,Direct / Organic,Collagen Glow,False,2,2024-02-17 16:00:00+00:00,2024-02,2024
7756434112767,35.02,83.17,1,0.4210603024230279,0.0,D3,D4,Untiered,False,False,False,Direct / Organic,Soy Protein,False,2,2024-06-02 16:00:00+00:00,2024-06,2024
7756458295551,35.02,74.41,1,0.47059781723407723,0.0,D3,D4,Untiered,False,False,False,Direct / Organic,Clear Protein,False,2,2024-08-16 16:00:00+00:00,2024-08,2024
7756467044607,35.02,83.17,1,0.4210603024230279,0.0,D3,D4,Untiered,False,False,False,Direct / Organic,Clear Protein,False,2,2024-09-24 16:00:00+00:00,2024-09,2024
7756467601663,35.02,83.17,1,0.4210603024230279,0.0,D3,D4,Untiered,False,False,False,Direct / Organic,Collagen Glow,False,2,2024-09-25 16:00:00+00:00,2024-09,2024
7756429590783,35.01,61.26,1,0.5714285714285715,0.0,D3,D4,Untiered,False,False,False,Direct / Organic,Unknown,False,3,2024-05-26 16:00:00+00:00,2024-05,2024
7756020351231,35.0,87.5,1,0.4000000000000001,0.0,D3,D4,Untiered,False,False,False,Direct / Organic,Unknown,False,1,2022-04-26 16:00:00+00:00,2022-04,2022
8452477878527,34.99,48.11,1,0.7272916233631262,1.0,D3,D2,Tier 4 (D2 Profit or Frequency),False,False,False,Direct / Organic,Other,False,3,2025-10-21 16:00:00+00:00,2025-10,2025
7905859633407,34.94,74.25,1,0.47057239057239053,0.0,D3,D3,Untiered,False,False,False,Direct / Organic,Other,False,1,2025-03-26 16:00:00+00:00,2025-03,2025
7756459213055,34.89,74.13,1,0.47060170045781563,0.0,D3,D4,Untiered,False,False,False,Subscription,Other,True,2,2024-10-18 16:00:00+00:00,2024-10,2024
8800153993471,34.72,52.37,1,0.6629749856788237,1.0,D3,D2,Tier 4 (D2 Profit or Frequency),False,False,False,Subscription,Lean Protein,True,1,2026-02-23 16:00:00+00:00,2026-02,2026
7756484018431,34.41,74.48,1,0.4620016273393003,0.0,D3,D4,Untiered,False,False,False,Direct / Organic,Accessories,False,3,2024-12-03 16:00:00+00:00,2024-12,2024
7756487622911,34.41,83.03,1,0.4144525547445256,0.0,D3,D4,Untiered,False,False,False,Direct / Organic,Accessories,False,3,2024-12-25 16:00:00+00:00,2024-12,2024
8721866129663,34.25,44.8,1,0.7645089285714286,1.0,D3,D2,Tier 4 (D2 Profit or Frequency),False,False,False,Direct / Organic,Other,False,2,2026-01-28 16:00:00+00:00,2026-01,2026
8847684993279,34.25,39.8,1,0.8605527638190955,1.0,D3,D2,Tier 4 (D2 Profit or Frequency),False,False,False,Direct / Organic,Accessories,False,2,2026-03-14 16:00:00+00:00,2026-03,2026
8436001407231,34.14,54.55,1,0.6258478460128323,1.0,D3,D2,Tier 4 (D2 Profit or Frequency),False,False,False,Paid Social,Lean Protein,False,1,2025-10-17 16:00:00+00:00,2025-10,2025
8796526772479,34.12,52.28,1,0.6526396327467483,1.0,D3,D2,Tier 4 (D2 Profit or Frequency),False,False,False,Subscription,Lean Protein,True,1,2026-02-21 16:00:00+00:00,2026-02,2026
8870517539071,34.08,45.94,1,0.7418371789290379,1.0,D3,D2,Tier 4 (D2 Profit or Frequency),False,False,False,Subscription,Collagen Glow,True,1,2026-03-22 16:00:00+00:00,2026-03,2026
7832253006079,34.03,85.08,1,0.4000000000000001,0.0,D3,D3,Untiered,False,False,False,Direct / Organic,Other,False,2,2025-02-04 16:00:00+00:00,2025-02,2025
6532477485311,33.92,80.55,1,0.42105263157894746,0.0,D3,D5,Untiered,False,False,False,Direct / Organic,Unknown,False,2,2022-12-05 16:00:00+00:00,2022-12,2022
7756006031615,33.9,82.04,1,0.41326832151300236,0.0,D3,D4,Untiered,False,False,False,Direct / Organic,Collagen Glow,False,2,2022-10-14 16:00:00+00:00,2022-10,2022
7756354617599,33.9,76.28,1,0.4444444444444445,0.0,D3,D4,Untiered,False,False,False,Direct / Organic,Accessories,False,3,2023-03-18 16:00:00+00:00,2023-03,2023
8841657483519,33.88,53.55,1,0.6326797385620916,1.0,D3,D2,Tier 4 (D2 Profit or Frequency),False,False,False,Direct / Organic,Other,False,1,2026-03-11 16:00:00+00:00,2026-03,2026
7756045025535,33.85,84.64,1,0.4,0.0,D3,D4,Untiered,False,False,False,Direct / Organic,Unknown,False,1,2022-01-25 16:00:00+00:00,2022-01,2022
8465112105215,33.83,54.76,1,0.6177867056245434,1.0,D3,D2,Tier 4 (D2 Profit or Frequency),False,False,False,Direct / Organic,Lean Protein,False,1,2025-10-23 16:00:00+00:00,2025-10,2025
7755997774079,33.81,63.39,1,0.5333205851419831,0.0,D3,D4,Untiered,False,False,False,Direct / Organic,Other,False,2,2024-04-24 16:00:00+00:00,2024-04,2024
7756466323711,33.81,80.29,1,0.4210605774674468,0.0,D3,D4,Untiered,False,False,False,Direct / Organic,Clear Protein,False,2,2024-09-22 16:00:00+00:00,2024-09,2024
6329832046847,33.8,89.39,1,0.37807361002349266,0.0,D3,D5,Untiered,False,False,False,Subscription,Unknown,False,1,2022-08-30 16:00:00+00:00,2022-08,2022
7519844368639,33.76,76.33,2,0.4423424603694485,0.0,D3,D2,Tier 4 (D2 Profit or Frequency),False,False,False,Subscription,Clear Protein,False,3,2024-09-26 16:00:00+00:00,2024-09,2024
7984595435775,33.76,94.4,2,0.3576271186440678,0.0,D3,D1,Tier 3 (D1 Frequency Only),False,True,False,Direct / Organic,Lean Protein,False,1,2025-04-28 16:00:00+00:00,2025-04,2025
7942456410367,33.71,81.29,1,0.414712756796654,0.0,D3,D3,Untiered,False,False,False,Direct / Organic,Lean Protein,False,2,2025-04-03 16:00:00+00:00,2025-04,2025
7755979718911,33.68,84.21,2,0.4,0.0,D3,D2,Tier 4 (D2 Profit or Frequency),False,False,False,Direct / Organic,Unknown,False,1,2021-12-31 16:00:00+00:00,2022-01,2021
8720535388415,33.58,47.8,1,0.702510460251046,1.0,D3,D2,Tier 4 (D2 Profit or Frequency),False,False,False,Direct / Organic,Clear Protein,False,2,2026-01-28 16:00:00+00:00,2026-01,2026
7755966578943,33.53,83.84,2,0.4,0.0,D3,D2,Tier 4 (D2 Profit or Frequency),False,False,False,Direct / Organic,Unknown,False,1,2022-08-03 16:00:00+00:00,2022-08,2022
7168270795007,33.52,84.51,1,0.39663945095255,0.0,D3,D5,Untiered,False,False,False,Subscription,Lean Protein,False,1,2024-04-25 16:00:00+00:00,2024-04,2024
6334095098111,33.51,88.67,2,0.37789556783579564,0.0,D3,D2,Tier 4 (D2 Profit or Frequency),False,False,False,Subscription,Unknown,False,1,2022-02-20 16:00:00+00:00,2022-02,2022
6329630163199,33.43,88.48,1,0.3778481012658228,0.0,D3,D5,Untiered,False,False,False,Subscription,Unknown,False,1,2022-04-28 16:00:00+00:00,2022-04,2022
6329873727743,33.43,88.48,1,0.3778481012658228,0.0,D3,D5,Untiered,False,False,False,Subscription,Unknown,False,1,2022-05-04 16:00:00+00:00,2022-05,2022
7756264898815,33.42,67.46,1,0.4953732818255323,0.0,D3,D4,Untiered,False,False,False,Direct / Organic,Unknown,False,1,2023-01-08 16:00:00+00:00,2023-01,2023
7756361203967,33.42,79.37,1,0.4210445937690898,0.0,D3,D4,Untiered,False,False,False,Direct / Organic,Other,False,2,2023-05-15 16:00:00+00:00,2023-05,2023
7756017303807,33.39,83.48,1,0.4000000000000001,0.0,D3,D4,Untiered,False,False,False,Direct / Organic,Unknown,False,1,2022-08-25 16:00:00+00:00,2022-08,2022
7756034867455,33.28,83.2,3,0.39999999999999997,0.0,D3,D1,Tier 3 (D1 Frequency Only),False,True,False,Direct / Organic,Unknown,False,1,2022-01-06 16:00:00+00:00,2022-01,2022
7756040274175,33.22,88.52,2,0.3753509072235536,0.0,D3,D1,Tier 3 (D1 Frequency Only),False,True,False,Direct / Organic,Unknown,False,1,2022-02-06 16:00:00+00:00,2022-02,2022
6602801479935,33.12,79.42,1,0.41702341979350294,0.0,D3,D5,Untiered,False,False,False,Subscription,Other,False,1,2023-03-13 16:00:00+00:00,2023-03,2023
7755971199231,33.06,70.25,1,0.4706065050470193,0.0,D3,D4,Untiered,False,False,False,Subscription,Other,True,2,2023-05-05 16:00:00+00:00,2023-05,2023
7756031197439,33.04,85.34,2,0.3872167715956665,0.0,D3,D1,Tier 3 (D1 Frequency Only),False,True,False,Direct / Organic,Unknown,True,2,2022-06-06 16:00:00+00:00,2022-06,2022
6423593746687,32.98,82.46,2,0.39999999999999997,0.0,D3,D2,Tier 4 (D2 Profit or Frequency),False,False,False,Subscription,Unknown,False,1,2022-01-06 16:00:00+00:00,2022-01,2022
7755957633279,32.95,70.02,1,0.47057601592591,0.0,D3,D5,Untiered,False,False,False,Subscription,Other,True,1,2023-05-05 16:00:00+00:00,2023-05,2023
7756361859327,32.95,87.83,2,0.3751587082528292,0.0,D3,D1,Tier 3 (D1 Frequency Only),False,True,False,Subscription,Unknown,True,1,2023-05-20 16:00:00+00:00,2023-05,2023
7756414255359,32.93,65.86,1,0.49998619737750183,0.0,D3,D4,Untiered,False,False,False,Subscription,Other,True,3,2024-03-28 16:00:00+00:00,2024-03,2024
8861155229951,32.82,50.54,1,0.6493866244558766,1.0,D3,D2,Tier 4 (D2 Profit or Frequency),False,False,False,Direct / Organic,Other,False,1,2026-03-19 16:00:00+00:00,2026-03,2026
8310327738623,32.8,67.1,1,0.4888226527570791,0.0,D3,D3,Untiered,False,False,False,Subscription,Accessories,True,2,2025-09-06 16:00:00+00:00,2025-09,2025
7755999936767,32.73,49.09,1,0.6666419753086421,0.0,D3,D4,Untiered,False,False,False,Direct / Organic,Unknown,False,1,2022-09-21 16:00:00+00:00,2022-09,2022
7756004819199,32.73,51.82,1,0.6315555555555556,0.0,D3,D4,Untiered,False,False,False,Direct / Organic,Other,False,1,2022-10-08 16:00:00+00:00,2022-10,2022
6327517053183,32.72,82.61,1,0.39607795666384216,0.0,D3,D5,Untiered,False,False,False,Subscription,Other,False,2,2023-12-18 16:00:00+00:00,2023-12,2023
7756358222079,32.7,77.67,1,0.42105263157894746,0.0,D3,D4,Untiered,False,False,False,Direct / Organic,Unknown,False,2,2023-04-06 16:00:00+00:00,2023-04,2023
7756260606207,32.69,65.99,1,0.49536229222150796,0.0,D3,D4,Untiered,False,False,False,Direct / Organic,Unknown,False,1,2023-01-29 16:00:00+00:00,2023-01,2023
7756484673791,32.69,86.37,2,0.37851303463036384,0.0,D3,D1,Tier 3 (D1 Frequency Only),False,True,False,Direct / Organic,Other,False,1,2024-12-11 16:00:00+00:00,2024-12,2024
7756267258111,32.69,65.99,1,0.49536229222150785,0.0,D3,D4,Untiered,False,False,False,Direct / Organic,Other,False,1,2023-01-29 16:00:00+00:00,2023-01,2023
7756267389183,32.69,77.64,1,0.4210444149558972,0.0,D3,D4,Untiered,False,False,False,Direct / Organic,Other,False,1,2023-01-29 16:00:00+00:00,2023-01,2023
7756397609215,32.69,63.55,1,0.5144492131616595,0.0,D3,D4,Untiered,False,False,False,Direct / Organic,Other,False,1,2023-12-13 16:00:00+00:00,2023-12,2023
7756030935295,32.61,81.52,1,0.4,0.0,D3,D4,Untiered,False,False,False,Direct / Organic,Unknown,False,1,2022-06-08 16:00:00+00:00,2022-06,2022
7756038209791,32.61,87.58,1,0.37231833910034606,0.0,D3,D4,Untiered,False,False,False,Direct / Organic,Unknown,False,1,2022-04-04 16:00:00+00:00,2022-04,2022
8144576479487,32.6,49.78,2,0.6549618320610686,0.5,D3,D1,Tier 3 (D1 Frequency Only),False,True,False,Subscription,Other,True,1,2025-06-19 16:00:00+00:00,2025-06,2025
6327743545599,32.6,91.3,2,0.35706462212486306,0.0,D3,D2,Tier 4 (D2 Profit or Frequency),False,False,False,Subscription,Unknown,False,1,2022-01-04 16:00:00+00:00,2022-01,2022
8082176082175,32.6,81.5,1,0.4,0.0,D3,D3,Untiered,False,False,False,Direct / Organic,Clear Protein,False,3,2025-05-26 16:00:00+00:00,2025-05,2025
7881282453759,32.33,72.73,1,0.44449333150006876,0.0,D3,D3,Untiered,False,False,False,Subscription,Other,True,2,2025-02-28 16:00:00+00:00,2025-03,2025
8033439154431,32.32,77.72,1,0.41585177560473496,0.0,D3,D3,Untiered,False,False,False,Direct / Organic,Clear Protein,False,1,2025-05-09 16:00:00+00:00,2025-05,2025
8239725478143,32.32,85.8,1,0.3766899766899767,0.0,D3,D3,Untiered,False,False,False,Direct / Organic,Lean Protein,False,2,2025-08-04 16:00:00+00:00,2025-08,2025
8657403445503,32.32,40.99,1,0.7884849963405708,1.0,D3,D2,Tier 4 (D2 Profit or Frequency),False,False,False,Direct / Organic,Clear Protein,False,2,2025-12-28 16:00:00+00:00,2025-12,2025
7574580756735,32.3,80.74,3,0.40000000000000013,0.0,D3,D1,Tier 3 (D1 Frequency Only),False,True,False,Subscription,Other,True,2,2024-10-20 16:00:00+00:00,2024-10,2024
8312653938943,32.29,80.73,1,0.4,0.0,D3,D3,Untiered,False,False,False,Subscription,Other,True,1,2025-09-07 16:00:00+00:00,2025-09,2025
7756398657791,32.22,76.52,1,0.4210526315789474,0.0,D3,D4,Untiered,False,False,False,Direct / Organic,Clear Protein,False,1,2024-01-01 16:00:00+00:00,2024-01,2024
8353020543231,32.1,42.24,1,0.7599431818181818,1.0,D3,D3,Untiered,False,False,False,Direct / Organic,Other,False,1,2025-09-28 16:00:00+00:00,2025-09,2025
7756038635775,32.07,85.64,2,0.3745222929936306,0.0,D3,D1,Tier 3 (D1 Frequency Only),False,True,False,Direct / Organic,Unknown,False,1,2022-03-28 16:00:00+00:00,2022-03,2022
6532504453375,32.05,82.85,3,0.38683344305464124,0.0,D3,D1,Tier 3 (D1 Frequency Only),False,True,False,Direct / Organic,Unknown,False,1,2022-05-27 16:00:00+00:00,2022-05,2022
7829353070847,32.0,80.0,1,0.4,0.0,D3,D3,Untiered,False,False,False,Direct / Organic,Unknown,False,1,2022-01-18 16:00:00+00:00,2022-01,2022
6423593681151,32.0,84.89,1,0.3769112969725527,0.0,D3,D5,Untiered,False,False,False,Subscription,Unknown,False,1,2022-04-15 16:00:00+00:00,2022-04,2022
8341148041471,31.98,42.12,1,0.7592592592592592,1.0,D3,D3,Untiered,False,False,False,Direct / Organic,Other,False,1,2025-09-21 16:00:00+00:00,2025-09,2025
6594939814143,31.96,54.8,1,0.5832116788321169,0.0,D3,D5,Untiered,False,False,False,Subscription,Other,False,1,2023-10-05 16:00:00+00:00,2023-10,2023
6708449607935,31.96,76.81,1,0.41609165473245674,0.0,D3,D5,Untiered,False,False,False,Subscription,Other,False,1,2023-06-21 16:00:00+00:00,2023-06,2023
6718421565695,31.96,76.81,1,0.41609165473245674,0.0,D3,D5,Untiered,False,False,False,Subscription,Other,False,1,2023-06-27 16:00:00+00:00,2023-06,2023
6805761556735,31.96,68.82,1,0.4643998837547226,0.0,D3,D5,Untiered,False,False,False,Subscription,Other,False,1,2023-09-19 16:00:00+00:00,2023-09,2023
7437367148799,31.96,84.8,1,0.37688679245283024,0.0,D3,D5,Untiered,False,False,False,Subscription,Other,False,1,2024-08-08 16:00:00+00:00,2024-08,2024
7476624916735,31.96,55.93,1,0.5714285714285715,0.0,D3,D5,Untiered,False,False,False,Subscription,Other,False,1,2024-08-31 16:00:00+00:00,2024-09,2024
7476673413375,31.96,55.93,1,0.5714285714285715,0.0,D3,D5,Untiered,False,False,False,Subscription,Other,False,1,2024-08-31 16:00:00+00:00,2024-09,2024
7476777386239,31.96,55.93,1,0.5714285714285715,0.0,D3,D5,Untiered,False,False,False,Subscription,Other,False,1,2024-08-31 16:00:00+00:00,2024-09,2024
7755945017599,31.93,85.27,2,0.3744136460554371,0.0,D3,D2,Tier 4 (D2 Profit or Frequency),False,False,False,Direct / Organic,Unknown,False,1,2022-04-24 16:00:00+00:00,2022-04,2022
6474696687871,31.92,80.71,1,0.39549002601908073,0.0,D3,D5,Untiered,False,False,False,Subscription,Other,False,1,2022-12-16 16:00:00+00:00,2022-12,2022
6477558612223,31.92,80.71,1,0.39549002601908073,0.0,D3,D5,Untiered,False,False,False,Subscription,Other,False,1,2022-12-17 16:00:00+00:00,2022-12,2022
7318538158335,31.92,80.71,1,0.39549002601908073,0.0,D3,D5,Untiered,False,False,False,Subscription,Collagen Glow,False,1,2024-06-02 16:00:00+00:00,2024-06,2024
7345272127743,31.92,84.7,1,0.3768595041322314,0.0,D3,D5,Untiered,False,False,False,Direct / Organic,Collagen Glow,False,1,2025-02-14 16:00:00+00:00,2025-02,2025
7475299582207,31.92,55.86,1,0.5714285714285715,0.0,D3,D5,Untiered,False,False,False,Subscription,Collagen Glow,False,1,2024-08-30 16:00:00+00:00,2024-08,2024
8006799393023,31.92,76.82,1,0.41551679250195267,0.0,D3,D3,Untiered,False,False,False,Direct / Organic,Accessories,False,2,2025-05-02 16:00:00+00:00,2025-05,2025
8081655464191,31.92,79.8,1,0.4,0.0,D3,D3,Untiered,False,False,False,Direct / Organic,Lean Protein,False,2,2025-05-26 16:00:00+00:00,2025-05,2025
8336949149951,31.89,54.38,1,0.5864288341301949,1.0,D3,D3,Untiered,False,False,False,Direct / Organic,Lean Protein,False,2,2025-09-18 16:00:00+00:00,2025-09,2025
7942104416511,31.88,79.71,1,0.4000000000000001,0.0,D3,D3,Untiered,False,False,False,Paid Social,Clear Protein,False,3,2025-08-18 16:00:00+00:00,2025-08,2025
7499170152703,31.88,87.01,2,0.3663946672796231,0.0,D3,D2,Tier 4 (D2 Profit or Frequency),False,False,False,Subscription,Accessories,False,2,2024-09-15 16:00:00+00:00,2024-09,2024
7948679774463,31.86,44.8,1,0.7111607142857143,1.0,D3,D3,Untiered,False,False,False,Email,Other,False,1,2026-02-11 16:00:00+00:00,2026-02,2026
8709102731519,31.86,44.8,1,0.7111607142857143,1.0,D3,D2,Tier 4 (D2 Profit or Frequency),False,False,False,Direct / Organic,Other,False,1,2026-01-21 16:00:00+00:00,2026-01,2026
7756431196415,31.83,55.69,1,0.5714565536753905,0.0,D3,D4,Untiered,False,False,False,Subscription,Other,True,3,2024-05-28 16:00:00+00:00,2024-05,2024
8110426095871,31.8,76.55,2,0.4154147615937296,0.0,D3,D1,Tier 3 (D1 Frequency Only),False,True,False,Direct / Organic,Lean Protein,False,1,2025-06-05 16:00:00+00:00,2025-06,2025
7968738312447,31.65,69.12,2,0.45787037037037037,0.0,D3,D1,Tier 3 (D1 Frequency Only),False,True,False,Subscription,Other,True,3,2025-04-19 16:00:00+00:00,2025-04,2025
6336672694527,31.56,83.9,2,0.37616209773539927,0.0,D3,D2,Tier 4 (D2 Profit or Frequency),False,False,False,Subscription,Unknown,False,2,2022-01-05 16:00:00+00:00,2022-01,2022
7272156496127,31.56,75.91,1,0.4157554999341326,0.0,D3,D5,Untiered,False,False,False,Subscription,Accessories,False,2,2024-05-09 16:00:00+00:00,2024-05,2024
7957664694527,31.56,83.9,2,0.37616209773539927,0.0,D3,D1,Tier 3 (D1 Frequency Only),False,True,False,Paid Social,Unknown,False,3,2025-04-12 16:00:00+00:00,2025-04,2025
8084358234367,31.56,77.0,2,0.4098701298701299,0.0,D3,D1,Tier 3 (D1 Frequency Only),False,True,False,Paid Social,Accessories,False,3,2025-05-27 16:00:00+00:00,2025-05,2025
8092301197567,31.56,83.9,2,0.37616209773539927,0.0,D3,D1,Tier 3 (D1 Frequency Only),False,True,False,Paid Social,Accessories,False,3,2025-05-29 16:00:00+00:00,2025-05,2025
6329604210943,31.56,40.9,1,0.7716381418092909,1.0,D3,D5,Untiered,False,False,False,Direct / Organic,Soy Protein,False,1,2026-01-21 16:00:00+00:00,2026-01,2026
8670310531327,31.56,40.9,1,0.7716381418092909,1.0,D3,D2,Tier 4 (D2 Profit or Frequency),False,False,False,Direct / Organic,Soy Protein,False,1,2026-01-03 16:00:00+00:00,2026-01,2026
8875323588863,31.56,37.31,1,0.8458858214955776,1.0,D3,D2,Tier 4 (D2 Profit or Frequency),False,False,False,Direct / Organic,Soy Protein,False,1,2026-03-23 16:00:00+00:00,2026-03,2026
7756385976575,31.55,65.25,2,0.48359650752368566,0.0,D3,D1,Tier 3 (D1 Frequency Only),False,True,False,Subscription,Other,True,2,2023-10-20 16:00:00+00:00,2023-10,2023
7960785453311,31.54,54.89,2,0.5746037529604664,0.842412096921115,D3,D1,Tier 3 (D1 Frequency Only),False,True,False,Paid Social,Unknown,True,3,2025-04-14 16:00:00+00:00,2025-04,2025
7756448334079,31.52,63.64,1,0.4952335603066521,0.0,D3,D4,Untiered,False,False,False,Subscription,Collagen Glow,True,3,2024-08-29 16:00:00+00:00,2024-08,2024
6532515266815,31.49,74.79,1,0.42105263157894746,0.0,D3,D5,Untiered,False,False,False,Direct / Organic,Unknown,False,2,2022-12-09 16:00:00+00:00,2022-12,2022
7756359467263,31.49,67.31,1,0.4678341511727368,0.0,D3,D4,Untiered,False,False,False,Direct / Organic,Unknown,False,2,2023-04-28 16:00:00+00:00,2023-04,2023
7756468912383,31.49,57.84,1,0.5444828670229488,0.0,D3,D4,Untiered,False,False,False,Direct / Organic,Collagen Glow,False,2,2024-09-28 16:00:00+00:00,2024-09,2024
7756040372479,31.48,78.69,1,0.39999999999999997,0.0,D3,D4,Untiered,False,False,False,Direct / Organic,Unknown,False,1,2022-03-03 16:00:00+00:00,2022-03,2022
7755966841087,31.47,78.67,1,0.4,0.0,D3,D5,Untiered,False,False,False,Direct / Organic,Unknown,False,1,2022-05-01 16:00:00+00:00,2022-05,2022
6327678501119,31.46,83.54,2,0.37653818530045485,0.0,D3,D2,Tier 4 (D2 Profit or Frequency),False,False,False,Subscription,Unknown,False,3,2022-02-22 16:00:00+00:00,2022-02,2022
8154965737727,31.39,78.48,1,0.4,0.0,D3,D3,Untiered,False,False,False,Direct / Organic,Other,False,1,2025-06-23 16:00:00+00:00,2025-06,2025
7756435194111,31.38,74.53,1,0.4210440722068629,0.0,D3,D4,Untiered,False,False,False,Direct / Organic,Collagen Glow,False,2,2024-06-07 16:00:00+00:00,2024-06,2024
7756439912703,31.38,58.84,1,0.53331960037079,0.0,D3,D4,Untiered,False,False,False,Direct / Organic,Collagen Glow,False,2,2024-06-28 16:00:00+00:00,2024-06,2024
7756459344127,31.38,80.59,1,0.38938186193412544,0.0,D3,D4,Untiered,False,False,False,Direct / Organic,Lean Protein,False,2,2024-08-23 16:00:00+00:00,2024-08,2024
7756459639039,31.38,66.69,1,0.47057754350888353,0.0,D3,D4,Untiered,False,False,False,Direct / Organic,Collagen Glow,False,2,2024-08-23 16:00:00+00:00,2024-08,2024
7756465701119,31.38,69.37,2,0.4523653518542786,0.0,D3,D1,Tier 3 (D1 Frequency Only),False,True,False,Direct / Organic,Lean Protein,False,2,2024-09-18 16:00:00+00:00,2024-09,2024
7756469960959,31.38,74.53,1,0.4210440722068629,0.0,D3,D4,Untiered,False,False,False,Direct / Organic,Collagen Glow,False,2,2024-09-30 16:00:00+00:00,2024-10,2024
6423240966399,31.32,79.99,2,0.39159894986873367,0.0,D3,D2,Tier 4 (D2 Profit or Frequency),False,False,False,Subscription,Unknown,False,2,2022-05-27 16:00:00+00:00,2022-05,2022
6327507452159,31.28,83.11,1,0.37641679701600295,0.0,D3,D5,Untiered,False,False,False,Subscription,Unknown,False,1,2022-03-02 16:00:00+00:00,2022-03,2022
8289029488895,31.09,77.73,1,0.4,0.0,D3,D3,Untiered,False,False,False,Paid Social,Lean Protein,False,2,2025-08-25 16:00:00+00:00,2025-08,2025
8165107958015,31.04,69.84,1,0.4444444444444445,0.0,D3,D3,Untiered,False,False,False,Direct / Organic,Lean Protein,False,2,2025-06-27 16:00:00+00:00,2025-06,2025
7756010029311,31.01,82.97,2,0.3737034331628927,0.0,D3,D2,Tier 4 (D2 Profit or Frequency),False,False,False,Direct / Organic,Other,False,1,2022-10-29 16:00:00+00:00,2022-10,2022
7756260245759,31.01,73.64,1,0.42105263157894746,0.0,D3,D4,Untiered,False,False,False,Direct / Organic,Unknown,False,2,2022-12-10 16:00:00+00:00,2022-12,2022
7756418121983,31.01,56.99,1,0.5440816760608317,0.0,D3,D4,Untiered,False,False,False,Direct / Organic,Unknown,False,2,2024-05-27 16:00:00+00:00,2024-05,2024
7756038471935,31.0,82.95,2,0.3736986301369863,0.0,D3,D1,Tier 3 (D1 Frequency Only),False,True,False,Direct / Organic,Unknown,False,1,2022-03-30 16:00:00+00:00,2022-03,2022
8728781127935,30.93,49.09,1,0.6300672234671013,1.0,D3,D2,Tier 4 (D2 Profit or Frequency),False,False,False,Subscription,Lean Protein,True,1,2026-01-31 16:00:00+00:00,2026-02,2026
7756362842367,30.89,62.07,1,0.4976371802382348,0.0,D3,D4,Untiered,False,False,False,Subscription,Other,True,1,2023-06-05 16:00:00+00:00,2023-06,2023
7756364284159,30.89,77.22,1,0.4,0.0,D3,D4,Untiered,False,False,False,Subscription,Unknown,True,2,2023-06-20 16:00:00+00:00,2023-06,2023
7756354584831,30.88,85.38,3,0.36166950596252134,0.0,D3,D1,Tier 3 (D1 Frequency Only),False,True,False,Subscription,Collagen Glow,True,1,2023-03-21 16:00:00+00:00,2023-03,2023
6532514939135,30.79,82.43,3,0.3735313579883833,0.0,D3,D1,Tier 3 (D1 Frequency Only),False,True,False,Direct / Organic,Unknown,True,2,2022-06-15 16:00:00+00:00,2022-06,2022
7877148934399,30.63,76.58,1,0.4000000000000001,0.0,D3,D3,Untiered,False,False,False,Direct / Organic,Other,False,2,2025-03-07 16:00:00+00:00,2025-03,2025
7756045517055,30.52,76.3,1,0.4,0.0,D3,D4,Untiered,False,False,False,Direct / Organic,Unknown,False,1,2022-01-19 16:00:00+00:00,2022-01,2022
6614257369343,30.5,76.26,3,0.4,0.0,D3,D1,Tier 3 (D1 Frequency Only),False,True,False,Subscription,Other,True,1,2023-03-23 16:00:00+00:00,2023-03,2023
6665240019199,30.5,76.26,3,0.4,0.0,D3,D1,Tier 3 (D1 Frequency Only),False,True,False,Subscription,Unknown,True,2,2023-05-09 16:00:00+00:00,2023-05,2023
7755981193471,30.47,76.18,1,0.4,0.0,D3,D4,Untiered,False,False,False,Direct / Organic,Unknown,False,1,2022-06-03 16:00:00+00:00,2022-06,2022
7756030968063,30.47,76.18,1,0.4,0.0,D3,D4,Untiered,False,False,False,Direct / Organic,Unknown,False,1,2022-06-08 16:00:00+00:00,2022-06,2022
7756031099135,30.47,76.18,1,0.4,0.0,D3,D4,Untiered,False,False,False,Direct / Organic,Unknown,False,1,2022-06-06 16:00:00+00:00,2022-06,2022
7756032246015,30.47,78.9,1,0.38617405330670557,0.0,D3,D4,Untiered,False,False,False,Direct / Organic,Unknown,False,1,2022-06-02 16:00:00+00:00,2022-06,2022
8346039877887,30.45,64.71,1,0.4705918714263638,0.0,D3,D3,Untiered,False,False,False,Direct / Organic,Other,False,1,2025-09-24 16:00:00+00:00,2025-09,2025
7756026577151,30.4,76.0,1,0.4,0.0,D3,D4,Untiered,False,False,False,Direct / Organic,Unknown,False,1,2022-05-02 16:00:00+00:00,2022-05,2022
8327074316543,30.38,66.82,1,0.45459443280454953,0.0,D3,D3,Untiered,False,False,False,Direct / Organic,Accessories,False,2,2025-09-13 16:00:00+00:00,2025-09,2025
8025023512831,30.37,68.33,1,0.44443143567978927,0.0,D3,D3,Untiered,False,False,False,Affiliate,Accessories,False,2,2025-05-06 16:00:00+00:00,2025-05,2025
6613804351743,30.36,62.57,1,0.4851526290554579,0.0,D3,D5,Untiered,False,False,False,Subscription,Unknown,False,2,2023-03-23 16:00:00+00:00,2023-03,2023
6522940883199,30.32,76.91,1,0.39422701859316084,0.0,D3,D5,Untiered,False,False,False,Subscription,Other,False,2,2023-01-23 16:00:00+00:00,2023-01,2023
6582888300799,30.32,62.51,1,0.4850423932170853,0.0,D3,D5,Untiered,False,False,False,Subscription,Other,False,1,2023-02-25 16:00:00+00:00,2023-02,2023
7896942477567,30.32,80.7,1,0.37571251548946716,0.0,D3,D3,Untiered,False,False,False,Direct / Organic,Collagen Glow,False,2,2025-03-11 16:00:00+00:00,2025-03,2025
8069832278271,30.32,80.8,1,0.37524752475247525,0.0,D3,D3,Untiered,False,False,False,Direct / Organic,Collagen Glow,False,2,2025-05-26 16:00:00+00:00,2025-05,2025
8231259963647,30.32,80.8,1,0.37524752475247525,0.0,D3,D3,Untiered,False,False,False,Direct / Organic,Other,False,2,2025-08-03 16:00:00+00:00,2025-08,2025
8096074957055,30.28,80.7,2,0.3752168525402726,0.0,D3,D1,Tier 3 (D1 Frequency Only),False,True,False,Direct / Organic,Accessories,False,3,2025-05-31 16:00:00+00:00,2025-06,2025
7756009570559,30.28,64.34,1,0.47058823529411775,0.0,D3,D4,Untiered,False,False,False,Direct / Organic,Other,False,2,2022-10-27 16:00:00+00:00,2022-10,2022
7756264866047,30.28,61.12,1,0.49536463239303963,0.0,D3,D4,Untiered,False,False,False,Direct / Organic,Unknown,False,1,2023-01-07 16:00:00+00:00,2023-01,2023
7756359827711,30.28,71.91,1,0.42105263157894735,0.0,D3,D4,Untiered,False,False,False,Direct / Organic,Other,False,2,2023-08-01 16:00:00+00:00,2023-08,2023
7756415631615,30.28,68.13,1,0.4444444444444445,0.0,D3,D4,Untiered,False,False,False,Direct / Organic,Collagen Glow,False,2,2024-04-02 16:00:00+00:00,2024-04,2024
7756428443903,30.28,71.91,1,0.42105263157894735,0.0,D3,D4,Untiered,False,False,False,Direct / Organic,Collagen Glow,False,2,2024-05-20 16:00:00+00:00,2024-05,2024
7756432539903,30.28,55.72,1,0.543456978135538,0.0,D3,D4,Untiered,False,False,False,Direct / Organic,Other,False,2,2024-05-29 16:00:00+00:00,2024-05,2024
8318056333567,30.25,66.54,1,0.4545837090471897,0.0,D3,D3,Untiered,False,False,False,Paid Social,Accessories,False,2,2025-09-10 16:00:00+00:00,2025-09,2025
8231864926463,30.24,75.61,1,0.4,0.0,D3,D3,Untiered,False,False,False,Direct / Organic,Clear Protein,False,2,2025-08-05 16:00:00+00:00,2025-08,2025
7756436472063,30.17,74.38,1,0.4056058013525625,0.0,D3,D4,Untiered,False,False,False,Direct / Organic,Lean Protein,False,2,2024-06-15 16:00:00+00:00,2024-06,2024
7756475564287,30.17,64.11,1,0.47057711395755547,0.0,D3,D4,Untiered,False,False,False,Direct / Organic,Other,False,2,2024-10-21 16:00:00+00:00,2024-10,2024
7756484706559,30.17,66.36,1,0.45461187214611876,0.0,D3,D4,Untiered,False,False,False,Direct / Organic,Accessories,False,2,2024-12-11 16:00:00+00:00,2024-12,2024
7756485132543,30.17,66.36,1,0.45461187214611876,0.0,D3,D4,Untiered,False,False,False,Direct / Organic,Accessories,False,2,2024-12-13 16:00:00+00:00,2024-12,2024
7756486017279,30.17,66.36,1,0.45461187214611876,0.0,D3,D4,Untiered,False,False,False,Direct / Organic,Accessories,False,2,2024-12-15 16:00:00+00:00,2024-12,2024
7756486738175,30.17,66.36,1,0.45461187214611876,0.0,D3,D4,Untiered,False,False,False,Direct / Organic,Accessories,False,2,2024-12-21 16:00:00+00:00,2024-12,2024
7756487065855,30.17,66.36,1,0.45461187214611876,0.0,D3,D4,Untiered,False,False,False,Direct / Organic,Accessories,False,2,2024-12-22 16:00:00+00:00,2024-12,2024
7756487688447,30.17,66.36,1,0.45461187214611876,0.0,D3,D4,Untiered,False,False,False,Direct / Organic,Accessories,False,2,2024-12-31 16:00:00+00:00,2025-01,2024
7756488343807,30.17,66.36,1,0.45461187214611876,0.0,D3,D4,Untiered,False,False,False,Direct / Organic,Accessories,False,2,2025-01-01 16:00:00+00:00,2025-01,2025
6423463919871,30.16,80.29,1,0.37558849171752395,0.0,D3,D5,Untiered,False,False,False,Subscription,Unknown,False,1,2022-05-08 16:00:00+00:00,2022-05,2022
7756426150143,30.15,65.88,2,0.45754760371630954,0.0,D3,D1,Tier 3 (D1 Frequency Only),False,True,False,Direct / Organic,Other,False,2,2024-05-14 16:00:00+00:00,2024-05,2024
7916394086655,30.09,75.22,2,0.4000000000000001,0.0,D3,D1,Tier 3 (D1 Frequency Only),False,True,False,Direct / Organic,Clear Protein,False,2,2025-03-20 16:00:00+00:00,2025-03,2025
6329698124031,30.08,80.1,1,0.3755305867665419,0.0,D3,D5,Untiered,False,False,False,Subscription,Unknown,False,1,2022-01-24 16:00:00+00:00,2022-01,2022
7756033884415,30.07,75.18,1,0.4,0.0,D3,D4,Untiered,False,False,False,Direct / Organic,Unknown,False,1,2022-05-20 16:00:00+00:00,2022-05,2022
8133835391231,30.05,75.13,1,0.4000000000000001,0.0,D3,D3,Untiered,False,False,False,Direct / Organic,Accessories,False,2,2025-06-14 16:00:00+00:00,2025-06,2025
7756032835839,29.93,77.55,2,0.3859320046893318,0.0,D3,D1,Tier 3 (D1 Frequency Only),False,True,False,Direct / Organic,Unknown,False,2,2022-06-01 16:00:00+00:00,2022-06,2022
8166915997951,29.92,68.81,2,0.4348205202732161,0.0,D3,D1,Tier 3 (D1 Frequency Only),False,True,False,Direct / Organic,Lean Protein,False,2,2025-06-28 16:00:00+00:00,2025-06,2025
8242419433727,29.92,79.8,2,0.37493734335839596,0.0,D3,D1,Tier 3 (D1 Frequency Only),False,True,False,Direct / Organic,Accessories,False,2,2025-08-06 16:00:00+00:00,2025-08,2025
8263812120831,29.92,79.8,2,0.37493734335839596,0.0,D3,D1,Tier 3 (D1 Frequency Only),False,True,False,Direct / Organic,Accessories,False,2,2025-08-17 16:00:00+00:00,2025-08,2025
7756044435711,29.9,77.48,1,0.3859210011732499,0.0,D3,D4,Untiered,False,False,False,Direct / Organic,Unknown,False,1,2022-02-06 16:00:00+00:00,2022-02,2022
7169039302911,29.86,74.65,1,0.39999999999999997,0.0,D3,D5,Untiered,False,False,False,Subscription,Other,True,3,2024-04-05 16:00:00+00:00,2024-04,2024
6423595254015,29.8,79.39,1,0.3753117521098375,0.0,D3,D5,Untiered,False,False,False,Subscription,Unknown,False,1,2022-04-03 16:00:00+00:00,2022-04,2022
7756005540095,29.79,83.27,2,0.35778748180494907,0.0,D3,D2,Tier 4 (D2 Profit or Frequency),False,False,False,Direct / Organic,Other,False,1,2022-10-12 16:00:00+00:00,2022-10,2022
6423592272127,29.78,79.36,1,0.3753024193548387,0.0,D3,D5,Untiered,False,False,False,Subscription,Unknown,False,1,2022-04-25 16:00:00+00:00,2022-04,2022
6424267686143,29.78,79.36,1,0.3753024193548387,0.0,D3,D5,Untiered,False,False,False,Subscription,Unknown,False,1,2022-05-06 16:00:00+00:00,2022-05,2022
6961928438015,29.72,79.21,1,0.37525564953919965,0.0,D3,D5,Untiered,False,False,False,Subscription,Other,False,1,2023-12-16 16:00:00+00:00,2023-12,2023
7756036014335,29.7,74.25,1,0.39999999999999997,0.0,D3,D4,Untiered,False,False,False,Direct / Organic,Unknown,False,1,2022-04-28 16:00:00+00:00,2022-04,2022
7950392361215,29.69,66.79,1,0.44449767929330736,0.0,D3,D3,Untiered,False,False,False,Affiliate,Lean Protein,False,2,2025-04-11 16:00:00+00:00,2025-04,2025
6423594860799,29.6,78.89,1,0.3751552795031056,0.0,D3,D5,Untiered,False,False,False,Subscription,Unknown,False,1,2022-04-06 16:00:00+00:00,2022-04,2022
8118123331839,29.56,67.81,1,0.43592390502875683,0.0,D3,D3,Untiered,False,False,False,Direct / Organic,Clear Protein,False,2,2025-06-08 16:00:00+00:00,2025-06,2025
7538719129855,29.52,78.71,1,0.37509846271121844,0.0,D3,D5,Untiered,False,False,False,Subscription,Accessories,True,2,2024-10-08 16:00:00+00:00,2024-10,2024
6329633571071,29.37,78.33,1,0.37497765862377125,0.0,D3,D5,Untiered,False,False,False,Subscription,Unknown,False,1,2022-05-19 16:00:00+00:00,2022-05,2022
7728018129151,29.33,63.58,1,0.461277131173325,0.0,D3,D5,Untiered,False,False,False,Subscription,Unknown,False,1,2024-12-24 16:00:00+00:00,2024-12,2024
7755986075903,29.29,73.23,1,0.39999999999999997,0.0,D3,D4,Untiered,False,False,False,Direct / Organic,Unknown,False,1,2022-06-11 16:00:00+00:00,2022-06,2022
7755995742463,29.27,75.9,1,0.38562759501756627,0.0,D3,D4,Untiered,False,False,False,Direct / Organic,Unknown,False,1,2022-01-04 16:00:00+00:00,2022-01,2022
6336695763199,29.24,82.89,2,0.35270840873446735,0.0,D3,D2,Tier 4 (D2 Profit or Frequency),False,False,False,Subscription,Unknown,False,1,2022-03-13 16:00:00+00:00,2022-03,2022
7756030509311,29.23,73.06,1,0.39999999999999997,0.0,D3,D4,Untiered,False,False,False,Direct / Organic,Unknown,False,1,2022-06-16 16:00:00+00:00,2022-06,2022
6327566205183,29.16,77.79,1,0.3748039593778121,0.0,D3,D5,Untiered,False,False,False,Subscription,Unknown,False,1,2022-06-06 16:00:00+00:00,2022-06,2022
6423610523903,29.1,77.65,1,0.37475853187379266,0.0,D3,D5,Untiered,False,False,False,Subscription,Unknown,False,1,2022-01-12 16:00:00+00:00,2022-01,2022
7756399706367,29.08,73.15,2,0.39749803239302434,0.0,D3,D1,Tier 3 (D1 Frequency Only),False,True,False,Direct / Organic,Other,False,1,2024-01-07 16:00:00+00:00,2024-01,2024
7756377587967,29.07,69.03,1,0.4210526315789474,0.0,D3,D4,Untiered,False,False,False,Direct / Organic,Other,False,1,2023-08-19 16:00:00+00:00,2023-08,2023
7756404359423,29.07,62.67,1,0.4638073594120207,0.0,D3,D4,Untiered,False,False,False,Direct / Organic,Unknown,False,2,2024-01-23 16:00:00+00:00,2024-01,2024
7756440109311,29.07,58.13,1,0.5000000000000001,0.0,D3,D4,Untiered,False,False,False,Direct / Organic,Other,False,1,2024-06-29 16:00:00+00:00,2024-06,2024
7756377293055,29.05,69.01,1,0.4210433866151415,0.0,D3,D4,Untiered,False,False,False,Direct / Organic,Unknown,False,2,2023-08-30 16:00:00+00:00,2023-08,2023
7756399247615,29.05,69.01,1,0.4210433866151415,0.0,D3,D4,Untiered,False,False,False,Direct / Organic,Accessories,False,2,2024-01-06 16:00:00+00:00,2024-01,2024
6327713857791,29.04,77.5,1,0.37470967741935485,0.0,D3,D5,Untiered,False,False,False,Subscription,Unknown,False,1,2022-01-18 16:00:00+00:00,2022-01,2022
7755974050047,29.02,68.01,2,0.4266999376169683,0.0,D3,D2,Tier 4 (D2 Profit or Frequency),False,False,False,Direct / Organic,Unknown,False,1,2022-08-31 16:00:00+00:00,2022-09,2022
7976295858431,28.96,63.71,1,0.45455972374823417,0.0,D3,D3,Untiered,False,False,False,Direct / Organic,Other,False,2,2025-08-18 16:00:00+00:00,2025-08,2025
7756440436991,28.96,63.98,1,0.4526335733232285,0.0,D3,D4,Untiered,False,False,False,Direct / Organic,Unknown,False,2,2024-06-29 16:00:00+00:00,2024-06,2024
8151131488511,28.87,82.33,1,0.3506862626017248,0.0,D3,D3,Untiered,False,False,False,Direct / Organic,Clear Protein,False,1,2025-06-27 16:00:00+00:00,2025-06,2025
8863438635263,28.87,42.8,1,0.6745327102803739,1.0,D3,D2,Tier 4 (D2 Profit or Frequency),False,False,False,Direct / Organic,Clear Protein,False,2,2026-03-20 16:00:00+00:00,2026-03,2026
8118606430463,28.86,74.87,1,0.3854147188459997,0.0,D3,D3,Untiered,False,False,False,Direct / Organic,Collagen Glow,False,1,2025-06-08 16:00:00+00:00,2025-06,2025
7756018516223,28.84,77.55,2,0.3718640093786636,0.0,D3,D2,Tier 4 (D2 Profit or Frequency),False,False,False,Direct / Organic,Unknown,False,2,2022-08-10 16:00:00+00:00,2022-08,2022
7756485558527,28.84,77.55,2,0.3718508213889367,0.0,D3,D1,Tier 3 (D1 Frequency Only),False,True,False,Direct / Organic,Collagen Glow,False,1,2024-12-14 16:00:00+00:00,2024-12,2024
7756039094527,28.8,72.0,1,0.4,0.0,D3,D4,Untiered,False,False,False,Direct / Organic,Unknown,False,1,2022-03-21 16:00:00+00:00,2022-03,2022
6327680434431,28.8,76.89,1,0.37450903888672127,0.0,D3,D5,Untiered,False,False,False,Subscription,Unknown,False,1,2022-08-18 16:00:00+00:00,2022-08,2022
6327700783359,28.8,76.89,1,0.37450903888672127,0.0,D3,D5,Untiered,False,False,False,Subscription,Unknown,False,1,2022-09-03 16:00:00+00:00,2022-09,2022
6336645169407,28.8,76.89,1,0.37450903888672127,0.0,D3,D5,Untiered,False,False,False,Subscription,Unknown,False,1,2022-08-10 16:00:00+00:00,2022-08,2022
6423226220799,28.8,76.89,1,0.37450903888672127,0.0,D3,D5,Untiered,False,False,False,Subscription,Unknown,False,1,2022-08-19 16:00:00+00:00,2022-08,2022
6600826159359,28.79,73.28,1,0.3929039301310044,0.0,D3,D5,Untiered,False,False,False,Subscription,Unknown,False,1,2023-03-11 16:00:00+00:00,2023-03,2023
6610407424255,28.76,81.7,2,0.3520195838433293,0.0,D3,D2,Tier 4 (D2 Profit or Frequency),False,False,False,Subscription,Collagen Glow,False,1,2023-03-20 16:00:00+00:00,2023-03,2023
7756435456255,28.74,71.84,1,0.4000000000000001,0.0,D3,D4,Untiered,False,False,False,Subscription,Other,True,3,2024-06-08 16:00:00+00:00,2024-06,2024
7964573794559,28.73,71.82,2,0.4,0.0,D3,D1,Tier 3 (D1 Frequency Only),False,True,False,Subscription,Collagen Glow,True,1,2025-04-16 16:00:00+00:00,2025-04,2025
6974029693183,28.72,73.11,1,0.3928327178224593,0.0,D3,D5,Untiered,False,False,False,Subscription,Soy Protein,False,1,2023-12-25 16:00:00+00:00,2023-12,2023
8106575036671,28.72,66.03,1,0.4349538088747539,0.0,D3,D3,Untiered,False,False,False,Direct / Organic,Soy Protein,False,1,2025-06-03 16:00:00+00:00,2025-06,2025
8790340993279,28.67,32.95,1,0.8701062215477996,1.0,D3,D2,Tier 4 (D2 Profit or Frequency),False,False,False,Subscription,Soy Protein,True,1,2026-02-18 16:00:00+00:00,2026-02,2026
8817388421375,28.63,45.61,1,0.6277132207849156,1.0,D3,D2,Tier 4 (D2 Profit or Frequency),False,False,False,Direct / Organic,Other,False,3,2026-03-02 16:00:00+00:00,2026-03,2026
6327681515775,28.6,76.39,1,0.3743421913863071,0.0,D3,D5,Untiered,False,False,False,Subscription,Unknown,False,1,2022-02-24 16:00:00+00:00,2022-02,2022
7521958330623,28.52,51.18,1,0.5572489253614693,0.0,D3,D5,Untiered,False,False,False,Subscription,Unknown,False,1,2024-09-28 16:00:00+00:00,2024-09,2024
8717923418367,28.44,40.73,1,0.6982568131598332,1.0,D3,D2,Tier 4 (D2 Profit or Frequency),False,False,False,Direct / Organic,Clear Protein,False,2,2026-01-26 16:00:00+00:00,2026-01,2026
6327785095423,28.42,75.94,2,0.37419015011851464,0.0,D3,D2,Tier 4 (D2 Profit or Frequency),False,False,False,Subscription,Unknown,False,1,2022-03-13 16:00:00+00:00,2022-03,2022
7756008390911,28.36,70.91,1,0.4,0.0,D3,D4,Untiered,False,False,False,Direct / Organic,Unknown,False,1,2022-08-09 16:00:00+00:00,2022-08,2022
7756460884223,28.33,55.68,1,0.5088553856202036,0.0,D3,D4,Untiered,False,False,False,Subscription,Other,True,3,2024-08-27 16:00:00+00:00,2024-08,2024
7986128716031,28.33,70.82,1,0.4000000000000001,0.0,D3,D3,Untiered,False,False,False,Subscription,Other,True,1,2025-04-29 16:00:00+00:00,2025-04,2025
7915894931711,28.31,71.98,1,0.393275909974993,0.0,D3,D3,Untiered,False,False,False,Direct / Organic,Clear Protein,False,1,2025-03-20 16:00:00+00:00,2025-03,2025
7927058858239,28.24,71.82,1,0.3932609301030354,0.0,D3,D3,Untiered,False,False,False,Paid Social,Clear Protein,False,1,2025-03-26 16:00:00+00:00,2025-03,2025
6327627022591,28.04,40.91,1,0.6854069909557565,1.0,D3,D5,Untiered,False,False,False,Direct / Organic,Collagen Glow,False,1,2025-09-30 16:00:00+00:00,2025-10,2025
8681786704127,28.04,44.9,1,0.6244988864142539,1.0,D3,D2,Tier 4 (D2 Profit or Frequency),False,False,False,Direct / Organic,Collagen Glow,False,1,2026-01-08 16:00:00+00:00,2026-01,2026
7927091200255,27.96,71.11,1,0.393249894529602,0.0,D3,D3,Untiered,False,False,False,Direct / Organic,Clear Protein,False,1,2025-04-09 16:00:00+00:00,2025-04,2025
6391423762687,27.96,64.31,1,0.43476908723371177,0.0,D3,D5,Untiered,False,False,False,Subscription,Other,False,1,2022-10-26 16:00:00+00:00,2022-10,2022
6510186463487,27.96,54.8,1,0.5102189781021899,0.0,D3,D5,Untiered,False,False,False,Subscription,Other,False,1,2023-01-12 16:00:00+00:00,2023-01,2023
6601909305599,27.96,74.8,1,0.37379679144385036,0.0,D3,D5,Untiered,False,False,False,Subscription,Other,False,1,2023-03-12 16:00:00+00:00,2023-03,2023
6613396193535,27.96,67.81,1,0.41232856510839117,0.0,D3,D5,Untiered,False,False,False,Subscription,Other,False,1,2023-03-23 16:00:00+00:00,2023-03,2023
8241018011903,27.94,59.38,1,0.47059616032334123,0.0,D3,D3,Untiered,False,False,False,Direct / Organic,Clear Protein,False,2,2025-08-05 16:00:00+00:00,2025-08,2025
7365375525119,27.92,64.72,2,0.4313967861557479,0.0,D3,D2,Tier 4 (D2 Profit or Frequency),False,False,False,Subscription,Lean Protein,False,3,2024-06-28 16:00:00+00:00,2024-06,2024
7475045269759,27.92,48.86,1,0.5714285714285715,0.0,D3,D5,Untiered,False,False,False,Subscription,Collagen Glow,False,2,2024-08-30 16:00:00+00:00,2024-08,2024
7491937861887,27.92,64.23,1,0.434687840572941,0.0,D3,D5,Untiered,False,False,False,Subscription,Collagen Glow,False,2,2024-09-10 16:00:00+00:00,2024-09,2024
7705926893823,27.92,74.7,2,0.37376171352074966,0.0,D3,D2,Tier 4 (D2 Profit or Frequency),False,False,False,Subscription,Lean Protein,False,3,2024-12-13 16:00:00+00:00,2024-12,2024
8036161880319,27.92,74.8,1,0.3732620320855615,0.0,D3,D3,Untiered,False,False,False,Direct / Organic,Lean Protein,False,2,2025-05-10 16:00:00+00:00,2025-05,2025
8041292071167,27.92,74.8,1,0.3732620320855615,0.0,D3,D3,Untiered,False,False,False,Direct / Organic,Other,False,2,2025-05-19 16:00:00+00:00,2025-05,2025
8050169282815,27.92,74.8,2,0.37326203208556147,0.0,D3,D1,Tier 3 (D1 Frequency Only),False,True,False,Direct / Organic,Accessories,False,3,2025-06-03 16:00:00+00:00,2025-06,2025
6423602266367,27.88,63.09,2,0.441908384847044,0.0,D3,D2,Tier 4 (D2 Profit or Frequency),False,False,False,Subscription,Unknown,False,2,2022-02-18 16:00:00+00:00,2022-02,2022
8077216153855,27.88,97.7,1,0.2853633572159673,0.0,D3,D3,Untiered,False,False,False,Direct / Organic,Lean Protein,False,1,2025-05-24 16:00:00+00:00,2025-05,2025
7756470616319,27.88,69.7,1,0.4,0.0,D3,D4,Untiered,False,False,False,Subscription,Clear Protein,True,2,2024-10-03 16:00:00+00:00,2024-10,2024
6336648052991,27.86,74.55,1,0.3737089201877935,0.0,D3,D5,Untiered,False,False,False,Subscription,Unknown,False,1,2022-02-22 16:00:00+00:00,2022-02,2022
7756359106815,27.85,66.15,1,0.4210526315789474,0.0,D3,D4,Untiered,False,False,False,Direct / Organic,Accessories,False,2,2023-04-26 16:00:00+00:00,2023-04,2023
7756380963071,27.85,62.27,1,0.44734280708584784,0.0,D3,D4,Untiered,False,False,False,Direct / Organic,Soy Protein,False,2,2023-09-09 16:00:00+00:00,2023-09,2023
8762675659007,27.85,34.46,1,0.8081834010446896,1.0,D3,D2,Tier 4 (D2 Profit or Frequency),False,False,False,Direct / Organic,Other,False,1,2026-02-07 16:00:00+00:00,2026-02,2026
8780130713855,27.85,34.3,1,0.8119533527696794,1.0,D3,D2,Tier 4 (D2 Profit or Frequency),False,False,False,Direct / Organic,Other,False,1,2026-02-13 16:00:00+00:00,2026-02,2026
7756156698879,27.84,66.13,1,0.42104298414444147,0.0,D3,D4,Untiered,False,False,False,Direct / Organic,Soy Protein,False,2,2024-01-04 16:00:00+00:00,2024-01,2024
6423241130239,27.82,74.44,1,0.37367006985491674,0.0,D3,D5,Untiered,False,False,False,Subscription,Unknown,False,1,2022-05-25 16:00:00+00:00,2022-05,2022
7756408127743,27.8,66.41,2,0.4186182349183171,0.0,D3,D1,Tier 3 (D1 Frequency Only),False,True,False,Subscription,Unknown,True,2,2024-02-17 16:00:00+00:00,2024-02,2024
8899212771583,27.79,39.7,1,0.7,1.0,D3,D2,Tier 4 (D2 Profit or Frequency),False,False,False,Direct / Organic,Lean Protein,False,2,2026-03-28 16:00:00+00:00,2026-03,2026
7756385190143,27.79,69.47,1,0.4,0.0,D3,D4,Untiered,False,False,False,Subscription,Unknown,True,3,2023-10-11 16:00:00+00:00,2023-10,2023
7756029985023,27.7,69.25,1,0.4,0.0,D3,D4,Untiered,False,False,False,Direct / Organic,Unknown,False,1,2022-05-11 16:00:00+00:00,2022-05,2022
6327557423359,27.6,73.9,1,0.37347767253044656,0.0,D3,D5,Untiered,False,False,False,Direct / Organic,Clear Protein,False,1,2025-03-25 16:00:00+00:00,2025-03,2025
7574655336703,27.6,69.0,1,0.4,0.0,D3,D5,Untiered,False,False,False,Subscription,Clear Protein,False,1,2024-10-20 16:00:00+00:00,2024-10,2024
7707604812031,27.6,73.9,1,0.37347767253044656,0.0,D3,D5,Untiered,False,False,False,Subscription,Clear Protein,False,1,2024-12-14 16:00:00+00:00,2024-12,2024
7709729292543,27.6,73.9,1,0.37347767253044656,0.0,D3,D5,Untiered,False,False,False,Subscription,Clear Protein,False,1,2024-12-15 16:00:00+00:00,2024-12,2024
7756280692991,27.6,34.84,1,0.7921928817451205,1.0,D3,D4,Untiered,False,False,False,Direct / Organic,Soy Protein,False,1,2026-03-24 16:00:00+00:00,2026-03,2026
7783089176831,27.6,67.0,1,0.4119402985074627,0.0,D3,D4,Untiered,False,False,False,Subscription,Clear Protein,False,1,2025-01-12 16:00:00+00:00,2025-01,2025
7802589675775,27.6,73.9,1,0.37347767253044656,0.0,D3,D4,Untiered,False,False,False,Subscription,Clear Protein,False,1,2025-01-15 16:00:00+00:00,2025-01,2025
7802592067839,27.6,73.9,1,0.37347767253044656,0.0,D3,D4,Untiered,False,False,False,Subscription,Clear Protein,False,1,2025-01-15 16:00:00+00:00,2025-01,2025
7852863193343,27.6,73.9,1,0.37347767253044656,0.0,D3,D3,Untiered,False,False,False,Direct / Organic,Clear Protein,False,1,2025-02-17 16:00:00+00:00,2025-02,2025
7870681383167,27.6,73.9,1,0.37347767253044656,0.0,D3,D3,Untiered,False,False,False,Direct / Organic,Clear Protein,False,1,2025-02-23 16:00:00+00:00,2025-02,2025
7875287580927,27.6,73.9,1,0.37347767253044656,0.0,D3,D3,Untiered,False,False,False,Direct / Organic,Clear Protein,False,1,2025-02-24 16:00:00+00:00,2025-02,2025
7877345804543,27.6,73.9,1,0.37347767253044656,0.0,D3,D3,Untiered,False,False,False,Direct / Organic,Clear Protein,False,1,2025-02-25 16:00:00+00:00,2025-02,2025
7893114618111,27.6,73.9,1,0.37347767253044656,0.0,D3,D3,Untiered,False,False,False,Direct / Organic,Clear Protein,False,1,2025-03-08 16:00:00+00:00,2025-03,2025
7933266723071,27.6,73.9,1,0.37347767253044656,0.0,D3,D3,Untiered,False,False,False,Direct / Organic,Clear Protein,False,1,2025-03-30 16:00:00+00:00,2025-03,2025
7934578458879,27.6,73.9,1,0.37347767253044656,0.0,D3,D3,Untiered,False,False,False,Direct / Organic,Clear Protein,False,1,2025-03-30 16:00:00+00:00,2025-03,2025
7942630015231,27.6,67.0,1,0.4119402985074627,0.0,D3,D3,Untiered,False,False,False,Direct / Organic,Clear Protein,False,1,2025-04-03 16:00:00+00:00,2025-04,2025
7945138209023,27.6,73.9,1,0.37347767253044656,0.0,D3,D3,Untiered,False,False,False,Direct / Organic,Clear Protein,False,1,2025-04-06 16:00:00+00:00,2025-04,2025
7954109268223,27.6,73.9,1,0.37347767253044656,0.0,D3,D3,Untiered,False,False,False,Paid Social,Clear Protein,False,1,2025-04-09 16:00:00+00:00,2025-04,2025
7956356399359,27.6,69.0,1,0.4,0.0,D3,D3,Untiered,False,False,False,Direct / Organic,Clear Protein,False,1,2025-04-11 16:00:00+00:00,2025-04,2025
7958758752511,27.6,69.0,1,0.4,0.0,D3,D3,Untiered,False,False,False,Direct / Organic,Clear Protein,False,1,2025-04-13 16:00:00+00:00,2025-04,2025
7958995828991,27.6,69.0,1,0.4,0.0,D3,D3,Untiered,False,False,False,Direct / Organic,Clear Protein,False,1,2025-04-13 16:00:00+00:00,2025-04,2025
7969166819583,27.6,69.0,1,0.4,0.0,D3,D3,Untiered,False,False,False,Direct / Organic,Clear Protein,False,1,2025-04-19 16:00:00+00:00,2025-04,2025
7973788745983,27.6,69.0,1,0.4,0.0,D3,D3,Untiered,False,False,False,Direct / Organic,Clear Protein,False,1,2025-04-22 16:00:00+00:00,2025-04,2025
7975628898559,27.6,74.0,1,0.372972972972973,0.0,D3,D3,Untiered,False,False,False,Paid Social,Clear Protein,False,1,2025-04-23 16:00:00+00:00,2025-04,2025
7978120249599,27.6,74.0,1,0.372972972972973,0.0,D3,D3,Untiered,False,False,False,Direct / Organic,Clear Protein,False,1,2025-04-25 16:00:00+00:00,2025-04,2025
7978400940287,27.6,69.0,1,0.4,0.0,D3,D3,Untiered,False,False,False,Direct / Organic,Clear Protein,False,1,2025-04-25 16:00:00+00:00,2025-04,2025
7984381395199,27.6,74.0,1,0.372972972972973,0.0,D3,D3,Untiered,False,False,False,Direct / Organic,Clear Protein,False,1,2025-04-28 16:00:00+00:00,2025-04,2025
7986809078015,27.6,63.65,1,0.4336213668499608,0.0,D3,D3,Untiered,False,False,False,Direct / Organic,Clear Protein,False,1,2025-06-03 16:00:00+00:00,2025-06,2025
8001274544383,27.6,74.0,1,0.372972972972973,0.0,D3,D3,Untiered,False,False,False,Direct / Organic,Clear Protein,False,1,2025-05-01 16:00:00+00:00,2025-05,2025
8026798129407,27.6,74.0,1,0.372972972972973,0.0,D3,D3,Untiered,False,False,False,Direct / Organic,Clear Protein,False,1,2025-05-07 16:00:00+00:00,2025-05,2025
8030223007999,27.6,74.0,1,0.372972972972973,0.0,D3,D3,Untiered,False,False,False,Direct / Organic,Clear Protein,False,1,2025-05-08 16:00:00+00:00,2025-05,2025
8036132880639,27.6,74.0,1,0.372972972972973,0.0,D3,D3,Untiered,False,False,False,Paid Social,Clear Protein,False,1,2025-05-10 16:00:00+00:00,2025-05,2025
8039752990975,27.6,74.0,1,0.372972972972973,0.0,D3,D3,Untiered,False,False,False,Direct / Organic,Clear Protein,False,1,2025-05-12 16:00:00+00:00,2025-05,2025
8042502553855,27.6,74.0,1,0.372972972972973,0.0,D3,D3,Untiered,False,False,False,Direct / Organic,Clear Protein,False,1,2025-05-13 16:00:00+00:00,2025-05,2025
8052477853951,27.6,74.0,1,0.372972972972973,0.0,D3,D3,Untiered,False,False,False,Direct / Organic,Clear Protein,False,1,2025-05-15 16:00:00+00:00,2025-05,2025
8062020255999,27.6,74.0,1,0.372972972972973,0.0,D3,D3,Untiered,False,False,False,Paid Social,Clear Protein,False,1,2025-05-18 16:00:00+00:00,2025-05,2025
8065677295871,27.6,74.0,1,0.372972972972973,0.0,D3,D3,Untiered,False,False,False,Paid Social,Clear Protein,False,1,2025-05-20 16:00:00+00:00,2025-05,2025
8081719984383,27.6,74.0,1,0.372972972972973,0.0,D3,D3,Untiered,False,False,False,Direct / Organic,Clear Protein,False,1,2025-05-26 16:00:00+00:00,2025-05,2025
8086122987775,27.6,74.0,1,0.372972972972973,0.0,D3,D3,Untiered,False,False,False,Paid Social,Clear Protein,False,1,2025-05-27 16:00:00+00:00,2025-05,2025
8093538975999,27.6,74.0,1,0.372972972972973,0.0,D3,D3,Untiered,False,False,False,Direct / Organic,Clear Protein,False,1,2025-05-30 16:00:00+00:00,2025-05,2025
8094913626367,27.6,63.65,1,0.4336213668499608,0.0,D3,D3,Untiered,False,False,False,Direct / Organic,Clear Protein,False,1,2025-05-31 16:00:00+00:00,2025-06,2025
8096610910463,27.6,74.0,1,0.372972972972973,0.0,D3,D3,Untiered,False,False,False,Paid Social,Clear Protein,False,1,2025-05-31 16:00:00+00:00,2025-06,2025
8108885016831,27.6,74.0,1,0.372972972972973,0.0,D3,D3,Untiered,False,False,False,Direct / Organic,Clear Protein,False,1,2025-06-04 16:00:00+00:00,2025-06,2025
8109982777599,27.6,74.0,1,0.372972972972973,0.0,D3,D3,Untiered,False,False,False,Paid Social,Clear Protein,False,1,2025-06-05 16:00:00+00:00,2025-06,2025
8111530934527,27.6,69.0,1,0.4,0.0,D3,D3,Untiered,False,False,False,Direct / Organic,Clear Protein,False,1,2025-06-05 16:00:00+00:00,2025-06,2025
8115521323263,27.6,74.0,1,0.372972972972973,0.0,D3,D3,Untiered,False,False,False,Paid Social,Clear Protein,False,1,2025-06-07 16:00:00+00:00,2025-06,2025
8115816890623,27.6,74.0,1,0.372972972972973,0.0,D3,D3,Untiered,False,False,False,Direct / Organic,Clear Protein,False,1,2025-06-07 16:00:00+00:00,2025-06,2025
8117297119487,27.6,74.0,1,0.372972972972973,0.0,D3,D3,Untiered,False,False,False,Direct / Organic,Clear Protein,False,1,2025-06-08 16:00:00+00:00,2025-06,2025
8120263606527,27.6,67.1,1,0.41132637853949333,0.0,D3,D3,Untiered,False,False,False,Direct / Organic,Clear Protein,False,1,2025-06-09 16:00:00+00:00,2025-06,2025
8123205091583,27.6,74.0,1,0.372972972972973,0.0,D3,D3,Untiered,False,False,False,Paid Social,Clear Protein,False,1,2025-06-10 16:00:00+00:00,2025-06,2025
8140247105791,27.6,69.0,1,0.4,0.0,D3,D3,Untiered,False,False,False,Direct / Organic,Clear Protein,False,1,2025-06-17 16:00:00+00:00,2025-06,2025
8143274115327,27.6,74.0,1,0.372972972972973,0.0,D3,D3,Untiered,False,False,False,Direct / Organic,Clear Protein,False,1,2025-06-19 16:00:00+00:00,2025-06,2025
8149397504255,27.6,74.0,1,0.372972972972973,0.0,D3,D3,Untiered,False,False,False,Paid Social,Clear Protein,False,1,2025-06-21 16:00:00+00:00,2025-06,2025
8151503044863,27.6,74.0,1,0.372972972972973,0.0,D3,D3,Untiered,False,False,False,Paid Social,Clear Protein,False,1,2025-06-22 16:00:00+00:00,2025-06,2025
8164918395135,27.6,62.1,1,0.4444444444444445,0.0,D3,D3,Untiered,False,False,False,Direct / Organic,Clear Protein,False,1,2025-06-27 16:00:00+00:00,2025-06,2025
8166562496767,27.6,62.1,1,0.4444444444444445,0.0,D3,D3,Untiered,False,False,False,Direct / Organic,Clear Protein,False,1,2025-06-28 16:00:00+00:00,2025-06,2025
8166873858303,27.6,62.1,1,0.4444444444444445,0.0,D3,D3,Untiered,False,False,False,Direct / Organic,Clear Protein,False,1,2025-06-28 16:00:00+00:00,2025-06,2025
8244695531775,27.6,69.0,1,0.4,0.0,D3,D3,Untiered,False,False,False,Direct / Organic,Clear Protein,False,1,2025-08-07 16:00:00+00:00,2025-08,2025
8251518222591,27.6,74.0,1,0.372972972972973,0.0,D3,D3,Untiered,False,False,False,Paid Social,Clear Protein,False,1,2025-08-11 16:00:00+00:00,2025-08,2025
8276623556863,27.6,74.0,1,0.372972972972973,0.0,D3,D3,Untiered,False,False,False,Direct / Organic,Clear Protein,False,1,2025-08-20 16:00:00+00:00,2025-08,2025
8276952056063,27.6,74.0,1,0.372972972972973,0.0,D3,D3,Untiered,False,False,False,Direct / Organic,Clear Protein,False,1,2025-08-20 16:00:00+00:00,2025-08,2025
6329872974079,27.6,73.89,1,0.3734740830964948,0.0,D3,D5,Untiered,False,False,False,Subscription,Unknown,False,1,2022-02-13 16:00:00+00:00,2022-02,2022
8785460625663,27.59,39.8,1,0.69321608040201,1.0,D3,D2,Tier 4 (D2 Profit or Frequency),False,False,False,Direct / Organic,Other,False,3,2026-02-16 16:00:00+00:00,2026-02,2026
8763113734399,27.55,34.79,1,0.7918942224777236,1.0,D3,D2,Tier 4 (D2 Profit or Frequency),False,False,False,Direct / Organic,Soy Protein,False,1,2026-02-07 16:00:00+00:00,2026-02,2026
6336745406719,27.5,73.64,1,0.3733840304182509,0.0,D3,D5,Untiered,False,False,False,Subscription,Unknown,False,1,2022-02-26 16:00:00+00:00,2022-02,2022
6423594533119,27.36,67.31,2,0.4064774922002674,0.0,D3,D2,Tier 4 (D2 Profit or Frequency),False,False,False,Subscription,Unknown,False,2,2022-04-09 16:00:00+00:00,2022-04,2022
8621737640191,27.2,73.0,1,0.3726027397260274,0.0,D3,D2,Tier 4 (D2 Profit or Frequency),False,False,False,Paid Search,Soy Protein,False,1,2025-12-15 16:00:00+00:00,2025-12,2025
8699386724607,27.2,66.2,1,0.4108761329305136,0.0,D3,D2,Tier 4 (D2 Profit or Frequency),False,False,False,Affiliate,Soy Protein,False,1,2026-01-16 16:00:00+00:00,2026-01,2026
8717997375743,27.15,34.58,1,0.785135916714864,1.0,D3,D2,Tier 4 (D2 Profit or Frequency),False,False,False,Direct / Organic,Accessories,False,3,2026-01-26 16:00:00+00:00,2026-01,2026
8850290114815,27.15,34.8,1,0.7801724137931034,1.0,D3,D2,Tier 4 (D2 Profit or Frequency),False,False,False,Direct / Organic,Accessories,False,3,2026-03-20 16:00:00+00:00,2026-03,2026
6650460700927,27.14,67.84,1,0.4,0.0,D3,D5,Untiered,False,False,False,Subscription,Collagen Glow,True,1,2023-04-27 16:00:00+00:00,2023-04,2023
7496457650431,27.12,69.31,1,0.3912855287837253,0.0,D3,D5,Untiered,False,False,False,Subscription,Other,False,1,2024-10-26 16:00:00+00:00,2024-10,2024
8906250879231,27.08,40.45,1,0.6694684796044499,1.0,D3,D2,Tier 4 (D2 Profit or Frequency),False,False,False,Direct / Organic,Clear Protein,False,1,2026-03-30 16:00:00+00:00,2026-03,2026
6329828606207,27.04,72.49,1,0.3729617878328046,0.0,D3,D5,Untiered,False,False,False,Subscription,Unknown,False,1,2022-01-04 16:00:00+00:00,2022-01,2022
8712295612671,26.98,40.34,1,0.6688150718889438,1.0,D3,D2,Tier 4 (D2 Profit or Frequency),False,False,False,Direct / Organic,Clear Protein,False,1,2026-01-23 16:00:00+00:00,2026-01,2026
8031944671487,26.96,67.41,1,0.4000000000000001,0.0,D3,D3,Untiered,False,False,False,Subscription,Clear Protein,True,1,2025-05-08 16:00:00+00:00,2025-05,2025
8050160206079,26.96,60.66,1,0.4445103857566766,0.0,D3,D3,Untiered,False,False,False,Subscription,Clear Protein,True,1,2025-05-14 16:00:00+00:00,2025-05,2025
8633915900159,81.34,115.74,2,0.7027820978054259,1.0,D2,D1,Tier 3 (D1 Frequency Only),False,True,False,Direct / Organic,Clear Protein,False,1,2025-12-18 16:00:00+00:00,2025-12,2025
8731505590527,81.34,108.0,1,0.7531481481481482,1.0,D2,D2,Tier 4 (D2 Profit or Frequency),False,False,False,Direct / Organic,Lean Protein,False,2,2026-02-22 16:00:00+00:00,2026-02,2026
8029078454527,81.22,118.0,1,0.6883050847457627,1.0,D2,D3,Tier 4 (D2 Profit or Frequency),False,False,False,Subscription,Clear Protein,True,1,2026-03-16 16:00:00+00:00,2026-03,2026
8721983963391,81.22,118.0,1,0.6883050847457627,1.0,D2,D2,Tier 4 (D2 Profit or Frequency),False,False,False,Subscription,Clear Protein,True,1,2026-01-28 16:00:00+00:00,2026-01,2026
8854738862335,81.22,118.0,1,0.6883050847457627,1.0,D2,D2,Tier 4 (D2 Profit or Frequency),False,False,False,Subscription,Clear Protein,True,1,2026-03-16 16:00:00+00:00,2026-03,2026
8875121836287,81.22,118.0,1,0.6883050847457627,1.0,D2,D2,Tier 4 (D2 Profit or Frequency),False,False,False,Subscription,Clear Protein,True,1,2026-03-23 16:00:00+00:00,2026-03,2026
7756404261119,81.13,167.38,2,0.4847014520042003,0.0,D2,D1,Tier 3 (D1 Frequency Only),False,True,False,Direct / Organic,Soy Protein,True,3,2024-01-23 16:00:00+00:00,2024-01,2024
8789820375295,81.06,96.12,1,0.8433208489388264,1.0,D2,D2,Tier 4 (D2 Profit or Frequency),False,False,False,Direct / Organic,Clear Protein,False,2,2026-02-18 16:00:00+00:00,2026-02,2026
7756038308095,81.0,202.5,1,0.4,0.0,D2,D4,Tier 4 (D2 Profit or Frequency),False,False,False,Direct / Organic,Unknown,False,1,2022-04-03 16:00:00+00:00,2022-04,2022
7756033720575,80.93,214.44,1,0.37738963314679785,0.0,D2,D4,Tier 4 (D2 Profit or Frequency),False,False,False,Direct / Organic,Unknown,False,1,2022-05-21 16:00:00+00:00,2022-05,2022
8337704026367,80.92,105.74,1,0.7652354832608285,0.7809728798966854,D2,D3,Tier 4 (D2 Profit or Frequency),False,False,False,Direct / Organic,Unknown,False,3,2025-09-19 16:00:00+00:00,2025-09,2025
7756033458431,80.74,201.84,1,0.4,0.0,D2,D4,Tier 4 (D2 Profit or Frequency),False,False,False,Direct / Organic,Unknown,False,1,2022-05-22 16:00:00+00:00,2022-05,2022
7756211585279,80.68,162.84,2,0.4954500623406592,0.0,D2,D1,Tier 3 (D1 Frequency Only),False,True,False,Direct / Organic,Other,False,3,2023-02-07 16:00:00+00:00,2023-02,2023
8875701960959,80.45,116.26,1,0.6919834852915878,1.0,D2,D2,Tier 4 (D2 Profit or Frequency),False,False,False,Paid Social,Lean Protein,False,1,2026-03-23 16:00:00+00:00,2026-03,2026
8904738275583,80.33,98.72,1,0.8137155591572123,1.0,D2,D2,Tier 4 (D2 Profit or Frequency),False,False,False,Subscription,Lean Protein,True,1,2026-03-30 16:00:00+00:00,2026-03,2026
8407616291071,80.29,104.8,1,0.7661259541984732,1.0,D2,D2,Tier 4 (D2 Profit or Frequency),False,False,False,Direct / Organic,Other,False,2,2025-10-13 16:00:00+00:00,2025-10,2025
7755946361087,80.21,200.54,1,0.4,0.0,D2,D5,Tier 4 (D2 Profit or Frequency),False,False,False,Direct / Organic,Unknown,False,1,2022-08-04 16:00:00+00:00,2022-08,2022
7756424708351,80.06,205.59,4,0.3894211338542289,0.0,D2,D1,Tier 3 (D1 Frequency Only),False,True,False,Direct / Organic,Clear Protein,True,2,2024-05-05 16:00:00+00:00,2024-05,2024
8817306009855,79.89,104.93,1,0.7613647193367006,1.0,D2,D2,Tier 4 (D2 Profit or Frequency),False,False,False,Direct / Organic,Clear Protein,False,3,2026-03-02 16:00:00+00:00,2026-03,2026
7756477300991,79.81,199.52,3,0.39999999999999997,0.0,D2,D1,Tier 3 (D1 Frequency Only),False,True,False,Direct / Organic,Clear Protein,False,1,2024-10-29 16:00:00+00:00,2024-10,2024
7755925487871,79.78,202.18,4,0.39460431654676265,0.0,D2,D1,Tier 3 (D1 Frequency Only),False,True,False,Direct / Organic,Unknown,False,1,2022-01-10 16:00:00+00:00,2022-01,2022
7756466094335,79.7,185.5,2,0.4296332598219391,0.0,D2,D1,Tier 3 (D1 Frequency Only),False,True,False,Direct / Organic,Clear Protein,False,5,2024-09-20 16:00:00+00:00,2024-09,2024
8820475494655,79.49,123.19,2,0.6452634142381688,1.0,D2,D1,Tier 3 (D1 Frequency Only),False,True,False,Subscription,Lean Protein,True,2,2026-03-03 16:00:00+00:00,2026-03,2026
7756019335423,79.31,203.73,2,0.38929049531459176,0.0,D2,D2,Tier 4 (D2 Profit or Frequency),False,False,False,Direct / Organic,Unknown,False,1,2022-08-07 16:00:00+00:00,2022-08,2022
7949137477887,79.2,192.55,2,0.41132173461438587,0.0,D2,D1,Tier 3 (D1 Frequency Only),False,True,False,Paid Social,Clear Protein,False,1,2025-04-09 16:00:00+00:00,2025-04,2025
7948693700863,79.17,200.67,3,0.3945382967060348,0.0,D2,D1,Tier 3 (D1 Frequency Only),False,True,False,Paid Social,Accessories,False,3,2025-04-11 16:00:00+00:00,2025-04,2025
7476702085375,79.16,189.83,3,0.4170046884054153,0.0,D2,D1,Tier 3 (D1 Frequency Only),False,True,False,Subscription,Clear Protein,False,1,2024-08-31 16:00:00+00:00,2024-09,2024
7868325495039,79.16,202.9,2,0.3901429275505175,0.0,D2,D1,Tier 3 (D1 Frequency Only),False,True,False,Direct / Organic,Clear Protein,False,2,2025-02-22 16:00:00+00:00,2025-02,2025
6820808163583,79.12,207.6,5,0.3811175337186898,0.0,D2,D1,Tier 3 (D1 Frequency Only),False,True,False,Subscription,Unknown,True,2,2023-09-22 16:00:00+00:00,2023-09,2023
7425530396927,79.12,197.8,1,0.4,0.0,D2,D5,Tier 4 (D2 Profit or Frequency),False,False,False,Direct / Organic,Other,False,2,2025-05-07 16:00:00+00:00,2025-05,2025
8338561401087,78.89,93.9,1,0.8401490947816826,0.781195079086116,D2,D3,Tier 4 (D2 Profit or Frequency),False,False,False,Direct / Organic,Accessories,False,3,2025-09-20 16:00:00+00:00,2025-09,2025
8698453983487,78.89,107.35,2,0.7348858872845832,1.0,D2,D1,Tier 3 (D1 Frequency Only),False,True,False,Direct / Organic,Clear Protein,False,2,2026-01-16 16:00:00+00:00,2026-01,2026
7756460425471,78.57,178.74,2,0.4395761634313809,0.0,D2,D1,Tier 3 (D1 Frequency Only),False,True,False,Subscription,Unknown,True,5,2025-01-16 16:00:00+00:00,2025-01,2025
8811892932863,78.52,115.3,1,0.6810060711188205,1.0,D2,D2,Tier 4 (D2 Profit or Frequency),False,False,False,Subscription,Clear Protein,True,1,2026-02-27 16:00:00+00:00,2026-02,2026
8726668050687,78.49,107.02,2,0.7334143150812932,1.0,D2,D1,Tier 3 (D1 Frequency Only),False,True,False,Subscription,Clear Protein,True,2,2026-01-30 16:00:00+00:00,2026-01,2026
8828478980351,78.25,100.97,1,0.7749826681192433,1.0,D2,D2,Tier 4 (D2 Profit or Frequency),False,False,False,Direct / Organic,Collagen Glow,False,3,2026-03-05 16:00:00+00:00,2026-03,2026
6327633510655,78.24,194.11,2,0.4030704239863995,0.0,D2,D2,Tier 4 (D2 Profit or Frequency),False,False,False,Subscription,Unknown,False,3,2023-02-23 16:00:00+00:00,2023-02,2023
7756398264575,78.07,188.15,3,0.41493364257183346,0.0,D2,D1,Tier 3 (D1 Frequency Only),False,True,False,Subscription,Unknown,True,3,2023-12-24 16:00:00+00:00,2023-12,2023
6329860260095,77.86,199.56,1,0.39017839246341957,0.0,D2,D5,Tier 4 (D2 Profit or Frequency),False,False,False,Subscription,Unknown,False,1,2022-01-13 16:00:00+00:00,2022-01,2022
8731388903679,77.84,114.62,1,0.679113592741232,1.0,D2,D2,Tier 4 (D2 Profit or Frequency),False,False,False,Subscription,Clear Protein,True,1,2026-02-02 16:00:00+00:00,2026-02,2026
8765564977407,77.54,114.32,1,0.6782715185444367,1.0,D2,D2,Tier 4 (D2 Profit or Frequency),False,False,False,Subscription,Clear Protein,True,1,2026-02-08 16:00:00+00:00,2026-02,2026
7756264177919,77.53,184.13,2,0.42105263157894746,0.0,D2,D1,Tier 3 (D1 Frequency Only),False,True,False,Direct / Organic,Other,False,2,2023-01-01 16:00:00+00:00,2023-01,2023
7756264997119,77.53,165.72,2,0.46783454631898486,0.0,D2,D1,Tier 3 (D1 Frequency Only),False,True,False,Direct / Organic,Unknown,False,2,2023-01-09 16:00:00+00:00,2023-01,2023
7756468027647,77.49,149.89,3,0.5169425221826651,0.0,D2,D1,Tier 3 (D1 Frequency Only),False,True,False,Direct / Organic,Other,True,2,2024-09-26 16:00:00+00:00,2024-09,2024
7755992695039,77.38,193.46,1,0.4000000000000001,0.0,D2,D4,Tier 4 (D2 Profit or Frequency),False,False,False,Direct / Organic,Unknown,False,1,2022-08-28 16:00:00+00:00,2022-08,2022
7755935875327,77.24,198.55,2,0.389010989010989,0.0,D2,D2,Tier 4 (D2 Profit or Frequency),False,False,False,Direct / Organic,Unknown,False,1,2022-04-24 16:00:00+00:00,2022-04,2022
8836836098303,77.03,91.36,1,0.8431479859894921,1.0,D2,D2,Tier 4 (D2 Profit or Frequency),False,False,False,Direct / Organic,Clear Protein,False,2,2026-03-24 16:00:00+00:00,2026-03,2026
7756288622847,77.02,183.53,3,0.41964831173119793,0.0,D2,D1,Tier 3 (D1 Frequency Only),False,True,False,Direct / Organic,Unknown,False,2,2023-02-11 16:00:00+00:00,2023-02,2023
6328289788159,76.89,197.12,1,0.3900568181818182,0.0,D2,D5,Tier 4 (D2 Profit or Frequency),False,False,False,Subscription,Unknown,False,1,2022-06-14 16:00:00+00:00,2022-06,2022
7476877230335,76.65,155.68,3,0.49234326824254876,0.0,D2,D1,Tier 3 (D1 Frequency Only),False,True,False,Subscription,Lean Protein,True,3,2024-08-31 16:00:00+00:00,2024-09,2024
7756016648447,76.32,190.8,1,0.39999999999999997,0.0,D2,D4,Tier 4 (D2 Profit or Frequency),False,False,False,Direct / Organic,Unknown,False,1,2022-08-29 16:00:00+00:00,2022-08,2022
6328281137407,76.28,107.64,4,0.7086956521739131,0.75,D2,D1,Tier 3 (D1 Frequency Only),False,True,False,Subscription,Other,True,1,2025-08-10 16:00:00+00:00,2025-08,2025
7756263457023,76.28,193.43,4,0.39434148481193115,0.0,D2,D1,Tier 3 (D1 Frequency Only),False,True,False,Direct / Organic,Other,False,1,2022-12-27 16:00:00+00:00,2022-12,2022
7756435915007,76.27,150.71,2,0.5060420227204183,0.0,D2,D1,Tier 3 (D1 Frequency Only),False,True,False,Direct / Organic,Other,False,2,2024-06-11 16:00:00+00:00,2024-06,2024
8713364570367,76.21,132.07,1,0.5770576209585827,0.34560432488093706,D2,D2,Tier 4 (D2 Profit or Frequency),False,False,False,Direct / Organic,Lean Protein,False,1,2026-01-24 16:00:00+00:00,2026-01,2026
7927261954303,76.13,177.8,3,0.42817772778402696,0.15285451197053407,D2,D1,Tier 3 (D1 Frequency Only),False,True,False,Direct / Organic,Clear Protein,False,2,2025-03-26 16:00:00+00:00,2025-03,2025
7756430213375,76.12,127.82,4,0.595552394499763,0.0,D2,D1,Tier 3 (D1 Frequency Only),False,True,False,Subscription,Other,True,3,2024-05-26 16:00:00+00:00,2024-05,2024
8350713184511,75.98,99.9,1,0.7605605605605605,1.0,D2,D3,Tier 4 (D2 Profit or Frequency),False,False,False,Direct / Organic,Clear Protein,False,2,2025-09-27 16:00:00+00:00,2025-09,2025
8700295446783,75.98,111.0,1,0.6845045045045045,1.0,D2,D2,Tier 4 (D2 Profit or Frequency),False,False,False,Direct / Organic,Clear Protein,False,2,2026-01-17 16:00:00+00:00,2026-01,2026
8712923447551,75.98,99.9,1,0.7605605605605605,1.0,D2,D2,Tier 4 (D2 Profit or Frequency),False,False,False,Direct / Organic,Clear Protein,False,2,2026-01-23 16:00:00+00:00,2026-01,2026
7756260573439,75.93,163.42,2,0.4646491618454235,0.0,D2,D1,Tier 3 (D1 Frequency Only),False,True,False,Direct / Organic,Other,True,2,2022-12-04 16:00:00+00:00,2022-12,2022
7756030705919,75.86,185.86,3,0.40814569644400245,0.0,D2,D1,Tier 3 (D1 Frequency Only),False,True,False,Direct / Organic,Unknown,True,3,2022-06-13 16:00:00+00:00,2022-06,2022
7476694876415,75.84,156.63,3,0.48419842941965147,0.0,D2,D1,Tier 3 (D1 Frequency Only),False,True,False,Subscription,Clear Protein,False,3,2024-08-31 16:00:00+00:00,2024-09,2024
7756485853439,75.83,135.62,2,0.5591504041970355,0.363225735375124,D2,D1,Tier 3 (D1 Frequency Only),False,True,False,Direct / Organic,Accessories,False,3,2024-12-15 16:00:00+00:00,2024-12,2024
6532515332351,75.81,177.73,3,0.4265229919353464,0.0,D2,D1,Tier 3 (D1 Frequency Only),False,True,False,Direct / Organic,Unknown,False,2,2022-12-26 16:00:00+00:00,2022-12,2022
8799534481663,75.77,95.43,2,0.7939851199832338,1.0,D2,D1,Tier 3 (D1 Frequency Only),False,True,False,Direct / Organic,Clear Protein,False,2,2026-02-23 16:00:00+00:00,2026-02,2026
8798809587967,75.7,112.58,1,0.6724107301474508,1.0,D2,D2,Tier 4 (D2 Profit or Frequency),False,False,False,Direct / Organic,Lean Protein,False,2,2026-02-22 16:00:00+00:00,2026-02,2026
7756031754495,75.61,191.76,3,0.3943110886363996,0.0,D2,D1,Tier 3 (D1 Frequency Only),False,True,False,Direct / Organic,Unknown,False,1,2022-06-03 16:00:00+00:00,2022-06,2022
7819138269439,75.52,203.6,3,0.3709233791748527,0.0,D2,D1,Tier 3 (D1 Frequency Only),False,True,False,Direct / Organic,Lean Protein,False,2,2025-01-26 16:00:00+00:00,2025-01,2025
8245528232191,75.52,193.8,2,0.38968008255933956,0.0,D2,D1,Tier 3 (D1 Frequency Only),False,True,False,Direct / Organic,Lean Protein,False,2,2025-08-08 16:00:00+00:00,2025-08,2025
7756038603007,75.24,193.56,2,0.38872780787174754,0.0,D2,D1,Tier 3 (D1 Frequency Only),False,True,False,Direct / Organic,Unknown,False,1,2021-12-31 16:00:00+00:00,2022-01,2021
6329710412031,75.23,192.98,1,0.38984350709918125,0.0,D2,D5,Tier 4 (D2 Profit or Frequency),False,False,False,Subscription,Unknown,False,1,2022-02-18 16:00:00+00:00,2022-02,2022
8812239978751,75.06,112.96,1,0.6644830028328612,1.0,D2,D2,Tier 4 (D2 Profit or Frequency),False,False,False,Subscription,Lean Protein,True,2,2026-02-28 16:00:00+00:00,2026-03,2026
7756363104511,75.03,123.08,4,0.6095725822336024,0.0,D2,D1,Tier 3 (D1 Frequency Only),False,True,False,Subscription,Unknown,True,2,2023-06-06 16:00:00+00:00,2023-06,2023
7870948802815,75.01,192.53,4,0.3896120085181531,0.0,D2,D1,Tier 3 (D1 Frequency Only),False,True,False,Subscription,Collagen Glow,True,1,2025-02-23 16:00:00+00:00,2025-02,2025
8175536832767,75.0,95.02,1,0.7893075142075353,1.0,D2,D3,Tier 4 (D2 Profit or Frequency),False,False,False,Subscription,Clear Protein,True,1,2026-02-08 16:00:00+00:00,2026-02,2026
8771600711935,75.0,111.78,1,0.6709608158883521,1.0,D2,D2,Tier 4 (D2 Profit or Frequency),False,False,False,Subscription,Clear Protein,True,1,2026-02-11 16:00:00+00:00,2026-02,2026
8784170647807,75.0,111.78,1,0.6709608158883521,1.0,D2,D2,Tier 4 (D2 Profit or Frequency),False,False,False,Subscription,Clear Protein,True,1,2026-02-15 16:00:00+00:00,2026-02,2026
8800920436991,75.0,111.78,1,0.6709608158883521,1.0,D2,D2,Tier 4 (D2 Profit or Frequency),False,False,False,Subscription,Clear Protein,True,1,2026-02-24 16:00:00+00:00,2026-02,2026
8814978072831,75.0,95.02,1,0.7893075142075353,1.0,D2,D2,Tier 4 (D2 Profit or Frequency),False,False,False,Subscription,Clear Protein,True,1,2026-03-01 16:00:00+00:00,2026-03,2026
8822106685695,75.0,111.78,1,0.6709608158883521,1.0,D2,D2,Tier 4 (D2 Profit or Frequency),False,False,False,Subscription,Clear Protein,True,1,2026-03-03 16:00:00+00:00,2026-03,2026
8340290339071,74.88,84.38,1,0.887414079165679,1.0,D2,D3,Tier 4 (D2 Profit or Frequency),False,False,False,Direct / Organic,Clear Protein,False,2,2025-09-21 16:00:00+00:00,2025-09,2025
8704297763071,74.84,103.53,1,0.7228822563508163,1.0,D2,D2,Tier 4 (D2 Profit or Frequency),False,False,False,Direct / Organic,Lean Protein,False,2,2026-01-19 16:00:00+00:00,2026-01,2026
8904301314303,74.82,110.12,1,0.6794406102433709,1.0,D2,D2,Tier 4 (D2 Profit or Frequency),False,False,False,Direct / Organic,Lean Protein,False,1,2026-03-30 16:00:00+00:00,2026-03,2026
8868214866175,74.75,112.65,1,0.6635596981802042,1.0,D2,D2,Tier 4 (D2 Profit or Frequency),False,False,False,Paid Social,Lean Protein,False,2,2026-03-21 16:00:00+00:00,2026-03,2026
7756033327359,74.69,189.45,3,0.3942418426103647,0.0,D2,D1,Tier 3 (D1 Frequency Only),False,True,False,Direct / Organic,Unknown,False,1,2022-03-13 16:00:00+00:00,2022-03,2022
7756380111103,74.59,171.71,4,0.4343986587840819,0.0,D2,D1,Tier 3 (D1 Frequency Only),False,True,False,Subscription,Unknown,True,3,2023-09-06 16:00:00+00:00,2023-09,2023
6329631146239,74.55,95.6,1,0.7798117154811717,1.0,D2,D5,Tier 4 (D2 Profit or Frequency),False,False,False,Direct / Organic,Lean Protein,False,2,2025-10-01 16:00:00+00:00,2025-10,2025
7756000788735,74.44,129.85,2,0.5732287874544946,0.0,D2,D2,Tier 4 (D2 Profit or Frequency),False,False,False,Direct / Organic,Unknown,False,1,2022-09-19 16:00:00+00:00,2022-09,2022
8017438605567,74.31,133.75,2,0.555618691588785,0.30404194597464657,D2,D1,Tier 3 (D1 Frequency Only),False,True,False,Direct / Organic,Accessories,True,4,2025-05-06 16:00:00+00:00,2025-05,2025
7756412387583,74.28,162.7,2,0.45655921508444397,0.0,D2,D1,Tier 3 (D1 Frequency Only),False,True,False,Direct / Organic,Other,False,2,2024-03-28 16:00:00+00:00,2024-03,2024
8142910947583,74.28,88.3,1,0.8412231030577577,1.0,D2,D3,Tier 4 (D2 Profit or Frequency),False,False,False,Direct / Organic,Other,False,1,2025-06-19 16:00:00+00:00,2025-06,2025
6880733135103,74.23,160.48,4,0.4625623130608176,0.0,D2,D1,Tier 3 (D1 Frequency Only),False,True,False,Subscription,Other,True,3,2023-12-07 16:00:00+00:00,2023-12,2023
8772592926975,74.23,110.04,1,0.6745728825881497,1.0,D2,D2,Tier 4 (D2 Profit or Frequency),False,False,False,Direct / Organic,Lean Protein,False,1,2026-02-11 16:00:00+00:00,2026-02,2026
6532489183487,73.88,156.52,3,0.4719958182486982,0.0,D2,D1,Tier 3 (D1 Frequency Only),False,True,False,Direct / Organic,Collagen Glow,False,3,2023-01-19 16:00:00+00:00,2023-01,2023
7756429492479,73.77,139.09,2,0.5303819255321468,0.0,D2,D1,Tier 3 (D1 Frequency Only),False,True,False,Direct / Organic,Other,False,2,2024-05-26 16:00:00+00:00,2024-05,2024
8343381836031,73.71,95.79,1,0.7694957720012526,1.0,D2,D3,Tier 4 (D2 Profit or Frequency),False,False,False,Paid Social,Other,False,2,2025-09-22 16:00:00+00:00,2025-09,2025
8146098356479,73.64,184.1,2,0.4000000000000001,0.0,D2,D1,Tier 3 (D1 Frequency Only),False,True,False,Subscription,Clear Protein,True,2,2025-06-19 16:00:00+00:00,2025-06,2025
7756349866239,73.64,176.34,3,0.41758317294473474,0.0,D2,D1,Tier 3 (D1 Frequency Only),False,True,False,Direct / Organic,Unknown,False,2,2023-03-01 16:00:00+00:00,2023-03,2023
8722076762367,73.52,95.76,1,0.7677527151211361,1.0,D2,D2,Tier 4 (D2 Profit or Frequency),False,False,False,Direct / Organic,Lean Protein,False,1,2026-01-28 16:00:00+00:00,2026-01,2026
7098288799999,73.32,183.29,1,0.4,0.0,D2,D5,Tier 4 (D2 Profit or Frequency),False,False,False,Subscription,Other,False,1,2024-02-25 16:00:00+00:00,2024-02,2024
7927412392191,73.32,183.29,1,0.4,0.0,D2,D3,Tier 4 (D2 Profit or Frequency),False,False,False,Paid Social,Lean Protein,False,2,2025-03-26 16:00:00+00:00,2025-03,2025
7756017107199,73.24,188.55,2,0.38842815814850534,0.0,D2,D2,Tier 4 (D2 Profit or Frequency),False,False,False,Direct / Organic,Unknown,False,1,2022-08-26 16:00:00+00:00,2022-08,2022
7870756061439,73.12,169.92,2,0.43034369114877585,0.0,D2,D1,Tier 3 (D1 Frequency Only),False,True,False,Subscription,Lean Protein,True,2,2025-03-04 16:00:00+00:00,2025-03,2025
8702918426879,72.69,103.5,2,0.7023188405797102,1.0,D2,D1,Tier 3 (D1 Frequency Only),False,True,False,Subscription,Lean Protein,True,1,2026-01-18 16:00:00+00:00,2026-01,2026
7756395020543,72.68,151.42,1,0.47998719180275373,0.0,D2,D4,Tier 4 (D2 Profit or Frequency),False,False,False,Direct / Organic,Other,False,1,2024-03-27 16:00:00+00:00,2024-03,2024
7756407341311,72.65,153.18,1,0.47429328796660797,0.0,D2,D4,Tier 4 (D2 Profit or Frequency),False,False,False,Direct / Organic,Collagen Glow,False,1,2024-02-08 16:00:00+00:00,2024-02,2024
6328308859135,72.63,174.9,3,0.41525443110348775,0.0,D2,D1,Tier 3 (D1 Frequency Only),False,True,False,Subscription,Other,True,2,2023-03-10 16:00:00+00:00,2023-03,2023
7970493825279,72.6,186.5,2,0.38927613941018774,0.0,D2,D1,Tier 3 (D1 Frequency Only),False,True,False,Direct / Organic,Lean Protein,True,2,2025-04-20 16:00:00+00:00,2025-04,2025
8712672116991,72.52,107.82,2,0.6726024856241885,1.0,D2,D1,Tier 3 (D1 Frequency Only),False,True,False,Subscription,Lean Protein,True,1,2026-01-23 16:00:00+00:00,2026-01,2026
8144255942911,72.46,91.07,2,0.795695618754804,0.6786034019695613,D2,D1,Tier 3 (D1 Frequency Only),False,True,False,Subscription,Soy Protein,True,1,2025-06-19 16:00:00+00:00,2025-06,2025
7756460294399,72.34,153.72,2,0.4705943580341831,0.0,D2,D1,Tier 3 (D1 Frequency Only),False,True,False,Direct / Organic,Unknown,True,3,2024-08-26 16:00:00+00:00,2024-08,2024
6532515594495,72.33,180.82,1,0.4,0.0,D2,D5,Tier 4 (D2 Profit or Frequency),False,False,False,Direct / Organic,Unknown,False,1,2022-06-05 16:00:00+00:00,2022-06,2022
8712179876095,72.15,107.73,3,0.6697298802561961,1.0,D2,D1,Tier 3 (D1 Frequency Only),False,True,False,Subscription,Collagen Glow,True,1,2026-01-23 16:00:00+00:00,2026-01,2026
6327515873535,72.08,184.41,3,0.39086817417710545,0.0,D2,D1,Tier 3 (D1 Frequency Only),False,True,False,Subscription,Unknown,False,2,2022-02-13 16:00:00+00:00,2022-02,2022
7756008030463,72.02,190.97,4,0.37715011107584895,0.0,D2,D1,Tier 3 (D1 Frequency Only),False,True,False,Direct / Organic,Unknown,False,2,2022-01-28 16:00:00+00:00,2022-01,2022
8841867395327,71.95,89.87,1,0.8006008679203293,1.0,D2,D2,Tier 4 (D2 Profit or Frequency),False,False,False,Direct / Organic,Clear Protein,False,2,2026-03-11 16:00:00+00:00,2026-03,2026
6329603490047,71.92,145.19,1,0.495350919484813,0.0,D2,D5,Tier 4 (D2 Profit or Frequency),False,False,False,Subscription,Other,False,1,2023-01-15 16:00:00+00:00,2023-01,2023
6390669017343,71.92,153.64,2,0.46810726373340283,0.0,D2,D2,Tier 4 (D2 Profit or Frequency),False,False,False,Subscription,Other,False,1,2022-10-25 16:00:00+00:00,2022-10,2022
6477783892223,71.92,145.19,1,0.495350919484813,0.0,D2,D5,Tier 4 (D2 Profit or Frequency),False,False,False,Subscription,Other,False,1,2023-01-12 16:00:00+00:00,2023-01,2023
8800401391871,71.89,104.59,2,0.6873506071326131,1.0,D2,D1,Tier 3 (D1 Frequency Only),False,True,False,Direct / Organic,Lean Protein,True,1,2026-02-23 16:00:00+00:00,2026-02,2026
7476574650623,71.88,155.74,2,0.46156414537048923,0.0,D2,D2,Tier 4 (D2 Profit or Frequency),False,False,False,Subscription,Clear Protein,False,3,2024-08-31 16:00:00+00:00,2024-09,2024
6648608686335,71.88,183.51,2,0.3916952754618277,0.0,D2,D2,Tier 4 (D2 Profit or Frequency),False,False,False,Subscription,Other,False,1,2023-09-24 16:00:00+00:00,2023-09,2023
7136674087167,71.88,189.5,2,0.3793139841688654,0.0,D2,D2,Tier 4 (D2 Profit or Frequency),False,False,False,Subscription,Other,False,1,2024-03-19 16:00:00+00:00,2024-03,2024
7470529708287,71.88,134.77,1,0.5333531201305928,0.0,D2,D5,Tier 4 (D2 Profit or Frequency),False,False,False,Subscription,Lean Protein,False,2,2024-08-28 16:00:00+00:00,2024-08,2024
7475348308223,71.88,125.79,1,0.5714285714285714,0.0,D2,D5,Tier 4 (D2 Profit or Frequency),False,False,False,Subscription,Other,False,2,2024-08-30 16:00:00+00:00,2024-08,2024
7475360497919,71.88,125.79,2,0.5714285714285714,0.0,D2,D2,Tier 4 (D2 Profit or Frequency),False,False,False,Subscription,Clear Protein,False,1,2024-08-30 16:00:00+00:00,2024-08,2024
7515696890111,71.88,160.64,2,0.4474601593625498,0.0,D2,D2,Tier 4 (D2 Profit or Frequency),False,False,False,Subscription,Lean Protein,False,1,2024-09-23 16:00:00+00:00,2024-09,2024
7519112855807,71.88,125.79,1,0.5714285714285714,0.0,D2,D5,Tier 4 (D2 Profit or Frequency),False,False,False,Subscription,Other,False,1,2024-09-26 16:00:00+00:00,2024-09,2024
7522002174207,71.88,166.63,2,0.43137490247854526,0.0,D2,D2,Tier 4 (D2 Profit or Frequency),False,False,False,Subscription,Lean Protein,False,1,2024-09-28 16:00:00+00:00,2024-09,2024
8147962560767,71.88,182.0,1,0.39494505494505494,0.0,D2,D3,Tier 4 (D2 Profit or Frequency),False,False,False,Direct / Organic,Lean Protein,False,1,2025-06-20 16:00:00+00:00,2025-06,2025
6592949715199,71.84,161.64,1,0.44444444444444453,0.0,D2,D5,Tier 4 (D2 Profit or Frequency),False,False,False,Subscription,Collagen Glow,False,3,2023-03-04 16:00:00+00:00,2023-03,2023
6976895189247,71.84,181.51,2,0.39579086551705145,0.0,D2,D2,Tier 4 (D2 Profit or Frequency),False,False,False,Subscription,Other,False,1,2024-01-03 16:00:00+00:00,2024-01,2024
7482746601727,71.84,161.64,1,0.44444444444444453,0.0,D2,D5,Tier 4 (D2 Profit or Frequency),False,False,False,Subscription,Other,False,1,2024-09-04 16:00:00+00:00,2024-09,2024
6329857638655,71.76,125.58,1,0.5714285714285715,0.0,D2,D5,Tier 4 (D2 Profit or Frequency),False,False,False,Subscription,Other,False,1,2024-05-26 16:00:00+00:00,2024-05,2024
7089768923391,71.76,154.4,2,0.4647668393782384,0.0,D2,D2,Tier 4 (D2 Profit or Frequency),False,False,False,Subscription,Other,False,1,2024-02-20 16:00:00+00:00,2024-02,2024
8710500319487,71.73,107.54,1,0.6670076250697415,1.0,D2,D2,Tier 4 (D2 Profit or Frequency),False,False,False,Direct / Organic,Lean Protein,False,1,2026-01-22 16:00:00+00:00,2026-01,2026
8415963611391,71.54,93.9,1,0.7618743343982959,1.0,D2,D2,Tier 4 (D2 Profit or Frequency),False,False,False,Direct / Organic,Other,False,2,2025-10-14 16:00:00+00:00,2025-10,2025
7264693223679,71.52,160.92,1,0.44444444444444453,0.0,D2,D5,Tier 4 (D2 Profit or Frequency),False,False,False,Subscription,Other,False,2,2024-05-04 16:00:00+00:00,2024-05,2024
7305996370175,71.52,125.16,1,0.5714285714285715,0.0,D2,D5,Tier 4 (D2 Profit or Frequency),False,False,False,Subscription,Clear Protein,False,3,2024-05-26 16:00:00+00:00,2024-05,2024
8701271113983,71.5,107.82,2,0.6631422741606381,1.0,D2,D1,Tier 3 (D1 Frequency Only),False,True,False,Subscription,Lean Protein,True,1,2026-01-17 16:00:00+00:00,2026-01,2026
8757996159231,71.5,107.82,1,0.6631422741606381,1.0,D2,D2,Tier 4 (D2 Profit or Frequency),False,False,False,Direct / Organic,Lean Protein,False,1,2026-02-04 16:00:00+00:00,2026-02,2026
8821302821119,71.5,107.82,1,0.6631422741606381,1.0,D2,D2,Tier 4 (D2 Profit or Frequency),False,False,False,Direct / Organic,Lean Protein,False,1,2026-03-03 16:00:00+00:00,2026-03,2026
8438245097727,71.45,152.06,1,0.4698671577009076,0.13376298829409444,D2,D2,Tier 4 (D2 Profit or Frequency),False,False,False,Direct / Organic,Accessories,False,2,2025-10-18 16:00:00+00:00,2025-10,2025
6336648675583,71.44,170.51,3,0.4189783590405255,0.0,D2,D1,Tier 3 (D1 Frequency Only),False,True,False,Subscription,Other,False,3,2024-01-20 16:00:00+00:00,2024-01,2024
7756180357375,71.42,99.15,1,0.7203227433182047,1.0,D2,D4,Tier 4 (D2 Profit or Frequency),False,False,False,Email,Lean Protein,False,2,2026-02-23 16:00:00+00:00,2026-02,2026
8343051698431,71.4,131.7,1,0.5421412300683373,0.13355263157894737,D2,D3,Tier 4 (D2 Profit or Frequency),False,False,False,Direct / Organic,Clear Protein,False,2,2025-09-22 16:00:00+00:00,2025-09,2025
8329648210175,71.35,83.5,1,0.8544910179640718,1.0,D2,D3,Tier 4 (D2 Profit or Frequency),False,False,False,Direct / Organic,Accessories,False,2,2025-09-14 16:00:00+00:00,2025-09,2025
7756034146559,71.35,189.27,3,0.3769452449567723,0.0,D2,D1,Tier 3 (D1 Frequency Only),False,True,False,Direct / Organic,Unknown,False,2,2022-05-19 16:00:00+00:00,2022-05,2022
8260054483199,71.31,86.1,2,0.8282229965156795,0.4736842105263158,D2,D1,Tier 3 (D1 Frequency Only),False,True,False,Direct / Organic,Clear Protein,True,1,2025-08-15 16:00:00+00:00,2025-08,2025
6698931585279,71.24,177.9,4,0.40044969083754917,0.0,D2,D1,Tier 3 (D1 Frequency Only),False,True,False,Subscription,Other,True,2,2023-08-09 16:00:00+00:00,2023-08,2023
8795253014783,71.24,98.99,1,0.7196686533993334,1.0,D2,D2,Tier 4 (D2 Profit or Frequency),False,False,False,Direct / Organic,Lean Protein,False,2,2026-02-21 16:00:00+00:00,2026-02,2026
7756421497087,71.22,128.72,2,0.5533477728599681,0.0,D2,D1,Tier 3 (D1 Frequency Only),False,True,False,Direct / Organic,Lean Protein,False,4,2024-04-25 16:00:00+00:00,2024-04,2024
8242647171327,71.2,129.03,2,0.5518251569402465,0.4591721330015834,D2,D1,Tier 3 (D1 Frequency Only),False,True,False,Subscription,Clear Protein,True,2,2025-08-06 16:00:00+00:00,2025-08,2025
6328249286911,71.18,179.91,3,0.39562003223834136,0.0,D2,D1,Tier 3 (D1 Frequency Only),False,True,False,Subscription,Unknown,False,3,2022-03-19 16:00:00+00:00,2022-03,2022
6329687212287,71.16,142.32,1,0.5,0.0,D2,D5,Tier 4 (D2 Profit or Frequency),False,False,False,Subscription,Clear Protein,False,2,2024-03-30 16:00:00+00:00,2024-03,2024
7075370729727,71.16,125.92,2,0.5651207115628971,0.0,D2,D2,Tier 4 (D2 Profit or Frequency),False,False,False,Subscription,Clear Protein,False,2,2024-02-16 16:00:00+00:00,2024-02,2024
7756040896767,71.15,183.33,2,0.3880987801249628,0.0,D2,D1,Tier 3 (D1 Frequency Only),False,True,False,Direct / Organic,Unknown,False,1,2022-03-02 16:00:00+00:00,2022-03,2022
8787345572095,71.08,98.85,1,0.7190692969145172,1.0,D2,D2,Tier 4 (D2 Profit or Frequency),False,False,False,Direct / Organic,Lean Protein,False,2,2026-02-17 16:00:00+00:00,2026-02,2026
8325623087359,71.04,131.6,1,0.5398480243161095,0.0,D2,D3,Tier 4 (D2 Profit or Frequency),False,False,False,Direct / Organic,Other,False,3,2025-09-12 16:00:00+00:00,2025-09,2025
7756001804543,70.82,154.15,4,0.45943778258305484,0.0,D2,D1,Tier 3 (D1 Frequency Only),False,True,False,Direct / Organic,Unknown,False,3,2022-04-12 16:00:00+00:00,2022-04,2022
7056242082047,70.8,117.95,2,0.6002543450614669,0.0,D2,D2,Tier 4 (D2 Profit or Frequency),False,False,False,Subscription,Clear Protein,False,1,2024-02-06 16:00:00+00:00,2024-02,2024
7125851439359,70.8,145.5,2,0.48659793814433,0.0,D2,D2,Tier 4 (D2 Profit or Frequency),False,False,False,Subscription,Clear Protein,False,1,2024-03-13 16:00:00+00:00,2024-03,2024
7141155700991,70.8,168.15,1,0.4210526315789474,0.0,D2,D5,Tier 4 (D2 Profit or Frequency),False,False,False,Subscription,Clear Protein,False,1,2024-03-20 16:00:00+00:00,2024-03,2024
7202402926847,70.8,150.45,1,0.47058823529411775,0.0,D2,D5,Tier 4 (D2 Profit or Frequency),False,False,False,Subscription,Clear Protein,False,1,2024-04-15 16:00:00+00:00,2024-04,2024
7252598948095,70.8,137.65,1,0.5143479840174355,0.0,D2,D5,Tier 4 (D2 Profit or Frequency),False,False,False,Subscription,Clear Protein,False,1,2024-04-27 16:00:00+00:00,2024-04,2024
7321657475327,70.8,155.35,2,0.4557450917283554,0.0,D2,D2,Tier 4 (D2 Profit or Frequency),False,False,False,Subscription,Clear Protein,False,1,2024-06-04 16:00:00+00:00,2024-06,2024
7307052122367,70.8,123.9,1,0.5714285714285714,0.0,D2,D5,Tier 4 (D2 Profit or Frequency),False,False,False,Subscription,Clear Protein,False,1,2024-05-26 16:00:00+00:00,2024-05,2024
8037819154687,70.76,159.21,1,0.4444444444444445,0.0,D2,D3,Tier 4 (D2 Profit or Frequency),False,False,False,Direct / Organic,Clear Protein,False,2,2025-05-11 16:00:00+00:00,2025-05,2025
6328304304383,70.63,176.57,1,0.4,0.0,D2,D5,Tier 4 (D2 Profit or Frequency),False,False,False,Subscription,Unknown,False,1,2022-03-17 16:00:00+00:00,2022-03,2022
8371571982591,70.6,87.44,1,0.8074107959743824,1.0,D2,D2,Tier 4 (D2 Profit or Frequency),False,False,False,Direct / Organic,Clear Protein,False,1,2025-10-07 16:00:00+00:00,2025-10,2025
7756484772095,70.54,127.3,2,0.5541059076129131,0.43478833515757354,D2,D1,Tier 3 (D1 Frequency Only),False,True,False,Direct / Organic,Accessories,False,3,2024-12-11 16:00:00+00:00,2024-12,2024
6423604887807,70.48,181.1,1,0.3891772501380453,0.0,D2,D5,Tier 4 (D2 Profit or Frequency),False,False,False,Subscription,Unknown,False,1,2022-02-10 16:00:00+00:00,2022-02,2022
7756048236799,70.42,181.5,2,0.38797916388406567,0.0,D2,D1,Tier 3 (D1 Frequency Only),False,True,False,Direct / Organic,Unknown,False,1,2022-01-06 16:00:00+00:00,2022-01,2022
8337920524543,70.24,84.8,1,0.8283018867924528,1.0,D2,D3,Tier 4 (D2 Profit or Frequency),False,False,False,Direct / Organic,Other,False,1,2025-09-19 16:00:00+00:00,2025-09,2025
7756016812287,70.13,175.32,2,0.4000000000000001,0.0,D2,D2,Tier 4 (D2 Profit or Frequency),False,False,False,Direct / Organic,Unknown,False,1,2022-02-16 16:00:00+00:00,2022-02,2022
7756468355327,70.04,122.56,1,0.5714285714285715,0.0,D2,D4,Tier 4 (D2 Profit or Frequency),False,False,False,Direct / Organic,Clear Protein,False,2,2024-09-27 16:00:00+00:00,2024-09,2024
8477606019327,70.0,90.75,1,0.7713498622589532,1.0,D2,D2,Tier 4 (D2 Profit or Frequency),False,False,False,Direct / Organic,Lean Protein,False,1,2025-10-26 16:00:00+00:00,2025-10,2025
8714975674623,69.92,148.9,1,0.4695768972464741,0.13364674278038952,D2,D2,Tier 4 (D2 Profit or Frequency),False,False,False,Direct / Organic,Clear Protein,False,2,2026-01-24 16:00:00+00:00,2026-01,2026
8123952955647,69.85,119.57,2,0.5841766329346826,0.4647013188518231,D2,D1,Tier 3 (D1 Frequency Only),False,True,False,Direct / Organic,Clear Protein,False,2,2025-06-10 16:00:00+00:00,2025-06,2025
7919433187583,69.76,174.4,2,0.4000000000000001,0.0,D2,D1,Tier 3 (D1 Frequency Only),False,True,False,Direct / Organic,Accessories,False,3,2025-03-22 16:00:00+00:00,2025-03,2025
7829412086015,69.75,174.36,1,0.4,0.0,D2,D3,Tier 4 (D2 Profit or Frequency),False,False,False,Direct / Organic,Other,False,1,2023-02-09 16:00:00+00:00,2023-02,2023
8665323438335,69.7,94.92,1,0.7343025705857564,1.0,D2,D2,Tier 4 (D2 Profit or Frequency),False,False,False,Direct / Organic,Clear Protein,False,2,2026-01-01 16:00:00+00:00,2026-01,2026
8304218046719,69.64,120.4,2,0.5783887043189369,0.4662548262548263,D2,D1,Tier 3 (D1 Frequency Only),False,True,False,Subscription,Accessories,True,2,2025-09-03 16:00:00+00:00,2025-09,2025
6327399678207,69.59,109.29,2,0.6367645713240004,0.0,D2,D2,Tier 4 (D2 Profit or Frequency),False,False,False,Subscription,Unknown,False,2,2022-05-18 16:00:00+00:00,2022-05,2022
7875433824511,69.56,173.9,2,0.4,0.0,D2,D1,Tier 3 (D1 Frequency Only),False,True,False,Direct / Organic,Other,False,2,2025-02-24 16:00:00+00:00,2025-02,2025
7756437750015,69.55,161.94,2,0.42951069993038876,0.0,D2,D1,Tier 3 (D1 Frequency Only),False,True,False,Direct / Organic,Clear Protein,False,3,2024-06-18 16:00:00+00:00,2024-06,2024
6423224484095,69.54,178.76,1,0.38903557842917885,0.0,D2,D5,Tier 4 (D2 Profit or Frequency),False,False,False,Subscription,Unknown,False,1,2022-08-31 16:00:00+00:00,2022-09,2022
8306218533119,69.52,129.0,1,0.5389147286821706,0.0,D2,D3,Tier 4 (D2 Profit or Frequency),False,False,False,Affiliate,Other,False,3,2025-09-04 16:00:00+00:00,2025-09,2025
7756428509439,69.42,139.94,5,0.4960926131245237,0.0,D2,D1,Tier 3 (D1 Frequency Only),False,True,False,Subscription,Collagen Glow,True,4,2024-05-21 16:00:00+00:00,2024-05,2024
7755953963263,69.18,172.95,1,0.4,0.0,D2,D5,Tier 4 (D2 Profit or Frequency),False,False,False,Direct / Organic,Unknown,False,1,2022-01-03 16:00:00+00:00,2022-01,2022
8120812536063,69.16,160.61,2,0.4306083058340078,0.0,D2,D1,Tier 3 (D1 Frequency Only),False,True,False,Direct / Organic,Lean Protein,False,1,2025-06-09 16:00:00+00:00,2025-06,2025
7168908230911,69.12,173.25,3,0.3989379509379509,0.0,D2,D1,Tier 3 (D1 Frequency Only),False,True,False,Subscription,Clear Protein,False,4,2024-04-03 16:00:00+00:00,2024-04,2024
7756239372543,69.1,91.59,1,0.7544491756742001,1.0,D2,D4,Tier 4 (D2 Profit or Frequency),False,False,False,Direct / Organic,Clear Protein,False,2,2026-01-27 16:00:00+00:00,2026-01,2026
7756405211391,69.05,147.6,1,0.46784922394678496,0.0,D2,D4,Tier 4 (D2 Profit or Frequency),False,False,False,Direct / Organic,Other,False,1,2024-01-29 16:00:00+00:00,2024-01,2024
7755916050687,68.97,196.67,2,0.3506941341427713,0.0,D2,D2,Tier 4 (D2 Profit or Frequency),False,False,False,Direct / Organic,Unknown,False,1,2022-04-18 16:00:00+00:00,2022-04,2022
8327681605887,68.93,74.0,1,0.9314864864864866,1.0,D2,D3,Tier 4 (D2 Profit or Frequency),False,False,False,Direct / Organic,Accessories,False,2,2025-09-13 16:00:00+00:00,2025-09,2025
8329594667263,68.93,74.0,1,0.9314864864864866,1.0,D2,D3,Tier 4 (D2 Profit or Frequency),False,False,False,Direct / Organic,Accessories,False,2,2025-09-14 16:00:00+00:00,2025-09,2025
8337828905215,68.93,74.0,1,0.9314864864864866,1.0,D2,D3,Tier 4 (D2 Profit or Frequency),False,False,False,Paid Social,Accessories,False,2,2025-09-19 16:00:00+00:00,2025-09,2025
8718699757823,68.93,88.9,1,0.7753655793025872,1.0,D2,D2,Tier 4 (D2 Profit or Frequency),False,False,False,Direct / Organic,Clear Protein,False,2,2026-01-26 16:00:00+00:00,2026-01,2026
8891214725375,68.91,104.72,1,0.6580404889228418,1.0,D2,D2,Tier 4 (D2 Profit or Frequency),False,False,False,Subscription,Lean Protein,True,1,2026-03-26 16:00:00+00:00,2026-03,2026
7673187434751,68.73,151.92,1,0.45239599789362833,0.0,D2,D5,Tier 4 (D2 Profit or Frequency),False,False,False,Subscription,Lean Protein,True,5,2024-12-01 16:00:00+00:00,2024-12,2024
7756420317439,68.73,168.82,2,0.40710823909531507,0.0,D2,D1,Tier 3 (D1 Frequency Only),False,True,False,Direct / Organic,Clear Protein,False,1,2024-04-21 16:00:00+00:00,2024-04,2024
7756468945151,68.73,113.91,1,0.6033519553072626,0.0,D2,D4,Tier 4 (D2 Profit or Frequency),False,False,False,Direct / Organic,Lean Protein,False,2,2024-09-28 16:00:00+00:00,2024-09,2024
7756469240063,68.73,113.91,1,0.6033519553072626,0.0,D2,D4,Tier 4 (D2 Profit or Frequency),False,False,False,Direct / Organic,Clear Protein,False,2,2024-09-29 16:00:00+00:00,2024-09,2024
8868033036543,68.71,105.03,1,0.6541940397981529,1.0,D2,D2,Tier 4 (D2 Profit or Frequency),False,False,False,Paid Social,Lean Protein,False,1,2026-03-21 16:00:00+00:00,2026-03,2026
8079432679679,68.55,124.2,2,0.5519323671497586,0.5,D2,D1,Tier 3 (D1 Frequency Only),False,True,False,Subscription,Clear Protein,True,1,2025-05-25 16:00:00+00:00,2025-05,2025
8071788527871,68.52,154.17,1,0.4444444444444445,0.0,D2,D3,Tier 4 (D2 Profit or Frequency),False,False,False,Direct / Organic,Other,False,3,2025-05-22 16:00:00+00:00,2025-05,2025
8474707689727,68.26,78.12,1,0.8737839221710187,1.0,D2,D2,Tier 4 (D2 Profit or Frequency),False,False,False,Direct / Organic,Clear Protein,False,1,2025-10-24 16:00:00+00:00,2025-10,2025
8799977931007,68.23,104.55,2,0.6526064084170253,1.0,D2,D1,Tier 3 (D1 Frequency Only),False,True,False,Subscription,Lean Protein,True,1,2026-02-23 16:00:00+00:00,2026-02,2026
7756430737663,68.14,107.52,3,0.6337053571428571,0.9470007451564829,D2,D1,Tier 3 (D1 Frequency Only),False,True,False,Paid Social,Unknown,True,3,2025-04-08 16:00:00+00:00,2025-04,2025
6336631603455,67.88,169.11,2,0.40139554136360944,0.0,D2,D2,Tier 4 (D2 Profit or Frequency),False,False,False,Subscription,Other,False,1,2023-05-29 16:00:00+00:00,2023-05,2023
6773309407487,67.87,152.71,1,0.44445026520856523,0.0,D2,D5,Tier 4 (D2 Profit or Frequency),False,False,False,Subscription,Other,True,1,2023-08-12 16:00:00+00:00,2023-08,2023
6780370485503,67.84,169.6,1,0.4,0.0,D2,D5,Tier 4 (D2 Profit or Frequency),False,False,False,Subscription,Collagen Glow,True,1,2023-08-19 16:00:00+00:00,2023-08,2023
7756434899199,67.82,163.8,2,0.414038073742438,0.0,D2,D1,Tier 3 (D1 Frequency Only),False,True,False,Direct / Organic,Other,False,2,2024-06-06 16:00:00+00:00,2024-06,2024
7114650845439,67.6,153.72,3,0.4397345823575332,0.0,D2,D1,Tier 3 (D1 Frequency Only),False,True,False,Subscription,Clear Protein,True,2,2024-03-07 16:00:00+00:00,2024-03,2024
7582665900287,67.56,139.48,2,0.4843705190708345,0.0,D2,D2,Tier 4 (D2 Profit or Frequency),False,False,False,Subscription,Lean Protein,False,2,2024-10-27 16:00:00+00:00,2024-10,2024
6327505322239,67.52,160.36,1,0.4210526315789474,0.0,D2,D5,Tier 4 (D2 Profit or Frequency),False,False,False,Subscription,Other,False,2,2024-06-06 16:00:00+00:00,2024-06,2024
7968778813695,67.52,143.48,1,0.47058823529411775,0.0,D2,D3,Tier 4 (D2 Profit or Frequency),False,False,False,Direct / Organic,Collagen Glow,False,3,2025-04-19 16:00:00+00:00,2025-04,2025
8150025306367,67.52,151.92,1,0.44444444444444453,0.0,D2,D3,Tier 4 (D2 Profit or Frequency),False,False,False,Direct / Organic,Clear Protein,False,3,2025-06-21 16:00:00+00:00,2025-06,2025
8797495951615,67.47,100.66,1,0.6702761772302802,1.0,D2,D2,Tier 4 (D2 Profit or Frequency),False,False,False,Direct / Organic,Clear Protein,False,2,2026-02-22 16:00:00+00:00,2026-02,2026
7756263817471,67.33,131.25,2,0.5130336404146754,0.0,D2,D1,Tier 3 (D1 Frequency Only),False,True,False,Direct / Organic,Collagen Glow,False,2,2023-01-05 16:00:00+00:00,2023-01,2023
7252877705471,67.29,144.61,2,0.46533434755549413,0.0,D2,D2,Tier 4 (D2 Profit or Frequency),False,False,False,Subscription,Unknown,True,3,2024-04-28 16:00:00+00:00,2024-04,2024
6327515152639,67.18,154.88,3,0.43375516528925623,0.0,D2,D1,Tier 3 (D1 Frequency Only),False,True,False,Subscription,Unknown,True,2,2022-04-21 16:00:00+00:00,2022-04,2022
8160918765823,67.16,117.53,1,0.5714285714285714,0.0,D2,D3,Tier 4 (D2 Profit or Frequency),False,False,False,Direct / Organic,Clear Protein,False,2,2025-06-25 16:00:00+00:00,2025-06,2025
8226072887551,67.14,102.44,1,0.6554080437329168,1.0,D2,D3,Tier 4 (D2 Profit or Frequency),False,False,False,Subscription,Lean Protein,True,1,2026-03-10 16:00:00+00:00,2026-03,2026
8649011167487,67.08,93.42,1,0.7180475272960822,1.0,D2,D2,Tier 4 (D2 Profit or Frequency),False,False,False,Direct / Organic,Lean Protein,False,2,2025-12-24 16:00:00+00:00,2025-12,2025
8692036763903,67.08,90.88,1,0.7381161971830986,1.0,D2,D2,Tier 4 (D2 Profit or Frequency),False,False,False,Direct / Organic,Lean Protein,False,2,2026-01-13 16:00:00+00:00,2026-01,2026
6334064328959,67.02,167.55,1,0.4,0.0,D2,D5,Tier 4 (D2 Profit or Frequency),False,False,False,Subscription,Unknown,False,1,2022-03-02 16:00:00+00:00,2022-03,2022
6327732863231,66.96,177.2,3,0.37787810383747183,0.0,D2,D1,Tier 3 (D1 Frequency Only),False,True,False,Subscription,Unknown,True,1,2022-02-10 16:00:00+00:00,2022-02,2022
7756016189695,66.95,170.1,2,0.3935867745038658,0.0,D2,D2,Tier 4 (D2 Profit or Frequency),False,False,False,Direct / Organic,Unknown,False,1,2022-08-28 16:00:00+00:00,2022-08,2022
8311560995071,66.9,113.5,2,0.5894273127753304,0.7236714975845411,D2,D1,Tier 3 (D1 Frequency Only),False,True,False,Paid Social,Other,False,3,2025-09-07 16:00:00+00:00,2025-09,2025
8794176553215,66.87,91.91,1,0.7275595691437274,1.0,D2,D2,Tier 4 (D2 Profit or Frequency),False,False,False,Direct / Organic,Clear Protein,False,3,2026-02-20 16:00:00+00:00,2026-02,2026
8789804351743,66.66,91.7,1,0.7269356597600872,1.0,D2,D2,Tier 4 (D2 Profit or Frequency),False,False,False,Direct / Organic,Clear Protein,False,3,2026-02-18 16:00:00+00:00,2026-02,2026
8396561285375,66.56,64.64,1,1.0297029702970297,1.0,D2,D2,Tier 4 (D2 Profit or Frequency),False,False,False,Direct / Organic,Accessories,False,2,2025-10-12 16:00:00+00:00,2025-10,2025
8710576505087,66.54,93.9,1,0.7086261980830669,1.0,D2,D2,Tier 4 (D2 Profit or Frequency),False,False,False,Direct / Organic,Clear Protein,False,2,2026-01-22 16:00:00+00:00,2026-01,2026
7055525249279,66.54,166.34,1,0.4,0.0,D2,D5,Tier 4 (D2 Profit or Frequency),False,False,False,Subscription,Other,False,2,2024-02-06 16:00:00+00:00,2024-02,2024
7756035817727,66.46,174.34,3,0.3812278384203574,0.0,D2,D1,Tier 3 (D1 Frequency Only),False,True,False,Direct / Organic,Unknown,False,1,2022-03-12 16:00:00+00:00,2022-03,2022
6554631667967,66.42,152.99,5,0.43417216811556314,0.0,D2,D1,Tier 3 (D1 Frequency Only),False,True,False,Subscription,Unknown,True,2,2023-02-16 16:00:00+00:00,2023-02,2023
7756170002687,66.4,166.0,1,0.4,0.0,D2,D4,Tier 4 (D2 Profit or Frequency),False,False,False,Subscription,Other,True,2,2025-08-21 16:00:00+00:00,2025-08,2025
6479260352767,66.28,109.31,2,0.6063489159271795,0.0,D2,D2,Tier 4 (D2 Profit or Frequency),False,False,False,Subscription,Other,False,1,2022-12-18 16:00:00+00:00,2022-12,2022
6336684065023,66.18,165.44,2,0.4,0.0,D2,D2,Tier 4 (D2 Profit or Frequency),False,False,False,Subscription,Unknown,False,1,2022-01-19 16:00:00+00:00,2022-01,2022
8890334576895,66.12,102.44,1,0.6454509957048029,1.0,D2,D2,Tier 4 (D2 Profit or Frequency),False,False,False,Subscription,Lean Protein,True,1,2026-03-26 16:00:00+00:00,2026-03,2026
8676491591935,66.06,91.53,1,0.7217305801376598,1.0,D2,D2,Tier 4 (D2 Profit or Frequency),False,False,False,Direct / Organic,Other,False,2,2026-01-06 16:00:00+00:00,2026-01,2026
8335390179583,65.95,129.0,1,0.5112403100775194,0.13364674278038952,D2,D3,Tier 4 (D2 Profit or Frequency),False,False,False,Direct / Organic,Accessories,False,3,2025-09-18 16:00:00+00:00,2025-09,2025
7756409667839,65.94,155.58,3,0.42384082741695156,0.0,D2,D1,Tier 3 (D1 Frequency Only),False,True,False,Direct / Organic,Other,False,5,2024-02-29 16:00:00+00:00,2024-03,2024
7461546655999,65.92,156.81,2,0.4203813532300236,0.0,D2,D2,Tier 4 (D2 Profit or Frequency),False,False,False,Subscription,Soy Protein,False,3,2024-08-21 16:00:00+00:00,2024-08,2024
7756468486399,65.87,127.11,2,0.5181870847309736,0.0,D2,D1,Tier 3 (D1 Frequency Only),False,True,False,Direct / Organic,Lean Protein,True,2,2024-09-27 16:00:00+00:00,2024-09,2024
8366920139007,65.83,64.47,1,1.0210950829843337,1.0,D2,D2,Tier 4 (D2 Profit or Frequency),False,False,False,Direct / Organic,Accessories,False,2,2025-10-18 16:00:00+00:00,2025-10,2025
6327696097535,65.7,164.25,1,0.4,0.0,D2,D5,Tier 4 (D2 Profit or Frequency),False,False,False,Subscription,Unknown,False,1,2022-01-06 16:00:00+00:00,2022-01,2022
8820378665215,65.65,95.67,1,0.6862130239364482,1.0,D2,D2,Tier 4 (D2 Profit or Frequency),False,False,False,Direct / Organic,Lean Protein,False,2,2026-03-03 16:00:00+00:00,2026-03,2026
7955058655487,65.62,121.81,2,0.5387406616862327,0.5277428019810292,D2,D1,Tier 3 (D1 Frequency Only),False,True,False,Direct / Organic,Lean Protein,False,2,2025-04-10 16:00:00+00:00,2025-04,2025
7756037325055,65.6,164.0,3,0.39999999999999997,0.0,D2,D1,Tier 3 (D1 Frequency Only),False,True,False,Direct / Organic,Unknown,False,1,2022-03-22 16:00:00+00:00,2022-03,2022
8723271581951,65.55,80.11,1,0.8182499063787292,1.0,D2,D2,Tier 4 (D2 Profit or Frequency),False,False,False,Subscription,Clear Protein,True,2,2026-01-29 16:00:00+00:00,2026-01,2026
8831281823999,65.55,75.66,1,0.8663758921490881,1.0,D2,D2,Tier 4 (D2 Profit or Frequency),False,False,False,Subscription,Clear Protein,True,2,2026-03-07 16:00:00+00:00,2026-03,2026
7756005900543,65.49,163.73,2,0.4,0.0,D2,D2,Tier 4 (D2 Profit or Frequency),False,False,False,Direct / Organic,Unknown,False,2,2022-09-11 16:00:00+00:00,2022-09,2022
6334064951551,65.48,114.59,1,0.5714285714285714,0.0,D2,D5,Tier 4 (D2 Profit or Frequency),False,False,False,Subscription,Other,False,2,2024-05-26 16:00:00+00:00,2024-05,2024
7107881697535,65.45,163.62,1,0.4,0.0,D2,D5,Tier 4 (D2 Profit or Frequency),False,False,False,Subscription,Other,False,2,2024-03-02 16:00:00+00:00,2024-03,2024
7756362645759,65.41,147.16,1,0.4444444444444445,0.0,D2,D4,Tier 4 (D2 Profit or Frequency),False,False,False,Direct / Organic,Other,False,1,2023-06-01 16:00:00+00:00,2023-06,2023
7756362973439,65.41,138.07,1,0.4737073127907998,0.0,D2,D4,Tier 4 (D2 Profit or Frequency),False,False,False,Direct / Organic,Other,False,2,2023-06-05 16:00:00+00:00,2023-06,2023
7829327708415,65.4,166.21,3,0.39345420734542075,0.0,D2,D1,Tier 3 (D1 Frequency Only),False,True,False,Direct / Organic,Clear Protein,True,2,2025-01-16 16:00:00+00:00,2025-01,2025
8337895751935,65.13,70.8,1,0.9199152542372881,1.0,D2,D3,Tier 4 (D2 Profit or Frequency),False,False,False,Paid Social,Lean Protein,False,2,2025-09-20 16:00:00+00:00,2025-09,2025
7756043518207,65.11,157.0,3,0.4146924279565326,0.0,D2,D1,Tier 3 (D1 Frequency Only),False,True,False,Direct / Organic,Unknown,False,1,2022-02-12 16:00:00+00:00,2022-02,2022
8312861491455,65.06,153.55,1,0.42370563334418754,0.0,D2,D3,Tier 4 (D2 Profit or Frequency),False,False,False,Direct / Organic,Other,False,5,2025-09-08 16:00:00+00:00,2025-09,2025
8175629893887,65.0,64.61,1,1.0060362173038229,1.0,D2,D3,Tier 4 (D2 Profit or Frequency),False,False,False,Direct / Organic,Accessories,False,2,2025-09-21 16:00:00+00:00,2025-09,2025
8845556613375,64.95,89.92,1,0.72230871886121,1.0,D2,D2,Tier 4 (D2 Profit or Frequency),False,False,False,Paid Social,Clear Protein,False,2,2026-03-13 16:00:00+00:00,2026-03,2026
8350728290559,64.94,65.73,1,0.987981134945991,1.0,D2,D3,Tier 4 (D2 Profit or Frequency),False,False,False,Paid Social,Accessories,False,2,2025-09-27 16:00:00+00:00,2025-09,2025
7756486672639,64.91,162.27,5,0.4,0.0,D2,D1,Tier 3 (D1 Frequency Only),False,True,False,Subscription,Collagen Glow,True,1,2024-12-20 16:00:00+00:00,2024-12,2024
6329716637951,64.86,167.04,1,0.3882662835249042,0.0,D2,D5,Tier 4 (D2 Profit or Frequency),False,False,False,Subscription,Unknown,False,1,2022-01-03 16:00:00+00:00,2022-01,2022
7355300544767,64.84,181.19,7,0.3578553032076797,0.0,D2,D1,Tier 3 (D1 Frequency Only),False,True,False,Subscription,Other,True,1,2023-06-24 16:00:00+00:00,2023-06,2023
7756037718271,64.8,164.73,1,0.39337748344370854,0.0,D2,D4,Tier 4 (D2 Profit or Frequency),False,False,False,Direct / Organic,Unknown,False,1,2022-04-11 16:00:00+00:00,2022-04,2022
7756038275327,64.8,162.0,1,0.39999999999999997,0.0,D2,D4,Tier 4 (D2 Profit or Frequency),False,False,False,Direct / Organic,Unknown,False,1,2022-04-03 16:00:00+00:00,2022-04,2022
6327635181823,64.72,161.8,1,0.39999999999999997,0.0,D2,D5,Tier 4 (D2 Profit or Frequency),False,False,False,Subscription,Unknown,False,1,2022-01-14 16:00:00+00:00,2022-01,2022
6336758415615,64.72,161.79,2,0.4000000000000001,0.0,D2,D2,Tier 4 (D2 Profit or Frequency),False,False,False,Subscription,Unknown,False,1,2022-04-16 16:00:00+00:00,2022-04,2022
7583061606655,64.7,145.57,3,0.44443223191591674,0.0,D2,D1,Tier 3 (D1 Frequency Only),False,True,False,Subscription,Unknown,True,2,2024-10-27 16:00:00+00:00,2024-10,2024
7729333272831,64.69,161.73,3,0.4000000000000001,0.0,D2,D1,Tier 3 (D1 Frequency Only),False,True,False,Subscription,Lean Protein,True,1,2024-12-26 16:00:00+00:00,2024-12,2024
8117830811903,64.69,161.73,3,0.4000000000000001,0.0,D2,D1,Tier 3 (D1 Frequency Only),False,True,False,Subscription,Lean Protein,True,1,2025-06-08 16:00:00+00:00,2025-06,2025
6836180877567,64.67,161.68,1,0.4000000000000001,0.0,D2,D5,Tier 4 (D2 Profit or Frequency),False,False,False,Subscription,Other,False,1,2023-10-08 16:00:00+00:00,2023-10,2023
8807018856703,64.48,80.0,1,0.806,1.0,D2,D2,Tier 4 (D2 Profit or Frequency),False,False,False,Subscription,Collagen Glow,True,1,2026-02-25 16:00:00+00:00,2026-02,2026
7756037488895,64.23,172.7,2,0.3719258843346435,0.0,D2,D1,Tier 3 (D1 Frequency Only),False,True,False,Direct / Organic,Unknown,False,1,2022-03-02 16:00:00+00:00,2022-03,2022
8784016179455,64.23,84.58,2,0.7593993851974463,1.0,D2,D1,Tier 3 (D1 Frequency Only),False,True,False,Direct / Organic,Clear Protein,True,2,2026-02-15 16:00:00+00:00,2026-02,2026
7756406522111,64.19,123.23,2,0.5209265725667633,0.0,D2,D1,Tier 3 (D1 Frequency Only),False,True,False,Direct / Organic,Other,False,2,2024-02-04 16:00:00+00:00,2024-02,2024
7756430180607,64.18,120.78,2,0.531413087113609,0.0,D2,D1,Tier 3 (D1 Frequency Only),False,True,False,Direct / Organic,Other,False,3,2024-05-26 16:00:00+00:00,2024-05,2024
7756467208447,64.15,160.36,2,0.4,0.0,D2,D1,Tier 3 (D1 Frequency Only),False,True,False,Subscription,Clear Protein,True,1,2024-09-25 16:00:00+00:00,2024-09,2024
7756007702783,64.08,150.52,2,0.42575345775200835,0.0,D2,D2,Tier 4 (D2 Profit or Frequency),False,False,False,Direct / Organic,Other,True,2,2022-10-22 16:00:00+00:00,2022-10,2022
6348036178175,64.0,96.0,1,0.6666250000000001,0.0,D2,D5,Tier 4 (D2 Profit or Frequency),False,False,False,Subscription,Other,False,1,2022-09-21 16:00:00+00:00,2022-09,2022
7955250249983,63.98,159.74,2,0.4005258545135846,0.0,D2,D1,Tier 3 (D1 Frequency Only),False,True,False,Direct / Organic,Lean Protein,False,5,2025-04-10 16:00:00+00:00,2025-04,2025
7756415205631,63.96,127.93,1,0.5,0.0,D2,D4,Tier 4 (D2 Profit or Frequency),False,False,False,Direct / Organic,Accessories,False,3,2024-03-29 16:00:00+00:00,2024-03,2024
8326961922303,63.95,126.64,1,0.5049589387239419,0.0,D2,D3,Tier 4 (D2 Profit or Frequency),False,False,False,Direct / Organic,Clear Protein,False,3,2025-09-13 16:00:00+00:00,2025-09,2025
7427649962239,63.92,169.6,2,0.37688679245283024,0.0,D2,D2,Tier 4 (D2 Profit or Frequency),False,False,False,Subscription,Other,False,1,2024-08-03 16:00:00+00:00,2024-08,2024
6327552540927,63.92,169.6,2,0.3768867924528302,0.0,D2,D2,Tier 4 (D2 Profit or Frequency),False,False,False,Subscription,Unknown,False,1,2022-04-03 16:00:00+00:00,2022-04,2022
7113347105023,63.88,153.62,2,0.4158312719697956,0.0,D2,D2,Tier 4 (D2 Profit or Frequency),False,False,False,Subscription,Other,False,3,2024-03-05 16:00:00+00:00,2024-03,2024
6549652734207,63.84,143.64,1,0.44444444444444453,0.0,D2,D5,Tier 4 (D2 Profit or Frequency),False,False,False,Subscription,Other,False,1,2023-02-12 16:00:00+00:00,2023-02,2023
6588193865983,63.84,149.45,2,0.42716627634660426,0.0,D2,D2,Tier 4 (D2 Profit or Frequency),False,False,False,Subscription,Collagen Glow,False,1,2023-03-01 16:00:00+00:00,2023-03,2023
8839905706239,63.84,105.55,2,0.6048318332543817,1.0,D2,D1,Tier 3 (D1 Frequency Only),False,True,False,Direct / Organic,Accessories,False,2,2026-03-10 16:00:00+00:00,2026-03,2026
8067328737535,63.8,143.55,1,0.4444444444444444,0.0,D2,D3,Tier 4 (D2 Profit or Frequency),False,False,False,Affiliate,Other,False,3,2025-05-26 16:00:00+00:00,2025-05,2025
8286057464063,63.56,158.9,1,0.4,0.0,D2,D3,Tier 4 (D2 Profit or Frequency),False,False,False,Direct / Organic,Other,False,2,2025-08-23 16:00:00+00:00,2025-08,2025
8115042943231,63.52,142.92,1,0.44444444444444453,0.0,D2,D3,Tier 4 (D2 Profit or Frequency),False,False,False,Direct / Organic,Other,False,2,2025-06-07 16:00:00+00:00,2025-06,2025
8427522457855,63.52,113.0,1,0.5621238938053098,0.14973664409330323,D2,D2,Tier 4 (D2 Profit or Frequency),False,False,False,Direct / Organic,Lean Protein,False,2,2025-10-15 16:00:00+00:00,2025-10,2025
6423596663039,63.49,163.62,1,0.3880210243246547,0.0,D2,D5,Tier 4 (D2 Profit or Frequency),False,False,False,Subscription,Unknown,False,1,2022-03-25 16:00:00+00:00,2022-03,2022
8446136254719,63.34,77.85,1,0.8136159280667952,1.0,D2,D2,Tier 4 (D2 Profit or Frequency),False,False,False,Direct / Organic,Clear Protein,False,2,2025-10-26 16:00:00+00:00,2025-10,2025
8697064423679,63.31,87.93,1,0.7200045490731263,1.0,D2,D2,Tier 4 (D2 Profit or Frequency),False,False,False,Direct / Organic,Lean Protein,False,2,2026-01-15 16:00:00+00:00,2026-01,2026
7991992877311,63.2,183.2,1,0.34497816593886466,0.0,D2,D3,Tier 4 (D2 Profit or Frequency),False,False,False,Direct / Organic,Other,False,2,2025-04-30 16:00:00+00:00,2025-05,2025
7136595673343,63.16,136.85,2,0.46152721958348564,0.0,D2,D2,Tier 4 (D2 Profit or Frequency),False,False,False,Subscription,Other,False,2,2024-03-17 16:00:00+00:00,2024-03,2024
7159798726911,63.16,150.0,1,0.4210666666666667,0.0,D2,D5,Tier 4 (D2 Profit or Frequency),False,False,False,Subscription,Collagen Glow,False,2,2024-04-01 16:00:00+00:00,2024-04,2024
8303876473087,63.16,138.0,1,0.45768115942028986,0.0,D2,D3,Tier 4 (D2 Profit or Frequency),False,False,False,Direct / Organic,Accessories,False,2,2025-09-03 16:00:00+00:00,2025-09,2025
8344497946879,63.14,76.07,1,0.8300249769948732,1.0,D2,D3,Tier 4 (D2 Profit or Frequency),False,False,False,Direct / Organic,Accessories,False,2,2025-09-23 16:00:00+00:00,2025-09,2025
8244140081407,62.94,157.35,2,0.39999999999999997,0.0,D2,D1,Tier 3 (D1 Frequency Only),False,True,False,Paid Social,Lean Protein,False,1,2025-08-08 16:00:00+00:00,2025-08,2025
8902232310015,62.92,65.86,1,0.9553598542362588,1.0,D2,D2,Tier 4 (D2 Profit or Frequency),False,False,False,Direct / Organic,Accessories,False,2,2026-03-29 16:00:00+00:00,2026-03,2026
8349350920447,62.8,97.94,1,0.6411680620788238,0.23609702831292412,D2,D3,Tier 4 (D2 Profit or Frequency),False,False,False,Paid Social,Other,False,3,2025-09-26 16:00:00+00:00,2025-09,2025
8763339538687,62.79,99.11,1,0.6335384925839975,1.0,D2,D2,Tier 4 (D2 Profit or Frequency),False,False,False,Subscription,Lean Protein,True,1,2026-02-07 16:00:00+00:00,2026-02,2026
7829327184127,62.55,97.59,1,0.6409058305154216,0.23608610567514673,D2,D3,Tier 4 (D2 Profit or Frequency),False,False,False,Direct / Organic,Accessories,False,3,2025-09-22 16:00:00+00:00,2025-09,2025
7756457541887,62.51,159.01,2,0.3931393680214509,0.0,D2,D1,Tier 3 (D1 Frequency Only),False,True,False,Direct / Organic,Clear Protein,False,2,2024-08-08 16:00:00+00:00,2024-08,2024
7869806838015,62.36,132.52,1,0.4706006640507093,0.0,D2,D3,Tier 4 (D2 Profit or Frequency),False,False,False,Subscription,Accessories,True,2,2025-02-23 16:00:00+00:00,2025-02,2025
7478289858815,62.28,130.66,2,0.4766875861013317,0.0,D2,D2,Tier 4 (D2 Profit or Frequency),False,False,False,Subscription,Clear Protein,True,2,2024-09-01 16:00:00+00:00,2024-09,2024
7735604707583,62.28,160.7,2,0.3875544492843809,0.0,D2,D2,Tier 4 (D2 Profit or Frequency),False,False,False,Subscription,Lean Protein,False,2,2024-12-30 16:00:00+00:00,2024-12,2024
7825248059647,62.28,132.34,1,0.470606014810337,0.0,D2,D4,Tier 4 (D2 Profit or Frequency),False,False,False,Direct / Organic,Lean Protein,False,2,2025-01-30 16:00:00+00:00,2025-01,2025
7252280738047,62.24,160.5,2,0.3877881619937695,0.0,D2,D2,Tier 4 (D2 Profit or Frequency),False,False,False,Subscription,Clear Protein,False,2,2024-04-27 16:00:00+00:00,2024-04,2024
7520123322623,62.24,108.92,1,0.5714285714285714,0.0,D2,D5,Tier 4 (D2 Profit or Frequency),False,False,False,Subscription,Other,False,2,2024-09-28 16:00:00+00:00,2024-09,2024
8621587202303,62.19,83.21,1,0.7473861314745824,1.0,D2,D2,Tier 4 (D2 Profit or Frequency),False,False,False,Direct / Organic,Accessories,False,2,2025-12-15 16:00:00+00:00,2025-12,2025
7755917885695,62.05,157.85,3,0.39308901729665396,0.0,D2,D1,Tier 3 (D1 Frequency Only),False,True,False,Direct / Organic,Unknown,False,1,2022-02-26 16:00:00+00:00,2022-02,2022
8343408869631,62.03,67.1,1,0.924441132637854,1.0,D2,D3,Tier 4 (D2 Profit or Frequency),False,False,False,Subscription,Accessories,True,2,2025-09-22 16:00:00+00:00,2025-09,2025
7755996463359,62.0,160.47,3,0.3864032934244817,0.0,D2,D1,Tier 3 (D1 Frequency Only),False,True,False,Direct / Organic,Unknown,True,2,2022-02-23 16:00:00+00:00,2022-02,2022
8358854361343,61.83,88.9,1,0.6955005624296963,1.0,D2,D3,Tier 4 (D2 Profit or Frequency),False,False,False,Direct / Organic,Clear Protein,False,2,2025-09-30 16:00:00+00:00,2025-10,2025
7756380176639,61.78,157.18,4,0.393059304388062,0.0,D2,D1,Tier 3 (D1 Frequency Only),False,True,False,Subscription,Other,True,2,2023-09-07 16:00:00+00:00,2023-09,2023
6716826288383,61.77,138.98,1,0.44444444444444453,0.0,D2,D5,Tier 4 (D2 Profit or Frequency),False,False,False,Direct / Organic,Other,False,2,2023-06-26 16:00:00+00:00,2023-06,2023
6327696425215,61.76,131.24,1,0.47061871380676623,0.0,D2,D5,Tier 4 (D2 Profit or Frequency),False,False,False,Subscription,Collagen Glow,True,3,2023-04-03 16:00:00+00:00,2023-04,2023
6327726637311,61.76,146.28,3,0.42220399234345096,0.0,D2,D1,Tier 3 (D1 Frequency Only),False,True,False,Subscription,Other,False,2,2024-03-28 16:00:00+00:00,2024-03,2024
7756396265727,61.76,154.4,2,0.4,0.0,D2,D1,Tier 3 (D1 Frequency Only),False,True,False,Subscription,Soy Protein,True,2,2023-12-14 16:00:00+00:00,2023-12,2023
7971533324543,61.74,151.4,1,0.4077939233817701,0.0,D2,D3,Tier 4 (D2 Profit or Frequency),False,False,False,Paid Social,Lean Protein,False,2,2025-04-21 16:00:00+00:00,2025-04,2025
8130705981695,61.64,154.1,2,0.4000000000000001,0.0,D2,D1,Tier 3 (D1 Frequency Only),False,True,False,Subscription,Clear Protein,True,2,2025-06-13 16:00:00+00:00,2025-06,2025
7756439585023,61.51,135.84,2,0.4527897311658849,0.0,D2,D1,Tier 3 (D1 Frequency Only),False,True,False,Subscription,Lean Protein,True,4,2024-06-27 16:00:00+00:00,2024-06,2024
7862649389311,61.45,130.58,1,0.4706080563639148,0.0,D2,D3,Tier 4 (D2 Profit or Frequency),False,False,False,Direct / Organic,Lean Protein,False,2,2025-02-23 16:00:00+00:00,2025-02,2025
6329641795839,61.43,153.58,1,0.39999999999999997,0.0,D2,D5,Tier 4 (D2 Profit or Frequency),False,False,False,Subscription,Unknown,False,1,2022-02-16 16:00:00+00:00,2022-02,2022
7756483952895,61.24,137.97,2,0.44390754964385576,0.0,D2,D1,Tier 3 (D1 Frequency Only),False,True,False,Direct / Organic,Accessories,False,1,2024-12-02 16:00:00+00:00,2024-12,2024
6424908759295,61.23,97.04,1,0.6309769167353668,1.0,D2,D5,Tier 4 (D2 Profit or Frequency),False,False,False,Subscription,Lean Protein,True,1,2026-02-04 16:00:00+00:00,2026-02,2026
8772284514559,61.23,97.04,1,0.6309769167353668,1.0,D2,D2,Tier 4 (D2 Profit or Frequency),False,False,False,Subscription,Lean Protein,True,1,2026-02-28 16:00:00+00:00,2026-03,2026
7307883872511,61.08,106.89,1,0.5714285714285715,0.0,D2,D5,Tier 4 (D2 Profit or Frequency),False,False,False,Subscription,Other,True,2,2024-05-27 16:00:00+00:00,2024-05,2024
8699614593279,61.07,84.53,1,0.7224653969005087,1.0,D2,D2,Tier 4 (D2 Profit or Frequency),False,False,False,Subscription,Clear Protein,True,2,2026-01-17 16:00:00+00:00,2026-01,2026
7756411535615,61.05,125.36,2,0.4869615663524293,0.0,D2,D1,Tier 3 (D1 Frequency Only),False,True,False,Subscription,Other,True,2,2024-03-20 16:00:00+00:00,2024-03,2024
7237650612479,61.04,152.61,5,0.4,0.0,D2,D1,Tier 3 (D1 Frequency Only),False,True,False,Subscription,Soy Protein,True,2,2024-04-21 16:00:00+00:00,2024-04,2024
8416333791487,61.04,152.59,1,0.4,0.0,D2,D2,Tier 4 (D2 Profit or Frequency),False,False,False,Paid Social,Unknown,False,2,2025-10-14 16:00:00+00:00,2025-10,2025
8476216754431,61.0,74.52,2,0.8185721953837897,1.0,D2,D1,Tier 3 (D1 Frequency Only),False,True,False,Direct / Organic,Lean Protein,False,1,2025-10-25 16:00:00+00:00,2025-10,2025
8652582355199,61.0,81.81,2,0.7456301185674122,1.0,D2,D1,Tier 3 (D1 Frequency Only),False,True,False,Direct / Organic,Lean Protein,False,1,2025-12-26 16:00:00+00:00,2025-12,2025
8794201358591,61.0,70.38,1,0.8667235009946008,1.0,D2,D2,Tier 4 (D2 Profit or Frequency),False,False,False,Direct / Organic,Lean Protein,False,1,2026-02-20 16:00:00+00:00,2026-02,2026
8811215388927,61.0,70.38,1,0.8667235009946008,1.0,D2,D2,Tier 4 (D2 Profit or Frequency),False,False,False,Direct / Organic,Lean Protein,False,1,2026-02-27 16:00:00+00:00,2026-02,2026
7755969396991,60.95,152.36,2,0.4,0.0,D2,D2,Tier 4 (D2 Profit or Frequency),False,False,False,Direct / Organic,Unknown,False,1,2022-03-05 16:00:00+00:00,2022-03,2022
7756374016255,60.85,106.49,1,0.571418815093051,0.0,D2,D4,Tier 4 (D2 Profit or Frequency),False,False,False,Subscription,Other,True,1,2024-09-26 16:00:00+00:00,2024-09,2024
7756435587327,60.83,154.81,2,0.3929531974866405,0.0,D2,D1,Tier 3 (D1 Frequency Only),False,True,False,Subscription,Accessories,True,3,2024-06-09 16:00:00+00:00,2024-06,2024
7756027429119,60.58,145.65,3,0.41594540612516645,0.0,D2,D1,Tier 3 (D1 Frequency Only),False,True,False,Direct / Organic,Unknown,False,2,2022-04-21 16:00:00+00:00,2022-04,2022
8341024964863,60.57,64.9,1,0.9332819722650231,1.0,D2,D3,Tier 4 (D2 Profit or Frequency),False,False,False,Direct / Organic,Accessories,False,2,2025-09-21 16:00:00+00:00,2025-09,2025
8349303865599,60.57,64.9,1,0.9332819722650231,1.0,D2,D3,Tier 4 (D2 Profit or Frequency),False,False,False,Direct / Organic,Accessories,False,2,2025-09-26 16:00:00+00:00,2025-09,2025
7756260540671,60.56,115.82,1,0.522881289411026,0.0,D2,D4,Tier 4 (D2 Profit or Frequency),False,False,False,Direct / Organic,Other,False,2,2023-01-04 16:00:00+00:00,2023-01,2023
7756007866623,60.55,127.15,1,0.47616777883698763,0.0,D2,D4,Tier 4 (D2 Profit or Frequency),False,False,False,Direct / Organic,Soy Protein,False,1,2022-10-23 16:00:00+00:00,2022-10,2022
7756266242303,60.55,115.79,1,0.5228723961059354,0.0,D2,D4,Tier 4 (D2 Profit or Frequency),False,False,False,Direct / Organic,Collagen Glow,False,1,2023-01-21 16:00:00+00:00,2023-01,2023
8761596641535,60.49,70.38,1,0.8594771241830065,1.0,D2,D2,Tier 4 (D2 Profit or Frequency),False,False,False,Direct / Organic,Lean Protein,False,1,2026-02-06 16:00:00+00:00,2026-02,2026
6590913347839,60.46,131.09,3,0.461179342436494,0.0,D2,D1,Tier 3 (D1 Frequency Only),False,True,False,Subscription,Other,True,1,2023-03-02 16:00:00+00:00,2023-03,2023
7756007670015,60.4,165.24,4,0.3655223004694836,0.0,D2,D1,Tier 3 (D1 Frequency Only),False,True,False,Direct / Organic,Unknown,False,2,2022-03-13 16:00:00+00:00,2022-03,2022
6703429976319,60.38,150.95,1,0.4,0.0,D2,D5,Tier 4 (D2 Profit or Frequency),False,False,False,Subscription,Other,False,1,2023-06-17 16:00:00+00:00,2023-06,2023
7826734874879,60.36,135.81,1,0.4444444444444445,0.0,D2,D3,Tier 4 (D2 Profit or Frequency),False,False,False,Direct / Organic,Collagen Glow,False,3,2025-01-31 16:00:00+00:00,2025-02,2025
8870801408255,60.31,93.42,1,0.6455791051166774,1.0,D2,D2,Tier 4 (D2 Profit or Frequency),False,False,False,Paid Social,Lean Protein,False,2,2026-03-22 16:00:00+00:00,2026-03,2026
7756215746815,60.19,128.51,2,0.46834175119901533,0.0,D2,D1,Tier 3 (D1 Frequency Only),False,True,False,Direct / Organic,Lean Protein,False,2,2024-05-26 16:00:00+00:00,2024-05,2024
6373099667711,60.14,150.34,1,0.4,0.0,D2,D5,Tier 4 (D2 Profit or Frequency),False,False,False,Subscription,Accessories,False,2,2022-10-12 16:00:00+00:00,2022-10,2022
7756240191743,60.13,145.52,2,0.4132199945024281,0.0,D2,D1,Tier 3 (D1 Frequency Only),False,True,False,Direct / Organic,Soy Protein,False,3,2024-04-22 16:00:00+00:00,2024-04,2024
6327719330047,60.12,149.71,2,0.40157638100327303,0.0,D2,D2,Tier 4 (D2 Profit or Frequency),False,False,False,Subscription,Unknown,False,3,2022-06-04 16:00:00+00:00,2022-06,2022
8349264281855,60.06,64.9,1,0.9254237288135592,1.0,D2,D3,Tier 4 (D2 Profit or Frequency),False,False,False,Direct / Organic,Accessories,False,2,2025-09-26 16:00:00+00:00,2025-09,2025
8370214273279,60.06,64.9,1,0.9254237288135592,1.0,D2,D2,Tier 4 (D2 Profit or Frequency),False,False,False,Direct / Organic,Accessories,False,2,2025-10-13 16:00:00+00:00,2025-10,2025
8383897141503,60.06,64.9,1,0.9254237288135592,1.0,D2,D2,Tier 4 (D2 Profit or Frequency),False,False,False,Direct / Organic,Accessories,False,2,2025-10-09 16:00:00+00:00,2025-10,2025
8796982870271,60.06,79.8,1,0.7526315789473684,1.0,D2,D2,Tier 4 (D2 Profit or Frequency),False,False,False,Direct / Organic,Accessories,False,2,2026-02-21 16:00:00+00:00,2026-02,2026
8014286160127,60.0,95.79,2,0.6263493057730453,0.56995692077168,D2,D1,Tier 3 (D1 Frequency Only),False,True,False,Subscription,Lean Protein,True,2,2025-05-08 16:00:00+00:00,2025-05,2025
8474714669311,59.9,70.38,1,0.851094060812731,1.0,D2,D2,Tier 4 (D2 Profit or Frequency),False,False,False,Direct / Organic,Lean Protein,False,2,2025-10-24 16:00:00+00:00,2025-10,2025
8478334320895,59.9,70.38,1,0.851094060812731,1.0,D2,D2,Tier 4 (D2 Profit or Frequency),False,False,False,Direct / Organic,Lean Protein,False,2,2025-10-26 16:00:00+00:00,2025-10,2025
7522847850751,59.88,104.79,1,0.5714667430098291,0.0,D2,D5,Tier 4 (D2 Profit or Frequency),False,False,False,Subscription,Other,False,4,2024-09-29 16:00:00+00:00,2024-09,2024
6327628464383,59.88,142.21,1,0.4210674354827368,0.0,D2,D5,Tier 4 (D2 Profit or Frequency),False,False,False,Subscription,Other,False,2,2023-12-31 16:00:00+00:00,2024-01,2023
7476683997439,59.88,104.79,1,0.5714285714285714,0.0,D2,D5,Tier 4 (D2 Profit or Frequency),False,False,False,Subscription,Clear Protein,False,2,2024-08-31 16:00:00+00:00,2024-09,2024
7884672827647,59.88,153.51,2,0.39007230799296466,0.0,D2,D1,Tier 3 (D1 Frequency Only),False,True,False,Direct / Organic,Other,False,2,2025-03-05 16:00:00+00:00,2025-03,2025
8074346168575,59.88,127.24,1,0.47060672744419996,0.0,D2,D3,Tier 4 (D2 Profit or Frequency),False,False,False,Direct / Organic,Lean Protein,False,2,2025-05-23 16:00:00+00:00,2025-05,2025
8241099636991,59.83,97.27,2,0.6151331345738666,0.5040979915338196,D2,D1,Tier 3 (D1 Frequency Only),False,True,False,Subscription,Lean Protein,True,1,2025-08-05 16:00:00+00:00,2025-08,2025
7756277252351,59.75,124.13,3,0.4813632146867829,0.0,D2,D1,Tier 3 (D1 Frequency Only),False,True,False,Subscription,Other,True,3,2024-04-26 16:00:00+00:00,2024-04,2024
6328264360191,59.61,149.03,1,0.4,0.0,D2,D5,Tier 4 (D2 Profit or Frequency),False,False,False,Subscription,Unknown,False,1,2022-08-08 16:00:00+00:00,2022-08,2022
8345056280831,59.61,71.49,1,0.8338229122954259,1.0,D2,D3,Tier 4 (D2 Profit or Frequency),False,False,False,Paid Social,Clear Protein,False,2,2025-09-23 16:00:00+00:00,2025-09,2025
7341024936191,59.56,129.0,1,0.4617054263565892,0.0,D2,D5,Tier 4 (D2 Profit or Frequency),False,False,False,Direct / Organic,Accessories,False,2,2025-09-08 16:00:00+00:00,2025-09,2025
7872851575039,59.56,126.56,1,0.47060682680151705,0.0,D2,D3,Tier 4 (D2 Profit or Frequency),False,False,False,Direct / Organic,Collagen Glow,False,3,2025-02-23 16:00:00+00:00,2025-02,2025
8312191123711,59.56,129.0,1,0.4617054263565892,0.0,D2,D3,Tier 4 (D2 Profit or Frequency),False,False,False,Direct / Organic,Clear Protein,False,2,2025-09-07 16:00:00+00:00,2025-09,2025
8283591377151,59.56,134.0,1,0.44444776119402984,0.0,D2,D3,Tier 4 (D2 Profit or Frequency),False,False,False,Direct / Organic,Clear Protein,False,3,2025-08-22 16:00:00+00:00,2025-08,2025
8242684559615,59.52,126.48,1,0.47058823529411764,0.0,D2,D3,Tier 4 (D2 Profit or Frequency),False,False,False,Direct / Organic,Accessories,False,3,2025-08-06 16:00:00+00:00,2025-08,2025
8251601027327,59.52,148.8,1,0.39999999999999997,0.0,D2,D3,Tier 4 (D2 Profit or Frequency),False,False,False,Direct / Organic,Lean Protein,False,3,2025-08-11 16:00:00+00:00,2025-08,2025
8294475825407,59.52,148.8,1,0.39999999999999997,0.0,D2,D3,Tier 4 (D2 Profit or Frequency),False,False,False,Direct / Organic,Accessories,False,3,2025-08-28 16:00:00+00:00,2025-08,2025
8324492656895,59.52,128.9,1,0.4617532971295578,0.0,D2,D3,Tier 4 (D2 Profit or Frequency),False,False,False,Direct / Organic,Accessories,False,3,2025-09-11 16:00:00+00:00,2025-09,2025
6929385324799,59.48,141.26,1,0.421067535041767,0.0,D2,D5,Tier 4 (D2 Profit or Frequency),False,False,False,Subscription,Other,False,2,2023-12-06 16:00:00+00:00,2023-12,2023
8629778284799,59.44,84.35,2,0.7046828689982216,1.0,D2,D1,Tier 3 (D1 Frequency Only),False,True,False,Direct / Organic,Accessories,False,2,2025-12-17 16:00:00+00:00,2025-12,2025
6329853542655,59.28,156.33,3,0.3791868657989359,0.0,D2,D1,Tier 3 (D1 Frequency Only),False,True,False,Subscription,Other,True,2,2023-06-06 16:00:00+00:00,2023-06,2023
7905973895423,59.28,92.57,3,0.6403586475099925,0.8096575564437724,D2,D1,Tier 3 (D1 Frequency Only),False,True,False,Direct / Organic,Unknown,False,4,2025-04-21 16:00:00+00:00,2025-04,2025
6327696294143,59.28,148.19,1,0.4,0.0,D2,D5,Tier 4 (D2 Profit or Frequency),False,False,False,Subscription,Unknown,False,1,2022-06-23 16:00:00+00:00,2022-06,2022
6328298209535,59.28,148.19,1,0.4,0.0,D2,D5,Tier 4 (D2 Profit or Frequency),False,False,False,Subscription,Unknown,False,1,2022-06-22 16:00:00+00:00,2022-06,2022
7963787067647,59.16,134.1,2,0.4411633109619687,0.0,D2,D1,Tier 3 (D1 Frequency Only),False,True,False,Paid Social,Unknown,False,3,2025-04-16 16:00:00+00:00,2025-04,2025
7756461244671,59.08,123.13,3,0.4798665068555523,0.0,D2,D1,Tier 3 (D1 Frequency Only),False,True,False,Direct / Organic,Other,False,2,2024-08-28 16:00:00+00:00,2024-08,2024
8367587492095,59.02,92.7,1,0.6366990291262136,0.7251348435814455,D2,D2,Tier 4 (D2 Profit or Frequency),False,False,False,Paid Social,Unknown,False,2,2025-10-05 16:00:00+00:00,2025-10,2025
8880554836223,59.01,56.43,1,1.0457203615098352,1.0,D2,D2,Tier 4 (D2 Profit or Frequency),False,False,False,Direct / Organic,Other,False,1,2026-03-25 16:00:00+00:00,2026-03,2026
6327555457279,58.85,152.03,2,0.38710780766953895,0.0,D2,D2,Tier 4 (D2 Profit or Frequency),False,False,False,Subscription,Unknown,False,2,2022-08-24 16:00:00+00:00,2022-08,2022
7092583399679,58.8,144.51,3,0.40691993633658574,0.0,D2,D1,Tier 3 (D1 Frequency Only),False,True,False,Subscription,Unknown,False,2,2024-02-24 16:00:00+00:00,2024-02,2024
7756464947455,58.75,132.3,2,0.444053541489157,0.0,D2,D1,Tier 3 (D1 Frequency Only),False,True,False,Direct / Organic,Clear Protein,False,3,2024-09-16 16:00:00+00:00,2024-09,2024
7755987058943,58.69,164.91,3,0.35589856670341785,0.0,D2,D1,Tier 3 (D1 Frequency Only),False,True,False,Direct / Organic,Unknown,False,1,2022-08-10 16:00:00+00:00,2022-08,2022
7756015993087,58.69,146.73,1,0.4,0.0,D2,D4,Tier 4 (D2 Profit or Frequency),False,False,False,Direct / Organic,Unknown,False,1,2022-08-31 16:00:00+00:00,2022-09,2022
7756037095679,58.69,146.73,1,0.4,0.0,D2,D4,Tier 4 (D2 Profit or Frequency),False,False,False,Direct / Organic,Unknown,False,1,2022-04-22 16:00:00+00:00,2022-04,2022
7756038111487,58.69,146.73,1,0.4,0.0,D2,D4,Tier 4 (D2 Profit or Frequency),False,False,False,Direct / Organic,Unknown,False,1,2022-04-04 16:00:00+00:00,2022-04,2022
8767016272127,58.51,79.62,1,0.7348656116553629,1.0,D2,D2,Tier 4 (D2 Profit or Frequency),False,False,False,Direct / Organic,Other,False,3,2026-02-09 16:00:00+00:00,2026-02,2026
7962467172607,58.47,108.44,4,0.5391921800073773,0.5049870705578131,D2,D1,Tier 3 (D1 Frequency Only),False,True,False,Paid Social,Unknown,False,4,2025-04-15 16:00:00+00:00,2025-04,2025
8595374997759,58.46,72.97,1,0.8011511580101413,1.0,D2,D2,Tier 4 (D2 Profit or Frequency),False,False,False,Direct / Organic,Accessories,False,2,2025-12-06 16:00:00+00:00,2025-12,2025
6327398400255,58.43,150.97,1,0.3870172882029542,0.0,D2,D5,Tier 4 (D2 Profit or Frequency),False,False,False,Subscription,Unknown,False,1,2022-01-23 16:00:00+00:00,2022-01,2022
8452494754047,58.39,88.41,1,0.6604456509444633,1.0,D2,D2,Tier 4 (D2 Profit or Frequency),False,False,False,Direct / Organic,Lean Protein,False,3,2025-10-22 16:00:00+00:00,2025-10,2025
8820452688127,58.29,94.1,1,0.6194473963868224,1.0,D2,D2,Tier 4 (D2 Profit or Frequency),False,False,False,Subscription,Lean Protein,True,1,2026-03-03 16:00:00+00:00,2026-03,2026
8239569142015,58.28,109.49,2,0.5322495205041555,0.49684902730842995,D2,D1,Tier 3 (D1 Frequency Only),False,True,False,Subscription,Lean Protein,True,1,2025-08-04 16:00:00+00:00,2025-08,2025
8832823591167,58.23,94.04,1,0.6192045937898767,1.0,D2,D2,Tier 4 (D2 Profit or Frequency),False,False,False,Subscription,Lean Protein,True,1,2026-03-07 16:00:00+00:00,2026-03,2026
7756351439103,58.13,136.86,1,0.42476308564343285,0.0,D2,D4,Tier 4 (D2 Profit or Frequency),False,False,False,Direct / Organic,Unknown,False,2,2023-03-05 16:00:00+00:00,2023-03,2023
7756378931455,58.12,147.58,3,0.3938236622725966,0.0,D2,D1,Tier 3 (D1 Frequency Only),False,True,False,Direct / Organic,Other,False,2,2023-08-31 16:00:00+00:00,2023-09,2023
8821455421695,58.09,93.9,1,0.6186368477103301,1.0,D2,D2,Tier 4 (D2 Profit or Frequency),False,False,False,Subscription,Lean Protein,True,1,2026-03-03 16:00:00+00:00,2026-03,2026
8279962517759,58.09,109.3,2,0.5314364135407136,0.49597438243366876,D2,D1,Tier 3 (D1 Frequency Only),False,True,False,Subscription,Lean Protein,True,1,2025-08-21 16:00:00+00:00,2025-08,2025
8808630419711,58.05,83.02,1,0.6992291014213442,1.0,D2,D2,Tier 4 (D2 Profit or Frequency),False,False,False,Subscription,Clear Protein,True,2,2026-02-26 16:00:00+00:00,2026-02,2026
7756420153599,57.93,130.34,1,0.4444444444444444,0.0,D2,D4,Tier 4 (D2 Profit or Frequency),False,False,False,Direct / Organic,Clear Protein,False,3,2024-05-23 16:00:00+00:00,2024-05,2024
7756456820991,57.93,143.64,1,0.4032826311681188,0.0,D2,D4,Tier 4 (D2 Profit or Frequency),False,False,False,Direct / Organic,Accessories,False,3,2024-08-06 16:00:00+00:00,2024-08,2024
8798257447167,57.91,94.23,1,0.6145601188581131,1.0,D2,D2,Tier 4 (D2 Profit or Frequency),False,False,False,Subscription,Lean Protein,True,1,2026-02-22 16:00:00+00:00,2026-02,2026
8117549793535,57.82,107.82,2,0.5363012428120942,0.5,D2,D1,Tier 3 (D1 Frequency Only),False,True,False,Subscription,Lean Protein,True,1,2025-06-08 16:00:00+00:00,2025-06,2025
7756440305919,57.82,140.68,3,0.4109854604200323,0.0,D2,D1,Tier 3 (D1 Frequency Only),False,True,False,Direct / Organic,Lean Protein,False,1,2024-06-29 16:00:00+00:00,2024-06,2024
7756418941183,57.68,136.41,2,0.4228718677803448,0.0,D2,D1,Tier 3 (D1 Frequency Only),False,True,False,Direct / Organic,Accessories,False,4,2024-04-16 16:00:00+00:00,2024-04,2024
8839752810751,57.67,89.8,2,0.6422048997772827,1.0,D2,D1,Tier 3 (D1 Frequency Only),False,True,False,Direct / Organic,Other,False,2,2026-03-10 16:00:00+00:00,2026-03,2026
7756469010687,57.6,113.81,2,0.5061107117181883,0.0,D2,D1,Tier 3 (D1 Frequency Only),False,True,False,Subscription,Lean Protein,True,2,2024-09-28 16:00:00+00:00,2024-09,2024
7756193169663,57.57,146.65,2,0.39256113814586374,0.0,D2,D1,Tier 3 (D1 Frequency Only),False,True,False,Direct / Organic,Clear Protein,False,2,2024-06-17 16:00:00+00:00,2024-06,2024
6336651133183,57.46,144.47,2,0.39775731985879426,0.0,D2,D2,Tier 4 (D2 Profit or Frequency),False,False,False,Subscription,Unknown,False,2,2022-03-20 16:00:00+00:00,2022-03,2022
6329694191871,57.44,109.85,1,0.5228948566226673,0.0,D2,D5,Tier 4 (D2 Profit or Frequency),False,False,False,Subscription,Soy Protein,False,1,2023-01-13 16:00:00+00:00,2023-01,2023
6508011389183,57.44,109.85,1,0.5228948566226673,0.0,D2,D5,Tier 4 (D2 Profit or Frequency),False,False,False,Subscription,Soy Protein,False,1,2023-01-10 16:00:00+00:00,2023-01,2023
6327788863743,57.33,143.32,1,0.4,0.0,D2,D5,Tier 4 (D2 Profit or Frequency),False,False,False,Subscription,Unknown,False,1,2022-06-26 16:00:00+00:00,2022-06,2022
8341214560511,57.25,123.06,1,0.46523647001462703,0.17739314155696406,D2,D3,Tier 4 (D2 Profit or Frequency),False,False,False,Direct / Organic,Lean Protein,False,2,2026-01-07 16:00:00+00:00,2026-01,2026
7756015829247,57.21,143.02,1,0.39999999999999997,0.0,D2,D4,Tier 4 (D2 Profit or Frequency),False,False,False,Direct / Organic,Unknown,False,1,2022-09-01 16:00:00+00:00,2022-09,2022
8702512464127,57.2,143.0,1,0.4,0.0,D2,D2,Tier 4 (D2 Profit or Frequency),False,False,False,Direct / Organic,Collagen Glow,False,2,2026-01-18 16:00:00+00:00,2026-01,2026
7756033982719,56.95,142.36,1,0.4,0.0,D2,D4,Tier 4 (D2 Profit or Frequency),False,False,False,Direct / Organic,Unknown,False,1,2022-05-20 16:00:00+00:00,2022-05,2022
8708128473343,56.86,115.11,1,0.4939622969333681,0.11649726348709928,D2,D2,Tier 4 (D2 Profit or Frequency),False,False,False,Direct / Organic,Lean Protein,False,2,2026-01-21 16:00:00+00:00,2026-01,2026
6329712935167,56.83,156.77,3,0.36249282388212034,0.0,D2,D1,Tier 3 (D1 Frequency Only),False,True,False,Subscription,Unknown,False,1,2022-01-03 16:00:00+00:00,2022-01,2022
7756398035199,56.72,149.95,3,0.37824773413897284,0.0,D2,D1,Tier 3 (D1 Frequency Only),False,True,False,Direct / Organic,Other,False,1,2023-12-19 16:00:00+00:00,2023-12,2023
7756468519167,56.72,99.25,1,0.5714285714285715,0.0,D2,D4,Tier 4 (D2 Profit or Frequency),False,False,False,Direct / Organic,Other,False,2,2024-09-27 16:00:00+00:00,2024-09,2024
7756485230847,56.72,132.73,1,0.4273059360730594,0.0,D2,D4,Tier 4 (D2 Profit or Frequency),False,False,False,Direct / Organic,Accessories,False,2,2024-12-13 16:00:00+00:00,2024-12,2024
7829327675647,56.7,111.22,2,0.5098467675138411,0.5150005452656592,D2,D1,Tier 3 (D1 Frequency Only),False,True,False,Direct / Organic,Lean Protein,False,1,2025-01-15 16:00:00+00:00,2025-01,2025
8827248673023,56.65,80.11,1,0.7071526650855074,1.0,D2,D2,Tier 4 (D2 Profit or Frequency),False,False,False,Subscription,Clear Protein,True,2,2026-03-05 16:00:00+00:00,2026-03,2026
8415890473215,56.25,69.09,1,0.814155449413808,1.0,D2,D2,Tier 4 (D2 Profit or Frequency),False,False,False,Direct / Organic,Collagen Glow,False,3,2025-10-14 16:00:00+00:00,2025-10,2025
8794184843519,56.25,58.4,1,0.9631849315068494,1.0,D2,D2,Tier 4 (D2 Profit or Frequency),False,False,False,Direct / Organic,Lean Protein,False,1,2026-02-20 16:00:00+00:00,2026-02,2026
8361276866815,56.2,76.17,1,0.7378232900091899,1.0,D2,D3,Tier 4 (D2 Profit or Frequency),False,False,False,Paid Social,Clear Protein,False,2,2025-10-01 16:00:00+00:00,2025-10,2025
8090152206591,56.11,128.97,5,0.43504691013413976,0.0,D2,D1,Tier 3 (D1 Frequency Only),False,True,False,Affiliate,Accessories,True,3,2025-05-28 16:00:00+00:00,2025-05,2025
8748209570047,56.08,80.82,1,0.6938876515713932,1.0,D2,D2,Tier 4 (D2 Profit or Frequency),False,False,False,Direct / Organic,Lean Protein,False,2,2026-02-03 16:00:00+00:00,2026-02,2026
8794676658431,56.08,80.82,1,0.6938876515713932,1.0,D2,D2,Tier 4 (D2 Profit or Frequency),False,False,False,Direct / Organic,Lean Protein,False,2,2026-02-20 16:00:00+00:00,2026-02,2026
8337740628223,56.02,66.86,1,0.8378701764881842,1.0,D2,D3,Tier 4 (D2 Profit or Frequency),False,False,False,Paid Social,Accessories,False,2,2025-09-19 16:00:00+00:00,2025-09,2025
6327503552767,55.92,132.81,1,0.4210526315789474,0.0,D2,D5,Tier 4 (D2 Profit or Frequency),False,False,False,Subscription,Other,False,1,2023-01-29 16:00:00+00:00,2023-01,2023
6329828180223,55.92,132.81,1,0.4210526315789474,0.0,D2,D5,Tier 4 (D2 Profit or Frequency),False,False,False,Subscription,Other,False,1,2022-12-08 16:00:00+00:00,2022-12,2022
6514794725631,55.92,112.89,1,0.4953494552218975,0.0,D2,D5,Tier 4 (D2 Profit or Frequency),False,False,False,Subscription,Other,False,1,2023-01-16 16:00:00+00:00,2023-01,2023
6585818710271,55.92,106.25,1,0.5263058823529413,0.0,D2,D5,Tier 4 (D2 Profit or Frequency),False,False,False,Subscription,Other,False,1,2023-02-27 16:00:00+00:00,2023-02,2023
6586846314751,55.92,106.25,1,0.5263058823529413,0.0,D2,D5,Tier 4 (D2 Profit or Frequency),False,False,False,Subscription,Other,False,1,2023-02-28 16:00:00+00:00,2023-03,2023
6624970440959,55.92,112.89,1,0.4953494552218975,0.0,D2,D5,Tier 4 (D2 Profit or Frequency),False,False,False,Subscription,Other,False,1,2023-04-03 16:00:00+00:00,2023-04,2023
6659616538879,55.92,132.81,1,0.4210526315789474,0.0,D2,D5,Tier 4 (D2 Profit or Frequency),False,False,False,Subscription,Other,False,1,2023-05-05 16:00:00+00:00,2023-05,2023
8329706176767,55.89,66.75,1,0.8373033707865168,1.0,D2,D3,Tier 4 (D2 Profit or Frequency),False,False,False,Direct / Organic,Accessories,False,2,2025-09-14 16:00:00+00:00,2025-09,2025
8335408660735,55.88,66.74,1,0.8372789931075817,1.0,D2,D3,Tier 4 (D2 Profit or Frequency),False,False,False,Paid Social,Accessories,False,2,2025-09-17 16:00:00+00:00,2025-09,2025
8858360283391,55.75,75.72,1,0.7362651875330163,1.0,D2,D2,Tier 4 (D2 Profit or Frequency),False,False,False,Subscription,Clear Protein,True,2,2026-03-18 16:00:00+00:00,2026-03,2026
8081416552703,55.74,139.34,1,0.4,0.0,D2,D3,Tier 4 (D2 Profit or Frequency),False,False,False,Direct / Organic,Other,False,3,2025-05-26 16:00:00+00:00,2025-05,2025
7756361498879,55.7,112.78,1,0.493833794567291,0.0,D2,D4,Tier 4 (D2 Profit or Frequency),False,False,False,Direct / Organic,Unknown,False,2,2023-05-24 16:00:00+00:00,2023-05,2023
7755991810303,55.69,139.22,1,0.4,0.0,D2,D4,Tier 4 (D2 Profit or Frequency),False,False,False,Direct / Organic,Unknown,False,1,2022-08-06 16:00:00+00:00,2022-08,2022
6329625379071,55.56,111.12,1,0.5,0.0,D2,D5,Tier 4 (D2 Profit or Frequency),False,False,False,Subscription,Other,False,2,2024-03-28 16:00:00+00:00,2024-03,2024
6423602528511,55.43,148.38,2,0.3735813451947702,0.0,D2,D2,Tier 4 (D2 Profit or Frequency),False,False,False,Subscription,Unknown,False,1,2022-02-16 16:00:00+00:00,2022-02,2022
8637598171391,55.38,77.05,2,0.718754055807917,1.0,D2,D1,Tier 3 (D1 Frequency Only),False,True,False,Direct / Organic,Lean Protein,False,2,2025-12-20 16:00:00+00:00,2025-12,2025
8474967245055,55.37,64.22,1,0.8621924634070383,1.0,D2,D2,Tier 4 (D2 Profit or Frequency),False,False,False,Affiliate,Soy Protein,False,2,2025-10-24 16:00:00+00:00,2025-10,2025
7756431786239,55.35,109.64,2,0.5048756488427244,0.4103887464188761,D2,D1,Tier 3 (D1 Frequency Only),False,True,False,Direct / Organic,Other,True,2,2024-10-23 16:00:00+00:00,2024-10,2024
6327795548415,55.34,148.14,2,0.37353854461995417,0.0,D2,D2,Tier 4 (D2 Profit or Frequency),False,False,False,Subscription,Unknown,False,1,2022-02-22 16:00:00+00:00,2022-02,2022
8772908646655,55.32,76.32,1,0.7248427672955975,1.0,D2,D2,Tier 4 (D2 Profit or Frequency),False,False,False,Direct / Organic,Clear Protein,False,1,2026-02-11 16:00:00+00:00,2026-02,2026
7580912025855,55.2,117.3,1,0.4705882352941177,0.0,D2,D5,Tier 4 (D2 Profit or Frequency),False,False,False,Subscription,Clear Protein,False,1,2024-10-25 16:00:00+00:00,2024-10,2024
7807449334015,55.2,138.0,1,0.4,0.0,D2,D4,Tier 4 (D2 Profit or Frequency),False,False,False,Subscription,Clear Protein,False,1,2025-01-18 16:00:00+00:00,2025-01,2025
7830799909119,55.2,138.0,1,0.4,0.0,D2,D3,Tier 4 (D2 Profit or Frequency),False,False,False,Direct / Organic,Clear Protein,False,1,2025-02-03 16:00:00+00:00,2025-02,2025
7866897531135,55.2,147.9,2,0.37322515212981744,0.0,D2,D1,Tier 3 (D1 Frequency Only),False,True,False,Direct / Organic,Clear Protein,False,1,2025-02-21 16:00:00+00:00,2025-02,2025
7903429984511,55.2,117.3,1,0.4705882352941177,0.0,D2,D3,Tier 4 (D2 Profit or Frequency),False,False,False,Direct / Organic,Clear Protein,False,1,2025-03-15 16:00:00+00:00,2025-03,2025
7958813212927,55.2,138.0,1,0.4,0.0,D2,D3,Tier 4 (D2 Profit or Frequency),False,False,False,Direct / Organic,Clear Protein,False,1,2025-04-13 16:00:00+00:00,2025-04,2025
7968715604223,55.2,124.2,1,0.4444444444444445,0.0,D2,D3,Tier 4 (D2 Profit or Frequency),False,False,False,Affiliate,Clear Protein,False,1,2025-04-19 16:00:00+00:00,2025-04,2025
8003138027775,55.2,124.2,1,0.4444444444444445,0.0,D2,D3,Tier 4 (D2 Profit or Frequency),False,False,False,Affiliate,Clear Protein,False,1,2025-05-01 16:00:00+00:00,2025-05,2025
8042937680127,55.2,124.2,1,0.4444444444444445,0.0,D2,D3,Tier 4 (D2 Profit or Frequency),False,False,False,Direct / Organic,Clear Protein,False,1,2025-05-13 16:00:00+00:00,2025-05,2025
8064049643775,55.2,138.0,1,0.4,0.0,D2,D3,Tier 4 (D2 Profit or Frequency),False,False,False,Direct / Organic,Clear Protein,False,1,2025-05-19 16:00:00+00:00,2025-05,2025
8084515258623,55.2,138.0,1,0.4,0.0,D2,D3,Tier 4 (D2 Profit or Frequency),False,False,False,Direct / Organic,Clear Protein,False,1,2025-05-27 16:00:00+00:00,2025-05,2025
8106290151679,55.2,131.1,1,0.4210526315789474,0.0,D2,D3,Tier 4 (D2 Profit or Frequency),False,False,False,Direct / Organic,Clear Protein,False,1,2025-06-03 16:00:00+00:00,2025-06,2025
8108000968959,55.2,117.3,1,0.4705882352941177,0.0,D2,D3,Tier 4 (D2 Profit or Frequency),False,False,False,Direct / Organic,Clear Protein,False,1,2025-06-04 16:00:00+00:00,2025-06,2025
8110293385471,55.2,138.0,1,0.4,0.0,D2,D3,Tier 4 (D2 Profit or Frequency),False,False,False,Paid Social,Clear Protein,False,1,2025-06-05 16:00:00+00:00,2025-06,2025
8119961092351,55.2,138.0,1,0.4,0.0,D2,D3,Tier 4 (D2 Profit or Frequency),False,False,False,Paid Social,Clear Protein,False,1,2025-06-09 16:00:00+00:00,2025-06,2025
8124393455871,55.2,124.2,1,0.4444444444444445,0.0,D2,D3,Tier 4 (D2 Profit or Frequency),False,False,False,Affiliate,Clear Protein,False,1,2025-06-10 16:00:00+00:00,2025-06,2025
8139501338879,55.2,138.0,1,0.4,0.0,D2,D3,Tier 4 (D2 Profit or Frequency),False,False,False,Direct / Organic,Clear Protein,False,1,2025-06-17 16:00:00+00:00,2025-06,2025
8164599759103,55.2,124.2,1,0.4444444444444445,0.0,D2,D3,Tier 4 (D2 Profit or Frequency),False,False,False,Direct / Organic,Clear Protein,False,1,2025-06-27 16:00:00+00:00,2025-06,2025
8246793732351,55.2,117.3,1,0.4705882352941177,0.0,D2,D3,Tier 4 (D2 Profit or Frequency),False,False,False,Direct / Organic,Clear Protein,False,1,2025-08-09 16:00:00+00:00,2025-08,2025
8300895535359,55.2,117.3,1,0.4705882352941177,0.0,D2,D3,Tier 4 (D2 Profit or Frequency),False,False,False,Direct / Organic,Clear Protein,False,1,2025-09-01 16:00:00+00:00,2025-09,2025
7307232772351,55.16,96.53,1,0.5714285714285715,0.0,D2,D5,Tier 4 (D2 Profit or Frequency),False,False,False,Subscription,Accessories,False,2,2024-05-26 16:00:00+00:00,2024-05,2024
7829214429439,55.09,142.62,3,0.3862571869303043,0.0,D2,D1,Tier 3 (D1 Frequency Only),False,True,False,Subscription,Lean Protein,True,2,2025-02-02 16:00:00+00:00,2025-02,2025
8488214135039,55.05,67.32,1,0.8177361853832442,1.0,D2,D2,Tier 4 (D2 Profit or Frequency),False,False,False,Direct / Organic,Lean Protein,False,2,2025-10-31 16:00:00+00:00,2025-11,2025
7010309046527,55.04,110.08,1,0.5000000000000001,0.0,D2,D5,Tier 4 (D2 Profit or Frequency),False,False,False,Subscription,Other,False,2,2024-01-12 16:00:00+00:00,2024-01,2024
6351154741503,54.77,108.52,6,0.5047045157543197,0.0,D2,D1,Tier 3 (D1 Frequency Only),False,True,False,Direct / Organic,Unknown,False,2,2022-02-10 16:00:00+00:00,2022-02,2022
7756439683327,54.76,119.13,2,0.45970544094828686,0.0,D2,D1,Tier 3 (D1 Frequency Only),False,True,False,Direct / Organic,Accessories,True,3,2024-06-27 16:00:00+00:00,2024-06,2024
7756035129599,54.69,144.9,3,0.377414362792254,0.0,D2,D1,Tier 3 (D1 Frequency Only),False,True,False,Direct / Organic,Unknown,False,2,2022-04-26 16:00:00+00:00,2022-04,2022
7756409045247,54.51,134.46,2,0.4053999233733745,0.0,D2,D1,Tier 3 (D1 Frequency Only),False,True,False,Direct / Organic,Other,False,1,2024-02-25 16:00:00+00:00,2024-02,2024
7756411797759,54.51,102.21,1,0.5333254269449716,0.0,D2,D4,Tier 4 (D2 Profit or Frequency),False,False,False,Direct / Organic,Other,False,2,2024-04-25 16:00:00+00:00,2024-04,2024
7756423037183,54.5,108.99,1,0.5,0.0,D2,D4,Tier 4 (D2 Profit or Frequency),False,False,False,Direct / Organic,Other,False,2,2024-04-29 16:00:00+00:00,2024-04,2024
7756393611519,54.48,104.41,1,0.5218400812654186,0.0,D2,D4,Tier 4 (D2 Profit or Frequency),False,False,False,Direct / Organic,Other,False,1,2023-12-17 16:00:00+00:00,2023-12,2023
8608190365951,54.41,68.82,2,0.7906131938390003,1.0,D2,D1,Tier 3 (D1 Frequency Only),False,True,False,Direct / Organic,Soy Protein,False,1,2025-12-10 16:00:00+00:00,2025-12,2025
7756466061567,54.4,131.93,1,0.412348401323043,0.0,D2,D4,Tier 4 (D2 Profit or Frequency),False,False,False,Direct / Organic,Collagen Glow,False,3,2024-09-20 16:00:00+00:00,2024-09,2024
6336736297215,54.36,135.89,1,0.4000000000000001,0.0,D2,D5,Tier 4 (D2 Profit or Frequency),False,False,False,Subscription,Unknown,False,1,2022-06-06 16:00:00+00:00,2022-06,2022
6703512977663,54.35,135.88,1,0.4,0.0,D2,D5,Tier 4 (D2 Profit or Frequency),False,False,False,Subscription,Unknown,False,2,2023-06-17 16:00:00+00:00,2023-06,2023
7341017956607,54.34,122.26,1,0.4444626206445281,0.0,D2,D5,Tier 4 (D2 Profit or Frequency),False,False,False,Subscription,Other,True,2,2024-06-20 16:00:00+00:00,2024-06,2024
7756430803199,54.29,95.01,1,0.5714285714285715,0.0,D2,D4,Tier 4 (D2 Profit or Frequency),False,False,False,Direct / Organic,Collagen Glow,False,3,2024-05-28 16:00:00+00:00,2024-05,2024
7756465570047,54.29,128.94,1,0.4210476839557238,0.0,D2,D4,Tier 4 (D2 Profit or Frequency),False,False,False,Direct / Organic,Clear Protein,False,3,2024-09-18 16:00:00+00:00,2024-09,2024
7364057563391,54.24,101.7,1,0.5333333333333333,0.0,D2,D5,Tier 4 (D2 Profit or Frequency),False,False,False,Subscription,Accessories,False,3,2024-06-27 16:00:00+00:00,2024-06,2024
8311984554239,54.17,126.33,1,0.42881342515633664,0.0,D2,D3,Tier 4 (D2 Profit or Frequency),False,False,False,Direct / Organic,Accessories,False,2,2025-09-07 16:00:00+00:00,2025-09,2025
8393190441215,54.07,58.91,1,0.9178407740621287,1.0,D2,D2,Tier 4 (D2 Profit or Frequency),False,False,False,Subscription,Accessories,True,2,2025-10-10 16:00:00+00:00,2025-10,2025
8719516795135,54.07,74.0,1,0.7306756756756757,1.0,D2,D2,Tier 4 (D2 Profit or Frequency),False,False,False,Subscription,Lean Protein,True,2,2026-01-27 16:00:00+00:00,2026-01,2026
7251086573823,54.0,108.0,1,0.5000000000000001,0.0,D2,D5,Tier 4 (D2 Profit or Frequency),False,False,False,Subscription,Unknown,True,4,2024-04-26 16:00:00+00:00,2024-04,2024
7230763499775,53.92,121.32,1,0.4444444444444445,0.0,D2,D5,Tier 4 (D2 Profit or Frequency),False,False,False,Subscription,Other,False,2,2024-04-21 16:00:00+00:00,2024-04,2024
8255558091007,53.92,144.8,2,0.3723756906077348,0.0,D2,D1,Tier 3 (D1 Frequency Only),False,True,False,Direct / Organic,Lean Protein,False,2,2025-08-13 16:00:00+00:00,2025-08,2025
7755928469759,53.86,137.37,1,0.3920585899585282,0.0,D2,D5,Tier 4 (D2 Profit or Frequency),False,False,False,Direct / Organic,Unknown,False,1,2022-01-12 16:00:00+00:00,2022-01,2022
6532515561727,53.81,142.7,3,0.3770651943087705,0.0,D2,D1,Tier 3 (D1 Frequency Only),False,True,False,Direct / Organic,Other,False,3,2023-01-10 16:00:00+00:00,2023-01,2023
7756040241407,53.8,137.22,1,0.392050172246268,0.0,D2,D4,Tier 4 (D2 Profit or Frequency),False,False,False,Direct / Organic,Unknown,False,1,2022-03-05 16:00:00+00:00,2022-03,2022
7756415860991,53.79,134.47,3,0.39999999999999997,0.0,D2,D1,Tier 3 (D1 Frequency Only),False,True,False,Subscription,Collagen Glow,True,3,2024-04-03 16:00:00+00:00,2024-04,2024
6336691994879,53.7,135.39,2,0.39666149641775617,0.0,D2,D2,Tier 4 (D2 Profit or Frequency),False,False,False,Subscription,Unknown,False,2,2022-05-01 16:00:00+00:00,2022-05,2022
8088279548159,53.64,113.98,1,0.47060887875065804,0.0,D2,D3,Tier 4 (D2 Profit or Frequency),False,False,False,Subscription,Clear Protein,True,3,2025-05-28 16:00:00+00:00,2025-05,2025
7960963154175,53.52,123.73,2,0.4325547563242545,0.0,D2,D1,Tier 3 (D1 Frequency Only),False,True,False,Direct / Organic,Lean Protein,False,3,2025-04-14 16:00:00+00:00,2025-04,2025
7756022415615,53.3,138.7,3,0.3842698593026304,0.0,D2,D1,Tier 3 (D1 Frequency Only),False,True,False,Direct / Organic,Unknown,False,1,2022-02-28 16:00:00+00:00,2022-03,2022
7756440502527,53.28,99.91,1,0.5333333333333334,0.0,D2,D4,Tier 4 (D2 Profit or Frequency),False,False,False,Direct / Organic,Other,False,2,2024-06-29 16:00:00+00:00,2024-06,2024
7756464783615,53.28,129.28,2,0.41217008110262066,0.0,D2,D1,Tier 3 (D1 Frequency Only),False,True,False,Direct / Organic,Other,False,1,2024-09-15 16:00:00+00:00,2024-09,2024
8211027558655,53.23,133.08,1,0.4,0.0,D2,D3,Tier 4 (D2 Profit or Frequency),False,False,False,Paid Social,Clear Protein,False,1,2025-08-11 16:00:00+00:00,2025-08,2025
8781075415295,53.23,83.18,1,0.639937484972349,1.0,D2,D2,Tier 4 (D2 Profit or Frequency),False,False,False,Direct / Organic,Clear Protein,False,2,2026-02-14 16:00:00+00:00,2026-02,2026
6528300384511,53.12,107.24,1,0.49533756061171214,0.0,D2,D5,Tier 4 (D2 Profit or Frequency),False,False,False,Subscription,Other,False,1,2023-01-27 16:00:00+00:00,2023-01,2023
7756435849471,53.09,117.58,1,0.4515463917525773,0.0,D2,D4,Tier 4 (D2 Profit or Frequency),False,False,False,Direct / Organic,Other,False,1,2024-08-30 16:00:00+00:00,2024-08,2024
7756457312511,53.09,132.73,2,0.4,0.0,D2,D1,Tier 3 (D1 Frequency Only),False,True,False,Direct / Organic,Other,False,2,2024-08-11 16:00:00+00:00,2024-08,2024
7756414091519,53.08,111.75,2,0.4749972882091333,0.0,D2,D1,Tier 3 (D1 Frequency Only),False,True,False,Direct / Organic,Other,False,2,2024-03-23 16:00:00+00:00,2024-03,2024
8875277025535,53.04,71.24,1,0.7445255474452556,1.0,D2,D2,Tier 4 (D2 Profit or Frequency),False,False,False,Direct / Organic,Other,False,1,2026-03-23 16:00:00+00:00,2026-03,2026
8875263361279,53.03,63.91,1,0.8297606008449383,1.0,D2,D2,Tier 4 (D2 Profit or Frequency),False,False,False,Direct / Organic,Collagen Glow,False,4,2026-03-23 16:00:00+00:00,2026-03,2026
8488282390783,52.95,61.83,1,0.856380397865114,1.0,D2,D2,Tier 4 (D2 Profit or Frequency),False,False,False,Direct / Organic,Clear Protein,False,1,2025-10-31 16:00:00+00:00,2025-11,2025
7756030836991,52.82,132.05,1,0.4,0.0,D2,D4,Tier 4 (D2 Profit or Frequency),False,False,False,Direct / Organic,Unknown,False,1,2022-06-10 16:00:00+00:00,2022-06,2022
8148206747903,52.78,107.73,3,0.48990996008539867,0.3333333333333333,D2,D1,Tier 3 (D1 Frequency Only),False,True,False,Subscription,Collagen Glow,True,1,2025-06-20 16:00:00+00:00,2025-06,2025
7756462096639,52.76,112.83,2,0.4675728155339805,0.0,D2,D1,Tier 3 (D1 Frequency Only),False,True,False,Direct / Organic,Clear Protein,False,2,2024-09-01 16:00:00+00:00,2024-09,2024
8796435054847,52.7,71.09,1,0.7413138275425517,1.0,D2,D2,Tier 4 (D2 Profit or Frequency),False,False,False,Direct / Organic,Clear Protein,False,1,2026-02-21 16:00:00+00:00,2026-02,2026
8394029629695,52.69,118.56,1,0.4444331983805668,0.0,D2,D2,Tier 4 (D2 Profit or Frequency),False,False,False,Direct / Organic,Clear Protein,False,1,2025-10-11 16:00:00+00:00,2025-10,2025
8686846345471,52.68,131.71,1,0.4,0.0,D2,D2,Tier 4 (D2 Profit or Frequency),False,False,False,Direct / Organic,Clear Protein,False,1,2026-01-11 16:00:00+00:00,2026-01,2026
8635114750207,52.66,131.65,1,0.4,0.0,D2,D2,Tier 4 (D2 Profit or Frequency),False,False,False,Paid Social,Clear Protein,False,1,2025-12-19 16:00:00+00:00,2025-12,2025
8637500195071,52.66,131.65,1,0.4,0.0,D2,D2,Tier 4 (D2 Profit or Frequency),False,False,False,Direct / Organic,Clear Protein,False,1,2025-12-20 16:00:00+00:00,2025-12,2025
7180621021439,52.39,124.43,1,0.4210560154303625,0.0,D2,D5,Tier 4 (D2 Profit or Frequency),False,False,False,Subscription,Unknown,False,2,2024-04-11 16:00:00+00:00,2024-04,2024
7756012585215,52.34,129.7,2,0.4035419733183805,0.0,D2,D2,Tier 4 (D2 Profit or Frequency),False,False,False,Direct / Organic,Unknown,False,2,2022-08-08 16:00:00+00:00,2022-08,2022
7312284057855,52.33,91.58,1,0.5714348110941254,0.0,D2,D5,Tier 4 (D2 Profit or Frequency),False,False,False,Subscription,Clear Protein,True,3,2024-05-29 16:00:00+00:00,2024-05,2024
7756487655679,52.28,130.69,4,0.4,0.0,D2,D1,Tier 3 (D1 Frequency Only),False,True,False,Subscription,Other,True,1,2024-12-27 16:00:00+00:00,2024-12,2024
8730810679551,52.18,70.57,1,0.7394076803174153,1.0,D2,D2,Tier 4 (D2 Profit or Frequency),False,False,False,Direct / Organic,Clear Protein,False,1,2026-02-01 16:00:00+00:00,2026-02,2026
7756420546815,52.16,130.39,2,0.4000000000000001,0.0,D2,D1,Tier 3 (D1 Frequency Only),False,True,False,Subscription,Clear Protein,True,3,2024-04-24 16:00:00+00:00,2024-04,2024
8761884639487,52.15,70.54,1,0.7392968528494471,1.0,D2,D2,Tier 4 (D2 Profit or Frequency),False,False,False,Direct / Organic,Clear Protein,False,1,2026-02-06 16:00:00+00:00,2026-02,2026
8226077245695,52.14,73.51,1,0.7092912528907631,1.0,D2,D3,Tier 4 (D2 Profit or Frequency),False,False,False,Direct / Organic,Clear Protein,False,2,2025-10-21 16:00:00+00:00,2025-10,2025
7756461605119,52.13,115.18,2,0.45261634789929234,0.0,D2,D1,Tier 3 (D1 Frequency Only),False,True,False,Subscription,Collagen Glow,True,3,2024-08-29 16:00:00+00:00,2024-08,2024
7756328009983,52.08,105.15,1,0.49535996311026576,0.0,D2,D4,Tier 4 (D2 Profit or Frequency),False,False,False,Direct / Organic,Accessories,False,2,2023-02-01 16:00:00+00:00,2023-02,2023
8763457470719,52.07,80.22,1,0.6490900024931437,1.0,D2,D2,Tier 4 (D2 Profit or Frequency),False,False,False,Direct / Organic,Clear Protein,False,1,2026-02-07 16:00:00+00:00,2026-02,2026
7756032082175,52.05,130.13,2,0.4000000000000001,0.0,D2,D1,Tier 3 (D1 Frequency Only),False,True,False,Direct / Organic,Unknown,False,1,2022-04-17 16:00:00+00:00,2022-04,2022
8612801708287,52.0,80.35,1,0.6471686372121966,1.0,D2,D2,Tier 4 (D2 Profit or Frequency),False,False,False,Direct / Organic,Clear Protein,False,1,2025-12-12 16:00:00+00:00,2025-12,2025
8770599354623,52.0,80.1,1,0.6491885143570537,1.0,D2,D2,Tier 4 (D2 Profit or Frequency),False,False,False,Direct / Organic,Clear Protein,False,1,2026-02-10 16:00:00+00:00,2026-02,2026
7756203524351,51.93,129.82,4,0.4,0.0,D2,D1,Tier 3 (D1 Frequency Only),False,True,False,Subscription,Collagen Glow,True,1,2024-12-12 16:00:00+00:00,2024-12,2024
6336692224255,51.92,123.31,1,0.4210526315789474,0.0,D2,D5,Tier 4 (D2 Profit or Frequency),False,False,False,Subscription,Other,False,1,2023-02-08 16:00:00+00:00,2023-02,2023
6644271644927,51.92,139.6,2,0.37191977077363897,0.0,D2,D2,Tier 4 (D2 Profit or Frequency),False,False,False,Subscription,Other,False,1,2023-04-20 16:00:00+00:00,2023-04,2023
6832308551935,51.88,123.21,1,0.42106971836701573,0.0,D2,D5,Tier 4 (D2 Profit or Frequency),False,False,False,Subscription,Other,False,2,2024-04-08 16:00:00+00:00,2024-04,2024
7476608958719,51.88,90.79,1,0.5714285714285714,0.0,D2,D5,Tier 4 (D2 Profit or Frequency),False,False,False,Subscription,Clear Protein,False,3,2024-08-31 16:00:00+00:00,2024-09,2024
8298977493247,51.88,129.7,1,0.4000000000000001,0.0,D2,D3,Tier 4 (D2 Profit or Frequency),False,False,False,Direct / Organic,Lean Protein,False,3,2025-08-31 16:00:00+00:00,2025-09,2025
8811665064191,51.87,71.84,1,0.722021158129176,1.0,D2,D2,Tier 4 (D2 Profit or Frequency),False,False,False,Subscription,Clear Protein,True,2,2026-02-27 16:00:00+00:00,2026-02,2026
7898656243967,51.86,135.11,2,0.3838649988897935,0.0,D2,D1,Tier 3 (D1 Frequency Only),False,True,False,Direct / Organic,Other,False,1,2025-03-12 16:00:00+00:00,2025-03,2025
6327396303103,51.86,139.44,2,0.3718875502008032,0.0,D2,D2,Tier 4 (D2 Profit or Frequency),False,False,False,Subscription,Unknown,False,1,2022-01-03 16:00:00+00:00,2022-01,2022
6423228088575,51.84,129.59,1,0.4,0.0,D2,D5,Tier 4 (D2 Profit or Frequency),False,False,False,Subscription,Unknown,False,1,2022-08-04 16:00:00+00:00,2022-08,2022
6423596859647,51.83,134.48,1,0.3854253420582987,0.0,D2,D5,Tier 4 (D2 Profit or Frequency),False,False,False,Subscription,Unknown,False,1,2022-02-09 16:00:00+00:00,2022-02,2022
6532495900927,51.81,123.63,2,0.4190892178273882,0.0,D2,D2,Tier 4 (D2 Profit or Frequency),False,False,False,Subscription,Clear Protein,False,4,2024-03-12 16:00:00+00:00,2024-03,2024
8771832185087,51.77,75.23,1,0.6881563206167752,1.0,D2,D2,Tier 4 (D2 Profit or Frequency),False,False,False,Subscription,Clear Protein,True,2,2026-02-11 16:00:00+00:00,2026-02,2026
8163537879295,51.75,85.09,4,0.6081560700434833,0.7379483952171176,D2,D1,Tier 3 (D1 Frequency Only),False,True,False,Direct / Organic,Other,True,1,2025-06-26 16:00:00+00:00,2025-06,2025
8049669374207,51.6,109.65,1,0.47058823529411764,0.0,D2,D3,Tier 4 (D2 Profit or Frequency),False,False,False,Direct / Organic,Accessories,False,1,2025-05-14 16:00:00+00:00,2025-05,2025
8234630742271,51.6,129.0,1,0.4,0.0,D2,D3,Tier 4 (D2 Profit or Frequency),False,False,False,Direct / Organic,Clear Protein,False,1,2025-08-01 16:00:00+00:00,2025-08,2025
8244487782655,51.6,129.0,1,0.4,0.0,D2,D3,Tier 4 (D2 Profit or Frequency),False,False,False,Direct / Organic,Clear Protein,False,1,2025-08-07 16:00:00+00:00,2025-08,2025
8245924004095,51.6,116.1,1,0.4444444444444445,0.0,D2,D3,Tier 4 (D2 Profit or Frequency),False,False,False,Direct / Organic,Clear Protein,False,1,2025-08-08 16:00:00+00:00,2025-08,2025
8289397440767,51.6,129.0,1,0.4,0.0,D2,D3,Tier 4 (D2 Profit or Frequency),False,False,False,Paid Social,Clear Protein,False,1,2025-08-25 16:00:00+00:00,2025-08,2025
8298998956287,51.6,129.0,1,0.4,0.0,D2,D3,Tier 4 (D2 Profit or Frequency),False,False,False,Direct / Organic,Clear Protein,False,1,2025-08-31 16:00:00+00:00,2025-09,2025
8299058594047,51.6,109.65,1,0.47058823529411764,0.0,D2,D3,Tier 4 (D2 Profit or Frequency),False,False,False,Direct / Organic,Clear Protein,False,1,2025-08-31 16:00:00+00:00,2025-09,2025
8351296422143,51.6,129.0,1,0.4,0.0,D2,D3,Tier 4 (D2 Profit or Frequency),False,False,False,Paid Social,Clear Protein,False,1,2025-09-27 16:00:00+00:00,2025-09,2025
8354197012735,51.6,129.0,1,0.4,0.0,D2,D3,Tier 4 (D2 Profit or Frequency),False,False,False,Paid Social,Clear Protein,False,1,2025-09-30 16:00:00+00:00,2025-10,2025
8362599383295,51.6,129.0,1,0.4,0.0,D2,D3,Tier 4 (D2 Profit or Frequency),False,False,False,Direct / Organic,Clear Protein,False,1,2025-10-02 16:00:00+00:00,2025-10,2025
8464926867711,51.6,116.1,1,0.4444444444444445,0.0,D2,D2,Tier 4 (D2 Profit or Frequency),False,False,False,Affiliate,Unknown,False,2,2025-10-23 16:00:00+00:00,2025-10,2025
8488207614207,51.6,116.1,1,0.4444444444444445,0.0,D2,D2,Tier 4 (D2 Profit or Frequency),False,False,False,Direct / Organic,Clear Protein,False,1,2025-10-31 16:00:00+00:00,2025-11,2025
8488391901439,51.6,116.1,1,0.4444444444444445,0.0,D2,D2,Tier 4 (D2 Profit or Frequency),False,False,False,Direct / Organic,Clear Protein,False,1,2025-10-31 16:00:00+00:00,2025-11,2025
8488870707455,51.6,129.0,1,0.4,0.0,D2,D2,Tier 4 (D2 Profit or Frequency),False,False,False,Direct / Organic,Clear Protein,False,1,2025-10-31 16:00:00+00:00,2025-11,2025
8618087284991,51.6,129.0,1,0.4,0.0,D2,D2,Tier 4 (D2 Profit or Frequency),False,False,False,Direct / Organic,Clear Protein,False,1,2025-12-14 16:00:00+00:00,2025-12,2025
8705236009215,51.6,129.0,1,0.4,0.0,D2,D2,Tier 4 (D2 Profit or Frequency),False,False,False,Direct / Organic,Clear Protein,False,1,2026-01-19 16:00:00+00:00,2026-01,2026
8716200411391,51.6,69.99,1,0.7372481783111873,1.0,D2,D2,Tier 4 (D2 Profit or Frequency),False,False,False,Direct / Organic,Clear Protein,False,1,2026-01-25 16:00:00+00:00,2026-01,2026
7671933108479,51.56,96.67,1,0.5333609185890141,0.0,D2,D5,Tier 4 (D2 Profit or Frequency),False,False,False,Subscription,Clear Protein,False,2,2024-12-01 16:00:00+00:00,2024-12,2024
7707724022015,51.56,128.9,1,0.4,0.0,D2,D5,Tier 4 (D2 Profit or Frequency),False,False,False,Subscription,Lean Protein,False,2,2024-12-14 16:00:00+00:00,2024-12,2024
7723877564671,51.56,128.9,1,0.4,0.0,D2,D5,Tier 4 (D2 Profit or Frequency),False,False,False,Subscription,Lean Protein,False,2,2025-01-09 16:00:00+00:00,2025-01,2025
7728017015039,51.56,109.56,1,0.470609711573567,0.0,D2,D5,Tier 4 (D2 Profit or Frequency),False,False,False,Subscription,Clear Protein,False,2,2024-12-24 16:00:00+00:00,2024-12,2024
7867022213375,51.56,116.01,1,0.4444444444444444,0.0,D2,D3,Tier 4 (D2 Profit or Frequency),False,False,False,Direct / Organic,Clear Protein,False,2,2025-02-21 16:00:00+00:00,2025-02,2025
7977957818623,51.56,128.9,1,0.4,0.0,D2,D3,Tier 4 (D2 Profit or Frequency),False,False,False,Paid Social,Clear Protein,False,2,2025-04-25 16:00:00+00:00,2025-04,2025
8055235969279,51.56,129.5,1,0.39814671814671815,0.0,D2,D3,Tier 4 (D2 Profit or Frequency),False,False,False,Direct / Organic,Clear Protein,False,2,2025-05-16 16:00:00+00:00,2025-05,2025
8094545182975,51.56,128.9,1,0.4,0.0,D2,D3,Tier 4 (D2 Profit or Frequency),False,False,False,Direct / Organic,Lean Protein,False,2,2025-05-30 16:00:00+00:00,2025-05,2025
8121945030911,51.56,116.01,1,0.4444444444444444,0.0,D2,D3,Tier 4 (D2 Profit or Frequency),False,False,False,Direct / Organic,Lean Protein,False,2,2025-06-09 16:00:00+00:00,2025-06,2025
8161189069055,51.56,109.57,1,0.4705667609747194,0.0,D2,D3,Tier 4 (D2 Profit or Frequency),False,False,False,Direct / Organic,Clear Protein,False,2,2025-06-25 16:00:00+00:00,2025-06,2025
8171262771455,51.56,128.9,1,0.4,0.0,D2,D3,Tier 4 (D2 Profit or Frequency),False,False,False,Direct / Organic,Lean Protein,False,2,2025-06-30 16:00:00+00:00,2025-07,2025
6612679590143,51.55,128.88,2,0.4000000000000001,0.0,D2,D2,Tier 4 (D2 Profit or Frequency),False,False,False,Subscription,Other,True,2,2023-03-23 16:00:00+00:00,2023-03,2023
8488364703999,51.55,115.99,1,0.4444521079403397,0.0,D2,D2,Tier 4 (D2 Profit or Frequency),False,False,False,Direct / Organic,Clear Protein,False,1,2025-10-31 16:00:00+00:00,2025-11,2025
7168840892671,51.52,115.92,1,0.4444444444444445,0.0,D2,D5,Tier 4 (D2 Profit or Frequency),False,False,False,Subscription,Collagen Glow,False,3,2024-04-03 16:00:00+00:00,2024-04,2024
7574819307775,51.52,90.16,1,0.5714285714285715,0.0,D2,D5,Tier 4 (D2 Profit or Frequency),False,False,False,Subscription,Other,False,2,2024-10-29 16:00:00+00:00,2024-10,2024
7756398854399,51.48,128.69,2,0.4,0.0,D2,D1,Tier 3 (D1 Frequency Only),False,True,False,Subscription,Other,True,2,2024-01-02 16:00:00+00:00,2024-01,2024
7755960910079,51.47,131.39,5,0.39169741697416977,0.0,D2,D1,Tier 3 (D1 Frequency Only),False,True,False,Subscription,Soy Protein,True,2,2023-09-03 16:00:00+00:00,2023-09,2023
7756348719359,51.47,134.12,5,0.3837324898328062,0.0,D2,D1,Tier 3 (D1 Frequency Only),False,True,False,Subscription,Collagen Glow,True,2,2023-03-24 16:00:00+00:00,2023-03,2023
7364114153727,51.42,128.56,1,0.3999999999999999,0.0,D2,D5,Tier 4 (D2 Profit or Frequency),False,False,False,Subscription,Other,False,2,2024-08-28 16:00:00+00:00,2024-08,2024
6336661586175,51.39,133.38,1,0.38530514319988013,0.0,D2,D5,Tier 4 (D2 Profit or Frequency),False,False,False,Subscription,Unknown,False,1,2022-04-03 16:00:00+00:00,2022-04,2022
7972114432255,51.38,131.46,4,0.3908413205537806,0.0,D2,D1,Tier 3 (D1 Frequency Only),False,True,False,Subscription,Accessories,True,4,2025-04-21 16:00:00+00:00,2025-04,2025
6423611080959,51.37,128.43,1,0.39999999999999997,0.0,D2,D5,Tier 4 (D2 Profit or Frequency),False,False,False,Subscription,Unknown,False,1,2022-01-10 16:00:00+00:00,2022-01,2022
6329866911999,51.36,133.3,1,0.38529632408102027,0.0,D2,D5,Tier 4 (D2 Profit or Frequency),False,False,False,Subscription,Unknown,False,1,2022-01-18 16:00:00+00:00,2022-01,2022
7206147490047,51.34,128.36,1,0.39999999999999997,0.0,D2,D5,Tier 4 (D2 Profit or Frequency),False,False,False,Subscription,Other,False,3,2024-04-16 16:00:00+00:00,2024-04,2024
7756427919615,51.29,128.22,2,0.4000000000000001,0.0,D2,D1,Tier 3 (D1 Frequency Only),False,True,False,Subscription,Other,True,4,2024-05-20 16:00:00+00:00,2024-05,2024
7756428378367,51.29,128.22,2,0.4000000000000001,0.0,D2,D1,Tier 3 (D1 Frequency Only),False,True,False,Subscription,Other,True,4,2024-05-20 16:00:00+00:00,2024-05,2024
7756048695551,51.22,133.52,2,0.38365864729913746,0.0,D2,D1,Tier 3 (D1 Frequency Only),False,True,False,Direct / Organic,Unknown,False,1,2022-01-04 16:00:00+00:00,2022-01,2022
8350898585855,51.2,72.2,1,0.7091412742382271,1.0,D2,D3,Tier 4 (D2 Profit or Frequency),False,False,False,Direct / Organic,Clear Protein,False,1,2025-09-27 16:00:00+00:00,2025-09,2025
8633815073023,51.2,69.8,1,0.7335243553008596,1.0,D2,D2,Tier 4 (D2 Profit or Frequency),False,False,False,Direct / Organic,Other,False,2,2025-12-18 16:00:00+00:00,2025-12,2025
8712990687487,51.19,69.58,1,0.7356999137683242,1.0,D2,D2,Tier 4 (D2 Profit or Frequency),False,False,False,Direct / Organic,Clear Protein,False,1,2026-01-23 16:00:00+00:00,2026-01,2026
8713464840447,51.19,69.58,1,0.7356999137683242,1.0,D2,D2,Tier 4 (D2 Profit or Frequency),False,False,False,Direct / Organic,Clear Protein,False,1,2026-01-24 16:00:00+00:00,2026-01,2026
8721809441023,51.19,71.16,1,0.7193648116919618,1.0,D2,D2,Tier 4 (D2 Profit or Frequency),False,False,False,Subscription,Clear Protein,True,2,2026-01-28 16:00:00+00:00,2026-01,2026
8700572008703,51.17,69.56,1,0.7356239217941346,1.0,D2,D2,Tier 4 (D2 Profit or Frequency),False,False,False,Direct / Organic,Clear Protein,False,1,2026-01-17 16:00:00+00:00,2026-01,2026
8669942120703,51.04,69.43,1,0.735128906812617,1.0,D2,D2,Tier 4 (D2 Profit or Frequency),False,False,False,Direct / Organic,Clear Protein,False,1,2026-01-03 16:00:00+00:00,2026-01,2026
7878900580607,51.02,125.41,4,0.40679371660952085,0.0,D2,D1,Tier 3 (D1 Frequency Only),False,True,False,Subscription,Other,True,2,2025-02-26 16:00:00+00:00,2025-02,2025
6327760879871,50.97,132.32,1,0.38518742442563486,0.0,D2,D5,Tier 4 (D2 Profit or Frequency),False,False,False,Subscription,Unknown,False,1,2022-08-05 16:00:00+00:00,2022-08,2022
6991974007039,50.9,114.53,1,0.4444599668209203,0.0,D2,D5,Tier 4 (D2 Profit or Frequency),False,False,False,Subscription,Other,True,2,2024-01-08 16:00:00+00:00,2024-01,2024
7756407996671,50.86,102.99,1,0.49383587842410337,0.0,D2,D4,Tier 4 (D2 Profit or Frequency),False,False,False,Direct / Organic,Other,False,1,2024-02-18 16:00:00+00:00,2024-02,2024
7249233608959,50.84,101.68,1,0.5000393391030685,0.0,D2,D5,Tier 4 (D2 Profit or Frequency),False,False,False,Subscription,Other,True,2,2024-04-29 16:00:00+00:00,2024-04,2024
8630208233727,50.78,69.17,1,0.7341332947809744,1.0,D2,D2,Tier 4 (D2 Profit or Frequency),False,False,False,Paid Social,Clear Protein,False,1,2025-12-17 16:00:00+00:00,2025-12,2025
8087298408703,50.68,126.7,1,0.39999999999999997,0.0,D2,D3,Tier 4 (D2 Profit or Frequency),False,False,False,Subscription,Lean Protein,True,2,2025-05-27 16:00:00+00:00,2025-05,2025
7756485656831,50.65,120.03,1,0.4220039887909924,0.0,D2,D4,Tier 4 (D2 Profit or Frequency),False,False,False,Direct / Organic,Accessories,False,3,2024-12-21 16:00:00+00:00,2024-12,2024
7756035358975,50.65,129.35,1,0.39156592634242343,0.0,D2,D4,Tier 4 (D2 Profit or Frequency),False,False,False,Direct / Organic,Unknown,False,1,2022-05-05 16:00:00+00:00,2022-05,2022
8607681282303,50.63,69.02,1,0.733555491161982,1.0,D2,D2,Tier 4 (D2 Profit or Frequency),False,False,False,Paid Social,Clear Protein,False,1,2025-12-10 16:00:00+00:00,2025-12,2025
8289248674047,50.62,113.9,1,0.44446005267778754,0.0,D2,D3,Tier 4 (D2 Profit or Frequency),False,False,False,Direct / Organic,Clear Protein,False,1,2025-08-25 16:00:00+00:00,2025-08,2025
7756015403263,50.62,126.55,1,0.4,0.0,D2,D4,Tier 4 (D2 Profit or Frequency),False,False,False,Direct / Organic,Unknown,False,1,2022-09-14 16:00:00+00:00,2022-09,2022
6327504011519,50.61,74.0,1,0.6839189189189189,1.0,D2,D5,Tier 4 (D2 Profit or Frequency),False,False,False,Direct / Organic,Clear Protein,False,1,2025-12-23 16:00:00+00:00,2025-12,2025
8350754898175,50.61,74.0,1,0.6839189189189189,1.0,D2,D3,Tier 4 (D2 Profit or Frequency),False,False,False,Direct / Organic,Clear Protein,False,1,2025-09-27 16:00:00+00:00,2025-09,2025
8350990729471,50.61,74.0,1,0.6839189189189189,1.0,D2,D3,Tier 4 (D2 Profit or Frequency),False,False,False,Direct / Organic,Unknown,False,2,2025-10-22 16:00:00+00:00,2025-10,2025
8438487843071,50.61,74.0,1,0.6839189189189189,1.0,D2,D2,Tier 4 (D2 Profit or Frequency),False,False,False,Direct / Organic,Clear Protein,False,1,2025-10-18 16:00:00+00:00,2025-10,2025
8479441551615,50.61,67.1,1,0.75424739195231,1.0,D2,D2,Tier 4 (D2 Profit or Frequency),False,False,False,Direct / Organic,Clear Protein,False,1,2025-10-27 16:00:00+00:00,2025-10,2025
8488219017471,50.61,62.1,1,0.814975845410628,1.0,D2,D2,Tier 4 (D2 Profit or Frequency),False,False,False,Direct / Organic,Clear Protein,False,1,2025-10-31 16:00:00+00:00,2025-11,2025
8488239988991,50.61,62.1,1,0.814975845410628,1.0,D2,D2,Tier 4 (D2 Profit or Frequency),False,False,False,Direct / Organic,Clear Protein,False,1,2025-10-31 16:00:00+00:00,2025-11,2025
8488432992511,50.61,62.1,1,0.814975845410628,1.0,D2,D2,Tier 4 (D2 Profit or Frequency),False,False,False,Direct / Organic,Clear Protein,False,1,2025-10-31 16:00:00+00:00,2025-11,2025
8591215427839,50.61,74.0,1,0.6839189189189189,1.0,D2,D2,Tier 4 (D2 Profit or Frequency),False,False,False,Direct / Organic,Clear Protein,False,1,2025-12-04 16:00:00+00:00,2025-12,2025
8672541606143,50.61,74.0,1,0.6839189189189189,1.0,D2,D2,Tier 4 (D2 Profit or Frequency),False,False,False,Direct / Organic,Clear Protein,False,1,2026-01-05 16:00:00+00:00,2026-01,2026
8691058213119,50.61,70.38,1,0.7190963341858483,1.0,D2,D2,Tier 4 (D2 Profit or Frequency),False,False,False,Direct / Organic,Clear Protein,False,1,2026-01-13 16:00:00+00:00,2026-01,2026
8697188122879,50.61,70.73,1,0.7155379612611339,1.0,D2,D2,Tier 4 (D2 Profit or Frequency),False,False,False,Direct / Organic,Clear Protein,False,1,2026-01-15 16:00:00+00:00,2026-01,2026
8702625251583,50.61,71.69,1,0.7059562003068769,1.0,D2,D2,Tier 4 (D2 Profit or Frequency),False,False,False,Direct / Organic,Clear Protein,False,1,2026-01-18 16:00:00+00:00,2026-01,2026
8708959928575,50.61,74.0,1,0.6839189189189189,1.0,D2,D2,Tier 4 (D2 Profit or Frequency),False,False,False,Direct / Organic,Clear Protein,False,1,2026-01-21 16:00:00+00:00,2026-01,2026
8713261121791,50.61,74.0,1,0.6839189189189189,1.0,D2,D2,Tier 4 (D2 Profit or Frequency),False,False,False,Direct / Organic,Clear Protein,False,1,2026-01-24 16:00:00+00:00,2026-01,2026
8718133362943,50.61,74.0,1,0.6839189189189189,1.0,D2,D2,Tier 4 (D2 Profit or Frequency),False,False,False,Direct / Organic,Clear Protein,False,1,2026-01-26 16:00:00+00:00,2026-01,2026
8737075822847,50.61,74.0,1,0.6839189189189189,1.0,D2,D2,Tier 4 (D2 Profit or Frequency),False,False,False,Direct / Organic,Clear Protein,False,1,2026-02-02 16:00:00+00:00,2026-02,2026
8761140216063,50.61,58.65,1,0.8629156010230179,1.0,D2,D2,Tier 4 (D2 Profit or Frequency),False,False,False,Direct / Organic,Clear Protein,False,1,2026-02-06 16:00:00+00:00,2026-02,2026
8761335447807,50.61,58.65,1,0.8629156010230179,1.0,D2,D2,Tier 4 (D2 Profit or Frequency),False,False,False,Direct / Organic,Clear Protein,False,1,2026-02-06 16:00:00+00:00,2026-02,2026
8761361301759,50.61,58.65,1,0.8629156010230179,1.0,D2,D2,Tier 4 (D2 Profit or Frequency),False,False,False,Direct / Organic,Clear Protein,False,1,2026-02-06 16:00:00+00:00,2026-02,2026
8761495748863,50.61,58.65,1,0.8629156010230179,1.0,D2,D2,Tier 4 (D2 Profit or Frequency),False,False,False,Direct / Organic,Clear Protein,False,1,2026-02-06 16:00:00+00:00,2026-02,2026
8761661260031,50.61,55.2,1,0.9168478260869565,1.0,D2,D2,Tier 4 (D2 Profit or Frequency),False,False,False,Direct / Organic,Clear Protein,False,1,2026-02-06 16:00:00+00:00,2026-02,2026
8761679806719,50.61,69.0,1,0.7334782608695652,1.0,D2,D2,Tier 4 (D2 Profit or Frequency),False,False,False,Direct / Organic,Clear Protein,False,1,2026-02-06 16:00:00+00:00,2026-02,2026
8761725026559,50.61,58.65,1,0.8629156010230179,1.0,D2,D2,Tier 4 (D2 Profit or Frequency),False,False,False,Direct / Organic,Clear Protein,False,1,2026-02-06 16:00:00+00:00,2026-02,2026
8768194806015,50.61,74.0,1,0.6839189189189189,1.0,D2,D2,Tier 4 (D2 Profit or Frequency),False,False,False,Direct / Organic,Clear Protein,False,1,2026-02-10 16:00:00+00:00,2026-02,2026
8785986322687,50.61,74.0,1,0.6839189189189189,1.0,D2,D2,Tier 4 (D2 Profit or Frequency),False,False,False,Direct / Organic,Clear Protein,False,1,2026-02-16 16:00:00+00:00,2026-02,2026
8822041116927,50.61,74.0,1,0.6839189189189189,1.0,D2,D2,Tier 4 (D2 Profit or Frequency),False,False,False,Direct / Organic,Clear Protein,False,1,2026-03-03 16:00:00+00:00,2026-03,2026
8822341075199,50.61,74.0,1,0.6839189189189189,1.0,D2,D2,Tier 4 (D2 Profit or Frequency),False,False,False,Direct / Organic,Clear Protein,False,1,2026-03-03 16:00:00+00:00,2026-03,2026
8828864200959,50.61,74.0,1,0.6839189189189189,1.0,D2,D2,Tier 4 (D2 Profit or Frequency),False,False,False,Direct / Organic,Clear Protein,False,1,2026-03-05 16:00:00+00:00,2026-03,2026
8839762575615,50.61,74.0,1,0.6839189189189189,1.0,D2,D2,Tier 4 (D2 Profit or Frequency),False,False,False,Direct / Organic,Clear Protein,False,1,2026-03-10 16:00:00+00:00,2026-03,2026
8848180150527,50.61,74.0,1,0.6839189189189189,1.0,D2,D2,Tier 4 (D2 Profit or Frequency),False,False,False,Direct / Organic,Clear Protein,False,1,2026-03-14 16:00:00+00:00,2026-03,2026
8856898175231,50.61,74.0,1,0.6839189189189189,1.0,D2,D2,Tier 4 (D2 Profit or Frequency),False,False,False,Direct / Organic,Clear Protein,False,1,2026-03-17 16:00:00+00:00,2026-03,2026
8880816423167,50.61,69.0,1,0.7334782608695652,1.0,D2,D2,Tier 4 (D2 Profit or Frequency),False,False,False,Direct / Organic,Clear Protein,False,1,2026-03-25 16:00:00+00:00,2026-03,2026
7755960221951,50.54,134.53,3,0.3756729361414574,0.0,D2,D1,Tier 3 (D1 Frequency Only),False,True,False,Direct / Organic,Unknown,False,1,2022-02-23 16:00:00+00:00,2022-02,2022
7845454479615,50.48,126.21,1,0.4,0.0,D2,D3,Tier 4 (D2 Profit or Frequency),False,False,False,Paid Social,Lean Protein,False,3,2025-05-09 16:00:00+00:00,2025-05,2025
7942389006591,50.48,68.87,1,0.7329751706112967,1.0,D2,D3,Tier 4 (D2 Profit or Frequency),False,False,False,Direct / Organic,Clear Protein,False,1,2026-01-10 16:00:00+00:00,2026-01,2026
7755926143231,50.46,126.14,2,0.4,0.0,D2,D2,Tier 4 (D2 Profit or Frequency),False,False,False,Direct / Organic,Unknown,False,1,2022-02-12 16:00:00+00:00,2022-02,2022
7755980243199,50.45,115.22,2,0.43783925941510626,0.0,D2,D2,Tier 4 (D2 Profit or Frequency),False,False,False,Direct / Organic,Unknown,False,1,2022-02-09 16:00:00+00:00,2022-02,2022
8608936100095,50.42,68.81,1,0.7327423339630867,1.0,D2,D2,Tier 4 (D2 Profit or Frequency),False,False,False,Paid Social,Clear Protein,False,1,2025-12-11 16:00:00+00:00,2025-12,2025
7755969102079,50.39,119.91,2,0.4202072276977509,0.0,D2,D2,Tier 4 (D2 Profit or Frequency),False,False,False,Direct / Organic,Unknown,False,2,2022-09-01 16:00:00+00:00,2022-09,2022
6480331735295,50.36,119.59,1,0.4210719959862865,0.0,D2,D5,Tier 4 (D2 Profit or Frequency),False,False,False,Subscription,Unknown,False,2,2022-12-19 16:00:00+00:00,2022-12,2022
7929521078527,50.16,128.08,3,0.39163023110555906,0.0,D2,D1,Tier 3 (D1 Frequency Only),False,True,False,Paid Social,Clear Protein,False,3,2025-03-27 16:00:00+00:00,2025-03,2025
6329600704767,50.0,124.99,1,0.4,0.0,D2,D5,Tier 4 (D2 Profit or Frequency),False,False,False,Subscription,Unknown,False,1,2022-02-27 16:00:00+00:00,2022-02,2022
8369895768319,49.95,69.51,1,0.7186016400517911,1.0,D2,D2,Tier 4 (D2 Profit or Frequency),False,False,False,Direct / Organic,Clear Protein,False,1,2025-10-06 16:00:00+00:00,2025-10,2025
7756030148863,49.91,127.51,2,0.39144446028803653,0.0,D2,D1,Tier 3 (D1 Frequency Only),False,True,False,Direct / Organic,Unknown,False,1,2022-06-22 16:00:00+00:00,2022-06,2022
7756300517631,49.91,119.45,3,0.41785986097721856,0.0,D2,D1,Tier 3 (D1 Frequency Only),False,True,False,Direct / Organic,Unknown,True,1,2023-02-04 16:00:00+00:00,2023-02,2023
6328298111231,49.91,134.58,2,0.3708723435874573,0.0,D2,D2,Tier 4 (D2 Profit or Frequency),False,False,False,Subscription,Unknown,False,1,2022-08-03 16:00:00+00:00,2022-08,2022
7756044730623,49.85,127.36,1,0.3914346895074946,0.0,D2,D4,Tier 4 (D2 Profit or Frequency),False,False,False,Direct / Organic,Unknown,False,1,2022-01-29 16:00:00+00:00,2022-01,2022
7946949165311,49.68,124.2,2,0.4,0.0,D2,D1,Tier 3 (D1 Frequency Only),False,True,False,Subscription,Clear Protein,True,1,2025-04-07 16:00:00+00:00,2025-04,2025
8015956279551,49.68,124.2,2,0.4,0.0,D2,D1,Tier 3 (D1 Frequency Only),False,True,False,Subscription,Clear Protein,True,1,2025-05-04 16:00:00+00:00,2025-05,2025
8035905110271,49.68,117.99,2,0.4210526315789474,0.0,D2,D1,Tier 3 (D1 Frequency Only),False,True,False,Subscription,Clear Protein,True,1,2025-05-10 16:00:00+00:00,2025-05,2025
8082604687615,49.68,114.88,2,0.4324512534818942,0.0,D2,D1,Tier 3 (D1 Frequency Only),False,True,False,Subscription,Clear Protein,True,1,2025-05-26 16:00:00+00:00,2025-05,2025
8115150946559,49.68,124.2,1,0.4,0.0,D2,D3,Tier 4 (D2 Profit or Frequency),False,False,False,Subscription,Clear Protein,True,1,2025-06-07 16:00:00+00:00,2025-06,2025
8119165911295,49.68,111.78,1,0.4444444444444445,0.0,D2,D3,Tier 4 (D2 Profit or Frequency),False,False,False,Subscription,Clear Protein,True,1,2025-06-09 16:00:00+00:00,2025-06,2025
7755989221631,49.66,97.2,2,0.5108956573245628,0.0,D2,D2,Tier 4 (D2 Profit or Frequency),False,False,False,Direct / Organic,Other,False,2,2024-06-29 16:00:00+00:00,2024-06,2024
7756364677375,49.66,123.55,2,0.40195236810478036,0.0,D2,D1,Tier 3 (D1 Frequency Only),False,True,False,Direct / Organic,Other,False,2,2023-06-21 16:00:00+00:00,2023-06,2023
8841991520511,49.66,59.0,1,0.8416949152542372,1.0,D2,D2,Tier 4 (D2 Profit or Frequency),False,False,False,Direct / Organic,Other,False,1,2026-03-11 16:00:00+00:00,2026-03,2026
8226074820863,49.55,120.49,1,0.4112540459789194,0.0,D2,D3,Tier 4 (D2 Profit or Frequency),False,False,False,Email,Lean Protein,False,1,2025-08-11 16:00:00+00:00,2025-08,2025
7756474777855,49.55,117.68,1,0.42105263157894746,0.0,D2,D4,Tier 4 (D2 Profit or Frequency),False,False,False,Direct / Organic,Accessories,False,3,2024-10-16 16:00:00+00:00,2024-10,2024
8853473394943,49.47,67.86,1,0.729000884173298,1.0,D2,D2,Tier 4 (D2 Profit or Frequency),False,False,False,Subscription,Clear Protein,True,1,2026-03-16 16:00:00+00:00,2026-03,2026
7756043321599,49.42,111.13,2,0.44472923597098774,0.0,D2,D1,Tier 3 (D1 Frequency Only),False,True,False,Direct / Organic,Unknown,False,3,2022-02-13 16:00:00+00:00,2022-02,2022
7756462326015,49.32,126.03,2,0.39134405228192426,0.0,D2,D1,Tier 3 (D1 Frequency Only),False,True,False,Direct / Organic,Clear Protein,False,1,2024-09-02 16:00:00+00:00,2024-09,2024
8484645535999,49.22,60.85,1,0.8088742810188989,1.0,D2,D2,Tier 4 (D2 Profit or Frequency),False,False,False,Direct / Organic,Clear Protein,False,1,2025-10-29 16:00:00+00:00,2025-10,2025
8653191905535,49.21,58.8,1,0.8369047619047618,1.0,D2,D2,Tier 4 (D2 Profit or Frequency),False,False,False,Direct / Organic,Soy Protein,False,2,2025-12-26 16:00:00+00:00,2025-12,2025
8097477132543,49.16,122.9,1,0.4,0.0,D2,D3,Tier 4 (D2 Profit or Frequency),False,False,False,Subscription,Accessories,True,3,2025-06-01 16:00:00+00:00,2025-06,2025
8312613896447,49.11,113.67,1,0.43202252133368524,0.0,D2,D3,Tier 4 (D2 Profit or Frequency),False,False,False,Subscription,Clear Protein,True,2,2025-09-07 16:00:00+00:00,2025-09,2025
8484438245631,49.08,67.47,1,0.727434415295687,1.0,D2,D2,Tier 4 (D2 Profit or Frequency),False,False,False,Direct / Organic,Clear Protein,False,1,2025-10-29 16:00:00+00:00,2025-10,2025
8699412250879,49.06,110.38,1,0.44442833846711366,0.0,D2,D2,Tier 4 (D2 Profit or Frequency),False,False,False,Subscription,Collagen Glow,True,1,2026-01-16 16:00:00+00:00,2026-01,2026
6423594107135,49.03,122.58,1,0.39999999999999997,0.0,D2,D5,Tier 4 (D2 Profit or Frequency),False,False,False,Subscription,Unknown,False,1,2022-04-12 16:00:00+00:00,2022-04,2022
8241444520191,49.01,122.52,1,0.4,0.0,D2,D3,Tier 4 (D2 Profit or Frequency),False,False,False,Direct / Organic,Lean Protein,False,1,2025-08-05 16:00:00+00:00,2025-08,2025
8248092655871,49.0,110.26,1,0.4444041356793034,0.0,D2,D3,Tier 4 (D2 Profit or Frequency),False,False,False,Direct / Organic,Lean Protein,False,1,2025-08-09 16:00:00+00:00,2025-08,2025
8293395071231,49.0,122.5,1,0.4,0.0,D2,D3,Tier 4 (D2 Profit or Frequency),False,False,False,Direct / Organic,Lean Protein,False,1,2025-08-27 16:00:00+00:00,2025-08,2025
8843455529215,49.0,64.53,1,0.7593367426003409,1.0,D2,D2,Tier 4 (D2 Profit or Frequency),False,False,False,Direct / Organic,Clear Protein,False,2,2026-03-12 16:00:00+00:00,2026-03,2026
8373600026879,48.93,67.32,1,0.7268270944741533,1.0,D2,D2,Tier 4 (D2 Profit or Frequency),False,False,False,Direct / Organic,Clear Protein,False,1,2025-10-08 16:00:00+00:00,2025-10,2025
8288888717567,48.93,122.32,1,0.4,0.0,D2,D3,Tier 4 (D2 Profit or Frequency),False,False,False,Direct / Organic,Lean Protein,False,1,2025-08-25 16:00:00+00:00,2025-08,2025
8259196453119,48.9,122.24,1,0.4,0.0,D2,D3,Tier 4 (D2 Profit or Frequency),False,False,False,Direct / Organic,Other,False,2,2025-08-14 16:00:00+00:00,2025-08,2025
7755984273663,48.82,124.77,5,0.3912566182542381,0.0,D2,D1,Tier 3 (D1 Frequency Only),False,True,False,Subscription,Unknown,True,3,2024-03-02 16:00:00+00:00,2024-03,2024
8144777707775,48.8,122.0,1,0.4,0.0,D2,D3,Tier 4 (D2 Profit or Frequency),False,False,False,Subscription,Clear Protein,True,2,2025-06-19 16:00:00+00:00,2025-06,2025
8800846971135,48.76,67.99,1,0.7171642888660097,1.0,D2,D2,Tier 4 (D2 Profit or Frequency),False,False,False,Direct / Organic,Accessories,False,2,2026-02-24 16:00:00+00:00,2026-02,2026
8438075523327,48.74,67.13,1,0.7260539252197229,1.0,D2,D2,Tier 4 (D2 Profit or Frequency),False,False,False,Direct / Organic,Clear Protein,False,1,2025-10-18 16:00:00+00:00,2025-10,2025
8438237298943,48.74,67.13,1,0.7260539252197229,1.0,D2,D2,Tier 4 (D2 Profit or Frequency),False,False,False,Direct / Organic,Clear Protein,False,1,2025-10-18 16:00:00+00:00,2025-10,2025
8439901749503,48.73,67.12,1,0.7260131108462455,1.0,D2,D2,Tier 4 (D2 Profit or Frequency),False,False,False,Direct / Organic,Clear Protein,False,1,2025-10-18 16:00:00+00:00,2025-10,2025
8362934567167,48.72,67.11,1,0.7259722843093429,1.0,D2,D3,Tier 4 (D2 Profit or Frequency),False,False,False,Direct / Organic,Clear Protein,False,1,2025-10-02 16:00:00+00:00,2025-10,2025
7469864222975,48.64,91.2,1,0.5333333333333333,0.0,D2,D5,Tier 4 (D2 Profit or Frequency),False,False,False,Subscription,Other,False,2,2024-08-27 16:00:00+00:00,2024-08,2024
8353921532159,48.63,73.14,1,0.6648892534864642,1.0,D2,D3,Tier 4 (D2 Profit or Frequency),False,False,False,Direct / Organic,Clear Protein,False,1,2025-09-29 16:00:00+00:00,2025-09,2025
8877871202559,48.61,67.84,1,0.7165389150943396,1.0,D2,D2,Tier 4 (D2 Profit or Frequency),False,False,False,Direct / Organic,Accessories,False,2,2026-03-24 16:00:00+00:00,2026-03,2026
8277078343935,48.58,103.24,1,0.47059279349089506,0.0,D2,D3,Tier 4 (D2 Profit or Frequency),False,False,False,Direct / Organic,Clear Protein,False,2,2025-08-24 16:00:00+00:00,2025-08,2025
8683348623615,48.56,68.1,1,0.7130690161527167,1.0,D2,D2,Tier 4 (D2 Profit or Frequency),False,False,False,Direct / Organic,Clear Protein,False,1,2026-01-09 16:00:00+00:00,2026-01,2026
7029599928575,48.52,109.17,1,0.4444810845470367,0.0,D2,D5,Tier 4 (D2 Profit or Frequency),False,False,False,Subscription,Unknown,True,3,2024-01-21 16:00:00+00:00,2024-01,2024
7756007014655,48.46,109.04,1,0.44444444444444453,0.0,D2,D4,Tier 4 (D2 Profit or Frequency),False,False,False,Direct / Organic,Unknown,False,2,2022-10-19 16:00:00+00:00,2022-10,2022
7756007571711,48.46,121.15,1,0.4,0.0,D2,D4,Tier 4 (D2 Profit or Frequency),False,False,False,Direct / Organic,Other,False,1,2022-10-21 16:00:00+00:00,2022-10,2022
7756261032191,48.46,115.09,1,0.42105263157894746,0.0,D2,D4,Tier 4 (D2 Profit or Frequency),False,False,False,Direct / Organic,Other,False,1,2022-12-10 16:00:00+00:00,2022-12,2022
7756410749183,48.45,96.9,1,0.5000000000000001,0.0,D2,D4,Tier 4 (D2 Profit or Frequency),False,False,False,Direct / Organic,Other,False,2,2024-03-29 16:00:00+00:00,2024-03,2024
7756266864895,48.44,92.63,1,0.52288265890281,0.0,D2,D4,Tier 4 (D2 Profit or Frequency),False,False,False,Direct / Organic,Collagen Glow,False,1,2023-01-27 16:00:00+00:00,2023-01,2023
7756328435967,48.44,98.69,1,0.49077343486137126,0.0,D2,D4,Tier 4 (D2 Profit or Frequency),False,False,False,Direct / Organic,Collagen Glow,False,1,2023-02-05 16:00:00+00:00,2023-02,2023
7756401017087,48.44,98.08,1,0.4938363147650385,0.0,D2,D4,Tier 4 (D2 Profit or Frequency),False,False,False,Direct / Organic,Collagen Glow,False,1,2024-01-10 16:00:00+00:00,2024-01,2024
7756469403903,48.44,84.76,1,0.5714285714285714,0.0,D2,D4,Tier 4 (D2 Profit or Frequency),False,False,False,Direct / Organic,Collagen Glow,False,1,2024-09-29 16:00:00+00:00,2024-09,2024
7756356616447,48.44,104.15,1,0.46508379888268153,0.0,D2,D4,Tier 4 (D2 Profit or Frequency),False,False,False,Direct / Organic,Soy Protein,False,2,2023-03-26 16:00:00+00:00,2023-03,2023
6328286970111,48.42,121.05,1,0.4,0.0,D2,D5,Tier 4 (D2 Profit or Frequency),False,False,False,Subscription,Unknown,False,1,2022-08-26 16:00:00+00:00,2022-08,2022
8445704863999,48.41,64.3,1,0.7528771384136859,1.0,D2,D2,Tier 4 (D2 Profit or Frequency),False,False,False,Direct / Organic,Clear Protein,False,3,2025-10-19 16:00:00+00:00,2025-10,2025
7756026773759,48.16,129.21,2,0.3727004080866833,0.0,D2,D1,Tier 3 (D1 Frequency Only),False,True,False,Direct / Organic,Unknown,False,2,2022-04-28 16:00:00+00:00,2022-04,2022
6788480467199,48.15,120.37,1,0.4,0.0,D2,D5,Tier 4 (D2 Profit or Frequency),False,False,False,Subscription,Other,False,1,2023-08-27 16:00:00+00:00,2023-08,2023
6327740858623,48.0,119.99,1,0.4,0.0,D2,D5,Tier 4 (D2 Profit or Frequency),False,False,False,Subscription,Unknown,False,1,2022-08-14 16:00:00+00:00,2022-08,2022
7516977463551,47.92,113.81,1,0.4210877778754064,0.0,D2,D5,Tier 4 (D2 Profit or Frequency),False,False,False,Subscription,Clear Protein,False,3,2024-09-25 16:00:00+00:00,2024-09,2024
6327629250815,47.92,100.74,1,0.4756799682350606,0.0,D2,D5,Tier 4 (D2 Profit or Frequency),False,False,False,Subscription,Other,False,1,2023-01-08 16:00:00+00:00,2023-01,2023
6327830610175,47.92,113.81,1,0.4210526315789474,0.0,D2,D5,Tier 4 (D2 Profit or Frequency),False,False,False,Subscription,Other,False,1,2023-06-17 16:00:00+00:00,2023-06,2023
6352858775807,47.92,83.86,1,0.5714285714285715,0.0,D2,D5,Tier 4 (D2 Profit or Frequency),False,False,False,Subscription,Clear Protein,False,1,2024-08-30 16:00:00+00:00,2024-08,2024
6424534089983,47.92,113.81,1,0.4210526315789474,0.0,D2,D5,Tier 4 (D2 Profit or Frequency),False,False,False,Subscription,Other,False,1,2023-09-05 16:00:00+00:00,2023-09,2023
6424704024831,47.92,119.8,1,0.4,0.0,D2,D5,Tier 4 (D2 Profit or Frequency),False,False,False,Direct / Organic,Other,False,1,2025-05-05 16:00:00+00:00,2025-05,2025
6689737474303,47.92,113.81,1,0.4210526315789474,0.0,D2,D5,Tier 4 (D2 Profit or Frequency),False,False,False,Subscription,Other,False,1,2023-06-02 16:00:00+00:00,2023-06,2023
6798553186559,47.92,94.6,2,0.5065539112050741,0.0,D2,D2,Tier 4 (D2 Profit or Frequency),False,False,False,Subscription,Other,False,1,2023-10-07 16:00:00+00:00,2023-10,2023
6964050362623,47.92,107.82,1,0.4444444444444445,0.0,D2,D5,Tier 4 (D2 Profit or Frequency),False,False,False,Subscription,Other,False,1,2023-12-18 16:00:00+00:00,2023-12,2023
7093066268927,47.92,113.81,1,0.4210526315789474,0.0,D2,D5,Tier 4 (D2 Profit or Frequency),False,False,False,Subscription,Other,False,1,2024-02-22 16:00:00+00:00,2024-02,2024
7117603078399,47.92,100.74,2,0.47567996823506054,0.0,D2,D2,Tier 4 (D2 Profit or Frequency),False,False,False,Subscription,Other,False,1,2024-03-08 16:00:00+00:00,2024-03,2024
7174332809471,47.92,107.82,1,0.4444444444444445,0.0,D2,D5,Tier 4 (D2 Profit or Frequency),False,False,False,Subscription,Other,False,1,2024-04-06 16:00:00+00:00,2024-04,2024
7176356004095,47.92,107.82,1,0.4444444444444445,0.0,D2,D5,Tier 4 (D2 Profit or Frequency),False,False,False,Subscription,Other,False,1,2024-04-08 16:00:00+00:00,2024-04,2024
7306157261055,47.92,101.83,1,0.4705882352941177,0.0,D2,D5,Tier 4 (D2 Profit or Frequency),False,False,False,Subscription,Lean Protein,False,2,2024-05-25 16:00:00+00:00,2024-05,2024
7309650067711,47.92,129.6,2,0.36975308641975313,0.0,D2,D2,Tier 4 (D2 Profit or Frequency),False,False,False,Subscription,Other,False,1,2024-05-28 16:00:00+00:00,2024-05,2024
7312475947263,47.92,83.86,1,0.5714285714285715,0.0,D2,D5,Tier 4 (D2 Profit or Frequency),False,False,False,Subscription,Lean Protein,False,1,2024-08-30 16:00:00+00:00,2024-08,2024
7312493347071,47.92,88.76,1,0.5398828301036502,0.0,D2,D5,Tier 4 (D2 Profit or Frequency),False,False,False,Subscription,Other,False,1,2024-05-29 16:00:00+00:00,2024-05,2024
7470139703551,47.92,94.75,1,0.5057519788918206,0.0,D2,D5,Tier 4 (D2 Profit or Frequency),False,False,False,Subscription,Other,False,1,2024-08-27 16:00:00+00:00,2024-08,2024
7471355822335,47.92,94.8,1,0.5054852320675106,0.0,D2,D5,Tier 4 (D2 Profit or Frequency),False,False,False,Subscription,Clear Protein,False,1,2024-08-28 16:00:00+00:00,2024-08,2024
7471389180159,47.92,94.75,1,0.5057519788918206,0.0,D2,D5,Tier 4 (D2 Profit or Frequency),False,False,False,Subscription,Clear Protein,False,1,2024-08-28 16:00:00+00:00,2024-08,2024
7471478767871,47.92,94.8,1,0.5054852320675106,0.0,D2,D5,Tier 4 (D2 Profit or Frequency),False,False,False,Subscription,Clear Protein,False,1,2024-08-28 16:00:00+00:00,2024-08,2024
7471875326207,47.92,94.8,1,0.5054852320675106,0.0,D2,D5,Tier 4 (D2 Profit or Frequency),False,False,False,Subscription,Clear Protein,False,1,2024-08-29 16:00:00+00:00,2024-08,2024
7475184992511,47.92,83.86,2,0.5714285714285715,0.0,D2,D2,Tier 4 (D2 Profit or Frequency),False,False,False,Subscription,Clear Protein,False,1,2024-08-30 16:00:00+00:00,2024-08,2024
7475199344895,47.92,83.86,1,0.5714285714285715,0.0,D2,D5,Tier 4 (D2 Profit or Frequency),False,False,False,Subscription,Lean Protein,False,1,2024-08-30 16:00:00+00:00,2024-08,2024
7475289653503,47.92,83.86,1,0.5714285714285715,0.0,D2,D5,Tier 4 (D2 Profit or Frequency),False,False,False,Subscription,Clear Protein,False,1,2024-08-30 16:00:00+00:00,2024-08,2024
7475301023999,47.92,83.86,1,0.5714285714285715,0.0,D2,D5,Tier 4 (D2 Profit or Frequency),False,False,False,Subscription,Clear Protein,False,1,2024-08-30 16:00:00+00:00,2024-08,2024
7475340181759,47.92,83.86,1,0.5714285714285715,0.0,D2,D5,Tier 4 (D2 Profit or Frequency),False,False,False,Subscription,Clear Protein,False,1,2024-08-30 16:00:00+00:00,2024-08,2024
7475370459391,47.92,83.86,1,0.5714285714285715,0.0,D2,D5,Tier 4 (D2 Profit or Frequency),False,False,False,Subscription,Clear Protein,False,1,2024-08-30 16:00:00+00:00,2024-08,2024
7475447496959,47.92,94.8,1,0.5054852320675106,0.0,D2,D5,Tier 4 (D2 Profit or Frequency),False,False,False,Subscription,Clear Protein,False,1,2024-08-30 16:00:00+00:00,2024-08,2024
7475480199423,47.92,83.86,1,0.5714285714285715,0.0,D2,D5,Tier 4 (D2 Profit or Frequency),False,False,False,Subscription,Clear Protein,False,1,2024-08-30 16:00:00+00:00,2024-08,2024
7475531383039,47.92,83.86,1,0.5714285714285715,0.0,D2,D5,Tier 4 (D2 Profit or Frequency),False,False,False,Subscription,Clear Protein,False,1,2024-08-30 16:00:00+00:00,2024-08,2024
7476462551295,47.92,83.86,1,0.5714285714285715,0.0,D2,D5,Tier 4 (D2 Profit or Frequency),False,False,False,Subscription,Clear Protein,False,1,2024-08-31 16:00:00+00:00,2024-09,2024
7476558364927,47.92,83.86,1,0.5714285714285715,0.0,D2,D5,Tier 4 (D2 Profit or Frequency),False,False,False,Subscription,Clear Protein,False,1,2024-08-31 16:00:00+00:00,2024-09,2024
7476578058495,47.92,83.86,1,0.5714285714285715,0.0,D2,D5,Tier 4 (D2 Profit or Frequency),False,False,False,Subscription,Clear Protein,False,1,2024-08-31 16:00:00+00:00,2024-09,2024
7476629799167,47.92,83.86,1,0.5714285714285715,0.0,D2,D5,Tier 4 (D2 Profit or Frequency),False,False,False,Subscription,Clear Protein,False,1,2024-08-31 16:00:00+00:00,2024-09,2024
7476681769215,47.92,83.86,1,0.5714285714285715,0.0,D2,D5,Tier 4 (D2 Profit or Frequency),False,False,False,Subscription,Clear Protein,False,1,2024-08-31 16:00:00+00:00,2024-09,2024
7476727906559,47.92,91.73,2,0.522402703586613,0.0,D2,D2,Tier 4 (D2 Profit or Frequency),False,False,False,Subscription,Lean Protein,False,2,2024-08-31 16:00:00+00:00,2024-09,2024
7476753400063,47.92,83.86,1,0.5714285714285715,0.0,D2,D5,Tier 4 (D2 Profit or Frequency),False,False,False,Subscription,Clear Protein,False,1,2024-08-31 16:00:00+00:00,2024-09,2024
7476778959103,47.92,83.86,1,0.5714285714285715,0.0,D2,D5,Tier 4 (D2 Profit or Frequency),False,False,False,Subscription,Clear Protein,False,1,2024-08-31 16:00:00+00:00,2024-09,2024
7476805697791,47.92,83.86,1,0.5714285714285715,0.0,D2,D5,Tier 4 (D2 Profit or Frequency),False,False,False,Subscription,Clear Protein,False,1,2024-08-31 16:00:00+00:00,2024-09,2024
7476822147327,47.92,83.86,1,0.5714285714285715,0.0,D2,D5,Tier 4 (D2 Profit or Frequency),False,False,False,Subscription,Clear Protein,False,1,2024-08-31 16:00:00+00:00,2024-09,2024
7476840038655,47.92,83.86,2,0.5714285714285715,0.0,D2,D2,Tier 4 (D2 Profit or Frequency),False,False,False,Subscription,Clear Protein,False,1,2024-08-31 16:00:00+00:00,2024-09,2024
7476861501695,47.92,83.86,2,0.5714285714285715,0.0,D2,D2,Tier 4 (D2 Profit or Frequency),False,False,False,Subscription,Other,False,2,2024-08-31 16:00:00+00:00,2024-09,2024
7476875067647,47.92,83.86,1,0.5714285714285715,0.0,D2,D5,Tier 4 (D2 Profit or Frequency),False,False,False,Subscription,Clear Protein,False,1,2024-08-31 16:00:00+00:00,2024-09,2024
7476880802047,47.92,83.86,1,0.5714285714285715,0.0,D2,D5,Tier 4 (D2 Profit or Frequency),False,False,False,Subscription,Clear Protein,False,1,2024-08-31 16:00:00+00:00,2024-09,2024
7476882833663,47.92,83.86,1,0.5714285714285715,0.0,D2,D5,Tier 4 (D2 Profit or Frequency),False,False,False,Subscription,Clear Protein,False,1,2024-08-31 16:00:00+00:00,2024-09,2024
7476927922431,47.92,83.86,1,0.5714285714285715,0.0,D2,D5,Tier 4 (D2 Profit or Frequency),False,False,False,Subscription,Clear Protein,False,1,2024-08-31 16:00:00+00:00,2024-09,2024
7476928381183,47.92,83.86,1,0.5714285714285715,0.0,D2,D5,Tier 4 (D2 Profit or Frequency),False,False,False,Subscription,Clear Protein,False,1,2024-08-31 16:00:00+00:00,2024-09,2024
7477933015295,47.92,113.81,1,0.4210526315789474,0.0,D2,D5,Tier 4 (D2 Profit or Frequency),False,False,False,Subscription,Lean Protein,False,1,2024-09-01 16:00:00+00:00,2024-09,2024
7480472994047,47.92,94.75,1,0.5057519788918206,0.0,D2,D5,Tier 4 (D2 Profit or Frequency),False,False,False,Subscription,Clear Protein,False,2,2024-09-02 16:00:00+00:00,2024-09,2024
7484961325311,47.92,113.81,1,0.4210526315789474,0.0,D2,D5,Tier 4 (D2 Profit or Frequency),False,False,False,Subscription,Lean Protein,False,2,2024-09-08 16:00:00+00:00,2024-09,2024
7489532428543,47.92,113.81,1,0.4210526315789474,0.0,D2,D5,Tier 4 (D2 Profit or Frequency),False,False,False,Subscription,Clear Protein,False,2,2024-09-08 16:00:00+00:00,2024-09,2024
7490946433279,47.92,113.81,1,0.4210526315789474,0.0,D2,D5,Tier 4 (D2 Profit or Frequency),False,False,False,Subscription,Other,False,2,2024-09-10 16:00:00+00:00,2024-09,2024
7493685543167,47.92,101.83,1,0.4705882352941177,0.0,D2,D5,Tier 4 (D2 Profit or Frequency),False,False,False,Subscription,Clear Protein,False,1,2024-09-11 16:00:00+00:00,2024-09,2024
7505538220287,47.92,113.81,1,0.4210526315789474,0.0,D2,D5,Tier 4 (D2 Profit or Frequency),False,False,False,Subscription,Other,False,1,2024-09-17 16:00:00+00:00,2024-09,2024
7521212825855,47.92,88.76,1,0.5398828301036502,0.0,D2,D5,Tier 4 (D2 Profit or Frequency),False,False,False,Subscription,Other,False,1,2024-09-28 16:00:00+00:00,2024-09,2024
7567909912831,47.92,107.82,1,0.4444444444444445,0.0,D2,D5,Tier 4 (D2 Profit or Frequency),False,False,False,Subscription,Other,False,2,2024-10-14 16:00:00+00:00,2024-10,2024
7843278913791,47.92,129.6,2,0.36975308641975313,0.0,D2,D1,Tier 3 (D1 Frequency Only),False,True,False,Direct / Organic,Lean Protein,False,1,2025-02-10 16:00:00+00:00,2025-02,2025
7845034328319,47.92,119.8,1,0.4,0.0,D2,D3,Tier 4 (D2 Profit or Frequency),False,False,False,Direct / Organic,Lean Protein,False,1,2025-02-12 16:00:00+00:00,2025-02,2025
7877314773247,47.92,101.83,1,0.4705882352941177,0.0,D2,D3,Tier 4 (D2 Profit or Frequency),False,False,False,Direct / Organic,Lean Protein,False,1,2025-02-25 16:00:00+00:00,2025-02,2025
7878869090559,47.92,119.8,1,0.4,0.0,D2,D3,Tier 4 (D2 Profit or Frequency),False,False,False,Direct / Organic,Lean Protein,False,1,2025-02-26 16:00:00+00:00,2025-02,2025
7894442672383,47.92,117.72,2,0.4070676180767924,0.0,D2,D1,Tier 3 (D1 Frequency Only),False,True,False,Affiliate,Lean Protein,False,1,2025-03-10 16:00:00+00:00,2025-03,2025
7967067177215,47.92,129.8,2,0.36918335901386745,0.0,D2,D1,Tier 3 (D1 Frequency Only),False,True,False,Paid Social,Lean Protein,False,1,2025-04-18 16:00:00+00:00,2025-04,2025
8111806447871,47.92,125.4,1,0.3821371610845295,0.0,D2,D3,Tier 4 (D2 Profit or Frequency),False,False,False,Direct / Organic,Lean Protein,False,1,2025-06-06 16:00:00+00:00,2025-06,2025
8161186349311,47.92,101.83,1,0.4705882352941177,0.0,D2,D3,Tier 4 (D2 Profit or Frequency),False,False,False,Direct / Organic,Lean Protein,False,1,2025-06-25 16:00:00+00:00,2025-06,2025
8165022564607,47.92,107.82,1,0.4444444444444445,0.0,D2,D3,Tier 4 (D2 Profit or Frequency),False,False,False,Direct / Organic,Lean Protein,False,1,2025-06-27 16:00:00+00:00,2025-06,2025
8166847676671,47.92,107.82,1,0.4444444444444445,0.0,D2,D3,Tier 4 (D2 Profit or Frequency),False,False,False,Direct / Organic,Lean Protein,False,1,2025-06-28 16:00:00+00:00,2025-06,2025
8166912459007,47.92,107.82,1,0.4444444444444445,0.0,D2,D3,Tier 4 (D2 Profit or Frequency),False,False,False,Direct / Organic,Lean Protein,False,1,2025-06-28 16:00:00+00:00,2025-06,2025
8170778689791,47.92,119.8,1,0.4,0.0,D2,D3,Tier 4 (D2 Profit or Frequency),False,False,False,Direct / Organic,Lean Protein,False,1,2025-06-30 16:00:00+00:00,2025-07,2025
8239061270783,47.92,119.8,1,0.4,0.0,D2,D3,Tier 4 (D2 Profit or Frequency),False,False,False,Direct / Organic,Other,False,1,2025-08-04 16:00:00+00:00,2025-08,2025
8312130797823,47.92,119.8,1,0.4,0.0,D2,D3,Tier 4 (D2 Profit or Frequency),False,False,False,Direct / Organic,Lean Protein,False,1,2025-09-07 16:00:00+00:00,2025-09,2025
6521577373951,47.88,125.51,2,0.381483547127719,0.0,D2,D2,Tier 4 (D2 Profit or Frequency),False,False,False,Subscription,Collagen Glow,False,1,2023-01-22 16:00:00+00:00,2023-01,2023
6601910255871,47.88,102.34,1,0.46785225718194257,0.0,D2,D5,Tier 4 (D2 Profit or Frequency),False,False,False,Subscription,Collagen Glow,False,1,2023-04-11 16:00:00+00:00,2023-04,2023
6880155533567,47.88,113.71,1,0.4210711458974585,0.0,D2,D5,Tier 4 (D2 Profit or Frequency),False,False,False,Subscription,Collagen Glow,False,1,2023-10-31 16:00:00+00:00,2023-11,2023
6395505901823,47.84,107.64,1,0.4444444444444445,0.0,D2,D5,Tier 4 (D2 Profit or Frequency),False,False,False,Subscription,Other,False,1,2022-10-29 16:00:00+00:00,2022-10,2022
8841467396351,47.79,64.7,1,0.7386398763523957,1.0,D2,D2,Tier 4 (D2 Profit or Frequency),False,False,False,Direct / Organic,Other,False,1,2026-03-11 16:00:00+00:00,2026-03,2026
7756477628671,47.78,101.54,2,0.47058823529411764,0.0,D2,D1,Tier 3 (D1 Frequency Only),False,True,False,Subscription,Clear Protein,True,2,2024-10-31 16:00:00+00:00,2024-11,2024
8109213352191,47.75,119.38,2,0.4000000000000001,0.0,D2,D1,Tier 3 (D1 Frequency Only),False,True,False,Subscription,Clear Protein,True,1,2025-06-05 16:00:00+00:00,2025-06,2025
8667886878975,47.62,63.11,1,0.7545555379496117,1.0,D2,D2,Tier 4 (D2 Profit or Frequency),False,False,False,Direct / Organic,Other,False,1,2026-01-02 16:00:00+00:00,2026-01,2026
8799600935167,47.62,59.0,1,0.8071186440677965,1.0,D2,D2,Tier 4 (D2 Profit or Frequency),False,False,False,Direct / Organic,Other,False,1,2026-02-23 16:00:00+00:00,2026-02,2026
7363427959039,47.56,94.08,1,0.5055697278911565,0.0,D2,D5,Tier 4 (D2 Profit or Frequency),False,False,False,Subscription,Clear Protein,False,3,2024-06-27 16:00:00+00:00,2024-06,2024
7148373213439,47.56,101.06,1,0.4706115179101524,0.0,D2,D5,Tier 4 (D2 Profit or Frequency),False,False,False,Subscription,Other,False,2,2024-03-24 16:00:00+00:00,2024-03,2024
7257876594943,47.56,94.07,1,0.5055809503561178,0.0,D2,D5,Tier 4 (D2 Profit or Frequency),False,False,False,Subscription,Other,False,2,2024-04-30 16:00:00+00:00,2024-05,2024
7294782996735,47.56,112.95,1,0.42107127047366094,0.0,D2,D5,Tier 4 (D2 Profit or Frequency),False,False,False,Subscription,Other,False,2,2024-05-19 16:00:00+00:00,2024-05,2024
7308139725055,47.56,88.13,1,0.5396573244071259,0.0,D2,D5,Tier 4 (D2 Profit or Frequency),False,False,False,Subscription,Lean Protein,False,2,2024-05-27 16:00:00+00:00,2024-05,2024
7311522038015,47.56,88.13,1,0.5396573244071259,0.0,D2,D5,Tier 4 (D2 Profit or Frequency),False,False,False,Subscription,Clear Protein,False,2,2024-05-29 16:00:00+00:00,2024-05,2024
7313721196799,47.56,112.95,1,0.42107127047366094,0.0,D2,D5,Tier 4 (D2 Profit or Frequency),False,False,False,Subscription,Other,False,2,2024-05-30 16:00:00+00:00,2024-05,2024
8286039703807,47.56,118.9,1,0.4,0.0,D2,D3,Tier 4 (D2 Profit or Frequency),False,False,False,Direct / Organic,Lean Protein,False,1,2025-08-24 16:00:00+00:00,2025-08,2025
7756010979583,47.52,118.81,4,0.39999999999999997,0.0,D2,D1,Tier 3 (D1 Frequency Only),False,True,False,Direct / Organic,Unknown,False,1,2022-02-19 16:00:00+00:00,2022-02,2022
7304430321919,47.52,118.17,2,0.4021325209444022,0.0,D2,D2,Tier 4 (D2 Profit or Frequency),False,False,False,Subscription,Other,False,2,2024-06-29 16:00:00+00:00,2024-06,2024
8305762664703,47.52,98.9,1,0.48048533872598587,0.0,D2,D3,Tier 4 (D2 Profit or Frequency),False,False,False,Direct / Organic,Other,False,3,2025-09-04 16:00:00+00:00,2025-09,2025
8325712871679,47.35,106.54,1,0.4444527876853764,0.0,D2,D3,Tier 4 (D2 Profit or Frequency),False,False,False,Paid Social,Clear Protein,False,2,2025-09-12 16:00:00+00:00,2025-09,2025
7756039553279,47.33,118.33,1,0.39999999999999997,0.0,D2,D4,Tier 4 (D2 Profit or Frequency),False,False,False,Direct / Organic,Unknown,False,1,2022-03-14 16:00:00+00:00,2022-03,2022
7823779168511,47.27,120.9,4,0.3910010977938855,0.0,D2,D1,Tier 3 (D1 Frequency Only),False,True,False,Subscription,Collagen Glow,True,2,2025-01-13 16:00:00+00:00,2025-01,2025
7755954127103,47.27,118.18,1,0.4,0.0,D2,D5,Tier 4 (D2 Profit or Frequency),False,False,False,Direct / Organic,Unknown,False,1,2022-08-29 16:00:00+00:00,2022-08,2022
7756399640831,47.24,100.96,1,0.46785521339816316,0.0,D2,D4,Tier 4 (D2 Profit or Frequency),False,False,False,Direct / Organic,Collagen Glow,False,2,2024-01-07 16:00:00+00:00,2024-01,2024
7756462227711,47.21,111.7,2,0.42268041237113413,0.0,D2,D1,Tier 3 (D1 Frequency Only),False,True,False,Direct / Organic,Other,False,2,2024-09-01 16:00:00+00:00,2024-09,2024
7125782331647,47.2,106.2,1,0.4444444444444445,0.0,D2,D5,Tier 4 (D2 Profit or Frequency),False,False,False,Subscription,Clear Protein,False,1,2024-04-19 16:00:00+00:00,2024-04,2024
7126219489535,47.2,100.3,1,0.4705882352941177,0.0,D2,D5,Tier 4 (D2 Profit or Frequency),False,False,False,Subscription,Clear Protein,False,1,2024-03-13 16:00:00+00:00,2024-03,2024
7151788130559,47.2,106.2,1,0.4444444444444445,0.0,D2,D5,Tier 4 (D2 Profit or Frequency),False,False,False,Subscription,Clear Protein,False,1,2024-03-25 16:00:00+00:00,2024-03,2024
7154295111935,47.2,99.3,1,0.47532729103726085,0.0,D2,D5,Tier 4 (D2 Profit or Frequency),False,False,False,Subscription,Clear Protein,False,1,2024-03-31 16:00:00+00:00,2024-04,2024
7154553553151,47.2,99.3,1,0.47532729103726085,0.0,D2,D5,Tier 4 (D2 Profit or Frequency),False,False,False,Subscription,Clear Protein,False,1,2024-03-27 16:00:00+00:00,2024-03,2024
7155253117183,47.2,99.3,1,0.47532729103726085,0.0,D2,D5,Tier 4 (D2 Profit or Frequency),False,False,False,Subscription,Clear Protein,False,1,2024-03-28 16:00:00+00:00,2024-03,2024
7155442090239,47.2,99.3,1,0.47532729103726085,0.0,D2,D5,Tier 4 (D2 Profit or Frequency),False,False,False,Subscription,Clear Protein,False,1,2024-03-30 16:00:00+00:00,2024-03,2024
7158892429567,47.2,112.1,1,0.4210526315789474,0.0,D2,D5,Tier 4 (D2 Profit or Frequency),False,False,False,Subscription,Clear Protein,False,1,2024-03-31 16:00:00+00:00,2024-04,2024
7168931725567,47.2,100.3,1,0.4705882352941177,0.0,D2,D5,Tier 4 (D2 Profit or Frequency),False,False,False,Subscription,Clear Protein,False,1,2024-04-03 16:00:00+00:00,2024-04,2024
7182578843903,47.2,106.2,1,0.4444444444444445,0.0,D2,D5,Tier 4 (D2 Profit or Frequency),False,False,False,Subscription,Clear Protein,False,1,2024-04-21 16:00:00+00:00,2024-04,2024
7218224693503,47.2,100.3,1,0.4705882352941177,0.0,D2,D5,Tier 4 (D2 Profit or Frequency),False,False,False,Subscription,Clear Protein,False,1,2024-04-16 16:00:00+00:00,2024-04,2024
7241275932927,47.2,100.3,1,0.4705882352941177,0.0,D2,D5,Tier 4 (D2 Profit or Frequency),False,False,False,Subscription,Clear Protein,False,1,2024-04-23 16:00:00+00:00,2024-04,2024
7252347551999,47.2,94.4,1,0.5,0.0,D2,D5,Tier 4 (D2 Profit or Frequency),False,False,False,Subscription,Clear Protein,False,1,2024-04-27 16:00:00+00:00,2024-04,2024
7252477477119,47.2,94.4,1,0.5,0.0,D2,D5,Tier 4 (D2 Profit or Frequency),False,False,False,Subscription,Clear Protein,False,1,2024-04-27 16:00:00+00:00,2024-04,2024
7279632613631,47.2,87.5,1,0.5394285714285715,0.0,D2,D5,Tier 4 (D2 Profit or Frequency),False,False,False,Subscription,Clear Protein,False,1,2024-05-29 16:00:00+00:00,2024-05,2024
7304255078655,47.2,82.6,1,0.5714285714285715,0.0,D2,D5,Tier 4 (D2 Profit or Frequency),False,False,False,Subscription,Collagen Glow,True,4,2024-05-27 16:00:00+00:00,2024-05,2024
7308613058815,47.2,87.5,1,0.5394285714285715,0.0,D2,D5,Tier 4 (D2 Profit or Frequency),False,False,False,Subscription,Clear Protein,False,1,2024-05-27 16:00:00+00:00,2024-05,2024
7316711014655,47.2,112.1,1,0.4210526315789474,0.0,D2,D5,Tier 4 (D2 Profit or Frequency),False,False,False,Subscription,Clear Protein,False,1,2024-06-01 16:00:00+00:00,2024-06,2024
7434780836095,47.2,112.1,1,0.4210526315789474,0.0,D2,D5,Tier 4 (D2 Profit or Frequency),False,False,False,Subscription,Clear Protein,False,1,2024-08-07 16:00:00+00:00,2024-08,2024
7446789619967,47.2,112.1,1,0.4210526315789474,0.0,D2,D5,Tier 4 (D2 Profit or Frequency),False,False,False,Subscription,Clear Protein,False,1,2024-08-16 16:00:00+00:00,2024-08,2024
8869025480959,47.16,65.55,1,0.7194508009153318,1.0,D2,D2,Tier 4 (D2 Profit or Frequency),False,False,False,Subscription,Clear Protein,True,1,2026-03-22 16:00:00+00:00,2026-03,2026
8878118961407,47.16,59.0,1,0.799322033898305,1.0,D2,D2,Tier 4 (D2 Profit or Frequency),False,False,False,Subscription,Clear Protein,True,1,2026-03-24 16:00:00+00:00,2026-03,2026
7756419203327,47.13,102.87,2,0.4581124072110287,0.0,D2,D1,Tier 3 (D1 Frequency Only),False,True,False,Direct / Organic,Clear Protein,False,2,2024-04-18 16:00:00+00:00,2024-04,2024
7944904311039,47.07,94.15,1,0.49996813595326606,0.0,D2,D3,Tier 4 (D2 Profit or Frequency),False,False,False,Direct / Organic,Clear Protein,False,2,2025-04-05 16:00:00+00:00,2025-04,2025
8841650897151,46.68,52.0,1,0.8976923076923077,1.0,D2,D2,Tier 4 (D2 Profit or Frequency),False,False,False,Subscription,Other,True,1,2026-03-11 16:00:00+00:00,2026-03,2026
6336728531199,2215.23,5542.97,3,0.39964639895218634,0.0,D1,D1,Tier 1 (D1 Both),True,True,True,Subscription,Unknown,False,1,2022-05-29 16:00:00+00:00,2022-05,2022
7755957895423,2140.14,4995.46,38,0.42841773925661,0.07720662559264518,D1,D1,Tier 1 (D1 Both),True,True,True,Direct / Organic,Unknown,True,4,2022-03-27 16:00:00+00:00,2022-03,2022
6336631275775,1751.3,4378.26,2,0.4,0.0,D1,D2,Tier 2 (D1 Profit Only),True,False,False,Subscription,Unknown,False,1,2022-04-12 16:00:00+00:00,2022-04,2022
7756026904831,1722.55,4306.38,5,0.3999999999999999,0.0,D1,D1,Tier 1 (D1 Both),True,True,True,Direct / Organic,Unknown,False,1,2022-02-22 16:00:00+00:00,2022-02,2022
7756000690431,1618.63,3612.43,4,0.44807306757307686,0.0,D1,D1,Tier 1 (D1 Both),True,True,True,Direct / Organic,Unknown,False,2,2022-06-05 16:00:00+00:00,2022-06,2022
6336747438335,1334.43,3180.03,5,0.41962811671588,0.013647094661488082,D1,D1,Tier 1 (D1 Both),True,True,True,Subscription,Unknown,False,4,2022-08-24 16:00:00+00:00,2022-08,2022
6558688313599,1311.0,2783.08,10,0.47105963992161726,0.0812098920253571,D1,D1,Tier 1 (D1 Both),True,True,True,Direct / Organic,Unknown,True,3,2022-05-08 16:00:00+00:00,2022-05,2022
7756016877823,1105.31,2763.27,2,0.4,0.0,D1,D2,Tier 2 (D1 Profit Only),True,False,False,Direct / Organic,Unknown,False,1,2022-08-28 16:00:00+00:00,2022-08,2022
6329689735423,1005.38,2177.98,13,0.4616135253790078,0.0,D1,D1,Tier 1 (D1 Both),True,True,True,Direct / Organic,Unknown,False,4,2022-03-02 16:00:00+00:00,2022-03,2022
8081852530943,875.74,1933.2,7,0.45300020691082155,0.05928400954653938,D1,D1,Tier 1 (D1 Both),True,True,True,Direct / Organic,Clear Protein,False,3,2025-05-26 16:00:00+00:00,2025-05,2025
6327501881599,870.47,2176.18,4,0.4,0.0,D1,D1,Tier 1 (D1 Both),True,True,True,Subscription,Unknown,False,1,2022-01-30 16:00:00+00:00,2022-01,2022
7756002066687,869.77,2010.06,12,0.4327075921124044,0.0,D1,D1,Tier 1 (D1 Both),True,True,True,Direct / Organic,Unknown,True,5,2022-04-03 16:00:00+00:00,2022-04,2022
6334073602303,864.64,1960.53,6,0.4410256410256411,0.0,D1,D1,Tier 1 (D1 Both),True,True,True,Subscription,Unknown,False,3,2022-08-25 16:00:00+00:00,2022-08,2022
7476721352959,810.15,1575.37,11,0.5142626811479208,0.3626373626373626,D1,D1,Tier 1 (D1 Both),True,True,True,Subscription,Clear Protein,True,2,2024-08-31 16:00:00+00:00,2024-09,2024
6327806263551,759.45,1898.63,3,0.39999999999999997,0.0,D1,D1,Tier 1 (D1 Both),True,True,True,Subscription,Unknown,False,1,2022-01-25 16:00:00+00:00,2022-01,2022
6327679418623,681.52,1670.91,11,0.40787594783680764,0.0,D1,D1,Tier 1 (D1 Both),True,True,True,Subscription,Other,True,3,2022-10-08 16:00:00+00:00,2022-10,2022
6327387259135,677.25,1693.12,1,0.4000000000000001,0.0,D1,D5,Tier 2 (D1 Profit Only),True,False,False,Subscription,Unknown,False,1,2022-06-28 16:00:00+00:00,2022-06,2022
6327663034623,662.36,1660.8,1,0.3988198458574182,0.0,D1,D5,Tier 2 (D1 Profit Only),True,False,False,Subscription,Unknown,False,1,2022-08-08 16:00:00+00:00,2022-08,2022
6328270815487,639.64,1599.1,2,0.4000000000000001,0.0,D1,D2,Tier 2 (D1 Profit Only),True,False,False,Subscription,Unknown,False,1,2022-02-13 16:00:00+00:00,2022-02,2022
6328289657087,632.64,1382.72,3,0.457535871326082,0.0,D1,D1,Tier 1 (D1 Both),True,True,True,Subscription,Unknown,False,1,2022-03-28 16:00:00+00:00,2022-03,2022
7756006097151,623.89,1501.0,5,0.4156510117517852,0.0,D1,D1,Tier 1 (D1 Both),True,True,True,Direct / Organic,Unknown,False,2,2022-04-30 16:00:00+00:00,2022-05,2022
6328214618367,617.11,1411.24,14,0.43728352370964535,0.0,D1,D1,Tier 1 (D1 Both),True,True,True,Subscription,Unknown,True,3,2022-06-12 16:00:00+00:00,2022-06,2022
8235052826879,616.64,1037.77,4,0.5941971727839502,0.23016490354698196,D1,D1,Tier 1 (D1 Both),True,True,True,Direct / Organic,Lean Protein,False,4,2025-08-01 16:00:00+00:00,2025-08,2025
7755915886847,609.96,1527.63,5,0.3992858828966971,0.0,D1,D1,Tier 1 (D1 Both),True,True,True,Direct / Organic,Unknown,False,1,2022-01-09 16:00:00+00:00,2022-01,2022
7756013306111,604.73,1232.96,9,0.4904703621232901,0.0,D1,D1,Tier 1 (D1 Both),True,True,True,Direct / Organic,Unknown,True,4,2022-12-14 16:00:00+00:00,2022-12,2022
7516736061695,575.05,1042.26,2,0.5517318135589969,0.0,D1,D2,Tier 2 (D1 Profit Only),True,False,False,Subscription,Unknown,False,2,2024-09-24 16:00:00+00:00,2024-09,2024
7756011536639,548.6,1303.28,9,0.4209382840056454,0.0,D1,D1,Tier 1 (D1 Both),True,True,True,Direct / Organic,Unknown,False,2,2022-05-31 16:00:00+00:00,2022-06,2022
6327607623935,534.7,1102.89,12,0.4848207890179437,0.31946724882818595,D1,D1,Tier 1 (D1 Both),True,True,True,Subscription,Collagen Glow,True,3,2024-08-04 16:00:00+00:00,2024-08,2024
7756032934143,511.56,1278.9,1,0.4,0.0,D1,D4,Tier 2 (D1 Profit Only),True,False,False,Direct / Organic,Unknown,False,1,2022-05-30 16:00:00+00:00,2022-05,2022
7756030181631,509.86,1280.09,6,0.3982955796331236,0.0,D1,D1,Tier 1 (D1 Both),True,True,True,Direct / Organic,Unknown,False,1,2022-02-12 16:00:00+00:00,2022-02,2022
7916487934207,508.34,1045.9,10,0.4860311693278516,0.2631226694712688,D1,D1,Tier 1 (D1 Both),True,True,True,Paid Social,Clear Protein,True,2,2025-03-20 16:00:00+00:00,2025-03,2025
7756015698175,494.84,1237.09,2,0.39999999999999997,0.0,D1,D2,Tier 2 (D1 Profit Only),True,False,False,Direct / Organic,Unknown,False,1,2022-09-06 16:00:00+00:00,2022-09,2022
6590570627327,481.8,1125.32,14,0.42814488323321376,0.0668560307190574,D1,D1,Tier 1 (D1 Both),True,True,True,Subscription,Other,True,3,2023-03-02 16:00:00+00:00,2023-03,2023
7756034539775,455.12,1102.08,8,0.4129639161651357,0.0,D1,D1,Tier 1 (D1 Both),True,True,True,Direct / Organic,Unknown,True,2,2022-01-28 16:00:00+00:00,2022-01,2022
8048350658815,446.72,619.3,9,0.7213240755691911,0.715743581462942,D1,D1,Tier 1 (D1 Both),True,True,True,Subscription,Collagen Glow,True,3,2025-05-14 16:00:00+00:00,2025-05,2025
7700304986367,446.49,825.25,13,0.5410408966979704,0.45943171359120194,D1,D1,Tier 1 (D1 Both),True,True,True,Subscription,Other,True,3,2024-12-10 16:00:00+00:00,2024-12,2024
6329618301183,443.15,1107.88,2,0.4000000000000001,0.0,D1,D2,Tier 2 (D1 Profit Only),True,False,False,Subscription,Unknown,False,1,2022-04-16 16:00:00+00:00,2022-04,2022
7756260311295,442.97,1066.28,13,0.4154339775998727,0.0,D1,D1,Tier 1 (D1 Both),True,True,True,Direct / Organic,Unknown,False,3,2022-12-02 16:00:00+00:00,2022-12,2022
6423603740927,439.96,1099.9,1,0.4,0.0,D1,D5,Tier 2 (D1 Profit Only),True,False,False,Subscription,Unknown,False,1,2022-02-13 16:00:00+00:00,2022-02,2022
7033655099647,439.2,889.29,17,0.49387713794150395,0.07078529560187881,D1,D1,Tier 1 (D1 Both),True,True,True,Subscription,Unknown,True,2,2024-01-24 16:00:00+00:00,2024-01,2024
7755925979391,434.93,1078.24,7,0.4033691381548994,0.0,D1,D1,Tier 1 (D1 Both),True,True,True,Direct / Organic,Unknown,False,1,2022-02-05 16:00:00+00:00,2022-02,2022
7338895868159,433.15,896.8,4,0.4829950936663694,0.2903225806451613,D1,D1,Tier 1 (D1 Both),True,True,True,Subscription,Clear Protein,True,1,2024-06-15 16:00:00+00:00,2024-06,2024
6970579321087,430.74,817.21,15,0.5270885084617174,0.3608190990408181,D1,D1,Tier 1 (D1 Both),True,True,True,Subscription,Other,True,2,2023-12-22 16:00:00+00:00,2023-12,2023
6329711493375,429.92,955.73,9,0.44982997290029614,0.1097549784344315,D1,D1,Tier 1 (D1 Both),True,True,True,Subscription,Other,True,2,2024-08-27 16:00:00+00:00,2024-08,2024
8403609026815,418.86,870.41,3,0.4812260888546778,0.147398812560376,D1,D1,Tier 1 (D1 Both),True,True,True,Direct / Organic,Other,False,5,2025-10-13 16:00:00+00:00,2025-10,2025
7755978309887,415.71,996.29,7,0.41725916733581525,0.0,D1,D1,Tier 1 (D1 Both),True,True,True,Direct / Organic,Unknown,False,4,2022-01-20 16:00:00+00:00,2022-01,2022
7999782879487,406.42,748.0,11,0.5433422459893048,0.5083219645293315,D1,D1,Tier 1 (D1 Both),True,True,True,Direct / Organic,Clear Protein,True,1,2025-05-09 16:00:00+00:00,2025-05,2025
6327390765311,389.08,972.7,1,0.4,0.0,D1,D5,Tier 2 (D1 Profit Only),True,False,False,Subscription,Unknown,False,1,2022-08-29 16:00:00+00:00,2022-08,2022
8332113117439,387.16,480.19,2,0.8062641870926093,1.0,D1,D1,Tier 1 (D1 Both),True,True,True,Paid Social,Other,False,5,2025-09-15 16:00:00+00:00,2025-09,2025
6327682236671,385.18,905.92,7,0.42518544683857307,0.0,D1,D1,Tier 1 (D1 Both),True,True,True,Subscription,Unknown,False,2,2022-03-29 16:00:00+00:00,2022-03,2022
7756396953855,384.4,892.75,14,0.430580182350104,0.0,D1,D1,Tier 1 (D1 Both),True,True,True,Subscription,Unknown,True,4,2023-12-07 16:00:00+00:00,2023-12,2023
6327522230527,383.96,959.9,1,0.4,0.0,D1,D5,Tier 2 (D1 Profit Only),True,False,False,Subscription,Unknown,False,1,2022-08-29 16:00:00+00:00,2022-08,2022
6423225073919,383.96,959.9,1,0.4,0.0,D1,D5,Tier 2 (D1 Profit Only),True,False,False,Subscription,Unknown,False,1,2022-08-26 16:00:00+00:00,2022-08,2022
6336754647295,381.64,754.9,4,0.505545105311962,0.0,D1,D1,Tier 1 (D1 Both),True,True,True,Subscription,Unknown,True,3,2022-08-28 16:00:00+00:00,2022-08,2022
7677544628479,379.41,605.62,4,0.6264819523793799,0.3212845175302513,D1,D1,Tier 1 (D1 Both),True,True,True,Subscription,Clear Protein,True,3,2024-12-03 16:00:00+00:00,2024-12,2024
7756000854271,376.0,675.75,6,0.5564128665408054,0.0,D1,D1,Tier 1 (D1 Both),True,True,True,Direct / Organic,Unknown,True,4,2022-08-30 16:00:00+00:00,2022-08,2022
7755988041983,366.72,877.82,6,0.41776022590366646,0.0,D1,D1,Tier 1 (D1 Both),True,True,True,Direct / Organic,Unknown,False,2,2022-05-20 16:00:00+00:00,2022-05,2022
7756033753343,364.25,831.87,2,0.43786564086872276,0.0,D1,D1,Tier 1 (D1 Both),True,True,True,Direct / Organic,Unknown,False,2,2022-05-20 16:00:00+00:00,2022-05,2022
6327780704511,363.94,914.75,2,0.39785733807051105,0.0,D1,D2,Tier 2 (D1 Profit Only),True,False,False,Subscription,Unknown,False,1,2022-04-27 16:00:00+00:00,2022-04,2022
7756005474559,352.39,823.69,8,0.42781272763393147,0.0,D1,D1,Tier 1 (D1 Both),True,True,True,Direct / Organic,Unknown,False,2,2022-02-18 16:00:00+00:00,2022-02,2022
6329874153727,351.29,799.78,7,0.4392307884668284,0.0,D1,D1,Tier 1 (D1 Both),True,True,True,Subscription,Unknown,True,3,2022-06-08 16:00:00+00:00,2022-06,2022
7756048630015,350.25,881.7,2,0.397250481165796,0.0,D1,D1,Tier 1 (D1 Both),True,True,True,Direct / Organic,Unknown,False,1,2021-12-31 16:00:00+00:00,2022-01,2021
7755920408831,350.02,875.05,1,0.4000000000000001,0.0,D1,D5,Tier 2 (D1 Profit Only),True,False,False,Direct / Organic,Unknown,False,1,2022-08-02 16:00:00+00:00,2022-08,2022
8438298673407,348.08,542.12,4,0.6420644875673283,0.7727504388696982,D1,D1,Tier 1 (D1 Both),True,True,True,Direct / Organic,Accessories,True,6,2025-10-19 16:00:00+00:00,2025-10,2025
7755983421695,344.0,872.12,2,0.39444058373870744,0.0,D1,D2,Tier 2 (D1 Profit Only),True,False,False,Direct / Organic,Unknown,False,1,2022-01-27 16:00:00+00:00,2022-01,2022
6423228776703,343.8,859.5,3,0.4,0.0,D1,D1,Tier 1 (D1 Both),True,True,True,Subscription,Unknown,False,1,2022-05-20 16:00:00+00:00,2022-05,2022
7755942527231,337.14,845.28,4,0.3988513782385649,0.0,D1,D1,Tier 1 (D1 Both),True,True,True,Direct / Organic,Unknown,False,2,2022-01-19 16:00:00+00:00,2022-01,2022
7756430016767,335.2,797.92,5,0.42009780017955856,0.0,D1,D1,Tier 1 (D1 Both),True,True,True,Direct / Organic,Clear Protein,True,1,2024-05-26 16:00:00+00:00,2024-05,2024
7756038406399,332.8,832.0,2,0.4,0.0,D1,D1,Tier 1 (D1 Both),True,True,True,Direct / Organic,Unknown,False,1,2022-03-28 16:00:00+00:00,2022-03,2022
7922399772927,331.69,593.12,10,0.5592325330455895,0.6232192036992961,D1,D1,Tier 1 (D1 Both),True,True,True,Direct / Organic,Lean Protein,True,1,2025-03-24 16:00:00+00:00,2025-03,2025
7835384873215,330.49,661.94,4,0.4992748587485271,0.31947432006364734,D1,D1,Tier 1 (D1 Both),True,True,True,Direct / Organic,Lean Protein,True,3,2025-02-06 16:00:00+00:00,2025-02,2025
6336658145535,329.82,810.06,2,0.40715996345949684,0.0,D1,D2,Tier 2 (D1 Profit Only),True,False,False,Subscription,Unknown,False,1,2022-05-05 16:00:00+00:00,2022-05,2022
7756023529727,327.26,818.16,3,0.4000000000000001,0.0,D1,D1,Tier 1 (D1 Both),True,True,True,Direct / Organic,Unknown,False,1,2021-12-31 16:00:00+00:00,2022-01,2021
6327709139199,326.36,815.91,1,0.4000000000000001,0.0,D1,D5,Tier 2 (D1 Profit Only),True,False,False,Subscription,Unknown,False,1,2022-06-29 16:00:00+00:00,2022-06,2022
6450369855743,322.44,688.89,2,0.46805730958498465,0.0,D1,D2,Tier 2 (D1 Profit Only),True,False,False,Subscription,Other,False,1,2022-12-05 16:00:00+00:00,2022-12,2022
7475324551423,320.98,680.14,9,0.47193518981386184,0.07028774821053729,D1,D1,Tier 1 (D1 Both),True,True,True,Subscription,Lean Protein,True,3,2024-08-30 16:00:00+00:00,2024-08,2024
6327720083711,320.36,800.9,1,0.4,0.0,D1,D5,Tier 2 (D1 Profit Only),True,False,False,Subscription,Unknown,False,1,2022-06-11 16:00:00+00:00,2022-06,2022
6423240638719,320.36,800.9,1,0.4,0.0,D1,D5,Tier 2 (D1 Profit Only),True,False,False,Subscription,Unknown,False,1,2022-06-01 16:00:00+00:00,2022-06,2022
8134241386751,315.15,623.75,5,0.5052472945891784,0.2836948915325403,D1,D1,Tier 1 (D1 Both),True,True,True,Subscription,Other,True,2,2025-06-14 16:00:00+00:00,2025-06,2025
6327697834239,314.46,674.14,10,0.46646342861278345,0.13892867588999788,D1,D1,Tier 1 (D1 Both),True,True,True,Direct / Organic,Unknown,True,5,2022-06-02 16:00:00+00:00,2022-06,2022
7756359336191,310.94,777.35,11,0.39999999999999986,0.0,D1,D1,Tier 1 (D1 Both),True,True,True,Subscription,Other,True,1,2023-04-27 16:00:00+00:00,2023-04,2023
7756015337727,310.05,786.05,5,0.3944486208292374,0.0,D1,D1,Tier 1 (D1 Both),True,True,True,Direct / Organic,Unknown,False,1,2022-04-23 16:00:00+00:00,2022-04,2022
8404134985983,308.98,382.56,2,0.807664157256378,1.0,D1,D1,Tier 1 (D1 Both),True,True,True,Direct / Organic,Clear Protein,False,3,2025-10-13 16:00:00+00:00,2025-10,2025
7756016484607,302.25,736.98,4,0.4101248751043367,0.0,D1,D1,Tier 1 (D1 Both),True,True,True,Direct / Organic,Unknown,True,2,2022-05-30 16:00:00+00:00,2022-05,2022
7521981661439,300.55,709.64,13,0.423530240685418,0.07530170968823333,D1,D1,Tier 1 (D1 Both),True,True,True,Subscription,Lean Protein,True,2,2024-09-28 16:00:00+00:00,2024-09,2024
8339756974335,299.92,412.4,4,0.72725509214355,1.0,D1,D1,Tier 1 (D1 Both),True,True,True,Paid Social,Accessories,False,4,2025-09-20 16:00:00+00:00,2025-09,2025
7756261130495,299.67,549.01,2,0.545842923614446,0.0,D1,D1,Tier 1 (D1 Both),True,True,True,Direct / Organic,Collagen Glow,False,3,2022-12-11 16:00:00+00:00,2022-12,2022
6327607918847,298.82,740.0,3,0.4038162162162162,0.0,D1,D1,Tier 1 (D1 Both),True,True,True,Subscription,Unknown,False,2,2022-03-19 16:00:00+00:00,2022-03,2022
7971386065151,298.42,582.05,8,0.5127085301950004,0.38023646926918764,D1,D1,Tier 1 (D1 Both),True,True,True,Direct / Organic,Unknown,True,4,2025-04-21 16:00:00+00:00,2025-04,2025
6423463854335,297.5,743.75,1,0.4,0.0,D1,D5,Tier 2 (D1 Profit Only),True,False,False,Subscription,Unknown,False,1,2022-05-11 16:00:00+00:00,2022-05,2022
8706965569791,297.36,514.1,2,0.5784088698696752,0.4316091140673649,D1,D1,Tier 1 (D1 Both),True,True,True,Subscription,Accessories,True,3,2026-01-20 16:00:00+00:00,2026-01,2026
7756011569407,293.71,749.43,8,0.3919130752633911,0.0,D1,D1,Tier 1 (D1 Both),True,True,True,Subscription,Soy Protein,True,2,2023-04-10 16:00:00+00:00,2023-04,2023
6336712999167,291.82,739.36,2,0.39469811729062976,0.0,D1,D2,Tier 2 (D1 Profit Only),True,False,False,Subscription,Unknown,False,1,2022-08-10 16:00:00+00:00,2022-08,2022
7817754509567,291.16,732.8,1,0.3973253275109171,0.0,D1,D4,Tier 2 (D1 Profit Only),True,False,False,Direct / Organic,Clear Protein,False,3,2025-01-26 16:00:00+00:00,2025-01,2025
8339720569087,290.93,387.95,6,0.7499162263178244,1.0,D1,D1,Tier 1 (D1 Both),True,True,True,Direct / Organic,Accessories,True,2,2025-09-20 16:00:00+00:00,2025-09,2025
7756044239103,288.65,727.7,1,0.39666860997751313,0.0,D1,D4,Tier 2 (D1 Profit Only),True,False,False,Direct / Organic,Unknown,False,1,2022-02-08 16:00:00+00:00,2022-02,2022
8264846573823,286.69,618.6,5,0.4634497251859037,0.06753090141694301,D1,D1,Tier 1 (D1 Both),True,True,True,Subscription,Clear Protein,True,4,2025-08-18 16:00:00+00:00,2025-08,2025
8337105322239,285.76,408.0,3,0.700392156862745,0.35734597156398107,D1,D1,Tier 1 (D1 Both),True,True,True,Direct / Organic,Accessories,False,4,2025-09-18 16:00:00+00:00,2025-09,2025
8098552250623,284.35,475.34,4,0.5982033912567847,0.2867595818815331,D1,D1,Tier 1 (D1 Both),True,True,True,Direct / Organic,Collagen Glow,False,5,2025-06-02 16:00:00+00:00,2025-06,2025
7756468977919,284.21,642.59,11,0.44229306607964414,0.07255547051256878,D1,D1,Tier 1 (D1 Both),True,True,True,Direct / Organic,Clear Protein,True,4,2024-09-28 16:00:00+00:00,2024-09,2024
7142554403071,283.93,542.94,8,0.522956496113751,0.17115161306608773,D1,D1,Tier 1 (D1 Both),True,True,True,Subscription,Other,True,3,2024-03-27 16:00:00+00:00,2024-03,2024
6329604407551,281.65,664.01,9,0.42416831071821215,0.0,D1,D1,Tier 1 (D1 Both),True,True,True,Subscription,Clear Protein,True,2,2024-03-23 16:00:00+00:00,2024-03,2024
6327689576703,276.92,716.9,5,0.38627423629515983,0.0,D1,D1,Tier 1 (D1 Both),True,True,True,Subscription,Unknown,False,2,2022-04-20 16:00:00+00:00,2022-04,2022
6336693305599,276.9,664.11,7,0.4169550225113309,0.0,D1,D1,Tier 1 (D1 Both),True,True,True,Subscription,Collagen Glow,True,4,2024-01-01 16:00:00+00:00,2024-01,2024
7756473499903,276.55,521.67,9,0.5301255516920492,0.1775681614137882,D1,D1,Tier 1 (D1 Both),True,True,True,Subscription,Other,True,4,2024-10-11 16:00:00+00:00,2024-10,2024
6328228872447,275.19,697.78,3,0.39438218349623094,0.0,D1,D1,Tier 1 (D1 Both),True,True,True,Subscription,Unknown,False,1,2022-02-21 16:00:00+00:00,2022-02,2022
6765611876607,271.68,679.2,10,0.4000000000000001,0.0,D1,D1,Tier 1 (D1 Both),True,True,True,Subscription,Other,True,1,2023-08-05 16:00:00+00:00,2023-08,2023
6420678377727,271.57,687.93,3,0.3947669094239239,0.0,D1,D1,Tier 1 (D1 Both),True,True,True,Subscription,Unknown,False,1,2022-04-25 16:00:00+00:00,2022-04,2022
6328258035967,264.44,592.93,6,0.44598856526065467,0.0,D1,D1,Tier 1 (D1 Both),True,True,True,Subscription,Unknown,False,2,2022-08-07 16:00:00+00:00,2022-08,2022
6327752720639,261.59,649.48,4,0.40276528915440046,0.0,D1,D1,Tier 1 (D1 Both),True,True,True,Subscription,Unknown,True,2,2022-01-25 16:00:00+00:00,2022-01,2022
6329696682239,260.0,460.6,2,0.5644811115935736,0.0,D1,D2,Tier 2 (D1 Profit Only),True,False,False,Subscription,Other,False,4,2022-10-28 16:00:00+00:00,2022-10,2022
6850481160447,259.86,602.23,9,0.43149627218836656,0.13511920877860772,D1,D1,Tier 1 (D1 Both),True,True,True,Subscription,Unknown,True,2,2023-10-15 16:00:00+00:00,2023-10,2023
6327399940351,259.56,648.91,1,0.4000000000000001,0.0,D1,D5,Tier 2 (D1 Profit Only),True,False,False,Subscription,Unknown,False,1,2022-06-19 16:00:00+00:00,2022-06,2022
7497109635327,259.26,603.1,5,0.42988559111258495,0.0,D1,D1,Tier 1 (D1 Both),True,True,True,Subscription,Other,True,4,2024-09-14 16:00:00+00:00,2024-09,2024
7755941183743,259.2,650.73,2,0.39832355406538134,0.0,D1,D2,Tier 2 (D1 Profit Only),True,False,False,Direct / Organic,Unknown,False,1,2022-03-21 16:00:00+00:00,2022-03,2022
6336747471103,255.96,639.9,1,0.4,0.0,D1,D5,Tier 2 (D1 Profit Only),True,False,False,Subscription,Unknown,False,1,2022-05-04 16:00:00+00:00,2022-05,2022
7756045648127,254.01,635.02,2,0.39999999999999997,0.0,D1,D1,Tier 1 (D1 Both),True,True,True,Direct / Organic,Unknown,True,2,2022-01-18 16:00:00+00:00,2022-01,2022
7756421300479,253.15,632.86,13,0.39999999999999997,0.0,D1,D1,Tier 1 (D1 Both),True,True,True,Subscription,Clear Protein,True,2,2024-04-25 16:00:00+00:00,2024-04,2024
8766572364031,253.14,371.52,1,0.6813630490956073,1.0,D1,D2,Tier 2 (D1 Profit Only),True,False,False,Direct / Organic,Other,False,2,2026-02-09 16:00:00+00:00,2026-02,2026
7756349112575,252.69,574.15,9,0.4401187949710059,0.11100704229314703,D1,D1,Tier 1 (D1 Both),True,True,True,Direct / Organic,Collagen Glow,True,3,2023-02-23 16:00:00+00:00,2023-02,2023
6328238899455,251.71,629.28,1,0.4,0.0,D1,D5,Tier 2 (D1 Profit Only),True,False,False,Subscription,Unknown,False,1,2022-01-03 16:00:00+00:00,2022-01,2022
7145852895487,250.47,476.68,5,0.5254510363346481,0.40801924619085805,D1,D1,Tier 1 (D1 Both),True,True,True,Subscription,Collagen Glow,True,2,2024-03-23 16:00:00+00:00,2024-03,2024
8341243035903,246.31,320.8,3,0.7677992518703242,0.7106274007682458,D1,D1,Tier 1 (D1 Both),True,True,True,Direct / Organic,Other,False,4,2025-09-21 16:00:00+00:00,2025-09,2025
6423590142207,246.2,615.5,2,0.39999999999999997,0.0,D1,D2,Tier 2 (D1 Profit Only),True,False,False,Subscription,Unknown,False,1,2022-05-03 16:00:00+00:00,2022-05,2022
7756019466495,245.82,620.61,1,0.3960937500000001,0.0,D1,D4,Tier 2 (D1 Profit Only),True,False,False,Direct / Organic,Unknown,False,1,2022-08-03 16:00:00+00:00,2022-08,2022
7756437455103,244.11,593.09,4,0.41158791178472237,0.0,D1,D1,Tier 1 (D1 Both),True,True,True,Direct / Organic,Clear Protein,False,1,2024-06-17 16:00:00+00:00,2024-06,2024
7756002328831,243.26,487.51,4,0.4989818371685377,0.0,D1,D1,Tier 1 (D1 Both),True,True,True,Direct / Organic,Unknown,False,2,2022-02-24 16:00:00+00:00,2022-02,2022
6336698253567,243.1,617.55,2,0.3936523358432516,0.0,D1,D2,Tier 2 (D1 Profit Only),True,False,False,Subscription,Unknown,False,1,2022-06-01 16:00:00+00:00,2022-06,2022
7756003279103,242.67,530.68,8,0.45728688438469306,0.0,D1,D1,Tier 1 (D1 Both),True,True,True,Direct / Organic,Unknown,False,4,2022-04-26 16:00:00+00:00,2022-04,2022
7756348162303,242.56,477.53,7,0.5079500456899179,0.0,D1,D1,Tier 1 (D1 Both),True,True,True,Direct / Organic,Other,True,4,2023-02-13 16:00:00+00:00,2023-02,2023
8758023454975,240.36,351.99,2,0.6828603085314924,1.0,D1,D1,Tier 1 (D1 Both),True,True,True,Subscription,Lean Protein,True,2,2026-02-04 16:00:00+00:00,2026-02,2026
7476798292223,238.89,357.65,3,0.6679547043198658,0.3749921746207299,D1,D1,Tier 1 (D1 Both),True,True,True,Subscription,Clear Protein,False,5,2024-08-31 16:00:00+00:00,2024-09,2024
7475231457535,237.82,468.8,4,0.5072866894197953,0.0,D1,D1,Tier 1 (D1 Both),True,True,True,Subscription,Lean Protein,False,3,2024-08-30 16:00:00+00:00,2024-08,2024
7124600881407,237.29,585.83,5,0.40505266032808157,0.0,D1,D1,Tier 1 (D1 Both),True,True,True,Subscription,Other,True,4,2024-03-12 16:00:00+00:00,2024-03,2024
8305913921791,236.61,397.0,2,0.5959949622166247,0.37951425554382257,D1,D1,Tier 1 (D1 Both),True,True,True,Direct / Organic,Other,False,4,2025-09-04 16:00:00+00:00,2025-09,2025
7755980079359,236.43,593.81,21,0.3981628753857961,0.0,D1,D1,Tier 1 (D1 Both),True,True,True,Direct / Organic,Unknown,True,5,2022-01-22 16:00:00+00:00,2022-01,2022
7737236259071,236.01,594.92,1,0.39670543938680836,0.0,D1,D5,Tier 2 (D1 Profit Only),True,False,False,Subscription,Other,False,1,2025-01-01 16:00:00+00:00,2025-01,2025
6327522361599,236.01,599.82,8,0.39346470607849016,0.0,D1,D1,Tier 1 (D1 Both),True,True,True,Subscription,Unknown,True,4,2022-08-28 16:00:00+00:00,2022-08,2022
7755986567423,236.0,590.0,1,0.4,0.0,D1,D4,Tier 2 (D1 Profit Only),True,False,False,Direct / Organic,Unknown,False,1,2022-02-26 16:00:00+00:00,2022-02,2022
7122726191359,235.23,487.2,5,0.48282430213464705,0.18195454886372162,D1,D1,Tier 1 (D1 Both),True,True,True,Subscription,Clear Protein,True,5,2024-03-11 16:00:00+00:00,2024-03,2024
6368762626303,235.02,566.4,2,0.41494350282485876,0.0,D1,D2,Tier 2 (D1 Profit Only),True,False,False,Subscription,Other,False,1,2022-10-09 16:00:00+00:00,2022-10,2022
7756266340607,233.34,570.94,6,0.4086980982861753,0.0,D1,D1,Tier 1 (D1 Both),True,True,True,Direct / Organic,Other,True,1,2023-01-24 16:00:00+00:00,2023-01,2023
6329708708095,232.62,560.02,2,0.41538516481554233,0.0,D1,D2,Tier 2 (D1 Profit Only),True,False,False,Subscription,Unknown,False,2,2022-05-27 16:00:00+00:00,2022-05,2022
7962798620927,232.27,451.07,9,0.5149400314807014,0.534200138272486,D1,D1,Tier 1 (D1 Both),True,True,True,Paid Social,Lean Protein,True,2,2025-04-15 16:00:00+00:00,2025-04,2025
7756431556863,232.07,472.66,6,0.4909828661185107,0.0,D1,D1,Tier 1 (D1 Both),True,True,True,Direct / Organic,Collagen Glow,False,2,2024-05-29 16:00:00+00:00,2024-05,2024
6327702487295,230.66,576.66,2,0.39999999999999997,0.0,D1,D2,Tier 2 (D1 Profit Only),True,False,False,Subscription,Unknown,False,1,2022-01-28 16:00:00+00:00,2022-01,2022
7756263522559,230.58,513.87,7,0.4487165122628659,0.0,D1,D1,Tier 1 (D1 Both),True,True,True,Direct / Organic,Other,True,3,2022-12-27 16:00:00+00:00,2022-12,2022
7756386042111,230.49,482.23,8,0.477961155531202,0.11210255790905765,D1,D1,Tier 1 (D1 Both),True,True,True,Subscription,Other,True,4,2024-01-19 16:00:00+00:00,2024-01,2024
6329833160959,230.26,580.55,2,0.3966238911377143,0.0,D1,D2,Tier 2 (D1 Profit Only),True,False,False,Subscription,Unknown,False,1,2022-04-07 16:00:00+00:00,2022-04,2022
7136686768383,229.52,456.12,4,0.5032009120406911,0.18735937819595008,D1,D1,Tier 1 (D1 Both),True,True,True,Subscription,Other,False,4,2024-03-17 16:00:00+00:00,2024-03,2024
6327763042559,229.28,573.2,1,0.4,0.0,D1,D5,Tier 2 (D1 Profit Only),True,False,False,Subscription,Unknown,False,1,2022-01-10 16:00:00+00:00,2022-01,2022
7756008358143,227.07,452.7,6,0.5015861009495186,0.16851787310775385,D1,D1,Tier 1 (D1 Both),True,True,True,Direct / Organic,Unknown,False,3,2022-02-18 16:00:00+00:00,2022-02,2022
8463938388223,227.01,438.5,3,0.5176966932725199,0.13529411764705881,D1,D1,Tier 1 (D1 Both),True,True,True,Direct / Organic,Unknown,False,3,2025-10-23 16:00:00+00:00,2025-10,2025
7988268073215,226.73,549.82,4,0.4123676839692991,0.0,D1,D1,Tier 1 (D1 Both),True,True,True,Paid Social,Unknown,True,4,2025-04-29 16:00:00+00:00,2025-04,2025
6336651559167,226.63,470.69,2,0.48148037986785364,0.0,D1,D2,Tier 2 (D1 Profit Only),True,False,False,Subscription,Unknown,False,2,2022-03-10 16:00:00+00:00,2022-03,2022
7522571616511,226.13,534.27,5,0.42324667303049024,0.0,D1,D1,Tier 1 (D1 Both),True,True,True,Subscription,Lean Protein,True,3,2024-09-29 16:00:00+00:00,2024-09,2024
6328247255295,226.04,559.52,3,0.40399628252788106,0.0,D1,D1,Tier 1 (D1 Both),True,True,True,Subscription,Unknown,False,2,2022-02-24 16:00:00+00:00,2022-02,2022
6336660734207,225.08,562.7,2,0.39999999999999997,0.0,D1,D2,Tier 2 (D1 Profit Only),True,False,False,Subscription,Unknown,True,3,2022-05-28 16:00:00+00:00,2022-05,2022
6423605838079,224.86,571.95,2,0.3931462540431856,0.0,D1,D2,Tier 2 (D1 Profit Only),True,False,False,Subscription,Unknown,False,1,2022-02-03 16:00:00+00:00,2022-02,2022
7566592344319,222.92,473.7,2,0.4705932024488073,0.0,D1,D2,Tier 2 (D1 Profit Only),True,False,False,Subscription,Lean Protein,False,2,2024-10-14 16:00:00+00:00,2024-10,2024
7968977092863,220.57,539.82,5,0.4086028676225409,0.0,D1,D1,Tier 1 (D1 Both),True,True,True,Subscription,Clear Protein,True,4,2025-04-19 16:00:00+00:00,2025-04,2025
6327531176191,219.73,549.32,5,0.39999999999999997,0.0,D1,D1,Tier 1 (D1 Both),True,True,True,Subscription,Clear Protein,True,2,2024-04-17 16:00:00+00:00,2024-04,2024
7144399864063,219.7,334.1,3,0.6575935348697994,0.41671497808594016,D1,D1,Tier 1 (D1 Both),True,True,True,Subscription,Clear Protein,True,5,2024-03-27 16:00:00+00:00,2024-03,2024
7756004458751,218.66,466.96,5,0.4682630533816144,0.0,D1,D1,Tier 1 (D1 Both),True,True,True,Direct / Organic,Unknown,False,1,2022-03-29 16:00:00+00:00,2022-03,2022
7755945574655,218.03,500.03,4,0.43602994738481565,0.07018332373376004,D1,D1,Tier 1 (D1 Both),True,True,True,Direct / Organic,Unknown,True,4,2021-12-31 16:00:00+00:00,2022-01,2021
8476754673919,218.0,294.5,3,0.7402376910016978,1.0,D1,D1,Tier 1 (D1 Both),True,True,True,Direct / Organic,Collagen Glow,False,2,2025-10-25 16:00:00+00:00,2025-10,2025
7756374442239,217.35,479.36,4,0.4534070004867595,0.0,D1,D1,Tier 1 (D1 Both),True,True,True,Direct / Organic,Unknown,False,5,2023-10-01 16:00:00+00:00,2023-10,2023
8335039529215,215.15,430.0,2,0.5003488372093023,0.10379324718632763,D1,D1,Tier 1 (D1 Both),True,True,True,Direct / Organic,Lean Protein,False,3,2025-09-17 16:00:00+00:00,2025-09,2025
8054880207103,214.87,339.6,3,0.6327149587750294,0.6331815594763802,D1,D1,Tier 1 (D1 Both),True,True,True,Direct / Organic,Lean Protein,False,3,2025-05-16 16:00:00+00:00,2025-05,2025
8653246890239,214.2,273.38,2,0.7835247640646719,0.6795235394214406,D1,D1,Tier 1 (D1 Both),True,True,True,Direct / Organic,Lean Protein,False,1,2025-12-26 16:00:00+00:00,2025-12,2025
7341135954175,213.49,360.4,2,0.5923695893451721,0.43228289631946115,D1,D2,Tier 2 (D1 Profit Only),True,False,False,Subscription,Clear Protein,False,4,2024-06-17 16:00:00+00:00,2024-06,2024
7756404064511,212.57,441.81,5,0.48113977419334936,0.0,D1,D1,Tier 1 (D1 Both),True,True,True,Direct / Organic,Other,False,5,2024-01-24 16:00:00+00:00,2024-01,2024
7971501867263,212.08,518.05,5,0.40938133384808423,0.0,D1,D1,Tier 1 (D1 Both),True,True,True,Direct / Organic,Lean Protein,False,3,2025-04-21 16:00:00+00:00,2025-04,2025
6329863766271,211.68,391.45,2,0.5407484991697534,0.0,D1,D2,Tier 2 (D1 Profit Only),True,False,False,Subscription,Unknown,False,3,2022-08-25 16:00:00+00:00,2022-08,2022
6329639960831,210.26,451.61,2,0.46558756449148603,0.24848335609231942,D1,D2,Tier 2 (D1 Profit Only),True,False,False,Subscription,Unknown,False,3,2022-05-15 16:00:00+00:00,2022-05,2022
6329600803071,210.0,473.99,5,0.44304732167345307,0.0,D1,D1,Tier 1 (D1 Both),True,True,True,Subscription,Unknown,False,2,2022-02-14 16:00:00+00:00,2022-02,2022
8345035243775,209.76,387.0,3,0.542015503875969,0.1336467427803895,D1,D1,Tier 1 (D1 Both),True,True,True,Direct / Organic,Accessories,False,2,2025-09-23 16:00:00+00:00,2025-09,2025
7756430639359,209.67,451.26,4,0.4646347679110687,0.0,D1,D1,Tier 1 (D1 Both),True,True,True,Subscription,Clear Protein,True,5,2024-05-28 16:00:00+00:00,2024-05,2024
6329849118975,207.32,309.2,2,0.6705045278137127,0.0,D1,D2,Tier 2 (D1 Profit Only),True,False,False,Subscription,Unknown,False,2,2022-06-27 16:00:00+00:00,2022-06,2022
7756000133375,207.17,498.84,6,0.41530592409000344,0.0,D1,D1,Tier 1 (D1 Both),True,True,True,Direct / Organic,Unknown,False,1,2022-05-15 16:00:00+00:00,2022-05,2022
7991231217919,206.34,426.4,4,0.48391181988742965,0.21377726750861079,D1,D1,Tier 1 (D1 Both),True,True,True,Direct / Organic,Clear Protein,True,3,2025-04-30 16:00:00+00:00,2025-05,2025
8244807008511,206.1,373.61,3,0.5516447632558015,0.4360429324696876,D1,D1,Tier 1 (D1 Both),True,True,True,Direct / Organic,Other,True,2,2025-08-07 16:00:00+00:00,2025-08,2025
7756414583039,205.85,481.35,3,0.4276568018281743,0.0,D1,D1,Tier 1 (D1 Both),True,True,True,Direct / Organic,Collagen Glow,False,1,2024-03-31 16:00:00+00:00,2024-04,2024
6327639572735,205.7,523.45,6,0.39296207851752796,0.0,D1,D1,Tier 1 (D1 Both),True,True,True,Subscription,Other,True,3,2024-03-26 16:00:00+00:00,2024-03,2024
7940749426943,202.7,373.77,2,0.5423121170773471,0.28846616903443295,D1,D1,Tier 1 (D1 Both),True,True,True,Direct / Organic,Accessories,False,5,2025-04-06 16:00:00+00:00,2025-04,2025
7756043747583,200.25,500.62,2,0.4,0.0,D1,D1,Tier 1 (D1 Both),True,True,True,Direct / Organic,Unknown,False,1,2022-01-18 16:00:00+00:00,2022-01,2022
7756349440255,199.33,500.8,10,0.3980128835818439,0.0,D1,D1,Tier 1 (D1 Both),True,True,True,Subscription,Unknown,True,4,2023-02-27 16:00:00+00:00,2023-02,2023
7956357021951,198.73,428.18,8,0.46411789434350037,0.33840621129846626,D1,D1,Tier 1 (D1 Both),True,True,True,Paid Social,Lean Protein,True,3,2025-04-11 16:00:00+00:00,2025-04,2025
7756267454719,195.78,476.43,8,0.4109271544239711,0.0,D1,D1,Tier 1 (D1 Both),True,True,True,Direct / Organic,Other,True,3,2023-01-31 16:00:00+00:00,2023-02,2023
7824197943551,195.32,493.2,1,0.3960259529602595,0.0,D1,D4,Tier 2 (D1 Profit Only),True,False,False,Direct / Organic,Other,False,3,2025-01-29 16:00:00+00:00,2025-01,2025
7756439748863,195.31,442.1,6,0.4417788501082993,0.0,D1,D1,Tier 1 (D1 Both),True,True,True,Direct / Organic,Collagen Glow,True,3,2024-06-27 16:00:00+00:00,2024-06,2024
6453495759103,194.88,425.23,4,0.45829315899630796,0.0,D1,D1,Tier 1 (D1 Both),True,True,True,Subscription,Other,False,2,2022-12-07 16:00:00+00:00,2022-12,2022
7756462293247,193.9,409.85,3,0.47310566739716137,0.0,D1,D1,Tier 1 (D1 Both),True,True,True,Direct / Organic,Accessories,False,2,2024-09-01 16:00:00+00:00,2024-09,2024
7756015894783,192.84,475.13,2,0.40586254400734734,0.0,D1,D2,Tier 2 (D1 Profit Only),True,False,False,Direct / Organic,Unknown,False,2,2022-09-01 16:00:00+00:00,2022-09,2022
6336696123647,192.72,486.69,4,0.3959727958248578,0.0,D1,D1,Tier 1 (D1 Both),True,True,True,Subscription,Unknown,False,1,2022-01-05 16:00:00+00:00,2022-01,2022
7756376408319,192.61,484.24,6,0.397747183979975,0.0,D1,D1,Tier 1 (D1 Both),True,True,True,Direct / Organic,Other,True,1,2023-08-09 16:00:00+00:00,2023-08,2023
7756025200895,192.58,444.45,2,0.43330219746504034,0.0,D1,D1,Tier 1 (D1 Both),True,True,True,Direct / Organic,Unknown,False,3,2022-06-02 16:00:00+00:00,2022-06,2022
7756429525247,192.07,342.58,4,0.5606690408079865,0.5008173273395995,D1,D1,Tier 1 (D1 Both),True,True,True,Subscription,Lean Protein,True,3,2025-06-20 16:00:00+00:00,2025-06,2025
7819297620223,191.68,484.1,1,0.39595124974178886,0.0,D1,D4,Tier 2 (D1 Profit Only),True,False,False,Direct / Organic,Other,False,1,2025-01-26 16:00:00+00:00,2025-01,2025
7756040503551,191.66,479.16,2,0.4000000000000001,0.0,D1,D1,Tier 1 (D1 Both),True,True,True,Direct / Organic,Unknown,False,1,2022-01-17 16:00:00+00:00,2022-01,2022
7236677632255,191.52,477.6,8,0.40101340033500843,0.0,D1,D1,Tier 1 (D1 Both),True,True,True,Subscription,Clear Protein,True,3,2024-04-25 16:00:00+00:00,2024-04,2024
7756316672255,191.14,463.64,14,0.41226428166200885,0.0717617149160981,D1,D1,Tier 1 (D1 Both),True,True,True,Subscription,Collagen Glow,True,4,2023-04-08 16:00:00+00:00,2023-04,2023
7756006064383,190.74,312.25,5,0.610863636804767,0.0,D1,D1,Tier 1 (D1 Both),True,True,True,Direct / Organic,Unknown,True,4,2022-09-01 16:00:00+00:00,2022-09,2022
6329708839167,190.05,475.12,1,0.4,0.0,D1,D5,Tier 2 (D1 Profit Only),True,False,False,Subscription,Unknown,False,1,2022-06-22 16:00:00+00:00,2022-06,2022
8339521929471,187.43,252.1,3,0.7434748115827052,0.6257038754554489,D1,D1,Tier 1 (D1 Both),True,True,True,Direct / Organic,Accessories,False,4,2025-09-20 16:00:00+00:00,2025-09,2025
7756408029439,187.39,468.47,9,0.39999999999999997,0.0,D1,D1,Tier 1 (D1 Both),True,True,True,Subscription,Other,True,2,2024-02-15 16:00:00+00:00,2024-02,2024
6329831588095,187.06,391.2,7,0.47816973415132924,0.3537321624588365,D1,D1,Tier 1 (D1 Both),True,True,True,Subscription,Other,False,4,2024-09-14 16:00:00+00:00,2024-09,2024
7968443990271,186.99,279.42,4,0.6692004867224965,0.47398431931575197,D1,D1,Tier 1 (D1 Both),True,True,True,Direct / Organic,Unknown,True,4,2025-04-19 16:00:00+00:00,2025-04,2025
8761752518911,185.72,219.13,1,0.8475334276456898,1.0,D1,D2,Tier 2 (D1 Profit Only),True,False,False,Direct / Organic,Clear Protein,False,2,2026-02-06 16:00:00+00:00,2026-02,2026
6327698981119,185.66,283.46,2,0.6549636633034642,0.0,D1,D2,Tier 2 (D1 Profit Only),True,False,False,Subscription,Unknown,False,2,2022-06-03 16:00:00+00:00,2022-06,2022
6423240835327,185.54,446.35,5,0.41569172174302677,0.0,D1,D1,Tier 1 (D1 Both),True,True,True,Subscription,Unknown,True,3,2022-05-29 16:00:00+00:00,2022-05,2022
7143014727935,185.52,453.92,4,0.4087063799788509,0.0,D1,D1,Tier 1 (D1 Both),True,True,True,Subscription,Clear Protein,False,2,2024-03-21 16:00:00+00:00,2024-03,2024
7959445766399,184.98,462.45,1,0.4,0.0,D1,D3,Tier 2 (D1 Profit Only),True,False,False,Subscription,Other,True,2,2025-04-13 16:00:00+00:00,2025-04,2025
8347407614207,183.92,259.84,2,0.7078201970443351,1.0,D1,D1,Tier 1 (D1 Both),True,True,True,Direct / Organic,Other,True,3,2025-10-05 16:00:00+00:00,2025-10,2025
8273287708927,182.31,347.9,2,0.5240298936475999,0.1252200150867488,D1,D1,Tier 1 (D1 Both),True,True,True,Direct / Organic,Lean Protein,False,3,2025-08-18 16:00:00+00:00,2025-08,2025
7756357435647,180.67,394.27,14,0.45824472193763244,0.26030303337326294,D1,D1,Tier 1 (D1 Both),True,True,True,Direct / Organic,Collagen Glow,True,2,2023-03-30 16:00:00+00:00,2023-03,2023
6510694334719,179.72,384.97,2,0.46684157207055094,0.0,D1,D2,Tier 2 (D1 Profit Only),True,False,False,Subscription,Other,False,1,2023-01-12 16:00:00+00:00,2023-01,2023
7756044566783,175.91,439.77,1,0.4,0.0,D1,D4,Tier 2 (D1 Profit Only),True,False,False,Direct / Organic,Unknown,False,1,2022-02-03 16:00:00+00:00,2022-02,2022
7756415500543,174.06,412.06,8,0.4224120370200139,0.0,D1,D1,Tier 1 (D1 Both),True,True,True,Subscription,Collagen Glow,True,5,2024-03-31 16:00:00+00:00,2024-04,2024
6336735478015,173.71,439.18,3,0.3955371373924132,0.0,D1,D1,Tier 1 (D1 Both),True,True,True,Subscription,Unknown,False,2,2022-05-04 16:00:00+00:00,2022-05,2022
8234418274559,173.56,433.9,2,0.4,0.0,D1,D1,Tier 1 (D1 Both),True,True,True,Direct / Organic,Collagen Glow,False,3,2025-08-05 16:00:00+00:00,2025-08,2025
7756261589247,173.45,244.83,3,0.7084527752610394,0.6702056015529058,D1,D1,Tier 1 (D1 Both),True,True,True,Direct / Organic,Collagen Glow,True,1,2022-12-12 16:00:00+00:00,2022-12,2022
7464591687935,173.19,234.23,3,0.7394014430260855,0.5690647482014388,D1,D1,Tier 1 (D1 Both),True,True,True,Subscription,Clear Protein,False,3,2024-08-29 16:00:00+00:00,2024-08,2024
7756354257151,172.41,393.18,5,0.4385014373684982,0.0,D1,D1,Tier 1 (D1 Both),True,True,True,Direct / Organic,Other,True,3,2023-03-19 16:00:00+00:00,2023-03,2023
8002930802943,172.04,435.1,4,0.39540335555044814,0.0,D1,D1,Tier 1 (D1 Both),True,True,True,Paid Social,Lean Protein,True,2,2025-05-01 16:00:00+00:00,2025-05,2025
7756039913727,171.64,429.09,1,0.4,0.0,D1,D4,Tier 2 (D1 Profit Only),True,False,False,Direct / Organic,Unknown,False,1,2022-03-08 16:00:00+00:00,2022-03,2022
7467076026623,171.36,462.7,7,0.3703479576399395,0.0,D1,D1,Tier 1 (D1 Both),True,True,True,Subscription,Lean Protein,False,2,2024-09-04 16:00:00+00:00,2024-09,2024
8347459059967,171.05,233.11,4,0.7337737548796706,1.0,D1,D1,Tier 1 (D1 Both),True,True,True,Subscription,Accessories,True,4,2025-09-25 16:00:00+00:00,2025-09,2025
7755978670335,170.36,441.73,10,0.3856678328874254,0.0,D1,D1,Tier 1 (D1 Both),True,True,True,Direct / Organic,Unknown,False,2,2022-03-04 16:00:00+00:00,2022-03,2022
8566894854399,170.22,260.83,3,0.6526089790284859,0.6057497732188961,D1,D1,Tier 1 (D1 Both),True,True,True,Subscription,Lean Protein,True,3,2025-12-09 16:00:00+00:00,2025-12,2025
8114101715199,170.17,303.05,4,0.561531100478469,0.636264642798218,D1,D1,Tier 1 (D1 Both),True,True,True,Subscription,Accessories,True,3,2025-08-28 16:00:00+00:00,2025-08,2025
8347824554239,170.15,207.87,3,0.8185404339250493,1.0,D1,D1,Tier 1 (D1 Both),True,True,True,Affiliate,Accessories,False,2,2025-09-30 16:00:00+00:00,2025-10,2025
6601910747391,170.12,342.45,4,0.4967615710322675,0.0,D1,D1,Tier 1 (D1 Both),True,True,True,Subscription,Other,False,4,2023-05-05 16:00:00+00:00,2023-05,2023
8832270598399,170.05,222.73,1,0.7634804471781979,1.0,D1,D2,Tier 2 (D1 Profit Only),True,False,False,Direct / Organic,Clear Protein,False,3,2026-03-07 16:00:00+00:00,2026-03,2026
7756396036351,169.89,427.46,11,0.39744793069714024,0.0,D1,D1,Tier 1 (D1 Both),True,True,True,Subscription,Other,True,2,2023-12-02 16:00:00+00:00,2023-12,2023
8676518789375,169.88,242.54,3,0.7004205491877629,1.0,D1,D1,Tier 1 (D1 Both),True,True,True,Direct / Organic,Clear Protein,True,2,2026-01-06 16:00:00+00:00,2026-01,2026
7756016615679,169.58,423.94,4,0.4000000000000001,0.0,D1,D1,Tier 1 (D1 Both),True,True,True,Direct / Organic,Unknown,False,1,2022-05-01 16:00:00+00:00,2022-05,2022
8290909290751,169.54,212.3,5,0.7985869053226565,0.9313996316758749,D1,D1,Tier 1 (D1 Both),True,True,True,Direct / Organic,Accessories,False,4,2025-08-26 16:00:00+00:00,2025-08,2025
8037245124863,169.4,330.55,5,0.5124852518529723,0.294456506006658,D1,D1,Tier 1 (D1 Both),True,True,True,Subscription,Lean Protein,True,5,2025-05-11 16:00:00+00:00,2025-05,2025
6327712874751,169.31,423.28,1,0.4000000000000001,0.0,D1,D5,Tier 2 (D1 Profit Only),True,False,False,Subscription,Unknown,False,1,2022-08-09 16:00:00+00:00,2022-08,2022
8308809007359,169.12,378.0,2,0.4474074074074074,0.0,D1,D1,Tier 1 (D1 Both),True,True,True,Direct / Organic,Other,False,3,2025-09-05 16:00:00+00:00,2025-09,2025
7151938994431,168.92,411.84,8,0.4101689976689977,0.0,D1,D1,Tier 1 (D1 Both),True,True,True,Subscription,Other,True,3,2024-03-25 16:00:00+00:00,2024-03,2024
6329600409855,168.92,422.3,1,0.4,0.0,D1,D5,Tier 2 (D1 Profit Only),True,False,False,Subscription,Unknown,False,1,2022-08-25 16:00:00+00:00,2022-08,2022
8667708227839,168.76,222.89,3,0.7571447799362916,1.0,D1,D1,Tier 1 (D1 Both),True,True,True,Subscription,Clear Protein,True,3,2026-01-02 16:00:00+00:00,2026-01,2026
6423604723967,168.75,403.72,3,0.41799266818587144,0.0,D1,D1,Tier 1 (D1 Both),True,True,True,Subscription,Unknown,False,2,2022-02-11 16:00:00+00:00,2022-02,2022
7756048204031,168.71,396.61,10,0.42539310698928184,0.12191530415354931,D1,D1,Tier 1 (D1 Both),True,True,True,Direct / Organic,Unknown,True,4,2022-01-06 16:00:00+00:00,2022-01,2022
6329709887743,168.46,421.14,1,0.4000000000000001,0.0,D1,D5,Tier 2 (D1 Profit Only),True,False,False,Subscription,Unknown,False,1,2022-06-08 16:00:00+00:00,2022-06,2022
7756327911679,167.78,384.31,5,0.4365616511265747,0.0,D1,D1,Tier 1 (D1 Both),True,True,True,Direct / Organic,Collagen Glow,True,2,2023-02-03 16:00:00+00:00,2023-02,2023
6424544575743,167.4,342.81,3,0.488317143607246,0.05068772287315334,D1,D1,Tier 1 (D1 Both),True,True,True,Subscription,Clear Protein,False,2,2023-12-16 16:00:00+00:00,2023-12,2023
7755925750015,167.26,399.49,4,0.41867814784136326,0.0,D1,D1,Tier 1 (D1 Both),True,True,True,Direct / Organic,Unknown,False,2,2022-04-19 16:00:00+00:00,2022-04,2022
7756484346111,167.24,418.09,7,0.4,0.0,D1,D1,Tier 1 (D1 Both),True,True,True,Subscription,Clear Protein,True,1,2024-12-09 16:00:00+00:00,2024-12,2024
6327691772159,167.23,418.08,1,0.4,0.0,D1,D5,Tier 2 (D1 Profit Only),True,False,False,Subscription,Unknown,False,1,2022-05-15 16:00:00+00:00,2022-05,2022
7167085084927,165.2,334.3,4,0.4941669159437631,0.0,D1,D1,Tier 1 (D1 Both),True,True,True,Subscription,Clear Protein,False,1,2024-04-02 16:00:00+00:00,2024-04,2024
7475483541759,165.01,251.3,8,0.656633505769996,0.4931506849315069,D1,D1,Tier 1 (D1 Both),True,True,True,Subscription,Soy Protein,True,1,2024-08-30 16:00:00+00:00,2024-08,2024
7756003639551,164.76,352.68,8,0.4671489698073652,0.0,D1,D1,Tier 1 (D1 Both),True,True,True,Direct / Organic,Unknown,True,2,2022-08-21 16:00:00+00:00,2022-08,2022
7956311998719,164.68,265.15,5,0.6210748632849331,0.6456422437420062,D1,D1,Tier 1 (D1 Both),True,True,True,Subscription,Collagen Glow,True,2,2025-06-02 16:00:00+00:00,2025-06,2025
8148081869055,164.65,287.2,3,0.5732938718662953,0.49603174603174605,D1,D1,Tier 1 (D1 Both),True,True,True,Direct / Organic,Other,False,4,2025-06-20 16:00:00+00:00,2025-06,2025
8723761168639,163.34,215.59,2,0.7576418201215269,1.0,D1,D1,Tier 1 (D1 Both),True,True,True,Direct / Organic,Accessories,False,3,2026-01-29 16:00:00+00:00,2026-01,2026
7756357763327,163.32,358.97,4,0.4549759832515891,0.0,D1,D1,Tier 1 (D1 Both),True,True,True,Subscription,Other,True,3,2023-10-29 16:00:00+00:00,2023-10,2023
6772333609215,162.96,405.71,5,0.40166621478395903,0.0,D1,D1,Tier 1 (D1 Both),True,True,True,Subscription,Other,False,4,2023-08-11 16:00:00+00:00,2023-08,2023
7756048597247,162.62,406.55,1,0.4000000000000001,0.0,D1,D4,Tier 2 (D1 Profit Only),True,False,False,Direct / Organic,Unknown,False,1,2022-01-05 16:00:00+00:00,2022-01,2022
7486364188927,162.56,398.91,4,0.4075104660199042,0.0,D1,D1,Tier 1 (D1 Both),True,True,True,Subscription,Clear Protein,False,4,2024-09-06 16:00:00+00:00,2024-09,2024
7883697324287,161.96,404.9,2,0.4,0.0,D1,D1,Tier 1 (D1 Both),True,True,True,Direct / Organic,Clear Protein,False,2,2025-03-02 16:00:00+00:00,2025-03,2025
8767332450559,161.87,249.58,3,0.6485695969228304,1.0,D1,D1,Tier 1 (D1 Both),True,True,True,Direct / Organic,Lean Protein,True,1,2026-02-09 16:00:00+00:00,2026-02,2026
6334077829375,161.86,404.64,1,0.4,0.0,D1,D5,Tier 2 (D1 Profit Only),True,False,False,Subscription,Unknown,False,1,2022-05-19 16:00:00+00:00,2022-05,2022
8590782955775,160.96,197.24,2,0.8160616507807746,1.0,D1,D1,Tier 1 (D1 Both),True,True,True,Subscription,Clear Protein,True,2,2025-12-04 16:00:00+00:00,2025-12,2025
8854317859071,160.92,215.7,2,0.7460361613351877,1.0,D1,D1,Tier 1 (D1 Both),True,True,True,Direct / Organic,Lean Protein,False,2,2026-03-16 16:00:00+00:00,2026-03,2026
7756015763711,160.82,349.73,6,0.4598481960281427,0.0,D1,D1,Tier 1 (D1 Both),True,True,True,Direct / Organic,Unknown,False,2,2022-09-06 16:00:00+00:00,2022-09,2022
6329602670847,160.48,401.2,4,0.4000000000000001,0.0,D1,D1,Tier 1 (D1 Both),True,True,True,Subscription,Clear Protein,True,1,2024-03-16 16:00:00+00:00,2024-03,2024
7968511426815,160.48,312.4,5,0.5137003841229194,0.3957184560493026,D1,D1,Tier 1 (D1 Both),True,True,True,Subscription,Clear Protein,True,2,2025-04-19 16:00:00+00:00,2025-04,2025
8350900257023,160.02,349.8,2,0.45746140651801037,0.14408233276157803,D1,D1,Tier 1 (D1 Both),True,True,True,Subscription,Other,True,2,2025-09-27 16:00:00+00:00,2025-09,2025
7756041027839,160.0,400.0,1,0.4,0.0,D1,D4,Tier 2 (D1 Profit Only),True,False,False,Direct / Organic,Unknown,False,1,2022-03-02 16:00:00+00:00,2022-03,2022
8904390836479,159.33,236.48,1,0.6737567658998648,1.0,D1,D2,Tier 2 (D1 Profit Only),True,False,False,Subscription,Clear Protein,True,3,2026-03-30 16:00:00+00:00,2026-03,2026
6336718930175,159.1,258.5,3,0.6154738878143134,0.5539836187639613,D1,D1,Tier 1 (D1 Both),True,True,True,Subscription,Other,False,4,2022-12-29 16:00:00+00:00,2022-12,2022
8761818906879,158.92,232.02,1,0.6849409533660892,1.0,D1,D2,Tier 2 (D1 Profit Only),True,False,False,Direct / Organic,Clear Protein,False,2,2026-02-06 16:00:00+00:00,2026-02,2026
8249601130751,158.7,259.5,2,0.6115606936416185,0.5,D1,D1,Tier 1 (D1 Both),True,True,True,Direct / Organic,Lean Protein,False,3,2025-08-10 16:00:00+00:00,2025-08,2025
7756423299327,158.63,292.74,2,0.5418823237133038,0.0,D1,D1,Tier 1 (D1 Both),True,True,True,Direct / Organic,Other,False,4,2024-04-29 16:00:00+00:00,2024-04,2024
8794668663039,158.33,200.64,1,0.7891248006379586,1.0,D1,D2,Tier 2 (D1 Profit Only),True,False,False,Subscription,Other,True,3,2026-02-20 16:00:00+00:00,2026-02,2026
7756010160383,158.27,395.67,6,0.4,0.0,D1,D1,Tier 1 (D1 Both),True,True,True,Direct / Organic,Unknown,True,3,2022-02-11 16:00:00+00:00,2022-02,2022
6559129141503,158.05,367.1,6,0.43053663851811497,0.20438388625592416,D1,D1,Tier 1 (D1 Both),True,True,True,Subscription,Other,False,2,2023-02-19 16:00:00+00:00,2023-02,2023
7756476645631,157.73,257.34,3,0.6129168246551535,0.5589313776846516,D1,D1,Tier 1 (D1 Both),True,True,True,Direct / Organic,Other,False,3,2024-10-26 16:00:00+00:00,2024-10,2024
8306264637695,157.3,281.18,4,0.5594281243331672,0.3687991789257612,D1,D1,Tier 1 (D1 Both),True,True,True,Paid Social,Lean Protein,True,3,2025-09-04 16:00:00+00:00,2025-09,2025
7756469731583,156.47,236.15,5,0.6625805524402482,0.9212623265865181,D1,D1,Tier 1 (D1 Both),True,True,True,Direct / Organic,Other,True,3,2024-09-29 16:00:00+00:00,2024-09,2024
8349936746751,156.44,215.71,1,0.7252329516480459,1.0,D1,D3,Tier 2 (D1 Profit Only),True,False,False,Subscription,Other,True,3,2025-09-27 16:00:00+00:00,2025-09,2025
8364385337599,156.38,235.62,1,0.6636957813428401,0.5683728036669213,D1,D2,Tier 2 (D1 Profit Only),True,False,False,Direct / Organic,Lean Protein,False,3,2025-10-03 16:00:00+00:00,2025-10,2025
7756438634751,155.78,389.45,2,0.4,0.0,D1,D1,Tier 1 (D1 Both),True,True,True,Subscription,Accessories,True,2,2024-06-22 16:00:00+00:00,2024-06,2024
7851775066367,155.49,346.0,5,0.44939306358381503,0.20833333333333334,D1,D1,Tier 1 (D1 Both),True,True,True,Direct / Organic,Clear Protein,True,1,2025-02-16 16:00:00+00:00,2025-02,2025
7756433686783,155.34,306.33,2,0.5071168895919087,0.08393147790571893,D1,D1,Tier 1 (D1 Both),True,True,True,Direct / Organic,Unknown,False,5,2024-06-01 16:00:00+00:00,2024-06,2024
7756264440063,155.05,315.56,3,0.4913668926575374,0.0,D1,D1,Tier 1 (D1 Both),True,True,True,Direct / Organic,Other,False,2,2023-01-04 16:00:00+00:00,2023-01,2023
7182675083519,155.0,375.61,3,0.4126620696999547,0.0,D1,D1,Tier 1 (D1 Both),True,True,True,Subscription,Clear Protein,False,3,2024-04-13 16:00:00+00:00,2024-04,2024
8602896433407,154.8,348.3,1,0.4444444444444445,0.0,D1,D2,Tier 2 (D1 Profit Only),True,False,False,Subscription,Lean Protein,True,1,2025-12-09 16:00:00+00:00,2025-12,2025
7756173213951,154.03,241.59,5,0.6375737993610641,0.3486043890472717,D1,D1,Tier 1 (D1 Both),True,True,True,Direct / Organic,Soy Protein,False,2,2023-06-04 16:00:00+00:00,2023-06,2023
7756381683967,153.73,385.85,6,0.3984230201363365,0.0,D1,D1,Tier 1 (D1 Both),True,True,True,Direct / Organic,Other,False,2,2023-09-14 16:00:00+00:00,2023-09,2023
6365653270783,153.19,229.79,1,0.6666608642673746,0.0,D1,D5,Tier 2 (D1 Profit Only),True,False,False,Subscription,Unknown,False,2,2022-10-06 16:00:00+00:00,2022-10,2022
7756042174719,152.5,325.27,5,0.46883582701373233,0.3008300881328141,D1,D1,Tier 1 (D1 Both),True,True,True,Direct / Organic,Unknown,True,2,2022-02-25 16:00:00+00:00,2022-02,2022
8071643332863,152.44,269.1,2,0.566480862133036,0.44444444444444436,D1,D1,Tier 1 (D1 Both),True,True,True,Direct / Organic,Other,False,1,2025-05-21 16:00:00+00:00,2025-05,2025
7756486934783,152.25,371.56,3,0.4097541958945927,0.0,D1,D1,Tier 1 (D1 Both),True,True,True,Direct / Organic,Clear Protein,True,4,2024-12-22 16:00:00+00:00,2024-12,2024
8902266945791,151.74,186.12,1,0.8152804642166345,1.0,D1,D2,Tier 2 (D1 Profit Only),True,False,False,Paid Social,Lean Protein,False,5,2026-03-29 16:00:00+00:00,2026-03,2026
8483228352767,151.64,218.26,3,0.6947677082378814,1.0,D1,D1,Tier 1 (D1 Both),True,True,True,Direct / Organic,Lean Protein,True,1,2025-10-28 16:00:00+00:00,2025-10,2025
7968596427007,150.43,278.28,8,0.5405562742561449,0.48382923673997413,D1,D1,Tier 1 (D1 Both),True,True,True,Subscription,Other,True,2,2025-04-19 16:00:00+00:00,2025-04,2025
8067675586815,150.25,223.7,2,0.6716584711667412,0.610338835794961,D1,D1,Tier 1 (D1 Both),True,True,True,Direct / Organic,Other,False,4,2025-06-03 16:00:00+00:00,2025-06,2025
8714446045439,150.22,212.52,2,0.706851119894598,1.0,D1,D1,Tier 1 (D1 Both),True,True,True,Direct / Organic,Other,False,2,2026-01-24 16:00:00+00:00,2026-01,2026
8825355141375,150.2,225.48,1,0.666134468689019,1.0,D1,D2,Tier 2 (D1 Profit Only),True,False,False,Direct / Organic,Lean Protein,False,2,2026-03-04 16:00:00+00:00,2026-03,2026
8474687602943,149.95,314.67,3,0.4765309689516,0.0652607580507267,D1,D1,Tier 1 (D1 Both),True,True,True,Direct / Organic,Lean Protein,False,1,2025-10-24 16:00:00+00:00,2025-10,2025
6424573640959,149.74,347.26,3,0.4311927662270345,0.0,D1,D1,Tier 1 (D1 Both),True,True,True,Subscription,Other,False,3,2023-08-31 16:00:00+00:00,2023-09,2023
8117513683199,149.72,305.83,5,0.48956609881306606,0.35840840341721236,D1,D1,Tier 1 (D1 Both),True,True,True,Subscription,Clear Protein,True,3,2025-06-08 16:00:00+00:00,2025-06,2025
7756485361919,149.62,365.0,6,0.4099294312992943,0.0,D1,D1,Tier 1 (D1 Both),True,True,True,Direct / Organic,Accessories,True,2,2024-12-13 16:00:00+00:00,2024-12,2024
8765829415167,149.39,210.98,1,0.7080765949379089,1.0,D1,D2,Tier 2 (D1 Profit Only),True,False,False,Direct / Organic,Lean Protein,False,4,2026-02-09 16:00:00+00:00,2026-02,2026
7756485951743,149.14,323.02,4,0.46169879041109513,0.1639151007458835,D1,D1,Tier 1 (D1 Both),True,True,True,Direct / Organic,Accessories,False,4,2024-12-15 16:00:00+00:00,2024-12,2024
6327401709823,148.93,363.04,3,0.4102247686205377,0.0,D1,D1,Tier 1 (D1 Both),True,True,True,Subscription,Unknown,False,3,2022-04-22 16:00:00+00:00,2022-04,2022
6423596531967,148.93,382.12,2,0.38974144247880244,0.0,D1,D2,Tier 2 (D1 Profit Only),True,False,False,Subscription,Unknown,False,1,2022-03-26 16:00:00+00:00,2022-03,2022
8474565968127,148.71,170.97,2,0.8698017195999297,1.0,D1,D1,Tier 1 (D1 Both),True,True,True,Direct / Organic,Clear Protein,False,3,2025-10-24 16:00:00+00:00,2025-10,2025
7756218728703,148.55,210.64,2,0.7052316748955565,1.0,D1,D1,Tier 1 (D1 Both),True,True,True,Direct / Organic,Lean Protein,False,3,2025-12-19 16:00:00+00:00,2025-12,2025
8315540439295,148.51,211.86,2,0.7009912206173889,0.6841182026717042,D1,D1,Tier 1 (D1 Both),True,True,True,Direct / Organic,Clear Protein,False,3,2025-09-09 16:00:00+00:00,2025-09,2025
8639310823679,147.8,178.92,2,0.8260675162083613,1.0,D1,D1,Tier 1 (D1 Both),True,True,True,Direct / Organic,Other,False,4,2025-12-21 16:00:00+00:00,2025-12,2025
8837407637759,147.72,223.39,1,0.6612650521509468,1.0,D1,D2,Tier 2 (D1 Profit Only),True,False,False,Direct / Organic,Lean Protein,False,2,2026-03-09 16:00:00+00:00,2026-03,2026
7942386712831,147.51,322.04,6,0.4580549000124209,0.1623599566317311,D1,D1,Tier 1 (D1 Both),True,True,True,Paid Social,Accessories,True,4,2025-05-04 16:00:00+00:00,2025-05,2025
8360854388991,147.4,212.08,2,0.6950207468879668,1.0,D1,D1,Tier 1 (D1 Both),True,True,True,Direct / Organic,Lean Protein,True,2,2025-10-04 16:00:00+00:00,2025-10,2025
8345098289407,147.12,276.6,1,0.531872740419378,0.2671250733233396,D1,D3,Tier 2 (D1 Profit Only),True,False,False,Paid Social,Clear Protein,False,4,2025-09-23 16:00:00+00:00,2025-09,2025
8384362742015,146.57,308.9,2,0.4744901262544513,0.2233732599546779,D1,D1,Tier 1 (D1 Both),True,True,True,Paid Social,Clear Protein,False,3,2025-10-09 16:00:00+00:00,2025-10,2025
8445907501311,146.17,200.4,2,0.7293912175648701,0.875748502994012,D1,D1,Tier 1 (D1 Both),True,True,True,Paid Social,Unknown,False,4,2025-10-19 16:00:00+00:00,2025-10,2025
7755938726143,145.89,367.45,12,0.39703117268678884,0.0,D1,D1,Tier 1 (D1 Both),True,True,True,Subscription,Other,True,2,2024-02-29 16:00:00+00:00,2024-03,2024
6423226679551,145.68,362.61,3,0.40175395052535784,0.0,D1,D1,Tier 1 (D1 Both),True,True,True,Subscription,Unknown,False,2,2022-08-13 16:00:00+00:00,2022-08,2022
7756042502399,145.26,363.15,1,0.4,0.0,D1,D4,Tier 2 (D1 Profit Only),True,False,False,Direct / Organic,Unknown,False,1,2022-02-20 16:00:00+00:00,2022-02,2022
8657433362687,145.2,186.7,1,0.7777182645956079,1.0,D1,D2,Tier 2 (D1 Profit Only),True,False,False,Paid Social,Lean Protein,False,1,2025-12-28 16:00:00+00:00,2025-12,2025
8366984167679,145.16,213.1,1,0.6811731581417176,0.4799838089455576,D1,D2,Tier 2 (D1 Profit Only),True,False,False,Direct / Organic,Accessories,False,4,2025-10-04 16:00:00+00:00,2025-10,2025
7969066320127,145.06,268.3,4,0.5406634364517331,0.4629146477823332,D1,D1,Tier 1 (D1 Both),True,True,True,Subscription,Clear Protein,True,2,2025-04-19 16:00:00+00:00,2025-04,2025
7168635830527,144.76,283.81,5,0.510045452943871,0.0,D1,D1,Tier 1 (D1 Both),True,True,True,Subscription,Other,True,2,2024-04-03 16:00:00+00:00,2024-04,2024
7756428902655,144.51,361.28,6,0.40000000000000013,0.0,D1,D1,Tier 1 (D1 Both),True,True,True,Subscription,Clear Protein,True,4,2024-05-23 16:00:00+00:00,2024-05,2024
6327404921087,144.44,361.09,2,0.39999999999999997,0.0,D1,D2,Tier 2 (D1 Profit Only),True,False,False,Subscription,Unknown,False,3,2022-08-16 16:00:00+00:00,2022-08,2022
7756000067839,144.29,295.15,3,0.4888637002995937,0.0,D1,D1,Tier 1 (D1 Both),True,True,True,Direct / Organic,Other,True,3,2022-09-22 16:00:00+00:00,2022-09,2022
7756358844671,144.11,445.12,14,0.3237514296606938,0.0,D1,D1,Tier 1 (D1 Both),True,True,True,Subscription,Collagen Glow,True,1,2023-04-20 16:00:00+00:00,2023-04,2023
8730866352383,144.02,199.47,2,0.7220133353386473,1.0,D1,D1,Tier 1 (D1 Both),True,True,True,Subscription,Lean Protein,True,1,2026-02-01 16:00:00+00:00,2026-02,2026
6327523148031,143.84,275.09,1,0.5228834199716457,0.0,D1,D5,Tier 2 (D1 Profit Only),True,False,False,Subscription,Other,False,1,2023-04-02 16:00:00+00:00,2023-04,2023
8351278334207,143.47,177.2,1,0.8096501128668172,1.0,D1,D3,Tier 2 (D1 Profit Only),True,False,False,Direct / Organic,Clear Protein,False,2,2025-09-27 16:00:00+00:00,2025-09,2025
7756000198911,143.32,239.23,5,0.5991006624697582,0.0,D1,D1,Tier 1 (D1 Both),True,True,True,Direct / Organic,Unknown,False,4,2022-05-18 16:00:00+00:00,2022-05,2022
7516825649407,143.04,303.96,2,0.47060139492038433,0.0,D1,D2,Tier 2 (D1 Profit Only),True,False,False,Subscription,Clear Protein,False,4,2024-09-24 16:00:00+00:00,2024-09,2024
6329858785535,142.98,367.25,2,0.38932607215793064,0.0,D1,D2,Tier 2 (D1 Profit Only),True,False,False,Subscription,Unknown,False,1,2022-04-19 16:00:00+00:00,2022-04,2022
8341118517503,142.97,267.19,1,0.535094876305251,0.15563232900375376,D1,D3,Tier 2 (D1 Profit Only),True,False,False,Direct / Organic,Other,False,3,2025-09-21 16:00:00+00:00,2025-09,2025
8480155238655,142.96,178.11,1,0.8026500477233168,1.0,D1,D2,Tier 2 (D1 Profit Only),True,False,False,Direct / Organic,Lean Protein,False,2,2025-10-27 16:00:00+00:00,2025-10,2025
7756043583743,142.88,357.2,1,0.4,0.0,D1,D4,Tier 2 (D1 Profit Only),True,False,False,Direct / Organic,Unknown,False,1,2022-02-11 16:00:00+00:00,2022-02,2022
6327748264191,142.58,356.44,7,0.4,0.0,D1,D1,Tier 1 (D1 Both),True,True,True,Subscription,Other,True,1,2023-06-25 16:00:00+00:00,2023-06,2023
6328274747647,142.31,364.68,4,0.3902380168915213,0.0,D1,D1,Tier 1 (D1 Both),True,True,True,Subscription,Unknown,False,2,2022-04-20 16:00:00+00:00,2022-04,2022
6329836339455,142.24,355.61,2,0.4000000000000001,0.0,D1,D2,Tier 2 (D1 Profit Only),True,False,False,Subscription,Unknown,False,1,2022-03-31 16:00:00+00:00,2022-04,2022
7267551379711,141.6,289.1,2,0.4898097544102386,0.0,D1,D2,Tier 2 (D1 Profit Only),True,False,False,Subscription,Clear Protein,False,2,2024-05-06 16:00:00+00:00,2024-05,2024
7272645099775,141.6,300.9,1,0.47058823529411764,0.0,D1,D5,Tier 2 (D1 Profit Only),True,False,False,Subscription,Unknown,False,2,2024-05-09 16:00:00+00:00,2024-05,2024
7335218184447,141.6,318.6,1,0.4444444444444444,0.0,D1,D5,Tier 2 (D1 Profit Only),True,False,False,Subscription,Clear Protein,False,1,2024-06-12 16:00:00+00:00,2024-06,2024
8835435233535,141.48,215.04,1,0.6579241071428571,1.0,D1,D2,Tier 2 (D1 Profit Only),True,False,False,Subscription,Clear Protein,True,1,2026-03-08 16:00:00+00:00,2026-03,2026
8841410478335,141.48,215.04,1,0.6579241071428571,1.0,D1,D2,Tier 2 (D1 Profit Only),True,False,False,Subscription,Clear Protein,True,1,2026-03-11 16:00:00+00:00,2026-03,2026
7971635331327,141.17,274.05,6,0.5151322751322752,0.385829307568438,D1,D1,Tier 1 (D1 Both),True,True,True,Direct / Organic,Unknown,True,3,2025-04-21 16:00:00+00:00,2025-04,2025
6329699729663,141.09,357.62,1,0.39451932218556013,0.0,D1,D5,Tier 2 (D1 Profit Only),True,False,False,Subscription,Unknown,False,1,2022-08-25 16:00:00+00:00,2022-08,2022
8795078983935,140.87,190.98,2,0.7376165043460048,1.0,D1,D1,Tier 1 (D1 Both),True,True,True,Direct / Organic,Lean Protein,False,4,2026-02-20 16:00:00+00:00,2026-02,2026
6423599907071,140.78,356.86,1,0.3945076500588466,0.0,D1,D5,Tier 2 (D1 Profit Only),True,False,False,Subscription,Unknown,False,1,2022-02-28 16:00:00+00:00,2022-03,2022
6334060429567,140.52,356.21,2,0.3944976278038235,0.0,D1,D2,Tier 2 (D1 Profit Only),True,False,False,Subscription,Unknown,False,1,2022-04-07 16:00:00+00:00,2022-04,2022
7756001116415,140.35,302.27,5,0.4643167919799499,0.0,D1,D1,Tier 1 (D1 Both),True,True,True,Direct / Organic,Unknown,False,2,2022-02-04 16:00:00+00:00,2022-02,2022
7155206750463,140.0,295.51,3,0.4737436973368076,0.0,D1,D1,Tier 1 (D1 Both),True,True,True,Subscription,Clear Protein,False,2,2024-03-29 16:00:00+00:00,2024-03,2024
7851112497407,139.35,331.66,8,0.4201531689079178,0.0,D1,D1,Tier 1 (D1 Both),True,True,True,Subscription,Other,True,1,2025-02-16 16:00:00+00:00,2025-02,2025
6328231035135,139.25,348.12,1,0.4,0.0,D1,D5,Tier 2 (D1 Profit Only),True,False,False,Subscription,Unknown,False,1,2022-04-27 16:00:00+00:00,2022-04,2022
7953613816063,139.02,233.85,2,0.5944836433611289,0.490521327014218,D1,D1,Tier 1 (D1 Both),True,True,True,Direct / Organic,Clear Protein,False,1,2025-04-09 16:00:00+00:00,2025-04,2025
7756457443583,137.71,329.47,4,0.41796810330555706,0.0,D1,D1,Tier 1 (D1 Both),True,True,True,Direct / Organic,Clear Protein,False,2,2024-08-13 16:00:00+00:00,2024-08,2024
8694256533759,137.62,194.77,1,0.7065769882425424,1.0,D1,D2,Tier 2 (D1 Profit Only),True,False,False,Direct / Organic,Clear Protein,False,3,2026-01-14 16:00:00+00:00,2026-01,2026
7755970740479,137.47,343.67,3,0.3999999999999999,0.0,D1,D1,Tier 1 (D1 Both),True,True,True,Direct / Organic,Unknown,False,1,2022-06-02 16:00:00+00:00,2022-06,2022
8780897124607,137.16,151.61,1,0.9046896642701667,1.0,D1,D2,Tier 2 (D1 Profit Only),True,False,False,Subscription,Collagen Glow,True,1,2026-03-13 16:00:00+00:00,2026-03,2026
8848376529151,137.08,151.54,1,0.9045796489375744,1.0,D1,D2,Tier 2 (D1 Profit Only),True,False,False,Subscription,Collagen Glow,True,1,2026-03-14 16:00:00+00:00,2026-03,2026
7756440404223,136.87,284.03,5,0.4818824382931734,0.0,D1,D1,Tier 1 (D1 Both),True,True,True,Direct / Organic,Unknown,False,4,2024-06-29 16:00:00+00:00,2024-06,2024
7756420251903,136.57,328.71,3,0.415469287288081,0.0,D1,D1,Tier 1 (D1 Both),True,True,True,Direct / Organic,Other,True,2,2024-04-20 16:00:00+00:00,2024-04,2024
8166904529151,136.28,292.89,3,0.46529413773088873,0.0,D1,D1,Tier 1 (D1 Both),True,True,True,Direct / Organic,Lean Protein,False,1,2025-06-28 16:00:00+00:00,2025-06,2025
7475323666687,135.76,263.42,3,0.5153746868119352,0.0,D1,D1,Tier 1 (D1 Both),True,True,True,Subscription,Lean Protein,False,3,2024-08-30 16:00:00+00:00,2024-08,2024
7756266930431,135.65,276.52,2,0.4905590075725198,0.0,D1,D1,Tier 1 (D1 Both),True,True,True,Direct / Organic,Collagen Glow,False,4,2023-01-27 16:00:00+00:00,2023-01,2023
7756016582911,135.64,341.83,1,0.39680862380766646,0.0,D1,D4,Tier 2 (D1 Profit Only),True,False,False,Direct / Organic,Unknown,False,1,2022-08-30 16:00:00+00:00,2022-08,2022
7339270406399,135.44,203.16,1,0.6666863555818076,0.0,D1,D5,Tier 2 (D1 Profit Only),True,False,False,Subscription,Clear Protein,False,4,2024-06-27 16:00:00+00:00,2024-06,2024
6328230281471,135.14,302.37,2,0.4469226444422397,0.0,D1,D2,Tier 2 (D1 Profit Only),True,False,False,Subscription,Unknown,False,2,2022-04-25 16:00:00+00:00,2022-04,2022
6532484989183,134.37,317.28,4,0.4235181753930202,0.0,D1,D1,Tier 1 (D1 Both),True,True,True,Direct / Organic,Unknown,True,2,2022-08-24 16:00:00+00:00,2022-08,2022
7295407227135,134.0,349.9,4,0.3829665618748214,0.0,D1,D1,Tier 1 (D1 Both),True,True,True,Subscription,Clear Protein,False,1,2024-05-19 16:00:00+00:00,2024-05,2024
7427694067967,134.0,324.15,3,0.4133888631806263,0.0,D1,D1,Tier 1 (D1 Both),True,True,True,Subscription,Clear Protein,False,1,2024-08-03 16:00:00+00:00,2024-08,2024
7755954094335,133.55,327.82,4,0.4073913164049141,0.0,D1,D1,Tier 1 (D1 Both),True,True,True,Direct / Organic,Unknown,False,2,2022-06-14 16:00:00+00:00,2022-06,2022
6336669483263,133.36,328.42,3,0.40607758358199864,0.0,D1,D1,Tier 1 (D1 Both),True,True,True,Subscription,Other,True,2,2024-09-07 16:00:00+00:00,2024-09,2024
6423596761343,133.33,343.13,2,0.38857575845889314,0.0,D1,D2,Tier 2 (D1 Profit Only),True,False,False,Subscription,Unknown,False,1,2022-01-22 16:00:00+00:00,2022-01,2022
6327622566143,133.1,332.74,1,0.4,0.0,D1,D5,Tier 2 (D1 Profit Only),True,False,False,Subscription,Unknown,False,1,2022-04-25 16:00:00+00:00,2022-04,2022
7756418973951,132.97,329.53,12,0.40350544530282295,0.0,D1,D1,Tier 1 (D1 Both),True,True,True,Subscription,Collagen Glow,True,3,2024-04-16 16:00:00+00:00,2024-04,2024
6767682453759,132.78,327.07,3,0.4059803711743663,0.0,D1,D1,Tier 1 (D1 Both),True,True,True,Subscription,Other,True,5,2023-08-09 16:00:00+00:00,2023-08,2023
8260457005311,132.63,237.82,3,0.5576906904381465,0.25663026521060844,D1,D1,Tier 1 (D1 Both),True,True,True,Direct / Organic,Lean Protein,False,4,2025-08-15 16:00:00+00:00,2025-08,2025
6329869861119,132.56,330.56,3,0.4010340692826419,0.0,D1,D1,Tier 1 (D1 Both),True,True,True,Subscription,Unknown,False,2,2022-06-20 16:00:00+00:00,2022-06,2022
8310005006591,132.36,231.48,3,0.5718074995679974,0.8426966292134831,D1,D1,Tier 1 (D1 Both),True,True,True,Paid Social,Accessories,True,3,2025-09-06 16:00:00+00:00,2025-09,2025
8290383069439,132.23,210.37,2,0.6285592052098683,0.49833610648918475,D1,D1,Tier 1 (D1 Both),True,True,True,Direct / Organic,Accessories,False,3,2025-08-26 16:00:00+00:00,2025-08,2025
7573622128895,132.09,211.55,3,0.6243913968329,0.3602106969205835,D1,D1,Tier 1 (D1 Both),True,True,True,Subscription,Clear Protein,False,2,2024-10-19 16:00:00+00:00,2024-10,2024
8794067861759,132.03,176.31,1,0.7488514548238896,1.0,D1,D2,Tier 2 (D1 Profit Only),True,False,False,Direct / Organic,Other,False,3,2026-02-20 16:00:00+00:00,2026-02,2026
7756016779519,131.94,329.84,3,0.39999999999999997,0.0,D1,D1,Tier 1 (D1 Both),True,True,True,Direct / Organic,Unknown,False,1,2022-05-06 16:00:00+00:00,2022-05,2022
8299066654975,131.87,221.55,2,0.5952155269690814,0.5002087682672234,D1,D1,Tier 1 (D1 Both),True,True,True,Direct / Organic,Collagen Glow,False,3,2025-08-31 16:00:00+00:00,2025-09,2025
7723643175167,131.78,339.35,6,0.38833063209076174,0.0,D1,D1,Tier 1 (D1 Both),True,True,True,Subscription,Lean Protein,True,1,2024-12-21 16:00:00+00:00,2024-12,2024
7252742078719,131.64,241.25,2,0.545658031088083,0.0,D1,D2,Tier 2 (D1 Profit Only),True,False,False,Subscription,Other,False,1,2024-04-27 16:00:00+00:00,2024-04,2024
6362962821375,131.56,242.5,2,0.542498969072165,0.0,D1,D2,Tier 2 (D1 Profit Only),True,False,False,Subscription,Other,False,1,2022-10-04 16:00:00+00:00,2022-10,2022
8770382364927,131.13,186.3,3,0.7038647342995168,1.0,D1,D1,Tier 1 (D1 Both),True,True,True,Subscription,Clear Protein,True,1,2026-02-10 16:00:00+00:00,2026-02,2026
7756264800511,130.17,305.92,5,0.4255049379414183,0.0,D1,D1,Tier 1 (D1 Both),True,True,True,Direct / Organic,Unknown,True,3,2023-01-07 16:00:00+00:00,2023-01,2023
7957746417919,130.0,210.74,2,0.6168928537534402,0.5032467532467533,D1,D1,Tier 1 (D1 Both),True,True,True,Direct / Organic,Other,True,1,2025-04-27 16:00:00+00:00,2025-04,2025
8786180342015,129.55,185.84,2,0.6971050365906156,1.0,D1,D1,Tier 1 (D1 Both),True,True,True,Subscription,Lean Protein,True,3,2026-02-16 16:00:00+00:00,2026-02,2026
6336719192319,129.5,321.41,4,0.40291216825861054,0.0,D1,D1,Tier 1 (D1 Both),True,True,True,Subscription,Unknown,True,3,2022-06-05 16:00:00+00:00,2022-06,2022
7756262801663,129.49,309.58,7,0.4182768544077054,0.0,D1,D1,Tier 1 (D1 Both),True,True,True,Direct / Organic,Unknown,False,3,2022-12-24 16:00:00+00:00,2022-12,2022
8633033228543,129.26,179.28,1,0.7209950914770191,1.0,D1,D2,Tier 2 (D1 Profit Only),True,False,False,Direct / Organic,Collagen Glow,False,2,2025-12-18 16:00:00+00:00,2025-12,2025
7756466028799,128.93,288.96,3,0.4462018446759756,0.0,D1,D1,Tier 1 (D1 Both),True,True,True,Subscription,Other,True,3,2024-09-28 16:00:00+00:00,2024-09,2024
8364298830079,128.83,154.53,1,0.8336892512780689,1.0,D1,D3,Tier 2 (D1 Profit Only),True,False,False,Direct / Organic,Clear Protein,False,3,2025-10-03 16:00:00+00:00,2025-10,2025
7691249844479,128.24,315.81,3,0.4060669389822995,0.0,D1,D1,Tier 1 (D1 Both),True,True,True,Subscription,Other,False,2,2024-12-07 16:00:00+00:00,2024-12,2024
6763164958975,127.84,287.64,1,0.44444444444444453,0.0,D1,D5,Tier 2 (D1 Profit Only),True,False,False,Subscription,Other,False,1,2023-08-03 16:00:00+00:00,2023-08,2023
8844887752959,127.17,162.56,1,0.7822957677165354,1.0,D1,D2,Tier 2 (D1 Profit Only),True,False,False,Subscription,Lean Protein,True,1,2026-03-17 16:00:00+00:00,2026-03,2026
8082865291519,127.15,209.74,3,0.6062458281682083,0.5261077686531115,D1,D1,Tier 1 (D1 Both),True,True,True,Direct / Organic,Accessories,True,4,2025-05-26 16:00:00+00:00,2025-05,2025
8698913390847,127.14,150.25,2,0.8461896838602329,1.0,D1,D1,Tier 1 (D1 Both),True,True,True,Direct / Organic,Lean Protein,False,3,2026-01-16 16:00:00+00:00,2026-01,2026
7261004103935,127.06,248.28,3,0.5117609150958595,0.0,D1,D1,Tier 1 (D1 Both),True,True,True,Subscription,Clear Protein,True,5,2024-06-29 16:00:00+00:00,2024-06,2024
7135383421183,127.04,253.04,2,0.5020550110654441,0.0,D1,D2,Tier 2 (D1 Profit Only),True,False,False,Subscription,Clear Protein,False,3,2024-03-30 16:00:00+00:00,2024-03,2024
7756432212223,126.82,248.25,3,0.5108540975222127,0.0,D1,D1,Tier 1 (D1 Both),True,True,True,Direct / Organic,Other,False,3,2024-05-29 16:00:00+00:00,2024-05,2024
8474630390015,126.75,152.75,1,0.8297872340425532,1.0,D1,D2,Tier 2 (D1 Profit Only),True,False,False,Direct / Organic,Lean Protein,False,1,2025-10-24 16:00:00+00:00,2025-10,2025
8291080372479,126.64,316.61,2,0.4,0.0,D1,D1,Tier 1 (D1 Both),True,True,True,Direct / Organic,Accessories,False,2,2025-08-26 16:00:00+00:00,2025-08,2025
8702702944511,126.6,221.43,2,0.5717382468500203,0.4642412160478445,D1,D1,Tier 1 (D1 Both),True,True,True,Direct / Organic,Clear Protein,True,1,2026-01-18 16:00:00+00:00,2026-01,2026
8807161102591,126.36,184.23,1,0.6858817782120176,1.0,D1,D2,Tier 2 (D1 Profit Only),True,False,False,Subscription,Clear Protein,True,3,2026-02-25 16:00:00+00:00,2026-02,2026
7756461670655,126.35,203.64,3,0.620467187086137,0.5040529650639152,D1,D1,Tier 1 (D1 Both),True,True,True,Direct / Organic,Lean Protein,False,4,2024-08-29 16:00:00+00:00,2024-08,2024
8364461097215,126.24,167.72,2,0.7526830431671834,1.0,D1,D1,Tier 1 (D1 Both),True,True,True,Direct / Organic,Lean Protein,False,1,2025-10-03 16:00:00+00:00,2025-10,2025
8371222905087,126.22,143.67,2,0.8785411011345443,1.0,D1,D1,Tier 1 (D1 Both),True,True,True,Subscription,Accessories,True,3,2025-10-07 16:00:00+00:00,2025-10,2025
7756045811967,126.22,315.55,1,0.4,0.0,D1,D4,Tier 2 (D1 Profit Only),True,False,False,Direct / Organic,Unknown,False,1,2022-01-16 16:00:00+00:00,2022-01,2022
7521916289279,126.12,222.19,3,0.5676403078446375,0.0,D1,D1,Tier 1 (D1 Both),True,True,True,Subscription,Other,False,6,2024-09-28 16:00:00+00:00,2024-09,2024
7089442390271,125.9,319.66,4,0.3938684852655947,0.0,D1,D1,Tier 1 (D1 Both),True,True,True,Subscription,Other,True,3,2024-02-20 16:00:00+00:00,2024-02,2024
8344990417151,125.9,176.41,2,0.7136897001303781,0.5868474131056803,D1,D1,Tier 1 (D1 Both),True,True,True,Subscription,Other,True,3,2025-09-23 16:00:00+00:00,2025-09,2025
8701446029567,125.76,232.2,2,0.5416020671834625,0.5,D1,D1,Tier 1 (D1 Both),True,True,True,Subscription,Clear Protein,True,1,2026-01-17 16:00:00+00:00,2026-01,2026
7756410683647,125.66,250.31,3,0.502026832345058,0.0,D1,D1,Tier 1 (D1 Both),True,True,True,Direct / Organic,Lean Protein,True,4,2024-04-24 16:00:00+00:00,2024-04,2024
7959761486079,125.57,278.46,4,0.45094448035624507,0.1936005171299289,D1,D1,Tier 1 (D1 Both),True,True,True,Subscription,Collagen Glow,True,3,2025-04-14 16:00:00+00:00,2025-04,2025
6329603752191,125.26,254.08,3,0.49297858942065487,0.0,D1,D1,Tier 1 (D1 Both),True,True,True,Subscription,Unknown,False,2,2022-02-20 16:00:00+00:00,2022-02,2022
7476901839103,124.53,239.47,4,0.520031736751994,0.0,D1,D1,Tier 1 (D1 Both),True,True,True,Subscription,Collagen Glow,True,3,2024-08-31 16:00:00+00:00,2024-09,2024
7756265619711,124.5,270.69,3,0.4599466449335637,0.0,D1,D1,Tier 1 (D1 Both),True,True,True,Direct / Organic,Collagen Glow,False,1,2023-01-15 16:00:00+00:00,2023-01,2023
7756476973311,124.31,217.9,3,0.5704785255255799,0.2293877008015432,D1,D1,Tier 1 (D1 Both),True,True,True,Direct / Organic,Collagen Glow,False,2,2024-10-27 16:00:00+00:00,2024-10,2024
6336712409343,124.25,315.44,5,0.39390058331219885,0.0,D1,D1,Tier 1 (D1 Both),True,True,True,Subscription,Unknown,True,2,2021-12-31 16:00:00+00:00,2022-01,2021
7755999576319,124.18,310.45,2,0.39999999999999997,0.0,D1,D2,Tier 2 (D1 Profit Only),True,False,False,Direct / Organic,Unknown,False,1,2021-12-31 16:00:00+00:00,2022-01,2021
6423592370431,123.95,307.29,2,0.4033714081161118,0.0,D1,D2,Tier 2 (D1 Profit Only),True,False,False,Subscription,Unknown,False,2,2022-04-23 16:00:00+00:00,2022-04,2022
7521930281215,123.76,216.58,2,0.5714285714285715,0.0,D1,D2,Tier 2 (D1 Profit Only),True,False,False,Subscription,Other,False,2,2024-09-28 16:00:00+00:00,2024-09,2024
8329028370687,123.71,131.6,1,0.9400455927051673,1.0,D1,D3,Tier 2 (D1 Profit Only),True,False,False,Direct / Organic,Other,False,3,2025-09-14 16:00:00+00:00,2025-09,2025
7988988313855,123.0,311.02,4,0.39547295993826764,0.0,D1,D1,Tier 1 (D1 Both),True,True,True,Direct / Organic,Other,False,3,2025-04-29 16:00:00+00:00,2025-04,2025
7756392923391,122.96,247.55,3,0.49668882278775417,0.0,D1,D1,Tier 1 (D1 Both),True,True,True,Direct / Organic,Unknown,True,3,2023-12-22 16:00:00+00:00,2023-12,2023
7756468125951,122.63,272.2,2,0.4504972914481902,0.0,D1,D1,Tier 1 (D1 Both),True,True,True,Direct / Organic,Clear Protein,False,3,2024-09-26 16:00:00+00:00,2024-09,2024
7756418613503,122.41,275.72,4,0.4439525173894456,0.0,D1,D1,Tier 1 (D1 Both),True,True,True,Direct / Organic,Collagen Glow,False,4,2024-04-15 16:00:00+00:00,2024-04,2024
8758133653759,122.26,163.8,2,0.7463980463980463,1.0,D1,D1,Tier 1 (D1 Both),True,True,True,Direct / Organic,Other,False,1,2026-02-09 16:00:00+00:00,2026-02,2026
7756440535295,122.21,229.14,1,0.5333333333333333,0.0,D1,D4,Tier 2 (D1 Profit Only),True,False,False,Direct / Organic,Lean Protein,False,4,2024-06-29 16:00:00+00:00,2024-06,2024
8342710878463,122.18,173.35,2,0.7048168445341794,1.0,D1,D1,Tier 1 (D1 Both),True,True,True,Direct / Organic,Clear Protein,False,4,2025-09-22 16:00:00+00:00,2025-09,2025
6804197376255,122.02,305.04,3,0.4,0.0,D1,D1,Tier 1 (D1 Both),True,True,True,Subscription,Other,True,2,2023-09-08 16:00:00+00:00,2023-09,2023
8343144956159,121.91,133.14,2,0.9156526964097943,1.0,D1,D1,Tier 1 (D1 Both),True,True,True,Direct / Organic,Other,False,1,2025-09-22 16:00:00+00:00,2025-09,2025
8849562370303,121.84,172.06,1,0.7081250726490759,1.0,D1,D2,Tier 2 (D1 Profit Only),True,False,False,Direct / Organic,Clear Protein,False,3,2026-03-15 16:00:00+00:00,2026-03,2026
8091443003647,121.59,185.25,2,0.6563670715249662,0.6924463209927398,D1,D1,Tier 1 (D1 Both),True,True,True,Subscription,Clear Protein,True,1,2025-05-30 16:00:00+00:00,2025-05,2025
7984357114111,121.54,303.84,2,0.4,0.0,D1,D1,Tier 1 (D1 Both),True,True,True,Subscription,Collagen Glow,True,3,2025-04-28 16:00:00+00:00,2025-04,2025
8236594004223,121.52,303.8,1,0.4,0.0,D1,D3,Tier 2 (D1 Profit Only),True,False,False,Direct / Organic,Clear Protein,False,2,2025-08-02 16:00:00+00:00,2025-08,2025
6336654704895,121.47,303.67,2,0.4,0.0,D1,D2,Tier 2 (D1 Profit Only),True,False,False,Subscription,Unknown,False,1,2022-08-27 16:00:00+00:00,2022-08,2022
7756008128767,121.15,205.96,1,0.5882352941176471,0.0,D1,D4,Tier 2 (D1 Profit Only),True,False,False,Direct / Organic,Other,False,1,2022-10-27 16:00:00+00:00,2022-10,2022
7756183634175,121.14,258.96,3,0.4678156507737388,0.0,D1,D1,Tier 1 (D1 Both),True,True,True,Direct / Organic,Collagen Glow,True,1,2024-04-27 16:00:00+00:00,2024-04,2024
7756461441279,120.98,273.55,3,0.4422731804586242,0.0,D1,D1,Tier 1 (D1 Both),True,True,True,Subscription,Lean Protein,True,2,2024-08-29 16:00:00+00:00,2024-08,2024
8725525266687,120.98,145.76,2,0.8299945115257958,1.0,D1,D1,Tier 1 (D1 Both),True,True,True,Direct / Organic,Lean Protein,False,1,2026-01-30 16:00:00+00:00,2026-01,2026
8310327673087,120.63,211.4,2,0.570624408703879,0.566698202459792,D1,D1,Tier 1 (D1 Both),True,True,True,Direct / Organic,Lean Protein,False,1,2025-09-06 16:00:00+00:00,2025-09,2025
8767224807679,120.4,167.32,1,0.7195792493425771,1.0,D1,D2,Tier 2 (D1 Profit Only),True,False,False,Direct / Organic,Clear Protein,False,2,2026-02-09 16:00:00+00:00,2026-02,2026
7278303510783,120.36,300.91,6,0.4,0.0,D1,D1,Tier 1 (D1 Both),True,True,True,Subscription,Clear Protein,True,2,2024-05-13 16:00:00+00:00,2024-05,2024
8004947214591,120.2,300.5,2,0.39999999999999997,0.0,D1,D1,Tier 1 (D1 Both),True,True,True,Direct / Organic,Accessories,False,5,2025-05-02 16:00:00+00:00,2025-05,2025
7937013809407,120.13,200.22,2,0.6000099890120868,0.4373681434599156,D1,D1,Tier 1 (D1 Both),True,True,True,Direct / Organic,Other,True,3,2025-03-31 16:00:00+00:00,2025-04,2025
8353731182847,120.12,129.8,2,0.9254237288135592,1.0,D1,D1,Tier 1 (D1 Both),True,True,True,Paid Social,Accessories,False,2,2025-09-29 16:00:00+00:00,2025-09,2025
7756407177471,120.03,211.03,4,0.5687685419460823,0.2115093560814529,D1,D1,Tier 1 (D1 Both),True,True,True,Subscription,Soy Protein,True,5,2024-02-08 16:00:00+00:00,2024-02,2024
7756002918655,119.84,198.64,3,0.6033196033562168,0.0,D1,D1,Tier 1 (D1 Both),True,True,True,Direct / Organic,Unknown,False,2,2022-01-18 16:00:00+00:00,2022-01,2022
7869262201087,119.8,269.55,1,0.4444444444444445,0.0,D1,D3,Tier 2 (D1 Profit Only),True,False,False,Direct / Organic,Lean Protein,False,1,2025-02-22 16:00:00+00:00,2025-02,2025
7292403122431,119.44,303.5,3,0.39354200988467875,0.0,D1,D1,Tier 1 (D1 Both),True,True,True,Subscription,Clear Protein,False,2,2024-05-17 16:00:00+00:00,2024-05,2024
8244468383999,119.25,160.57,2,0.7426667497041789,1.0,D1,D1,Tier 1 (D1 Both),True,True,True,Subscription,Lean Protein,True,1,2026-02-13 16:00:00+00:00,2026-02,2026
8781274153215,119.09,148.0,1,0.8046621621621621,1.0,D1,D2,Tier 2 (D1 Profit Only),True,False,False,Direct / Organic,Lean Protein,False,3,2026-02-14 16:00:00+00:00,2026-02,2026
8787607060735,119.09,148.0,1,0.8046621621621621,1.0,D1,D2,Tier 2 (D1 Profit Only),True,False,False,Direct / Organic,Lean Protein,False,3,2026-02-17 16:00:00+00:00,2026-02,2026
8795868758271,119.09,148.0,1,0.8046621621621621,1.0,D1,D2,Tier 2 (D1 Profit Only),True,False,False,Direct / Organic,Lean Protein,False,3,2026-02-21 16:00:00+00:00,2026-02,2026
8796871360767,119.09,148.0,1,0.8046621621621621,1.0,D1,D2,Tier 2 (D1 Profit Only),True,False,False,Direct / Organic,Lean Protein,False,3,2026-02-21 16:00:00+00:00,2026-02,2026
8798951178495,119.09,148.0,1,0.8046621621621621,1.0,D1,D2,Tier 2 (D1 Profit Only),True,False,False,Direct / Organic,Lean Protein,False,3,2026-02-23 16:00:00+00:00,2026-02,2026
6329719718143,119.05,302.53,1,0.39352130367236315,0.0,D1,D5,Tier 2 (D1 Profit Only),True,False,False,Subscription,Unknown,False,1,2022-06-03 16:00:00+00:00,2022-06,2022
6532515791103,119.0,282.58,2,0.42112126281473855,0.0,D1,D2,Tier 2 (D1 Profit Only),True,False,False,Direct / Organic,Unknown,False,2,2022-05-28 16:00:00+00:00,2022-05,2022
6329834832127,118.86,209.27,3,0.5679743871553495,0.0,D1,D1,Tier 1 (D1 Both),True,True,True,Subscription,Unknown,False,2,2022-01-04 16:00:00+00:00,2022-01,2022
6336760545535,118.55,296.38,1,0.4,0.0,D1,D5,Tier 2 (D1 Profit Only),True,False,False,Subscription,Unknown,False,1,2022-06-15 16:00:00+00:00,2022-06,2022
7755958354175,118.5,272.35,2,0.4350980261254645,0.0,D1,D2,Tier 2 (D1 Profit Only),True,False,False,Direct / Organic,Clear Protein,False,3,2024-04-06 16:00:00+00:00,2024-04,2024
8162392932607,118.44,285.95,3,0.4141842979541878,0.0,D1,D1,Tier 1 (D1 Both),True,True,True,Direct / Organic,Lean Protein,False,1,2025-06-26 16:00:00+00:00,2025-06,2025
8060160180479,118.25,256.02,4,0.4618936020623389,0.2396862870633428,D1,D1,Tier 1 (D1 Both),True,True,True,Direct / Organic,Lean Protein,True,3,2025-05-17 16:00:00+00:00,2025-05,2025
7984809738495,118.23,248.4,4,0.4759661835748793,0.25,D1,D1,Tier 1 (D1 Both),True,True,True,Subscription,Clear Protein,True,1,2025-04-29 16:00:00+00:00,2025-04,2025
7521591755007,118.16,206.78,1,0.5714479156591546,0.0,D1,D5,Tier 2 (D1 Profit Only),True,False,False,Subscription,Clear Protein,False,4,2024-09-28 16:00:00+00:00,2024-09,2024
8286033117439,118.08,265.68,1,0.4444444444444445,0.0,D1,D3,Tier 2 (D1 Profit Only),True,False,False,Subscription,Lean Protein,True,1,2025-08-23 16:00:00+00:00,2025-08,2025
8676694294783,117.96,294.91,2,0.4,0.0,D1,D1,Tier 1 (D1 Both),True,True,True,Subscription,Collagen Glow,True,3,2026-01-06 16:00:00+00:00,2026-01,2026
6329843384575,117.93,207.75,3,0.5676630565583635,0.0,D1,D1,Tier 1 (D1 Both),True,True,True,Subscription,Unknown,False,2,2022-08-29 16:00:00+00:00,2022-08,2022
8713832366335,117.92,268.9,1,0.43852733358125706,0.0740052063964299,D1,D2,Tier 2 (D1 Profit Only),True,False,False,Direct / Organic,Clear Protein,False,2,2026-01-24 16:00:00+00:00,2026-01,2026
6601910092031,117.8,304.3,6,0.3871179756818928,0.0,D1,D1,Tier 1 (D1 Both),True,True,True,Subscription,Other,True,2,2023-03-12 16:00:00+00:00,2023-03,2023
8350682448127,117.75,158.7,3,0.7419659735349717,1.0,D1,D1,Tier 1 (D1 Both),True,True,True,Email,Other,False,1,2025-10-14 16:00:00+00:00,2025-10,2025
7756009373951,117.71,294.28,4,0.39999999999999997,0.0,D1,D1,Tier 1 (D1 Both),True,True,True,Direct / Organic,Unknown,True,2,2022-08-07 16:00:00+00:00,2022-08,2022
7475205636351,116.82,157.94,2,0.7396479675826263,0.6827330508474576,D1,D2,Tier 2 (D1 Profit Only),True,False,False,Subscription,Clear Protein,False,2,2024-08-30 16:00:00+00:00,2024-08,2024
8629353545983,116.67,160.34,1,0.7276412623175752,1.0,D1,D2,Tier 2 (D1 Profit Only),True,False,False,Direct / Organic,Lean Protein,False,3,2025-12-17 16:00:00+00:00,2025-12,2025
8807533609215,116.23,169.92,2,0.6840277777777777,1.0,D1,D1,Tier 1 (D1 Both),True,True,True,Subscription,Clear Protein,True,2,2026-02-25 16:00:00+00:00,2026-02,2026
7756022874367,116.08,292.93,2,0.3962758363850786,0.0,D1,D2,Tier 2 (D1 Profit Only),True,False,False,Direct / Organic,Unknown,False,1,2022-03-22 16:00:00+00:00,2022-03,2022
8358432014591,116.06,149.01,1,0.7788739010804645,1.0,D1,D3,Tier 2 (D1 Profit Only),True,False,False,Direct / Organic,Other,False,2,2025-10-02 16:00:00+00:00,2025-10,2025
6327734927615,115.74,279.13,7,0.41463834055816284,0.10123010946845729,D1,D1,Tier 1 (D1 Both),True,True,True,Subscription,Unknown,True,2,2022-05-01 16:00:00+00:00,2022-05,2022
7756436701439,115.11,238.48,5,0.482688671573212,0.2764328776047511,D1,D1,Tier 1 (D1 Both),True,True,True,Direct / Organic,Collagen Glow,False,3,2024-06-15 16:00:00+00:00,2024-06,2024
7755966710015,115.05,278.74,2,0.4127675766174185,0.0,D1,D2,Tier 2 (D1 Profit Only),True,False,False,Direct / Organic,Unknown,False,2,2022-03-22 16:00:00+00:00,2022-03,2022
7967440109823,115.02,198.2,2,0.5803229061553987,0.6428571428571429,D1,D1,Tier 1 (D1 Both),True,True,True,Paid Social,Clear Protein,False,1,2025-04-18 16:00:00+00:00,2025-04,2025
7469847445759,114.93,241.37,5,0.4761652235157642,0.0,D1,D1,Tier 1 (D1 Both),True,True,True,Subscription,Accessories,True,5,2024-08-27 16:00:00+00:00,2024-08,2024
7269385601279,114.92,225.03,2,0.5106874638937031,0.0,D1,D2,Tier 2 (D1 Profit Only),True,False,False,Subscription,Soy Protein,False,2,2024-05-07 16:00:00+00:00,2024-05,2024
7826465128703,114.79,286.98,2,0.39999999999999997,0.0,D1,D1,Tier 1 (D1 Both),True,True,True,Direct / Organic,Collagen Glow,False,1,2025-01-31 16:00:00+00:00,2025-02,2025
8474627080447,114.77,158.74,2,0.7230061736172356,1.0,D1,D1,Tier 1 (D1 Both),True,True,True,Direct / Organic,Lean Protein,False,1,2025-10-24 16:00:00+00:00,2025-10,2025
7756420579583,114.55,229.09,2,0.5000000000000001,0.0,D1,D1,Tier 1 (D1 Both),True,True,True,Direct / Organic,Other,False,2,2024-05-01 16:00:00+00:00,2024-05,2024
7756468453631,114.55,200.45,2,0.5714285714285715,0.0,D1,D1,Tier 1 (D1 Both),True,True,True,Direct / Organic,Clear Protein,False,1,2024-09-27 16:00:00+00:00,2024-09,2024
7756043256063,114.48,240.18,3,0.476629842340069,0.3632301746114416,D1,D1,Tier 1 (D1 Both),True,True,True,Direct / Organic,Unknown,True,3,2022-02-14 16:00:00+00:00,2022-02,2022
8312444027135,114.44,131.72,1,0.8688126328575767,1.0,D1,D3,Tier 2 (D1 Profit Only),True,False,False,Direct / Organic,Clear Protein,False,3,2025-10-11 16:00:00+00:00,2025-10,2025
7154402656511,114.32,283.9,4,0.40267699894328995,0.0,D1,D1,Tier 1 (D1 Both),True,True,True,Subscription,Clear Protein,False,2,2024-03-27 16:00:00+00:00,2024-03,2024
8394724212991,113.93,131.72,1,0.8649407834801094,1.0,D1,D2,Tier 2 (D1 Profit Only),True,False,False,Direct / Organic,Clear Protein,False,3,2025-10-11 16:00:00+00:00,2025-10,2025
7756469895423,113.82,284.55,6,0.4,0.0,D1,D1,Tier 1 (D1 Both),True,True,True,Subscription,Other,True,2,2024-09-30 16:00:00+00:00,2024-10,2024
6532494196991,113.62,242.52,3,0.46849744350981365,0.25,D1,D1,Tier 1 (D1 Both),True,True,True,Subscription,Other,False,3,2023-10-04 16:00:00+00:00,2023-10,2023
7756483690751,113.56,193.85,2,0.585840016257875,0.5682432533341298,D1,D1,Tier 1 (D1 Both),True,True,True,Subscription,Accessories,True,4,2024-12-01 16:00:00+00:00,2024-12,2024
8226067218687,113.52,263.42,1,0.4309619618859616,0.0,D1,D3,Tier 2 (D1 Profit Only),True,False,False,Direct / Organic,Accessories,False,3,2025-09-08 16:00:00+00:00,2025-09,2025
6336759333119,113.06,292.46,3,0.3865964576352322,0.0,D1,D1,Tier 1 (D1 Both),True,True,True,Subscription,Unknown,False,1,2022-03-08 16:00:00+00:00,2022-03,2022
6327616831743,113.04,282.6,1,0.39999999999999997,0.0,D1,D5,Tier 2 (D1 Profit Only),True,False,False,Subscription,Unknown,False,1,2022-05-28 16:00:00+00:00,2022-05,2022
7756461375743,112.62,177.36,2,0.634986698924125,0.5080368124178294,D1,D1,Tier 1 (D1 Both),True,True,True,Direct / Organic,Clear Protein,False,3,2024-08-29 16:00:00+00:00,2024-08,2024
7755989319935,112.26,270.69,2,0.4147096687525888,0.0,D1,D2,Tier 2 (D1 Profit Only),True,False,False,Direct / Organic,Unknown,False,2,2022-02-28 16:00:00+00:00,2022-03,2022
7756375097599,112.23,280.56,2,0.4,0.0,D1,D1,Tier 1 (D1 Both),True,True,True,Subscription,Other,True,3,2023-08-02 16:00:00+00:00,2023-08,2023
8681942548735,112.03,137.63,1,0.8139940419966577,1.0,D1,D2,Tier 2 (D1 Profit Only),True,False,False,Direct / Organic,Lean Protein,False,2,2026-01-21 16:00:00+00:00,2026-01,2026
6329611485439,111.8,248.75,2,0.4494633165829146,0.0,D1,D2,Tier 2 (D1 Profit Only),True,False,False,Subscription,Unknown,False,2,2022-06-30 16:00:00+00:00,2022-07,2022
8857096126719,111.76,105.97,1,1.0546381051240918,1.0,D1,D2,Tier 2 (D1 Profit Only),True,False,False,Direct / Organic,Soy Protein,False,1,2026-03-17 16:00:00+00:00,2026-03,2026
8343062544639,111.67,129.06,1,0.8652564698589803,1.0,D1,D3,Tier 2 (D1 Profit Only),True,False,False,Subscription,Other,True,3,2026-02-14 16:00:00+00:00,2026-02,2026
8335227355391,111.64,149.6,1,0.7462566844919786,1.0,D1,D3,Tier 2 (D1 Profit Only),True,False,False,Direct / Organic,Collagen Glow,False,3,2025-09-17 16:00:00+00:00,2025-09,2025
8348116812031,111.18,128.9,1,0.8625290923196276,1.0,D1,D3,Tier 2 (D1 Profit Only),True,False,False,Direct / Organic,Accessories,False,3,2025-09-25 16:00:00+00:00,2025-09,2025
7756400787711,111.16,280.62,12,0.39611247894259416,0.0,D1,D1,Tier 1 (D1 Both),True,True,True,Subscription,Other,True,2,2024-01-09 16:00:00+00:00,2024-01,2024
7304552186111,111.08,219.79,2,0.5053915100778016,0.0,D1,D2,Tier 2 (D1 Profit Only),True,False,False,Subscription,Clear Protein,False,2,2024-05-24 16:00:00+00:00,2024-05,2024
8253776953599,110.8,232.2,2,0.4771748492678725,0.0,D1,D1,Tier 1 (D1 Both),True,True,True,Subscription,Clear Protein,True,3,2025-08-12 16:00:00+00:00,2025-08,2025
7340202328319,110.64,248.94,1,0.4444444444444445,0.0,D1,D5,Tier 2 (D1 Profit Only),True,False,False,Subscription,Accessories,False,5,2024-06-16 16:00:00+00:00,2024-06,2024
7696462545151,110.4,239.5,2,0.4609603340292276,0.0,D1,D2,Tier 2 (D1 Profit Only),True,False,False,Subscription,Unknown,False,1,2024-12-09 16:00:00+00:00,2024-12,2024
7756037390591,110.4,281.45,2,0.39224806201550383,0.0,D1,D1,Tier 1 (D1 Both),True,True,True,Direct / Organic,Unknown,False,1,2022-03-24 16:00:00+00:00,2022-03,2022
7829520974079,110.4,276.0,2,0.4,0.0,D1,D1,Tier 1 (D1 Both),True,True,True,Direct / Organic,Clear Protein,False,1,2025-02-02 16:00:00+00:00,2025-02,2025
8862032593151,110.07,164.78,1,0.6679815511591212,1.0,D1,D2,Tier 2 (D1 Profit Only),True,False,False,Subscription,Lean Protein,True,2,2026-03-29 16:00:00+00:00,2026-03,2026
7756459114751,109.5,258.82,6,0.42308025542736316,0.0,D1,D1,Tier 1 (D1 Both),True,True,True,Direct / Organic,Clear Protein,True,2,2024-08-23 16:00:00+00:00,2024-08,2024
7897447629055,109.19,137.5,1,0.7941090909090909,1.0,D1,D3,Tier 2 (D1 Profit Only),True,False,False,Email,Clear Protein,False,2,2026-03-01 16:00:00+00:00,2026-03,2026
6670248935679,109.08,263.87,4,0.4133853791639823,0.0,D1,D1,Tier 1 (D1 Both),True,True,True,Subscription,Other,False,3,2023-05-15 16:00:00+00:00,2023-05,2023
7756442730751,108.87,192.2,5,0.5664505102772824,0.3641587217539807,D1,D1,Tier 1 (D1 Both),True,True,True,Direct / Organic,Other,False,3,2024-08-08 16:00:00+00:00,2024-08,2024
8714014359807,108.78,160.82,3,0.6764084069145629,1.0,D1,D1,Tier 1 (D1 Both),True,True,True,Subscription,Lean Protein,True,1,2026-01-27 16:00:00+00:00,2026-01,2026
7940967268607,108.69,198.54,2,0.5474262113428024,0.3658689266624934,D1,D1,Tier 1 (D1 Both),True,True,True,Direct / Organic,Clear Protein,False,2,2025-04-02 16:00:00+00:00,2025-04,2025
6329870385407,108.64,281.41,2,0.38607014676095375,0.0,D1,D2,Tier 2 (D1 Profit Only),True,False,False,Subscription,Unknown,False,1,2022-03-18 16:00:00+00:00,2022-03,2022
6582510584063,108.54,217.08,1,0.5000184263865857,0.0,D1,D5,Tier 2 (D1 Profit Only),True,False,False,Subscription,Other,True,1,2023-02-25 16:00:00+00:00,2023-02,2023
8895815352575,108.08,156.82,1,0.6891978064022446,1.0,D1,D2,Tier 2 (D1 Profit Only),True,False,False,Direct / Organic,Lean Protein,False,2,2026-03-27 16:00:00+00:00,2026-03,2026
7755921326335,107.82,252.77,2,0.42656960873521393,0.0,D1,D2,Tier 2 (D1 Profit Only),True,False,False,Direct / Organic,Clear Protein,False,4,2025-08-07 16:00:00+00:00,2025-08,2025
7307595514111,107.72,269.35,3,0.3999257471691108,0.0,D1,D1,Tier 1 (D1 Both),True,True,True,Subscription,Collagen Glow,False,4,2024-05-27 16:00:00+00:00,2024-05,2024
6529440514303,107.32,227.39,2,0.4719644663353709,0.0,D1,D2,Tier 2 (D1 Profit Only),True,False,False,Subscription,Other,False,2,2023-02-02 16:00:00+00:00,2023-02,2023
8881050845439,107.23,149.87,1,0.7154867551878294,1.0,D1,D2,Tier 2 (D1 Profit Only),True,False,False,Direct / Organic,Clear Protein,False,3,2026-03-25 16:00:00+00:00,2026-03,2026
7572976107775,107.2,146.21,4,0.7331919841324122,0.7999999999999999,D1,D1,Tier 1 (D1 Both),True,True,True,Subscription,Other,False,1,2024-10-19 16:00:00+00:00,2024-10,2024
8829393436927,106.95,149.63,1,0.7147630822695984,1.0,D1,D2,Tier 2 (D1 Profit Only),True,False,False,Subscription,Clear Protein,True,2,2026-03-06 16:00:00+00:00,2026-03,2026
7304842477823,106.77,261.97,2,0.4075581173416803,0.0,D1,D2,Tier 2 (D1 Profit Only),True,False,False,Subscription,Clear Protein,False,2,2024-05-25 16:00:00+00:00,2024-05,2024
7954004803839,106.31,184.89,2,0.5749689004272811,0.4638495233187322,D1,D1,Tier 1 (D1 Both),True,True,True,Paid Social,Other,False,3,2025-04-09 16:00:00+00:00,2025-04,2025
8234169762047,106.28,220.9,2,0.4811226799456768,0.0,D1,D1,Tier 1 (D1 Both),True,True,True,Paid Social,Clear Protein,False,3,2025-08-01 16:00:00+00:00,2025-08,2025
7756457509119,106.22,223.98,4,0.4742286117853345,0.0,D1,D1,Tier 1 (D1 Both),True,True,True,Direct / Organic,Clear Protein,False,3,2024-08-10 16:00:00+00:00,2024-08,2024
7856082321663,106.13,223.7,2,0.47443004023245416,0.2727686703096539,D1,D1,Tier 1 (D1 Both),True,True,True,Direct / Organic,Other,False,2,2025-02-25 16:00:00+00:00,2025-02,2025
6607239348479,106.06,265.16,3,0.3999999999999999,0.0,D1,D1,Tier 1 (D1 Both),True,True,True,Subscription,Other,True,1,2023-03-17 16:00:00+00:00,2023-03,2023
7756471304447,105.91,244.88,2,0.4325208081198073,0.0,D1,D1,Tier 1 (D1 Both),True,True,True,Direct / Organic,Clear Protein,False,1,2024-10-23 16:00:00+00:00,2024-10,2024
7756020908287,105.89,261.24,5,0.40531724241127204,0.0,D1,D1,Tier 1 (D1 Both),True,True,True,Direct / Organic,Unknown,True,2,2022-02-25 16:00:00+00:00,2022-02,2022
7888540107007,105.74,129.2,2,0.818421052631579,1.0,D1,D1,Tier 1 (D1 Both),True,True,True,Subscription,Accessories,True,2,2025-09-15 16:00:00+00:00,2025-09,2025
7756414910719,105.71,168.41,2,0.6276956960631366,0.5559379423274403,D1,D1,Tier 1 (D1 Both),True,True,True,Direct / Organic,Clear Protein,False,4,2024-03-29 16:00:00+00:00,2024-03,2024
7756031361279,105.64,269.56,2,0.3919061108862809,0.0,D1,D1,Tier 1 (D1 Both),True,True,True,Direct / Organic,Unknown,False,1,2022-06-06 16:00:00+00:00,2022-06,2022
7756040634623,105.64,264.11,1,0.4,0.0,D1,D4,Tier 2 (D1 Profit Only),True,False,False,Direct / Organic,Unknown,False,1,2022-03-03 16:00:00+00:00,2022-03,2022
8343572152575,105.58,202.33,2,0.5218109029802798,0.4601125455147302,D1,D1,Tier 1 (D1 Both),True,True,True,Subscription,Accessories,True,3,2025-09-22 16:00:00+00:00,2025-09,2025
7756422578431,104.75,244.42,3,0.42857461659579216,0.0,D1,D1,Tier 1 (D1 Both),True,True,True,Subscription,Clear Protein,True,4,2024-04-28 16:00:00+00:00,2024-04,2024
7756028248319,104.5,233.02,7,0.4484816958189739,0.0,D1,D1,Tier 1 (D1 Both),True,True,True,Direct / Organic,Unknown,False,4,2022-03-03 16:00:00+00:00,2022-03,2022
8696770265343,104.26,141.04,1,0.7392229154849688,1.0,D1,D2,Tier 2 (D1 Profit Only),True,False,False,Direct / Organic,Clear Protein,False,1,2026-01-15 16:00:00+00:00,2026-01,2026
7756397412607,104.25,263.36,4,0.3958576599921296,0.0,D1,D1,Tier 1 (D1 Both),True,True,True,Direct / Organic,Unknown,True,3,2023-12-11 16:00:00+00:00,2023-12,2023
8792260149503,104.21,135.24,1,0.7705560485063591,1.0,D1,D2,Tier 2 (D1 Profit Only),True,False,False,Direct / Organic,Lean Protein,False,3,2026-02-19 16:00:00+00:00,2026-02,2026
8696541905151,104.09,135.14,1,0.7702382714222289,1.0,D1,D2,Tier 2 (D1 Profit Only),True,False,False,Email,Lean Protein,False,3,2026-02-23 16:00:00+00:00,2026-02,2026
7756019532031,104.03,265.53,2,0.39178307313064914,0.0,D1,D2,Tier 2 (D1 Profit Only),True,False,False,Direct / Organic,Unknown,False,1,2022-08-05 16:00:00+00:00,2022-08,2022
8333431931135,103.98,140.76,1,0.7387041773231031,1.0,D1,D3,Tier 2 (D1 Profit Only),True,False,False,Direct / Organic,Accessories,False,1,2025-09-16 16:00:00+00:00,2025-09,2025
6366358503679,103.92,252.8,2,0.41106012658227853,0.0,D1,D2,Tier 2 (D1 Profit Only),True,False,False,Subscription,Other,False,1,2022-10-07 16:00:00+00:00,2022-10,2022
6683695710463,103.88,255.61,2,0.40640037557216074,0.0,D1,D2,Tier 2 (D1 Profit Only),True,False,False,Subscription,Other,False,1,2023-05-27 16:00:00+00:00,2023-05,2023
6787329097983,103.8,244.44,2,0.4246440844378989,0.0,D1,D2,Tier 2 (D1 Profit Only),True,False,False,Subscription,Other,False,1,2023-08-26 16:00:00+00:00,2023-08,2023
8761249235199,103.75,114.5,2,0.9061135371179039,1.0,D1,D1,Tier 1 (D1 Both),True,True,True,Direct / Organic,Accessories,False,3,2026-02-06 16:00:00+00:00,2026-02,2026
7135034441983,103.64,217.31,2,0.4769223689659933,0.0,D1,D2,Tier 2 (D1 Profit Only),True,False,False,Subscription,Clear Protein,True,2,2024-03-16 16:00:00+00:00,2024-03,2024
7146181067007,103.55,258.87,1,0.4,0.0,D1,D5,Tier 2 (D1 Profit Only),True,False,False,Subscription,Other,False,1,2024-03-23 16:00:00+00:00,2024-03,2024
7733235646719,103.44,234.78,2,0.44058267314081273,0.0,D1,D2,Tier 2 (D1 Profit Only),True,False,False,Subscription,Collagen Glow,False,4,2024-12-28 16:00:00+00:00,2024-12,2024
7756185796863,103.37,134.54,1,0.7683216887171103,1.0,D1,D4,Tier 2 (D1 Profit Only),True,False,False,Email,Lean Protein,False,3,2026-02-11 16:00:00+00:00,2026-02,2026
8361846472959,103.26,162.1,2,0.6370141887723626,0.4249201277955271,D1,D1,Tier 1 (D1 Both),True,True,True,Email,Accessories,False,3,2025-10-07 16:00:00+00:00,2025-10,2025
7756001870079,103.17,206.12,3,0.500548376189006,0.0,D1,D1,Tier 1 (D1 Both),True,True,True,Direct / Organic,Unknown,True,3,2022-08-08 16:00:00+00:00,2022-08,2022
7875674800383,103.12,257.8,1,0.4,0.0,D1,D3,Tier 2 (D1 Profit Only),True,False,False,Direct / Organic,Unknown,False,3,2025-02-24 16:00:00+00:00,2025-02,2025
6328212750591,103.08,267.6,4,0.38520179372197305,0.0,D1,D1,Tier 1 (D1 Both),True,True,True,Direct / Organic,Lean Protein,False,5,2025-04-04 16:00:00+00:00,2025-04,2025
7756017893631,103.02,255.43,3,0.4033170801153148,0.0,D1,D1,Tier 1 (D1 Both),True,True,True,Direct / Organic,Unknown,False,2,2022-04-09 16:00:00+00:00,2022-04,2022
7756382339327,102.93,236.9,2,0.4345011960039397,0.0,D1,D1,Tier 1 (D1 Both),True,True,True,Direct / Organic,Other,False,3,2023-09-19 16:00:00+00:00,2023-09,2023
7756035588351,102.63,256.58,1,0.4,0.0,D1,D4,Tier 2 (D1 Profit Only),True,False,False,Direct / Organic,Unknown,False,1,2022-05-03 16:00:00+00:00,2022-05,2022
8371435536639,102.46,117.98,1,0.8684522800474656,1.0,D1,D2,Tier 2 (D1 Profit Only),True,False,False,Direct / Organic,Collagen Glow,False,3,2025-10-07 16:00:00+00:00,2025-10,2025
7756020580607,102.4,256.0,1,0.4,0.0,D1,D4,Tier 2 (D1 Profit Only),True,False,False,Direct / Organic,Unknown,False,1,2022-03-21 16:00:00+00:00,2022-03,2022
7756039127295,102.4,256.0,1,0.4,0.0,D1,D4,Tier 2 (D1 Profit Only),True,False,False,Direct / Organic,Unknown,False,1,2022-03-21 16:00:00+00:00,2022-03,2022
7756039258367,102.4,256.0,1,0.4,0.0,D1,D4,Tier 2 (D1 Profit Only),True,False,False,Direct / Organic,Unknown,False,1,2022-03-21 16:00:00+00:00,2022-03,2022
7756406751487,102.26,200.26,2,0.5106272225164562,0.0,D1,D1,Tier 1 (D1 Both),True,True,True,Direct / Organic,Other,True,3,2024-02-13 16:00:00+00:00,2024-02,2024
8364503302399,102.21,178.2,1,0.5735690235690236,0.3484848484848485,D1,D2,Tier 2 (D1 Profit Only),True,False,False,Direct / Organic,Clear Protein,False,1,2025-10-03 16:00:00+00:00,2025-10,2025
6423611441407,102.15,255.38,1,0.4000000000000001,0.0,D1,D5,Tier 2 (D1 Profit Only),True,False,False,Subscription,Unknown,False,1,2022-01-07 16:00:00+00:00,2022-01,2022
7519676170495,102.12,183.61,2,0.5561788573607102,0.0,D1,D2,Tier 2 (D1 Profit Only),True,False,False,Subscription,Other,False,2,2024-09-29 16:00:00+00:00,2024-09,2024
8796055666943,101.8,139.7,1,0.728704366499642,1.0,D1,D2,Tier 2 (D1 Profit Only),True,False,False,Direct / Organic,Accessories,False,2,2026-02-21 16:00:00+00:00,2026-02,2026
8890628243711,101.76,140.12,1,0.7262346560091351,1.0,D1,D2,Tier 2 (D1 Profit Only),True,False,False,Direct / Organic,Clear Protein,False,2,2026-03-26 16:00:00+00:00,2026-03,2026
7945581887743,101.73,194.61,4,0.5227275062946406,0.38729757085020244,D1,D1,Tier 1 (D1 Both),True,True,True,Paid Social,Lean Protein,True,2,2025-04-06 16:00:00+00:00,2025-04,2025
6423595909375,101.5,268.45,3,0.37809647979139505,0.0,D1,D1,Tier 1 (D1 Both),True,True,True,Subscription,Unknown,False,1,2022-03-29 16:00:00+00:00,2022-03,2022
7756430967039,101.43,230.06,3,0.4408851422550053,0.0,D1,D1,Tier 1 (D1 Both),True,True,True,Direct / Organic,Other,False,3,2024-05-28 16:00:00+00:00,2024-05,2024
7169592623359,101.22,110.4,1,0.9168478260869565,1.0,D1,D5,Tier 2 (D1 Profit Only),True,False,False,Direct / Organic,Clear Protein,False,1,2026-02-06 16:00:00+00:00,2026-02,2026
8438000550143,101.22,138.0,1,0.7334782608695652,1.0,D1,D2,Tier 2 (D1 Profit Only),True,False,False,Direct / Organic,Clear Protein,False,1,2025-10-18 16:00:00+00:00,2025-10,2025
8607713788159,101.22,117.3,1,0.8629156010230179,1.0,D1,D2,Tier 2 (D1 Profit Only),True,False,False,Direct / Organic,Clear Protein,False,1,2025-12-10 16:00:00+00:00,2025-12,2025
8608561889535,101.22,138.0,1,0.7334782608695652,1.0,D1,D2,Tier 2 (D1 Profit Only),True,False,False,Direct / Organic,Clear Protein,False,1,2025-12-11 16:00:00+00:00,2025-12,2025
8667748958463,101.22,139.54,1,0.725383402608571,1.0,D1,D2,Tier 2 (D1 Profit Only),True,False,False,Direct / Organic,Clear Protein,False,1,2026-01-02 16:00:00+00:00,2026-01,2026
8677680251135,101.22,138.0,1,0.7334782608695652,1.0,D1,D2,Tier 2 (D1 Profit Only),True,False,False,Direct / Organic,Clear Protein,False,1,2026-01-07 16:00:00+00:00,2026-01,2026
8712473673983,101.22,124.2,1,0.814975845410628,1.0,D1,D2,Tier 2 (D1 Profit Only),True,False,False,Affiliate,Clear Protein,False,1,2026-01-23 16:00:00+00:00,2026-01,2026
8761558171903,101.22,110.4,1,0.9168478260869565,1.0,D1,D2,Tier 2 (D1 Profit Only),True,False,False,Direct / Organic,Clear Protein,False,1,2026-02-06 16:00:00+00:00,2026-02,2026
8055471735039,101.12,262.8,3,0.384779299847793,0.0,D1,D1,Tier 1 (D1 Both),True,True,True,Direct / Organic,Clear Protein,False,2,2025-05-16 16:00:00+00:00,2025-05,2025
8275771687167,101.08,184.34,2,0.5483454486275361,0.3655780196993261,D1,D1,Tier 1 (D1 Both),True,True,True,Direct / Organic,Lean Protein,False,2,2025-08-19 16:00:00+00:00,2025-08,2025
8338200854783,101.06,125.07,1,0.8080275045974254,1.0,D1,D3,Tier 2 (D1 Profit Only),True,False,False,Direct / Organic,Accessories,False,3,2025-09-19 16:00:00+00:00,2025-09,2025
6327675945215,100.92,255.03,2,0.3957223826328734,0.0,D1,D2,Tier 2 (D1 Profit Only),True,False,False,Direct / Organic,Unknown,False,1,2022-01-18 16:00:00+00:00,2022-01,2022
6336647954687,100.83,249.92,3,0.4034571062740077,0.0,D1,D1,Tier 1 (D1 Both),True,True,True,Subscription,Unknown,False,2,2022-04-13 16:00:00+00:00,2022-04,2022
8882059575551,100.65,123.59,1,0.8143862772068938,1.0,D1,D2,Tier 2 (D1 Profit Only),True,False,False,Direct / Organic,Lean Protein,False,4,2026-03-26 16:00:00+00:00,2026-03,2026
6835415613695,100.46,239.19,2,0.4200008361553577,0.0,D1,D2,Tier 2 (D1 Profit Only),True,False,False,Subscription,Soy Protein,False,2,2023-10-21 16:00:00+00:00,2023-10,2023
8846411104511,100.38,117.09,1,0.8572892646682039,1.0,D1,D2,Tier 2 (D1 Profit Only),True,False,False,Direct / Organic,Lean Protein,False,2,2026-03-13 16:00:00+00:00,2026-03,2026
7896021860607,100.26,247.66,2,0.40482920132439626,0.0,D1,D1,Tier 1 (D1 Both),True,True,True,Subscription,Lean Protein,True,3,2025-03-10 16:00:00+00:00,2025-03,2025
8781121421567,99.83,177.09,2,0.5637246597775143,1.0,D1,D1,Tier 1 (D1 Both),True,True,True,Direct / Organic,Accessories,True,2,2026-02-14 16:00:00+00:00,2026-02,2026
8312709251327,99.82,240.44,1,0.4151555481617036,0.0,D1,D3,Tier 2 (D1 Profit Only),True,False,False,Paid Social,Accessories,False,2,2025-09-07 16:00:00+00:00,2025-09,2025
8327709753599,99.76,111.14,1,0.8976066222782075,1.0,D1,D3,Tier 2 (D1 Profit Only),True,False,False,Direct / Organic,Accessories,False,3,2025-09-13 16:00:00+00:00,2025-09,2025
8663410245887,99.6,249.0,1,0.4,0.0,D1,D2,Tier 2 (D1 Profit Only),True,False,False,Direct / Organic,Clear Protein,False,1,2025-12-31 16:00:00+00:00,2026-01,2025
6327719231743,99.52,211.48,2,0.47058823529411764,0.0,D1,D2,Tier 2 (D1 Profit Only),True,False,False,Direct / Organic,Lean Protein,False,2,2025-04-01 16:00:00+00:00,2025-04,2025
7519345475839,99.48,217.66,2,0.45706147202058256,0.0,D1,D2,Tier 2 (D1 Profit Only),True,False,False,Subscription,Clear Protein,False,3,2024-09-26 16:00:00+00:00,2024-09,2024
8071589462271,99.36,248.4,4,0.4,0.0,D1,D1,Tier 1 (D1 Both),True,True,True,Subscription,Clear Protein,True,1,2025-05-21 16:00:00+00:00,2025-05,2025
8843730125055,99.32,99.0,1,1.0032323232323233,1.0,D1,D2,Tier 2 (D1 Profit Only),True,False,False,Direct / Organic,Other,False,1,2026-03-12 16:00:00+00:00,2026-03,2026
6424716706047,99.22,231.71,2,0.4282249363428423,0.0,D1,D2,Tier 2 (D1 Profit Only),True,False,False,Subscription,Collagen Glow,False,4,2023-05-05 16:00:00+00:00,2023-05,2023
6372751343871,99.01,240.54,2,0.4116238463457221,0.0,D1,D2,Tier 2 (D1 Profit Only),True,False,False,Subscription,Other,False,1,2022-10-12 16:00:00+00:00,2022-10,2022
8301754482943,98.96,176.68,2,0.5601086710436949,0.6510950605778192,D1,D1,Tier 1 (D1 Both),True,True,True,Direct / Organic,Lean Protein,True,2,2025-09-02 16:00:00+00:00,2025-09,2025
7756470321407,98.91,217.64,1,0.454469507101086,0.0,D1,D4,Tier 2 (D1 Profit Only),True,False,False,Direct / Organic,Clear Protein,False,1,2024-10-01 16:00:00+00:00,2024-10,2024
6685270081791,98.83,234.94,3,0.42065208138248067,0.0,D1,D1,Tier 1 (D1 Both),True,True,True,Subscription,Other,True,2,2023-05-29 16:00:00+00:00,2023-05,2023
6423606231295,98.79,246.98,1,0.4,0.0,D1,D5,Tier 2 (D1 Profit Only),True,False,False,Subscription,Unknown,False,1,2022-01-30 16:00:00+00:00,2022-01,2022
8347971485951,98.67,138.75,3,0.7111351351351353,1.0,D1,D1,Tier 1 (D1 Both),True,True,True,Direct / Organic,Accessories,False,4,2025-09-25 16:00:00+00:00,2025-09,2025
8335092252927,98.53,153.9,1,0.6402209226770631,1.0,D1,D3,Tier 2 (D1 Profit Only),True,False,False,Direct / Organic,Clear Protein,False,3,2025-09-17 16:00:00+00:00,2025-09,2025
7347175325951,98.5,110.28,2,0.8931809938338774,1.0,D1,D2,Tier 2 (D1 Profit Only),True,False,False,Subscription,Soy Protein,True,1,2026-02-19 16:00:00+00:00,2026-02,2026
7755927191807,98.39,254.16,6,0.38711400433984305,0.0,D1,D1,Tier 1 (D1 Both),True,True,True,Direct / Organic,Other,True,4,2023-03-07 16:00:00+00:00,2023-03,2023
6336660111615,98.24,233.32,2,0.4210526315789474,0.0,D1,D2,Tier 2 (D1 Profit Only),True,False,False,Subscription,Unknown,False,3,2023-08-24 16:00:00+00:00,2023-08,2023
8878172831999,98.06,136.19,1,0.7200234965856525,1.0,D1,D2,Tier 2 (D1 Profit Only),True,False,False,Paid Social,Lean Protein,False,3,2026-03-24 16:00:00+00:00,2026-03,2026
8757515223295,97.84,136.16,1,0.718566392479436,1.0,D1,D2,Tier 2 (D1 Profit Only),True,False,False,Direct / Organic,Clear Protein,False,1,2026-02-04 16:00:00+00:00,2026-02,2026
8905962848511,97.84,136.16,1,0.718566392479436,1.0,D1,D2,Tier 2 (D1 Profit Only),True,False,False,Direct / Organic,Clear Protein,False,1,2026-03-30 16:00:00+00:00,2026-03,2026
7534855061759,97.81,221.31,1,0.44195020559396325,0.0,D1,D5,Tier 2 (D1 Profit Only),True,False,False,Subscription,Unknown,False,1,2024-10-07 16:00:00+00:00,2024-10,2024
8608022495487,97.56,120.94,2,0.8066809988424012,1.0,D1,D1,Tier 1 (D1 Both),True,True,True,Direct / Organic,Other,False,2,2025-12-10 16:00:00+00:00,2025-12,2025
8819560546559,97.24,135.6,1,0.717109144542773,1.0,D1,D2,Tier 2 (D1 Profit Only),True,False,False,Paid Social,Clear Protein,False,2,2026-03-02 16:00:00+00:00,2026-03,2026
8738683289855,97.23,139.74,1,0.6957921854873336,1.0,D1,D2,Tier 2 (D1 Profit Only),True,False,False,Subscription,Lean Protein,True,3,2026-02-02 16:00:00+00:00,2026-02,2026
6532501864703,96.92,230.19,2,0.42105263157894746,0.0,D1,D2,Tier 2 (D1 Profit Only),True,False,False,Direct / Organic,Other,False,2,2022-12-24 16:00:00+00:00,2022-12,2022
8899202810111,96.9,133.68,1,0.7248653500897666,1.0,D1,D2,Tier 2 (D1 Profit Only),True,False,False,Subscription,Clear Protein,True,1,2026-03-28 16:00:00+00:00,2026-03,2026
7756423627007,96.87,187.09,3,0.5177842565597668,0.0,D1,D1,Tier 1 (D1 Both),True,True,True,Direct / Organic,Collagen Glow,True,1,2024-05-01 16:00:00+00:00,2024-05,2024
7756410978559,96.87,192.23,2,0.5039330359254063,0.0,D1,D1,Tier 1 (D1 Both),True,True,True,Direct / Organic,Collagen Glow,True,2,2024-03-21 16:00:00+00:00,2024-03,2024
7878625362175,96.77,230.31,3,0.4201641266119578,0.0,D1,D1,Tier 1 (D1 Both),True,True,True,Direct / Organic,Unknown,True,4,2025-04-21 16:00:00+00:00,2025-04,2025
7756428116223,96.47,172.75,2,0.5584479371316307,0.0,D1,D1,Tier 1 (D1 Both),True,True,True,Direct / Organic,Lean Protein,True,3,2024-05-20 16:00:00+00:00,2024-05,2024
7974875758847,96.42,187.15,4,0.5152123964734171,0.5063852524712797,D1,D1,Tier 1 (D1 Both),True,True,True,Subscription,Lean Protein,True,1,2025-04-29 16:00:00+00:00,2025-04,2025
8899465314559,95.92,134.28,1,0.7143282692880547,1.0,D1,D2,Tier 2 (D1 Profit Only),True,False,False,Direct / Organic,Clear Protein,False,2,2026-03-28 16:00:00+00:00,2026-03,2026
6822588449023,95.88,196.66,2,0.4875419505745958,0.0,D1,D2,Tier 2 (D1 Profit Only),True,False,False,Subscription,Other,False,1,2023-09-24 16:00:00+00:00,2023-09,2023
7677500752127,95.87,215.46,6,0.44495498004269934,0.16666666666666666,D1,D1,Tier 1 (D1 Both),True,True,True,Subscription,Collagen Glow,True,1,2024-12-03 16:00:00+00:00,2024-12,2024
8865785348351,95.86,128.31,1,0.7470968747564494,1.0,D1,D2,Tier 2 (D1 Profit Only),True,False,False,Direct / Organic,Accessories,False,3,2026-03-20 16:00:00+00:00,2026-03,2026
7523069362431,95.84,167.72,1,0.5714524207011686,0.0,D1,D5,Tier 2 (D1 Profit Only),True,False,False,Subscription,Lean Protein,False,3,2024-09-29 16:00:00+00:00,2024-09,2024
7183640199423,95.84,167.72,1,0.5714285714285715,0.0,D1,D5,Tier 2 (D1 Profit Only),True,False,False,Subscription,Other,False,1,2024-05-26 16:00:00+00:00,2024-05,2024
7254253404415,95.84,208.66,2,0.45931179909901276,0.0,D1,D2,Tier 2 (D1 Profit Only),True,False,False,Subscription,Other,False,1,2024-04-28 16:00:00+00:00,2024-04,2024
7308128321791,95.84,167.72,1,0.5714285714285715,0.0,D1,D5,Tier 2 (D1 Profit Only),True,False,False,Subscription,Other,False,1,2024-05-27 16:00:00+00:00,2024-05,2024
7308405080319,95.84,167.72,1,0.5714285714285715,0.0,D1,D5,Tier 2 (D1 Profit Only),True,False,False,Subscription,Lean Protein,False,1,2024-05-27 16:00:00+00:00,2024-05,2024
7475322421503,95.84,167.72,1,0.5714285714285715,0.0,D1,D5,Tier 2 (D1 Profit Only),True,False,False,Subscription,Clear Protein,False,1,2024-08-30 16:00:00+00:00,2024-08,2024
7475341721855,95.84,185.69,2,0.5161290322580645,0.0,D1,D2,Tier 2 (D1 Profit Only),True,False,False,Subscription,Clear Protein,False,2,2024-08-30 16:00:00+00:00,2024-08,2024
7476820934911,95.84,167.72,1,0.5714285714285715,0.0,D1,D5,Tier 2 (D1 Profit Only),True,False,False,Subscription,Clear Protein,False,2,2024-08-31 16:00:00+00:00,2024-09,2024
7476853145855,95.84,167.72,1,0.5714285714285715,0.0,D1,D5,Tier 2 (D1 Profit Only),True,False,False,Subscription,Clear Protein,False,2,2024-08-31 16:00:00+00:00,2024-09,2024
7483704705279,95.84,233.61,2,0.41025641025641024,0.0,D1,D2,Tier 2 (D1 Profit Only),True,False,False,Subscription,Clear Protein,False,2,2024-09-04 16:00:00+00:00,2024-09,2024
7537170055423,95.84,233.61,2,0.41025641025641024,0.0,D1,D2,Tier 2 (D1 Profit Only),True,False,False,Subscription,Other,False,2,2024-10-07 16:00:00+00:00,2024-10,2024
7910880280831,95.84,215.64,1,0.4444444444444445,0.0,D1,D3,Tier 2 (D1 Profit Only),True,False,False,Direct / Organic,Other,False,1,2025-03-18 16:00:00+00:00,2025-03,2025
8477676601599,95.81,154.7,1,0.619327731092437,0.3791208791208791,D1,D2,Tier 2 (D1 Profit Only),True,False,False,Direct / Organic,Clear Protein,False,2,2025-10-26 16:00:00+00:00,2025-10,2025
7756015927551,95.81,242.24,3,0.3954966224668502,0.0,D1,D1,Tier 1 (D1 Both),True,True,True,Direct / Organic,Unknown,False,1,2022-01-12 16:00:00+00:00,2022-01,2022
8233176006911,95.8,239.51,2,0.4,0.0,D1,D1,Tier 1 (D1 Both),True,True,True,Subscription,Collagen Glow,True,1,2025-08-19 16:00:00+00:00,2025-08,2025
7394844180735,95.76,246.12,3,0.38909475052819764,0.0,D1,D1,Tier 1 (D1 Both),True,True,True,Subscription,Collagen Glow,False,2,2024-08-01 16:00:00+00:00,2024-08,2024
7756348522751,95.68,218.17,4,0.4385738294651166,0.0,D1,D1,Tier 1 (D1 Both),True,True,True,Direct / Organic,Soy Protein,False,3,2023-02-16 16:00:00+00:00,2023-02,2023
8593221681407,95.65,121.73,2,0.7857553602234453,1.0,D1,D1,Tier 1 (D1 Both),True,True,True,Direct / Organic,Accessories,False,2,2025-12-05 16:00:00+00:00,2025-12,2025
7755991482623,95.64,241.82,2,0.39548883486629416,0.0,D1,D2,Tier 2 (D1 Profit Only),True,False,False,Direct / Organic,Unknown,False,1,2022-02-15 16:00:00+00:00,2022-02,2022
7829327544575,95.56,238.91,4,0.4,0.0,D1,D1,Tier 1 (D1 Both),True,True,True,Subscription,Clear Protein,True,1,2025-01-15 16:00:00+00:00,2025-01,2025
7311808626943,95.48,189.96,2,0.5026321330806486,0.0,D1,D2,Tier 2 (D1 Profit Only),True,False,False,Subscription,Clear Protein,False,2,2024-05-29 16:00:00+00:00,2024-05,2024
7755927912703,95.3,215.99,4,0.4412424939671138,0.0,D1,D1,Tier 1 (D1 Both),True,True,True,Subscription,Accessories,True,3,2023-12-20 16:00:00+00:00,2023-12,2023
7366249840895,95.12,189.2,2,0.50276955602537,0.0,D1,D2,Tier 2 (D1 Profit Only),True,False,False,Subscription,Clear Protein,False,2,2024-06-29 16:00:00+00:00,2024-06,2024
6599308607743,95.07,228.77,4,0.41557896577348424,0.0,D1,D1,Tier 1 (D1 Both),True,True,True,Subscription,Other,True,1,2023-03-10 16:00:00+00:00,2023-03,2023
8633602900223,94.82,132.44,1,0.7159468438538207,1.0,D1,D2,Tier 2 (D1 Profit Only),True,False,False,Direct / Organic,Accessories,False,3,2025-12-18 16:00:00+00:00,2025-12,2025
8304445751551,94.74,153.23,2,0.6182862363766887,0.7130505607418083,D1,D1,Tier 1 (D1 Both),True,True,True,Direct / Organic,Lean Protein,True,2,2025-09-03 16:00:00+00:00,2025-09,2025
7756361367807,94.73,236.82,2,0.4,0.0,D1,D1,Tier 1 (D1 Both),True,True,True,Subscription,Other,True,3,2023-05-15 16:00:00+00:00,2023-05,2023
7251339804927,94.6,187.25,2,0.5052069425901201,0.0,D1,D2,Tier 2 (D1 Profit Only),True,False,False,Subscription,Other,False,4,2024-04-26 16:00:00+00:00,2024-04,2024
7756033687807,94.55,236.36,2,0.4,0.0,D1,D1,Tier 1 (D1 Both),True,True,True,Direct / Organic,Unknown,False,1,2022-03-30 16:00:00+00:00,2022-03,2022
7756034703615,94.55,248.48,2,0.38048780487804884,0.0,D1,D1,Tier 1 (D1 Both),True,True,True,Direct / Organic,Unknown,False,1,2022-05-10 16:00:00+00:00,2022-05,2022
6336662634751,94.49,233.13,2,0.40530176296486947,0.0,D1,D2,Tier 2 (D1 Profit Only),True,False,False,Subscription,Other,True,1,2023-04-10 16:00:00+00:00,2023-04,2023
6327391977727,94.48,211.97,2,0.4457045808369109,0.0,D1,D2,Tier 2 (D1 Profit Only),True,False,False,Subscription,Unknown,False,3,2022-08-04 16:00:00+00:00,2022-08,2022
7756023890175,94.42,236.04,2,0.4,0.0,D1,D2,Tier 2 (D1 Profit Only),True,False,False,Direct / Organic,Unknown,False,1,2022-05-28 16:00:00+00:00,2022-05,2022
7138245443839,94.4,188.8,1,0.5,0.0,D1,D5,Tier 2 (D1 Profit Only),True,False,False,Subscription,Clear Protein,False,1,2024-03-30 16:00:00+00:00,2024-03,2024
7154163482879,94.4,188.8,1,0.5,0.0,D1,D5,Tier 2 (D1 Profit Only),True,False,False,Subscription,Clear Protein,False,1,2024-03-27 16:00:00+00:00,2024-03,2024
7259717894399,94.4,177.0,1,0.5333333333333333,0.0,D1,D5,Tier 2 (D1 Profit Only),True,False,False,Subscription,Clear Protein,False,1,2024-05-01 16:00:00+00:00,2024-05,2024
7307284611327,94.4,165.2,1,0.5714285714285715,0.0,D1,D5,Tier 2 (D1 Profit Only),True,False,False,Subscription,Clear Protein,False,1,2024-05-26 16:00:00+00:00,2024-05,2024
7308209324287,94.4,165.2,1,0.5714285714285715,0.0,D1,D5,Tier 2 (D1 Profit Only),True,False,False,Subscription,Clear Protein,False,1,2024-05-27 16:00:00+00:00,2024-05,2024
8719946580223,94.32,136.0,2,0.6935294117647058,1.0,D1,D1,Tier 1 (D1 Both),True,True,True,Subscription,Clear Protein,True,1,2026-01-27 16:00:00+00:00,2026-01,2026
8721444208895,94.32,131.1,1,0.7194508009153318,1.0,D1,D2,Tier 2 (D1 Profit Only),True,False,False,Direct / Organic,Clear Protein,False,1,2026-01-28 16:00:00+00:00,2026-01,2026
8344473633023,94.3,130.9,1,0.7203972498090144,1.0,D1,D3,Tier 2 (D1 Profit Only),True,False,False,Direct / Organic,Clear Protein,False,3,2025-09-23 16:00:00+00:00,2025-09,2025
6593759609087,94.26,235.66,3,0.4,0.0,D1,D1,Tier 1 (D1 Both),True,True,True,Subscription,Other,True,1,2023-03-05 16:00:00+00:00,2023-03,2023
8329035481343,94.25,147.58,1,0.6386095676920992,0.30007190663200395,D1,D3,Tier 2 (D1 Profit Only),True,False,False,Direct / Organic,Other,False,3,2025-09-14 16:00:00+00:00,2025-09,2025
7756027887871,94.21,213.47,3,0.4413372134289162,0.0,D1,D1,Tier 1 (D1 Both),True,True,True,Direct / Organic,Unknown,False,1,2022-02-12 16:00:00+00:00,2022-02,2022
8234476634367,93.96,199.67,1,0.47057645114438823,0.0,D1,D3,Tier 2 (D1 Profit Only),True,False,False,Direct / Organic,Accessories,False,2,2025-08-01 16:00:00+00:00,2025-08,2025
8286293852415,93.84,234.6,1,0.4,0.0,D1,D3,Tier 2 (D1 Profit Only),True,False,False,Direct / Organic,Other,False,5,2025-08-23 16:00:00+00:00,2025-08,2025
7268175544575,93.8,203.97,2,0.45987154973770666,0.0,D1,D2,Tier 2 (D1 Profit Only),True,False,False,Subscription,Other,False,1,2024-05-07 16:00:00+00:00,2024-05,2024
8341396881663,93.76,98.9,1,0.9480283114256823,1.0,D1,D3,Tier 2 (D1 Profit Only),True,False,False,Direct / Organic,Other,False,3,2025-09-21 16:00:00+00:00,2025-09,2025
7756407505151,93.75,221.97,4,0.42236723549488053,0.0,D1,D1,Tier 1 (D1 Both),True,True,True,Direct / Organic,Other,True,3,2024-02-21 16:00:00+00:00,2024-02,2024
7756190777599,93.59,236.69,5,0.39539099708096487,0.0,D1,D1,Tier 1 (D1 Both),True,True,True,Subscription,Other,True,2,2023-09-11 16:00:00+00:00,2023-09,2023
7979789648127,93.39,186.3,3,0.5012882447665057,0.3333333333333333,D1,D1,Tier 1 (D1 Both),True,True,True,Subscription,Clear Protein,True,1,2025-04-27 16:00:00+00:00,2025-04,2025
7756033949951,93.22,233.05,1,0.4,0.0,D1,D4,Tier 2 (D1 Profit Only),True,False,False,Direct / Organic,Unknown,False,1,2022-05-20 16:00:00+00:00,2022-05,2022
7583185371391,93.12,226.81,2,0.41056390811692606,0.0,D1,D2,Tier 2 (D1 Profit Only),True,False,False,Subscription,Lean Protein,False,1,2024-10-28 16:00:00+00:00,2024-10,2024
7756003803391,92.95,174.11,2,0.5338345864661654,0.0,D1,D2,Tier 2 (D1 Profit Only),True,False,False,Direct / Organic,Clear Protein,False,2,2024-03-30 16:00:00+00:00,2024-03,2024
8226075803903,92.92,131.72,1,0.7054205891284544,0.25791549295774646,D1,D3,Tier 2 (D1 Profit Only),True,False,False,Direct / Organic,Other,False,3,2025-09-19 16:00:00+00:00,2025-09,2025
8149869854975,92.88,232.2,2,0.4,0.0,D1,D1,Tier 1 (D1 Both),True,True,True,Subscription,Clear Protein,True,1,2025-06-21 16:00:00+00:00,2025-06,2025
8334140932351,92.87,131.59,1,0.7057223193251768,0.25810452725940125,D1,D3,Tier 2 (D1 Profit Only),True,False,False,Direct / Organic,Other,False,3,2025-09-16 16:00:00+00:00,2025-09,2025
8488361033983,92.86,116.01,1,0.8004482372209292,1.0,D1,D2,Tier 2 (D1 Profit Only),True,False,False,Direct / Organic,Clear Protein,False,2,2025-10-31 16:00:00+00:00,2025-11,2025
8679067418879,92.86,109.57,1,0.8474947522131971,1.0,D1,D2,Tier 2 (D1 Profit Only),True,False,False,Direct / Organic,Lean Protein,False,2,2026-01-07 16:00:00+00:00,2026-01,2026
8761342951679,92.86,109.57,1,0.8474947522131971,1.0,D1,D2,Tier 2 (D1 Profit Only),True,False,False,Direct / Organic,Lean Protein,False,2,2026-02-06 16:00:00+00:00,2026-02,2026
8761387385087,92.86,103.12,1,0.9005042668735453,1.0,D1,D2,Tier 2 (D1 Profit Only),True,False,False,Direct / Organic,Lean Protein,False,2,2026-02-06 16:00:00+00:00,2026-02,2026
8133951881471,92.81,232.02,2,0.39999999999999997,0.0,D1,D1,Tier 1 (D1 Both),True,True,True,Subscription,Other,True,2,2025-06-14 16:00:00+00:00,2025-06,2025
8478316331263,92.74,122.78,2,0.7553347450724874,1.0,D1,D1,Tier 1 (D1 Both),True,True,True,Direct / Organic,Clear Protein,True,1,2025-10-26 16:00:00+00:00,2025-10,2025
6423591354623,92.72,231.81,1,0.4000000000000001,0.0,D1,D5,Tier 2 (D1 Profit Only),True,False,False,Subscription,Unknown,False,1,2022-04-27 16:00:00+00:00,2022-04,2022
7756486476031,92.72,219.76,2,0.42191619127991076,0.0,D1,D1,Tier 1 (D1 Both),True,True,True,Direct / Organic,Accessories,True,3,2024-12-19 16:00:00+00:00,2024-12,2024
7756383486207,92.67,231.67,3,0.4,0.0,D1,D1,Tier 1 (D1 Both),True,True,True,Subscription,Other,True,2,2023-10-03 16:00:00+00:00,2023-10,2023
8373295153407,92.47,106.92,1,0.864852225963337,1.0,D1,D2,Tier 2 (D1 Profit Only),True,False,False,Direct / Organic,Other,False,2,2025-10-08 16:00:00+00:00,2025-10,2025
8722679988479,92.35,128.9,1,0.7164468580294802,1.0,D1,D2,Tier 2 (D1 Profit Only),True,False,False,Direct / Organic,Lean Protein,False,2,2026-01-29 16:00:00+00:00,2026-01,2026
8761739477247,92.35,128.9,1,0.7164468580294802,1.0,D1,D2,Tier 2 (D1 Profit Only),True,False,False,Direct / Organic,Clear Protein,False,2,2026-02-06 16:00:00+00:00,2026-02,2026
8858569834751,92.35,128.9,1,0.7164468580294802,1.0,D1,D2,Tier 2 (D1 Profit Only),True,False,False,Direct / Organic,Clear Protein,False,2,2026-03-18 16:00:00+00:00,2026-03,2026
6336758808831,92.35,148.52,2,0.6217883113385404,0.0,D1,D2,Tier 2 (D1 Profit Only),True,False,False,Subscription,Unknown,False,3,2022-09-07 16:00:00+00:00,2022-09,2022
8814719992063,92.34,128.83,1,0.7167585189784987,1.0,D1,D2,Tier 2 (D1 Profit Only),True,False,False,Subscription,Lean Protein,True,2,2026-03-01 16:00:00+00:00,2026-03,2026
7756357632255,92.13,233.06,5,0.3953192712105275,0.0,D1,D1,Tier 1 (D1 Both),True,True,True,Direct / Organic,Other,True,3,2023-03-29 16:00:00+00:00,2023-03,2023
7756375785727,92.07,186.45,1,0.4938239500715122,0.0,D1,D4,Tier 2 (D1 Profit Only),True,False,False,Direct / Organic,Other,False,1,2023-08-06 16:00:00+00:00,2023-08,2023
8896736788735,91.96,128.0,1,0.7184375000000001,1.0,D1,D2,Tier 2 (D1 Profit Only),True,False,False,Direct / Organic,Clear Protein,False,2,2026-03-28 16:00:00+00:00,2026-03,2026
7915596251391,91.92,156.39,2,0.5877869428991624,0.5469084498174034,D1,D1,Tier 1 (D1 Both),True,True,True,Direct / Organic,Collagen Glow,True,1,2025-03-20 16:00:00+00:00,2025-03,2025
7756464914687,91.75,206.43,1,0.4444444444444444,0.0,D1,D4,Tier 2 (D1 Profit Only),True,False,False,Direct / Organic,Other,False,2,2024-09-16 16:00:00+00:00,2024-09,2024
6650644726015,91.7,221.61,3,0.41380804115337755,0.0,D1,D1,Tier 1 (D1 Both),True,True,True,Subscription,Other,True,1,2023-04-27 16:00:00+00:00,2023-04,2023
7756429820159,91.64,160.36,1,0.5714285714285714,0.0,D1,D4,Tier 2 (D1 Profit Only),True,False,False,Direct / Organic,Clear Protein,False,1,2024-05-26 16:00:00+00:00,2024-05,2024
7756469436671,91.64,160.36,1,0.5714285714285714,0.0,D1,D4,Tier 2 (D1 Profit Only),True,False,False,Direct / Organic,Clear Protein,False,1,2024-09-29 16:00:00+00:00,2024-09,2024
7995001045247,91.48,160.09,1,0.5714285714285714,0.0,D1,D3,Tier 2 (D1 Profit Only),True,False,False,Direct / Organic,Accessories,False,3,2025-05-12 16:00:00+00:00,2025-05,2025
8800401883391,91.44,108.99,1,0.8389760528488852,1.0,D1,D2,Tier 2 (D1 Profit Only),True,False,False,Subscription,Clear Protein,True,1,2026-02-23 16:00:00+00:00,2026-02,2026
6423596499199,91.07,237.47,2,0.38349265170337304,0.0,D1,D2,Tier 2 (D1 Profit Only),True,False,False,Subscription,Unknown,False,1,2022-02-27 16:00:00+00:00,2022-02,2022
8337910989055,91.05,136.29,2,0.6680901019884071,0.41285285285285284,D1,D1,Tier 1 (D1 Both),True,True,True,Subscription,Other,True,3,2025-09-19 16:00:00+00:00,2025-09,2025
8151474929919,90.99,207.44,2,0.43862321635171614,0.0,D1,D1,Tier 1 (D1 Both),True,True,True,Direct / Organic,Accessories,False,3,2025-06-22 16:00:00+00:00,2025-06,2025
8683550081279,90.89,121.43,1,0.7484970765049822,1.0,D1,D2,Tier 2 (D1 Profit Only),True,False,False,Direct / Organic,Other,False,2,2026-01-09 16:00:00+00:00,2026-01,2026
8435695354111,90.85,131.08,2,0.6930881904180654,1.0,D1,D1,Tier 1 (D1 Both),True,True,True,Paid Social,Accessories,False,4,2025-10-16 16:00:00+00:00,2025-10,2025
8393520251135,90.74,119.18,1,0.7613693572747104,1.0,D1,D2,Tier 2 (D1 Profit Only),True,False,False,Paid Social,Lean Protein,False,3,2025-10-10 16:00:00+00:00,2025-10,2025
8802529640703,90.43,132.31,2,0.68347063714005,1.0,D1,D1,Tier 1 (D1 Both),True,True,True,Subscription,Lean Protein,True,2,2026-02-24 16:00:00+00:00,2026-02,2026
8368009117951,90.4,108.82,1,0.8307296452857932,1.0,D1,D2,Tier 2 (D1 Profit Only),True,False,False,Paid Social,Clear Protein,False,3,2025-10-05 16:00:00+00:00,2025-10,2025
8585926672639,90.4,192.1,2,0.4705882352941177,0.0,D1,D1,Tier 1 (D1 Both),True,True,True,Direct / Organic,Lean Protein,False,1,2025-12-03 16:00:00+00:00,2025-12,2025
8767346180351,90.35,127.13,1,0.7106898450405097,1.0,D1,D2,Tier 2 (D1 Profit Only),True,False,False,Direct / Organic,Clear Protein,False,1,2026-02-09 16:00:00+00:00,2026-02,2026
7168728498431,90.3,202.12,3,0.4467642984365724,0.0,D1,D1,Tier 1 (D1 Both),True,True,True,Subscription,Collagen Glow,True,3,2024-04-04 16:00:00+00:00,2024-04,2024
6327689543935,90.24,230.49,3,0.3914963772831793,0.0,D1,D1,Tier 1 (D1 Both),True,True,True,Subscription,Unknown,False,1,2022-03-11 16:00:00+00:00,2022-03,2022
8841594208511,90.03,126.81,1,0.7099597823515496,1.0,D1,D2,Tier 2 (D1 Profit Only),True,False,False,Direct / Organic,Clear Protein,False,1,2026-03-11 16:00:00+00:00,2026-03,2026
7756425134335,90.0,225.0,2,0.4000000000000001,0.0,D1,D1,Tier 1 (D1 Both),True,True,True,Subscription,Collagen Glow,True,4,2024-05-08 16:00:00+00:00,2024-05,2024
8898839871743,90.0,126.78,1,0.709891150023663,1.0,D1,D2,Tier 2 (D1 Profit Only),True,False,False,Paid Social,Clear Protein,False,1,2026-03-28 16:00:00+00:00,2026-03,2026
6329694552319,89.98,126.76,1,0.7098453770905648,1.0,D1,D5,Tier 2 (D1 Profit Only),True,False,False,Direct / Organic,Clear Protein,False,1,2026-03-26 16:00:00+00:00,2026-03,2026
8796338585855,89.94,123.38,1,0.7289674177338304,1.0,D1,D2,Tier 2 (D1 Profit Only),True,False,False,Direct / Organic,Clear Protein,False,2,2026-02-21 16:00:00+00:00,2026-02,2026
6327614800127,89.85,224.62,1,0.4000000000000001,0.0,D1,D5,Tier 2 (D1 Profit Only),True,False,False,Subscription,Unknown,False,1,2022-06-14 16:00:00+00:00,2022-06,2022
8748175589631,89.84,126.62,1,0.7095245616806192,1.0,D1,D2,Tier 2 (D1 Profit Only),True,False,False,Direct / Organic,Clear Protein,False,1,2026-02-03 16:00:00+00:00,2026-02,2026
6336758251775,89.75,158.73,2,0.5654381654381655,0.0,D1,D2,Tier 2 (D1 Profit Only),True,False,False,Subscription,Unknown,False,2,2022-08-06 16:00:00+00:00,2022-08,2022
6327627383039,89.54,223.84,3,0.4,0.0,D1,D1,Tier 1 (D1 Both),True,True,True,Subscription,Other,True,3,2024-12-04 16:00:00+00:00,2024-12,2024
7756018319615,89.5,225.42,5,0.3970371167004988,0.0,D1,D1,Tier 1 (D1 Both),True,True,True,Direct / Organic,Unknown,False,2,2022-01-06 16:00:00+00:00,2022-01,2022
7441933336831,89.45,169.1,2,0.5289769367238321,0.3367060146149522,D1,D2,Tier 2 (D1 Profit Only),True,False,False,Subscription,Clear Protein,False,2,2024-08-12 16:00:00+00:00,2024-08,2024
8759001809151,89.34,127.7,1,0.6996084573218481,1.0,D1,D2,Tier 2 (D1 Profit Only),True,False,False,Subscription,Clear Protein,True,2,2026-02-05 16:00:00+00:00,2026-02,2026
8767300337919,89.34,127.7,1,0.6996084573218481,1.0,D1,D2,Tier 2 (D1 Profit Only),True,False,False,Subscription,Clear Protein,True,2,2026-02-09 16:00:00+00:00,2026-02,2026
8796446458111,89.34,127.7,1,0.6996084573218481,1.0,D1,D2,Tier 2 (D1 Profit Only),True,False,False,Subscription,Clear Protein,True,2,2026-02-21 16:00:00+00:00,2026-02,2026
8015408922879,89.31,223.28,3,0.4,0.0,D1,D1,Tier 1 (D1 Both),True,True,True,Subscription,Other,True,3,2025-05-04 16:00:00+00:00,2025-05,2025
8791594074367,89.11,126.5,1,0.7044268774703557,1.0,D1,D2,Tier 2 (D1 Profit Only),True,False,False,Direct / Organic,Lean Protein,False,2,2026-02-19 16:00:00+00:00,2026-02,2026
6336720011519,88.91,222.28,1,0.4,0.0,D1,D5,Tier 2 (D1 Profit Only),True,False,False,Subscription,Unknown,False,1,2022-06-02 16:00:00+00:00,2022-06,2022
6776240406783,88.89,216.24,2,0.41108028116907136,0.0,D1,D2,Tier 2 (D1 Profit Only),True,False,False,Subscription,Other,False,1,2023-08-15 16:00:00+00:00,2023-08,2023
7932359868671,88.8,194.15,2,0.4573783157352563,0.0,D1,D1,Tier 1 (D1 Both),True,True,True,Direct / Organic,Lean Protein,False,2,2025-03-29 16:00:00+00:00,2025-03,2025
7756470976767,88.69,171.43,2,0.5173489030656887,0.3534184152593254,D1,D1,Tier 1 (D1 Both),True,True,True,Direct / Organic,Clear Protein,False,3,2024-10-06 16:00:00+00:00,2024-10,2024
6336694845695,88.69,226.62,1,0.3913511605330509,0.0,D1,D5,Tier 2 (D1 Profit Only),True,False,False,Subscription,Unknown,False,1,2022-02-26 16:00:00+00:00,2022-02,2022
7756260671743,88.64,216.91,3,0.4086559282491164,0.0,D1,D1,Tier 1 (D1 Both),True,True,True,Subscription,Collagen Glow,True,4,2023-03-26 16:00:00+00:00,2023-03,2023
8763296612607,88.45,129.74,2,0.6817481116078309,1.0,D1,D1,Tier 1 (D1 Both),True,True,True,Direct / Organic,Other,False,2,2026-02-07 16:00:00+00:00,2026-02,2026
7756352356607,88.41,195.58,3,0.45203972545434834,0.0,D1,D1,Tier 1 (D1 Both),True,True,True,Direct / Organic,Collagen Glow,False,2,2023-03-09 16:00:00+00:00,2023-03,2023
8339344425215,88.35,113.0,1,0.7818584070796459,0.30589680589680585,D1,D3,Tier 2 (D1 Profit Only),True,False,False,Direct / Organic,Other,False,3,2025-09-20 16:00:00+00:00,2025-09,2025
8369445601535,88.35,113.0,1,0.7818584070796459,0.30589680589680585,D1,D2,Tier 2 (D1 Profit Only),True,False,False,Direct / Organic,Other,False,3,2025-10-06 16:00:00+00:00,2025-10,2025
7258491322623,88.32,198.72,1,0.4444444444444445,0.0,D1,D5,Tier 2 (D1 Profit Only),True,False,False,Subscription,Clear Protein,False,3,2024-04-30 16:00:00+00:00,2024-05,2024
6327561027839,88.31,230.58,3,0.3829993928354583,0.0,D1,D1,Tier 1 (D1 Both),True,True,True,Subscription,Unknown,True,2,2022-04-30 16:00:00+00:00,2022-05,2022
8445726687487,88.27,113.51,1,0.7776407364989868,1.0,D1,D2,Tier 2 (D1 Profit Only),True,False,False,Subscription,Clear Protein,True,2,2025-10-19 16:00:00+00:00,2025-10,2025
6336726204671,88.22,225.45,2,0.39130627633621645,0.0,D1,D2,Tier 2 (D1 Profit Only),True,False,False,Subscription,Unknown,False,3,2022-08-27 16:00:00+00:00,2022-08,2022
7756469600511,88.19,154.34,1,0.5714285714285715,0.0,D1,D4,Tier 2 (D1 Profit Only),True,False,False,Direct / Organic,Other,False,4,2024-09-29 16:00:00+00:00,2024-09,2024
8415875727615,88.01,97.5,1,0.9026666666666666,1.0,D1,D2,Tier 2 (D1 Profit Only),True,False,False,Direct / Organic,Other,False,2,2025-10-14 16:00:00+00:00,2025-10,2025
6329637929215,87.96,162.62,2,0.5408928791046612,0.0,D1,D2,Tier 2 (D1 Profit Only),True,False,False,Subscription,Clear Protein,False,2,2024-02-18 16:00:00+00:00,2024-02,2024
7756181897471,87.91,218.18,6,0.40293333333333325,0.0,D1,D1,Tier 1 (D1 Both),True,True,True,Direct / Organic,Unknown,True,2,2023-03-28 16:00:00+00:00,2023-03,2023
7755919819007,87.88,219.71,2,0.4,0.0,D1,D2,Tier 2 (D1 Profit Only),True,False,False,Direct / Organic,Unknown,False,1,2022-08-12 16:00:00+00:00,2022-08,2022
6327761830143,87.85,229.42,2,0.3829134338767327,0.0,D1,D2,Tier 2 (D1 Profit Only),True,False,False,Subscription,Unknown,False,1,2022-04-02 16:00:00+00:00,2022-04,2022
7308278366463,87.8,173.5,2,0.5060518731988474,0.0,D1,D2,Tier 2 (D1 Profit Only),True,False,False,Subscription,Lean Protein,False,3,2024-05-27 16:00:00+00:00,2024-05,2024
8244287111423,87.72,164.48,1,0.5333414396887161,0.0,D1,D3,Tier 2 (D1 Profit Only),True,False,False,Direct / Organic,Lean Protein,False,1,2025-08-07 16:00:00+00:00,2025-08,2025
7172742021375,87.48,207.63,2,0.42134566295814674,0.0,D1,D2,Tier 2 (D1 Profit Only),True,False,False,Subscription,Clear Protein,False,4,2024-04-05 16:00:00+00:00,2024-04,2024
8459023909119,87.42,124.2,1,0.7038647342995169,1.0,D1,D2,Tier 2 (D1 Profit Only),True,False,False,Direct / Organic,Clear Protein,False,1,2026-02-09 16:00:00+00:00,2026-02,2026
8763046232319,87.42,124.2,1,0.7038647342995169,1.0,D1,D2,Tier 2 (D1 Profit Only),True,False,False,Direct / Organic,Clear Protein,False,1,2026-02-07 16:00:00+00:00,2026-02,2026
8765608427775,87.42,124.2,1,0.7038647342995169,1.0,D1,D2,Tier 2 (D1 Profit Only),True,False,False,Direct / Organic,Clear Protein,False,1,2026-02-08 16:00:00+00:00,2026-02,2026
8780621709567,87.42,124.2,1,0.7038647342995169,1.0,D1,D2,Tier 2 (D1 Profit Only),True,False,False,Direct / Organic,Clear Protein,False,1,2026-02-14 16:00:00+00:00,2026-02,2026
8800267174143,87.42,124.2,1,0.7038647342995169,1.0,D1,D2,Tier 2 (D1 Profit Only),True,False,False,Direct / Organic,Clear Protein,False,1,2026-02-23 16:00:00+00:00,2026-02,2026
8811190157567,87.42,124.2,1,0.7038647342995169,1.0,D1,D2,Tier 2 (D1 Profit Only),True,False,False,Direct / Organic,Clear Protein,False,1,2026-02-27 16:00:00+00:00,2026-02,2026
8885362819327,87.42,124.2,1,0.7038647342995169,1.0,D1,D2,Tier 2 (D1 Profit Only),True,False,False,Direct / Organic,Clear Protein,False,1,2026-03-26 16:00:00+00:00,2026-03,2026
6663954465023,87.41,169.89,2,0.5144858437812703,0.346663580068291,D1,D2,Tier 2 (D1 Profit Only),True,False,False,Subscription,Other,True,2,2023-05-08 16:00:00+00:00,2023-05,2023
7753766043903,87.31,182.81,2,0.47759969367102456,0.2948963404627755,D1,D2,Tier 2 (D1 Profit Only),True,False,False,Subscription,Clear Protein,True,2,2025-01-08 16:00:00+00:00,2025-01,2025
8856763826431,87.31,123.35,1,0.7078232671260641,1.0,D1,D2,Tier 2 (D1 Profit Only),True,False,False,Subscription,Lean Protein,True,2,2026-03-17 16:00:00+00:00,2026-03,2026
8800596754687,87.24,118.71,1,0.7349001769016933,1.0,D1,D2,Tier 2 (D1 Profit Only),True,False,False,Direct / Organic,Clear Protein,False,3,2026-02-23 16:00:00+00:00,2026-02,2026
7756037128447,87.16,217.89,2,0.39999999999999997,0.0,D1,D1,Tier 1 (D1 Both),True,True,True,Direct / Organic,Unknown,False,1,2022-04-18 16:00:00+00:00,2022-04,2022
7430469386495,87.12,186.86,2,0.4662528095900674,0.0,D1,D2,Tier 2 (D1 Profit Only),True,False,False,Subscription,Clear Protein,False,3,2024-08-05 16:00:00+00:00,2024-08,2024
7841564426495,87.12,217.8,1,0.4,0.0,D1,D3,Tier 2 (D1 Profit Only),True,False,False,Direct / Organic,Lean Protein,False,3,2025-02-13 16:00:00+00:00,2025-02,2025
6327655891199,86.88,195.18,2,0.44510708064350857,0.0,D1,D2,Tier 2 (D1 Profit Only),True,False,False,Subscription,Unknown,False,2,2022-08-19 16:00:00+00:00,2022-08,2022
8867118907647,86.79,111.83,1,0.776088706071716,1.0,D1,D2,Tier 2 (D1 Profit Only),True,False,False,Paid Social,Clear Protein,False,3,2026-03-21 16:00:00+00:00,2026-03,2026
7756457148671,86.65,201.47,3,0.43008242584682027,0.0,D1,D1,Tier 1 (D1 Both),True,True,True,Subscription,Clear Protein,True,4,2024-08-08 16:00:00+00:00,2024-08,2024
7756387909887,86.59,189.53,7,0.45689434638014836,0.0,D1,D1,Tier 1 (D1 Both),True,True,True,Direct / Organic,Unknown,True,3,2024-01-01 16:00:00+00:00,2024-01,2024
7756038373631,86.4,224.18,3,0.38540145985401464,0.0,D1,D1,Tier 1 (D1 Both),True,True,True,Direct / Organic,Unknown,False,1,2022-04-02 16:00:00+00:00,2022-04,2022
6327673618687,86.38,225.76,2,0.38263642806520204,0.0,D1,D2,Tier 2 (D1 Profit Only),True,False,False,Subscription,Unknown,False,1,2022-05-21 16:00:00+00:00,2022-05,2022
6377877831935,86.28,185.6,2,0.46484913793103455,0.0,D1,D2,Tier 2 (D1 Profit Only),True,False,False,Subscription,Other,False,3,2022-10-17 16:00:00+00:00,2022-10,2022
8035367223551,86.26,210.24,4,0.4102739726027398,0.0,D1,D1,Tier 1 (D1 Both),True,True,True,Subscription,Lean Protein,True,1,2025-05-10 16:00:00+00:00,2025-05,2025
8109930512639,86.26,204.85,2,0.4210690749328777,0.0,D1,D1,Tier 1 (D1 Both),True,True,True,Subscription,Lean Protein,True,1,2025-06-05 16:00:00+00:00,2025-06,2025
7894464626943,86.22,215.55,3,0.4,0.0,D1,D1,Tier 1 (D1 Both),True,True,True,Subscription,Other,True,1,2025-03-09 16:00:00+00:00,2025-03,2025
6550479470847,85.88,218.51,3,0.3930254908242185,0.0,D1,D1,Tier 1 (D1 Both),True,True,True,Subscription,Other,False,2,2023-02-13 16:00:00+00:00,2023-02,2023
8273489494271,85.68,190.06,3,0.45080500894454384,0.24392297169314953,D1,D1,Tier 1 (D1 Both),True,True,True,Subscription,Lean Protein,True,1,2025-08-18 16:00:00+00:00,2025-08,2025
7947663081727,85.57,181.84,2,0.4705895292564892,0.0,D1,D1,Tier 1 (D1 Both),True,True,True,Direct / Organic,Lean Protein,True,3,2025-04-07 16:00:00+00:00,2025-04,2025
8715066867967,85.54,135.19,2,0.6327391079221836,1.0,D1,D1,Tier 1 (D1 Both),True,True,True,Direct / Organic,Clear Protein,True,3,2026-01-25 16:00:00+00:00,2026-01,2026
7756418023679,85.46,186.41,5,0.45846464469121717,0.0,D1,D1,Tier 1 (D1 Both),True,True,True,Subscription,Other,True,3,2024-04-12 16:00:00+00:00,2024-04,2024
7958933405951,85.37,157.14,2,0.5432480590556192,0.6239658902889144,D1,D1,Tier 1 (D1 Both),True,True,True,Paid Social,Unknown,False,3,2025-04-13 16:00:00+00:00,2025-04,2025
7756396921087,85.34,213.36,7,0.39999999999999997,0.0,D1,D1,Tier 1 (D1 Both),True,True,True,Subscription,Other,True,3,2023-12-05 16:00:00+00:00,2023-12,2023
7756423495935,84.76,148.34,2,0.5714285714285715,0.0,D1,D1,Tier 1 (D1 Both),True,True,True,Direct / Organic,Collagen Glow,False,1,2024-05-28 16:00:00+00:00,2024-05,2024
7309950812415,84.76,183.78,2,0.4612036130155621,0.0,D1,D2,Tier 2 (D1 Profit Only),True,False,False,Subscription,Clear Protein,True,3,2024-05-28 16:00:00+00:00,2024-05,2024
7113287008511,84.65,175.34,2,0.4827877267024068,0.0,D1,D2,Tier 2 (D1 Profit Only),True,False,False,Subscription,Other,False,4,2024-03-05 16:00:00+00:00,2024-03,2024
8837740986623,84.62,121.4,1,0.6970345963756178,1.0,D1,D2,Tier 2 (D1 Profit Only),True,False,False,Subscription,Clear Protein,True,1,2026-03-09 16:00:00+00:00,2026-03,2026
6547456491775,84.56,212.31,2,0.39828552588196503,0.0,D1,D2,Tier 2 (D1 Profit Only),True,False,False,Subscription,Collagen Glow,False,2,2023-02-10 16:00:00+00:00,2023-02,2023
8482740830463,84.5,101.83,1,0.8298143965432584,1.0,D1,D2,Tier 2 (D1 Profit Only),True,False,False,Direct / Organic,Lean Protein,False,1,2025-10-28 16:00:00+00:00,2025-10,2025
8687142535423,84.5,101.83,1,0.8298143965432584,1.0,D1,D2,Tier 2 (D1 Profit Only),True,False,False,Direct / Organic,Lean Protein,False,1,2026-01-11 16:00:00+00:00,2026-01,2026
8089410470143,84.4,202.24,2,0.41734572784810126,0.0,D1,D1,Tier 1 (D1 Both),True,True,True,Direct / Organic,Other,False,3,2025-05-28 16:00:00+00:00,2025-05,2025
8422907248895,83.99,119.8,1,0.701085141903172,1.0,D1,D2,Tier 2 (D1 Profit Only),True,False,False,Direct / Organic,Lean Protein,False,1,2025-10-16 16:00:00+00:00,2025-10,2025
8716791546111,83.99,114.0,1,0.7367543859649123,1.0,D1,D2,Tier 2 (D1 Profit Only),True,False,False,Direct / Organic,Lean Protein,False,1,2026-01-25 16:00:00+00:00,2026-01,2026
8717736640767,83.99,114.0,1,0.7367543859649123,1.0,D1,D2,Tier 2 (D1 Profit Only),True,False,False,Direct / Organic,Lean Protein,False,1,2026-01-26 16:00:00+00:00,2026-01,2026
8794639859967,83.99,101.83,1,0.8248060492978493,1.0,D1,D2,Tier 2 (D1 Profit Only),True,False,False,Direct / Organic,Lean Protein,False,1,2026-02-20 16:00:00+00:00,2026-02,2026
8274425446655,83.95,178.39,1,0.470586916306968,0.0,D1,D3,Tier 2 (D1 Profit Only),True,False,False,Subscription,Other,True,3,2025-08-18 16:00:00+00:00,2025-08,2025
6327740727551,83.84,150.91,1,0.555562918295673,0.0,D1,D5,Tier 2 (D1 Profit Only),True,False,False,Subscription,Accessories,False,4,2023-02-26 16:00:00+00:00,2023-02,2023
6526214340863,83.76,160.19,1,0.5228790810912043,0.0,D1,D5,Tier 2 (D1 Profit Only),True,False,False,Subscription,Unknown,False,2,2023-01-25 16:00:00+00:00,2023-01,2023
7313591402751,83.54,161.24,2,0.5181096502108657,0.0,D1,D2,Tier 2 (D1 Profit Only),True,False,False,Subscription,Lean Protein,True,3,2024-05-30 16:00:00+00:00,2024-05,2024
7961351127295,83.52,208.8,1,0.4,0.0,D1,D3,Tier 2 (D1 Profit Only),True,False,False,Direct / Organic,Other,False,3,2025-04-14 16:00:00+00:00,2025-04,2025
6328275697919,83.5,208.76,1,0.4,0.0,D1,D5,Tier 2 (D1 Profit Only),True,False,False,Subscription,Unknown,False,1,2022-06-10 16:00:00+00:00,2022-06,2022
8899717791999,83.5,120.28,1,0.6942135018290655,1.0,D1,D2,Tier 2 (D1 Profit Only),True,False,False,Subscription,Clear Protein,True,1,2026-03-28 16:00:00+00:00,2026-03,2026
7756425298175,83.45,155.13,2,0.5379746835443039,0.0,D1,D1,Tier 1 (D1 Both),True,True,True,Direct / Organic,Clear Protein,False,2,2024-05-26 16:00:00+00:00,2024-05,2024
7756429361407,83.37,208.42,6,0.4,0.0,D1,D1,Tier 1 (D1 Both),True,True,True,Subscription,Other,True,3,2024-05-25 16:00:00+00:00,2024-05,2024
6862672658687,83.22,207.65,4,0.4007512641464002,0.0,D1,D1,Tier 1 (D1 Both),True,True,True,Subscription,Other,True,3,2023-10-22 16:00:00+00:00,2023-10,2023
7755935547647,83.15,207.88,1,0.4,0.0,D1,D5,Tier 2 (D1 Profit Only),True,False,False,Direct / Organic,Unknown,False,1,2022-08-29 16:00:00+00:00,2022-08,2022
7308582682879,83.08,150.29,2,0.5527979240135739,0.0,D1,D2,Tier 2 (D1 Profit Only),True,False,False,Subscription,Clear Protein,False,2,2024-05-27 16:00:00+00:00,2024-05,2024
7755918934271,83.02,210.29,3,0.3948123063621299,0.0,D1,D1,Tier 1 (D1 Both),True,True,True,Direct / Organic,Unknown,False,1,2022-02-24 16:00:00+00:00,2022-02,2022
7994690470143,82.8,222.0,3,0.37297297297297305,0.0,D1,D1,Tier 1 (D1 Both),True,True,True,Direct / Organic,Clear Protein,False,1,2025-04-30 16:00:00+00:00,2025-05,2025
6329836175615,82.72,207.41,3,0.39882358613374475,0.0,D1,D1,Tier 1 (D1 Both),True,True,True,Subscription,Unknown,False,3,2022-04-16 16:00:00+00:00,2022-04,2022
6329714376959,82.59,206.48,2,0.4000000000000001,0.0,D1,D2,Tier 2 (D1 Profit Only),True,False,False,Subscription,Unknown,False,1,2022-04-23 16:00:00+00:00,2022-04,2022
7756199952639,82.59,206.47,4,0.4,0.0,D1,D1,Tier 1 (D1 Both),True,True,True,Subscription,Other,True,2,2023-12-25 16:00:00+00:00,2023-12,2023
6423592337663,82.58,216.25,2,0.38187283236994224,0.0,D1,D2,Tier 2 (D1 Profit Only),True,False,False,Subscription,Unknown,False,1,2022-01-19 16:00:00+00:00,2022-01,2022
8343827972351,82.54,100.79,1,0.8189304494493501,1.0,D1,D3,Tier 2 (D1 Profit Only),True,False,False,Direct / Organic,Lean Protein,False,2,2025-09-23 16:00:00+00:00,2025-09,2025
7933864575231,82.5,206.26,2,0.4,0.0,D1,D1,Tier 1 (D1 Both),True,True,True,Subscription,Clear Protein,True,2,2025-03-30 16:00:00+00:00,2025-03,2025
8069502337279,82.5,193.94,2,0.42538929565845107,0.0,D1,D1,Tier 1 (D1 Both),True,True,True,Subscription,Other,True,2,2025-05-21 16:00:00+00:00,2025-05,2025
7756357796095,82.35,254.35,8,0.32375142966069387,0.0,D1,D1,Tier 1 (D1 Both),True,True,True,Subscription,Collagen Glow,True,1,2023-03-30 16:00:00+00:00,2023-03,2023
8902720225535,82.05,122.34,1,0.6706718979892103,1.0,D1,D2,Tier 2 (D1 Profit Only),True,False,False,Subscription,Other,True,2,2026-03-29 16:00:00+00:00,2026-03,2026
7843128967423,81.97,180.34,1,0.45451924143284905,0.0,D1,D3,Tier 2 (D1 Profit Only),True,False,False,Direct / Organic,Lean Protein,False,1,2025-02-10 16:00:00+00:00,2025-02,2025
7957906981119,81.89,199.82,2,0.40980882794515067,0.0,D1,D1,Tier 1 (D1 Both),True,True,True,Subscription,Lean Protein,True,3,2025-04-12 16:00:00+00:00,2025-04,2025
6336760447231,81.8,209.41,2,0.39064037056492046,0.0,D1,D2,Tier 2 (D1 Profit Only),True,False,False,Subscription,Unknown,False,1,2022-04-06 16:00:00+00:00,2022-04,2022
7756181373183,81.76,124.73,1,0.6554958710815362,1.0,D1,D4,Tier 2 (D1 Profit Only),True,False,False,Subscription,Lean Protein,True,3,2026-03-29 16:00:00+00:00,2026-03,2026
7756453216511,81.71,163.46,2,0.49989136600757106,0.0,D1,D1,Tier 1 (D1 Both),True,True,True,Subscription,Soy Protein,True,3,2024-09-28 16:00:00+00:00,2024-09,2024
6644955775231,81.66,209.3,3,0.39014898145332927,0.0,D1,D1,Tier 1 (D1 Both),True,True,True,Direct / Organic,Unknown,False,2,2022-01-08 16:00:00+00:00,2022-01,2022
7755924472063,81.63,187.05,7,0.43640016200891046,0.0,D1,D1,Tier 1 (D1 Both),True,True,True,Direct / Organic,Unknown,True,3,2022-05-14 16:00:00+00:00,2022-05,2022
6328277893375,81.5,203.76,2,0.4,0.0,D1,D2,Tier 2 (D1 Profit Only),True,False,False,Subscription,Other,True,1,2023-06-25 16:00:00+00:00,2023-06,2023
6631997964543,81.5,191.02,2,0.4266778347816983,0.0,D1,D2,Tier 2 (D1 Profit Only),True,False,False,Subscription,Other,True,2,2023-04-09 16:00:00+00:00,2023-04,2023
8790289252607,81.49,107.1,1,0.7608776844070962,1.0,D1,D2,Tier 2 (D1 Profit Only),True,False,False,Direct / Organic,Lean Protein,False,2,2026-02-18 16:00:00+00:00,2026-02,2026
6616678793471,81.47,193.49,2,0.4210656881492584,0.0,D1,D2,Tier 2 (D1 Profit Only),True,False,False,Subscription,Other,True,1,2023-03-26 16:00:00+00:00,2023-03,2023
7756360876287,81.38,169.95,2,0.47886168714227134,0.0,D1,D1,Tier 1 (D1 Both),True,True,True,Direct / Organic,Unknown,False,4,2023-05-07 16:00:00+00:00,2023-05,2023
7756320964863,81.35,195.64,3,0.41579281609640506,0.0,D1,D1,Tier 1 (D1 Both),True,True,True,Subscription,Other,True,2,2023-03-04 16:00:00+00:00,2023-03,2023
6616314282239,81.34,203.36,8,0.4,0.0,D1,D1,Tier 1 (D1 Both),True,True,True,Subscription,Unknown,True,1,2023-03-25 16:00:00+00:00,2023-03,2023
8779021549823,81.34,108.0,1,0.7531481481481482,1.0,D1,D2,Tier 2 (D1 Profit Only),True,False,False,Direct / Organic,Lean Protein,False,2,2026-02-13 16:00:00+00:00,2026-02,2026
8785318707455,81.34,108.0,1,0.7531481481481482,1.0,D1,D2,Tier 2 (D1 Profit Only),True,False,False,Direct / Organic,Lean Protein,False,2,2026-02-16 16:00:00+00:00,2026-02,2026
8798376165631,81.34,108.0,1,0.7531481481481482,1.0,D1,D2,Tier 2 (D1 Profit Only),True,False,False,Direct / Organic,Lean Protein,False,2,2026-02-22 16:00:00+00:00,2026-02,2026
