sku_norm,Line: Title,Line: Variant Title,product_category,line_items,orders,revenue_sgd,covered_revenue_sgd,covered_lines,estimated_gross_profit_sgd,estimated_cogs_sgd,revenue_coverage_pct,line_coverage_pct,estimated_margin_pct
,Collagen Glow - 300g Pack,,Unknown,1213,1206,141437.52272727274,0.0,0,0.0,0.0,0.0,0.0,
,"Prime Whey Isolate - 1KG Pack, Natural (Unflavoured)",,Unknown,478,477,114425.40151515152,0.0,0,0.0,0.0,0.0,0.0,
,"Better Whey Protein - 1KG Pack, Chocolate Dinosaur",,Unknown,489,489,92063.19848484849,0.0,0,0.0,0.0,0.0,0.0,
0724999807814,CLEAR PROTEIN,500g Pack (20 Serv) / Peach,Clear Protein,1068,1068,86884.17484848485,86884.17484848484,1068,60053.16484848485,26831.010000000002,0.9999999999999998,1.0,0.6911864554530222
,"Better Whey - 1KG Pack, Chocolate Dinosaur",,Unknown,589,589,77220.59606060605,0.0,0,0.0,0.0,0.0,0.0,
,"Plant Protein - 480g Pack, Vanilla",,Unknown,637,636,77094.7487878788,0.0,0,0.0,0.0,0.0,0.0,
,"Better Whey - 1KG Pack, Natural (Unflavoured)",,Unknown,260,260,72257.68484848485,0.0,0,0.0,0.0,0.0,0.0,
,"Better Whey Protein - 1KG Pack, Matchawhey",,Unknown,235,234,70087.38575757576,0.0,0,0.0,0.0,0.0,0.0,
,"Soy Protein Isolate - 1KG Pack, Natural (Unflavoured)",,Unknown,533,533,62846.86727272727,0.0,0,0.0,0.0,0.0,0.0,
,"Better Whey Protein - 1KG Pack, Natural (Unflavoured)",,Unknown,251,251,62227.90727272727,0.0,0,0.0,0.0,0.0,0.0,
,"Plant Protein - 480g Pack, Chocolate Dinosaur",,Unknown,422,418,61414.58727272727,0.0,0,0.0,0.0,0.0,0.0,
0724999807807,CLEAR PROTEIN,500g Pack (20 Serv) / White Grape,Clear Protein,742,739,55984.54303030303,55984.54303030303,742,38127.85303030303,17856.690000000002,1.0,1.0,0.6810424979206381
LEAN-THA-1KG-V1,LEAN PROTEIN,1 x 1kg Pack (25 servings) / Thai Milk Tea,Lean Protein,551,550,52591.13,52591.13,551,40460.25,12130.88,1.0,1.0,0.7693360078020761
,"Prime Whey Isolate - 1KG Pack, Chocolate Dinosaur",,Unknown,309,309,49122.41515151515,0.0,0,0.0,0.0,0.0,0.0,
,"Prime Whey Isolate - 1KG Pack, Chocolate",,Unknown,210,210,44782.86,0.0,0,0.0,0.0,0.0,0.0,
,"Plant Protein - 480g Pack, Cocoa Dinosaur",,Unknown,480,475,44699.30606060606,0.0,0,0.0,0.0,0.0,0.0,
LEAN-TAR-1KG-V1,LEAN PROTEIN,1 x 1kg Pack (25 servings) / Taro,Lean Protein,478,478,42974.18,42974.18,478,31501.68,11472.499999999998,1.0,1.0,0.733037372673545
ELT-CHO-1KG-V1,BETTER WHEY PROTEIN ELITE,1kg (40 serves) / Cocoa Dinosaur,Other,38,37,42067.44,42067.439999999995,38,31935.440000000002,10132.0,0.9999999999999998,1.0,0.7591486432262102
0724999807821,LEAN PROTEIN,1kg Pack (25 servings) / Thai Milk Tea,Lean Protein,612,611,41443.32,41443.32,612,26933.48,14509.84,1.0,1.0,0.649887122942853
CLEAR-PEA-500G-V2,CLEAR PROTEIN,1 x 500g Pack (20 servings) / Peach,Clear Protein,391,391,41208.38,41208.38,391,32050.16,9158.220000000001,1.0,1.0,0.7777583103242593
CLEAR-GRA-500G-V2,CLEAR PROTEIN,1 x 500g Pack (20 servings) / White Grape,Clear Protein,408,408,40157.25,40157.25,408,31238.100000000002,8919.15,1.0,1.0,0.7778944026296621
,"Matchawhey - 1KG Pack, Uji Matcha",,Unknown,246,246,39590.76818181818,0.0,0,0.0,0.0,0.0,0.0,
,"Better Whey Protein - 1KG Pack, Vanilla",,Unknown,287,287,38193.757575757576,0.0,0,0.0,0.0,0.0,0.0,
,Pureburn™ Thermogenic Capsules - 90 capsules,,Unknown,214,214,35774.41454545454,0.0,0,0.0,0.0,0.0,0.0,
,Stainless Steel Bottle,,Unknown,487,486,35519.89757575757,0.0,0,0.0,0.0,0.0,0.0,
,"Prime Whey Isolate - 1KG Pack, Matchawhey",,Unknown,156,156,33218.006060606065,0.0,0,0.0,0.0,0.0,0.0,
,"Better Whey - 1KG Pack, Vanilla",,Unknown,315,315,31870.32303030303,0.0,0,0.0,0.0,0.0,0.0,
0724999807814,CLEAR PROTEIN,1 x 500g Pack (20 servings) / Peach,Clear Protein,268,268,27373.183606557377,27373.18360655738,268,19870.063606557378,7503.12,1.0000000000000002,1.0,0.7258952371837891
,"Better Whey - 1KG Pack, Teh Tarik",,Unknown,278,278,23911.094242424242,0.0,0,0.0,0.0,0.0,0.0,
0724999807937,BETTER WHEY PROTEIN,1kg Pack (40 servings) / Cocoa Dinosaur,Other,330,328,23718.15090909091,23718.15090909091,330,11762.39090909091,11955.759999999998,1.0,1.0,0.49592360526648444
0724999808606,PLANT PROTEIN,480g Pack (16 servings) / Cocoa Dinosaur,Other,384,383,23201.19575757576,23201.195757575755,384,18018.60575757576,5182.59,0.9999999999999999,1.0,0.7766240130831293
,"Prime Matchawhey Isolate - 1KG Pack, Uji Matcha",,Unknown,142,142,21548.725454545456,0.0,0,0.0,0.0,0.0,0.0,
CRE-UNF-250G-V1,CREATINE MONOHYDRATE,1 x 250g Pack (50 servings),Other,439,435,20506.99,20506.989999999998,439,17561.32,2945.67,0.9999999999999998,1.0,0.8563577589885206
,Lushprotein Lean Protein (1kg/25 servings) (Not linked to Shopify),,Unknown,60,60,20336.25,0.0,0,0.0,0.0,0.0,0.0,
COL-UNF-300G-V1,COLLAGEN GLOW,1 x 300g pack (30 servings),Collagen Glow,239,238,19978.11,19978.109999999997,239,15649.21,4328.9,0.9999999999999998,1.0,0.7833178413773876
,Vegan MULTI Super Multivitamin Capsules - 90 Capsules,,Unknown,190,190,19758.422121212123,0.0,0,0.0,0.0,0.0,0.0,
,"Better Whey - 1KG Pack, Mango",,Unknown,170,170,19686.478484848485,0.0,0,0.0,0.0,0.0,0.0,
,"Plant Protein - 480g Pack, Uji Matcha",,Unknown,386,385,19514.26606060606,0.0,0,0.0,0.0,0.0,0.0,
,"Prime Micellar Casein - 1KG, Natural (Unflavoured)",,Unknown,42,42,19232.22,0.0,0,0.0,0.0,0.0,0.0,
,"Better Whey Protein - 1KG Pack, Honeydew",,Unknown,183,183,18978.782727272726,0.0,0,0.0,0.0,0.0,0.0,
0724999807760,Prime Whey Isolate,1kg Pack (40 servings) / Natural (Unflavoured),Other,201,200,18777.854848484847,18777.854848484847,201,9052.544848484848,9725.310000000001,1.0,1.0,0.48208620854342593
0724999807890,BETTER WHEY PROTEIN,1kg Pack (40 servings) / Natural (Unflavoured),Other,241,238,18760.758181818182,18760.758181818182,241,10742.75818181818,8018.000000000001,1.0,1.0,0.5726185518573246
,"Better Whey - 1KG Pack, Matchawhey",,Unknown,115,115,18740.2496969697,0.0,0,0.0,0.0,0.0,0.0,
,Starter Pack,,Unknown,790,770,18596.369696969698,0.0,0,0.0,0.0,0.0,0.0,
0724999807821,LEAN PROTEIN,1 x 1kg Pack (25 servings) / Thai Milk Tea,Lean Protein,313,312,18594.35,18594.35,313,12547.07,6047.28,1.0,1.0,0.6747786289921401
,"Plant Protein - 480g Pack, Taro",,Unknown,363,360,18372.496363636365,0.0,0,0.0,0.0,0.0,0.0,
,"Better Whey Protein - 1KG Pack, Teh Tarik",,Unknown,197,197,17759.875454545454,0.0,0,0.0,0.0,0.0,0.0,
,Protein Bundle,,Unknown,321,319,17690.2696969697,0.0,0,0.0,0.0,0.0,0.0,
0724999807937,BETTER WHEY PROTEIN,1kg (40 serves) / Cocoa Dinosaur,Other,256,256,16878.164545454547,16878.164545454543,256,7911.344545454547,8966.82,0.9999999999999998,1.0,0.46873251674662403
0724999808507,COLLAGEN GLOW,300g (30 serves) / Unflavoured,Collagen Glow,305,305,16854.38787878788,16854.38787878788,305,10248.36787878788,6606.0199999999995,1.0,1.0,0.6080534014341739
0724999808507,COLLAGEN GLOW,300g Pack (30 servings),Collagen Glow,293,293,16822.23,16822.23,293,11580.11,5242.12,1.0,1.0,0.6883813858210238
,"Better Whey - 1KG Pack, Honeydew",,Unknown,135,135,16710.621212121212,0.0,0,0.0,0.0,0.0,0.0,
SOY-UNF-1KG-V1,SOY PROTEIN ISOLATE,1 x 1kg Pack (40 servings) / Unflavoured,Soy Protein,195,194,16661.82,16661.82,195,15498.7,1163.12,1.0,1.0,0.930192499978994
,"Plant Protein - 480g Pack, Vanilla (Unsweetened)",,Unknown,115,113,16229.092424242424,0.0,0,0.0,0.0,0.0,0.0,
,Super Omega 3 Capsules - 60 Capsules,,Unknown,114,114,16061.027878787878,0.0,0,0.0,0.0,0.0,0.0,
0724999807821,LEAN PROTEIN,1kg Pack (25 serves) / Thai Milk Tea,Lean Protein,198,198,15985.873333333333,15985.873333333333,198,10156.513333333332,5829.36,1.0,1.0,0.635343038290891
0724999808613,PLANT PROTEIN,480g Pack (16 servings) / Vanilla,Other,294,294,15785.85909090909,15785.859090909089,294,11977.75909090909,3808.1,0.9999999999999999,1.0,0.7587651088186234
,"Prime Micellar Casein - 1KG Pack, Natural (Unflavoured)",,Unknown,127,127,15688.677575757576,0.0,0,0.0,0.0,0.0,0.0,
,Green Tea Extract Capsules - 60 Capsules,,Unknown,288,288,15314.705454545454,0.0,0,0.0,0.0,0.0,0.0,
,"Better Whey Protein - 500g Pack, Matchawhey",,Unknown,255,255,15298.327878787879,0.0,0,0.0,0.0,0.0,0.0,
0724999807708,LEAN PROTEIN,1kg Pack (25 serves) / Taro,Lean Protein,123,123,15083.417878787879,15083.417878787875,123,10035.51787878788,5047.9,0.9999999999999998,1.0,0.6653344725601641
,"Better Whey Protein - 1KG Pack, Mango",,Unknown,171,171,14385.375454545454,0.0,0,0.0,0.0,0.0,0.0,
0724999807999,Creatine Monohydrate,,Other,443,441,14337.85909090909,14337.859090909089,443,10956.16909090909,3381.69,0.9999999999999999,1.0,0.764142611629922
,"Better Whey Protein - 500g Pack, Vanilla",,Unknown,217,216,14015.15393939394,0.0,0,0.0,0.0,0.0,0.0,
0724999807822,LEAN PROTEIN,1 x 1kg Pack (25 servings) / Taro,Lean Protein,209,209,13526.159672131147,0.0,0,0.0,0.0,0.0,0.0,
0724999807807,CLEAR PROTEIN,1 x 500g Pack (20 servings) / White Grape,Clear Protein,207,207,13137.035081967213,13137.035081967213,207,9091.235081967214,4045.8,1.0,1.0,0.6920309662905948
0724999808361,LP CLASSIC SHAKER,White,Accessories,961,955,12593.44,12593.439999999999,961,10651.619999999999,1941.8200000000002,0.9999999999999999,1.0,0.8458070233391353
,Lushprotein Collagen Glow 300gm (30 servings) | Unflavoured 100% Collagen Peptides Powder (Bovine Source) | Type I & III (Not linked to Shopify),,Unknown,46,46,12388.05,0.0,0,0.0,0.0,0.0,0.0,
0724999807937,Better Whey Protein,1KG Pack / Cocoa Dinosaur,Other,113,113,12360.397272727274,12360.397272727276,113,7876.987272727274,4483.41,1.0000000000000002,1.0,0.6372762217042597
,"Better Whey - 500g Pack, Natural (Unflavoured)",,Unknown,194,193,12335.487272727272,0.0,0,0.0,0.0,0.0,0.0,
0724999807784,BETTER WHEY PROTEIN,1kg Pack (40 servings) / Matchawhey,Other,196,196,12280.84696969697,0.0,0,0.0,0.0,0.0,0.0,
,"Better Whey Protein ELITE - 1KG Pack, Chocolate Dinosaur",,Unknown,37,37,11954.412121212123,0.0,0,0.0,0.0,0.0,0.0,
0724999808507,COLLAGEN GLOW,300g,Collagen Glow,140,140,11654.28,11654.28,140,8013.26,3641.02,1.0,1.0,0.687580871576794
,"Lean Meal - 500g Pack (16 Serves), Belgian Choc",,Unknown,156,156,11637.218181818182,0.0,0,0.0,0.0,0.0,0.0,
0724999807791,Prime Whey Isolate,1kg Pack (40 servings) / Cocoa Dinosaur,Other,128,127,11536.196363636363,11536.196363636365,128,5688.086363636364,5848.110000000001,1.0000000000000002,1.0,0.4930642808374841
LEAN-POL-1KG-V1,LEAN PROTEIN PEACH OOLONG (PRE-ORDER),1 x 1kg Pack (25 servings) / Peach Oolong,Lean Protein,118,118,11397.21,11397.21,118,7955.46,3441.7499999999995,1.0,1.0,0.6980181991908546
724999807760,Prime Whey Isolate,Natural (Unflavored) / 1kg,Other,102,101,11226.62696969697,0.0,0,0.0,0.0,0.0,0.0,
0724999807890,BETTER WHEY PROTEIN,1kg (40 serves) / Unflavoured,Other,137,137,10934.658787878789,10934.65878787879,137,5807.3587878787885,5127.3,1.0000000000000002,1.0,0.5310964796008377
,"Better Whey - 1KG Pack, Coffee",,Unknown,98,98,10895.32090909091,0.0,0,0.0,0.0,0.0,0.0,
,L-Carnitine - 60 Capsules,,Unknown,202,202,10763.773333333333,0.0,0,0.0,0.0,0.0,0.0,
,"Plant Protein - 480g Pack, Natural (Unflavoured & Unsweetened)",,Unknown,64,64,10714.694545454546,0.0,0,0.0,0.0,0.0,0.0,
0724999808507,COLLAGEN GLOW,300g Pack (30 servings) / Natural (Unflavoured),Collagen Glow,201,201,10461.909090909092,10461.909090909092,201,6121.149090909092,4340.76,1.0,1.0,0.5850891111478003
,"Better Whey - 500g Pack, Chocolate Dinosaur",,Unknown,520,519,9971.542727272728,0.0,0,0.0,0.0,0.0,0.0,
,"Better Whey Protein - 500g Pack, Chocolate Dinosaur",,Unknown,245,242,9848.771818181818,0.0,0,0.0,0.0,0.0,0.0,
0724999808620,PLANT PROTEIN,480g Pack (16 servings) / Natural (Unflavoured),Other,188,188,9776.84090909091,0.0,0,0.0,0.0,0.0,0.0,
0724999807814,CLEAR PROTEIN,500g Pack (20 servings) / Peach,Clear Protein,116,116,9596.539999999999,9596.54,116,6966.7699999999995,2629.77,1.0000000000000002,1.0,0.7259668588887244
724999807760,Prime Whey Isolate,1kg Pack (40 servings) / Natural (Unflavoured),Other,107,102,9477.864545454546,0.0,0,0.0,0.0,0.0,0.0,
,Pureburn™ Fat Burner Capsules - 90 capsules,,Unknown,42,42,9227.128181818181,0.0,0,0.0,0.0,0.0,0.0,
0724999809191,BETTER WHEY PROTEIN ELITE,500g Pack (20 servings) / Cocoa Dinosaur,Other,53,52,9205.25,0.0,0,0.0,0.0,0.0,0.0,
724999807937,BETTER WHEY PROTEIN,1KG Pack / Cocoa Dinosaur,Other,134,129,9116.626666666667,0.0,0,0.0,0.0,0.0,0.0,
0724999808507,Collagen Glow,300g Pack,Collagen Glow,108,108,9072.218484848485,9072.218484848483,108,6296.978484848486,2775.24,0.9999999999999998,1.0,0.6940946688359714
724999808507,COLLAGEN GLOW,300g Pack,Collagen Glow,192,183,8922.276363636363,0.0,0,0.0,0.0,0.0,0.0,
PLT-CHO-480G-V1,PLANT PROTEIN,480g Pack (16 servings) / Cocoa Dinosaur,Other,135,135,8845.78,8845.779999999999,135,7524.25,1321.53,0.9999999999999998,1.0,0.8506033385410897
,"Better Whey Protein - 500g Pack, Teh Tarik",,Unknown,185,185,8795.17909090909,0.0,0,0.0,0.0,0.0,0.0,
0724999807845,Soy Protein Isolate,1kg Pack (40 servings) / Natural (Unflavoured),Soy Protein,207,206,8718.245454545455,8718.245454545457,207,7411.9054545454555,1306.34,1.0000000000000002,1.0,0.850160217808629
,BCAA Tablets - 120 Capsules,,Unknown,228,228,8626.218787878788,0.0,0,0.0,0.0,0.0,0.0,
0724999807807,CLEAR PROTEIN,500g Pack (20 servings) / White Grape,Clear Protein,92,92,8446.81,8446.81,92,6166.45,2280.36,1.0,1.0,0.7300329947045098
,"Better Whey Protein - 500g Pack, Natural (Unflavoured)",,Unknown,129,128,8403.23,0.0,0,0.0,0.0,0.0,0.0,
,Soy Protein Isolate,,Unknown,66,66,8389.6,0.0,0,0.0,0.0,0.0,0.0,
,"Better Whey Peanut Butter Fudge (Preorder- Limited Edition) - 1KG (40 Servings), Peanut Butter Fudge (Limited Edition)",,Unknown,36,36,8188.65,0.0,0,0.0,0.0,0.0,0.0,
724999807937,BETTER WHEY PROTEIN,1kg Pack (40 servings) / Cocoa Dinosaur,Other,127,122,8012.18393939394,0.0,0,0.0,0.0,0.0,0.0,
ACC-SQB-V1,LP Squeeze Bottle,lime green,Other,37,36,7624.76,7624.759999999999,37,6530.06,1094.6999999999998,0.9999999999999999,1.0,0.8564282679061375
724999807784,BETTER WHEY PROTEIN,1KG Pack / Matchawhey,Other,87,85,7423.758787878788,0.0,0,0.0,0.0,0.0,0.0,
0724999810463,LEAN PROTEIN SACHET,40g Sachet / Thai Milk Tea,Unknown,178,178,7321.22,7321.220000000001,178,5994.88,1326.34,1.0000000000000002,1.0,0.8188362048948125
,CLA Capsules - 60 softgels,,Unknown,140,140,7244.608787878788,0.0,0,0.0,0.0,0.0,0.0,
0724999810470,LEAN PROTEIN SACHET,40g Sachet / Taro,Unknown,113,113,7206.8,7206.800000000002,113,5936.07,1270.73,1.0000000000000002,1.0,0.8236762502081365
,"Lean Meal - 500g (16 servings), Belgian Choc",,Unknown,84,84,7191.97,0.0,0,0.0,0.0,0.0,0.0,
LEAN-THA-1KG-2BL-V1,LEAN PROTEIN,2 x 1kg Packs (50 servings) *MOST POPULAR* / Thai Milk Tea,Lean Protein,65,65,7189.83,0.0,0,0.0,0.0,0.0,0.0,
724999807890,BETTER WHEY PROTEIN,1kg Pack (40 servings) / Natural (Unflavoured),Other,101,95,6978.236060606061,0.0,0,0.0,0.0,0.0,0.0,
,"Plant Protein - 480g Pack, Uji Matcha (Unsweetened)",,Unknown,125,125,6970.1618181818185,0.0,0,0.0,0.0,0.0,0.0,
ACC-SHK-V2,LP CLASSIC SHAKER,White,Accessories,582,581,6909.429999999999,6909.43,582,5904.55,1004.88,1.0000000000000002,1.0,0.8545639799520366
,Superset Coffee - 500g Pack (40 Serves),,Unknown,181,181,6820.745454545455,0.0,0,0.0,0.0,0.0,0.0,
0724999807784,BETTER WHEY PROTEIN,1kg (40 serves) / Matchawhey,Other,101,101,6718.178787878788,0.0,0,0.0,0.0,0.0,0.0,
,Pureburn™ Fat Burner Capsules,,Unknown,14,14,6692.052121212121,0.0,0,0.0,0.0,0.0,0.0,
0724999809184,BETTER WHEY PROTEIN ELITE,1kg pack (40 servings) / Cocoa Dinosaur,Other,15,15,6613.2,0.0,0,0.0,0.0,0.0,0.0,
CLEAR-GRA-500G-2BL-V2,CLEAR PROTEIN,2 x 500g Pack (40 servings) *MOST POPULAR* / White Grape,Clear Protein,52,52,6439.71,0.0,0,0.0,0.0,0.0,0.0,
LEAN-TAR-1KG-2BL-V1,LEAN PROTEIN,2 x 1kg Packs (50 servings) *MOST POPULAR* / Taro,Lean Protein,60,60,6333.27,0.0,0,0.0,0.0,0.0,0.0,
ELT-CHO-1KG-V1,BETTER WHEY PROTEIN ELITE,1kg pack (40 servings) / Cocoa Dinosaur,Other,11,11,6240.29,6240.290000000001,11,4644.5,1595.79,1.0000000000000002,1.0,0.7442763076715985
,Lushprotein Clear Protein Isolate (500g/20 servings) (Not linked to Shopify),,Unknown,13,13,6122.25,0.0,0,0.0,0.0,0.0,0.0,
0724999807708,LEAN PROTEIN,1kg Pack (25 servings) / Taro,Lean Protein,53,53,6109.41,6109.409999999997,53,4238.51,1870.8999999999999,0.9999999999999996,1.0,0.6937674832757995
0724999807845,SOY PROTEIN ISOLATE,1kg Pack (40 servings) / Natural (Unflavoured),Soy Protein,121,121,6033.96,6033.959999999998,121,5213.7,820.26,0.9999999999999997,1.0,0.8640594236620729
,"Better Whey - 500g Pack, Vanilla",,Unknown,302,301,6019.509696969697,0.0,0,0.0,0.0,0.0,0.0,
724999807890,BETTER WHEY PROTEIN,1KG Pack / Natural (Unflavored),Other,71,67,5958.820303030304,0.0,0,0.0,0.0,0.0,0.0,
ELT-VAN-1KG-V1,BETTER WHEY PROTEIN ELITE,1kg (40 serves) / Vanilla,Other,31,31,5907.78,5907.78,31,4716.8,1190.98,1.0,1.0,0.7984048153451889
,"Better Whey - 500g Pack, Teh Tarik",,Unknown,273,271,5855.050909090909,0.0,0,0.0,0.0,0.0,0.0,
0724999807821,LEAN PROTEIN,1kg Pack (40 servings) / Thai Milk Tea,Lean Protein,53,51,5768.0,5767.999999999999,53,3897.5199999999995,1870.48,0.9999999999999999,1.0,0.6757142857142857
724999807784,BETTER WHEY PROTEIN,1kg Pack (40 servings) / Matchawhey,Other,100,97,5758.088787878788,0.0,0,0.0,0.0,0.0,0.0,
0724999807845,SOY PROTEIN ISOLATE,1 x 1kg Pack (40 servings) / Unflavoured,Soy Protein,118,118,5725.8099999999995,5725.809999999998,118,5096.51,629.3,0.9999999999999997,1.0,0.8900941526177086
0724999807784,Better Whey Protein,1KG Pack / Matchawhey,Other,53,53,5607.971212121212,0.0,0,0.0,0.0,0.0,0.0,
0724999807999,CREATINE MONOHYDRATE,250g (50 serves),Other,94,94,5490.89,5490.89,94,4476.89,1014.0000000000001,1.0,1.0,0.815330483764927
,"Better Whey Peanut Butter Fudge (Preorder - Limited Edition) - 1KG Pack, Peanut Butter Fudge (Limited Edition)",,Unknown,64,64,5459.636363636364,0.0,0,0.0,0.0,0.0,0.0,
724999808507,COLLAGEN GLOW,300g Pack (30 servings) / Natural (Unflavoured),Collagen Glow,102,102,5423.478787878788,0.0,0,0.0,0.0,0.0,0.0,
724999807791,Prime Whey Isolate,1kg Pack (40 servings) / Cocoa Dinosaur,Other,55,51,5351.287878787879,0.0,0,0.0,0.0,0.0,0.0,
,"Lean Meal (Pre-Order Sale) - 500g Pack (16 Serves), Belgian Choc",,Unknown,35,35,5315.49090909091,0.0,0,0.0,0.0,0.0,0.0,
CLEAR-PEA-500G-2BL-V2,CLEAR PROTEIN,2 x 500g Pack (40 servings) *MOST POPULAR* / Peach,Clear Protein,42,42,5312.2,0.0,0,0.0,0.0,0.0,0.0,
0724999808507,COLLAGEN GLOW,1 x 300g pack (30 servings),Collagen Glow,111,111,5298.09,5298.089999999998,111,3732.57,1565.52,0.9999999999999997,1.0,0.7045123808768823
724999807791,Prime Whey Isolate,Cocoa Dinosaur / 1kg,Other,50,47,5229.212424242424,0.0,0,0.0,0.0,0.0,0.0,
,Better Whey Protein Starter Pack,,Unknown,272,272,5135.902727272727,0.0,0,0.0,0.0,0.0,0.0,
0724999807890,BETTER WHEY PROTEIN,1kg (40 servings) / Unflavoured,Other,71,71,5074.3099999999995,5074.309999999998,71,3133.1099999999997,1941.2,0.9999999999999997,1.0,0.6174455246131989
0724999807937,BETTER WHEY PROTEIN,1kg (40 servings) / Cocoa Dinosaur,Other,70,70,5067.62,5067.619999999998,70,2838.58,2229.04,0.9999999999999997,1.0,0.5601406577446614
LEAN-TAR-40G-5PK-V1,Lean Protein Single Serve,5 x 40g Sachet (5 servings) *Most Popular* / Taro,Lean Protein,111,111,5026.46,5026.459999999998,111,4022.16,1004.3000000000001,0.9999999999999997,1.0,0.8001973555941958
,"Better Whey Protein - 500g Pack, Honeydew",,Unknown,123,123,5006.7,0.0,0,0.0,0.0,0.0,0.0,
0724999807822,LEAN PROTEIN,1kg Pack (25 servings) / Taro,Lean Protein,72,72,4988.15,0.0,0,0.0,0.0,0.0,0.0,
BND-SS-MIX6-V1,Discovery Sampler (6 sachets variety pack),6 Sachets Variety,Other,239,239,4933.0599999999995,4933.06,239,3869.1,1063.96,1.0000000000000002,1.0,0.7843204826213344
,Farm Fresh Oat Milk 1L,,Unknown,363,359,4846.363939393939,0.0,0,0.0,0.0,0.0,0.0,
0724999807999,CREATINE MONOHYDRATE,1 x 250g Pack (50 servings),Other,162,162,4808.19,4808.1900000000005,162,3885.45,922.74,1.0000000000000002,1.0,0.8080899465287352
,Creatine Monohydrate Powder,,Unknown,98,98,4758.59,0.0,0,0.0,0.0,0.0,0.0,
0724999807814_2,CLEAR PROTEIN,2 x 500g Pack (40 servings) *MOST POPULAR* / Peach,Clear Protein,39,39,4711.85,0.0,0,0.0,0.0,0.0,0.0,
CAP-PBT-BOTTLE-V1,PURE BURN THERMOGENIC CAPSULES,90 Tablets,Other,41,41,4673.5,4673.5,41,4154.56,518.9399999999999,1.0,1.0,0.8889611640098428
,"Better Whey Protein - 500g Pack, Mango",,Unknown,96,95,4659.772121212121,0.0,0,0.0,0.0,0.0,0.0,
,"Plant Protein - 4 Pack Bundle (1,920g), Chocolate Dinosaur",,Unknown,38,38,4646.973636363637,0.0,0,0.0,0.0,0.0,0.0,
,Superset Coffee - 500g (40 servings),,Unknown,66,66,4588.21,0.0,0,0.0,0.0,0.0,0.0,
0724999807562,Pureburn™ Thermogenic Capsules,90 Tablets (90 servings),Other,48,46,4584.51,4584.51,48,3722.4,862.1099999999999,1.0,1.0,0.8119515498930092
0724999807807_2,CLEAR PROTEIN,2 x 500g Pack (40 servings) *MOST POPULAR* / White Grape,Clear Protein,36,36,4522.16,0.0,0,0.0,0.0,0.0,0.0,
,Collagen Glow Bundle,,Unknown,70,70,4465.047272727273,0.0,0,0.0,0.0,0.0,0.0,
,"Better Whey Elite - 1KG Pack, Chocolate Dinosaur",,Unknown,37,37,4445.249090909091,0.0,0,0.0,0.0,0.0,0.0,
PLT-VAN-480G-V1,PLANT PROTEIN,480g Pack (16 servings) / Vanilla,Other,78,78,4434.18,4434.1799999999985,78,3254.68,1179.5,0.9999999999999996,1.0,0.7339981687707763
,Lushprotein Lean Protein (40g/single serve) (Not linked to Shopify),,Unknown,79,66,4328.15,0.0,0,0.0,0.0,0.0,0.0,
,PUREBURN™ Fat Burner - 90 Capsules,,Unknown,35,35,4313.80303030303,0.0,0,0.0,0.0,0.0,0.0,
724999808507,Collagen Glow,300g Pack,Collagen Glow,59,58,4253.154545454546,0.0,0,0.0,0.0,0.0,0.0,
,Creatine Monohydrate Powder - 250g,,Unknown,110,110,4204.075757575758,0.0,0,0.0,0.0,0.0,0.0,
,"Better Whey Elite - 1KG Pack, Vanilla",,Unknown,33,33,4174.416666666667,0.0,0,0.0,0.0,0.0,0.0,
,Plant Protein Starter Pack,,Unknown,219,219,4096.306363636364,0.0,0,0.0,0.0,0.0,0.0,
724999808606,PLANT PROTEIN,480g Pack (16 servings) / Cocoa Dinosaur,Other,73,62,3998.1193939393943,0.0,0,0.0,0.0,0.0,0.0,
,"Better Whey - 5KG Bundle, Natural (Unflavoured)",,Unknown,27,27,3927.8484848484845,0.0,0,0.0,0.0,0.0,0.0,
0724999807791,Prime Whey Isolate,Cocoa Dinosaur,Other,28,28,3921.2951515151517,3921.2951515151517,28,2402.7251515151515,1518.5700000000002,1.0,1.0,0.6127376437315005
0724999807821_2,LEAN PROTEIN,2 x 1kg Packs (50 servings) *MOST POPULAR* / Thai Milk Tea,Lean Protein,38,38,3913.1,0.0,0,0.0,0.0,0.0,0.0,
0724999808897,BETTER WHEY PROTEIN,500g (20 servings) / Cocoa Dinosaur,Other,73,73,3824.58,3824.58,73,2346.7400000000002,1477.84,1.0,1.0,0.6135941724320056
0724999807845,SOY PROTEIN ISOLATE,1kg Pack (40 servings) / Unflavoured,Soy Protein,81,81,3805.7599999999998,3805.7599999999998,81,3332.7,473.06,1.0,1.0,0.8756989405532666
0724999808361,LushProtein Classic Shaker,,Accessories,333,332,3775.3754545454544,3775.375454545455,333,3235.0154545454548,540.36,1.0000000000000002,1.0,0.8568725133418398
,Super Omega 3 Capsules,,Unknown,45,45,3762.715151515152,0.0,0,0.0,0.0,0.0,0.0,
,"Better Whey - 500g Pack, Mango",,Unknown,180,180,3736.419696969697,0.0,0,0.0,0.0,0.0,0.0,
724999808606,PLANT PROTEIN,Cocoa Dinosaur / 480g,Other,62,57,3685.3618181818183,0.0,0,0.0,0.0,0.0,0.0,
,"Prime Whey Isolate - 2KG Bundle, Natural (Unflavoured)",,Unknown,34,34,3666.89,0.0,0,0.0,0.0,0.0,0.0,
,"Better Whey - 500g Pack, Coffee",,Unknown,153,153,3578.189393939394,0.0,0,0.0,0.0,0.0,0.0,
LEAN-THA-1KG4BL-V1,LEAN PROTEIN,4 x 1kg Packs (100 servings) / Thai Milk Tea,Lean Protein,17,17,3565.37,0.0,0,0.0,0.0,0.0,0.0,
724999807777,Prime Whey Isolate,Matchawhey / 1kg,Unknown,38,38,3565.327272727273,0.0,0,0.0,0.0,0.0,0.0,
724999807777,Prime Whey Isolate,Matchawhey / 1kg,Other,33,29,3561.78,0.0,0,0.0,0.0,0.0,0.0,
BND-SS-MIX6-V1,Discovery Sampler (5 sachets variety pack),5 Sachets Variety,Other,112,112,3553.29,3553.29,112,2981.6099999999997,571.6800000000001,1.0,1.0,0.8391124844862085
0724999807562,PURE BURN THERMOGENIC CAPSULES,90 Tablets,Other,58,57,3525.43,3525.4299999999994,58,2964.6400000000003,560.79,0.9999999999999999,1.0,0.8409300425763668
0724999807890,Better Whey Protein,1KG Pack / Natural (Unflavoured),Other,29,29,3465.1633333333334,3465.1633333333334,29,2389.0633333333335,1076.1000000000001,1.0,1.0,0.689451868069711
0724999807708,LEAN PROTEIN,1kg Pack (40 servings) / Taro,Lean Protein,26,26,3443.27,3443.27,26,2366.62,1076.6499999999999,1.0,1.0,0.6873175789293317
,MULTI Super Multivitamin Capsules,,Unknown,17,17,3348.727272727273,0.0,0,0.0,0.0,0.0,0.0,
LEAN-THA-40G-5PK-V1,Lean Protein Single Serve,5 x 40g Sachet (5 servings) *Most Popular* / Thai Milk Tea,Lean Protein,102,102,3319.39,3319.3900000000003,102,2659.54,659.85,1.0000000000000002,1.0,0.8012134759699824
,MULTI Super Multivitamin - 90 Capsules,,Unknown,31,31,3294.5666666666666,0.0,0,0.0,0.0,0.0,0.0,
724999807937,Better Whey Protein,1KG Pack / Cocoa Dinosaur,Other,43,43,3276.6000000000004,0.0,0,0.0,0.0,0.0,0.0,
,"Better Whey - 500g Pack, Honeydew",,Unknown,191,191,3274.521818181818,0.0,0,0.0,0.0,0.0,0.0,
0724999807760,Prime Whey Isolate,Natural (Unflavored),Other,20,20,3272.341515151515,3272.341515151515,20,1883.0115151515151,1389.3300000000002,1.0,1.0,0.5754324560663493
,BETTER WHEY PROTEIN ELITE,1kg pack (40 servings) / Cocoa Dinosaur,Other,6,6,3267.0,0.0,0,0.0,0.0,0.0,0.0,
0724999808897,BETTER WHEY PROTEIN,500g (20 serves) / Cocoa Dinosaur,Other,72,72,3230.0609090909093,3230.0609090909093,72,1526.0209090909093,1704.04,1.0,1.0,0.4724433848278122
,"Prime Matchawhey Isolate - 2KG Twin Pack, Uji Matcha",,Unknown,28,28,3172.348484848485,0.0,0,0.0,0.0,0.0,0.0,
0724999807999,CREATINE MONOHYDRATE,250g (50 servings),Other,101,101,3054.99,3054.9900000000002,101,2471.94,583.0500000000001,1.0000000000000002,1.0,0.8091483114511012
CLEAR-PEA-25G-5PK-V2,Clear Protein Single Serve,5 x 25g (5 servings) *MOST POPULAR* / Peach,Clear Protein,90,89,3050.88,3050.88,90,2284.38,766.5,1.0,1.0,0.7487610132158591
,"Matchawhey - 5KG Bundle, Uji Matcha",,Unknown,15,15,3046.8848484848486,0.0,0,0.0,0.0,0.0,0.0,
724999807845,Soy Protein Isolate,1KG Pack / Natural (Unflavoured),Soy Protein,58,58,3024.157575757576,0.0,0,0.0,0.0,0.0,0.0,
,"Better Whey Protein ELITE - 1KG Pack, Vanilla",,Unknown,20,20,3000.7172727272728,0.0,0,0.0,0.0,0.0,0.0,
0724999807951,BETTER WHEY PROTEIN,1kg Pack (40 servings) / Mango,Other,42,42,2982.0099999999998,0.0,0,0.0,0.0,0.0,0.0,
724999808613,PLANT PROTEIN,480g Pack (16 servings) / Vanilla,Other,61,55,2963.6457575757577,0.0,0,0.0,0.0,0.0,0.0,
0724999808897,BETTER WHEY PROTEIN,500g Pack (20 servings) / Cocoa Dinosaur,Other,92,92,2957.7639393939394,2957.7639393939394,92,620.3639393939395,2337.4,1.0,1.0,0.209740855627936
CLEAR-GRA-25G-5PK-V2,Clear Protein Single Serve,5 x 25g (5 servings) *MOST POPULAR* / White Grape,Clear Protein,88,88,2932.86,2932.8599999999997,88,2234.6099999999997,698.25,0.9999999999999999,1.0,0.7619218101102677
CRE-UNF-5G-10PK-V1,CREATINE MONOHYDRATE SINGLE SERVE,10 x 5g (10 servings) *Most Popular*,Other,86,86,2908.53,2908.53,86,2656.5299999999997,252.00000000000003,1.0,1.0,0.9133582943961381
,Super Omega 3 - 60 Capsules,,Unknown,25,25,2902.848484848485,0.0,0,0.0,0.0,0.0,0.0,
0724999807913,Better Whey Protein,1KG Pack / Vanilla,Unknown,43,43,2841.3212121212123,2841.3212121212123,43,1599.6612121212124,1241.66,1.0,1.0,0.5629990742676263
724999808699,LEAN MEAL,500g (10 servings) / Belgian Choc,Unknown,59,58,2838.655151515152,0.0,0,0.0,0.0,0.0,0.0,
,LushProtein Classic Shaker,,Unknown,1162,1142,2790.2636363636366,0.0,0,0.0,0.0,0.0,0.0,
0724999807555,Super Omega 3 Capsules,60 Softgels (60 servings),Other,68,68,2738.430606060606,2738.4306060606064,68,1755.830606060606,982.6,1.0000000000000002,1.0,0.6411813402080222
0724999807791,Prime Whey Isolate,1KG Pack / Cocoa-dinosaur,Other,8,8,2719.83,2719.83,8,2170.56,549.27,1.0,1.0,0.7980498781173824
724999807913,BETTER WHEY PROTEIN,1KG Pack / Vanilla,Other,38,38,2704.0,0.0,0,0.0,0.0,0.0,0.0,
,Prime Micellar Casein,,Unknown,16,16,2696.58,0.0,0,0.0,0.0,0.0,0.0,
0724999808606,Plant Protein,Cocoa Dinosaur / 480g,Other,39,39,2691.675757575758,2691.675757575757,39,2113.1257575757577,578.55,0.9999999999999997,1.0,0.7850595494752061
,Clear Protein (25g / single serve) (Not linked to Shopify),,Unknown,38,34,2670.25,0.0,0,0.0,0.0,0.0,0.0,
0724999807822_2,LEAN PROTEIN,2 x 1kg Packs (50 servings) *MOST POPULAR* / Taro,Lean Protein,26,26,2665.69,0.0,0,0.0,0.0,0.0,0.0,
0724999807814_4,CLEAR PROTEIN,4 x 500g Pack (80 servings) / Peach,Clear Protein,11,11,2662.1,0.0,0,0.0,0.0,0.0,0.0,
CAP-MUL-BOTTLE-V1,MULTIVITAMIN CAPSULES,,Other,39,37,2645.05,2645.0499999999997,39,1856.32,788.73,0.9999999999999998,1.0,0.7018090395266631
ELT-CHO-500G-V1,BETTER WHEY PROTEIN ELITE,500g (20 serves) / Cocoa Dinosaur,Other,18,18,2632.21,2632.21,18,1953.6100000000001,678.6,1.0,1.0,0.7421938219215033
724999807913,BETTER WHEY PROTEIN,1KG Pack / Vanilla,Unknown,47,47,2624.567272727273,0.0,0,0.0,0.0,0.0,0.0,
724999808897,BETTER WHEY PROTEIN,500g Pack / Cocoa Dinosaur,Other,58,56,2556.708181818182,0.0,0,0.0,0.0,0.0,0.0,
,"Better Whey (Lush Whey) - 5KG Bundle, Natural (Unflavoured)",,Unknown,18,18,2554.68303030303,0.0,0,0.0,0.0,0.0,0.0,
0724999808613,Plant Protein,Vanilla / 480g,Other,25,25,2553.4636363636364,2553.4636363636364,25,1967.0836363636363,586.38,1.0,1.0,0.7703589776453373
CAP-OMG-BOTTLE-V1,SUPER OMEGA 3 CAPSULES,60 Softgels,Other,52,51,2546.29,2546.2900000000004,52,1737.09,809.2,1.0000000000000002,1.0,0.6822043050870088
724999807845,Soy Protein Isolate,1kg Pack (40 servings) / Natural (Unflavoured),Soy Protein,54,54,2533.890909090909,0.0,0,0.0,0.0,0.0,0.0,
,"Better Whey - 2KG Bundle, Chocolate Dinosaur",,Unknown,44,44,2530.0969696969696,0.0,0,0.0,0.0,0.0,0.0,
724999807777,Prime Whey Isolate,1kg Pack (40 servings) / Matchawhey,Other,24,20,2503.39,0.0,0,0.0,0.0,0.0,0.0,
0724999808378,Vegan MULTI Super Multivitamin Capsules,90 Capsules (30 servings),Other,43,43,2482.85,2482.8500000000004,43,1616.54,866.31,1.0000000000000002,1.0,0.651082425438508
0724999808897,Better Whey Protein,500g Pack / Cocoa Dinosaur,Other,52,52,2461.8748484848484,2461.8748484848484,52,1466.5948484848486,995.28,1.0,1.0,0.5957227473961395
0724999807913,BETTER WHEY PROTEIN,1kg Pack (40 servings) / Vanilla,Other,38,38,2417.89,2417.890000000001,38,1277.5900000000001,1140.3,1.0000000000000004,1.0,0.5283904561415117
,"Prime Micellar Casein - 2KG Bundle, Natural (Unflavoured)",,Unknown,19,19,2394.600909090909,0.0,0,0.0,0.0,0.0,0.0,
,"Matchawhey - 2KG Bundle, Uji Matcha",,Unknown,30,30,2386.3818181818183,0.0,0,0.0,0.0,0.0,0.0,
0724999807791,Prime Whey Isolate,Cocoa Dinosaur / 1kg,Other,19,19,2378.287878787879,2378.2878787878785,19,1344.367878787879,1033.92,0.9999999999999998,1.0,0.5652670943574128
0724999807890,Better Whey Protein,1KG Pack / Natural (Unflavored),Other,16,16,2336.98,2336.9800000000005,16,1661.78,675.2,1.0000000000000002,1.0,0.7110801119393404
0724999807913,Better Whey Protein,1KG Pack / Vanilla,Other,21,21,2318.3,2318.3,21,1659.46,658.84,1.0,1.0,0.7158089979726523
724999808620,PLANT PROTEIN,Natural (Unflavored) / 480g,Other,43,42,2316.9536363636366,0.0,0,0.0,0.0,0.0,0.0,
,"Prime Matchawhey Isolate - 2KG Bundle, Uji Matcha",,Unknown,22,22,2250.6060606060605,0.0,0,0.0,0.0,0.0,0.0,
0724999809146,Superset Coffee,500g (40 servings),Unknown,46,46,2250.1296969696973,0.0,0,0.0,0.0,0.0,0.0,
724999808422,BETTER WHEY PROTEIN,1KG Pack / Teh Tarik,Other,31,29,2225.84,0.0,0,0.0,0.0,0.0,0.0,
CLEAR-PEA-500G-4BL-V2,CLEAR PROTEIN,4 x 500g Pack (80 servings) / Peach,Clear Protein,9,9,2196.38,0.0,0,0.0,0.0,0.0,0.0,
,Lushprotein Better Whey ELITE Protein Powder (1kg 40 Servings / 500g 20 Servings) (Not linked to Shopify),,Unknown,10,10,2193.1,0.0,0,0.0,0.0,0.0,0.0,
,Delta price from Shopee,,Unknown,14,14,2179.0,0.0,0,0.0,0.0,0.0,0.0,
,"Lean Meal (Pre-Order Sale) - 500g (16 servings), Belgian Choc",,Unknown,19,19,2162.48,0.0,0,0.0,0.0,0.0,0.0,
724999808507,COLLAGEN GLOW,300g Pack (30 servings),Collagen Glow,39,37,2134.4,0.0,0,0.0,0.0,0.0,0.0,
,"Lush Whey - 5KG Bundle, Natural (Unflavoured)",,Unknown,14,14,2130.1818181818185,0.0,0,0.0,0.0,0.0,0.0,
,"Plant Protein - 4 Pack Bundle (1,920g), Vanilla",,Unknown,28,28,2107.2248484848483,0.0,0,0.0,0.0,0.0,0.0,
0724999808736,BETTER WHEY PROTEIN,1kg Pack (40 servings) / Genmai-Roasted Brown Rice,Other,49,49,2100.08,0.0,0,0.0,0.0,0.0,0.0,
0724999807845,SOY PROTEIN ISOLATE,1KG / Unflavoured,Soy Protein,49,49,2090.05,2090.05,49,1812.29,277.76,1.0,1.0,0.8671036578072294
724999807876,Prime Micellar Casein,1kg Pack (40 servings) / Natural (Unflavoured),Unknown,35,32,2089.3996969696973,0.0,0,0.0,0.0,0.0,0.0,
0724999808705,Lean Meal,500g (16 servings) / Vanilla,Unknown,44,44,2064.9751515151515,0.0,0,0.0,0.0,0.0,0.0,
,"Better Whey - 5KG Bundle, Teh Tarik",,Unknown,12,12,2053.509090909091,0.0,0,0.0,0.0,0.0,0.0,
724999809207,BETTER WHEY PROTEIN ELITE,1KG Pack / Vanilla,Other,17,17,2024.3400000000001,0.0,0,0.0,0.0,0.0,0.0,
0724999808699,Lean Meal,500g (16 servings) / Belgian Choc,Unknown,35,35,2010.9033333333334,0.0,0,0.0,0.0,0.0,0.0,
,8.8 Bundle,,Unknown,55,49,1978.3636363636365,0.0,0,0.0,0.0,0.0,0.0,
,"Better Whey - 2KG Bundle, Natural (Unflavoured)",,Unknown,28,28,1976.6303030303031,0.0,0,0.0,0.0,0.0,0.0,
CLEAR-PEA-25G-V2,Clear Protein Single Serve,1 x 25g (1 serving) / Peach,Clear Protein,154,152,1957.25,1957.2500000000002,154,1706.3,250.95000000000002,1.0000000000000002,1.0,0.8717843913654361
724999807784,Better Whey Protein,1KG Pack / Matchawhey,Other,25,25,1942.1272727272728,0.0,0,0.0,0.0,0.0,0.0,
LEAN-TAR-1KG-4BL-V1,LEAN PROTEIN,4 x 1kg Packs (100 servings) / Taro,Lean Protein,8,8,1900.88,0.0,0,0.0,0.0,0.0,0.0,
0724999808606,Plant Protein,Cocoa Dinosaur,Other,29,29,1889.5639393939393,1889.5639393939396,29,1530.2539393939394,359.31,1.0000000000000002,1.0,0.8098450163505737
0724999807821,LEAN PROTEIN *PREORDER*,1kg Pack (25 servings) / Thai Milk Tea,Lean Protein,30,30,1889.1,1889.0999999999997,30,1017.42,871.6800000000001,0.9999999999999999,1.0,0.5385739240908369
,LushProtein Clear Shaker,,Unknown,467,465,1887.2133333333334,0.0,0,0.0,0.0,0.0,0.0,
,"Better Whey - 500g Pack, Matchawhey",,Unknown,108,108,1856.379090909091,0.0,0,0.0,0.0,0.0,0.0,
0724999810487,CLEAR PROTEIN,25g Sachet (1 serving) / White Grape,Clear Protein,160,158,1836.44,1836.44,160,1441.64,394.8,1.0,1.0,0.7850188408006796
724999808699,LEAN MEAL,500g Pack (10 servings) / Belgian Choc,Unknown,39,38,1834.7545454545457,0.0,0,0.0,0.0,0.0,0.0,
,"Better Whey Protein - 1KG Pack, Peanut Butter Fudge (Limited Ed)",,Unknown,34,34,1815.2424242424242,0.0,0,0.0,0.0,0.0,0.0,
0724999807555,SUPER OMEGA 3 CAPSULES,60 Softgels,Other,50,50,1808.19,1808.1899999999998,50,1172.3899999999999,635.8000000000001,0.9999999999999999,1.0,0.6483776594273831
LEAN-THA-40G-V1,Lean Protein Single Serve,1 x 40g Sachet (1 serving) / Thai Milk Tea,Lean Protein,178,177,1800.89,1800.89,178,1481.3400000000001,319.54999999999995,1.0,1.0,0.8225599564659697
0724999807876,Prime Micellar Casein,1kg Pack (40 servings) / Natural (Unflavoured),Unknown,26,25,1786.9312121212122,0.0,0,0.0,0.0,0.0,0.0,
0724999809184,Better Whey Protein ELITE,1KG Pack / Cocoa Dinosaur,Other,10,10,1768.5600000000002,0.0,0,0.0,0.0,0.0,0.0,
0724999808507_2,COLLAGEN GLOW,2 x 300g packs (60 servings) *Most Popular*,Collagen Glow,25,25,1744.62,0.0,0,0.0,0.0,0.0,0.0,
,"Prime Whey Isolate - 5kg Bundle, Chocolate",,Unknown,8,8,1693.2,0.0,0,0.0,0.0,0.0,0.0,
724999809146,SUPERSET COFFEE,500g (40 servings),Unknown,56,56,1692.761212121212,0.0,0,0.0,0.0,0.0,0.0,
,"Lush Whey - 1KG Pack, Natural (Unflavoured)",,Unknown,13,13,1674.2863636363636,0.0,0,0.0,0.0,0.0,0.0,
724999807562,Pureburn™ Thermogenic Capsules,90 tablets,Other,15,15,1665.05,0.0,0,0.0,0.0,0.0,0.0,
COL-UNF-300G-2BL-V1,COLLAGEN GLOW,2 x 300g packs (60 servings) *Most Popular*,Collagen Glow,23,23,1623.69,0.0,0,0.0,0.0,0.0,0.0,
724999808736,BETTER WHEY PROTEIN,1kg Pack (40 servings) / Genmai-Roasted Brown Rice,Unknown,33,33,1601.5030303030305,0.0,0,0.0,0.0,0.0,0.0,
,Better Whey™ Protein Sample Bundle,,Unknown,162,162,1600.4578787878788,0.0,0,0.0,0.0,0.0,0.0,
0724999807845,Soy Protein Isolate,1KG Pack / Natural (Unflavoured),Soy Protein,22,22,1593.6848484848485,1593.6848484848488,22,1398.3848484848486,195.29999999999998,1.0000000000000002,1.0,0.8774538139170514
,"Matchawhey - 2KG Twin Pack, Uji Matcha",,Unknown,21,21,1590.9272727272728,0.0,0,0.0,0.0,0.0,0.0,
,Protein Sampler Bundle + Free Shipping!,,Unknown,75,72,1566.5269696969697,0.0,0,0.0,0.0,0.0,0.0,
,"Soy Protein Isolate - 5KG Bundle, Natural (Unflavoured)",,Unknown,16,16,1549.9515151515152,0.0,0,0.0,0.0,0.0,0.0,
,"Better Whey - 5KG Bundle, Vanilla",,Unknown,11,11,1547.9636363636364,0.0,0,0.0,0.0,0.0,0.0,
07249998080422,Better Whey Protein,1KG Pack / Teh Tarik,Unknown,21,21,1541.7969696969699,0.0,0,0.0,0.0,0.0,0.0,
0724999809184,BETTER WHEY PROTEIN ELITE,1kg Pack (40 servings) / Cocoa Dinosaur,Other,17,17,1538.14,0.0,0,0.0,0.0,0.0,0.0,
,"Better Whey Elite (Informed Sport Tested) - 1KG Pack, Vanilla",,Unknown,2,2,1534.0909090909092,0.0,0,0.0,0.0,0.0,0.0,
724999807876,Prime Micellar Casein,1KG / Natural (Unflavoured),Unknown,24,24,1527.4863636363636,0.0,0,0.0,0.0,0.0,0.0,
CRE-UNF-250G-2BL-V1,CREATINE MONOHYDRATE,2 x 250g Pack (100 servings) *Most Popular*,Other,32,32,1525.53,0.0,0,0.0,0.0,0.0,0.0,
0724999807807X,CLEAR PROTEIN,500g Pack (20 Serv) / White Grape,Clear Protein,21,21,1517.7272727272727,0.0,0,0.0,0.0,0.0,0.0,
0724999810524,Lean Protein Single Serve,5 x 40g Sachet (5 servings) *Most Popular* / Taro,Lean Protein,22,22,1500.6499999999999,1500.65,22,1226.75,273.90000000000003,1.0000000000000002,1.0,0.8174790923932962
0724999810463,LEAN PROTEIN,40g Sachet (1 serving) / Thai Milk Tea,Lean Protein,193,191,1499.1000000000001,1499.1,193,1168.76,330.34,0.9999999999999999,1.0,0.7796411180041358
CLEAR-GRA-500G-4BL-V2,CLEAR PROTEIN,4 x 500g Pack (80 servings) / White Grape,Clear Protein,5,5,1494.0,0.0,0,0.0,0.0,0.0,0.0,
724999807890,Better Whey Protein,1KG Pack / Natural (Unflavored),Other,16,16,1490.1545454545455,0.0,0,0.0,0.0,0.0,0.0,
0724999807807_4,CLEAR PROTEIN,4 x 500g Pack (80 servings) / White Grape,Clear Protein,6,6,1485.49,0.0,0,0.0,0.0,0.0,0.0,
724999809184,Better Whey Protein ELITE,1KG Pack / Cocoa Dinosaur,Other,7,7,1477.3000000000002,0.0,0,0.0,0.0,0.0,0.0,
0724999807814X,CLEAR PROTEIN,500g Pack (20 Serv) / Peach,Clear Protein,18,18,1471.909090909091,0.0,0,0.0,0.0,0.0,0.0,
0724999807822_4,LEAN PROTEIN,4 x 1kg Packs (100 servings) / Taro,Lean Protein,7,7,1466.31,0.0,0,0.0,0.0,0.0,0.0,
,"Better Whey (Lush Whey) - 1KG Pack, Chocolate Dinosaur",,Unknown,38,38,1454.551515151515,0.0,0,0.0,0.0,0.0,0.0,
,"Plant Protein - Twin Pack (960g), Vanilla",,Unknown,40,40,1454.2363636363636,0.0,0,0.0,0.0,0.0,0.0,
,"Better Whey - 2KG Bundle, Vanilla",,Unknown,25,25,1454.0636363636363,0.0,0,0.0,0.0,0.0,0.0,
724999807951,BETTER WHEY PROTEIN,1kg Pack (40 servings) / Mango,Other,19,19,1427.3899999999999,0.0,0,0.0,0.0,0.0,0.0,
0724999807951,BETTER WHEY PROTEIN,1kg (40 serves) / Mango,Unknown,22,22,1416.4848484848485,0.0,0,0.0,0.0,0.0,0.0,
0724999808613,Plant Protein,Vanilla,Other,22,22,1416.1966666666667,1416.1966666666667,22,1092.6766666666667,323.52000000000004,1.0,1.0,0.7715571519021605
0724999808378,MULTIVITAMIN CAPSULES,,Other,26,26,1397.92,1397.9199999999998,26,919.51,478.40999999999997,0.9999999999999999,1.0,0.6577701156003205
0724999810470,LEAN PROTEIN,40g Sachet (1 serving) / Taro,Lean Protein,184,183,1396.76,1396.7599999999998,184,1086.34,310.42,0.9999999999999999,1.0,0.7777570949912656
LEAN-TAR-40G-V1,Lean Protein Single Serve,1 x 40g Sachet (1 serving) / Taro,Lean Protein,165,164,1391.49,1391.49,165,1117.59,273.9,1.0,1.0,0.8031606407519996
0724999808880,BETTER WHEY PROTEIN,500g Pack (20 servings) / Natural (Unflavoured),Other,29,29,1388.6969696969697,0.0,0,0.0,0.0,0.0,0.0,
,BCAA Tablets - 120 Tablets,,Unknown,21,21,1367.4372727272728,0.0,0,0.0,0.0,0.0,0.0,
,"Prime Micellar Casein - 5KG Bundle, Natural (Unflavoured)",,Unknown,9,9,1364.5,0.0,0,0.0,0.0,0.0,0.0,
0724999808941,Better Whey Protein,500g Pack / Matchawhey,Other,24,24,1363.54,0.0,0,0.0,0.0,0.0,0.0,
,Micronized Creatine Monohydrate - 250g,,Unknown,81,81,1359.070303030303,0.0,0,0.0,0.0,0.0,0.0,
0724999807913,BETTER WHEY PROTEIN,1kg Pack (40 servings) / Vanilla (unsweetened),Other,21,21,1357.74,1357.7400000000002,21,749.58,608.16,1.0000000000000002,1.0,0.5520791904193733
,Prime Matchawhey Isolate,,Unknown,2,2,1353.6,0.0,0,0.0,0.0,0.0,0.0,
ELT-CHO-500G-V1,BETTER WHEY PROTEIN ELITE,500g Pack (20 servings) / Cocoa Dinosaur,Other,4,4,1351.25,1351.25,4,1004.41,346.84000000000003,1.0,1.0,0.7433191489361702
724999807845,SOY PROTEIN ISOLATE,1KG Pack / Natural (Unflavoured),Soy Protein,15,14,1344.85,0.0,0,0.0,0.0,0.0,0.0,
724999807913,BETTER WHEY PROTEIN,1kg Pack (40 servings) / Vanilla (Exp Nov23),Other,25,24,1334.26,0.0,0,0.0,0.0,0.0,0.0,
,Beta Alanine - 250g,,Unknown,37,37,1331.878787878788,0.0,0,0.0,0.0,0.0,0.0,
0724999807913,BETTER WHEY PROTEIN,1kg Pack (40 servings) / Vanilla,Unknown,29,29,1324.5515151515153,1324.5515151515149,29,462.9915151515153,861.56,0.9999999999999997,1.0,0.3495458725880917
,CLA Capsules,,Unknown,33,33,1314.490909090909,0.0,0,0.0,0.0,0.0,0.0,
724999808606,Plant Protein,Cocoa Dinosaur / 480g,Other,20,20,1314.2757575757576,0.0,0,0.0,0.0,0.0,0.0,
,"Lush Whey - 1KG Pack, Chocolate Dinosaur",,Unknown,24,24,1301.939393939394,0.0,0,0.0,0.0,0.0,0.0,
724999808613,PLANT PROTEIN,Vanilla / 480g,Other,33,33,1301.4839393939394,0.0,0,0.0,0.0,0.0,0.0,
0724999807548,GREEN TEA EXTRACT CAPSULES,60 Capsules,Other,48,48,1296.46,1296.46,48,949.8199999999999,346.64000000000004,1.0,1.0,0.7326257655461795
0724999807951,BETTER WHEY PROTEIN,1kg Pack (40 servings) / Mango,Unknown,28,28,1294.6836363636364,0.0,0,0.0,0.0,0.0,0.0,
,Plant Protein Sample Bundle,,Unknown,148,148,1291.009393939394,0.0,0,0.0,0.0,0.0,0.0,
,"Better Whey - 2KG Bundle, Teh Tarik",,Unknown,23,23,1284.178787878788,0.0,0,0.0,0.0,0.0,0.0,
0724999807562,Pureburn™ Thermogenic Capsules,90 capsules,Other,17,17,1283.47,1283.47,17,1032.3700000000001,251.09999999999997,1.0,1.0,0.8043584968873445
0724999808903,BETTER WHEY PROTEIN,500g (20 serves) / Vanilla,Unknown,29,29,1276.6545454545455,1276.6545454545458,29,491.97454545454553,784.68,1.0000000000000002,1.0,0.3853623105844821
,Superset Coffee - 550g (40 servings),,Unknown,25,25,1276.45,0.0,0,0.0,0.0,0.0,0.0,
COL-UNF-300G-4BL-V1,COLLAGEN GLOW,4 x 300g packs (120 servings),Collagen Glow,9,9,1272.97,0.0,0,0.0,0.0,0.0,0.0,
,"Plant Protein - Twin Bundle (960g), Vanilla",,Unknown,20,20,1262.86,0.0,0,0.0,0.0,0.0,0.0,
0724999807777,Prime Whey Isolate,Matchawhey / 1kg,Other,8,8,1258.6,0.0,0,0.0,0.0,0.0,0.0,
0724999808880,Better Whey Protein,500g Pack / Natural (Unflavored),Other,8,8,1257.2,0.0,0,0.0,0.0,0.0,0.0,
,"Better Whey - 2KG Bundle, Coffee",,Unknown,21,21,1254.0015151515152,0.0,0,0.0,0.0,0.0,0.0,
724999808422,BETTER WHEY PROTEIN,1kg Pack (40 servings) / Teh Tarik,Other,21,21,1246.06,0.0,0,0.0,0.0,0.0,0.0,
0724999807562,Pureburn™ Thermogenic Capsules,90 Capsules (90 servings),Other,24,24,1242.678787878788,1242.678787878788,24,974.838787878788,267.84,1.0,1.0,0.7844656216775101
0724999809207,BETTER WHEY PROTEIN ELITE,1kg Pack (40 servings) / Vanilla,Other,12,12,1234.0,0.0,0,0.0,0.0,0.0,0.0,
724999808378,Vegan MULTI Super Multivitamin Capsules,90 Capsules,Other,15,15,1230.7933333333333,0.0,0,0.0,0.0,0.0,0.0,
0724999810494,CLEAR PROTEIN,25g Sachet (1 serving) / Peach,Clear Protein,160,158,1212.17,1212.17,160,928.67,283.5,1.0,1.0,0.7661219135929778
724999808897,Better Whey Protein,500g Pack / Cocoa Dinosaur,Other,21,21,1202.8309090909092,0.0,0,0.0,0.0,0.0,0.0,
,"Better Whey - 5KG Bundle, Chocolate Dinosaur",,Unknown,9,9,1197.909090909091,0.0,0,0.0,0.0,0.0,0.0,
,"Prime Whey Isolate - 5KG Bundle, Natural (Unflavoured)",,Unknown,6,6,1194.1212121212122,0.0,0,0.0,0.0,0.0,0.0,
,"Better Whey Protein ELITE - 500g Pack, Chocolate Dinosaur",,Unknown,22,22,1184.57,0.0,0,0.0,0.0,0.0,0.0,
,"Better Whey (Lush Whey) - 5KG Bundle, Chocolate Dinosaur",,Unknown,9,9,1178.9133333333332,0.0,0,0.0,0.0,0.0,0.0,
724999807555,Super Omega 3 Capsules,60 Capsules,Other,20,20,1176.1169696969696,0.0,0,0.0,0.0,0.0,0.0,
724999808620,PLANT PROTEIN,480g Pack (16 servings) / Natural (Unflavoured),Other,29,26,1175.5345454545454,0.0,0,0.0,0.0,0.0,0.0,
,"Lush Whey - 2KG Bundle, Chocolate Dinosaur",,Unknown,17,17,1174.2915151515151,0.0,0,0.0,0.0,0.0,0.0,
724999808736,BETTER WHEY PROTEIN,1kg Pack (40 servings) / Genmai-Roasted Brown Rice,Other,21,18,1167.73,0.0,0,0.0,0.0,0.0,0.0,
,"Better Whey (Lush Whey) - 2KG Bundle, Chocolate Dinosaur",,Unknown,14,14,1165.0339393939394,0.0,0,0.0,0.0,0.0,0.0,
724999808705,LEAN MEAL,500g (10 servings) / Vanilla,Unknown,28,28,1164.9218181818183,0.0,0,0.0,0.0,0.0,0.0,
,"Lean Meal - 500g Pack (16 Serves), Vanilla",,Unknown,21,21,1161.6454545454546,0.0,0,0.0,0.0,0.0,0.0,
,"Plant Protein Bites - 16 Pcs (550g), Almond & Dark Choc",,Unknown,21,21,1158.29,0.0,0,0.0,0.0,0.0,0.0,
,"Lush Whey - 5KG Bundle, Honeydew",,Unknown,5,5,1154.4545454545455,0.0,0,0.0,0.0,0.0,0.0,
,"Lush Whey - 5KG Bundle, Chocolate Dinosaur",,Unknown,9,9,1149.338181818182,0.0,0,0.0,0.0,0.0,0.0,
0724999808620,Plant Protein,Natural (Unflavored),Other,11,11,1143.6121212121213,0.0,0,0.0,0.0,0.0,0.0,
,L-Carnitine,,Unknown,27,27,1116.41,0.0,0,0.0,0.0,0.0,0.0,
0724999807760,Prime Whey Isolate,Natural (Unflavored) / 1kg,Other,12,12,1115.8333333333335,1115.8333333333335,12,598.8733333333333,516.96,1.0,1.0,0.5367050037341299
724999807913,Better Whey Protein,1KG Pack / Vanilla,Unknown,15,15,1114.4545454545455,0.0,0,0.0,0.0,0.0,0.0,
,LushProtein Hydration Bottle (2.2L),,Unknown,142,138,1113.311515151515,0.0,0,0.0,0.0,0.0,0.0,
,"Prime Whey Isolate - 2KG Bundle, Chocolate Dinosaur",,Unknown,14,14,1110.3636363636365,0.0,0,0.0,0.0,0.0,0.0,
SOY-UNF-1KG-4BL-V1,SOY PROTEIN ISOLATE,4 x 1kg Pack (160 servings) / Unflavoured,Soy Protein,9,9,1109.36,0.0,0,0.0,0.0,0.0,0.0,
CLEAR-GRA-25G-V2,Clear Protein Single Serve,1 x 25g (1 serving) / White Grape,Clear Protein,129,127,1082.82,1082.82,129,906.42,176.4,1.0,1.0,0.8370920374577492
,Glutamine - Clearance Exp Mar 2020 - 500g,,Unknown,16,16,1065.478787878788,0.0,0,0.0,0.0,0.0,0.0,
,"Prime Matchawhey Isolate - 5KG Bundle, Uji Matcha",,Unknown,5,5,1061.9,0.0,0,0.0,0.0,0.0,0.0,
724999807845,SOY PROTEIN ISOLATE,1kg Pack (40 servings) / Natural (Unflavoured),Soy Protein,21,18,1061.18,0.0,0,0.0,0.0,0.0,0.0,
,"Prime Whey Isolate - 2KG Bundle, Chocolate",,Unknown,10,10,1051.46,0.0,0,0.0,0.0,0.0,0.0,
724999808897,BETTER WHEY PROTEIN,500g Pack (20 servings) / Cocoa Dinosaur,Other,29,29,1041.619696969697,0.0,0,0.0,0.0,0.0,0.0,
724999808941,BETTER WHEY PROTEIN,500g Pack / Matchawhey,Other,24,24,1024.03,0.0,0,0.0,0.0,0.0,0.0,
0724999810463,Lean Protein Single Serve,1 x 40g Sachet (1 serving) / Thai Milk Tea,Lean Protein,114,114,1022.19,1022.19,114,851.21,170.98,1.0,1.0,0.8327316839335153
0724999807876,Prime Micellar Casein - Clearance,1kg Pack (40 servings) / Natural (Unflavoured),Unknown,17,17,1018.26,0.0,0,0.0,0.0,0.0,0.0,
0724999807845_4,SOY PROTEIN ISOLATE,4 x 1kg Pack (160 servings) / Unflavoured,Soy Protein,7,7,1000.6800000000001,0.0,0,0.0,0.0,0.0,0.0,
0724999807999,CREATINE MONOHYDRATE,,Other,19,19,987.56,987.56,19,805.04,182.52,1.0,1.0,0.8151808497711531
0724999808422,Better Whey Protein,1KG Pack / Teh Tarik,Other,11,11,979.76,0.0,0,0.0,0.0,0.0,0.0,
ELT-VAN-500G-V1,BETTER WHEY PROTEIN ELITE,500g (20 serves) / Vanilla,Other,10,10,978.76,978.76,10,737.3199999999999,241.44,1.0,1.0,0.7533205280150393
,"Lean Meal - 480g Pack, Chocolate Dinosaur",,Unknown,23,23,975.6354545454546,0.0,0,0.0,0.0,0.0,0.0,
,"Lean Meal - 4 Pack Bundle (1,920g), Chocolate Dinosaur",,Unknown,13,13,975.4481818181819,0.0,0,0.0,0.0,0.0,0.0,
0724999807548,Green Tea Extract Capsules,60 Capsules (60 servings),Other,34,34,973.6484848484848,973.6484848484848,34,719.8584848484847,253.79000000000002,1.0,1.0,0.7393412469188058
0724999807913,BETTER WHEY PROTEIN,1kg Pack (40 servings) / Vanilla (unsweetened),Unknown,20,20,972.4181818181819,972.4181818181817,20,389.5981818181819,582.82,0.9999999999999998,1.0,0.400648804292953
,"Plant Protein - Twin Pack (960g), Chocolate Dinosaur",,Unknown,27,27,958.3424242424243,0.0,0,0.0,0.0,0.0,0.0,
0724999809160,LP Stainless Steel Thermal Bottle,,Other,19,19,957.6878787878788,0.0,0,0.0,0.0,0.0,0.0,
724999807913,Better Whey Protein,1KG Pack / Vanilla,Other,11,11,938.6,0.0,0,0.0,0.0,0.0,0.0,
0724999807999-1,Creatine Monohydrate,,Other,44,44,936.6727272727273,0.0,0,0.0,0.0,0.0,0.0,
724999807562,Pureburn™ Thermogenic Capsules,90 capsules,Other,23,23,929.1515151515152,0.0,0,0.0,0.0,0.0,0.0,
724999808910,BETTER WHEY PROTEIN,500g Pack / Teh Tarik,Unknown,15,15,926.4727272727273,0.0,0,0.0,0.0,0.0,0.0,
BET-UNF-1KG-V1,BETTER WHEY PROTEIN,1kg (40 servings) / Unflavoured,Other,11,11,923.4399999999999,923.4399999999999,11,585.8399999999999,337.6,1.0,1.0,0.6344104652170146
0724999809597,LP Squeeze Bottle,lime green,Other,2,2,915.4,915.4,2,821.1,94.3,1.0,1.0,0.8969849246231156
,PUREBURN™ Fat Burner Capsules,,Unknown,13,13,915.2727272727273,0.0,0,0.0,0.0,0.0,0.0,
0724999810470,Lean Protein Single Serve,1 x 40g Sachet (1 serving) / Taro,Lean Protein,104,104,914.94,914.94,104,761.39,153.54999999999998,1.0,1.0,0.8321747874177541
,Collagen Glow - 10g x 16 sachet,,Unknown,10,10,914.3196969696969,0.0,0,0.0,0.0,0.0,0.0,
0724999808736,BETTER WHEY PROTEIN,1kg Pack (40 servings) / Genmai-Roasted Brown Rice,Unknown,24,24,910.5978787878788,0.0,0,0.0,0.0,0.0,0.0,
0724999807814,CLEAR PROTEIN (ID),500g Pack (20 Serv) / Peach,Unknown,27,27,909.74,909.74,27,358.03999999999996,551.7,1.0,1.0,0.39356299602084105
0724999808620,Plant Protein,Natural (Unflavored) / 480g,Other,15,15,908.9636363636364,0.0,0,0.0,0.0,0.0,0.0,
0724999807777,Prime Whey Isolate,Matchawhey / 1kg,Unknown,12,12,908.6363636363636,0.0,0,0.0,0.0,0.0,0.0,
724999807999,Creatine Monohydrate,,Other,40,40,906.5857575757576,0.0,0,0.0,0.0,0.0,0.0,
0724999807777,Prime Whey Isolate,1kg Pack (40 servings) / Matchawhey,Unknown,5,5,906.3636363636365,0.0,0,0.0,0.0,0.0,0.0,
,"Lush Whey - 1KG Pack, Vanilla",,Unknown,25,25,905.9212121212122,0.0,0,0.0,0.0,0.0,0.0,
724999807890,BETTER WHEY PROTEIN,1KG Pack / Natural/Unflavored,Other,12,12,883.8121212121213,0.0,0,0.0,0.0,0.0,0.0,
0724999808507_4,COLLAGEN GLOW,4 x 300g packs (120 servings),Collagen Glow,6,6,881.17,0.0,0,0.0,0.0,0.0,0.0,
,"Lush Whey - 2KG Bundle, Vanilla",,Unknown,14,14,865.3454545454547,0.0,0,0.0,0.0,0.0,0.0,
0724999809214,BETTER WHEY PROTEIN ELITE,500g Pack (20 servings) / Vanilla,Other,19,19,864.86,0.0,0,0.0,0.0,0.0,0.0,
0724999807822,LEAN PROTEIN,1kg Pack (25 serves) / Taro,Lean Protein,8,8,825.13,0.0,0,0.0,0.0,0.0,0.0,
,"Better Whey (Lush Whey) - 2KG Bundle, Vanilla",,Unknown,15,15,824.4084848484849,0.0,0,0.0,0.0,0.0,0.0,
724999808699,Lean Meal,500g (16 servings) / Belgian Choc,Unknown,17,17,824.0209090909092,0.0,0,0.0,0.0,0.0,0.0,
0724999809559,Lushprotein Logo White Cap,,Other,41,41,813.5636363636363,813.5636363636364,41,629.0636363636363,184.5,1.0000000000000002,1.0,0.7732199526214633
,Lushprotein Better Whey Protein Powder (1kg 40 Servings / 500g 20 Servings) (Not linked to Shopify),,Unknown,4,4,809.0999999999999,0.0,0,0.0,0.0,0.0,0.0,
COL-UNF-10G-7PK-V1,Collagen Glow Single Serve,7 x 10g Sachet (7 servings) *Most Popular*,Collagen Glow,20,20,802.94,802.9399999999999,20,698.44,104.5,0.9999999999999999,1.0,0.8698532891623286
0724999807760,Prime Whey Isolate,1KG Pack / Natural (Unflavoured),Other,2,2,799.95,799.95,2,638.4000000000001,161.55,1.0,1.0,0.7980498781173824
724999808910,BETTER WHEY PROTEIN,500g Pack / Teh Tarik,Other,15,15,798.0,0.0,0,0.0,0.0,0.0,0.0,
724999807890,BETTER WHEY PROTEIN,1KG Pack / Natural / Unflavored,Other,12,11,797.73,0.0,0,0.0,0.0,0.0,0.0,
,"Soy Protein Isolate - 2KG Twin Pack, Natural (Unflavoured)",,Unknown,18,18,791.5454545454545,0.0,0,0.0,0.0,0.0,0.0,
724999809191,BETTER WHEY PROTEIN ELITE,500g Pack (20 servings) / Cocoa Dinosaur,Other,11,9,788.17,0.0,0,0.0,0.0,0.0,0.0,
ELT-VAN-1KG-V1,BETTER WHEY PROTEIN ELITE,1kg pack (40 servings) / Vanilla,Other,7,7,782.51,782.5099999999999,7,503.77,278.74,0.9999999999999999,1.0,0.6437872998428136
,CLA - 60 Capsules,,Unknown,17,17,779.8818181818182,0.0,0,0.0,0.0,0.0,0.0,
,"Plant Protein - 4 Pack Bundle (1,920g), Uji Matcha",,Unknown,7,7,771.1030303030303,0.0,0,0.0,0.0,0.0,0.0,
724999807951,BETTER WHEY PROTEIN,1kg Pack (40 servings) / Mango,Unknown,15,15,769.9515151515152,0.0,0,0.0,0.0,0.0,0.0,
,"Lush Whey - 2KG Bundle, Natural (Unflavoured)",,Unknown,10,10,760.7133333333334,0.0,0,0.0,0.0,0.0,0.0,
0724999810470,Lean Protein Single Serve,40g Sachet / Taro,Lean Protein,159,158,756.9100000000001,756.9099999999999,159,575.14,181.76999999999998,0.9999999999999997,1.0,0.759852558428347
0724999808934,Better Whey Protein,500g Pack / Honeydew,Unknown,15,15,756.0030303030303,0.0,0,0.0,0.0,0.0,0.0,
0724999807822_2,LEAN PROTEIN,2 x 1kg Packs (50 servings) *POPULAR* / Taro,Lean Protein,7,7,753.61,0.0,0,0.0,0.0,0.0,0.0,
CRE-UNF-250G-4BL-V1,CREATINE MONOHYDRATE,4 x 250g Pack (200 servings),Other,8,8,749.27,0.0,0,0.0,0.0,0.0,0.0,
0724999808941,Better Whey Protein,500g Pack / Matchawhey,Unknown,20,20,746.2212121212121,0.0,0,0.0,0.0,0.0,0.0,
0724999808606,Plant Protein,480g Pack / Cocoa Dinosaur,Other,11,11,744.9166666666667,744.9166666666667,11,647.4766666666667,97.44,1.0,1.0,0.869193422083007
0724999808910,Better Whey Protein,500g Pack / Teh Tarik,Other,15,15,736.54,0.0,0,0.0,0.0,0.0,0.0,
,"Lush Whey - 1KG Pack, Honeydew",,Unknown,14,14,732.6545454545454,0.0,0,0.0,0.0,0.0,0.0,
,"Prime Whey Isolate - 5kg Bundle, Natural (Unflavoured)",,Unknown,4,4,722.1,0.0,0,0.0,0.0,0.0,0.0,
SOY-UNF-1KG-2BL-V1,SOY PROTEIN ISOLATE,2 x 1kg Pack (80 servings) *Most Popular* / Unflavoured,Soy Protein,11,11,715.31,0.0,0,0.0,0.0,0.0,0.0,
0724999810494,Clear Protein Single Serve,1 x 25g Sachet (1 serving) / Peach,Clear Protein,85,85,712.85,712.8499999999998,85,546.95,165.9,0.9999999999999997,1.0,0.7672722171564849
0724999807777,Prime Whey Isolate,1KG Pack / Matchawhey,Unknown,1,1,710.8909090909091,0.0,0,0.0,0.0,0.0,0.0,
,"Better Whey (Lush Whey) - 2KG Bundle, Coffee",,Unknown,12,12,705.1248484848485,0.0,0,0.0,0.0,0.0,0.0,
,"Lush Whey - 5KG Bundle, Vanilla",,Unknown,6,6,690.6081818181818,0.0,0,0.0,0.0,0.0,0.0,
7249998080422,Better Whey Protein,1KG Pack / Teh Tarik,Unknown,11,11,678.3636363636365,0.0,0,0.0,0.0,0.0,0.0,
724999808903,BETTER WHEY PROTEIN,500g Pack / Vanilla,Other,20,20,671.4499999999999,0.0,0,0.0,0.0,0.0,0.0,
0724999807777,Prime Whey Isolate,Matchawhey,Unknown,8,8,666.3333333333334,0.0,0,0.0,0.0,0.0,0.0,
724999808705,Lean Meal,500g (16 servings) / Vanilla,Unknown,17,17,651.8187878787879,0.0,0,0.0,0.0,0.0,0.0,
,"Better Whey (Lush Whey) - 2KG Bundle, Teh Tarik",,Unknown,11,11,649.8333333333334,0.0,0,0.0,0.0,0.0,0.0,
724999808361,LushProtein Classic Shaker,,Accessories,55,55,642.0842424242423,0.0,0,0.0,0.0,0.0,0.0,
,BCAA Tablets,,Unknown,16,16,641.7127272727273,0.0,0,0.0,0.0,0.0,0.0,
0724999808361,LP CLASSIC SHAKER,,Accessories,5,5,635.05,635.05,5,582.91,52.14,1.0,1.0,0.9178962286434139
724999807555,Super Omega 3 Capsules,60 Softgels (60 servings),Other,12,11,634.2415151515152,0.0,0,0.0,0.0,0.0,0.0,
0724999810487,Clear Protein Single Serve,1 x 25g Sachet (1 serving) / White Grape,Clear Protein,79,79,633.82,633.8199999999998,79,493.12,140.70000000000002,0.9999999999999997,1.0,0.7780126849894294
724999808422,Better Whey Protein,1KG Pack / Teh Tarik,Other,7,7,629.1,0.0,0,0.0,0.0,0.0,0.0,
724999808378,Vegan MULTI Super Multivitamin Capsules,90 Capsules (30 servings),Other,13,11,615.8630303030303,0.0,0,0.0,0.0,0.0,0.0,
0724999808613,Plant Protein,480g Pack / Vanilla,Other,10,10,615.6390909090909,615.639090909091,10,528.0190909090909,87.62,1.0000000000000002,1.0,0.8576763540622234
0724999810463,Lean Protein Single Serve,40g Sachet / Thai Milk Tea,Lean Protein,149,149,615.45,615.4499999999999,149,455.26,160.19,0.9999999999999998,1.0,0.739718904866358
,MULTI Super Multivitamin Capsules - 90 Capsules,,Unknown,4,4,614.9563636363637,0.0,0,0.0,0.0,0.0,0.0,
0724999808910,Better Whey Protein,500g Pack / Teh Tarik,Unknown,18,18,610.4151515151516,0.0,0,0.0,0.0,0.0,0.0,
0724999807821_4,LEAN PROTEIN,4 x 1kg Packs (100 servings) / Thai Milk Tea,Lean Protein,3,3,602.0,0.0,0,0.0,0.0,0.0,0.0,
,"Lean Meal - Single Serve (40g), Vanilla",,Unknown,33,33,601.7709090909091,0.0,0,0.0,0.0,0.0,0.0,
724999807807,CLEAR PROTEIN (PRESALE),500g Pack (20 Servings) / White Grape,Clear Protein,12,11,596.9936363636364,0.0,0,0.0,0.0,0.0,0.0,
0724999808903,BETTER WHEY PROTEIN,500g Pack (20 servings) / Vanilla (unsweetened),Other,17,17,593.52,593.52,17,291.71999999999997,301.8,1.0,1.0,0.4915082895268904
,"Better Whey (Lush Whey) - 2KG Bundle, Natural (Unflavoured)",,Unknown,8,8,593.3769696969697,0.0,0,0.0,0.0,0.0,0.0,
0724999810487,Clear Protein Single Serve,25g Sachet / White Grape,Clear Protein,109,108,592.36,592.36,109,405.46000000000004,186.9,1.0,1.0,0.6844824093456682
0724999807555,Super Omega 3 Capsules,60 Capsules,Other,7,7,591.2545454545455,591.2545454545455,7,394.73454545454547,196.52,1.0,1.0,0.6676220055967281
724999807951,BETTER WHEY PROTEIN,1KG Pack / Mango,Unknown,4,4,590.5151515151515,0.0,0,0.0,0.0,0.0,0.0,
07249998080422,Better Whey Protein,1KG Pack / Teh Tarik,Other,4,4,587.95,0.0,0,0.0,0.0,0.0,0.0,
724999808903,BETTER WHEY PROTEIN,500g Pack (20 servings) / Vanilla,Unknown,10,10,587.7272727272727,0.0,0,0.0,0.0,0.0,0.0,
,"Lush Whey - 2KG Bundle, Teh Tarik",,Unknown,9,9,575.1348484848486,0.0,0,0.0,0.0,0.0,0.0,
,Lushprotein Pureburn™ capsules,,Unknown,3,3,573.17,0.0,0,0.0,0.0,0.0,0.0,
724999807562,Pureburn™ Thermogenic Capsules,90 Capsules (90 servings),Other,10,10,564.9878787878788,0.0,0,0.0,0.0,0.0,0.0,
,"Better Whey (Lush Whey) - 1KG Pack, Teh Tarik",,Unknown,18,18,563.0484848484848,0.0,0,0.0,0.0,0.0,0.0,
,Delta price from Lazada,,Unknown,5,5,562.6,0.0,0,0.0,0.0,0.0,0.0,
0724999808378,Vegan MULTI Super Multivitamin Capsules,90 Capsules,Other,8,8,560.24,560.24,8,366.28999999999996,193.95,1.0,1.0,0.6538090818220762
724999807814,CLEAR PROTEIN (PRESALE),500g Pack (20 Servings) / Peach,Clear Protein,13,12,551.8190909090908,0.0,0,0.0,0.0,0.0,0.0,
,"Soy Protein Isolate - 2KG Bundle, Natural (Unflavoured)",,Unknown,11,11,550.5,0.0,0,0.0,0.0,0.0,0.0,
CRE-UNF-5G-V1,CREATINE MONOHYDRATE SINGLE SERVE,1 x 5g (1 servings),Other,39,39,549.39,549.39,39,510.75,38.64,1.0,1.0,0.9296674493529187
,"Plant Protein - Twin Bundle (960g), Chocolate Dinosaur",,Unknown,11,11,545.36,0.0,0,0.0,0.0,0.0,0.0,
0724999807548,Green Tea Extract Capsules,60 Capsules,Other,21,21,544.260606060606,544.260606060606,21,401.89060606060605,142.37,1.0,1.0,0.7384157544848168
,"Lean Meal - 500g (16 servings), Vanilla",,Unknown,5,5,544.25,0.0,0,0.0,0.0,0.0,0.0,
724999808910,BETTER WHEY PROTEIN,500g Pack (20 servings) / Teh Tarik,Unknown,12,12,543.4969696969697,0.0,0,0.0,0.0,0.0,0.0,
0724999807777,Prime Whey Isolate,1kg Pack (40 servings) / Matchawhey,Other,6,6,543.36,0.0,0,0.0,0.0,0.0,0.0,
0724999807562,PURE BURN THERMOGENIC CAPSULES,90 Tablets (90 servings),Other,11,11,535.53,535.5299999999999,11,393.24,142.29,0.9999999999999998,1.0,0.734300599406196
,"Plant Protein - Twin Pack (960g), Uji Matcha",,Unknown,14,14,531.0727272727273,0.0,0,0.0,0.0,0.0,0.0,
0724999810463,Lushprotein Lean Protein (40g/single serve),40g Sachet / Thai Milk Tea,Lean Protein,16,16,531.0,531.0,16,482.03,48.97,1.0,1.0,0.9077777777777777
724999808941,BETTER WHEY PROTEIN,500g Pack / Matchawhey,Unknown,19,19,526.4484848484849,0.0,0,0.0,0.0,0.0,0.0,
,Micronized Creatine Monohydrate - 500g (Twin Pack),,Unknown,26,26,524.849696969697,0.0,0,0.0,0.0,0.0,0.0,
,"Better Whey (Lush Whey) - 1KG Pack, Coffee",,Unknown,16,16,520.8842424242424,0.0,0,0.0,0.0,0.0,0.0,
724999807777,Prime Whey Isolate,1kg Pack (40 servings) / Matchawhey,Unknown,7,7,517.9090909090909,0.0,0,0.0,0.0,0.0,0.0,
,"Better Whey - 5KG Bundle, Coffee",,Unknown,2,2,516.8727272727273,0.0,0,0.0,0.0,0.0,0.0,
0724999808903,Better Whey Protein,500g Pack / Vanilla,Unknown,17,17,513.4515151515152,513.4515151515152,17,256.92151515151517,256.53,1.0,1.0,0.5003812581519013
0724999810517,Lean Protein Single Serve,5 x 40g Sachet (5 servings) *Most Popular* / Thai Milk Tea,Lean Protein,18,18,504.33,504.33,18,408.88,95.45,1.0,1.0,0.8107390002577678
0724999807999,Creatine Monohydrate,250g (50 servings),Other,22,22,502.8030303030303,502.8030303030303,22,345.6330303030303,157.17000000000002,1.0,1.0,0.6874123851137562
,HK July 2025 - Victory Tag Delivery,,Other,67,67,500.58,0.0,0,0.0,0.0,0.0,0.0,
0724999807999_2,CREATINE MONOHYDRATE,2 x 250g Pack (100 servings) *Most Popular*,Other,10,10,495.42,0.0,0,0.0,0.0,0.0,0.0,
0724999808903,BETTER WHEY PROTEIN,500g Pack (20 servings) / Vanilla,Other,14,14,493.91999999999996,493.9199999999999,14,222.29999999999998,271.62,0.9999999999999999,1.0,0.45007288629737613
724999807562,Pureburn™ Thermogenic Capsules,90 Tablets (90 servings),Other,4,4,493.4,0.0,0,0.0,0.0,0.0,0.0,
724999809207,BETTER WHEY PROTEIN ELITE,1kg Pack (40 servings) / Vanilla,Other,6,6,489.70000000000005,0.0,0,0.0,0.0,0.0,0.0,
724999807913,BETTER WHEY PROTEIN,1KG Pack / Vanilla (Exp. Nov23),Unknown,8,8,487.40000000000003,0.0,0,0.0,0.0,0.0,0.0,
,"Lean Meal - Single Serve (40g), Chocolate Dinosaur",,Unknown,41,41,482.9015151515151,0.0,0,0.0,0.0,0.0,0.0,
0724999810494,Clear Protein Single Serve,25g Sachet / Peach,Clear Protein,113,112,482.41,482.41,113,318.61,163.8,1.0,1.0,0.6604547998590411
724999807913,BETTER WHEY PROTEIN,1KG Pack / Vanilla (Exp Nov23),Other,12,12,478.79999999999995,0.0,0,0.0,0.0,0.0,0.0,
,Micronized Creatine Monohydrate - 1KG (4 pack),,Unknown,12,12,478.1060606060606,0.0,0,0.0,0.0,0.0,0.0,
0724999810470_5,Lean Protein Single Serve,5 x 40g Sachet (5 servings) *Most Popular* / Taro,Lean Protein,10,10,475.01,0.0,0,0.0,0.0,0.0,0.0,
0724999807791,Prime Whey Isolate,1KG Pack / Cocoa Dinosaur,Other,3,3,473.92727272727274,473.92727272727274,3,344.6872727272727,129.24,1.0,1.0,0.7272999309445254
,Beta Alanine - Twin Pack (500g),,Unknown,6,6,471.69,0.0,0,0.0,0.0,0.0,0.0,
,LIFE Probiotics - 60 Capsules,,Unknown,18,18,471.0060606060606,0.0,0,0.0,0.0,0.0,0.0,
724999807913,BETTER WHEY PROTEIN,1kg Pack (40 servings) / Vanilla,Unknown,7,7,470.1575757575758,0.0,0,0.0,0.0,0.0,0.0,
,"Better Whey - 2KG Bundle, Honeydew",,Unknown,2,2,467.27272727272725,0.0,0,0.0,0.0,0.0,0.0,
,"Better Whey (Lush Whey) - 1KG Pack, Natural (Unflavoured)",,Unknown,10,10,464.73939393939395,0.0,0,0.0,0.0,0.0,0.0,
,Virtual gift coupon (RM50),,Unknown,29,29,454.54545454545456,0.0,0,0.0,0.0,0.0,0.0,
,"Lean Meal - Single Serve (40g), Mix Berries",,Unknown,55,55,454.49363636363637,0.0,0,0.0,0.0,0.0,0.0,
BND-SS-MIX6-SHK-V1,Discovery Sampler +FREE SHAKER BOTTLE,6 Sachets Variety + 1 Shaker Bottle,Unknown,18,18,452.16999999999996,0.0,0,0.0,0.0,0.0,0.0,
724999807548,Green Tea Extract Capsules,60 Capsules,Other,18,17,450.06848484848484,0.0,0,0.0,0.0,0.0,0.0,
0724999810548,Clear Protein Single Serve,5 x 25g Sachet (5 servings)  *MOST POPULAR* / Peach,Clear Protein,16,16,446.9,446.9,16,336.65,110.25,1.0,1.0,0.7533005146565227
CAP-GTE-BOTTLE-V1,GREEN TEA EXTRACT CAPSULES,60 Capsules,Other,16,16,442.17,442.16999999999996,16,336.94,105.23,0.9999999999999999,1.0,0.7620146097654749
,Life Rescue Pack,,Unknown,6,6,436.6090909090909,0.0,0,0.0,0.0,0.0,0.0,
,Collagen Glow Sample Bundle,,Unknown,45,45,436.1409090909091,0.0,0,0.0,0.0,0.0,0.0,
724999809207,Better Whey Protein ELITE,1KG Pack / Vanilla,Other,4,4,434.5,0.0,0,0.0,0.0,0.0,0.0,
0724999810463_5,Lean Protein Single Serve,5 x 40g Sachet (5 servings) *Most Popular* / Thai Milk Tea,Lean Protein,11,11,430.19,0.0,0,0.0,0.0,0.0,0.0,
0724999808903,Better Whey Protein,500g Pack / Vanilla,Other,6,6,429.31,429.31,6,278.40999999999997,150.9,1.0,1.0,0.6485057417716801
0724999807822,LEAN PROTEIN,1kg Pack (40 servings) / Taro,Lean Protein,3,3,420.17,0.0,0,0.0,0.0,0.0,0.0,
0724999810463,LEAN PROTEIN,40g Sachet / Thai Milk Tea,Lean Protein,73,72,415.59000000000003,415.59000000000003,73,331.76000000000005,83.83,1.0,1.0,0.7982867730214875
724999808903,BETTER WHEY PROTEIN,500g Pack / Vanilla,Unknown,14,14,415.2048484848485,0.0,0,0.0,0.0,0.0,0.0,
,"Plant Protein - 4 Pack Bundle (1,920g), Cocoa Dinosaur",,Unknown,6,6,415.0,0.0,0,0.0,0.0,0.0,0.0,
,CLEAR PROTEIN isolate,,Unknown,6,6,414.0,0.0,0,0.0,0.0,0.0,0.0,
0724999807913,BETTER WHEY PROTEIN,1kg Pack (40 servings) / Vanilla (Expiry Sep 2024),Other,6,6,410.32,410.32,6,207.6,202.72,1.0,1.0,0.5059465782803665
,Dairy/Plant Protein Starter Pack,,Unknown,18,18,409.55454545454546,0.0,0,0.0,0.0,0.0,0.0,
0724999808903,BETTER WHEY PROTEIN,500g Pack (20 servings) / Vanilla (Expiry Sep 2024),Other,17,17,406.71,406.71,17,120.0,286.71,1.0,1.0,0.29505052740281773
0724999807807,CLEAR PROTEIN (PRESALE),500g Pack (20 Servings) / White Grape,Clear Protein,9,9,404.7909090909091,404.79090909090905,9,239.2809090909091,165.51,0.9999999999999999,1.0,0.5911222404383858
0724999807555,Super Omega 3 Capsules,60 Softgels,Other,10,10,401.1363636363636,401.1363636363636,10,250.85636363636362,150.28,1.0,1.0,0.6253643059490085
,Prime Micellar Casein,1KG / Natural (Unflavoured),Unknown,3,3,399.96,0.0,0,0.0,0.0,0.0,0.0,
0724999809214,BETTER WHEY PROTEIN ELITE,500g Pack (20 servings) / Vanilla.,Other,6,6,399.2,0.0,0,0.0,0.0,0.0,0.0,
724999809214,BETTER WHEY PROTEIN ELITE,500g Pack (20 servings) / Vanilla,Other,6,6,399.2,0.0,0,0.0,0.0,0.0,0.0,
0724999810531,Clear Protein Single Serve,5 x 25g Sachet (5 servings)  *MOST POPULAR* / White Grape,Clear Protein,17,17,398.95,398.94999999999993,17,304.45,94.5,0.9999999999999999,1.0,0.7631282115553328
,"Soy Protein Isolate - 5kg Bundle, Natural (Unflavoured)",,Unknown,4,4,398.4,0.0,0,0.0,0.0,0.0,0.0,
LEAN-TAR-40G-5PK-V1,Lean Protein Single Serve,5 x 40g Sachet / Taro,Lean Protein,7,7,390.2,390.20000000000005,7,344.54999999999995,45.650000000000006,1.0000000000000002,1.0,0.8830087134802663
,"Better Whey (Lush Whey) - 1KG Pack, Vanilla",,Unknown,11,11,388.630303030303,0.0,0,0.0,0.0,0.0,0.0,
0724999807814,CLEAR PROTEIN (PRESALE),500g Pack (20 Servings) / Peach,Clear Protein,9,9,387.6909090909091,387.69090909090903,9,222.1809090909091,165.51,0.9999999999999999,1.0,0.5730877456267881
724999807913,BETTER WHEY PROTEIN,1KG Pack / Vanilla (Exp Nov 2023),Unknown,9,9,386.2266666666667,0.0,0,0.0,0.0,0.0,0.0,
,BCAA 2:1:1 (Exp Jun 2020) - 1kg Bundle,,Unknown,4,4,385.4545454545455,0.0,0,0.0,0.0,0.0,0.0,
,Maltodextrin,,Unknown,4,4,378.09999999999997,0.0,0,0.0,0.0,0.0,0.0,
,BCAA 2:1:1 (Exp Jun 2020) - 250g,,Unknown,20,20,371.1272727272727,0.0,0,0.0,0.0,0.0,0.0,
0724999808903,BETTER WHEY PROTEIN,500g Pack (20 servings) / Vanilla (unsweetened),Unknown,12,12,370.7636363636364,370.76363636363635,12,129.3236363636364,241.44,0.9999999999999999,1.0,0.34880345233424886
,"Lush Whey - 2KG Bundle, Honeydew",,Unknown,7,7,367.8484848484849,0.0,0,0.0,0.0,0.0,0.0,
,"Better Whey Elite - 500G, Chocolate Dinosaur",,Unknown,9,9,366.25,0.0,0,0.0,0.0,0.0,0.0,
724999809146,SUPERSET COFFEE,500g Pack (40 servings),Unknown,14,14,365.6963636363636,0.0,0,0.0,0.0,0.0,0.0,
724999809146,Superset Coffee,500g (40 servings),Unknown,13,13,364.7818181818182,0.0,0,0.0,0.0,0.0,0.0,
,Lushprotein Lean Protein (1kg/25 servings),,Unknown,5,5,359.4,0.0,0,0.0,0.0,0.0,0.0,
724999809009,Collagen Glow Single Serve,1 x 10g Sachet (1 serving),Collagen Glow,13,13,354.15999999999997,354.15999999999997,13,299.71000000000004,54.45,1.0,1.0,0.8462559295233795
0724999807814,CLEAR PROTEIN,500g Pack (20 Servings) / Peach,Clear Protein,6,6,348.8181818181818,348.8181818181818,6,220.08818181818182,128.73000000000002,1.0,1.0,0.6309538702111025
0724999808880,BETTER WHEY PROTEIN,500g (20 serves) / Unflavoured,Other,9,9,348.70303030303035,0.0,0,0.0,0.0,0.0,0.0,
0724999808699,LEAN MEAL,500g Pack (10 servings) / Belgian Choc,Unknown,12,12,348.67545454545456,0.0,0,0.0,0.0,0.0,0.0,
0724999808880,Better Whey Protein,500g Pack / Natural (Unflavoured),Other,6,6,346.5730303030303,0.0,0,0.0,0.0,0.0,0.0,
0724999809610,Discovery Sampler (6 sachets variety pack),6 Sachets Variety,Other,13,13,345.19,345.19,13,285.64,59.550000000000004,1.0,1.0,0.8274863118862076
724999809191,BETTER WHEY PROTEIN ELITE,500g Pack / Cocoa Dinosaur,Other,8,6,344.07,0.0,0,0.0,0.0,0.0,0.0,
0724999808378,Vegan MULTI Super Multivitamin Capsules,90 Caps,Other,6,6,343.17272727272734,343.17272727272723,6,213.87272727272727,129.3,0.9999999999999997,1.0,0.6232218072001908
LEAN-THA-40G-5PK-V1,Lean Protein Single Serve,5 x 40g Sachet / Thai Milk Tea,Lean Protein,9,9,340.57,340.57,9,303.21999999999997,37.35,1.0,1.0,0.8903309158175998
LEAN-THA-1KG-V1,LEAN PROTEIN,1 x 1kg Pack / Thai Milk Tea,Lean Protein,3,3,337.65999999999997,337.65999999999997,3,265.02,72.64,1.0,1.0,0.7848723568086241
,Citrulline Malate - 250g,,Unknown,12,12,334.27939393939397,0.0,0,0.0,0.0,0.0,0.0,
0724999808903,BETTER WHEY PROTEIN,500g Pack (20 servings) / Vanilla,Unknown,13,13,331.969696969697,331.969696969697,13,120.709696969697,211.26,1.0,1.0,0.3636166134185304
,Collagen Glow,,Unknown,5,5,330.0,0.0,0,0.0,0.0,0.0,0.0,
0724999807555,SUPER OMEGA 3 CAPSULES,60 Softgels (60 servings),Other,11,11,329.98,329.97999999999996,11,179.7,150.28,0.9999999999999998,1.0,0.5445784593005637
724999808613,Plant Protein,Vanilla / 480g,Other,2,2,328.9,0.0,0,0.0,0.0,0.0,0.0,
,"Better Whey Protein ELITE - 500g Pack, Vanilla",,Unknown,20,20,327.4412121212121,0.0,0,0.0,0.0,0.0,0.0,
0724999810494,Clear Protein (25g / single serve),25g Sachet / Peach,Clear Protein,7,7,327.43,327.43,7,266.53,60.9,1.0,1.0,0.8140060470940352
0724999807791,PRIME WHEY ISOLATE,1kg Pack (40 servings) / Cocoa Dinosaur,Other,4,4,323.27,323.27,4,194.02999999999997,129.24,1.0,1.0,0.600210350481022
724999808880,BETTER WHEY PROTEIN,500g Pack / Natural / Unflavored,Other,1,1,319.2,0.0,0,0.0,0.0,0.0,0.0,
724999808910,Better Whey Protein,500g Pack / Teh Tarik,Other,8,8,319.2,0.0,0,0.0,0.0,0.0,0.0,
724999807913,BETTER WHEY PROTEIN,1KG Pack / Vanilla (Exp Nov23),Unknown,5,5,317.8787878787879,0.0,0,0.0,0.0,0.0,0.0,
0724999809207,Better Whey Protein ELITE,1KG Pack / Vanilla,Other,2,2,311.79,0.0,0,0.0,0.0,0.0,0.0,
,Micronized Creatine Monohydrate - 500g bundle,,Unknown,5,5,307.21515151515155,0.0,0,0.0,0.0,0.0,0.0,
,"Lean Meal - Twin Pack (960g), Chocolate Dinosaur",,Unknown,8,8,305.23636363636365,0.0,0,0.0,0.0,0.0,0.0,
724999808880,BETTER WHEY PROTEIN,500g Pack / Natural (Unflavored),Other,9,9,301.26666666666665,0.0,0,0.0,0.0,0.0,0.0,
,"Lean Meal - 480g Pack, Mix Berries",,Unknown,6,6,299.2,0.0,0,0.0,0.0,0.0,0.0,
,"Lushprotein Better Whey™ ELITE Protein Powder 1kg (40 servings) and 500g (20 servings)  20gm protein/serving  Various flavours  Weight loss, Muscle Gain, Recovery (Not linked to Shopify)",,Unknown,1,1,299.0,0.0,0,0.0,0.0,0.0,0.0,
724999808620,Plant Protein,Natural (Unflavored) / 480g,Other,9,9,293.6848484848485,0.0,0,0.0,0.0,0.0,0.0,
,Lushprotein Prime Whey Isolate (1kg/40 servings) (Not linked to Shopify),,Unknown,1,1,289.0,0.0,0,0.0,0.0,0.0,0.0,
0724999807845,SOY PROTEIN ISOLATE (ID),1kg Pack (40 servings) / Natural (Unflavoured),Unknown,9,9,288.71999999999997,288.71999999999997,9,245.31999999999996,43.4,1.0,1.0,0.8496813521751178
724999807913,BETTER WHEY PROTEIN,1KG Pack / Vanilla (Exp Nov 2023),Other,8,7,286.49,0.0,0,0.0,0.0,0.0,0.0,
724999807937,BETTER WHEY PROTEIN - Fitness Fest Special,1KG Pack / Cocoa Dinosaur,Other,6,6,286.0909090909091,0.0,0,0.0,0.0,0.0,0.0,
724999807913,BETTER WHEY PROTEIN,1kg Pack (40 servings) / Vanilla,Other,3,2,283.02,0.0,0,0.0,0.0,0.0,0.0,
0724999808941,BETTER WHEY PROTEIN,500g Pack (20 servings) / Matchawhey,Other,10,10,281.26,0.0,0,0.0,0.0,0.0,0.0,
0724999808507,COLLAGEN GLOW (ID),300g Pack (30 servings),Unknown,10,10,279.3,279.3,10,148.84,130.45999999999998,1.0,1.0,0.5329036877909058
,"Better Whey (Lush Whey) - 5KG Bundle, Coffee",,Unknown,2,2,278.1818181818182,0.0,0,0.0,0.0,0.0,0.0,
0724999810487_5,Clear Protein Single Serve,5 x 25g Sachet (5 servings)  *MOST POPULAR* / White Grape,Clear Protein,7,7,269.82,0.0,0,0.0,0.0,0.0,0.0,
724999808941,BETTER WHEY PROTEIN,500g Pack (20 servings) / Matchawhey,Other,7,7,265.74,0.0,0,0.0,0.0,0.0,0.0,
0724999809160,LP STAINLESS STEEL THERMAL BOTTLE,,Other,5,5,262.91,0.0,0,0.0,0.0,0.0,0.0,
,LushProtein Dark Logo Tee - XL,,Unknown,6,6,262.57575757575756,0.0,0,0.0,0.0,0.0,0.0,
724999808941,Better Whey Protein,500g Pack / Matchawhey,Unknown,8,8,261.54545454545456,0.0,0,0.0,0.0,0.0,0.0,
724999808705,LEAN MEAL,500g Pack (10 servings) / Vanilla,Unknown,8,8,257.27,0.0,0,0.0,0.0,0.0,0.0,
724999808880,BETTER WHEY PROTEIN,500g Pack (20 servings) / Natural (Unflavoured),Other,7,7,255.91212121212124,0.0,0,0.0,0.0,0.0,0.0,
0724999807593,CLA Capsules,60 softgels,Unknown,4,4,254.77,0.0,0,0.0,0.0,0.0,0.0,
0724999809610,Discovery Sampler,6 Sachets Variety,Other,10,10,250.26,250.26,10,210.56,39.7,1.0,1.0,0.8413649804203629
LEAN-THA-40G-V1,Lean Protein Single Serve,1 x 40g Sachet / Thai Milk Tea,Lean Protein,13,13,249.26,249.26000000000005,13,235.15,14.11,1.0000000000000002,1.0,0.9433924416272164
0724999810494_5,Clear Protein Single Serve,5 x 25g Sachet (5 servings)  *MOST POPULAR* / Peach,Clear Protein,9,9,246.92,0.0,0,0.0,0.0,0.0,0.0,
0724999808705,LEAN MEAL,500g Pack (10 servings) / Vanilla,Unknown,6,6,246.72000000000003,0.0,0,0.0,0.0,0.0,0.0,
0724999807913,BETTER WHEY PROTEIN,1kg Pack (40 servings) / Vanilla (Unsweetened),Other,1,1,239.6,239.6,1,138.24,101.36,1.0,1.0,0.5769616026711186
,Soy Protein Isolate,1KG Pack / Natural (Unflavoured),Soy Protein,1,1,235.96,0.0,0,0.0,0.0,0.0,0.0,
ELT-VAN-500G-V1,BETTER WHEY PROTEIN ELITE,500g Pack (20 servings) / Vanilla,Other,4,4,234.06,234.06,4,173.70000000000002,60.36,1.0,1.0,0.7421174057933864
07249998080422,BETTER WHEY PROTEIN,1kg Pack (40 servings) / Teh Tarik,Unknown,6,6,231.6727272727273,0.0,0,0.0,0.0,0.0,0.0,
,LUSH WHEY,,Unknown,5,5,225.72,0.0,0,0.0,0.0,0.0,0.0,
0724999810470,Lushprotein Lean Protein (40g/single serve),40g Sachet / Taro,Lean Protein,11,11,225.0,225.0,11,204.25,20.75,1.0,1.0,0.9077777777777778
724999808903,Better Whey Protein,500g Pack / Vanilla,Other,6,6,223.39999999999998,0.0,0,0.0,0.0,0.0,0.0,
724999808941,BETTER WHEY PROTEIN,500g Pack (20 servings) / Matchawhey,Unknown,9,9,222.7818181818182,0.0,0,0.0,0.0,0.0,0.0,
,"Better Whey (Lush Whey) - 5KG Bundle, Vanilla",,Unknown,2,2,222.54545454545453,0.0,0,0.0,0.0,0.0,0.0,
0724999810470,LEAN PROTEIN,40g Sachet / Taro,Lean Protein,45,44,220.53,220.53,45,168.24,52.29,1.0,1.0,0.7628894028023399
724999808507,COLLAGEN GLOW - Fitness Fest Special,300g Pack,Collagen Glow,8,8,211.8181818181818,0.0,0,0.0,0.0,0.0,0.0,
724999807975,BETTER WHEY PROTEIN,1KG Pack / Honeydew,Other,2,2,209.70000000000002,0.0,0,0.0,0.0,0.0,0.0,
,Maltodextrin - 1KG,,Unknown,8,8,204.94,0.0,0,0.0,0.0,0.0,0.0,
,Collagen Glow 300g - 300g Pack,,Unknown,7,7,204.0,0.0,0,0.0,0.0,0.0,0.0,
0724999807708,LEAN PROTEIN,1kg Pack (25 serves) / Taro,Unknown,4,4,199.72727272727272,199.72727272727275,4,129.12727272727273,70.6,1.0000000000000002,1.0,0.6465179790623576
,Micronized Creatine Monohydrate - 1KG bundle,,Unknown,7,7,198.33333333333334,0.0,0,0.0,0.0,0.0,0.0,
0724999808941,BETTER WHEY PROTEIN,500g Pack (20 servings) / Matchawhey,Unknown,3,3,190.63636363636363,0.0,0,0.0,0.0,0.0,0.0,
724999807999,Micronized Creatine Monohydrate,,Other,7,7,181.51515151515153,0.0,0,0.0,0.0,0.0,0.0,
,LP Men Essentials Navy Blue Logo Muscle Tee - M,,Unknown,7,7,180.7830303030303,0.0,0,0.0,0.0,0.0,0.0,
,LEAN PROTEIN,,Unknown,3,3,179.7,0.0,0,0.0,0.0,0.0,0.0,
0724999807999_4,CREATINE MONOHYDRATE,4 x 250g Pack (200 servings),Other,2,2,176.32,0.0,0,0.0,0.0,0.0,0.0,
,"Lush Whey - Single Serve (30g), Mango",,Unknown,9,9,175.70000000000002,0.0,0,0.0,0.0,0.0,0.0,
CLEAR-PEA-25G-5PK-V2,Clear Protein Single Serve,5 x 25g Sachets / Peach,Clear Protein,3,3,175.57999999999998,175.57999999999998,3,154.57999999999998,21.0,1.0,1.0,0.880396400501196
724999809184,BETTER WHEY PROTEIN ELITE,1KG Pack / Cocoa Dinosaur,Other,1,1,173.8,0.0,0,0.0,0.0,0.0,0.0,
COL-UNF-10G-V1,Collagen Glow Single Serve,1 x 10g Sachet (1 serving),Collagen Glow,23,23,172.72,172.72000000000003,23,144.12,28.6,1.0000000000000002,1.0,0.8344140805928669
LEAN-TAR-40G-V1,Lean Protein Single Serve,1 x 40g Sachet / Taro,Lean Protein,13,13,171.52,171.52000000000004,13,159.9,11.62,1.0000000000000002,1.0,0.9322527985074625
,"Lush Whey - 5KG Bundle, Teh Tarik",,Unknown,1,1,169.9,0.0,0,0.0,0.0,0.0,0.0,
,"Lush Whey - 1KG Pack, Teh Tarik",,Unknown,6,6,169.78181818181818,0.0,0,0.0,0.0,0.0,0.0,
,Lushprotein Better Whey™ Protein Powder | 20gm protein/serving | Various flavours available (Not found on Shopify),,Unknown,3,2,169.7,0.0,0,0.0,0.0,0.0,0.0,
,CLEAN15 Detox - 30 Capsules,,Unknown,8,8,169.36060606060607,0.0,0,0.0,0.0,0.0,0.0,
724999809009_5,Collagen Glow Single Serve,5 x 10g Sachet (5 servings) *Most Popular*,Collagen Glow,6,6,168.31,0.0,0,0.0,0.0,0.0,0.0,
,Dextrose,,Unknown,3,3,164.9,0.0,0,0.0,0.0,0.0,0.0,
ACC-SWEATER-L-V1,FUEL YOUR JOURNEY OVERSIZED SWEATER (Delivery 15 Dec onwards separately),Size L,Other,2,2,163.5,163.5,2,125.5,38.0,1.0,1.0,0.7675840978593272
,Victory Tag Singapore November 2025 Edition,,Other,6,6,160.77,0.0,0,0.0,0.0,0.0,0.0,
0724999808378,MULTIVITAMIN CAPSULES,90 Capsules (30 servings),Other,5,5,159.8,159.8,5,17.570000000000007,142.23,1.0,1.0,0.10994993742177726
724999808941,Better Whey Protein,500g Pack / Matchawhey,Other,4,4,159.6,0.0,0,0.0,0.0,0.0,0.0,
724999808903,BETTER WHEY PROTEIN,500g Pack (20 servings) / Vanilla,Other,4,4,159.6,0.0,0,0.0,0.0,0.0,0.0,
,"TEST PRODUCT (Better Whey) - 2KG Bundle, Teh Tarik",,Unknown,2,2,158.0,0.0,0,0.0,0.0,0.0,0.0,
724999808880,Better Whey Protein,500g Pack / Natural (Unflavored),Other,5,5,156.14242424242425,0.0,0,0.0,0.0,0.0,0.0,
0724999808378,MULTIVITAMIN CAPSULES,90 capsules,Other,4,4,155.6,155.6,4,90.94999999999999,64.65,1.0,1.0,0.5845115681233932
,"LEAN PROTEIN SACHET (Size:40g Sachet, Flavour:Taro)",,Unknown,3,3,153.4,0.0,0,0.0,0.0,0.0,0.0,
,"Better Whey (Lush Whey) - 500g Pack, Chocolate Dinosaur",,Unknown,7,7,152.94848484848487,0.0,0,0.0,0.0,0.0,0.0,
0724999807913,BETTER WHEY PROTEIN,1KG Pack / Vanilla,Unknown,2,2,152.76,152.76,2,76.74000000000001,76.02,1.0,1.0,0.5023566378633151
724999808903,BETTER WHEY PROTEIN - Fitness Fest Special,500g Pack / Vanilla,Unknown,3,3,152.4848484848485,0.0,0,0.0,0.0,0.0,0.0,
ACC-TOTE-V1,FUEL YOUR JOURNEY TOTE BAG (DELIVERED SEPARATELY),,Other,7,7,150.63,150.63,7,114.63,36.0,1.0,1.0,0.7610037841067516
724999807593,CLA Capsules,60 softgels,Unknown,3,3,149.5,0.0,0,0.0,0.0,0.0,0.0,
,"Lush Whey - Single Serve (30g), Vanilla",,Unknown,10,10,148.68,0.0,0,0.0,0.0,0.0,0.0,
,"Lush Whey - Single Serve (30g), Chocolate Dinosaur",,Unknown,7,7,148.68,0.0,0,0.0,0.0,0.0,0.0,
7249998080422,BETTER WHEY PROTEIN,1KG Pack / Teh Tarik,Unknown,3,3,145.36363636363637,0.0,0,0.0,0.0,0.0,0.0,
,"Plant Protein - Twin Pack (960g), Cocoa Dinosaur",,Unknown,4,4,144.24242424242425,0.0,0,0.0,0.0,0.0,0.0,
,lushprotein Hydration Bottle (2.2L),,Unknown,19,15,144.04999999999998,0.0,0,0.0,0.0,0.0,0.0,
,"Lean Meal - Twin Bundle (960g), Chocolate Dinosaur",,Unknown,3,3,143.76,0.0,0,0.0,0.0,0.0,0.0,
,"Better Whey (Lush Whey) - 2KG Bundle, Honeydew",,Unknown,3,3,138.54545454545456,0.0,0,0.0,0.0,0.0,0.0,
0724999810470,LEAN PROTEIN SACHET #2,40g Sachet / Taro,Unknown,71,71,136.98,136.98,71,74.72999999999999,62.25,1.0,1.0,0.5455540954883924
CLEAR-GRA-500G-V2,CLEAR PROTEIN,1 x 500g Pack / White Grape,Clear Protein,2,2,136.31,136.31,2,99.53,36.78,1.0,1.0,0.7301738683882327
0724999807845_2,SOY PROTEIN ISOLATE,2 x 1kg Pack (80 servings) *Most Popular* / Unflavoured,Soy Protein,2,2,136.0,0.0,0,0.0,0.0,0.0,0.0,
0724999807548,GREEN TEA EXTRACT CAPSULES,60 Capsules (60 servings),Other,8,8,135.93,135.93,8,18.319999999999997,117.61,1.0,1.0,0.13477525196792464
,"Prime Whey Isolate - 5KG Bundle, Chocolate Dinosaur",,Unknown,1,1,134.36363636363637,0.0,0,0.0,0.0,0.0,0.0,
,LushProtein Dark Logo Tee - L,,Unknown,4,4,133.63636363636365,0.0,0,0.0,0.0,0.0,0.0,
724999807913,BETTER WHEY PROTEIN,1kg Pack (40 servings) / Vanilla (Exp. Nov23),Unknown,3,3,133.20606060606062,0.0,0,0.0,0.0,0.0,0.0,
,"Better Whey (Lush Whey) - 1KG Pack, Honeydew",,Unknown,4,4,132.42424242424244,0.0,0,0.0,0.0,0.0,0.0,
,"Lushprotein Better Whey Protein Powder 1kg (40 servings) and 500g (20 servings)  Preferred sports nutrition by Singapore National Athletes . 20gm protein/serving  Various flavours . Sports performance , pre/post workout , mass ... (Not found on Shopify)",,Unknown,3,3,131.7,0.0,0,0.0,0.0,0.0,0.0,
,Citrulline Malate (Best Before Oct 2020) - 500g (Twin Pack),,Unknown,4,4,130.77272727272728,0.0,0,0.0,0.0,0.0,0.0,
724999807548,Green Tea Extract Capsules,60 Capsules (60 servings),Other,6,6,128.1639393939394,0.0,0,0.0,0.0,0.0,0.0,
0724999807784,BETTER WHEY PROTEIN,1kg (40 serves) / Matchawhey,Unknown,2,2,125.83030303030304,0.0,0,0.0,0.0,0.0,0.0,
,Citrulline Malate (Best Before Oct 2020) - 250g,,Unknown,7,7,123.9090909090909,0.0,0,0.0,0.0,0.0,0.0,
0724999807807,CLEAR PROTEIN (ID),500g Pack (20 Serv) / White Grape,Unknown,15,15,122.26,122.26,15,-171.98000000000002,294.24,1.0,1.0,-1.4066743006707019
0724999807876,Prime Micellar Casein (Clearance),1kg Pack (40 servings) / Natural (Unflavoured),Unknown,4,4,122.24848484848485,0.0,0,0.0,0.0,0.0,0.0,
0724999809160,LP Stainless Steel Thermal Bottle (medium 18oz),,Other,5,5,121.09090909090911,0.0,0,0.0,0.0,0.0,0.0,
0724999809122-16PACK,Collagen Glow,10g x 16 sachet,Collagen Glow,1,1,119.98,0.0,0,0.0,0.0,0.0,0.0,
,LEAN               PROTEIN (Not linked to Shopify),,Unknown,2,2,119.8,0.0,0,0.0,0.0,0.0,0.0,
,"Better Whey Elite - 500G, Vanilla",,Unknown,5,5,119.0,0.0,0,0.0,0.0,0.0,0.0,
0724999807807,CLEAR PROTEIN,500g Pack (20 Servings) / White Grape,Clear Protein,2,2,118.0,118.0,2,62.83,55.17,1.0,1.0,0.5324576271186441
724999808903,Better Whey Protein,500g Pack / Vanilla,Unknown,4,4,116.24242424242425,0.0,0,0.0,0.0,0.0,0.0,
ACC-TOTE-V1,FUEL YOUR JOURNEY TOTE BAG,,Other,23,23,114.07,114.07000000000001,23,10.57,103.5,1.0000000000000002,1.0,0.0926624002805295
0724999807821_2,LEAN PROTEIN,2 x 1kg Packs (50 servings) *POPULAR* / Thai Milk Tea,Lean Protein,1,1,113.0,0.0,0,0.0,0.0,0.0,0.0,
,Maltodextrin - 5KG Bundle,,Unknown,3,3,112.72727272727273,0.0,0,0.0,0.0,0.0,0.0,
,"Lean Meal - 500g (10 servings), Belgian Choc",,Unknown,1,1,111.7,0.0,0,0.0,0.0,0.0,0.0,
,"Better Whey (Lush Whey) - 5KG Bundle, Teh Tarik",,Unknown,1,1,111.27272727272727,0.0,0,0.0,0.0,0.0,0.0,
,BCAA 2:1:1 (Exp Jun 2020) - 500g Twin Pack,,Unknown,4,4,108.42424242424242,0.0,0,0.0,0.0,0.0,0.0,
,PRIME WHEY ISOLATE,,Unknown,1,1,107.82,0.0,0,0.0,0.0,0.0,0.0,
,"Lushprotein SUPER OMEGA-3, 60 softgels | No fishy smell",,Unknown,3,3,107.69999999999999,0.0,0,0.0,0.0,0.0,0.0,
0724999810463,LEAN PROTEIN SACHET #2,40g Sachet / Thai Milk Tea,Unknown,56,55,106.06,106.06,56,57.919999999999995,48.14,1.0,1.0,0.5461059777484442
724999808880,BETTER WHEY PROTEIN,500g Pack / Natural/Unflavored,Other,3,3,104.88484848484849,0.0,0,0.0,0.0,0.0,0.0,
,Collagen Glow (10g /single serve) (Not linked to Shopify),,Unknown,4,4,101.7,0.0,0,0.0,0.0,0.0,0.0,
,Micronized Creatine Monohydrate - Twin Pack (500g),,Unknown,5,5,100.0,0.0,0,0.0,0.0,0.0,0.0,
0724999807876,Prime Micellar Casein,1KG / Natural (Unflavoured),Unknown,1,1,99.99,0.0,0,0.0,0.0,0.0,0.0,
,Lushprotein Soy Protein Isolate (1kg/40 Servings/Pack) (Not linked to Shopify),,Unknown,1,1,99.9,0.0,0,0.0,0.0,0.0,0.0,
,"Better Whey (Lush Whey) - 500g Pack, Coffee",,Unknown,5,5,96.96969696969697,0.0,0,0.0,0.0,0.0,0.0,
0724999807975,Better Whey Protein,1KG Pack / Honeydew,Unknown,2,2,96.90909090909092,0.0,0,0.0,0.0,0.0,0.0,
724999808613,PLANT PROTEIN - Fitness Fest Special,Vanilla / 480g,Other,5,5,95.30303030303031,0.0,0,0.0,0.0,0.0,0.0,
724999808620,PLANT PROTEIN - Fitness Fest Special,Natural (Unflavored) / 480g,Other,4,4,95.30303030303031,0.0,0,0.0,0.0,0.0,0.0,
724999808699,LEAN MEAL - Fitness Fest Special,500g (10 servings) / Belgian Choc,Unknown,2,2,95.30303030303031,0.0,0,0.0,0.0,0.0,0.0,
,Collagen Glow - 10g x 4 Sachet,,Unknown,9,9,94.83060606060607,0.0,0,0.0,0.0,0.0,0.0,
,"Plant Protein - Twin Bundle (960g), Uji Matcha",,Unknown,2,2,91.0,0.0,0,0.0,0.0,0.0,0.0,
724999808705,Lean Meal,500g (10 servings) / Vanilla,Unknown,3,3,90.4748484848485,0.0,0,0.0,0.0,0.0,0.0,
0724999807999,Creatine Monohydrate (ID),,Unknown,3,3,89.69999999999999,89.69999999999999,3,74.49,15.21,1.0,1.0,0.8304347826086957
,LEAN PROTEIN (Not linked to Shopify),,Unknown,3,3,89.4,0.0,0,0.0,0.0,0.0,0.0,
LEAN-TAR-1KG-V1,LEAN PROTEIN,1 x 1kg Pack / Taro,Lean Protein,1,1,88.76,88.76,1,53.46000000000001,35.3,1.0,1.0,0.6022983325822443
,Wheatgrass (Clearance - Exp May 2020) - 250g Pack,,Unknown,8,8,87.45454545454545,0.0,0,0.0,0.0,0.0,0.0,
724999808910,Better Whey Protein,500g Pack / Teh Tarik,Unknown,3,3,87.18181818181819,0.0,0,0.0,0.0,0.0,0.0,
,Dextrose - 1KG Pack,,Unknown,5,5,86.27272727272728,0.0,0,0.0,0.0,0.0,0.0,
0724999810487,Clear Protein (25g / single serve),25g Sachet / White Grape,Clear Protein,6,6,85.53,85.53,6,67.67999999999999,17.85,1.0,1.0,0.7913012977902489
,"Plant Protein - Single Serve (40g), Uji Matcha",,Unknown,52,50,83.9,0.0,0,0.0,0.0,0.0,0.0,
ACC-SWEATER-M-V1,FUEL YOUR JOURNEY OVERSIZED SWEATER (Delivery 15 Dec onwards separately),Size M,Other,1,1,81.75,81.75,1,62.75,19.0,1.0,1.0,0.7675840978593272
ACC-SWEATER-M-V1,FUEL YOUR JOURNEY OVERSIZED SWEATER (Delivery 26 Dec onwards separately),Size M,Other,1,1,81.71,81.71,1,62.709999999999994,19.0,1.0,1.0,0.7674703218700282
,Optional - Farm Fresh Oat Milk 1L OFFER,,Unknown,37,37,81.69363636363636,0.0,0,0.0,0.0,0.0,0.0,
724999809214,BETTER WHEY PROTEIN ELITE,500g Pack / Vanilla,Other,2,2,81.34,0.0,0,0.0,0.0,0.0,0.0,
0724999808880,BETTER WHEY PROTEIN (ID),500g Pack (20 servings) / Natural (Unflavoured),Unknown,2,2,80.65,0.0,0,0.0,0.0,0.0,0.0,
724999809009,Collagen Glow Single Serve,10g Sachet,Collagen Glow,10,10,78.97999999999999,78.97999999999999,10,66.88,12.100000000000001,1.0,1.0,0.8467966573816157
,Micronized Creatine Monohydrate,,Unknown,2,2,75.0,0.0,0,0.0,0.0,0.0,0.0,
0724999809207,BETTER WHEY PROTEIN ELITE,1KG Pack / Vanilla,Unknown,1,1,73.87,0.0,0,0.0,0.0,0.0,0.0,
724999807999,Creatine Monohydrate Powder,,Other,3,3,72.60606060606061,0.0,0,0.0,0.0,0.0,0.0,
,"Lean Meal - 4 Pack Bundle (1,920g), Mix Berries",,Unknown,1,1,69.93,0.0,0,0.0,0.0,0.0,0.0,
,CLEAR              PROTEIN (Not linked to Shopify),,Unknown,1,1,69.0,0.0,0,0.0,0.0,0.0,0.0,
CLEAR-GRA-25G-5PK-V2,Clear Protein Single Serve,5 x 25g Sachets / White Grape,Clear Protein,1,1,69.0,69.0,1,63.75,5.25,1.0,1.0,0.9239130434782609
CLEAR-PEA-500G-V2,CLEAR PROTEIN,1 x 500g Pack / Peach,Clear Protein,1,1,67.31,67.31,1,48.92,18.39,1.0,1.0,0.726786510176794
0724999809214,BETTER WHEY PROTEIN ELITE,500g Pack (20 servings) / Vanilla (Expiry Sep 2024),Other,6,6,63.9,0.0,0,0.0,0.0,0.0,0.0,
LP_GIFTBOX,Gifting Box,,Unknown,52,52,63.63636363636363,0.0,0,0.0,0.0,0.0,0.0,
,"Lean Meal - 480g Pack, Vanilla",,Unknown,2,2,63.5,0.0,0,0.0,0.0,0.0,0.0,
,"Lean Meal - 500g Pack (10 Serves), Vanilla",,Unknown,1,1,63.27272727272728,0.0,0,0.0,0.0,0.0,0.0,
,"Lean Meal - 500g Pack (10 Serves), Belgian Choc",,Unknown,1,1,63.27272727272728,0.0,0,0.0,0.0,0.0,0.0,
,Lean Protein 1kg by Lushprotein || Taro,,Unknown,1,1,62.31,0.0,0,0.0,0.0,0.0,0.0,
724999807951,BETTER WHEY PROTEIN,1KG Pack / Mango,Other,2,2,59.9,0.0,0,0.0,0.0,0.0,0.0,
724999808736,BETTER WHEY PROTEIN,1KG Pack / Genmai-Roasted Brown Rice,Other,1,1,59.9,0.0,0,0.0,0.0,0.0,0.0,
,Lushprotein Lean Protein Healthy - (1kg/40 servings) (Not linked to Shopify),,Unknown,5,5,59.400000000000006,0.0,0,0.0,0.0,0.0,0.0,
,LP Men Essentials Navy Blue Logo Muscle Tee - S,,Unknown,3,3,57.55545454545455,0.0,0,0.0,0.0,0.0,0.0,
724999808897,BETTER WHEY PROTEIN - Fitness Fest Special,500g Pack / Cocoa Dinosaur,Other,2,2,57.18181818181819,0.0,0,0.0,0.0,0.0,0.0,
724999808880,BETTER WHEY PROTEIN - Fitness Fest Special,500g Pack / Natural/Unflavored,Other,3,3,57.18181818181819,0.0,0,0.0,0.0,0.0,0.0,
724999808699,Lean Meal,500g (10 servings) / Belgian Choc,Unknown,2,2,54.48484848484849,0.0,0,0.0,0.0,0.0,0.0,
MALE-XL,LP Men Essentials Navy Blue Logo Muscle Tee,XL,Unknown,3,3,53.63636363636364,0.0,0,0.0,0.0,0.0,0.0,
0724999810494,Clear Protein Single Serve,1 x 25g (1 serving) / Peach,Clear Protein,5,5,53.370000000000005,53.370000000000005,5,48.12,5.25,1.0,1.0,0.9016301292861156
0724999810487,Clear Protein Single Serve,1 x 25g (1 serving) / White Grape,Clear Protein,5,5,53.370000000000005,53.370000000000005,5,48.12,5.25,1.0,1.0,0.9016301292861156
,"Better Whey Elite - 500g Pack, Vanilla",,Unknown,2,2,51.58787878787879,0.0,0,0.0,0.0,0.0,0.0,
,[Free gift] - Apparel,,Unknown,125,125,51.512121212121215,0.0,0,0.0,0.0,0.0,0.0,
724999807876,Lushprotein Prime Micellar Casein,1kg Pack (40 servings) / Natural (Unflavoured),Unknown,1,1,49.9,0.0,0,0.0,0.0,0.0,0.0,
724999809191,Better Whey Protein ELITE,500g Pack / Cocoa Dinosaur,Other,1,1,49.9,0.0,0,0.0,0.0,0.0,0.0,
724999809214,Better Whey Protein ELITE,500g Pack / Vanilla,Other,1,1,49.9,0.0,0,0.0,0.0,0.0,0.0,
0724999808941,BETTER WHEY PROTEIN,500g (20 serves) / Matchawhey,Unknown,2,2,49.03636363636364,0.0,0,0.0,0.0,0.0,0.0,
0724999808620,Plant Protein,480g Pack / Natural (Unflavoured & Unsweetened),Other,1,1,48.99,0.0,0,0.0,0.0,0.0,0.0,
COL-UNF-10G-V1,Collagen Glow Single Serve,1 x 10g Sachet,Collagen Glow,3,3,48.120000000000005,48.120000000000005,3,45.37,2.75,1.0,1.0,0.9428512053200331
,"Better Whey (Lush Whey) - 500g Pack, Teh Tarik",,Unknown,2,2,47.87878787878788,0.0,0,0.0,0.0,0.0,0.0,
,"Better Whey Elite - 500g Pack, Chocolate Dinosaur",,Unknown,2,2,45.83030303030303,0.0,0,0.0,0.0,0.0,0.0,
,lushprotein Dark Logo Tee - L,,Unknown,2,2,45.484848484848484,0.0,0,0.0,0.0,0.0,0.0,
724999808736,BETTER WHEY PROTEIN,1KG Pack / Genmai-Roasted brown rice tea,Unknown,1,1,45.42424242424243,0.0,0,0.0,0.0,0.0,0.0,
,LushProtein Dark Logo Tee - S,,Unknown,5,5,45.39393939393939,0.0,0,0.0,0.0,0.0,0.0,
,LushProtein Metal Bottle - White Matt,,Unknown,3,3,45.151515151515156,0.0,0,0.0,0.0,0.0,0.0,
,BCAA 2:1:1 (Exp Jun 2020) - 1KG Bundle,,Unknown,1,1,45.151515151515156,0.0,0,0.0,0.0,0.0,0.0,
,PLANT PROTEIN,,Unknown,2,1,44.127272727272725,0.0,0,0.0,0.0,0.0,0.0,
0724999809122-4PACK,Collagen Glow,10g x 4 Sachet,Collagen Glow,2,2,43.8,0.0,0,0.0,0.0,0.0,0.0,
,Maltodextrin - 1KG Pack,,Unknown,4,4,43.72727272727273,0.0,0,0.0,0.0,0.0,0.0,
0724999810463,Lean Protein (40g / single serve),40g Sachet / Thai Milk Tea,Lean Protein,14,14,43.61,43.61,14,29.5,14.11,1.0,1.0,0.6764503554230681
0724999809603,CREATINE MONOHYDRATE SINGLE SERVE,1 x 5g (1 servings),Other,3,3,42.7,42.7,3,39.97,2.73,1.0,1.0,0.9360655737704917
HS00834-S,LP Women Essentials Navy Blue Logo Crop Top,S,Unknown,2,2,42.09090909090909,0.0,0,0.0,0.0,0.0,0.0,
0724999809603,CREATINE MONOHYDRATE SINGLE SERVE,1 x 5g Sachet (1 servings),Other,3,3,41.92,41.92,3,37.72,4.2,1.0,1.0,0.8998091603053434
0724999810494,CLEAR PROTEIN,25g Satchet (single serve) / Peach,Clear Protein,7,7,41.72,41.72,7,34.370000000000005,7.3500000000000005,1.0,1.0,0.8238255033557048
0724999810487,CLEAR PROTEIN,25g Satchet (single serve) / White Grape,Clear Protein,7,7,41.72,41.72,7,34.370000000000005,7.3500000000000005,1.0,1.0,0.8238255033557048
0724999810548,Clear Protein Single Serve,5 x 25g (5 servings) *MOST POPULAR* / Peach,Clear Protein,2,2,41.34,41.34,2,30.84,10.5,1.0,1.0,0.7460087082728591
,LushProtein Dark Logo Tee - M,,Unknown,4,4,40.93939393939394,0.0,0,0.0,0.0,0.0,0.0,
0724999808897,BETTER WHEY PROTEIN (ID),500g Pack (20 servings) / Cocoa Dinosaur,Unknown,8,8,40.73,40.73,8,-79.91,120.64,1.0,1.0,-1.9619445126442427
724999807777,Prime Whey Isolate - Fitness Fest Special,Matchawhey / 1kg,Unknown,1,1,40.27272727272727,0.0,0,0.0,0.0,0.0,0.0,
0724999809603_10,CREATINE MONOHYDRATE SINGLE SERVE,10 x 5g (10 servings) *Most Popular*,Other,1,1,39.9,39.9,1,37.8,2.1,1.0,1.0,0.9473684210526315
724999808507,"Lushprotein Collagen Glow Powder, Unflavoured, 10.6oz (300g), Bovine Source, Promotes the Wellness of Skin, Hair, Nails and Joints",300g Pack (30 servings),Collagen Glow,1,1,39.9,0.0,0,0.0,0.0,0.0,0.0,
0724999808880,BETTER WHEY PROTEIN,500g (20 servings) / Unflavoured,Other,1,1,39.9,0.0,0,0.0,0.0,0.0,0.0,
0724999808934,Better Whey Protein,500g Pack / Honeydew,Other,1,1,39.9,0.0,0,0.0,0.0,0.0,0.0,
724999808903,BETTER WHEY PROTEIN,500g Pack / Vanilla (Exp Nov 2023),Other,1,1,39.9,0.0,0,0.0,0.0,0.0,0.0,
724999808736,BETTER WHEY PROTEIN,1KG Pack / Genmai-Roasted Brown Rice,Unknown,1,1,38.61212121212122,0.0,0,0.0,0.0,0.0,0.0,
7249998080422,BETTER WHEY PROTEIN,1kg Pack (40 servings) / Teh Tarik,Unknown,1,1,38.61212121212122,0.0,0,0.0,0.0,0.0,0.0,
0724999807913,BETTER WHEY PROTEIN,1kg (40 serves) / Vanilla,Unknown,1,1,38.61212121212122,38.61212121212122,1,13.272121212121217,25.34,1.0,1.0,0.34372939883848697
724999808606,PLANT PROTEIN - Fitness Fest Special,Cocoa Dinosaur / 480g,Other,1,1,38.121212121212125,0.0,0,0.0,0.0,0.0,0.0,
724999808705,LEAN MEAL - Fitness Fest Special,500g (10 servings) / Vanilla,Unknown,1,1,38.121212121212125,0.0,0,0.0,0.0,0.0,0.0,
0724999810470,Lean Protein (40g / single serve),40g Sachet / Taro,Lean Protein,13,13,37.71,37.71,13,24.43,13.28,1.0,1.0,0.6478387695571466
,Pureburn™ Fat Burner Capsules - 90 Capsules,,Unknown,1,1,35.9,0.0,0,0.0,0.0,0.0,0.0,
HS00833-XL,LP Men Essentials Navy Blue Logo Muscle Tee,XL,Unknown,3,3,35.45454545454545,0.0,0,0.0,0.0,0.0,0.0,
,LP Women Essentials Navy Blue Logo Crop Top - S,,Unknown,2,2,35.45454545454545,0.0,0,0.0,0.0,0.0,0.0,
,LushProtein Dark Logo Tee - XXL,,Unknown,3,3,33.90909090909091,0.0,0,0.0,0.0,0.0,0.0,
0724999808606,PLANT PROTEIN (ID),480g Pack (16 servings) / Cocoa Dinosaur,Unknown,1,1,30.57,30.57,1,24.48,6.09,1.0,1.0,0.8007850834151129
,SG June 2025 - Victory Tag Delivery,,Other,5,5,30.560000000000002,0.0,0,0.0,0.0,0.0,0.0,
,Lushprotein Gift Card,RM 100.00,Unknown,1,1,30.303030303030305,0.0,0,0.0,0.0,0.0,0.0,
,Soy Protein Isolate (Not found on Shopify),,Unknown,1,1,30.272727272727277,0.0,0,0.0,0.0,0.0,0.0,
724999807876,Prime Micellar Casein - Fitness Fest Special,1KG / Natural (Unflavoured),Unknown,1,1,30.272727272727277,0.0,0,0.0,0.0,0.0,0.0,
,Drawstring Bag - Limitless Potential (Not linked to Shopify),,Unknown,1,1,29.9,0.0,0,0.0,0.0,0.0,0.0,
,"Lushprotein Plant Protein Vegan Protein 480g (16 servings), 20gm protein/serving Natural/Vanilla/Chocolate",,Unknown,1,1,29.9,0.0,0,0.0,0.0,0.0,0.0,
FEMALE-XL,LP Women Essentials Navy Blue Logo Crop Top,XL,Unknown,2,2,29.696969696969695,0.0,0,0.0,0.0,0.0,0.0,
,"LEAN PROTEIN SACHET (Size:40g Sachet, Flavour:Thai Milk Tea)",,Unknown,1,1,29.5,0.0,0,0.0,0.0,0.0,0.0,
,Green Tea Extract Capsules,,Unknown,2,2,28.87878787878788,0.0,0,0.0,0.0,0.0,0.0,
,"Better Whey Protein - 25g satchets x 5pcs, Mixed flavours (sample pack only)",,Unknown,1,1,28.363636363636363,0.0,0,0.0,0.0,0.0,0.0,
,LP Men Essentials Navy Blue Logo Muscle Tee - L,,Unknown,1,1,27.49,0.0,0,0.0,0.0,0.0,0.0,
,Lushprotein Plant Protein™ Vegan Protein Blend 480g (16 servings) | 20gm protein/serving | Natural/Vanilla/Chocolate (Not found on Shopify),,Unknown,1,1,25.924242424242426,0.0,0,0.0,0.0,0.0,0.0,
724999808378,Vegan MULTI Super Multivitamin Capsules - Fitness Fest Special,90 Capsules,Other,1,1,25.72727272727273,0.0,0,0.0,0.0,0.0,0.0,
0724999810494_5,Clear Protein Single Serve,5x25g Sachet / Peach,Unknown,1,1,24.262295081967217,0.0,0,0.0,0.0,0.0,0.0,
0724999810487_5,Clear Protein Single Serve,5x25g Sachet / White Grape,Unknown,1,1,24.262295081967217,0.0,0,0.0,0.0,0.0,0.0,
,SOY PROTEIN ISOLATE,,Unknown,1,1,24.0,0.0,0,0.0,0.0,0.0,0.0,
HS00834-M,LP Women Essentials Navy Blue Logo Crop Top,M,Unknown,2,2,23.636363636363637,0.0,0,0.0,0.0,0.0,0.0,
724999809009,Collagen Glow (10g / single serve),10g (satchet),Collagen Glow,2,2,23.4,23.4,2,20.099999999999998,3.3000000000000003,1.0,1.0,0.8589743589743589
COL-UNF-10G-7PK-V1,Collagen Glow Single Serve,7 x 10g Sachets,Collagen Glow,1,1,22.3,22.3,1,19.55,2.75,1.0,1.0,0.8766816143497758
,LP Women Essentials Navy Blue Logo Crop Top - XL,,Unknown,3,3,21.99,0.0,0,0.0,0.0,0.0,0.0,
ACC-HAT-V1,LP LOGO WHITE CAP,,Other,1,1,21.66,21.66,1,17.16,4.5,1.0,1.0,0.7922437673130194
,LP Women Essentials Navy Blue Logo Crop Top - M,,Unknown,1,1,21.01,0.0,0,0.0,0.0,0.0,0.0,
0724999810494,Clear Protein Single Serve,1x 25g Sachet / Peach,Clear Protein,3,3,20.82,20.82,3,16.62,4.2,1.0,1.0,0.7982708933717579
0724999810487,Clear Protein Single Serve,1x 25g Sachet / White Grape,Clear Protein,3,3,20.82,20.82,3,16.62,4.2,1.0,1.0,0.7982708933717579
,CLA Capsules - 60 Capsules,,Unknown,1,1,20.454545454545457,0.0,0,0.0,0.0,0.0,0.0,
,Dextrose - 1KG,,Unknown,1,1,19.9,0.0,0,0.0,0.0,0.0,0.0,
0724999810463,Lean Protein Single Serve,1 x 40g Sachet / Thai Milk Tea,Lean Protein,3,3,19.62,19.62,3,16.3,3.32,1.0,1.0,0.8307849133537207
724999808910,BETTER WHEY PROTEIN - Fitness Fest Special,500g Pack / Teh Tarik,Unknown,1,1,19.060606060606062,0.0,0,0.0,0.0,0.0,0.0,
0724999810531,Clear Protein Single Serve,5 x 25g (5 servings) *MOST POPULAR* / White Grape,Clear Protein,1,1,17.93,17.93,1,12.68,5.25,1.0,1.0,0.7071946458449526
,iBCAA 2,,Unknown,1,1,16.9,0.0,0,0.0,0.0,0.0,0.0,
,LEAN PROTEIN,40g Sachet (single serve) / Thai Milk Tea,Lean Protein,5,5,14.91,0.0,0,0.0,0.0,0.0,0.0,
,TEST BUNDLE,,Unknown,4,4,14.0,0.0,0,0.0,0.0,0.0,0.0,
0724999810470,Lean Protein Single Serve,1 x 40g Sachet / Taro,Lean Protein,2,2,13.72,13.72,2,11.23,2.4899999999999998,1.0,1.0,0.8185131195335277
HS00833-L,LP Men Essentials Navy Blue Logo Muscle Tee,L,Unknown,1,1,11.818181818181818,0.0,0,0.0,0.0,0.0,0.0,
,LushProtein Dark Logo Tee - XS,,Unknown,1,1,10.393939393939393,0.0,0,0.0,0.0,0.0,0.0,
0724999810470,LEAN PROTEIN,40g Sachet (single serve) / Taro,Lean Protein,2,2,7.880000000000001,7.880000000000001,2,6.220000000000001,1.66,1.0,1.0,0.7893401015228426
,TEST PRODUCT B,,Unknown,4,4,4.5,0.0,0,0.0,0.0,0.0,0.0,
,TEST PRODUCT A,,Unknown,6,6,4.0,0.0,0,0.0,0.0,0.0,0.0,
LP_GIFTBOX,Free Gifting Box,,Unknown,1,1,3.0303030303030303,0.0,0,0.0,0.0,0.0,0.0,
,LEAN PROTEIN,40g Sachet (single serve) / Taro,Lean Protein,1,1,2.97,0.0,0,0.0,0.0,0.0,0.0,
,"Better Whey (Lush Whey) - Single Serve (30g), Vanilla",,Unknown,4,4,1.990909090909091,0.0,0,0.0,0.0,0.0,0.0,
0724999808361,[FREE] LushProtein Classic Shaker,,Unknown,210,210,1.58,1.5799999999999998,210,-331.8,333.38,0.9999999999999999,1.0,-210.00000000000003
,test product,,Unknown,5,5,1.0,0.0,0,0.0,0.0,0.0,0.0,
,Test product,,Unknown,1,1,1.0,0.0,0,0.0,0.0,0.0,0.0,
0724999808361,[FREE GIFT] LushProtein Classic Shaker,,Unknown,81,81,0.7000000000000001,0.7,81,-132.02,132.72,0.9999999999999999,1.0,-188.60000000000002
,Test product private,,Unknown,4,4,0.4,0.0,0,0.0,0.0,0.0,0.0,
,Stainless Steel Bottle- Test,,Unknown,3,3,0.30000000000000004,0.0,0,0.0,0.0,0.0,0.0,
0724999809160,[FREE GIFT] LP Stainless Steel Thermal Bottle (medium 18oz),,Unknown,9,9,0.08,0.0,0,0.0,0.0,0.0,0.0,
0724999809160,[FREE GIFT] LP Stainless Steel Thermal Bottle (medium 18oz),,Other,24,24,0.07272727272727272,0.0,0,0.0,0.0,0.0,0.0,
,lushprotein Metal Bottle - White Matt,,Unknown,1,1,0.0,0.0,0,0.0,0.0,,0.0,
,[CARTON_20PC] Lean Protein Sachet 40g Taro (Pack of 5),,Lean Protein,1,1,0.0,0.0,0,0.0,0.0,,0.0,
,Victory Tag Singapore November 2025 Edition (Complimentary),,Other,122,119,0.0,0.0,0,0.0,0.0,,0.0,
,Victory Tag Singapore November 2025 Edition (FREE),,Other,3,3,0.0,0.0,0,0.0,0.0,,0.0,
,Virtual Gift Coupon ($30) Free Gift!,,Unknown,24,24,0.0,0.0,0,0.0,0.0,,0.0,
,White Matt Thermal Stainless Steel Bottle,,Unknown,1,1,0.0,0.0,0,0.0,0.0,,0.0,
,[CARTON_20PC] Lean Protein Sachet 40g Thai Milk Tea (Pack of 5),,Lean Protein,1,1,0.0,0.0,0,0.0,0.0,,0.0,
,[Sample]New Flavour Tester_2025-12,,Other,4,4,0.0,0.0,0,0.0,0.0,,0.0,
,[BAG_15PC] Lean Protein Sachet 40g Taro,,Lean Protein,1,1,0.0,0.0,0,0.0,0.0,,0.0,
,lushprotein Metal Bottle,,Unknown,7,7,0.0,0.0,0,0.0,0.0,,0.0,
ACC-SWEATER-V1,🎁 FUEL YOUR JOURNEY OVERSIZED SWEATER (Delivery 15 Dec onwards separately) (100% off),Size S,Unknown,1,1,0.0,0.0,0,0.0,0.0,,0.0,
,RM15 Voucher,,Unknown,159,159,0.0,0.0,0,0.0,0.0,,0.0,
724999808736,BETTER WHEY PROTEIN,1KG Pack / Genmai - Roasted Rice Tea,Other,1,1,0.0,0.0,0,0.0,0.0,,0.0,
COL-UNF-10G-7PK-V1,🎁 Collagen Glow Single Serve (100% off),7 x 10g Sachet (7 servings) *Most Popular*,Unknown,4,4,0.0,0.0,4,-11.0,11.0,,1.0,
ACC-TOTE-V1,🎁 FUEL YOUR JOURNEY TOTE BAG (DELIVERED SEPARATELY) (100% off),,Unknown,17,17,0.0,0.0,17,-76.5,76.5,,1.0,
ACC-SWEATER-V4,🎁 FUEL YOUR JOURNEY OVERSIZED SWEATER (Delivery 15 Dec onwards separately) (100% off),Size XL,Unknown,2,2,0.0,0.0,0,0.0,0.0,,0.0,
ACC-SWEATER-V3,🎁 FUEL YOUR JOURNEY OVERSIZED SWEATER (Delivery 15 Dec onwards separately) (100% off),Size L,Unknown,1,1,0.0,0.0,0,0.0,0.0,,0.0,
ACC-SWEATER-V2,🎁 FUEL YOUR JOURNEY OVERSIZED SWEATER (Delivery 15 Dec onwards separately) (100% off),Size M,Unknown,2,2,0.0,0.0,0,0.0,0.0,,0.0,
ACC-SQB-V1,🎁 LP Squeeze Bottle (100% off),lime green,Unknown,1,1,0.0,0.0,1,-2.05,2.05,,1.0,
ACC-SHK-V2,🎁 LP CLASSIC SHAKER (100% off),White,Unknown,76,76,0.0,0.0,76,-120.08000000000001,120.08000000000001,,1.0,
ACC-GFB-V1,LP Gifting Box,,Other,2,2,0.0,0.0,0,0.0,0.0,,0.0,
724999808361,[FREE] LushProtein Classic Shaker,,Unknown,34,34,0.0,0.0,0,0.0,0.0,,0.0,
LEAN-TAR-40G-15PK-V1,[BAG_15PC] Lean Protein Sachet 40g Taro,,Lean Protein,1,1,0.0,0.0,1,-37.349999999999994,37.349999999999994,,1.0,
724999808361,[FREE GIFT] LushProtein Classic Shaker,,Accessories,85,85,0.0,0.0,0,0.0,0.0,,0.0,
0724999809566,8ml scoop,,Unknown,35,35,0.0,0.0,0,0.0,0.0,,0.0,
0724999809559,*FREE GIFT* Lushprotein Logo White Cap (Spend above RM350),,Other,12,12,0.0,0.0,12,-54.0,54.0,,1.0,
0724999809559,*FREE GIFT* Lushprotein Logo White Cap (Spend above $200),,Unknown,4,4,0.0,0.0,4,-22.5,22.5,,1.0,
0724999808613,PLANT PROTEIN (ID),480g Pack (16 servings) / Vanilla,Unknown,4,4,0.0,0.0,4,-26.96,26.96,,1.0,
0724999808361_FREEGIFT,FREE GIFT: LushProtein Classic Shaker,,Unknown,24,24,0.0,0.0,0,0.0,0.0,,0.0,
0724999808361_FREE,FREE GIFT: LushProtein Classic Shaker,,Unknown,48,48,0.0,0.0,0,0.0,0.0,,0.0,
0724999808361,[FREE GIFT] LushProtein Classic Shaker,,Accessories,270,270,0.0,0.0,270,-428.18,428.18,,1.0,
CRE-UNF-5G-10PK-V1,🎁 CREATINE MONOHYDRATE SINGLE SERVE (100% off),10 x 5g (10 servings) *Most Popular*,Unknown,6,6,0.0,0.0,6,-12.600000000000001,12.600000000000001,,1.0,
LEAN-THA-40G-15PK-V1,[BAG_15PC] Lean Protein Sachet 40g Thai Milk Tea,,Lean Protein,1,1,0.0,0.0,1,-12.45,12.45,,1.0,
,"Plant Protein - Single Serve (40g), Vanilla",,Unknown,23,23,0.0,0.0,0,0.0,0.0,,0.0,
,LUSH WHEY Chocolate 1KG,,Unknown,3,3,0.0,0.0,0,0.0,0.0,,0.0,
,"Plant Protein - Single Serve (40g), Chocolate Dinosaur",,Unknown,47,47,0.0,0.0,0,0.0,0.0,,0.0,
,Plant Protein,,Unknown,92,92,0.0,0.0,0,0.0,0.0,,0.0,
,PLANTPROTEIN  Matcha,,Unknown,1,1,0.0,0.0,0,0.0,0.0,,0.0,
,PLANTPROTEIN  Chocolate,,Unknown,1,1,0.0,0.0,0,0.0,0.0,,0.0,
,"Lush Whey - Single Serve (30g), Teh Tarik",,Unknown,10,10,0.0,0.0,0,0.0,0.0,,0.0,
,Lean Meal - Mixed Berries,,Unknown,3,3,0.0,0.0,0,0.0,0.0,,0.0,
,LUSH WHEY Vanilla 1KG,,Unknown,1,1,0.0,0.0,0,0.0,0.0,,0.0,
,LUSH WHEY Natural 1KG,,Unknown,1,1,0.0,0.0,0,0.0,0.0,,0.0,
,FREE LushProtein Classic Shaker,,Unknown,303,303,0.0,0.0,0,0.0,0.0,,0.0,
LP_GIFTBOX,LP Gifting Box,,Other,26,26,0.0,0.0,0,0.0,0.0,,0.0,
,FREE - Classic Shaker,,Unknown,42,37,0.0,0.0,0,0.0,0.0,,0.0,
,Choose 1 - Plant Protein,,Unknown,237,235,0.0,0.0,0,0.0,0.0,,0.0,
,Choose 1 - Better Whey,,Unknown,215,214,0.0,0.0,0,0.0,0.0,,0.0,
,CREATINE MONO 40pcs,,Other,1,1,0.0,0.0,0,0.0,0.0,,0.0,
,"Better Whey (Lush Whey) - Single Serve (30g), Teh Tarik",,Unknown,2,2,0.0,0.0,0,0.0,0.0,,0.0,
,Better Whey,,Unknown,222,222,0.0,0.0,0,0.0,0.0,,0.0,
,$15 Voucher,,Unknown,15,15,0.0,0.0,0,0.0,0.0,,0.0,
LP_GIFTBOX,Lushprotein Giftbox,,Unknown,1,1,0.0,0.0,0,0.0,0.0,,0.0,
,🎁 SG Nov 2025 - Victory Tag (TEST) (100% off),,Unknown,15,15,0.0,0.0,0,0.0,0.0,,0.0,
