antecedent,consequent,co_orders,antecedent_orders,consequent_orders,total_orders,support,antecedent_support,consequent_support,confidence,lift,leverage,conviction,level,both_item_customers,both_item_repeat_rate,both_item_avg_ltv,both_item_pct_subscribed,antecedent_item_revenue_sgd,antecedent_item_covered_revenue_sgd,antecedent_item_est_gross_profit_sgd,antecedent_item_margin_coverage_pct,antecedent_item_est_margin_pct,consequent_item_revenue_sgd,consequent_item_covered_revenue_sgd,consequent_item_est_gross_profit_sgd,consequent_item_margin_coverage_pct,consequent_item_est_margin_pct,margin_overlay_available,pair_est_margin_pct,repeat_rate_uplift,subscription_uplift,ltv_ratio,trustworthy,n_repeat_uplift,n_sub_uplift,n_lift,n_scale,n_margin,retention_value_score
0724999807999 | Creatine Monohydrate | Default,0724999808361 | [FREE GIFT] LushProtein Classic Shaker | Default,24,441,351,15435,0.0015549076773566,0.0285714285714285,0.0227405247813411,0.0544217687074829,2.393162393162393,0.0009051783978897,1.0335046248715312,sku_flavor,47,0.9148936170212766,777.7416118633141,0.9361702127659576,,,,,,,,,,,False,,0.5913087113608992,0.8567072229256092,3.442802895129315,True,0.9332613031914893,0.9361702127659575,0.00523671614869742,0.24909623426390531,0.5,0.6024327225182614
0724999808361 | [FREE GIFT] LushProtein Classic Shaker | Default,0724999807999 | Creatine Monohydrate | Default,24,351,441,15435,0.0015549076773566,0.0227405247813411,0.0285714285714285,0.0683760683760683,2.3931623931623935,0.0009051783978897,1.042726081258191,sku_flavor,47,0.9148936170212766,777.7416118633141,0.9361702127659576,,,,,,,,,,,False,,0.5913087113608992,0.8567072229256092,3.442802895129315,True,0.9332613031914893,0.9361702127659575,0.005236716148697422,0.24909623426390531,0.5,0.6024327225182614
0724999807937 | BETTER WHEY PROTEIN | 1kg (40 serves) / Cocoa Dinosaur,0724999808361 | [FREE GIFT] LushProtein Classic Shaker | Default,10,256,351,15435,0.0006478781988986,0.0165856818918043,0.0227405247813411,0.0390625,1.7177483974358974,0.0002707110888225,1.0169854701462466,sku_flavor,30,0.9666666666666668,653.3688787878788,1.0,,,,,,,,,,,False,,0.6430817610062894,0.9205370101596517,2.89224625912601,True,1.0,1.0,0.0010585423782776592,0.0,0.5,0.6002117084756556
0724999808361 | [FREE GIFT] LushProtein Classic Shaker | Default,0724999807937 | BETTER WHEY PROTEIN | 1kg (40 serves) / Cocoa Dinosaur,10,351,256,15435,0.0006478781988986,0.0227405247813411,0.0165856818918043,0.0284900284900284,1.7177483974358976,0.0002707110888225,1.012253447671486,sku_flavor,30,0.9666666666666668,653.3688787878788,1.0,,,,,,,,,,,False,,0.6430817610062894,0.9205370101596517,2.89224625912601,True,1.0,1.0,0.0010585423782776605,0.0,0.5,0.6002117084756556
0724999808361 | [FREE GIFT] LushProtein Classic Shaker | Default,0724999808361 | LushProtein Classic Shaker | Default,16,351,332,15435,0.0010366051182377,0.0227405247813411,0.0215095562034337,0.0455840455840455,2.1192462156317577,0.0005474665223579,1.0252243157390888,sku_flavor,30,0.9,1772.0936565656566,0.9333333333333332,,,,,,,,,,,False,,0.5764150943396227,0.8538703434929849,7.844467980371822,True,0.9140624999999999,0.9333333333333331,0.003542245208661424,0.13208119483947592,0.5,0.5780727116009869
0724999808361 | LushProtein Classic Shaker | Default,0724999808361 | [FREE GIFT] LushProtein Classic Shaker | Default,16,332,351,15435,0.0010366051182377,0.0215095562034337,0.0227405247813411,0.0481927710843373,2.1192462156317577,0.0005474665223579,1.0267409676347936,sku_flavor,30,0.9,1772.0936565656566,0.9333333333333332,,,,,,,,,,,False,,0.5764150943396227,0.8538703434929849,7.844467980371822,True,0.9140624999999999,0.9333333333333331,0.003542245208661424,0.13208119483947592,0.5,0.5780727116009869
0724999807937 | BETTER WHEY PROTEIN | 1kg Pack (40 servings) / Cocoa Dinosaur,0724999808361 | [FREE GIFT] LushProtein Classic Shaker | Default,39,328,351,15435,0.0025267249757045,0.0212504049238743,0.0227405247813411,0.1189024390243902,5.228658536585366,0.0020434796159196,1.1091387815630454,sku_flavor,44,0.75,490.75119834710745,0.8863636363636364,,,,,,,,,,,False,,0.42641509433962266,0.806900646523288,2.172391988143406,True,0.7207031249999999,0.8863636363636362,0.022777358906378282,0.39170148092938706,0.5,0.5511125405115928
0724999808361 | [FREE GIFT] LushProtein Classic Shaker | Default,0724999807937 | BETTER WHEY PROTEIN | 1kg Pack (40 servings) / Cocoa Dinosaur,39,351,328,15435,0.0025267249757045,0.0227405247813411,0.0212504049238743,0.1111111111111111,5.228658536585366,0.0020434796159196,1.1010932944606415,sku_flavor,44,0.75,490.75119834710745,0.8863636363636364,,,,,,,,,,,False,,0.42641509433962266,0.806900646523288,2.172391988143406,True,0.7207031249999999,0.8863636363636362,0.022777358906378282,0.39170148092938706,0.5,0.5511125405115928
0724999808361 | [FREE GIFT] LushProtein Classic Shaker | Default,0724999808507 | COLLAGEN GLOW | 300g (30 serves) / Unflavoured,21,351,305,15435,0.001360544217687,0.0227405247813411,0.0197602850664075,0.0598290598290598,3.027742749054225,0.000911184965448,1.042618605883912,sku_flavor,42,0.8571428571428571,511.6880591630591,0.8333333333333334,,,,,,,,,,,False,,0.5335579514824798,0.753870343492985,2.2650724927384798,True,0.8588169642857141,0.8333333333333333,0.00916228922681964,0.2103099178571525,0.5,0.5493573681429844
0724999808507 | COLLAGEN GLOW | 300g (30 serves) / Unflavoured,0724999808361 | [FREE GIFT] LushProtein Classic Shaker | Default,21,305,351,15435,0.001360544217687,0.0197602850664075,0.0227405247813411,0.0688524590163934,3.027742749054225,0.000911184965448,1.0495216195129964,sku_flavor,42,0.8571428571428571,511.6880591630591,0.8333333333333334,,,,,,,,,,,False,,0.5335579514824798,0.753870343492985,2.2650724927384798,True,0.8588169642857141,0.8333333333333333,0.00916228922681964,0.2103099178571525,0.5,0.5493573681429844
0724999808361 | [FREE GIFT] LushProtein Classic Shaker | Default,0724999807807 | CLEAR PROTEIN | 500g Pack (20 Serv) / White Grape,41,351,739,15435,0.0026563006154842,0.0227405247813411,0.047878198898607,0.1168091168091168,2.4397140973595643,0.0015675252469445,1.078047587698674,sku_flavor,56,0.7857142857142857,302.4357683982684,0.6607142857142857,,,,,,,,,,,False,,0.46212938005390836,0.5812512958739373,1.3387823451257101,True,0.7667410714285713,0.6607142857142856,0.0055246893187466265,0.4065050546962472,0.5,0.5072815889253292
0724999807807 | CLEAR PROTEIN | 500g Pack (20 Serv) / White Grape,0724999808361 | [FREE GIFT] LushProtein Classic Shaker | Default,41,739,351,15435,0.0026563006154842,0.047878198898607,0.0227405247813411,0.0554803788903924,2.4397140973595643,0.0015675252469445,1.0346629687486946,sku_flavor,56,0.7857142857142857,302.4357683982684,0.6607142857142857,,,,,,,,,,,False,,0.46212938005390836,0.5812512958739373,1.3387823451257101,True,0.7667410714285713,0.6607142857142856,0.0055246893187466265,0.4065050546962472,0.5,0.5072815889253292
0724999810494 | Clear Protein Single Serve | 1 x 25g Sachet (1 serving) / Peach,0724999810487 | Clear Protein Single Serve | 1 x 25g Sachet (1 serving) / White Grape,71,85,79,15435,0.0045999352121801,0.0055069646906381,0.0051182377712989,0.8352941176470589,163.19955323901715,0.0045717492574952,6.040353556388543,sku_flavor,65,0.5846153846153846,762.9202331002331,0.0615384615384615,,,,,,,,,,,False,,0.2610304789550073,-0.01792452830188683,3.377193591297554,True,0.5075120192307692,0.0615384615384615,1.0,0.5700436406900781,0.5,0.5031447672573579
0724999810487 | Clear Protein Single Serve | 1 x 25g Sachet (1 serving) / White Grape,0724999810494 | Clear Protein Single Serve | 1 x 25g Sachet (1 serving) / Peach,71,79,85,15435,0.0045999352121801,0.0051182377712989,0.0055069646906381,0.8987341772151899,163.19955323901712,0.0045717492574952,9.82061872367995,sku_flavor,65,0.5846153846153846,762.9202331002331,0.0615384615384615,,,,,,,,,,,False,,0.2610304789550073,-0.01792452830188683,3.377193591297554,True,0.5075120192307692,0.0615384615384615,0.9999999999999998,0.5700436406900781,0.5,0.5031447672573578
0724999807814 | CLEAR PROTEIN | 500g Pack (20 Serv) / Peach,0724999808361 | [FREE GIFT] LushProtein Classic Shaker | Default,63,1068,351,15435,0.0040816326530612,0.0691933916423712,0.0227405247813411,0.0589887640449438,2.5939930855661193,0.0025081386157128,1.0385205169487837,sku_flavor,76,0.6842105263157895,259.6294976076555,0.6447368421052632,,,,,,,,,,,False,,0.36062562065541215,0.5652738522649148,1.149293251627763,True,0.6358963815789473,0.644736842105263,0.006479073483022304,0.5343067275948687,0.5,0.4833949488358347
0724999808361 | [FREE GIFT] LushProtein Classic Shaker | Default,0724999807814 | CLEAR PROTEIN | 500g Pack (20 Serv) / Peach,63,351,1068,15435,0.0040816326530612,0.0227405247813411,0.0691933916423712,0.1794871794871795,2.5939930855661193,0.0025081386157128,1.13442055393586,sku_flavor,76,0.6842105263157895,259.6294976076555,0.6447368421052632,,,,,,,,,,,False,,0.36062562065541215,0.5652738522649148,1.149293251627763,True,0.6358963815789473,0.644736842105263,0.006479073483022304,0.5343067275948687,0.5,0.4833949488358347
0724999808507 | COLLAGEN GLOW | 300g (30 serves) / Unflavoured,0724999807999 | Creatine Monohydrate | Default,25,305,441,15435,0.0016196954972465,0.0197602850664075,0.0285714285714285,0.081967213114754,2.8688524590163933,0.0010551159239205,1.0581632653061224,sku_flavor,33,0.8787878787878788,919.3182001836548,0.4545454545454545,,,,,,,,,,,False,,0.5552029731275014,0.37508246470510614,4.069515264272118,True,0.8867187499999999,0.4545454545454545,0.008179379120705573,0.260996311466704,0.5,0.4704373111805103
0724999807999 | Creatine Monohydrate | Default,0724999808507 | COLLAGEN GLOW | 300g (30 serves) / Unflavoured,25,441,305,15435,0.0016196954972465,0.0285714285714285,0.0197602850664075,0.0566893424036281,2.8688524590163937,0.0010551159239205,1.0391483516483515,sku_flavor,33,0.8787878787878788,919.3182001836548,0.4545454545454545,,,,,,,,,,,False,,0.5552029731275014,0.37508246470510614,4.069515264272118,True,0.8867187499999999,0.4545454545454545,0.008179379120705575,0.260996311466704,0.5,0.4704373111805103
0724999808361 | LushProtein Classic Shaker | Default,0724999808507 | COLLAGEN GLOW | 300g (30 serves) / Unflavoured,28,332,305,15435,0.001814058956916,0.0215095562034337,0.0197602850664075,0.0843373493975903,4.2680229113174,0.0013890239946843,1.0705249518353708,sku_flavor,33,0.8787878787878788,858.4321487603307,0.4242424242424242,,,,,,,,,,,False,,0.5552029731275014,0.34477943440207587,3.7999930078880118,True,0.8867187499999999,0.4242424242424242,0.01683477761872205,0.2941288044888415,0.5,0.4695625072576767
0724999808507 | COLLAGEN GLOW | 300g (30 serves) / Unflavoured,0724999808361 | LushProtein Classic Shaker | Default,28,305,332,15435,0.001814058956916,0.0197602850664075,0.0215095562034337,0.0918032786885245,4.2680229113174,0.0013890239946843,1.0773992251189628,sku_flavor,33,0.8787878787878788,858.4321487603307,0.4242424242424242,,,,,,,,,,,False,,0.5552029731275014,0.34477943440207587,3.7999930078880118,True,0.8867187499999999,0.4242424242424242,0.01683477761872205,0.2941288044888415,0.5,0.4695625072576767
0724999807937 | BETTER WHEY PROTEIN | 1kg Pack (40 servings) / Cocoa Dinosaur,0724999807999 | Creatine Monohydrate | Default,32,328,441,15435,0.0020732102364755,0.0212504049238743,0.0285714285714285,0.0975609756097561,3.414634146341464,0.0014660558100791,1.0764478764478764,sku_flavor,45,0.8666666666666667,1034.7718451178453,0.4222222222222222,,,,,,,,,,,False,,0.5430817610062894,0.3427592323818739,4.5805900697983,True,0.8710937499999999,0.4222222222222222,0.011555635379512014,0.3333333333333333,0.5,0.46919480763145793
0724999807999 | Creatine Monohydrate | Default,0724999807937 | BETTER WHEY PROTEIN | 1kg Pack (40 servings) / Cocoa Dinosaur,32,441,328,15435,0.0020732102364755,0.0285714285714285,0.0212504049238743,0.0725623582766439,3.414634146341464,0.0014660558100791,1.0553265805099543,sku_flavor,45,0.8666666666666667,1034.7718451178453,0.4222222222222222,,,,,,,,,,,False,,0.5430817610062894,0.3427592323818739,4.5805900697983,True,0.8710937499999999,0.4222222222222222,0.011555635379512014,0.3333333333333333,0.5,0.46919480763145793
0724999807821 | LEAN PROTEIN | 1kg Pack (25 serves) / Thai Milk Tea,0724999807814 | CLEAR PROTEIN | 500g Pack (20 Serv) / Peach,25,198,1068,15435,0.0016196954972465,0.0128279883381924,0.0691933916423712,0.1262626262626262,1.824778685733742,0.0007320834761781,1.0653162338428352,sku_flavor,31,0.8387096774193549,2050.4736461388075,0.4838709677419355,,,,,,,,,,,False,,0.5151247717589775,0.40440797790158717,9.076763410408487,True,0.835055443548387,0.4838709677419355,0.0017206416922332535,0.260996311466704,0.5,0.4609779500584522
0724999807814 | CLEAR PROTEIN | 500g Pack (20 Serv) / Peach,0724999807821 | LEAN PROTEIN | 1kg Pack (25 serves) / Thai Milk Tea,25,1068,198,15435,0.0016196954972465,0.0691933916423712,0.0128279883381924,0.0234082397003745,1.824778685733742,0.0007320834761781,1.010833852785053,sku_flavor,31,0.8387096774193549,2050.4736461388075,0.4838709677419355,,,,,,,,,,,False,,0.5151247717589775,0.40440797790158717,9.076763410408487,True,0.835055443548387,0.4838709677419355,0.0017206416922332535,0.260996311466704,0.5,0.4609779500584522
0724999808507 | COLLAGEN GLOW | 300g (30 serves) / Unflavoured,0724999807937 | BETTER WHEY PROTEIN | 1kg (40 serves) / Cocoa Dinosaur,32,305,256,15435,0.0020732102364755,0.0197602850664075,0.0165856818918043,0.1049180327868852,6.325819672131148,0.0017454724342727,1.098686326091574,sku_flavor,35,0.8285714285714286,1095.3625714285715,0.4,,,,,,,,,,,False,,0.5049865229110513,0.3205370101596517,4.848805020340535,True,0.8219866071428571,0.4,0.029564499693312252,0.3333333333333333,0.5,0.45250888208151957
0724999807937 | BETTER WHEY PROTEIN | 1kg (40 serves) / Cocoa Dinosaur,0724999808507 | COLLAGEN GLOW | 300g (30 serves) / Unflavoured,32,256,305,15435,0.0020732102364755,0.0165856818918043,0.0197602850664075,0.125,6.325819672131148,0.0017454724342727,1.1202739599241058,sku_flavor,35,0.8285714285714286,1095.3625714285715,0.4,,,,,,,,,,,False,,0.5049865229110513,0.3205370101596517,4.848805020340535,True,0.8219866071428571,0.4,0.029564499693312252,0.3333333333333333,0.5,0.45250888208151957
0724999807937 | BETTER WHEY PROTEIN | 1kg Pack (40 servings) / Cocoa Dinosaur,0724999807784 | BETTER WHEY PROTEIN | 1kg Pack (40 servings) / Matchawhey,31,328,196,15435,0.0020084224165856,0.0212504049238743,0.0126984126984126,0.0945121951219512,7.442835365853659,0.0017385760048539,1.090353268131046,sku_flavor,39,0.8205128205128205,1004.4076767676764,0.358974358974359,,,,,,,,,,,False,,0.49692791485244314,0.27951136913401065,4.446178016862489,True,0.8115985576923075,0.358974358974359,0.03647446262299447,0.32399680973771633,0.5,0.4391175710365383
0724999807784 | BETTER WHEY PROTEIN | 1kg Pack (40 servings) / Matchawhey,0724999807937 | BETTER WHEY PROTEIN | 1kg Pack (40 servings) / Cocoa Dinosaur,31,196,328,15435,0.0020084224165856,0.0126984126984126,0.0212504049238743,0.1581632653061224,7.442835365853659,0.0017385760048539,1.1626358826358827,sku_flavor,39,0.8205128205128205,1004.4076767676764,0.358974358974359,,,,,,,,,,,False,,0.49692791485244314,0.27951136913401065,4.446178016862489,True,0.8115985576923075,0.358974358974359,0.03647446262299447,0.32399680973771633,0.5,0.4391175710365383
CRE-UNF-250G-V1 | CREATINE MONOHYDRATE | 1 x 250g Pack (50 servings),COL-UNF-300G-V1 | COLLAGEN GLOW | 1 x 300g pack (30 servings),51,435,238,15435,0.0033041788143828,0.0281827016520894,0.0154195011337868,0.1172413793103448,7.6034482758620685,0.0028696156143053,1.115345096371882,sku_flavor,38,0.7894736842105263,1620.5879346092504,0.3157894736842105,,,,,,,,,,,False,,0.465888778550149,0.23632648384386218,7.173802645993592,True,0.7715871710526315,0.3157894736842105,0.03746802901639753,0.4713062293238565,0.5,0.43861305993870003
COL-UNF-300G-V1 | COLLAGEN GLOW | 1 x 300g pack (30 servings),CRE-UNF-250G-V1 | CREATINE MONOHYDRATE | 1 x 250g Pack (50 servings),51,238,435,15435,0.0033041788143828,0.0154195011337868,0.0281827016520894,0.2142857142857142,7.6034482758620685,0.0028696156143053,1.2368583797155226,sku_flavor,38,0.7894736842105263,1620.5879346092504,0.3157894736842105,,,,,,,,,,,False,,0.465888778550149,0.23632648384386218,7.173802645993592,True,0.7715871710526315,0.3157894736842105,0.03746802901639753,0.4713062293238565,0.5,0.43861305993870003
0724999808361 | [FREE] LushProtein Classic Shaker | Default,0724999808507 | COLLAGEN GLOW | 300g Pack (30 servings),38,210,293,15435,0.0024619371558147,0.0136054421768707,0.0189828312277291,0.1809523809523809,9.532423208191126,0.0022036673431925,1.1977535200126563,sku_flavor,41,0.6585365853658537,375.44682926829273,0.5609756097560976,,,,,,,,,,,False,,0.33495167970547635,0.4815126199157493,1.661977977075462,True,0.6028010670731707,0.5609756097560976,0.049400847283489195,0.3840197269428848,0.5,0.4385673510591061
0724999808507 | COLLAGEN GLOW | 300g Pack (30 servings),0724999808361 | [FREE] LushProtein Classic Shaker | Default,38,293,210,15435,0.0024619371558147,0.0189828312277291,0.0136054421768707,0.1296928327645051,9.532423208191126,0.0022036673431925,1.1333866880085366,sku_flavor,41,0.6585365853658537,375.44682926829273,0.5609756097560976,,,,,,,,,,,False,,0.33495167970547635,0.4815126199157493,1.661977977075462,True,0.6028010670731707,0.5609756097560976,0.049400847283489195,0.3840197269428848,0.5,0.4385673510591061
0724999807999 | Creatine Monohydrate | Default,0724999808361 | LushProtein Classic Shaker | Default,35,441,332,15435,0.0022675736961451,0.0285714285714285,0.0215095562034337,0.0793650793650793,3.689759036144578,0.0016530149474755,1.062843068261787,sku_flavor,48,0.8333333333333334,995.8469191919193,0.3333333333333333,,,,,,,,,,,False,,0.509748427672956,0.253870343492985,4.408282396367521,True,0.8281249999999999,0.3333333333333333,0.013257583526038858,0.35973372283292554,0.5,0.43838240846347987
0724999808361 | LushProtein Classic Shaker | Default,0724999807999 | Creatine Monohydrate | Default,35,332,441,15435,0.0022675736961451,0.0215095562034337,0.0285714285714285,0.1054216867469879,3.6897590361445785,0.0016530149474755,1.085906685906686,sku_flavor,48,0.8333333333333334,995.8469191919193,0.3333333333333333,,,,,,,,,,,False,,0.509748427672956,0.253870343492985,4.408282396367521,True,0.8281249999999999,0.3333333333333333,0.013257583526038858,0.35973372283292554,0.5,0.43838240846347987
0724999808361 | LP CLASSIC SHAKER | White,0724999807822 | LEAN PROTEIN | 1 x 1kg Pack (25 servings) / Taro,20,955,209,15435,0.0012957563977972,0.0618723679948169,0.0135406543569808,0.0209424083769633,1.5466319296575568,0.0004579640485314,1.00756008030918,sku_flavor,46,0.782608695652174,1235.6591963109356,0.4782608695652174,,,,,,,,,,,False,,0.4590237899917966,0.3987978797248691,5.469851417954095,True,0.7627377717391304,0.4782608695652174,1.3735885694270784e-18,0.1961951368390947,0.5,0.4278158194389076
0724999807822 | LEAN PROTEIN | 1 x 1kg Pack (25 servings) / Taro,0724999808361 | LP CLASSIC SHAKER | White,20,209,955,15435,0.0012957563977972,0.0135406543569808,0.0618723679948169,0.0956937799043062,1.5466319296575566,0.0004579640485314,1.0374003972967367,sku_flavor,46,0.782608695652174,1235.6591963109356,0.4782608695652174,,,,,,,,,,,False,,0.4590237899917966,0.3987978797248691,5.469851417954095,True,0.7627377717391304,0.4782608695652174,0.0,0.1961951368390947,0.5,0.4278158194389076
0724999807807 | CLEAR PROTEIN | 500g Pack (20 Serv) / White Grape,0724999808361 | [FREE] LushProtein Classic Shaker | Default,40,739,210,15435,0.0025915127955944,0.047878198898607,0.0136054421768707,0.054127198917456,3.978349120433018,0.0019401087289467,1.0428405983280291,sku_flavor,56,0.6964285714285714,273.10696428571424,0.4464285714285714,,,,,,,,,,,False,,0.37284366576819405,0.36696558158822307,1.2089535045838364,True,0.6516462053571427,0.4464285714285714,0.015042828617503409,0.3991935424586058,0.5,0.4199886015565772
0724999808361 | [FREE] LushProtein Classic Shaker | Default,0724999807807 | CLEAR PROTEIN | 500g Pack (20 Serv) / White Grape,40,210,739,15435,0.0025915127955944,0.0136054421768707,0.047878198898607,0.1904761904761904,3.9783491204330175,0.0019401087289467,1.1761504601840738,sku_flavor,56,0.6964285714285714,273.10696428571424,0.4464285714285714,,,,,,,,,,,False,,0.37284366576819405,0.36696558158822307,1.2089535045838364,True,0.6516462053571427,0.4464285714285714,0.015042828617503409,0.3991935424586058,0.5,0.4199886015565772
0724999807999 | Creatine Monohydrate | Default,0724999807807 | CLEAR PROTEIN | 500g Pack (20 Serv) / White Grape,42,441,739,15435,0.0027210884353741,0.0285714285714285,0.047878198898607,0.0952380952380952,1.9891745602165087,0.0013531398954139,1.0523451485857502,sku_flavor,57,0.7719298245614035,478.2901382243488,0.2982456140350877,,,,,,,,,,,False,,0.4483449189010261,0.21878262419473937,2.117231028240243,True,0.7489720394736841,0.2982456140350877,0.002737609855574749,0.4136445152845138,0.5,0.4118472146146691
0724999807807 | CLEAR PROTEIN | 500g Pack (20 Serv) / White Grape,0724999807999 | Creatine Monohydrate | Default,42,739,441,15435,0.0027210884353741,0.047878198898607,0.0285714285714285,0.0568335588633288,1.989174560216509,0.0013531398954139,1.029965156794425,sku_flavor,57,0.7719298245614035,478.2901382243488,0.2982456140350877,,,,,,,,,,,False,,0.4483449189010261,0.21878262419473937,2.117231028240243,True,0.7489720394736841,0.2982456140350877,0.00273760985557475,0.4136445152845138,0.5,0.4118472146146691
0724999808361 | LushProtein Classic Shaker | Default,0724999807937 | BETTER WHEY PROTEIN | 1kg Pack (40 servings) / Cocoa Dinosaur,22,332,328,15435,0.0014253320375769,0.0215095562034337,0.0212504049238743,0.0662650602409638,3.118296356156333,0.0009682452585211,1.0482092437589476,sku_flavor,30,0.8333333333333334,1424.7834949494948,0.3,,,,,,,,,,,False,,0.509748427672956,0.22053701015965166,6.307041653065965,True,0.8281249999999999,0.3,0.009722462259070712,0.2237971638520443,0.5,0.4089515670296207
0724999807937 | BETTER WHEY PROTEIN | 1kg Pack (40 servings) / Cocoa Dinosaur,0724999808361 | LushProtein Classic Shaker | Default,22,328,332,15435,0.0014253320375769,0.0212504049238743,0.0215095562034337,0.0670731707317073,3.118296356156333,0.0009682452585211,1.048839429951875,sku_flavor,30,0.8333333333333334,1424.7834949494948,0.3,,,,,,,,,,,False,,0.509748427672956,0.22053701015965166,6.307041653065965,True,0.8281249999999999,0.3,0.009722462259070712,0.2237971638520443,0.5,0.4089515670296207
0724999807807 | CLEAR PROTEIN | 500g Pack (20 Serv) / White Grape,0724999807821 | LEAN PROTEIN | 1kg Pack (25 servings) / Thai Milk Tea,75,739,611,15435,0.0048590864917395,0.047878198898607,0.0395853579527048,0.10148849797023,2.5637888153363355,0.0029638108502073,1.0688952115556491,sku_flavor,96,0.71875,850.9849368686869,0.2604166666666667,,,,,,,,,,,False,,0.39516509433962266,0.18095367682631835,3.767026682992824,True,0.6804199218749999,0.2604166666666667,0.006292227059307009,0.5864483425817173,0.5,0.40845584002828556
0724999807821 | LEAN PROTEIN | 1kg Pack (25 servings) / Thai Milk Tea,0724999807807 | CLEAR PROTEIN | 500g Pack (20 Serv) / White Grape,75,611,739,15435,0.0048590864917395,0.0395853579527048,0.047878198898607,0.1227495908346972,2.563788815336335,0.0029638108502073,1.0853477993898342,sku_flavor,96,0.71875,850.9849368686869,0.2604166666666667,,,,,,,,,,,False,,0.39516509433962266,0.18095367682631835,3.767026682992824,True,0.6804199218749999,0.2604166666666667,0.0062922270593070056,0.5864483425817173,0.5,0.40845584002828556
0724999810470 | Lean Protein Single Serve | 1 x 40g Sachet (1 serving) / Taro,0724999810463 | Lean Protein Single Serve | 1 x 40g Sachet (1 serving) / Thai Milk Tea,87,104,114,15435,0.0056365403304178,0.0067379332685455,0.0073858114674441,0.8365384615384616,113.2629048582996,0.0055867752256161,6.072463271022696,sku_flavor,86,0.4418604651162791,584.8667159971812,0.1046511627906976,,,,,,,,,,,False,,0.11827555945590174,0.025188172950349266,2.5890100161617062,True,0.32349200581395343,0.1046511627906976,0.6910872505350373,0.6309297535714575,0.5,0.4060673055845865
0724999810463 | Lean Protein Single Serve | 1 x 40g Sachet (1 serving) / Thai Milk Tea,0724999810470 | Lean Protein Single Serve | 1 x 40g Sachet (1 serving) / Taro,87,114,104,15435,0.0056365403304178,0.0073858114674441,0.0067379332685455,0.7631578947368421,113.2629048582996,0.0055867752256161,4.19377317064392,sku_flavor,86,0.4418604651162791,584.8667159971812,0.1046511627906976,,,,,,,,,,,False,,0.11827555945590174,0.025188172950349266,2.5890100161617062,True,0.32349200581395343,0.1046511627906976,0.6910872505350373,0.6309297535714575,0.5,0.4060673055845865
0724999807814 | CLEAR PROTEIN | 500g Pack (20 Serv) / Peach,0724999807999 | Creatine Monohydrate | Default,63,1068,441,15435,0.0040816326530612,0.0691933916423712,0.0285714285714285,0.0589887640449438,2.0646067415730336,0.0021046786061363,1.0323240938166311,sku_flavor,73,0.6986301369863014,399.1230095475301,0.3150684931506849,,,,,,,,,,,False,,0.37504523132592404,0.23560550331033658,1.7667845359217533,True,0.654484160958904,0.3150684931506849,0.003204240342333279,0.5343067275948687,0.5,0.4058992287830394
0724999807999 | Creatine Monohydrate | Default,0724999807814 | CLEAR PROTEIN | 500g Pack (20 Serv) / Peach,63,441,1068,15435,0.0040816326530612,0.0285714285714285,0.0691933916423712,0.1428571428571428,2.0646067415730336,0.0021046786061363,1.0859410430839,sku_flavor,73,0.6986301369863014,399.1230095475301,0.3150684931506849,,,,,,,,,,,False,,0.37504523132592404,0.23560550331033658,1.7667845359217533,True,0.654484160958904,0.3150684931506849,0.003204240342333279,0.5343067275948687,0.5,0.4058992287830394
LEAN-TAR-1KG-V1 | LEAN PROTEIN | 1 x 1kg Pack (25 servings) / Taro,COL-UNF-300G-V1 | COLLAGEN GLOW | 1 x 300g pack (30 servings),41,478,238,15435,0.0026563006154842,0.0309685779073534,0.0154195011337868,0.0857740585774058,5.562699975387645,0.00217878059333,1.0769553282792903,sku_flavor,39,0.7948717948717948,1651.293372183372,0.2051282051282051,,,,,,,,,,,False,,0.4712868892114175,0.12566521528785676,7.309725384039113,True,0.7785456730769229,0.2051282051282051,0.024843770302452065,0.4065050546962472,0.5,0.4007902654700556
COL-UNF-300G-V1 | COLLAGEN GLOW | 1 x 300g pack (30 servings),LEAN-TAR-1KG-V1 | LEAN PROTEIN | 1 x 1kg Pack (25 servings) / Taro,41,238,478,15435,0.0026563006154842,0.0154195011337868,0.0309685779073534,0.1722689075630252,5.562699975387645,0.00217878059333,1.1707080124774107,sku_flavor,39,0.7948717948717948,1651.293372183372,0.2051282051282051,,,,,,,,,,,False,,0.4712868892114175,0.12566521528785676,7.309725384039113,True,0.7785456730769229,0.2051282051282051,0.024843770302452065,0.4065050546962472,0.5,0.4007902654700556
0724999808606 | PLANT PROTEIN | 480g Pack (16 servings) / Cocoa Dinosaur,0724999808613 | PLANT PROTEIN | 480g Pack (16 servings) / Vanilla,54,383,294,15435,0.0034985422740524,0.0248137350178166,0.019047619047619,0.1409921671018277,7.402088772845953,0.0030258997022845,1.1419597626284557,sku_flavor,50,0.72,1243.9938060606062,0.26,,,,,,,,,,,False,,0.39641509433962263,0.18053701015965168,5.506745957397848,True,0.6820312499999999,0.26,0.03622240041046118,0.48832450690597573,0.5,0.4001025311179885
0724999808613 | PLANT PROTEIN | 480g Pack (16 servings) / Vanilla,0724999808606 | PLANT PROTEIN | 480g Pack (16 servings) / Cocoa Dinosaur,54,294,383,15435,0.0034985422740524,0.019047619047619,0.0248137350178166,0.1836734693877551,7.4020887728459535,0.0030258997022845,1.1946031746031744,sku_flavor,50,0.72,1243.9938060606062,0.26,,,,,,,,,,,False,,0.39641509433962263,0.18053701015965168,5.506745957397848,True,0.6820312499999999,0.26,0.03622240041046119,0.48832450690597573,0.5,0.4001025311179885
0724999807821 | LEAN PROTEIN | 1kg Pack (25 servings) / Thai Milk Tea,0724999807814 | CLEAR PROTEIN | 500g Pack (20 Serv) / Peach,91,611,1068,15435,0.0058956916099773,0.0395853579527048,0.0691933916423712,0.1489361702127659,2.1524623475974183,0.0031566464338523,1.0936977648202135,sku_flavor,115,0.6956521739130435,758.4933064213051,0.2260869565217391,,,,,,,,,,,False,,0.3720672682526661,0.14662396668139077,3.357597062380677,True,0.6506453804347825,0.2260869565217391,0.003747723289085927,0.6444169995663493,0.5,0.3991274478536391
0724999807814 | CLEAR PROTEIN | 500g Pack (20 Serv) / Peach,0724999807821 | LEAN PROTEIN | 1kg Pack (25 servings) / Thai Milk Tea,91,1068,611,15435,0.0058956916099773,0.0691933916423712,0.0395853579527048,0.0852059925093633,2.1524623475974183,0.0031566464338523,1.0498698441213012,sku_flavor,115,0.6956521739130435,758.4933064213051,0.2260869565217391,,,,,,,,,,,False,,0.3720672682526661,0.14662396668139077,3.357597062380677,True,0.6506453804347825,0.2260869565217391,0.003747723289085927,0.6444169995663493,0.5,0.3991274478536391
0724999807807 | CLEAR PROTEIN | 500g Pack (20 Serv) / White Grape,0724999807814 | CLEAR PROTEIN | 500g Pack (20 Serv) / Peach,296,739,1068,15435,0.0191771946873987,0.047878198898607,0.0691933916423712,0.4005412719891745,5.788721472989615,0.0158643397198761,1.5527451096530194,sku_flavor,292,0.5582191780821918,478.3553476546284,0.1986301369863013,,,,,,,,,,,False,,0.23463427242181445,0.11916714714595297,2.117519688653845,True,0.47348565924657526,0.1986301369863013,0.026241960299708142,1.0,0.5,0.3969516240804895
0724999807814 | CLEAR PROTEIN | 500g Pack (20 Serv) / Peach,0724999807807 | CLEAR PROTEIN | 500g Pack (20 Serv) / White Grape,296,1068,739,15435,0.0191771946873987,0.0691933916423712,0.047878198898607,0.2771535580524344,5.788721472989616,0.0158643397198761,1.3171840460832742,sku_flavor,292,0.5582191780821918,478.3553476546284,0.1986301369863013,,,,,,,,,,,False,,0.23463427242181445,0.11916714714595297,2.117519688653845,True,0.47348565924657526,0.1986301369863013,0.026241960299708145,1.0,0.5,0.3969516240804895
0724999808361 | LushProtein Classic Shaker | Default,0724999808507 | COLLAGEN GLOW | 300g Pack (30 servings),25,332,293,15435,0.0016196954972465,0.0215095562034337,0.0189828312277291,0.0753012048192771,3.966805789711748,0.0012113832220533,1.060904560366104,sku_flavor,30,0.8,710.6877474747474,0.2666666666666666,,,,,,,,,,,False,,0.4764150943396227,0.18720367682631828,3.1459777864746714,True,0.7851562499999999,0.2666666666666666,0.014971420500484734,0.260996311466704,0.5,0.3943572724867691
0724999808507 | COLLAGEN GLOW | 300g Pack (30 servings),0724999808361 | LushProtein Classic Shaker | Default,25,293,332,15435,0.0016196954972465,0.0189828312277291,0.0215095562034337,0.0853242320819112,3.966805789711749,0.0012113832220533,1.0697675374343056,sku_flavor,30,0.8,710.6877474747474,0.2666666666666666,,,,,,,,,,,False,,0.4764150943396227,0.18720367682631828,3.1459777864746714,True,0.7851562499999999,0.2666666666666666,0.01497142050048474,0.260996311466704,0.5,0.3943572724867691
0724999808507 | COLLAGEN GLOW | 300g Pack (30 servings),0724999807814 | CLEAR PROTEIN | 500g Pack (20 Serv) / Peach,57,293,1068,15435,0.003692905733722,0.0189828312277291,0.0691933916423712,0.1945392491467577,2.811529317022664,0.0023794192581007,1.155620068850785,sku_flavor,59,0.711864406779661,1218.715254237288,0.2542372881355932,,,,,,,,,,,False,,0.38827950111928367,0.17477429829524488,5.394846233794925,True,0.6715439618644067,0.2542372881355932,0.007824772835032402,0.5044387223459939,0.5,0.39225327351212586
0724999807814 | CLEAR PROTEIN | 500g Pack (20 Serv) / Peach,0724999808507 | COLLAGEN GLOW | 300g Pack (30 servings),57,1068,293,15435,0.003692905733722,0.0691933916423712,0.0189828312277291,0.0533707865168539,2.8115293170226634,0.0023794192581007,1.036326742085841,sku_flavor,59,0.711864406779661,1218.715254237288,0.2542372881355932,,,,,,,,,,,False,,0.38827950111928367,0.17477429829524488,5.394846233794925,True,0.6715439618644067,0.2542372881355932,0.007824772835032398,0.5044387223459939,0.5,0.39225327351212586
CRE-UNF-250G-V1 | CREATINE MONOHYDRATE | 1 x 250g Pack (50 servings),LEAN-THA-1KG-V1 | LEAN PROTEIN | 1 x 1kg Pack (25 servings) / Thai Milk Tea,42,435,550,15435,0.0027210884353741,0.0281827016520894,0.0356333009394233,0.096551724137931,2.7095924764890285,0.0017168457461192,1.067428789036516,sku_flavor,53,0.6792452830188679,1355.5430474556888,0.3584905660377358,,,,,,,,,,,False,,0.35566037735849054,0.2790275761973875,6.0005372697906365,True,0.6294958726415093,0.3584905660377358,0.007194182062481152,0.4136445152845138,0.5,0.39195691700706004
LEAN-THA-1KG-V1 | LEAN PROTEIN | 1 x 1kg Pack (25 servings) / Thai Milk Tea,CRE-UNF-250G-V1 | CREATINE MONOHYDRATE | 1 x 250g Pack (50 servings),42,550,435,15435,0.0027210884353741,0.0356333009394233,0.0281827016520894,0.0763636363636363,2.7095924764890285,0.0017168457461192,1.0521643978176198,sku_flavor,53,0.6792452830188679,1355.5430474556888,0.3584905660377358,,,,,,,,,,,False,,0.35566037735849054,0.2790275761973875,6.0005372697906365,True,0.6294958726415093,0.3584905660377358,0.007194182062481152,0.4136445152845138,0.5,0.39195691700706004
LEAN-THA-1KG-V1 | LEAN PROTEIN | 1 x 1kg Pack (25 servings) / Thai Milk Tea,ACC-SHK-V2 | LP CLASSIC SHAKER | White,79,550,581,15435,0.0051182377712989,0.0356333009394233,0.037641723356009,0.1436363636363636,3.815881708652793,0.0037769389150758,1.123772934509968,sku_flavor,101,0.6138613861386139,706.2061386138612,0.3366336633663366,,,,,,,,,,,False,,0.2902764804782365,0.25717067352598827,3.1261391977637873,True,0.5452119430693069,0.3366336633663366,0.014037790103727923,0.6020113987865394,0.5,0.3908312666011027
ACC-SHK-V2 | LP CLASSIC SHAKER | White,LEAN-THA-1KG-V1 | LEAN PROTEIN | 1 x 1kg Pack (25 servings) / Thai Milk Tea,79,581,550,15435,0.0051182377712989,0.037641723356009,0.0356333009394233,0.1359724612736661,3.8158817086527934,0.0037769389150758,1.116129585964532,sku_flavor,101,0.6138613861386139,706.2061386138612,0.3366336633663366,,,,,,,,,,,False,,0.2902764804782365,0.25717067352598827,3.1261391977637873,True,0.5452119430693069,0.3366336633663366,0.014037790103727923,0.6020113987865394,0.5,0.3908312666011027
0724999808361 | LushProtein Classic Shaker | Default,0724999807807 | CLEAR PROTEIN | 500g Pack (20 Serv) / White Grape,44,332,739,15435,0.0028506640751538,0.0215095562034337,0.047878198898607,0.1325301204819277,2.768068213313335,0.0018208252650251,1.097584854047439,sku_flavor,73,0.6986301369863014,475.208393524284,0.3150684931506849,,,,,,,,,,,False,,0.37504523132592404,0.23560550331033658,2.1035891715958317,True,0.654484160958904,0.3150684931506849,0.00755591840693236,0.42743839402459627,0.5,0.39073931436041837
0724999807807 | CLEAR PROTEIN | 500g Pack (20 Serv) / White Grape,0724999808361 | LushProtein Classic Shaker | Default,44,739,332,15435,0.0028506640751538,0.047878198898607,0.0215095562034337,0.0595399188092016,2.7680682133133345,0.0018208252650251,1.0404380402383633,sku_flavor,73,0.6986301369863014,475.208393524284,0.3150684931506849,,,,,,,,,,,False,,0.37504523132592404,0.23560550331033658,2.1035891715958317,True,0.654484160958904,0.3150684931506849,0.007555918406932357,0.42743839402459627,0.5,0.39073931436041837
ACC-SHK-V2 | LP CLASSIC SHAKER | White,CRE-UNF-250G-V1 | CREATINE MONOHYDRATE | 1 x 250g Pack (50 servings),69,581,435,15435,0.0044703595724003,0.037641723356009,0.0281827016520894,0.1187607573149741,4.213959285417532,0.0034095141133874,1.1027848639455782,sku_flavor,75,0.6933333333333334,956.3761858585856,0.2266666666666666,,,,,,,,,,,False,,0.369748427672956,0.14720367682631827,4.2335586154612725,True,0.6476562499999999,0.2266666666666666,0.016500335002640865,0.5614962282688897,0.5,0.3884880429075282
CRE-UNF-250G-V1 | CREATINE MONOHYDRATE | 1 x 250g Pack (50 servings),ACC-SHK-V2 | LP CLASSIC SHAKER | White,69,435,581,15435,0.0044703595724003,0.0281827016520894,0.037641723356009,0.1586206896551724,4.213959285417532,0.0034095141133874,1.1437864763391694,sku_flavor,75,0.6933333333333334,956.3761858585856,0.2266666666666666,,,,,,,,,,,False,,0.369748427672956,0.14720367682631827,4.2335586154612725,True,0.6476562499999999,0.2266666666666666,0.016500335002640865,0.5614962282688897,0.5,0.3884880429075282
CRE-UNF-250G-V1 | CREATINE MONOHYDRATE | 1 x 250g Pack (50 servings),LEAN-TAR-1KG-V1 | LEAN PROTEIN | 1 x 1kg Pack (25 servings) / Taro,49,435,478,15435,0.0031746031746031,0.0281827016520894,0.0309685779073534,0.1126436781609195,3.6373539171836673,0.0023018249828507,1.0920431829282418,sku_flavor,54,0.6851851851851852,1292.502407407407,0.2962962962962963,,,,,,,,,,,False,,0.3616002795248079,0.21683330645594795,5.721477367686321,True,0.6371527777777778,0.2962962962962963,0.012933400588072514,0.45940615212105784,0.5,0.3867175103431806
LEAN-TAR-1KG-V1 | LEAN PROTEIN | 1 x 1kg Pack (25 servings) / Taro,CRE-UNF-250G-V1 | CREATINE MONOHYDRATE | 1 x 250g Pack (50 servings),49,478,435,15435,0.0031746031746031,0.0309685779073534,0.0281827016520894,0.102510460251046,3.637353917183668,0.0023018249828507,1.0828174093480216,sku_flavor,54,0.6851851851851852,1292.502407407407,0.2962962962962963,,,,,,,,,,,False,,0.3616002795248079,0.21683330645594795,5.721477367686321,True,0.6371527777777778,0.2962962962962963,0.012933400588072519,0.45940615212105784,0.5,0.3867175103431806
0724999810463 | Lean Protein Single Serve | 40g Sachet / Thai Milk Tea,0724999810470 | Lean Protein Single Serve | 40g Sachet / Taro,136,149,158,15435,0.008811143505021,0.0096533851635892,0.0102364755425979,0.912751677852349,89.16659587120891,0.0087123268638906,11.344212703396378,sku_flavor,127,0.3858267716535433,472.7417465998569,0.1338582677165354,,,,,,,,,,,False,,0.062241865993165946,0.05439527787618706,2.0926701477926257,True,0.25126107283464566,0.1338582677165354,0.5420252429207305,0.7652337647668153,0.5,0.3820330020786959
0724999810470 | Lean Protein Single Serve | 40g Sachet / Taro,0724999810463 | Lean Protein Single Serve | 40g Sachet / Thai Milk Tea,136,158,149,15435,0.008811143505021,0.0102364755425979,0.0096533851635892,0.8607594936708861,89.16659587120891,0.0087123268638906,7.1124893247342245,sku_flavor,127,0.3858267716535433,472.7417465998569,0.1338582677165354,,,,,,,,,,,False,,0.062241865993165946,0.05439527787618706,2.0926701477926257,True,0.25126107283464566,0.1338582677165354,0.5420252429207305,0.7652337647668153,0.5,0.3820330020786959
0724999807814 | CLEAR PROTEIN | 500g Pack (20 Serv) / Peach,0724999808361 | LushProtein Classic Shaker | Default,46,1068,332,15435,0.0029802397149335,0.0691933916423712,0.0215095562034337,0.0430711610486891,2.002419791525653,0.0014919205684958,1.022532088037899,sku_flavor,79,0.7088607594936709,432.624510932106,0.2531645569620253,,,,,,,,,,,False,,0.38527585383329355,0.17370156712167695,1.9150845165305665,True,0.66767207278481,0.2531645569620253,0.0028195460878547504,0.4406323455785327,0.5,0.38025152213030017
0724999808361 | LushProtein Classic Shaker | Default,0724999807814 | CLEAR PROTEIN | 500g Pack (20 Serv) / Peach,46,332,1068,15435,0.0029802397149335,0.0215095562034337,0.0691933916423712,0.1385542168674698,2.002419791525653,0.0014919205684958,1.0805167621494152,sku_flavor,79,0.7088607594936709,432.624510932106,0.2531645569620253,,,,,,,,,,,False,,0.38527585383329355,0.17370156712167695,1.9150845165305665,True,0.66767207278481,0.2531645569620253,0.0028195460878547504,0.4406323455785327,0.5,0.38025152213030017
0724999807999 | Creatine Monohydrate | Default,0724999808507 | COLLAGEN GLOW | 300g Pack (30 servings),27,441,293,15435,0.0017492711370262,0.0285714285714285,0.0189828312277291,0.0612244897959183,3.2252559726962455,0.0012069045305196,1.0449965493443754,sku_flavor,32,0.71875,851.5529734848485,0.3125,,,,,,,,,,,False,,0.39516509433962266,0.23303701015965167,3.769541191766471,True,0.6804199218749999,0.3125,0.010384124390961426,0.28348163922006625,0.5,0.3768500473237022
0724999808507 | COLLAGEN GLOW | 300g Pack (30 servings),0724999807999 | Creatine Monohydrate | Default,27,293,441,15435,0.0017492711370262,0.0189828312277291,0.0285714285714285,0.0921501706484641,3.2252559726962455,0.0012069045305196,1.070032223415682,sku_flavor,32,0.71875,851.5529734848485,0.3125,,,,,,,,,,,False,,0.39516509433962266,0.23303701015965167,3.769541191766471,True,0.6804199218749999,0.3125,0.010384124390961426,0.28348163922006625,0.5,0.3768500473237022
0724999808507 | COLLAGEN GLOW | 300g Pack (30 servings),0724999807807 | CLEAR PROTEIN | 500g Pack (20 Serv) / White Grape,46,293,739,15435,0.0029802397149335,0.0189828312277291,0.047878198898607,0.1569965870307167,3.2790829781043476,0.0020713759457536,1.1294400312660249,sku_flavor,49,0.7142857142857143,1249.6814285714286,0.2244897959183673,,,,,,,,,,,False,,0.39070080862533696,0.14502680607801896,5.531923166573718,True,0.6746651785714285,0.2244897959183673,0.010717103250682073,0.4406323455785327,0.5,0.3767602750379367
0724999807807 | CLEAR PROTEIN | 500g Pack (20 Serv) / White Grape,0724999808507 | COLLAGEN GLOW | 300g Pack (30 servings),46,739,293,15435,0.0029802397149335,0.047878198898607,0.0189828312277291,0.0622462787550744,3.2790829781043467,0.0020713759457536,1.046135191519059,sku_flavor,49,0.7142857142857143,1249.6814285714286,0.2244897959183673,,,,,,,,,,,False,,0.39070080862533696,0.14502680607801896,5.531923166573718,True,0.6746651785714285,0.2244897959183673,0.010717103250682068,0.4406323455785327,0.5,0.3767602750379367
LEAN-THA-1KG-V1 | LEAN PROTEIN | 1 x 1kg Pack (25 servings) / Thai Milk Tea,LEAN-TAR-1KG-V1 | LEAN PROTEIN | 1 x 1kg Pack (25 servings) / Taro,87,550,478,15435,0.0056365403304178,0.0356333009394233,0.0309685779073534,0.1581818181818181,5.10781666032712,0.0045330276741791,1.1511172400668588,sku_flavor,96,0.5833333333333334,790.4790782828283,0.3020833333333333,,,,,,,,,,,False,,0.25974842767295603,0.22262034349298498,3.4991874135822414,True,0.505859375,0.3020833333333333,0.022029819825244153,0.6309297535714575,0.5,0.3763240728341008
LEAN-TAR-1KG-V1 | LEAN PROTEIN | 1 x 1kg Pack (25 servings) / Taro,LEAN-THA-1KG-V1 | LEAN PROTEIN | 1 x 1kg Pack (25 servings) / Thai Milk Tea,87,478,550,15435,0.0056365403304178,0.0309685779073534,0.0356333009394233,0.1820083682008368,5.107816660327121,0.0045330276741791,1.1789444556290425,sku_flavor,96,0.5833333333333334,790.4790782828283,0.3020833333333333,,,,,,,,,,,False,,0.25974842767295603,0.22262034349298498,3.4991874135822414,True,0.505859375,0.3020833333333333,0.02202981982524416,0.6309297535714575,0.5,0.3763240728341008
0724999807814 | CLEAR PROTEIN | 500g Pack (20 Serv) / Peach,0724999808361 | [FREE] LushProtein Classic Shaker | Default,68,1068,210,15435,0.0044055717525105,0.0691933916423712,0.0136054421768707,0.0636704119850187,4.679775280898877,0.0034641650634986,1.053469387755102,sku_flavor,73,0.5342465753424658,263.92342465753427,0.410958904109589,,,,,,,,,,,False,,0.21066166968208844,0.3314959142692407,1.1683010355154984,True,0.4425834760273972,0.410958904109589,0.019381916057337054,0.5571304971853778,0.5,0.3729607266248905
0724999808361 | [FREE] LushProtein Classic Shaker | Default,0724999807814 | CLEAR PROTEIN | 500g Pack (20 Serv) / Peach,68,210,1068,15435,0.0044055717525105,0.0136054421768707,0.0691933916423712,0.3238095238095238,4.679775280898877,0.0034641650634986,1.3765449841908592,sku_flavor,73,0.5342465753424658,263.92342465753427,0.410958904109589,,,,,,,,,,,False,,0.21066166968208844,0.3314959142692407,1.1683010355154984,True,0.4425834760273972,0.410958904109589,0.019381916057337054,0.5571304971853778,0.5,0.3729607266248905
0724999810494 | Clear Protein Single Serve | 25g Sachet / Peach,0724999810487 | Clear Protein Single Serve | 25g Sachet / White Grape,97,112,108,15435,0.0062844185293164,0.0072562358276643,0.0069970845481049,0.8660714285714286,123.77604166666669,0.0062336460337293,7.414421768707484,sku_flavor,91,0.3406593406593406,580.2298967698968,0.0329670329670329,,,,,,,,,,,False,,0.017074434998963273,-0.04649595687331543,2.568484362890255,True,0.19303743131868126,0.0329670329670329,0.7561224922319554,0.6635863044167214,0.5,0.3669154317462619
0724999810487 | Clear Protein Single Serve | 25g Sachet / White Grape,0724999810494 | Clear Protein Single Serve | 25g Sachet / Peach,97,108,112,15435,0.0062844185293164,0.0069970845481049,0.0072562358276643,0.8981481481481481,123.77604166666666,0.0062336460337293,9.746938775510204,sku_flavor,91,0.3406593406593406,580.2298967698968,0.0329670329670329,,,,,,,,,,,False,,0.017074434998963273,-0.04649595687331543,2.568484362890255,True,0.19303743131868126,0.0329670329670329,0.7561224922319552,0.6635863044167214,0.5,0.36691543174626184
LEAN-TAR-1KG-V1 | LEAN PROTEIN | 1 x 1kg Pack (25 servings) / Taro,ACC-SHK-V2 | LP CLASSIC SHAKER | White,60,478,581,15435,0.0038872691933916,0.0309685779073534,0.037641723356009,0.1255230125523012,3.3346776226243886,0.002721558551074,1.1004958283153772,sku_flavor,85,0.6705882352941176,738.829037433155,0.2,,,,,,,,,,,False,,0.34700332963374025,0.12053701015965168,3.2705498976535528,True,0.6183363970588234,0.2,0.01106101689028558,0.5197401027471518,0.5,0.36567413790777686
ACC-SHK-V2 | LP CLASSIC SHAKER | White,LEAN-TAR-1KG-V1 | LEAN PROTEIN | 1 x 1kg Pack (25 servings) / Taro,60,581,478,15435,0.0038872691933916,0.037641723356009,0.0309685779073534,0.1032702237521514,3.3346776226243886,0.002721558551074,1.0806281309708785,sku_flavor,85,0.6705882352941176,738.829037433155,0.2,,,,,,,,,,,False,,0.34700332963374025,0.12053701015965168,3.2705498976535528,True,0.6183363970588234,0.2,0.01106101689028558,0.5197401027471518,0.5,0.36567413790777686
COL-UNF-300G-V1 | COLLAGEN GLOW | 1 x 300g pack (30 servings),LEAN-THA-1KG-V1 | LEAN PROTEIN | 1 x 1kg Pack (25 servings) / Thai Milk Tea,34,238,550,15435,0.0022027858762552,0.0154195011337868,0.0356333009394233,0.1428571428571428,4.009090909090909,0.0016533381520192,1.1250944822373392,sku_flavor,37,0.6486486486486487,1689.970990990991,0.3243243243243243,,,,,,,,,,,False,,0.32506374298827134,0.24486133448397596,7.48093831128439,True,0.5900548986486486,0.3243243243243243,0.015233000180187759,0.35118631041173703,0.5,0.36382209727347375
LEAN-THA-1KG-V1 | LEAN PROTEIN | 1 x 1kg Pack (25 servings) / Thai Milk Tea,COL-UNF-300G-V1 | COLLAGEN GLOW | 1 x 300g pack (30 servings),34,550,238,15435,0.0022027858762552,0.0356333009394233,0.0154195011337868,0.0618181818181818,4.009090909090909,0.0016533381520192,1.049455958093832,sku_flavor,37,0.6486486486486487,1689.970990990991,0.3243243243243243,,,,,,,,,,,False,,0.32506374298827134,0.24486133448397596,7.48093831128439,True,0.5900548986486486,0.3243243243243243,0.015233000180187759,0.35118631041173703,0.5,0.36382209727347375
ACC-SHK-V2 | LP CLASSIC SHAKER | White,LEAN-POL-1KG-V1 | LEAN PROTEIN PEACH OOLONG (PRE-ORDER) | 1 x 1kg Pack (25 servings) / Peach Oolong,44,581,118,15435,0.0028506640751538,0.037641723356009,0.0076449627470035,0.0757314974182444,9.90606493771697,0.0025628945023641,1.0736653196349923,sku_flavor,55,0.6545454545454545,433.4207217630854,0.2363636363636363,,,,,,,,,,,False,,0.3309605488850772,0.15690064652328797,1.9186090765029487,True,0.5976562499999999,0.2363636363636363,0.051712229759595496,0.42743839402459627,0.5,0.3628459891465176
LEAN-POL-1KG-V1 | LEAN PROTEIN PEACH OOLONG (PRE-ORDER) | 1 x 1kg Pack (25 servings) / Peach Oolong,ACC-SHK-V2 | LP CLASSIC SHAKER | White,44,118,581,15435,0.0028506640751538,0.0076449627470035,0.037641723356009,0.3728813559322034,9.90606493771697,0.0025628945023641,1.5345713059998771,sku_flavor,55,0.6545454545454545,433.4207217630854,0.2363636363636363,,,,,,,,,,,False,,0.3309605488850772,0.15690064652328797,1.9186090765029487,True,0.5976562499999999,0.2363636363636363,0.051712229759595496,0.42743839402459627,0.5,0.3628459891465176
0724999808361 | LushProtein Classic Shaker | Default,0724999807821 | LEAN PROTEIN | 1kg Pack (25 servings) / Thai Milk Tea,38,332,611,15435,0.0024619371558147,0.0215095562034337,0.0395853579527048,0.1144578313253012,2.891418373986946,0.0016104736740979,1.0845498678901428,sku_flavor,60,0.6833333333333333,264.4181767676767,0.25,,,,,,,,,,,False,,0.359748427672956,0.17053701015965167,1.1704911382066592,True,0.6347656249999999,0.25,0.008318973968653713,0.3840197269428848,0.5,0.36219644133516343
0724999807821 | LEAN PROTEIN | 1kg Pack (25 servings) / Thai Milk Tea,0724999808361 | LushProtein Classic Shaker | Default,38,611,332,15435,0.0024619371558147,0.0395853579527048,0.0215095562034337,0.0621931260229132,2.891418373986946,0.0016104736740979,1.043381607608555,sku_flavor,60,0.6833333333333333,264.4181767676767,0.25,,,,,,,,,,,False,,0.359748427672956,0.17053701015965167,1.1704911382066592,True,0.6347656249999999,0.25,0.008318973968653713,0.3840197269428848,0.5,0.36219644133516343
0724999807999 | Creatine Monohydrate | Default,0724999807821 | LEAN PROTEIN | 1kg Pack (25 servings) / Thai Milk Tea,37,441,611,15435,0.0023971493359248,0.0285714285714285,0.0395853579527048,0.0839002267573696,2.119476268412439,0.0012661391087047,1.0483734087694483,sku_flavor,49,0.7142857142857143,431.5019975262833,0.2040816326530612,,,,,,,,,,,False,,0.39070080862533696,0.12461864281271287,1.9101155238157124,True,0.6746651785714285,0.2040816326530612,0.003543668336550595,0.3761384247245648,0.5,0.36054945911068864
0724999807821 | LEAN PROTEIN | 1kg Pack (25 servings) / Thai Milk Tea,0724999807999 | Creatine Monohydrate | Default,37,611,441,15435,0.0023971493359248,0.0395853579527048,0.0285714285714285,0.0605564648117839,2.119476268412438,0.0012661391087047,1.0340467894474863,sku_flavor,49,0.7142857142857143,431.5019975262833,0.2040816326530612,,,,,,,,,,,False,,0.39070080862533696,0.12461864281271287,1.9101155238157124,True,0.6746651785714285,0.2040816326530612,0.0035436683365505893,0.3761384247245648,0.5,0.36054945911068864
0724999808507 | COLLAGEN GLOW | 300g (30 serves) / Unflavoured,0724999807821 | LEAN PROTEIN | 1kg Pack (25 servings) / Thai Milk Tea,29,305,611,15435,0.0018788467768059,0.0197602850664075,0.0395853579527048,0.0950819672131147,2.4019478951463604,0.0010966288192047,1.0613277747261776,sku_flavor,35,0.6857142857142857,610.8856623376624,0.2857142857142857,,,,,,,,,,,False,,0.3621293800539084,0.20625129587393737,2.7041872195192735,True,0.6378348214285713,0.2857142857142857,0.005291064080753372,0.3044149785484155,0.5,0.35949947745555577
0724999807821 | LEAN PROTEIN | 1kg Pack (25 servings) / Thai Milk Tea,0724999808507 | COLLAGEN GLOW | 300g (30 serves) / Unflavoured,29,611,305,15435,0.0018788467768059,0.0395853579527048,0.0197602850664075,0.0474631751227495,2.401947895146361,0.0010966288192047,1.029083274612414,sku_flavor,35,0.6857142857142857,610.8856623376624,0.2857142857142857,,,,,,,,,,,False,,0.3621293800539084,0.20625129587393737,2.7041872195192735,True,0.6378348214285713,0.2857142857142857,0.005291064080753374,0.3044149785484155,0.5,0.35949947745555577
LEAN-TAR-40G-5PK-V1 | Lean Protein Single Serve | 5 x 40g Sachet (5 servings) *Most Popular* / Taro,LEAN-THA-40G-5PK-V1 | Lean Protein Single Serve | 5 x 40g Sachet (5 servings) *Most Popular* / Thai Milk Tea,38,111,102,15435,0.0024619371558147,0.0071914480077745,0.0066083576287657,0.3423423423423423,51.80445151033387,0.0024144134955106,1.5104996205918768,sku_flavor,36,0.6388888888888888,1347.4272222222223,0.0555555555555555,,,,,,,,,,,False,,0.3153039832285115,-0.023907434284792833,5.964611216479434,True,0.5774739583333331,0.0555555555555555,0.31089954436701184,0.3840197269428848,0.5,0.35691394430372386
LEAN-THA-40G-5PK-V1 | Lean Protein Single Serve | 5 x 40g Sachet (5 servings) *Most Popular* / Thai Milk Tea,LEAN-TAR-40G-5PK-V1 | Lean Protein Single Serve | 5 x 40g Sachet (5 servings) *Most Popular* / Taro,38,102,111,15435,0.0024619371558147,0.0066083576287657,0.0071914480077745,0.3725490196078431,51.80445151033386,0.0024144134955106,1.5822886297376095,sku_flavor,36,0.6388888888888888,1347.4272222222223,0.0555555555555555,,,,,,,,,,,False,,0.3153039832285115,-0.023907434284792833,5.964611216479434,True,0.5774739583333331,0.0555555555555555,0.3108995443670118,0.3840197269428848,0.5,0.35691394430372386
0724999810487 | CLEAR PROTEIN | 25g Sachet (1 serving) / White Grape,0724999810494 | CLEAR PROTEIN | 25g Sachet (1 serving) / Peach,142,158,158,15435,0.0091998704243602,0.0102364755425979,0.0102364755425979,0.8987341772151899,87.797228008332,0.009095084992826,9.773914804016846,sku_flavor,135,0.3481481481481481,420.0951717171717,0.0888888888888888,,,,,,,,,,,False,,0.024563242487770753,0.009425899048540465,1.8596213078437025,True,0.20269097222222215,0.0888888888888888,0.5335542060116213,0.7782391731575974,0.5,0.3564762310648527
0724999810494 | CLEAR PROTEIN | 25g Sachet (1 serving) / Peach,0724999810487 | CLEAR PROTEIN | 25g Sachet (1 serving) / White Grape,142,158,158,15435,0.0091998704243602,0.0102364755425979,0.0102364755425979,0.8987341772151899,87.797228008332,0.009095084992826,9.773914804016846,sku_flavor,135,0.3481481481481481,420.0951717171717,0.0888888888888888,,,,,,,,,,,False,,0.024563242487770753,0.009425899048540465,1.8596213078437025,True,0.20269097222222215,0.0888888888888888,0.5335542060116213,0.7782391731575974,0.5,0.3564762310648527
ACC-SHK-V2 | LP CLASSIC SHAKER | White,COL-UNF-300G-V1 | COLLAGEN GLOW | 1 x 300g pack (30 servings),30,581,238,15435,0.0019436345966958,0.037641723356009,0.0154195011337868,0.0516351118760757,3.348688873139617,0.0013632180007301,1.038187422579437,sku_flavor,37,0.7027027027027027,1408.4791728091727,0.2162162162162162,,,,,,,,,,,False,,0.3791177970423254,0.13675322637586787,6.234867853166871,True,0.6597339527027026,0.2162162162162162,0.011147691788590788,0.31436383953762553,0.5,0.3513583541532268
COL-UNF-300G-V1 | COLLAGEN GLOW | 1 x 300g pack (30 servings),ACC-SHK-V2 | LP CLASSIC SHAKER | White,30,238,581,15435,0.0019436345966958,0.0154195011337868,0.037641723356009,0.1260504201680672,3.348688873139617,0.0013632180007301,1.101159951159951,sku_flavor,37,0.7027027027027027,1408.4791728091727,0.2162162162162162,,,,,,,,,,,False,,0.3791177970423254,0.13675322637586787,6.234867853166871,True,0.6597339527027026,0.2162162162162162,0.011147691788590788,0.31436383953762553,0.5,0.3513583541532268
0724999810463 | LEAN PROTEIN | 40g Sachet (1 serving) / Thai Milk Tea,0724999810470 | LEAN PROTEIN | 40g Sachet (1 serving) / Taro,173,191,183,15435,0.0112082928409459,0.0123744735989633,0.0118561710398445,0.9057591623036648,76.39558836151403,0.0110615789654285,10.485303962854983,sku_flavor,168,0.3095238095238095,80.10227092352092,0.1071428571428571,,,,,,,,,,,False,,-0.014061096136567863,0.027679867302508765,0.3545860553625585,True,0.15290178571428567,0.1071428571428571,0.46302260315244165,0.8377720556793273,0.5,0.3409265789823874
0724999810470 | LEAN PROTEIN | 40g Sachet (1 serving) / Taro,0724999810463 | LEAN PROTEIN | 40g Sachet (1 serving) / Thai Milk Tea,173,183,191,15435,0.0112082928409459,0.0118561710398445,0.0123744735989633,0.9453551912568308,76.39558836151404,0.0110615789654285,18.073547133138987,sku_flavor,168,0.3095238095238095,80.10227092352092,0.1071428571428571,,,,,,,,,,,False,,-0.014061096136567863,0.027679867302508765,0.3545860553625585,True,0.15290178571428567,0.1071428571428571,0.4630226031524417,0.8377720556793273,0.5,0.3409265789823874
0724999807821 | LEAN PROTEIN | 1 x 1kg Pack (25 servings) / Thai Milk Tea,0724999810470 | Lean Protein Single Serve | 40g Sachet / Taro,29,312,158,15435,0.0018788467768059,0.0202137998056365,0.0102364755425979,0.0929487179487179,9.080148490749757,0.0016719287094725,1.0911880552321889,sku_flavor,31,0.6451612903225806,1709.8223949169108,0.1935483870967742,,,,,,,,,,,False,,0.3215763846622033,0.11408539725642586,7.568813860009112,True,0.5855594758064515,0.1935483870967742,0.04660303383367322,0.3044149785484155,0.5,0.3290377930651259
0724999810470 | Lean Protein Single Serve | 40g Sachet / Taro,0724999807821 | LEAN PROTEIN | 1 x 1kg Pack (25 servings) / Thai Milk Tea,29,158,312,15435,0.0018788467768059,0.0102364755425979,0.0202137998056365,0.1835443037974683,9.080148490749757,0.0016719287094725,1.2000482141915458,sku_flavor,31,0.6451612903225806,1709.8223949169108,0.1935483870967742,,,,,,,,,,,False,,0.3215763846622033,0.11408539725642586,7.568813860009112,True,0.5855594758064515,0.1935483870967742,0.04660303383367322,0.3044149785484155,0.5,0.3290377930651259
CRE-UNF-250G-V1 | CREATINE MONOHYDRATE | 1 x 250g Pack (50 servings),CLEAR-GRA-500G-V2 | CLEAR PROTEIN | 1 x 500g Pack (20 servings) / White Grape,44,435,408,15435,0.0028506640751538,0.0281827016520894,0.0264334305150631,0.1011494252873563,3.8265720081135903,0.0021056985893066,1.083123932802935,sku_flavor,44,0.6363636363636364,1466.580957300276,0.1590909090909091,,,,,,,,,,,False,,0.312778730703259,0.07962791925056076,6.492065087835735,True,0.5742187499999999,0.1590909090909091,0.014103921290063484,0.42743839402459627,0.5,0.32897489563442933
CLEAR-GRA-500G-V2 | CLEAR PROTEIN | 1 x 500g Pack (20 servings) / White Grape,CRE-UNF-250G-V1 | CREATINE MONOHYDRATE | 1 x 250g Pack (50 servings),44,408,435,15435,0.0028506640751538,0.0264334305150631,0.0281827016520894,0.1078431372549019,3.8265720081135903,0.0021056985893066,1.0892897190273283,sku_flavor,44,0.6363636363636364,1466.580957300276,0.1590909090909091,,,,,,,,,,,False,,0.312778730703259,0.07962791925056076,6.492065087835735,True,0.5742187499999999,0.1590909090909091,0.014103921290063484,0.42743839402459627,0.5,0.32897489563442933
LEAN-THA-1KG-V1 | LEAN PROTEIN | 1 x 1kg Pack (25 servings) / Thai Milk Tea,CLEAR-PEA-500G-V2 | CLEAR PROTEIN | 1 x 500g Pack (20 servings) / Peach,32,550,391,15435,0.0020732102364755,0.0356333009394233,0.0253320375769355,0.0581818181818181,2.2967681934433855,0.0011705461180878,1.03487911068086,sku_flavor,40,0.65,1619.5039696969698,0.2,,,,,,,,,,,False,,0.3264150943396227,0.12053701015965168,7.1690042946114705,True,0.5917968749999999,0.2,0.0046404126675216265,0.3333333333333333,0.5,0.32846714503350427
CLEAR-PEA-500G-V2 | CLEAR PROTEIN | 1 x 500g Pack (20 servings) / Peach,LEAN-THA-1KG-V1 | LEAN PROTEIN | 1 x 1kg Pack (25 servings) / Thai Milk Tea,32,391,550,15435,0.0020732102364755,0.0253320375769355,0.0356333009394233,0.0818414322250639,2.2967681934433855,0.0011705461180878,1.050326961929486,sku_flavor,40,0.65,1619.5039696969698,0.2,,,,,,,,,,,False,,0.3264150943396227,0.12053701015965168,7.1690042946114705,True,0.5917968749999999,0.2,0.0046404126675216265,0.3333333333333333,0.5,0.32846714503350427
0724999808361 | LP CLASSIC SHAKER | White,0724999807807 | CLEAR PROTEIN | 1 x 500g Pack (20 servings) / White Grape,40,955,207,15435,0.0025915127955944,0.0618723679948169,0.0134110787172011,0.0418848167539267,3.123150466651491,0.0017617375979962,1.0297184916121016,sku_flavor,55,0.6,1021.535746556474,0.2181818181818181,,,,,,,,,,,False,,0.27641509433962264,0.13871882834146976,4.521998273047024,True,0.5273437499999999,0.2181818181818181,0.009752490237877658,0.3991935424586058,0.5,0.3245781089618209
0724999807807 | CLEAR PROTEIN | 1 x 500g Pack (20 servings) / White Grape,0724999808361 | LP CLASSIC SHAKER | White,40,207,955,15435,0.0025915127955944,0.0134110787172011,0.0618723679948169,0.1932367149758454,3.1231504666514907,0.0017617375979962,1.1628288612279811,sku_flavor,55,0.6,1021.535746556474,0.2181818181818181,,,,,,,,,,,False,,0.27641509433962264,0.13871882834146976,4.521998273047024,True,0.5273437499999999,0.2181818181818181,0.009752490237877654,0.3991935424586058,0.5,0.3245781089618209
0724999807822 | LEAN PROTEIN | 1 x 1kg Pack (25 servings) / Taro,0724999807821 | LEAN PROTEIN | 1 x 1kg Pack (25 servings) / Thai Milk Tea,58,209,312,15435,0.0037576935536119,0.0135406543569808,0.0202137998056365,0.277511961722488,13.728836952521164,0.0034839854772025,1.3561279194743177,sku_flavor,67,0.5223880597014925,1127.6718272274986,0.208955223880597,,,,,,,,,,,False,,0.19880315404111515,0.12949223404024868,4.991827327116077,True,0.4272971082089551,0.208955223880597,0.07536025284411775,0.5096253969461918,0.5,0.32194379854358807
0724999807821 | LEAN PROTEIN | 1 x 1kg Pack (25 servings) / Thai Milk Tea,0724999807822 | LEAN PROTEIN | 1 x 1kg Pack (25 servings) / Taro,58,312,209,15435,0.0037576935536119,0.0202137998056365,0.0135406543569808,0.1858974358974359,13.728836952521164,0.0034839854772025,1.2117138418922124,sku_flavor,67,0.5223880597014925,1127.6718272274986,0.208955223880597,,,,,,,,,,,False,,0.19880315404111515,0.12949223404024868,4.991827327116077,True,0.4272971082089551,0.208955223880597,0.07536025284411775,0.5096253969461918,0.5,0.32194379854358807
CLEAR-PEA-500G-V2 | CLEAR PROTEIN | 1 x 500g Pack (20 servings) / Peach,CLEAR-GRA-500G-V2 | CLEAR PROTEIN | 1 x 500g Pack (20 servings) / White Grape,82,391,408,15435,0.0053126012309685,0.0253320375769355,0.0264334305150631,0.2097186700767263,7.93384233488792,0.0046429885758736,1.2319240409987389,sku_flavor,95,0.4526315789473684,785.2749920255181,0.2736842105263158,,,,,,,,,,,False,,0.12904667328699104,0.19422122068596748,3.4761506582384643,True,0.337376644736842,0.2736842105263158,0.03951187738207951,0.6131812395946338,0.5,0.3195136074682425
CLEAR-GRA-500G-V2 | CLEAR PROTEIN | 1 x 500g Pack (20 servings) / White Grape,CLEAR-PEA-500G-V2 | CLEAR PROTEIN | 1 x 500g Pack (20 servings) / Peach,82,408,391,15435,0.0053126012309685,0.0264334305150631,0.0253320375769355,0.2009803921568627,7.93384233488792,0.0046429885758736,1.2198298425417493,sku_flavor,95,0.4526315789473684,785.2749920255181,0.2736842105263158,,,,,,,,,,,False,,0.12904667328699104,0.19422122068596748,3.4761506582384643,True,0.337376644736842,0.2736842105263158,0.03951187738207951,0.6131812395946338,0.5,0.3195136074682425
0724999808361 | [FREE GIFT] LushProtein Classic Shaker | Default,0724999808613 | PLANT PROTEIN | 480g Pack (16 servings) / Vanilla,33,351,294,15435,0.0021379980563654,0.0227405247813411,0.019047619047619,0.094017094017094,4.935897435897435,0.0017048452033874,1.0827493261455523,sku_flavor,32,0.5,93.65495265151516,0.375,,,,,,,,,,,False,,0.17641509433962266,0.29553701015965167,0.41457926027558684,True,0.39843749999999994,0.375,0.020966311519689453,0.3423911126966284,0.5,0.3188331792084321
0724999808613 | PLANT PROTEIN | 480g Pack (16 servings) / Vanilla,0724999808361 | [FREE GIFT] LushProtein Classic Shaker | Default,33,294,351,15435,0.0021379980563654,0.019047619047619,0.0227405247813411,0.1122448979591836,4.935897435897436,0.0017048452033874,1.1008210180623974,sku_flavor,32,0.5,93.65495265151516,0.375,,,,,,,,,,,False,,0.17641509433962266,0.29553701015965167,0.41457926027558684,True,0.39843749999999994,0.375,0.02096631151968946,0.3423911126966284,0.5,0.3188331792084321
ACC-SHK-V2 | LP CLASSIC SHAKER | White,CLEAR-GRA-500G-V2 | CLEAR PROTEIN | 1 x 500g Pack (20 servings) / White Grape,68,581,408,15435,0.0044055717525105,0.037641723356009,0.0264334305150631,0.1170395869191049,4.427710843373494,0.0034105718737122,1.102616329182745,sku_flavor,79,0.5569620253164557,793.3974952052168,0.1518987341772152,,,,,,,,,,,False,,0.23337711965607832,0.07243574433686686,3.5121062725918835,True,0.47186511075949356,0.1518987341772152,0.01782262201251741,0.5571304971853778,0.5,0.316668315752462
CLEAR-GRA-500G-V2 | CLEAR PROTEIN | 1 x 500g Pack (20 servings) / White Grape,ACC-SHK-V2 | LP CLASSIC SHAKER | White,68,408,581,15435,0.0044055717525105,0.0264334305150631,0.037641723356009,0.1666666666666666,4.427710843373494,0.0034105718737122,1.154829931972789,sku_flavor,79,0.5569620253164557,793.3974952052168,0.1518987341772152,,,,,,,,,,,False,,0.23337711965607832,0.07243574433686686,3.5121062725918835,True,0.47186511075949356,0.1518987341772152,0.01782262201251741,0.5571304971853778,0.5,0.316668315752462
0724999810494 | CLEAR PROTEIN | 25g Sachet (1 serving) / Peach,0724999810470 | LEAN PROTEIN | 40g Sachet (1 serving) / Taro,50,158,183,15435,0.003239390994493,0.0102364755425979,0.0118561710398445,0.3164556962025316,26.691222245279103,0.0031180255896148,1.4456178238491164,sku_flavor,53,0.490566037735849,166.42724413950828,0.1886792452830188,,,,,,,,,,,False,,0.16698113207547166,0.10921625544267047,0.7367179397527097,True,0.3862765330188679,0.1886792452830188,0.15554677337071848,0.4654145281728092,0.5,0.3139743051264801
0724999810470 | LEAN PROTEIN | 40g Sachet (1 serving) / Taro,0724999810494 | CLEAR PROTEIN | 25g Sachet (1 serving) / Peach,50,183,158,15435,0.003239390994493,0.0118561710398445,0.0102364755425979,0.273224043715847,26.691222245279107,0.0031180255896148,1.3618550750052976,sku_flavor,53,0.490566037735849,166.42724413950828,0.1886792452830188,,,,,,,,,,,False,,0.16698113207547166,0.10921625544267047,0.7367179397527097,True,0.3862765330188679,0.1886792452830188,0.1555467733707185,0.4654145281728092,0.5,0.3139743051264801
0724999808361 | LP CLASSIC SHAKER | White,0724999807708 | LEAN PROTEIN | 1kg Pack (25 serves) / Taro,35,955,127,15435,0.0022675736961451,0.0618723679948169,0.0082280531260123,0.0366492146596858,4.454178175372058,0.0017584845652515,1.0295024013746286,sku_flavor,42,0.5952380952380952,1211.8270562770565,0.1904761904761904,,,,,,,,,,,False,,0.2716531895777179,0.11101320063584208,5.364354477255252,True,0.5212053571428571,0.1904761904761904,0.017986351388913354,0.35973372283292554,0.5,0.31153798346462624
0724999807708 | LEAN PROTEIN | 1kg Pack (25 serves) / Taro,0724999808361 | LP CLASSIC SHAKER | White,35,127,955,15435,0.0022675736961451,0.0082280531260123,0.0618723679948169,0.2755905511811024,4.454178175372058,0.0017584845652515,1.2950240137462852,sku_flavor,42,0.5952380952380952,1211.8270562770565,0.1904761904761904,,,,,,,,,,,False,,0.2716531895777179,0.11101320063584208,5.364354477255252,True,0.5212053571428571,0.1904761904761904,0.017986351388913354,0.35973372283292554,0.5,0.31153798346462624
0724999808361 | LP CLASSIC SHAKER | White,0724999810494 | Clear Protein Single Serve | 1 x 25g Sachet (1 serving) / Peach,51,955,85,15435,0.0033041788143828,0.0618723679948169,0.0055069646906381,0.0534031413612565,9.69738219895288,0.0029634498685092,1.0505982839827883,sku_flavor,56,0.6071428571428571,844.7949134199134,0.0714285714285714,,,,,,,,,,,False,,0.28355795148247975,-0.008034418411776933,3.7396255123144306,True,0.5365513392857142,0.0714285714285714,0.050421298936485115,0.4713062293238565,0.5,0.30960273882873257
0724999810494 | Clear Protein Single Serve | 1 x 25g Sachet (1 serving) / Peach,0724999808361 | LP CLASSIC SHAKER | White,51,85,955,15435,0.0033041788143828,0.0055069646906381,0.0618723679948169,0.6,9.697382198952878,0.0029634498685092,2.3453190800129575,sku_flavor,56,0.6071428571428571,844.7949134199134,0.0714285714285714,,,,,,,,,,,False,,0.28355795148247975,-0.008034418411776933,3.7396255123144306,True,0.5365513392857142,0.0714285714285714,0.0504212989364851,0.4713062293238565,0.5,0.30960273882873257
0724999810463 | LEAN PROTEIN SACHET | 40g Sachet / Thai Milk Tea,0724999810470 | LEAN PROTEIN SACHET #2 | 40g Sachet / Taro,65,178,71,15435,0.0042112082928409,0.0115322319403952,0.0045999352121801,0.3651685393258427,79.38558316189271,0.0041581607730632,1.5679753232940878,sku_flavor,66,0.3333333333333333,68.07335629017446,0.106060606060606,,,,,,,,,,,False,,0.009748427672955973,0.026597616220257664,0.30133805950731446,True,0.18359374999999997,0.106060606060606,0.48151898896570294,0.5436432511904856,0.5,0.3094435619868649
0724999810470 | LEAN PROTEIN SACHET #2 | 40g Sachet / Taro,0724999810463 | LEAN PROTEIN SACHET | 40g Sachet / Thai Milk Tea,65,71,178,15435,0.0042112082928409,0.0045999352121801,0.0115322319403952,0.9154929577464788,79.38558316189271,0.0041581607730632,11.696868588705325,sku_flavor,66,0.3333333333333333,68.07335629017446,0.106060606060606,,,,,,,,,,,False,,0.009748427672955973,0.026597616220257664,0.30133805950731446,True,0.18359374999999997,0.106060606060606,0.48151898896570294,0.5436432511904856,0.5,0.3094435619868649
0724999807807 | CLEAR PROTEIN | 1 x 500g Pack (20 servings) / White Grape,0724999807822 | LEAN PROTEIN | 1 x 1kg Pack (25 servings) / Taro,39,207,209,15435,0.0025267249757045,0.0134110787172011,0.0135406543569808,0.1884057971014492,13.91408362804244,0.0023451301942406,1.2154588365958627,sku_flavor,43,0.5348837209302325,1431.9807525502836,0.2093023255813953,,,,,,,,,,,False,,0.21129881526985517,0.12983933574104697,6.33890151362508,True,0.4434047965116278,0.2093023255813953,0.07650620600117058,0.39170148092938706,0.5,0.3094034836884793
0724999807822 | LEAN PROTEIN | 1 x 1kg Pack (25 servings) / Taro,0724999807807 | CLEAR PROTEIN | 1 x 500g Pack (20 servings) / White Grape,39,209,207,15435,0.0025267249757045,0.0135406543569808,0.0134110787172011,0.1866028708133971,13.914083628042436,0.0023451301942406,1.2129240267535586,sku_flavor,43,0.5348837209302325,1431.9807525502836,0.2093023255813953,,,,,,,,,,,False,,0.21129881526985517,0.12983933574104697,6.33890151362508,True,0.4434047965116278,0.2093023255813953,0.07650620600117057,0.39170148092938706,0.5,0.3094034836884793
0724999810463 | LEAN PROTEIN | 40g Sachet (1 serving) / Thai Milk Tea,0724999810487 | CLEAR PROTEIN | 25g Sachet (1 serving) / White Grape,57,191,158,15435,0.003692905733722,0.0123744735989633,0.0102364755425979,0.2984293193717277,29.153522433560873,0.0035662347373737,1.41078233709973,sku_flavor,57,0.4736842105263157,886.4750451887294,0.1578947368421052,,,,,,,,,,,False,,0.15009930486593837,0.07843174700175687,3.9241295637040197,True,0.36451480263157876,0.1578947368421052,0.17077879125407985,0.5044387223459939,0.5,0.30864969160271494
0724999810487 | CLEAR PROTEIN | 25g Sachet (1 serving) / White Grape,0724999810463 | LEAN PROTEIN | 40g Sachet (1 serving) / Thai Milk Tea,57,158,191,15435,0.003692905733722,0.0102364755425979,0.0123744735989633,0.360759493670886,29.15352243356087,0.0035662347373737,1.5449983482313243,sku_flavor,57,0.4736842105263157,886.4750451887294,0.1578947368421052,,,,,,,,,,,False,,0.15009930486593837,0.07843174700175687,3.9241295637040197,True,0.36451480263157876,0.1578947368421052,0.17077879125407983,0.5044387223459939,0.5,0.30864969160271494
0724999810487 | CLEAR PROTEIN | 25g Sachet (1 serving) / White Grape,0724999810470 | LEAN PROTEIN | 40g Sachet (1 serving) / Taro,51,158,183,15435,0.0033041788143828,0.0102364755425979,0.0118561710398445,0.3227848101265823,27.225046690184683,0.0031828134095046,1.4591282708009772,sku_flavor,53,0.4716981132075472,111.4983647798742,0.1886792452830188,,,,,,,,,,,False,,0.14811320754716983,0.10921625544267047,0.49356609857439243,True,0.3619545990566037,0.1886792452830188,0.15884906101625992,0.4713062293238565,0.5,0.30822193763956623
0724999810470 | LEAN PROTEIN | 40g Sachet (1 serving) / Taro,0724999810487 | CLEAR PROTEIN | 25g Sachet (1 serving) / White Grape,51,183,158,15435,0.0033041788143828,0.0118561710398445,0.0102364755425979,0.2786885245901639,27.225046690184683,0.0031828134095046,1.3721721589068527,sku_flavor,53,0.4716981132075472,111.4983647798742,0.1886792452830188,,,,,,,,,,,False,,0.14811320754716983,0.10921625544267047,0.49356609857439243,True,0.3619545990566037,0.1886792452830188,0.15884906101625992,0.4713062293238565,0.5,0.30822193763956623
0724999810487 | Clear Protein Single Serve | 1 x 25g Sachet (1 serving) / White Grape,0724999808361 | LP CLASSIC SHAKER | White,48,79,955,15435,0.0031098153547133,0.0051182377712989,0.0618723679948169,0.6075949367088608,9.820133872357346,0.0027931378638425,2.3907123525293374,sku_flavor,53,0.6037735849056604,887.9570783304748,0.0754716981132075,,,,,,,,,,,False,,0.280188679245283,-0.003991291727140828,3.930690030462195,True,0.5322081367924527,0.0754716981132075,0.05118065220031851,0.4532763865595687,0.5,0.3067579539900367
0724999808361 | LP CLASSIC SHAKER | White,0724999810487 | Clear Protein Single Serve | 1 x 25g Sachet (1 serving) / White Grape,48,955,79,15435,0.0031098153547133,0.0618723679948169,0.0051182377712989,0.050261780104712,9.820133872357347,0.0027931378638425,1.0475326162385992,sku_flavor,53,0.6037735849056604,887.9570783304748,0.0754716981132075,,,,,,,,,,,False,,0.280188679245283,-0.003991291727140828,3.930690030462195,True,0.5322081367924527,0.0754716981132075,0.051180652200318526,0.4532763865595687,0.5,0.3067579539900367
CLEAR-PEA-500G-V2 | CLEAR PROTEIN | 1 x 500g Pack (20 servings) / Peach,CRE-UNF-250G-V1 | CREATINE MONOHYDRATE | 1 x 250g Pack (50 servings),46,391,435,15435,0.0029802397149335,0.0253320375769355,0.0281827016520894,0.1176470588235294,4.174442190669371,0.0022663144576633,1.1013929381276322,sku_flavor,52,0.5384615384615384,1269.6361305361304,0.2115384615384615,,,,,,,,,,,False,,0.2148766328011611,0.13207547169811318,5.6202559812869834,True,0.4480168269230768,0.2115384615384615,0.01625587858064688,0.4406323455785327,0.5,0.3066356910144477
CRE-UNF-250G-V1 | CREATINE MONOHYDRATE | 1 x 250g Pack (50 servings),CLEAR-PEA-500G-V2 | CLEAR PROTEIN | 1 x 500g Pack (20 servings) / Peach,46,435,391,15435,0.0029802397149335,0.0281827016520894,0.0253320375769355,0.1057471264367816,4.174442190669371,0.0022663144576633,1.089924328159468,sku_flavor,52,0.5384615384615384,1269.6361305361304,0.2115384615384615,,,,,,,,,,,False,,0.2148766328011611,0.13207547169811318,5.6202559812869834,True,0.4480168269230768,0.2115384615384615,0.01625587858064688,0.4406323455785327,0.5,0.3066356910144477
CLEAR-PEA-500G-V2 | CLEAR PROTEIN | 1 x 500g Pack (20 servings) / Peach,LEAN-TAR-1KG-V1 | LEAN PROTEIN | 1 x 1kg Pack (25 servings) / Taro,27,391,478,15435,0.0017492711370262,0.0253320375769355,0.0309685779073534,0.0690537084398976,2.229799141777868,0.0009647739577729,1.0409101264786396,sku_flavor,39,0.6410256410256411,1613.7179176379177,0.1538461538461538,,,,,,,,,,,False,,0.31744073536526374,0.07438316400580547,7.1433913706320675,True,0.5802283653846153,0.1538461538461538,0.00422613588784403,0.28348163922006625,0.5,0.3058975211375018
LEAN-TAR-1KG-V1 | LEAN PROTEIN | 1 x 1kg Pack (25 servings) / Taro,CLEAR-PEA-500G-V2 | CLEAR PROTEIN | 1 x 500g Pack (20 servings) / Peach,27,478,391,15435,0.0017492711370262,0.0309685779073534,0.0253320375769355,0.0564853556485355,2.2297991417778684,0.0009647739577729,1.0330183725902988,sku_flavor,39,0.6410256410256411,1613.7179176379177,0.1538461538461538,,,,,,,,,,,False,,0.31744073536526374,0.07438316400580547,7.1433913706320675,True,0.5802283653846153,0.1538461538461538,0.0042261358878440325,0.28348163922006625,0.5,0.3058975211375018
CLEAR-GRA-500G-V2 | CLEAR PROTEIN | 1 x 500g Pack (20 servings) / White Grape,LEAN-TAR-1KG-V1 | LEAN PROTEIN | 1 x 1kg Pack (25 servings) / Taro,49,408,478,15435,0.0031746031746031,0.0264334305150631,0.0309685779073534,0.1200980392156862,3.878061161703175,0.0023559974223388,1.1012947638267403,sku_flavor,54,0.5925925925925926,1193.995039281706,0.1111111111111111,,,,,,,,,,,False,,0.2690076869322152,0.031648121270762775,5.285418081412288,True,0.5177951388888887,0.1111111111111111,0.014422437981086026,0.45940615212105784,0.5,0.30491172985882026
LEAN-TAR-1KG-V1 | LEAN PROTEIN | 1 x 1kg Pack (25 servings) / Taro,CLEAR-GRA-500G-V2 | CLEAR PROTEIN | 1 x 500g Pack (20 servings) / White Grape,49,478,408,15435,0.0031746031746031,0.0309685779073534,0.0264334305150631,0.102510460251046,3.878061161703175,0.0023559974223388,1.084766480684848,sku_flavor,54,0.5925925925925926,1193.995039281706,0.1111111111111111,,,,,,,,,,,False,,0.2690076869322152,0.031648121270762775,5.285418081412288,True,0.5177951388888887,0.1111111111111111,0.014422437981086026,0.45940615212105784,0.5,0.30491172985882026
CLEAR-PEA-500G-V2 | CLEAR PROTEIN | 1 x 500g Pack (20 servings) / Peach,ACC-SHK-V2 | LP CLASSIC SHAKER | White,72,391,581,15435,0.0046647230320699,0.0253320375769355,0.037641723356009,0.1841432225063938,4.891997658151789,0.0037111814815549,1.179567668237619,sku_flavor,92,0.4673913043478261,714.2996805006588,0.2282608695652173,,,,,,,,,,,False,,0.14380639868744877,0.14879787972486896,3.1619666101263064,True,0.3564028532608696,0.2282608695652173,0.020694743413217476,0.5742287149801953,0.5,0.304259329299238
ACC-SHK-V2 | LP CLASSIC SHAKER | White,CLEAR-PEA-500G-V2 | CLEAR PROTEIN | 1 x 500g Pack (20 servings) / Peach,72,581,391,15435,0.0046647230320699,0.037641723356009,0.0253320375769355,0.1239242685025817,4.891997658151789,0.0037111814815549,1.1125384797009832,sku_flavor,92,0.4673913043478261,714.2996805006588,0.2282608695652173,,,,,,,,,,,False,,0.14380639868744877,0.14879787972486896,3.1619666101263064,True,0.3564028532608696,0.2282608695652173,0.020694743413217476,0.5742287149801953,0.5,0.304259329299238
CLEAR-PEA-25G-5PK-V2 | Clear Protein Single Serve | 5 x 25g (5 servings) *MOST POPULAR* / Peach,CLEAR-GRA-25G-5PK-V2 | Clear Protein Single Serve | 5 x 25g (5 servings) *MOST POPULAR* / White Grape,44,89,88,15435,0.0028506640751538,0.0057661159701976,0.0057013281503077,0.4943820224719101,86.71348314606742,0.002817789555855,1.96650181765828,sku_flavor,37,0.4054054054054054,1288.9932432432431,0.0,,,,,,,,,,,False,,0.08182049974502803,-0.07946298984034833,5.705943467532871,True,0.2764991554054054,0.0,0.5268500595385082,0.42743839402459627,0.5,0.3024355176330127
CLEAR-GRA-25G-5PK-V2 | Clear Protein Single Serve | 5 x 25g (5 servings) *MOST POPULAR* / White Grape,CLEAR-PEA-25G-5PK-V2 | Clear Protein Single Serve | 5 x 25g (5 servings) *MOST POPULAR* / Peach,44,88,89,15435,0.0028506640751538,0.0057013281503077,0.0057661159701976,0.5,86.71348314606742,0.002817789555855,1.9884677680596048,sku_flavor,37,0.4054054054054054,1288.9932432432431,0.0,,,,,,,,,,,False,,0.08182049974502803,-0.07946298984034833,5.705943467532871,True,0.2764991554054054,0.0,0.5268500595385082,0.42743839402459627,0.5,0.3024355176330127
0724999807814 | CLEAR PROTEIN | 500g Pack (20 servings) / Peach,0724999807807 | CLEAR PROTEIN | 500g Pack (20 servings) / White Grape,29,116,92,15435,0.0018788467768059,0.0075153871072238,0.0059604794298671,0.25,41.942934782608695,0.0018340514665458,1.3253860274268436,sku_flavor,30,0.4666666666666667,1852.186292929293,0.2,,,,,,,,,,,False,,0.14308176100628933,0.12053701015965168,8.19901138674896,True,0.35546874999999994,0.2,0.24989528506969347,0.3044149785484155,0.5,0.30228192879620097
0724999807807 | CLEAR PROTEIN | 500g Pack (20 servings) / White Grape,0724999807814 | CLEAR PROTEIN | 500g Pack (20 servings) / Peach,29,92,116,15435,0.0018788467768059,0.0059604794298671,0.0075153871072238,0.3152173913043478,41.942934782608695,0.0018340514665458,1.4493426093037367,sku_flavor,30,0.4666666666666667,1852.186292929293,0.2,,,,,,,,,,,False,,0.14308176100628933,0.12053701015965168,8.19901138674896,True,0.35546874999999994,0.2,0.24989528506969347,0.3044149785484155,0.5,0.30228192879620097
CLEAR-GRA-500G-V2 | CLEAR PROTEIN | 1 x 500g Pack (20 servings) / White Grape,LEAN-THA-1KG-V1 | LEAN PROTEIN | 1 x 1kg Pack (25 servings) / Thai Milk Tea,30,408,550,15435,0.0019436345966958,0.0264334305150631,0.0356333009394233,0.0735294117647058,2.063502673796792,0.0010017242122912,1.040903738668559,sku_flavor,41,0.6341463414634146,1744.9568810051735,0.1219512195121951,,,,,,,,,,,False,,0.3105614358030373,0.042488229671846775,7.724342519628793,True,0.5713605182926829,0.1219512195121951,0.003197410476424894,0.31436383953762553,0.5,0.29969001839178244
LEAN-THA-1KG-V1 | LEAN PROTEIN | 1 x 1kg Pack (25 servings) / Thai Milk Tea,CLEAR-GRA-500G-V2 | CLEAR PROTEIN | 1 x 500g Pack (20 servings) / White Grape,30,550,408,15435,0.0019436345966958,0.0356333009394233,0.0264334305150631,0.0545454545454545,2.0635026737967914,0.0010017242122912,1.0297338715706064,sku_flavor,41,0.6341463414634146,1744.9568810051735,0.1219512195121951,,,,,,,,,,,False,,0.3105614358030373,0.042488229671846775,7.724342519628793,True,0.5713605182926829,0.1219512195121951,0.0031974104764248908,0.31436383953762553,0.5,0.29969001839178244
0724999810463 | Lean Protein Single Serve | 40g Sachet / Thai Milk Tea,0724999808361 | LP CLASSIC SHAKER | White,92,149,955,15435,0.0059604794298671,0.0096533851635892,0.0618723679948169,0.6174496644295302,9.979408974313923,0.0053632016306298,2.452298546820566,sku_flavor,94,0.4361702127659574,582.9617246937462,0.1808510638297872,,,,,,,,,,,False,,0.11258530710558007,0.10138807398943886,2.5805772545933117,True,0.31615691489361697,0.1808510638297872,0.052165942788737686,0.647697172870959,0.5,0.2976476049139233
0724999808361 | LP CLASSIC SHAKER | White,0724999810463 | Lean Protein Single Serve | 40g Sachet / Thai Milk Tea,92,955,149,15435,0.0059604794298671,0.0618723679948169,0.0096533851635892,0.0963350785340314,9.979408974313923,0.0053632016306298,1.0959223837413352,sku_flavor,94,0.4361702127659574,582.9617246937462,0.1808510638297872,,,,,,,,,,,False,,0.11258530710558007,0.10138807398943886,2.5805772545933117,True,0.31615691489361697,0.1808510638297872,0.052165942788737686,0.647697172870959,0.5,0.2976476049139233
CLEAR-GRA-500G-V2 | CLEAR PROTEIN | 1 x 500g Pack (20 servings) / White Grape,COL-UNF-300G-V1 | COLLAGEN GLOW | 1 x 300g pack (30 servings),27,408,238,15435,0.0017492711370262,0.0264334305150631,0.0154195011337868,0.0661764705882353,4.29173875432526,0.0013416808252293,1.0543539200457086,sku_flavor,30,0.6666666666666666,1897.228111111111,0.0666666666666666,,,,,,,,,,,False,,0.3430817610062893,-0.012796323173681734,8.39839650344181,True,0.6132812499999999,0.0666666666666666,0.016981486028417127,0.28348163922006625,0.5,0.29656958475535994
COL-UNF-300G-V1 | COLLAGEN GLOW | 1 x 300g pack (30 servings),CLEAR-GRA-500G-V2 | CLEAR PROTEIN | 1 x 500g Pack (20 servings) / White Grape,27,238,408,15435,0.0017492711370262,0.0154195011337868,0.0264334305150631,0.1134453781512605,4.29173875432526,0.0013416808252293,1.0981461779024406,sku_flavor,30,0.6666666666666666,1897.228111111111,0.0666666666666666,,,,,,,,,,,False,,0.3430817610062893,-0.012796323173681734,8.39839650344181,True,0.6132812499999999,0.0666666666666666,0.016981486028417127,0.28348163922006625,0.5,0.29656958475535994
0724999810463 | LEAN PROTEIN | 40g Sachet (1 serving) / Thai Milk Tea,0724999810494 | CLEAR PROTEIN | 25g Sachet (1 serving) / Peach,51,191,158,15435,0.0033041788143828,0.0123744735989633,0.0102364755425979,0.2670157068062827,26.0847305984492,0.0031775078180345,1.3503202369383127,sku_flavor,54,0.4814814814814814,916.5735241301908,0.1296296296296296,,,,,,,,,,,False,,0.15789657582110406,0.050166639789281264,4.057365498181528,True,0.37456597222222204,0.1296296296296296,0.15179495965824472,0.4713062293238565,0.5,0.2958321254043014
0724999810494 | CLEAR PROTEIN | 25g Sachet (1 serving) / Peach,0724999810463 | LEAN PROTEIN | 40g Sachet (1 serving) / Thai Milk Tea,51,158,191,15435,0.0033041788143828,0.0102364755425979,0.0123744735989633,0.3227848101265823,26.0847305984492,0.0031775078180345,1.4583629268351754,sku_flavor,54,0.4814814814814814,916.5735241301908,0.1296296296296296,,,,,,,,,,,False,,0.15789657582110406,0.050166639789281264,4.057365498181528,True,0.37456597222222204,0.1296296296296296,0.15179495965824472,0.4713062293238565,0.5,0.2958321254043014
0724999807807 | CLEAR PROTEIN | 1 x 500g Pack (20 servings) / White Grape,0724999807814 | CLEAR PROTEIN | 1 x 500g Pack (20 servings) / Peach,57,207,268,15435,0.003692905733722,0.0134110787172011,0.0173631357304826,0.2753623188405797,15.859020116807269,0.0034600473536631,1.356038872691934,sku_flavor,61,0.4754098360655737,1080.841717117425,0.1639344262295081,,,,,,,,,,,False,,0.15182493040519635,0.08447143638915977,4.784526038092955,True,0.3667392418032786,0.1639344262295081,0.08853776394031078,0.5044387223459939,0.5,0.29437874023832183
0724999807814 | CLEAR PROTEIN | 1 x 500g Pack (20 servings) / Peach,0724999807807 | CLEAR PROTEIN | 1 x 500g Pack (20 servings) / White Grape,57,268,207,15435,0.003692905733722,0.0173631357304826,0.0134110787172011,0.2126865671641791,15.859020116807269,0.0034600473536631,1.253108203335498,sku_flavor,61,0.4754098360655737,1080.841717117425,0.1639344262295081,,,,,,,,,,,False,,0.15182493040519635,0.08447143638915977,4.784526038092955,True,0.3667392418032786,0.1639344262295081,0.08853776394031078,0.5044387223459939,0.5,0.29437874023832183
0724999810470 | Lean Protein Single Serve | 40g Sachet / Taro,0724999808361 | LP CLASSIC SHAKER | White,94,158,955,15435,0.0060900550696469,0.0102364755425979,0.0618723679948169,0.5949367088607594,9.615547750016567,0.0054567000879053,2.3160025915127953,sku_flavor,97,0.422680412371134,560.9329334582943,0.1752577319587628,,,,,,,,,,,False,,0.09909550671075668,0.09579474211841446,2.483063137970551,True,0.29876771907216493,0.1752577319587628,0.04991506342726283,0.6541530137733881,0.5,0.291550713462801
0724999808361 | LP CLASSIC SHAKER | White,0724999810470 | Lean Protein Single Serve | 40g Sachet / Taro,94,955,158,15435,0.0060900550696469,0.0618723679948169,0.0102364755425979,0.0984293193717277,9.61554775001657,0.0054567000879053,1.097821330844157,sku_flavor,97,0.422680412371134,560.9329334582943,0.1752577319587628,,,,,,,,,,,False,,0.09909550671075668,0.09579474211841446,2.483063137970551,True,0.29876771907216493,0.1752577319587628,0.049915063427262846,0.6541530137733881,0.5,0.291550713462801
0724999808361 | LP CLASSIC SHAKER | White,0724999807814 | CLEAR PROTEIN | 1 x 500g Pack (20 servings) / Peach,42,955,268,15435,0.0027210884353741,0.0618723679948169,0.0173631357304826,0.043979057591623,2.532898335547394,0.0016467901119137,1.0278403125710724,sku_flavor,59,0.5254237288135594,985.1299024139702,0.1864406779661017,,,,,,,,,,,False,,0.20183882315318202,0.10697768812575337,4.36084173506373,True,0.4312102754237288,0.1864406779661017,0.006101135679462253,0.4136445152845138,0.5,0.2892401565472136
0724999807814 | CLEAR PROTEIN | 1 x 500g Pack (20 servings) / Peach,0724999808361 | LP CLASSIC SHAKER | White,42,268,955,15435,0.0027210884353741,0.0173631357304826,0.0618723679948169,0.1567164179104477,2.532898335547394,0.0016467901119137,1.1124699352981815,sku_flavor,59,0.5254237288135594,985.1299024139702,0.1864406779661017,,,,,,,,,,,False,,0.20183882315318202,0.10697768812575337,4.36084173506373,True,0.4312102754237288,0.1864406779661017,0.006101135679462253,0.4136445152845138,0.5,0.2892401565472136
0724999808361 | LP CLASSIC SHAKER | White,0724999807821 | LEAN PROTEIN | 1kg Pack (25 serves) / Thai Milk Tea,42,955,198,15435,0.0027210884353741,0.0618723679948169,0.0128279883381924,0.043979057591623,3.4283674440742504,0.0019273904202802,1.0325840866780134,sku_flavor,53,0.5094339622641509,1010.551275014294,0.1698113207547169,,,,,,,,,,,False,,0.1858490566037736,0.09034833091436856,4.473373678644418,True,0.410598466981132,0.1698113207547169,0.011640590836063924,0.4136445152845138,0.5,0.2800071657429087
0724999807821 | LEAN PROTEIN | 1kg Pack (25 serves) / Thai Milk Tea,0724999808361 | LP CLASSIC SHAKER | White,42,198,955,15435,0.0027210884353741,0.0128279883381924,0.0618723679948169,0.2121212121212121,3.4283674440742504,0.0019273904202802,1.1907004560065786,sku_flavor,53,0.5094339622641509,1010.551275014294,0.1698113207547169,,,,,,,,,,,False,,0.1858490566037736,0.09034833091436856,4.473373678644418,True,0.410598466981132,0.1698113207547169,0.011640590836063924,0.4136445152845138,0.5,0.2800071657429087
CLEAR-PEA-25G-V2 | Clear Protein Single Serve | 1 x 25g (1 serving) / Peach,CLEAR-GRA-25G-V2 | Clear Protein Single Serve | 1 x 25g (1 serving) / White Grape,99,152,127,15435,0.0064139941690962,0.0098477486232588,0.0082280531260123,0.6513157894736842,79.1579465395773,0.0063329663702524,2.844327092921625,sku_flavor,89,0.2584269662921348,558.6100136193393,0.0224719101123595,,,,,,,,,,,False,,-0.06515793936824255,-0.05699107972798883,2.4727803460706195,True,0.08703476123595502,0.0224719101123595,0.48011080765681224,0.6697160699782104,0.5,0.2782079779269704
CLEAR-GRA-25G-V2 | Clear Protein Single Serve | 1 x 25g (1 serving) / White Grape,CLEAR-PEA-25G-V2 | Clear Protein Single Serve | 1 x 25g (1 serving) / Peach,99,127,152,15435,0.0064139941690962,0.0082280531260123,0.0098477486232588,0.7795275590551181,79.15794653957728,0.0063329663702524,4.491047711601646,sku_flavor,89,0.2584269662921348,558.6100136193393,0.0224719101123595,,,,,,,,,,,False,,-0.06515793936824255,-0.05699107972798883,2.4727803460706195,True,0.08703476123595502,0.0224719101123595,0.48011080765681213,0.6697160699782104,0.5,0.2782079779269704
LEAN-THA-40G-V1 | Lean Protein Single Serve | 1 x 40g Sachet (1 serving) / Thai Milk Tea,LEAN-TAR-40G-V1 | Lean Protein Single Serve | 1 x 40g Sachet (1 serving) / Taro,127,177,164,15435,0.0082280531260123,0.0114674441205053,0.0106252024619371,0.7175141242937854,67.52945431996693,0.0081062092105109,3.5023867832847433,sku_flavor,112,0.25,492.1058333333333,0.0446428571428571,,,,,,,,,,,False,,-0.07358490566037734,-0.03482013269749123,2.178388505728788,True,0.07617187500000001,0.0446428571428571,0.40817587369198394,0.7446166454520212,0.5,0.2773399483419142
LEAN-TAR-40G-V1 | Lean Protein Single Serve | 1 x 40g Sachet (1 serving) / Taro,LEAN-THA-40G-V1 | Lean Protein Single Serve | 1 x 40g Sachet (1 serving) / Thai Milk Tea,127,164,177,15435,0.0082280531260123,0.0106252024619371,0.0114674441205053,0.774390243902439,67.52945431996693,0.0081062092105109,4.381603761195598,sku_flavor,112,0.25,492.1058333333333,0.0446428571428571,,,,,,,,,,,False,,-0.07358490566037734,-0.03482013269749123,2.178388505728788,True,0.07617187500000001,0.0446428571428571,0.40817587369198394,0.7446166454520212,0.5,0.2773399483419142
0724999807814 | CLEAR PROTEIN | 1 x 500g Pack (20 servings) / Peach,0724999807822 | LEAN PROTEIN | 1 x 1kg Pack (25 servings) / Taro,30,268,209,15435,0.0019436345966958,0.0173631357304826,0.0135406543569808,0.1119402985074626,8.266978504606156,0.001708526377216,1.1108029606400385,sku_flavor,33,0.5151515151515151,2043.7370064279155,0.1818181818181818,,,,,,,,,,,False,,0.1915666094911378,0.10235519197783347,9.04694255172441,True,0.4179687499999999,0.1818181818181818,0.041572688699437046,0.31436383953762553,0.5,0.27631428412507664
0724999807822 | LEAN PROTEIN | 1 x 1kg Pack (25 servings) / Taro,0724999807814 | CLEAR PROTEIN | 1 x 500g Pack (20 servings) / Peach,30,209,268,15435,0.0019436345966958,0.0135406543569808,0.0173631357304826,0.1435406698564593,8.266978504606156,0.001708526377216,1.1473246068845202,sku_flavor,33,0.5151515151515151,2043.7370064279155,0.1818181818181818,,,,,,,,,,,False,,0.1915666094911378,0.10235519197783347,9.04694255172441,True,0.4179687499999999,0.1818181818181818,0.041572688699437046,0.31436383953762553,0.5,0.27631428412507664
0724999807821 | LEAN PROTEIN | 1 x 1kg Pack (25 servings) / Thai Milk Tea,0724999807807 | CLEAR PROTEIN | 1 x 500g Pack (20 servings) / White Grape,32,312,207,15435,0.0020732102364755,0.0202137998056365,0.0134110787172011,0.1025641025641025,7.647714604236343,0.0018021213761084,1.099341940857976,sku_flavor,37,0.5135135135135135,1647.260040950041,0.1621621621621621,,,,,,,,,,,False,,0.18992860785313614,0.08269917232181376,7.29187117097488,True,0.41585726351351343,0.1621621621621621,0.03774186463913621,0.3333333333333333,0.5,0.27284609252242176
0724999807807 | CLEAR PROTEIN | 1 x 500g Pack (20 servings) / White Grape,0724999807821 | LEAN PROTEIN | 1 x 1kg Pack (25 servings) / Thai Milk Tea,32,207,312,15435,0.0020732102364755,0.0134110787172011,0.0202137998056365,0.1545893719806763,7.647714604236342,0.0018021213761084,1.1589471053727614,sku_flavor,37,0.5135135135135135,1647.260040950041,0.1621621621621621,,,,,,,,,,,False,,0.18992860785313614,0.08269917232181376,7.29187117097488,True,0.41585726351351343,0.1621621621621621,0.0377418646391362,0.3333333333333333,0.5,0.27284609252242176
0724999810463 | Lean Protein Single Serve | 40g Sachet / Thai Milk Tea,0724999810487 | Clear Protein Single Serve | 25g Sachet / White Grape,59,149,108,15435,0.0038224813735017,0.0096533851635892,0.0069970845481049,0.3959731543624161,56.59116331096197,0.0037549358213367,1.6439714933592484,sku_flavor,57,0.3684210526315789,909.582663476874,0.0350877192982456,,,,,,,,,,,False,,0.044836146971201585,-0.04437527054210273,4.026419288116951,True,0.2288240131578947,0.0350877192982456,0.34051058858357525,0.5147248964055678,0.5,0.27272998594948006
0724999810487 | Clear Protein Single Serve | 25g Sachet / White Grape,0724999810463 | Lean Protein Single Serve | 40g Sachet / Thai Milk Tea,59,108,149,15435,0.0038224813735017,0.0069970845481049,0.0096533851635892,0.5462962962962963,56.59116331096197,0.0037549358213367,2.1828047837210685,sku_flavor,57,0.3684210526315789,909.582663476874,0.0350877192982456,,,,,,,,,,,False,,0.044836146971201585,-0.04437527054210273,4.026419288116951,True,0.2288240131578947,0.0350877192982456,0.34051058858357525,0.5147248964055678,0.5,0.27272998594948006
0724999810494 | Clear Protein Single Serve | 25g Sachet / Peach,0724999810470 | Lean Protein Single Serve | 40g Sachet / Taro,60,112,158,15435,0.0038872691933916,0.0072562358276643,0.0102364755425979,0.5357142857142857,52.333860759493675,0.0038129909128104,2.131798360369789,sku_flavor,58,0.3793103448275862,885.1386624869383,0.0344827586206896,,,,,,,,,,,False,,0.055725439167208846,-0.04498023121965873,3.91821384289836,True,0.2428609913793103,0.0344827586206896,0.31417451920119166,0.5197401027471518,0.5,0.2722749063212766
0724999810470 | Lean Protein Single Serve | 40g Sachet / Taro,0724999810494 | Clear Protein Single Serve | 25g Sachet / Peach,60,158,112,15435,0.0038872691933916,0.0102364755425979,0.0072562358276643,0.379746835443038,52.333860759493675,0.0038129909128104,1.6005460687676432,sku_flavor,58,0.3793103448275862,885.1386624869383,0.0344827586206896,,,,,,,,,,,False,,0.055725439167208846,-0.04498023121965873,3.91821384289836,True,0.2428609913793103,0.0344827586206896,0.31417451920119166,0.5197401027471518,0.5,0.2722749063212766
0724999810487 | Clear Protein Single Serve | 25g Sachet / White Grape,0724999810470 | Lean Protein Single Serve | 40g Sachet / Taro,60,108,158,15435,0.0038872691933916,0.0069970845481049,0.0102364755425979,0.5555555555555556,54.27215189873418,0.0038156437085454,2.2269679300291547,sku_flavor,58,0.3793103448275862,885.5384900731451,0.0172413793103448,,,,,,,,,,,False,,0.055725439167208846,-0.06222161053000353,3.9199837463603178,True,0.2428609913793103,0.0172413793103448,0.32616496839036,0.5197401027471518,0.5,0.27036265133152404
0724999810470 | Lean Protein Single Serve | 40g Sachet / Taro,0724999810487 | Clear Protein Single Serve | 25g Sachet / White Grape,60,158,108,15435,0.0038872691933916,0.0102364755425979,0.0069970845481049,0.379746835443038,54.27215189873418,0.0038156437085454,1.6009638840959124,sku_flavor,58,0.3793103448275862,885.5384900731451,0.0172413793103448,,,,,,,,,,,False,,0.055725439167208846,-0.06222161053000353,3.9199837463603178,True,0.2428609913793103,0.0172413793103448,0.32616496839036,0.5197401027471518,0.5,0.27036265133152404
0724999810470 | Lean Protein Single Serve | 1 x 40g Sachet (1 serving) / Taro,0724999808361 | LP CLASSIC SHAKER | White,62,104,955,15435,0.0040168448331713,0.0067379332685455,0.0618723679948169,0.5961538461538461,9.635219492549336,0.0035999529464553,2.3229827078223577,sku_flavor,66,0.4393939393939394,732.3398530762169,0.1212121212121212,,,,,,,,,,,False,,0.11580903373356205,0.04174913137177287,3.2418244413447797,True,0.3203125,0.1212121212121212,0.05003675465544127,0.529528470172428,0.5,0.2658334017599827
0724999808361 | LP CLASSIC SHAKER | White,0724999810470 | Lean Protein Single Serve | 1 x 40g Sachet (1 serving) / Taro,62,955,104,15435,0.0040168448331713,0.0618723679948169,0.0067379332685455,0.0649214659685863,9.635219492549336,0.0035999529464553,1.0622231508718245,sku_flavor,66,0.4393939393939394,732.3398530762169,0.1212121212121212,,,,,,,,,,,False,,0.11580903373356205,0.04174913137177287,3.2418244413447797,True,0.3203125,0.1212121212121212,0.05003675465544127,0.529528470172428,0.5,0.2658334017599827
0724999810487 | CLEAR PROTEIN | 25g Sachet (1 serving) / White Grape,0724999808361 | LP CLASSIC SHAKER | White,110,158,955,15435,0.0071266601878846,0.0102364755425979,0.0618723679948169,0.6962025316455697,11.252236728742794,0.0064933052061431,3.0880034553503943,sku_flavor,117,0.3846153846153846,449.2892877492878,0.094017094017094,,,,,,,,,,,False,,0.06103047895500724,0.014554104176745672,1.9888539291448946,True,0.2496995192307692,0.094017094017094,0.06003977361170825,0.7013802631913781,0.5,0.26562912347455264
0724999808361 | LP CLASSIC SHAKER | White,0724999810487 | CLEAR PROTEIN | 25g Sachet (1 serving) / White Grape,110,955,158,15435,0.0071266601878846,0.0618723679948169,0.0102364755425979,0.1151832460732984,11.252236728742794,0.0064933052061431,1.1186084803039278,sku_flavor,117,0.3846153846153846,449.2892877492878,0.094017094017094,,,,,,,,,,,False,,0.06103047895500724,0.014554104176745672,1.9888539291448946,True,0.2496995192307692,0.094017094017094,0.06003977361170825,0.7013802631913781,0.5,0.26562912347455264
0724999810494 | Clear Protein Single Serve | 25g Sachet / Peach,0724999810463 | Lean Protein Single Serve | 40g Sachet / Thai Milk Tea,60,112,149,15435,0.0038872691933916,0.0072562358276643,0.0096533851635892,0.5357142857142857,55.49496644295302,0.0038172219541093,2.1330542473399614,sku_flavor,58,0.3620689655172414,891.5534900731452,0.0172413793103448,,,,,,,,,,,False,,0.03848405985686404,-0.06222161053000353,3.946610146566152,True,0.22063577586206895,0.0172413793103448,0.3337294128452716,0.5197401027471518,0.5,0.265207975567334
0724999810463 | Lean Protein Single Serve | 40g Sachet / Thai Milk Tea,0724999810494 | Clear Protein Single Serve | 25g Sachet / Peach,60,149,112,15435,0.0038872691933916,0.0096533851635892,0.0072562358276643,0.4026845637583892,55.494966442953015,0.0038172219541093,1.6620092231649213,sku_flavor,58,0.3620689655172414,891.5534900731452,0.0172413793103448,,,,,,,,,,,False,,0.03848405985686404,-0.06222161053000353,3.946610146566152,True,0.22063577586206895,0.0172413793103448,0.3337294128452715,0.5197401027471518,0.5,0.26520797556733394
0724999810463 | Lean Protein Single Serve | 1 x 40g Sachet (1 serving) / Thai Milk Tea,0724999808361 | LP CLASSIC SHAKER | White,63,114,955,15435,0.0040816326530612,0.0073858114674441,0.0618723679948169,0.5526315789473685,8.93179939377239,0.0036246550080071,2.0969911774233503,sku_flavor,67,0.4328358208955223,727.4029895974674,0.1194029850746268,,,,,,,,,,,False,,0.10925091523514496,0.039939995234278464,3.2199705921765753,True,0.3118586753731342,0.1194029850746268,0.04568533252783993,0.5343067275948687,0.5,0.26269142452539523
0724999808361 | LP CLASSIC SHAKER | White,0724999810463 | Lean Protein Single Serve | 1 x 40g Sachet (1 serving) / Thai Milk Tea,63,955,114,15435,0.0040816326530612,0.0618723679948169,0.0073858114674441,0.0659685863874345,8.931799393772389,0.0036246550080071,1.0627203475881064,sku_flavor,67,0.4328358208955223,727.4029895974674,0.1194029850746268,,,,,,,,,,,False,,0.10925091523514496,0.039939995234278464,3.2199705921765753,True,0.3118586753731342,0.1194029850746268,0.04568533252783992,0.5343067275948687,0.5,0.26269142452539523
0724999810494 | CLEAR PROTEIN | 25g Sachet (1 serving) / Peach,0724999808361 | LP CLASSIC SHAKER | White,107,158,955,15435,0.006932296728215,0.0102364755425979,0.0618723679948169,0.6772151898734177,10.945357545231625,0.0062989417464735,2.9063561932709585,sku_flavor,114,0.3771929824561403,457.1883705475811,0.0964912280701754,,,,,,,,,,,False,,0.05360807679576296,0.017028238229827075,2.0238205359356467,True,0.24013157894736836,0.0964912280701754,0.05814139045212473,0.693067056166259,0.5,0.2617506172171181
0724999808361 | LP CLASSIC SHAKER | White,0724999810494 | CLEAR PROTEIN | 25g Sachet (1 serving) / Peach,107,955,158,15435,0.006932296728215,0.0618723679948169,0.0102364755425979,0.1120418848167539,10.945357545231628,0.0062989417464735,1.114651138982098,sku_flavor,114,0.3771929824561403,457.1883705475811,0.0964912280701754,,,,,,,,,,,False,,0.05360807679576296,0.017028238229827075,2.0238205359356467,True,0.24013157894736836,0.0964912280701754,0.05814139045212475,0.693067056166259,0.5,0.2617506172171181
0724999808361 | LP CLASSIC SHAKER | White,0724999810470 | LEAN PROTEIN | 40g Sachet (1 serving) / Taro,148,955,183,15435,0.0095885973436993,0.0618723679948169,0.0118561710398445,0.1549738219895288,13.071152690756158,0.0088550279661126,1.1693647542217454,sku_flavor,153,0.3137254901960784,73.89804911863736,0.1045751633986928,,,,,,,,,,,False,,-0.009859415464298915,0.02511217355834447,0.327122033293965,True,0.15831801470588236,0.1045751633986928,0.07129175685630706,0.7907099589872921,0.5,0.2565040404807931
0724999810470 | LEAN PROTEIN | 40g Sachet (1 serving) / Taro,0724999808361 | LP CLASSIC SHAKER | White,148,183,955,15435,0.0095885973436993,0.0118561710398445,0.0618723679948169,0.8087431693989071,13.071152690756158,0.0088550279661126,4.905067333055672,sku_flavor,153,0.3137254901960784,73.89804911863736,0.1045751633986928,,,,,,,,,,,False,,-0.009859415464298915,0.02511217355834447,0.327122033293965,True,0.15831801470588236,0.1045751633986928,0.07129175685630706,0.7907099589872921,0.5,0.2565040404807931
0724999810463 | LEAN PROTEIN | 40g Sachet (1 serving) / Thai Milk Tea,0724999808361 | LP CLASSIC SHAKER | White,149,191,955,15435,0.0096533851635892,0.0123744735989633,0.0618723679948169,0.7801047120418848,12.608289246457058,0.008887747179332,4.266247088404523,sku_flavor,154,0.3116883116883117,361.9335812672177,0.0909090909090909,,,,,,,,,,,False,,-0.011896593972065661,0.011446101068742567,1.6021593321282785,True,0.15569196428571427,0.0909090909090909,0.06842844055772125,0.7927394854543911,0.5,0.2520314729426899
0724999808361 | LP CLASSIC SHAKER | White,0724999810463 | LEAN PROTEIN | 40g Sachet (1 serving) / Thai Milk Tea,149,955,191,15435,0.0096533851635892,0.0618723679948169,0.0123744735989633,0.1560209424083769,12.60828924645706,0.008887747179332,1.1702014611823697,sku_flavor,154,0.3116883116883117,361.9335812672177,0.0909090909090909,,,,,,,,,,,False,,-0.011896593972065661,0.011446101068742567,1.6021593321282785,True,0.15569196428571427,0.0909090909090909,0.06842844055772125,0.7927394854543911,0.5,0.2520314729426899
0724999810463 | LEAN PROTEIN SACHET | 40g Sachet / Thai Milk Tea,0724999810463 | LEAN PROTEIN SACHET #2 | 40g Sachet / Thai Milk Tea,33,178,55,15435,0.0021379980563654,0.0115322319403952,0.0035633300939423,0.1853932584269663,52.028089887640455,0.0020969049072418,1.2232119120226086,sku_flavor,33,0.3333333333333333,111.27389348025712,0.1212121212121212,,,,,,,,,,,False,,0.009748427672955973,0.04174913137177287,0.4925724389470727,True,0.18359374999999997,0.1212121212121212,0.3122829921605633,0.3423911126966284,0.5,0.2491964206396372
0724999810463 | LEAN PROTEIN SACHET #2 | 40g Sachet / Thai Milk Tea,0724999810463 | LEAN PROTEIN SACHET | 40g Sachet / Thai Milk Tea,33,55,178,15435,0.0021379980563654,0.0035633300939423,0.0115322319403952,0.6,52.02808988764045,0.0020969049072418,2.471169420149012,sku_flavor,33,0.3333333333333333,111.27389348025712,0.1212121212121212,,,,,,,,,,,False,,0.009748427672955973,0.04174913137177287,0.4925724389470727,True,0.18359374999999997,0.1212121212121212,0.31228299216056327,0.3423911126966284,0.5,0.2491964206396372
0724999808361 | LP CLASSIC SHAKER | White,0724999810463 | LEAN PROTEIN SACHET | 40g Sachet / Thai Milk Tea,158,955,178,15435,0.0102364755425979,0.0618723679948169,0.0115322319403952,0.1654450261780104,14.346314489087591,0.0095229490441802,1.1844249918405554,sku_flavor,153,0.2941176470588235,365.954155278273,0.0849673202614379,,,,,,,,,,,False,,-0.02946725860155386,0.005504330421089568,1.6199570732214679,True,0.13304227941176466,0.0849673202614379,0.07918002629185361,0.8104190340767772,0.5,0.24855337425877616
0724999810463 | LEAN PROTEIN SACHET | 40g Sachet / Thai Milk Tea,0724999808361 | LP CLASSIC SHAKER | White,158,178,955,15435,0.0102364755425979,0.0115322319403952,0.0618723679948169,0.8876404494382022,14.346314489087591,0.0095229490441802,8.349335924846125,sku_flavor,153,0.2941176470588235,365.954155278273,0.0849673202614379,,,,,,,,,,,False,,-0.02946725860155386,0.005504330421089568,1.6199570732214679,True,0.13304227941176466,0.0849673202614379,0.07918002629185361,0.8104190340767772,0.5,0.24855337425877616
LEAN-TAR-40G-V1 | Lean Protein Single Serve | 1 x 40g Sachet (1 serving) / Taro,ACC-SHK-V2 | LP CLASSIC SHAKER | White,42,164,581,15435,0.0027210884353741,0.0106252024619371,0.037641723356009,0.2560975609756097,6.803555686159271,0.0023211375037003,1.293661945652578,sku_flavor,50,0.46,978.6728666666668,0.1,,,,,,,,,,,False,,0.13641509433962268,0.020537010159651675,4.332258589934706,True,0.34687500000000004,0.1,0.03251981909093617,0.4136445152845138,0.5,0.24761314111086435
ACC-SHK-V2 | LP CLASSIC SHAKER | White,LEAN-TAR-40G-V1 | Lean Protein Single Serve | 1 x 40g Sachet (1 serving) / Taro,42,581,164,15435,0.0027210884353741,0.037641723356009,0.0106252024619371,0.072289156626506,6.803555686159271,0.0023211375037003,1.066468937605964,sku_flavor,50,0.46,978.6728666666668,0.1,,,,,,,,,,,False,,0.13641509433962268,0.020537010159651675,4.332258589934706,True,0.34687500000000004,0.1,0.03251981909093617,0.4136445152845138,0.5,0.24761314111086435
LEAN-THA-40G-V1 | Lean Protein Single Serve | 1 x 40g Sachet (1 serving) / Thai Milk Tea,ACC-SHK-V2 | LP CLASSIC SHAKER | White,43,177,581,15435,0.002785876255264,0.0114674441205053,0.037641723356009,0.2429378531073446,6.453951398815602,0.0023542218960794,1.2711747385521373,sku_flavor,52,0.4423076923076923,944.5139102564104,0.1153846153846153,,,,,,,,,,,False,,0.11872278664731495,0.035921625544266964,4.181048275056383,True,0.3240685096153845,0.1153846153846153,0.030357134466916156,0.4206198357143049,0.5,0.24523110898129813
ACC-SHK-V2 | LP CLASSIC SHAKER | White,LEAN-THA-40G-V1 | Lean Protein Single Serve | 1 x 40g Sachet (1 serving) / Thai Milk Tea,43,581,177,15435,0.002785876255264,0.037641723356009,0.0114674441205053,0.0740103270223752,6.453951398815601,0.0023542218960794,1.0675416635055508,sku_flavor,52,0.4423076923076923,944.5139102564104,0.1153846153846153,,,,,,,,,,,False,,0.11872278664731495,0.035921625544266964,4.181048275056383,True,0.3240685096153845,0.1153846153846153,0.030357134466916152,0.4206198357143049,0.5,0.24523110898129813
0724999810470 | LEAN PROTEIN SACHET #2 | 40g Sachet / Taro,0724999808361 | LP CLASSIC SHAKER | White,71,71,955,15435,0.0045999352121801,0.0045999352121801,0.0618723679948169,1.0,16.162303664921467,0.0043153263279797,inf,sku_flavor,70,0.3571428571428571,75.02071428571428,0.1,,,,,,,,,,,False,,0.03355795148247975,0.020537010159651675,0.33209169780530984,True,0.21428571428571422,0.1,0.09041390416504447,0.5700436406900781,0.5,0.24287504122223486
0724999808361 | LP CLASSIC SHAKER | White,0724999810470 | LEAN PROTEIN SACHET #2 | 40g Sachet / Taro,71,955,71,15435,0.0045999352121801,0.0618723679948169,0.0045999352121801,0.0743455497382199,16.162303664921467,0.0043153263279797,1.0753473550592398,sku_flavor,70,0.3571428571428571,75.02071428571428,0.1,,,,,,,,,,,False,,0.03355795148247975,0.020537010159651675,0.33209169780530984,True,0.21428571428571422,0.1,0.09041390416504447,0.5700436406900781,0.5,0.24287504122223486
0724999810470 | LEAN PROTEIN SACHET | 40g Sachet / Taro,0724999810463 | LEAN PROTEIN SACHET | 40g Sachet / Thai Milk Tea,79,113,178,15435,0.0051182377712989,0.0073210236475542,0.0115322319403952,0.6991150442477876,60.62270060654271,0.0050338100285542,3.28520169972751,sku_flavor,73,0.2465753424657534,656.1266542133667,0.0273972602739726,,,,,,,,,,,False,,-0.07700956319462393,-0.05206572956637573,2.9044540117705413,True,0.07175727739726027,0.0273972602739726,0.3654500531037708,0.6020113987865394,0.5,0.2417682187264063
0724999810463 | LEAN PROTEIN SACHET | 40g Sachet / Thai Milk Tea,0724999810470 | LEAN PROTEIN SACHET | 40g Sachet / Taro,79,178,113,15435,0.0051182377712989,0.0115322319403952,0.0073210236475542,0.4438202247191011,60.62270060654271,0.0050338100285542,1.784816745360963,sku_flavor,73,0.2465753424657534,656.1266542133667,0.0273972602739726,,,,,,,,,,,False,,-0.07700956319462393,-0.05206572956637573,2.9044540117705413,True,0.07175727739726027,0.0273972602739726,0.3654500531037708,0.6020113987865394,0.5,0.2417682187264063
0724999810463 | LEAN PROTEIN SACHET #2 | 40g Sachet / Thai Milk Tea,0724999808361 | LP CLASSIC SHAKER | White,55,55,955,15435,0.0035633300939423,0.0035633300939423,0.0618723679948169,1.0,16.162303664921467,0.0033428584230829,inf,sku_flavor,55,0.3090909090909091,103.92874931129477,0.1454545454545454,,,,,,,,,,,False,,-0.01449399656946826,0.06599155561419706,0.46005793384111465,True,0.15234375,0.1454545454545454,0.09041390416504447,0.4937915570772189,0.5,0.22421827575822806
0724999808361 | LP CLASSIC SHAKER | White,0724999810463 | LEAN PROTEIN SACHET #2 | 40g Sachet / Thai Milk Tea,55,955,55,15435,0.0035633300939423,0.0618723679948169,0.0035633300939423,0.0575916230366492,16.162303664921467,0.0033428584230829,1.0573300219558723,sku_flavor,55,0.3090909090909091,103.92874931129477,0.1454545454545454,,,,,,,,,,,False,,-0.01449399656946826,0.06599155561419706,0.46005793384111465,True,0.15234375,0.1454545454545454,0.09041390416504447,0.4937915570772189,0.5,0.22421827575822806
0724999808361 | LP CLASSIC SHAKER | White,0724999810494 | Clear Protein Single Serve | 25g Sachet / Peach,63,955,112,15435,0.0040816326530612,0.0618723679948169,0.0072562358276643,0.0659685863874345,9.091295811518323,0.0036326721596747,1.062859074870606,sku_flavor,66,0.3787878787878788,733.4142102846649,0.0454545454545454,,,,,,,,,,,False,,0.05520297312750144,-0.03400844438580293,3.246580262624274,True,0.2421875,0.0454545454545454,0.04667199219630766,0.5343067275948687,0.5,0.22350029394212817
0724999810494 | Clear Protein Single Serve | 25g Sachet / Peach,0724999808361 | LP CLASSIC SHAKER | White,63,112,955,15435,0.0040816326530612,0.0072562358276643,0.0618723679948169,0.5625,9.091295811518323,0.0036326721596747,2.144291730297561,sku_flavor,66,0.3787878787878788,733.4142102846649,0.0454545454545454,,,,,,,,,,,False,,0.05520297312750144,-0.03400844438580293,3.246580262624274,True,0.2421875,0.0454545454545454,0.04667199219630766,0.5343067275948687,0.5,0.22350029394212817
0724999810487 | Clear Protein Single Serve | 25g Sachet / White Grape,0724999808361 | LP CLASSIC SHAKER | White,66,108,955,15435,0.0042759961127308,0.0069970845481049,0.0618723679948169,0.6111111111111112,9.87696335078534,0.0038430699226796,2.4123281965847565,sku_flavor,69,0.3623188405797101,696.1324725516031,0.0434782608695652,,,,,,,,,,,False,,0.038733934919332746,-0.03598472897078313,3.0815464356501368,True,0.22095788043478254,0.0434782608695652,0.05153220463727842,0.5482059398112885,0.5,0.219694261246975
0724999808361 | LP CLASSIC SHAKER | White,0724999810487 | Clear Protein Single Serve | 25g Sachet / White Grape,66,955,108,15435,0.0042759961127308,0.0618723679948169,0.0069970845481049,0.069109947643979,9.87696335078534,0.0038430699226796,1.0667241667677838,sku_flavor,69,0.3623188405797101,696.1324725516031,0.0434782608695652,,,,,,,,,,,False,,0.038733934919332746,-0.03598472897078313,3.0815464356501368,True,0.22095788043478254,0.0434782608695652,0.05153220463727842,0.5482059398112885,0.5,0.219694261246975
0724999807821 | LEAN PROTEIN | 1 x 1kg Pack (25 servings) / Thai Milk Tea,0724999807814 | CLEAR PROTEIN | 1 x 500g Pack (20 servings) / Peach,34,312,268,15435,0.0022027858762552,0.0202137998056365,0.0173631357304826,0.1089743589743589,6.276191159586682,0.0018518109266011,1.102815473568667,sku_flavor,37,0.4054054054054054,1627.6640868140869,0.1081081081081081,,,,,,,,,,,False,,0.08182049974502803,0.02864511826775977,7.205126413329149,True,0.2764991554054054,0.1081081081081081,0.02925749310077756,0.35118631041173703,0.5,0.2185062188305647
0724999807814 | CLEAR PROTEIN | 1 x 500g Pack (20 servings) / Peach,0724999807821 | LEAN PROTEIN | 1 x 1kg Pack (25 servings) / Thai Milk Tea,34,268,312,15435,0.0022027858762552,0.0173631357304826,0.0202137998056365,0.126865671641791,6.276191159586682,0.0018518109266011,1.1221482976585018,sku_flavor,37,0.4054054054054054,1627.6640868140869,0.1081081081081081,,,,,,,,,,,False,,0.08182049974502803,0.02864511826775977,7.205126413329149,True,0.2764991554054054,0.1081081081081081,0.02925749310077756,0.35118631041173703,0.5,0.2185062188305647
0724999810470 | LEAN PROTEIN SACHET | 40g Sachet / Taro,0724999808361 | LP CLASSIC SHAKER | White,92,113,955,15435,0.0059604794298671,0.0073210236475542,0.0618723679948169,0.8141592920353983,13.158689709493585,0.0055075103606469,5.04802011507551,sku_flavor,89,0.2808988764044944,567.1173816819886,0.0674157303370786,,,,,,,,,,,False,,-0.04268602925588294,-0.012047259503269736,2.5104396289857367,True,0.11600245786516858,0.0674157303370786,0.07183326899248371,0.647697172870959,0.5,0.2131758996729608
0724999808361 | LP CLASSIC SHAKER | White,0724999810470 | LEAN PROTEIN SACHET | 40g Sachet / Taro,92,955,113,15435,0.0059604794298671,0.0618723679948169,0.0073210236475542,0.0963350785340314,13.158689709493585,0.0055075103606469,1.0985033863459857,sku_flavor,89,0.2808988764044944,567.1173816819886,0.0674157303370786,,,,,,,,,,,False,,-0.04268602925588294,-0.012047259503269736,2.5104396289857367,True,0.11600245786516858,0.0674157303370786,0.07183326899248371,0.647697172870959,0.5,0.2131758996729608
CLEAR-GRA-25G-V2 | Clear Protein Single Serve | 1 x 25g (1 serving) / White Grape,ACC-SHK-V2 | LP CLASSIC SHAKER | White,44,127,581,15435,0.0028506640751538,0.0082280531260123,0.037641723356009,0.3464566929133858,9.204060335831514,0.0025409459756259,1.4725241100456248,sku_flavor,51,0.392156862745098,928.5754248366017,0.0392156862745098,,,,,,,,,,,False,,0.06857195708472064,-0.04024730356583853,4.110493912385946,True,0.25942095588235287,0.0392156862745098,0.04736956402736285,0.42743839402459627,0.5,0.21121988024249533
ACC-SHK-V2 | LP CLASSIC SHAKER | White,CLEAR-GRA-25G-V2 | Clear Protein Single Serve | 1 x 25g (1 serving) / White Grape,44,581,127,15435,0.0028506640751538,0.037641723356009,0.0082280531260123,0.0757314974182444,9.204060335831516,0.0025409459756259,1.073034452763104,sku_flavor,51,0.392156862745098,928.5754248366017,0.0392156862745098,,,,,,,,,,,False,,0.06857195708472064,-0.04024730356583853,4.110493912385946,True,0.25942095588235287,0.0392156862745098,0.04736956402736286,0.42743839402459627,0.5,0.21121988024249533
CLEAR-PEA-25G-V2 | Clear Protein Single Serve | 1 x 25g (1 serving) / Peach,ACC-SHK-V2 | LP CLASSIC SHAKER | White,49,152,581,15435,0.0031746031746031,0.0098477486232588,0.037641723356009,0.3223684210526316,8.564124920735575,0.0028039169452469,1.4201792043678314,sku_flavor,55,0.3454545454545454,872.8270303030306,0.0363636363636363,,,,,,,,,,,False,,0.02186963979416806,-0.04309935347671203,3.8637143506762905,True,0.19921874999999994,0.0363636363636363,0.04341086405514721,0.45940615212105784,0.5,0.19644962972009716
ACC-SHK-V2 | LP CLASSIC SHAKER | White,CLEAR-PEA-25G-V2 | Clear Protein Single Serve | 1 x 25g (1 serving) / Peach,49,581,152,15435,0.0031746031746031,0.037641723356009,0.0098477486232588,0.0843373493975903,8.564124920735573,0.0028039169452469,1.0813504850561777,sku_flavor,55,0.3454545454545454,872.8270303030306,0.0363636363636363,,,,,,,,,,,False,,0.02186963979416806,-0.04309935347671203,3.8637143506762905,True,0.19921874999999994,0.0363636363636363,0.04341086405514719,0.45940615212105784,0.5,0.19644962972009716
ACC-SHK-V2 | LP CLASSIC SHAKER | White,BND-SS-MIX6-V1 | Discovery Sampler (6 sachets variety pack) | 6 Sachets Variety,108,581,239,15435,0.0069970845481049,0.037641723356009,0.0154842889536767,0.1858864027538726,12.0048394414478,0.0064142292269461,1.2093099960209597,sku_flavor,110,0.1909090909090909,502.7363636363636,0.0454545454545454,,,,,,,,,,,False,,-0.13267581475128645,-0.03400844438580293,2.22544632023398,True,0.0,0.0454545454545454,0.06469544396154826,0.6958635098378563,0.5,0.17868225163162443
BND-SS-MIX6-V1 | Discovery Sampler (6 sachets variety pack) | 6 Sachets Variety,ACC-SHK-V2 | LP CLASSIC SHAKER | White,108,239,581,15435,0.0069970845481049,0.0154842889536767,0.037641723356009,0.4518828451882845,12.0048394414478,0.0064142292269461,1.755752886396289,sku_flavor,110,0.1909090909090909,502.7363636363636,0.0454545454545454,,,,,,,,,,,False,,-0.13267581475128645,-0.03400844438580293,2.22544632023398,True,0.0,0.0454545454545454,0.06469544396154826,0.6958635098378563,0.5,0.17868225163162443
CLEAR-PEA-25G-V2 | Clear Protein Single Serve | 1 x 25g (1 serving) / Peach,LEAN-THA-40G-V1 | Lean Protein Single Serve | 1 x 40g Sachet (1 serving) / Thai Milk Tea,35,152,177,15435,0.0022675736961451,0.0098477486232588,0.0114674441205053,0.2302631578947368,20.07972792149866,0.0021546451890951,1.2842474230229333,sku_flavor,36,0.2222222222222222,1322.1619444444443,0.0277777777777777,,,,,,,,,,,False,,-0.10136268343815513,-0.05168521206257063,5.85277025265189,True,0.040364583333333336,0.0277777777777777,0.11464745481693964,0.35973372283292554,0.5,0.1459433688327712
LEAN-THA-40G-V1 | Lean Protein Single Serve | 1 x 40g Sachet (1 serving) / Thai Milk Tea,CLEAR-PEA-25G-V2 | Clear Protein Single Serve | 1 x 25g (1 serving) / Peach,35,177,152,15435,0.0022675736961451,0.0114674441205053,0.0098477486232588,0.1977401129943503,20.079727921498662,0.0021546451890951,1.234203862631572,sku_flavor,36,0.2222222222222222,1322.1619444444443,0.0277777777777777,,,,,,,,,,,False,,-0.10136268343815513,-0.05168521206257063,5.85277025265189,True,0.040364583333333336,0.0277777777777777,0.11464745481693965,0.35973372283292554,0.5,0.1459433688327712
