customer_id,finals_orders,finals_revenue,true_gross_profit,avg_margin_pct,cogs_coverage_pct,profit_decile,order_freq_decile,first_channel,first_product_cat,first_store,ever_subscribed,cohort_month,acq_year,n_categories_ever,is_top_cm,is_top_freq,is_top_both
7756044599551,2,46.52,18.61,40.0,0.0,D5,D1,Direct / Organic,Unknown,MY,False,2022-01,2022,1,False,True,False
7756032868607,1,49.23,18.6,37.8,0.0,D5,D4,Direct / Organic,Unknown,MY,False,2022-06,2022,1,False,False,False
8712766128383,1,28.27,18.58,65.7,100.0,D5,D2,Direct / Organic,Clear Protein,SG,False,2026-01,2026,2,False,False,False
7964005826815,2,28.18,18.46,65.5,100.0,D5,D1,Paid Social,Unknown,SG,False,2025-04,2025,4,False,True,False
7958758916351,1,19.9,18.32,92.1,100.0,D5,D3,Direct / Organic,Accessories,SG,False,2025-04,2025,1,False,False,False
7958759211263,1,19.9,18.32,92.1,100.0,D5,D3,Direct / Organic,Accessories,SG,False,2025-04,2025,1,False,False,False
7973381570815,1,19.9,18.32,92.1,100.0,D5,D3,Direct / Organic,Accessories,SG,False,2025-04,2025,1,False,False,False
7756015862015,1,51.83,18.31,35.3,0.0,D5,D4,Direct / Organic,Unknown,MY,False,2022-09,2022,1,False,False,False
7756016681215,1,48.5,18.31,37.8,0.0,D5,D4,Direct / Organic,Unknown,MY,False,2022-08,2022,1,False,False,False
7756432310527,1,48.73,18.26,37.5,100.0,D5,D4,Direct / Organic,Unknown,MY,False,2024-05,2024,1,False,False,False
7756379291903,1,38.15,18.26,47.9,100.0,D5,D4,Direct / Organic,Other,MY,False,2023-09,2023,1,False,False,False
7756379685119,1,38.15,18.26,47.9,100.0,D5,D4,Direct / Organic,Other,MY,False,2023-09,2023,1,False,False,False
7756380012799,1,33.0,18.26,55.3,100.0,D5,D4,Direct / Organic,Other,MY,False,2023-09,2023,1,False,False,False
7756382699775,1,36.19,18.26,50.5,100.0,D5,D4,Direct / Organic,Other,MY,False,2023-09,2023,1,False,False,False
7756385878271,1,21.18,18.26,86.2,100.0,D5,D4,Direct / Organic,Other,MY,False,2023-10,2023,1,False,False,False
7756386009343,1,38.15,18.26,47.9,100.0,D5,D4,Direct / Organic,Other,MY,False,2023-10,2023,1,False,False,False
8761459179775,1,33.18,18.17,54.8,100.0,D5,D2,Direct / Organic,Clear Protein,SG,False,2026-02,2026,1,False,False,False
7756376965375,1,48.15,18.17,37.7,0.0,D5,D4,Direct / Organic,Unknown,MY,False,2023-08,2023,1,False,False,False
7756386435327,1,51.48,18.17,35.3,0.0,D5,D4,Direct / Organic,Unknown,MY,False,2023-10,2023,1,False,False,False
7755940462847,1,47.88,18.06,37.7,0.0,D5,D5,Direct / Organic,Unknown,MY,False,2022-08,2022,1,False,False,False
7755966054655,1,47.88,18.06,37.7,0.0,D5,D5,Direct / Organic,Unknown,MY,False,2022-09,2022,1,False,False,False
7756016255231,1,47.88,18.06,37.7,0.0,D5,D4,Direct / Organic,Unknown,MY,False,2022-09,2022,1,False,False,False
7756016550143,1,45.15,18.06,40.0,0.0,D5,D4,Direct / Organic,Unknown,MY,False,2022-08,2022,1,False,False,False
7756018155775,1,47.88,18.06,37.7,0.0,D5,D4,Direct / Organic,Unknown,MY,False,2022-08,2022,1,False,False,False
7756019564799,1,47.88,18.06,37.7,0.0,D5,D4,Direct / Organic,Unknown,MY,False,2022-08,2022,1,False,False,False
6336697958655,1,49.9,18.0,36.1,0.0,D5,D5,Subscription,Unknown,SG,False,2022-01,2022,1,False,False,False
7756375490815,1,30.88,17.95,58.1,100.0,D5,D4,Subscription,Other,MY,True,2023-09,2023,2,False,False,False
7756038570239,1,47.56,17.93,37.7,0.0,D5,D4,Direct / Organic,Unknown,MY,False,2022-03,2022,1,False,False,False
7756043223295,1,47.56,17.93,37.7,0.0,D5,D4,Direct / Organic,Unknown,MY,False,2022-02,2022,1,False,False,False
7122183651583,1,33.73,17.91,53.1,100.0,D5,D5,Subscription,Collagen Glow,SG,True,2024-03,2024,2,False,False,False
7914981261567,1,22.05,17.9,81.2,100.0,D5,D3,Subscription,Lean Protein,SG,True,2025-03,2025,1,False,False,False
8101182767359,2,24.8,17.88,72.1,100.0,D5,D1,Direct / Organic,Accessories,SG,False,2025-06,2025,3,False,True,False
8055524688127,1,26.6,17.84,67.1,100.0,D5,D3,Direct / Organic,Lean Protein,SG,False,2025-05,2025,2,False,False,False
8097250345215,1,26.6,17.84,67.1,100.0,D5,D3,Paid Social,Lean Protein,SG,False,2025-06,2025,2,False,False,False
7755949506815,2,44.55,17.82,40.0,0.0,D5,D2,Direct / Organic,Unknown,MY,False,2022-03,2022,1,False,False,False
7829344321791,1,44.55,17.82,40.0,0.0,D5,D3,Direct / Organic,Unknown,MY,False,2022-05,2022,1,False,False,False
6423593255167,1,49.4,17.8,36.0,0.0,D5,D5,Subscription,Unknown,SG,False,2022-04,2022,1,False,False,False
6329848496383,2,54.27,17.79,32.8,0.0,D5,D2,Subscription,Unknown,SG,False,2022-01,2022,1,False,False,False
7155123814655,1,25.23,17.75,70.4,100.0,D5,D5,Subscription,Other,SG,True,2024-03,2024,2,False,False,False
8369912414463,1,27.9,17.65,63.3,100.0,D5,D2,Direct / Organic,Clear Protein,SG,False,2025-10,2025,1,False,False,False
8476172157183,1,20.61,17.65,85.6,100.0,D5,D2,Direct / Organic,Clear Protein,SG,False,2025-10,2025,1,False,False,False
8595943260415,1,25.61,17.65,68.9,100.0,D5,D2,Affiliate,Clear Protein,SG,False,2025-12,2025,1,False,False,False
8761487556863,1,19.47,17.65,90.7,100.0,D5,D2,Direct / Organic,Clear Protein,SG,False,2026-02,2026,1,False,False,False
8761534906623,1,19.47,17.65,90.7,100.0,D5,D2,Direct / Organic,Clear Protein,SG,False,2026-02,2026,1,False,False,False
8761555124479,1,19.47,17.65,90.7,100.0,D5,D2,Direct / Organic,Clear Protein,SG,False,2026-02,2026,1,False,False,False
8790428057855,1,27.9,17.65,63.3,100.0,D5,D2,Direct / Organic,Clear Protein,SG,False,2026-02,2026,1,False,False,False
8857631686911,1,25.61,17.65,68.9,100.0,D5,D2,Direct / Organic,Clear Protein,SG,False,2026-03,2026,1,False,False,False
7756031492351,2,46.77,17.62,37.7,0.0,D5,D1,Direct / Organic,Unknown,MY,False,2022-06,2022,1,False,True,False
7756438241535,1,21.88,17.61,80.5,100.0,D5,D4,Subscription,Soy Protein,MY,True,2024-06,2024,2,False,False,False
7756361695487,1,38.94,17.6,45.2,76.2,D5,D4,Direct / Organic,Other,MY,False,2023-05,2023,2,False,False,False
7756017336575,1,46.67,17.58,37.7,0.0,D5,D4,Direct / Organic,Unknown,MY,False,2022-08,2022,1,False,False,False
7756044665087,1,43.94,17.58,40.0,0.0,D5,D4,Direct / Organic,Unknown,MY,False,2022-02,2022,1,False,False,False
7755940299007,2,46.33,17.44,37.6,0.0,D5,D2,Direct / Organic,Unknown,MY,False,2022-02,2022,1,False,False,False
8853291663615,1,15.73,17.4,110.6,100.0,D5,D2,Direct / Organic,Other,SG,False,2026-03,2026,1,False,False,False
7756039717119,1,45.99,17.31,37.6,0.0,D5,D4,Direct / Organic,Unknown,MY,False,2022-03,2022,1,False,False,False
8830565548287,1,15.66,17.3,110.5,100.0,D5,D2,Direct / Organic,Other,SG,False,2026-03,2026,1,False,False,False
7756034375935,1,45.92,17.28,37.6,0.0,D5,D4,Direct / Organic,Unknown,MY,False,2022-05,2022,1,False,False,False
6329631408383,1,48.09,17.28,35.9,0.0,D5,D5,Subscription,Unknown,SG,False,2022-08,2022,1,False,False,False
7756043845887,2,43.0,17.2,40.0,0.0,D5,D1,Direct / Organic,Unknown,MY,False,2022-02,2022,1,False,True,False
7756017139967,1,45.62,17.16,37.6,0.0,D5,D4,Direct / Organic,Unknown,MY,False,2022-08,2022,1,False,False,False
7756028739839,1,45.35,17.05,37.6,0.0,D5,D4,Direct / Organic,Unknown,MY,False,2022-01,2022,1,False,False,False
7756037521663,1,45.3,17.03,37.6,0.0,D5,D4,Direct / Organic,Unknown,MY,False,2022-04,2022,1,False,False,False
7756032671999,1,45.27,17.02,37.6,0.0,D5,D4,Direct / Organic,Unknown,MY,False,2022-06,2022,1,False,False,False
7756032803071,1,45.27,17.02,37.6,0.0,D5,D4,Direct / Organic,Unknown,MY,False,2022-06,2022,1,False,False,False
6329618006271,1,47.44,17.02,35.9,0.0,D5,D5,Subscription,Unknown,SG,False,2022-02,2022,1,False,False,False
7755916542207,1,48.45,16.96,35.0,0.0,D5,D5,Direct / Organic,Unknown,MY,False,2022-01,2022,1,False,False,False
7756021465343,2,42.32,16.93,40.0,0.0,D5,D2,Direct / Organic,Unknown,MY,False,2022-04,2022,1,False,False,False
7756044402943,1,42.32,16.93,40.0,0.0,D5,D4,Direct / Organic,Unknown,MY,False,2022-02,2022,1,False,False,False
7756040339711,1,45.03,16.92,37.6,0.0,D5,D4,Direct / Organic,Unknown,MY,False,2022-03,2022,1,False,False,False
8657032413439,1,24.74,16.82,68.0,100.0,D5,D2,Direct / Organic,Other,SG,False,2025-12,2025,1,False,False,False
6327703240959,1,46.9,16.8,35.8,0.0,D5,D5,Subscription,Unknown,SG,False,2022-08,2022,1,False,False,False
6328266129663,1,46.9,16.8,35.8,0.0,D5,D5,Subscription,Unknown,SG,False,2022-08,2022,1,False,False,False
6328303943935,1,46.9,16.8,35.8,0.0,D5,D5,Subscription,Unknown,SG,False,2022-08,2022,1,False,False,False
8644783702271,1,24.63,16.72,67.9,100.0,D5,D2,Direct / Organic,Other,SG,False,2025-12,2025,1,False,False,False
7755979129087,1,41.64,16.65,40.0,0.0,D5,D4,Direct / Organic,Unknown,MY,False,2022-06,2022,1,False,False,False
7756422938879,1,39.13,16.61,42.4,100.0,D5,D4,Subscription,Other,MY,True,2024-04,2024,1,False,False,False
8898942533887,1,31.8,16.4,51.6,100.0,D5,D2,Paid Social,Other,SG,False,2026-03,2026,1,False,False,False
8693529247999,1,24.6,16.4,66.7,100.0,D5,D2,Direct / Organic,Collagen Glow,SG,False,2026-01,2026,2,False,False,False
7755974344959,1,40.76,16.3,40.0,0.0,D5,D4,Direct / Organic,Unknown,MY,False,2022-04,2022,1,False,False,False
7756001902847,1,43.48,16.3,37.5,0.0,D5,D4,Direct / Organic,Unknown,MY,False,2022-08,2022,1,False,False,False
7756016287999,1,46.82,16.3,34.8,0.0,D5,D4,Direct / Organic,Unknown,MY,False,2022-09,2022,1,False,False,False
7756037685503,1,40.76,16.3,40.0,0.0,D5,D4,Direct / Organic,Unknown,MY,False,2022-04,2022,1,False,False,False
7756038144255,1,40.76,16.3,40.0,0.0,D5,D4,Direct / Organic,Unknown,MY,False,2022-04,2022,1,False,False,False
7756039782655,1,40.76,16.3,40.0,0.0,D5,D4,Direct / Organic,Unknown,MY,False,2022-03,2022,1,False,False,False
7756041715967,1,43.48,16.3,37.5,0.0,D5,D4,Direct / Organic,Unknown,MY,False,2022-03,2022,1,False,False,False
8080407593215,1,24.6,16.28,66.2,100.0,D5,D3,Paid Social,Lean Protein,SG,False,2025-05,2025,1,False,False,False
8136331428095,1,24.6,16.28,66.2,100.0,D5,D3,Direct / Organic,Lean Protein,SG,False,2025-06,2025,1,False,False,False
6327638491391,1,45.4,16.2,35.7,0.0,D5,D5,Subscription,Unknown,SG,False,2022-06,2022,1,False,False,False
6423239360767,1,45.4,16.2,35.7,0.0,D5,D5,Subscription,Unknown,SG,False,2022-06,2022,1,False,False,False
7756044828927,2,40.48,16.19,40.0,0.0,D5,D1,Direct / Organic,Unknown,MY,False,2022-01,2022,1,False,True,False
7756033425663,1,42.98,16.1,37.5,0.0,D5,D4,Direct / Organic,Unknown,MY,False,2022-05,2022,1,False,False,False
8353015988479,1,21.12,16.05,76.0,100.0,D5,D3,Direct / Organic,Other,SG,False,2025-09,2025,1,False,False,False
8337971413247,1,23.83,16.01,67.2,100.0,D5,D3,Paid Social,Other,SG,False,2025-09,2025,1,False,False,False
6328246960383,1,40.0,16.0,40.0,0.0,D5,D5,Subscription,Unknown,SG,False,2022-08,2022,1,False,False,False
6423594598655,1,44.9,16.0,35.6,0.0,D5,D5,Subscription,Unknown,SG,False,2022-04,2022,1,False,False,False
7756415697151,1,38.61,15.93,41.3,100.0,D5,D4,Subscription,Other,MY,True,2024-04,2024,2,False,False,False
7756416975103,1,38.61,15.93,41.3,100.0,D5,D4,Subscription,Other,MY,True,2024-04,2024,2,False,False,False
8333338870015,1,21.0,15.93,75.9,100.0,D5,D3,Direct / Organic,Other,SG,False,2025-09,2025,1,False,False,False
8333341917439,1,21.0,15.93,75.9,100.0,D5,D3,Direct / Organic,Other,SG,False,2025-09,2025,1,False,False,False
8704501580031,1,24.9,15.93,64.0,100.0,D5,D2,Direct / Organic,Other,SG,False,2026-01,2026,1,False,False,False
8712013512959,1,24.9,15.93,64.0,100.0,D5,D2,Direct / Organic,Other,SG,False,2026-01,2026,1,False,False,False
8712121778431,1,24.9,15.93,64.0,100.0,D5,D2,Direct / Organic,Other,SG,False,2026-01,2026,1,False,False,False
8713560162559,1,19.9,15.93,80.1,100.0,D5,D2,Direct / Organic,Other,SG,False,2026-01,2026,1,False,False,False
8714151526655,1,24.9,15.93,64.0,100.0,D5,D2,Direct / Organic,Other,SG,False,2026-01,2026,1,False,False,False
8718409695487,1,24.9,15.93,64.0,100.0,D5,D2,Direct / Organic,Other,SG,False,2026-01,2026,1,False,False,False
8728687378687,1,24.9,15.93,64.0,100.0,D5,D2,Direct / Organic,Other,SG,False,2026-02,2026,1,False,False,False
8749442302207,1,21.92,15.93,72.7,100.0,D5,D2,Direct / Organic,Other,SG,False,2026-02,2026,1,False,False,False
8761373196543,1,24.9,15.93,64.0,100.0,D5,D2,Direct / Organic,Other,SG,False,2026-02,2026,1,False,False,False
8833190265087,1,19.9,15.93,80.1,100.0,D5,D2,Direct / Organic,Other,SG,False,2026-03,2026,1,False,False,False
8840257175807,1,24.9,15.93,64.0,100.0,D5,D2,Direct / Organic,Other,SG,False,2026-03,2026,1,False,False,False
8842018816255,1,24.9,15.93,64.0,100.0,D5,D2,Direct / Organic,Other,SG,False,2026-03,2026,1,False,False,False
8847873147135,1,24.9,15.93,64.0,100.0,D5,D2,Direct / Organic,Other,SG,False,2026-03,2026,1,False,False,False
8857318129919,1,24.9,15.93,64.0,100.0,D5,D2,Direct / Organic,Other,SG,False,2026-03,2026,1,False,False,False
8869226938623,1,24.9,15.93,64.0,100.0,D5,D2,Paid Social,Other,SG,False,2026-03,2026,1,False,False,False
8904588067071,1,24.9,15.93,64.0,100.0,D5,D2,Direct / Organic,Other,SG,False,2026-03,2026,1,False,False,False
7756260278527,1,33.0,15.84,48.0,100.0,D5,D4,Direct / Organic,Collagen Glow,MY,False,2023-01,2023,1,False,False,False
7756264210687,1,33.0,15.84,48.0,100.0,D5,D4,Direct / Organic,Collagen Glow,MY,False,2023-01,2023,1,False,False,False
7756265521407,1,33.0,15.84,48.0,100.0,D5,D4,Direct / Organic,Collagen Glow,MY,False,2023-01,2023,1,False,False,False
7756265783551,1,33.0,15.84,48.0,100.0,D5,D4,Direct / Organic,Collagen Glow,MY,False,2023-01,2023,1,False,False,False
7756299960575,1,25.43,15.84,62.3,100.0,D5,D4,Direct / Organic,Collagen Glow,MY,False,2024-05,2024,1,False,False,False
7756350226687,1,26.95,15.84,58.8,100.0,D5,D4,Direct / Organic,Collagen Glow,MY,False,2023-03,2023,1,False,False,False
7756350488831,1,36.33,15.84,43.6,100.0,D5,D4,Direct / Organic,Collagen Glow,MY,False,2023-03,2023,1,False,False,False
7756354027775,1,30.27,15.84,52.3,100.0,D5,D4,Direct / Organic,Collagen Glow,MY,False,2023-03,2023,1,False,False,False
7756354093311,1,33.0,15.84,48.0,100.0,D5,D4,Direct / Organic,Collagen Glow,MY,False,2023-03,2023,1,False,False,False
7756358025471,1,33.0,15.84,48.0,100.0,D5,D4,Direct / Organic,Collagen Glow,MY,False,2023-04,2023,1,False,False,False
7756360188159,1,33.0,15.84,48.0,100.0,D5,D4,Direct / Organic,Collagen Glow,MY,False,2023-05,2023,1,False,False,False
7756397445375,1,33.0,15.84,48.0,100.0,D5,D4,Direct / Organic,Collagen Glow,MY,False,2024-01,2024,1,False,False,False
7756398166271,1,36.33,15.84,43.6,100.0,D5,D4,Direct / Organic,Collagen Glow,MY,False,2023-12,2023,1,False,False,False
7756460196095,1,33.0,15.84,48.0,100.0,D5,D4,Direct / Organic,Collagen Glow,MY,False,2024-08,2024,1,False,False,False
7756461932799,1,22.71,15.84,69.8,100.0,D5,D4,Direct / Organic,Collagen Glow,MY,False,2024-08,2024,1,False,False,False
7756473860351,1,33.0,15.84,48.0,100.0,D5,D4,Direct / Organic,Collagen Glow,MY,False,2024-10,2024,1,False,False,False
7756477333759,1,23.92,15.84,66.2,100.0,D5,D4,Direct / Organic,Collagen Glow,MY,False,2024-10,2024,1,False,False,False
6327607001343,2,49.0,15.68,32.0,0.0,D5,D2,Subscription,Unknown,SG,False,2022-08,2022,1,False,False,False
8801983463679,1,22.33,15.64,70.0,100.0,D5,D2,Direct / Organic,Lean Protein,SG,False,2026-02,2026,2,False,False,False
7756038799615,1,39.09,15.64,40.0,0.0,D5,D4,Direct / Organic,Unknown,MY,False,2022-03,2022,1,False,False,False
7756045418751,1,39.09,15.64,40.0,0.0,D5,D4,Direct / Organic,Unknown,MY,False,2022-01,2022,1,False,False,False
7756041814271,1,41.48,15.5,37.4,0.0,D5,D4,Direct / Organic,Unknown,MY,False,2022-03,2022,1,False,False,False
7756031525119,1,41.37,15.46,37.4,0.0,D5,D4,Direct / Organic,Unknown,MY,False,2022-06,2022,1,False,False,False
7756042797311,1,50.74,15.45,30.4,0.0,D5,D4,Direct / Organic,Unknown,MY,False,2022-02,2022,1,False,False,False
7756018123007,1,40.91,15.27,37.3,0.0,D5,D4,Direct / Organic,Unknown,MY,False,2022-08,2022,1,False,False,False
7756421267711,2,27.77,15.25,54.9,50.0,D5,D1,Subscription,Other,MY,True,2024-04,2024,2,False,True,False
8809900736767,1,22.14,15.24,68.8,100.0,D5,D2,Direct / Organic,Other,SG,False,2026-02,2026,1,False,False,False
7756388237567,1,19.97,15.23,76.3,100.0,D5,D4,Direct / Organic,Unknown,MY,False,2023-12,2023,1,False,False,False
7756403441919,1,20.58,15.23,74.0,100.0,D5,D4,Direct / Organic,Unknown,MY,False,2024-02,2024,1,False,False,False
7756405604607,1,20.58,15.23,74.0,100.0,D5,D4,Direct / Organic,Unknown,MY,False,2024-02,2024,1,False,False,False
8800135348479,1,20.16,15.12,75.0,100.0,D5,D2,Subscription,Other,SG,True,2026-02,2026,1,False,False,False
6329873694975,1,42.65,15.1,35.4,0.0,D5,D5,Subscription,Unknown,SG,False,2022-01,2022,1,False,False,False
8733017506047,1,21.96,15.08,68.7,100.0,D5,D2,Direct / Organic,Other,SG,False,2026-02,2026,1,False,False,False
8761795346687,1,21.9,15.03,68.6,100.0,D5,D2,Direct / Organic,Other,SG,False,2026-02,2026,1,False,False,False
8763563245823,1,21.9,15.03,68.6,100.0,D5,D2,Direct / Organic,Other,SG,False,2026-02,2026,1,False,False,False
7756422676735,1,39.13,15.03,38.4,100.0,D5,D4,Subscription,Other,MY,True,2024-04,2024,2,False,False,False
8905018802431,1,21.84,14.98,68.6,100.0,D5,D2,Direct / Organic,Other,SG,False,2026-03,2026,1,False,False,False
8821927051519,1,22.02,14.96,67.9,100.0,D5,D2,Direct / Organic,Lean Protein,SG,False,2026-03,2026,1,False,False,False
6327659954431,1,42.13,14.89,35.3,0.0,D5,D5,Subscription,Unknown,SG,False,2022-02,2022,1,False,False,False
8877755302143,1,21.74,14.89,68.5,100.0,D5,D2,Direct / Organic,Other,SG,False,2026-03,2026,1,False,False,False
8904403845375,1,21.74,14.89,68.5,100.0,D5,D2,Paid Social,Other,SG,False,2026-03,2026,1,False,False,False
6329613844735,1,41.89,14.8,35.3,0.0,D5,D5,Subscription,Unknown,SG,False,2022-01,2022,1,False,False,False
8170748444927,1,22.7,14.77,65.1,100.0,D5,D3,Direct / Organic,Clear Protein,SG,False,2025-07,2025,2,False,False,False
8718015594751,1,21.81,14.77,67.7,100.0,D5,D2,Direct / Organic,Lean Protein,SG,False,2026-01,2026,1,False,False,False
8061733208319,1,21.7,14.7,67.7,100.0,D5,D3,Direct / Organic,Accessories,SG,False,2025-05,2025,1,False,False,False
7756409471231,1,23.33,14.66,62.8,100.0,D5,D4,Direct / Organic,Unknown,MY,False,2024-02,2024,1,False,False,False
8014419394815,1,23.74,14.65,61.7,100.0,D5,D3,Direct / Organic,Other,SG,False,2025-05,2025,1,False,False,False
8077293191423,1,23.68,14.6,61.7,100.0,D5,D3,Direct / Organic,Other,SG,False,2025-05,2025,1,False,False,False
8090155057407,1,23.66,14.58,61.6,100.0,D5,D3,Direct / Organic,Other,SG,False,2025-05,2025,1,False,False,False
7756413731071,2,49.04,14.58,29.7,100.0,D5,D1,Subscription,Other,MY,True,2024-03,2024,2,False,True,False
8287226429695,1,20.92,14.57,69.6,100.0,D5,D3,Direct / Organic,Other,SG,False,2025-08,2025,1,False,False,False
8287233278207,1,20.92,14.57,69.6,100.0,D5,D3,Direct / Organic,Other,SG,False,2025-08,2025,1,False,False,False
7756377620735,1,37.22,14.52,39.0,0.0,D5,D4,Direct / Organic,Unknown,MY,False,2023-08,2023,2,False,False,False
7755930403071,1,38.85,14.45,37.2,0.0,D5,D5,Direct / Organic,Unknown,MY,False,2022-05,2022,1,False,False,False
7756035391743,1,38.85,14.45,37.2,0.0,D5,D4,Direct / Organic,Unknown,MY,False,2022-05,2022,1,False,False,False
6336759955711,1,40.89,14.4,35.2,0.0,D5,D5,Subscription,Unknown,SG,False,2023-05,2023,1,False,False,False
6601910911231,1,40.89,14.4,35.2,0.0,D5,D5,Subscription,Unknown,SG,False,2023-03,2023,1,False,False,False
6700602786047,1,40.89,14.4,35.2,0.0,D5,D5,Subscription,Unknown,SG,False,2023-06,2023,1,False,False,False
8588209455359,1,18.55,14.36,77.4,100.0,D5,D2,Direct / Organic,Lean Protein,SG,False,2025-12,2025,1,False,False,False
7756206735615,1,28.46,14.26,50.1,100.0,D5,D4,Direct / Organic,Collagen Glow,MY,False,2024-08,2024,2,False,False,False
7756457935103,1,33.0,14.26,43.2,100.0,D5,D4,Direct / Organic,Collagen Glow,MY,False,2024-08,2024,2,False,False,False
7756001378559,1,38.36,14.25,37.2,0.0,D5,D4,Direct / Organic,Unknown,MY,False,2022-05,2022,1,False,False,False
8486535069951,1,21.05,14.11,67.0,100.0,D5,D2,Paid Social,Lean Protein,SG,False,2025-10,2025,1,False,False,False
7967214207231,1,20.52,14.09,68.7,100.0,D5,D3,Direct / Organic,Other,SG,False,2025-09,2025,4,False,False,False
6336747012351,1,40.0,14.04,35.1,0.0,D5,D5,Subscription,Unknown,SG,False,2022-02,2022,1,False,False,False
7755975950591,1,37.76,14.01,37.1,0.0,D5,D4,Direct / Organic,Unknown,MY,False,2022-04,2022,1,False,False,False
7756260147455,1,29.06,13.98,48.1,100.0,D5,D4,Direct / Organic,Unknown,MY,False,2022-12,2022,1,False,False,False
7756261687551,1,29.06,13.98,48.1,100.0,D5,D4,Direct / Organic,Other,MY,False,2022-12,2022,1,False,False,False
7756262539519,1,31.79,13.98,44.0,100.0,D5,D4,Direct / Organic,Other,MY,False,2022-12,2022,1,False,False,False
7756263555327,1,31.79,13.98,44.0,100.0,D5,D4,Direct / Organic,Other,MY,False,2022-12,2022,1,False,False,False
7756263751935,1,31.79,13.98,44.0,100.0,D5,D4,Direct / Organic,Other,MY,False,2022-12,2022,1,False,False,False
7756264407295,1,31.79,13.98,44.0,100.0,D5,D4,Direct / Organic,Other,MY,False,2023-01,2023,1,False,False,False
7756265947391,1,31.79,13.98,44.0,100.0,D5,D4,Direct / Organic,Other,MY,False,2023-01,2023,1,False,False,False
7756348326143,1,31.79,13.98,44.0,100.0,D5,D4,Direct / Organic,Other,MY,False,2023-02,2023,1,False,False,False
7756355633407,1,31.79,13.98,44.0,100.0,D5,D4,Direct / Organic,Other,MY,False,2023-03,2023,1,False,False,False
7756360089855,1,31.79,13.98,44.0,100.0,D5,D4,Direct / Organic,Other,MY,False,2023-05,2023,1,False,False,False
8109927891199,1,21.7,13.77,63.5,100.0,D5,D3,Paid Social,Clear Protein,SG,False,2025-06,2025,2,False,False,False
6423605018879,2,34.4,13.76,40.0,0.0,D5,D2,Subscription,Unknown,SG,False,2022-02,2022,1,False,False,False
7756018221311,1,36.91,13.67,37.0,0.0,D5,D4,Direct / Organic,Unknown,MY,False,2022-08,2022,1,False,False,False
7756034015487,1,33.85,13.54,40.0,0.0,D5,D4,Direct / Organic,Unknown,MY,False,2022-05,2022,1,False,False,False
7756035883263,1,36.58,13.54,37.0,0.0,D5,D4,Direct / Organic,Unknown,MY,False,2022-05,2022,1,False,False,False
8712621621503,1,21.55,13.45,62.4,100.0,D5,D2,Direct / Organic,Clear Protein,SG,False,2026-01,2026,1,False,False,False
7756045746431,1,36.35,13.45,37.0,0.0,D5,D4,Direct / Organic,Unknown,MY,False,2022-01,2022,1,False,False,False
7756034769151,1,36.27,13.42,37.0,0.0,D5,D4,Direct / Organic,Unknown,MY,False,2022-05,2022,1,False,False,False
7970622636287,1,20.3,13.38,65.9,100.0,D5,D3,Direct / Organic,Lean Protein,SG,False,2025-04,2025,2,False,False,False
8593133437183,1,21.44,13.35,62.3,100.0,D5,D2,Direct / Organic,Clear Protein,SG,False,2025-12,2025,1,False,False,False
7881587589375,1,19.8,13.32,67.3,100.0,D5,D3,Paid Social,Unknown,SG,False,2025-04,2025,2,False,False,False
7958775333119,1,19.8,13.32,67.3,100.0,D5,D3,Direct / Organic,Unknown,SG,False,2025-04,2025,2,False,False,False
7967143395583,1,16.83,13.32,79.1,100.0,D5,D3,Direct / Organic,Unknown,SG,False,2025-04,2025,2,False,False,False
7969879949567,1,17.82,13.32,74.7,100.0,D5,D3,Direct / Organic,Unknown,SG,False,2025-04,2025,2,False,False,False
8027339292927,1,24.8,13.32,53.7,100.0,D5,D3,Paid Social,Accessories,SG,False,2025-05,2025,2,False,False,False
7756037980415,1,35.87,13.26,37.0,0.0,D5,D4,Direct / Organic,Unknown,MY,False,2022-04,2022,1,False,False,False
7842117648639,1,29.77,13.17,44.2,90.1,D5,D3,Email,Lean Protein,SG,False,2025-03,2025,2,False,False,False
8276771406079,1,19.66,13.16,66.9,100.0,D5,D3,Direct / Organic,Clear Protein,SG,False,2025-08,2025,2,False,False,False
8279784784127,1,19.64,13.14,66.9,100.0,D5,D3,Direct / Organic,Lean Protein,SG,False,2025-08,2025,2,False,False,False
7756000035071,1,35.39,13.07,36.9,0.0,D5,D4,Direct / Organic,Unknown,MY,False,2022-08,2022,1,False,False,False
7756009177343,1,35.33,13.04,36.9,0.0,D5,D4,Direct / Organic,Unknown,MY,False,2022-04,2022,1,False,False,False
7756033261823,1,35.33,13.04,36.9,0.0,D5,D4,Direct / Organic,Unknown,MY,False,2022-05,2022,1,False,False,False
7756035653887,1,35.33,13.04,36.9,0.0,D5,D4,Direct / Organic,Unknown,MY,False,2022-05,2022,1,False,False,False
6329868943615,1,37.34,12.98,34.8,0.0,D5,D5,Subscription,Unknown,SG,False,2022-02,2022,1,False,False,False
6423602168063,1,37.34,12.98,34.8,0.0,D5,D5,Subscription,Unknown,SG,False,2022-02,2022,1,False,False,False
8079974039807,1,24.8,12.88,51.9,100.0,D5,D3,Direct / Organic,Accessories,SG,False,2025-05,2025,3,False,False,False
8079992914175,2,19.8,12.88,65.1,100.0,D5,D1,Paid Social,Accessories,SG,False,2025-05,2025,3,False,True,False
8085305164031,2,19.8,12.88,65.1,100.0,D5,D1,Direct / Organic,Accessories,SG,False,2025-05,2025,3,False,True,False
7756017238271,1,34.77,12.82,36.9,0.0,D5,D4,Direct / Organic,Unknown,MY,False,2022-08,2022,1,False,False,False
6327759241471,1,36.9,12.8,34.7,0.0,D5,D5,Subscription,Unknown,SG,False,2022-05,2022,1,False,False,False
6329867763967,1,36.9,12.8,34.7,0.0,D5,D5,Subscription,Unknown,SG,False,2022-08,2022,1,False,False,False
6532503666943,1,37.33,12.51,33.5,0.0,D5,D5,Direct / Organic,Unknown,MY,False,2022-05,2022,1,False,False,False
7949200654591,2,20.44,12.39,60.6,100.0,D5,D1,Paid Social,Unknown,SG,False,2025-04,2025,3,False,True,False
7756380209407,1,24.37,12.36,50.7,100.0,D5,D4,Subscription,Other,MY,True,2023-09,2023,2,False,False,False
7756015173887,1,33.45,12.29,36.7,0.0,D5,D4,Direct / Organic,Unknown,MY,False,2022-09,2022,1,False,False,False
7756015468799,1,33.45,12.29,36.7,0.0,D5,D4,Direct / Organic,Unknown,MY,False,2022-09,2022,1,False,False,False
7756018811135,1,33.45,12.29,36.7,0.0,D5,D4,Direct / Organic,Unknown,MY,False,2022-08,2022,1,False,False,False
8484907942143,1,32.4,12.25,37.8,9.1,D5,D2,Paid Social,Other,SG,False,2025-10,2025,2,False,False,False
7756036767999,1,33.33,12.24,36.7,0.0,D5,D4,Direct / Organic,Unknown,MY,False,2022-04,2022,1,False,False,False
6328261837055,1,26.0,12.24,47.1,0.0,D5,D5,Subscription,Unknown,SG,True,2023-04,2023,1,False,False,False
7964424962303,1,14.7,12.21,83.1,100.0,D5,D3,Direct / Organic,Lean Protein,SG,False,2025-04,2025,1,False,False,False
7756398919935,1,40.25,12.2,30.3,100.0,D5,D4,Direct / Organic,Unknown,MY,False,2024-01,2024,1,False,False,False
7756179079423,1,26.94,12.16,45.1,100.0,D5,D4,Direct / Organic,Unknown,MY,False,2023-09,2023,1,False,False,False
7756360974591,1,29.97,12.16,40.6,100.0,D5,D4,Direct / Organic,Other,MY,False,2023-10,2023,1,False,False,False
7756364513535,1,29.97,12.16,40.6,100.0,D5,D4,Direct / Organic,Other,MY,False,2023-06,2023,1,False,False,False
7756365562111,1,29.97,12.16,40.6,100.0,D5,D4,Direct / Organic,Unknown,MY,False,2023-06,2023,1,False,False,False
7756377260287,1,29.97,12.16,40.6,100.0,D5,D4,Direct / Organic,Unknown,MY,False,2023-08,2023,1,False,False,False
7756377686271,1,27.25,12.16,44.6,100.0,D5,D4,Direct / Organic,Unknown,MY,False,2023-08,2023,1,False,False,False
7756432277759,1,29.97,12.16,40.6,100.0,D5,D4,Direct / Organic,Other,MY,False,2024-05,2024,1,False,False,False
7756440568063,1,23.16,12.16,52.5,100.0,D5,D4,Direct / Organic,Other,MY,False,2024-07,2024,1,False,False,False
7756486344959,1,33.3,12.16,36.5,100.0,D5,D4,Direct / Organic,Other,MY,False,2024-12,2024,1,False,False,False
8437239283967,1,15.84,12.16,76.8,100.0,D5,D2,Direct / Organic,Accessories,SG,False,2025-10,2025,2,False,False,False
6601910845695,1,34.8,11.96,34.4,0.0,D5,D5,Subscription,Unknown,SG,False,2023-03,2023,1,False,False,False
6644874084607,1,34.8,11.96,34.4,0.0,D5,D5,Subscription,Unknown,SG,False,2023-04,2023,1,False,False,False
6423602823423,2,29.7,11.88,40.0,0.0,D5,D2,Subscription,Unknown,SG,False,2022-02,2022,1,False,False,False
6329600966911,2,29.58,11.83,40.0,0.0,D5,D2,Direct / Organic,Unknown,MY,False,2022-05,2022,1,False,False,False
7756417270015,1,15.43,11.8,76.5,100.0,D5,D4,Direct / Organic,Other,MY,False,2024-04,2024,1,False,False,False
7756456689919,1,20.88,11.8,56.5,100.0,D5,D4,Direct / Organic,Other,MY,False,2024-08,2024,1,False,False,False
7756460327167,1,20.88,11.8,56.5,100.0,D5,D4,Direct / Organic,Other,MY,False,2024-08,2024,1,False,False,False
7756462063871,1,20.88,11.8,56.5,100.0,D5,D4,Direct / Organic,Other,MY,False,2024-09,2024,1,False,False,False
7756475728127,1,20.88,11.8,56.5,100.0,D5,D4,Direct / Organic,Other,MY,False,2024-10,2024,1,False,False,False
7756477104383,1,15.43,11.8,76.5,100.0,D5,D4,Direct / Organic,Other,MY,False,2024-10,2024,1,False,False,False
7756477563135,1,20.88,11.8,56.5,100.0,D5,D4,Direct / Organic,Other,MY,False,2024-11,2024,1,False,False,False
6334087627007,1,34.4,11.8,34.3,0.0,D5,D5,Subscription,Unknown,SG,False,2022-02,2022,1,False,False,False
6423594500351,1,34.4,11.8,34.3,0.0,D5,D5,Subscription,Unknown,SG,False,2022-04,2022,1,False,False,False
7756038897919,1,29.5,11.8,40.0,0.0,D5,D4,Direct / Organic,Unknown,MY,False,2022-03,2022,1,False,False,False
7756039291135,1,32.23,11.8,36.6,0.0,D5,D4,Direct / Organic,Unknown,MY,False,2022-03,2022,1,False,False,False
6334081433855,1,29.39,11.76,40.0,0.0,D5,D5,Subscription,Unknown,SG,False,2022-06,2022,1,False,False,False
7845554127103,1,20.82,11.75,56.4,100.0,D5,D3,Direct / Organic,Other,SG,False,2025-02,2025,1,False,False,False
7851713364223,1,20.81,11.74,56.4,100.0,D5,D3,Direct / Organic,Other,SG,False,2025-02,2025,1,False,False,False
7756017697023,1,32.06,11.73,36.6,0.0,D5,D4,Direct / Organic,Unknown,MY,False,2022-08,2022,1,False,False,False
8028146925823,1,14.9,11.66,78.3,100.0,D5,D3,Direct / Organic,Accessories,SG,False,2025-06,2025,2,False,False,False
8108890456319,1,14.9,11.66,78.3,100.0,D5,D3,Direct / Organic,Accessories,SG,False,2025-07,2025,2,False,False,False
8168451309823,1,14.9,11.66,78.3,100.0,D5,D3,Direct / Organic,Accessories,SG,True,2025-06,2025,2,False,False,False
8170944856319,1,14.9,11.66,78.3,100.0,D5,D3,Paid Social,Accessories,SG,False,2025-07,2025,2,False,False,False
8171472552191,1,14.9,11.66,78.3,100.0,D5,D3,Direct / Organic,Accessories,SG,False,2025-07,2025,2,False,False,False
8171490345215,1,14.9,11.66,78.3,100.0,D5,D3,Direct / Organic,Accessories,SG,False,2025-07,2025,2,False,False,False
8249718702335,1,12.67,11.66,92.0,100.0,D5,D3,Direct / Organic,Accessories,SG,False,2025-08,2025,2,False,False,False
8254868586751,1,14.9,11.66,78.3,100.0,D5,D3,Direct / Organic,Accessories,SG,False,2025-08,2025,2,False,False,False
8273741578495,1,14.9,11.66,78.3,100.0,D5,D3,Paid Social,Accessories,SG,False,2025-08,2025,2,False,False,False
8280100733183,1,14.9,11.66,78.3,100.0,D5,D3,Direct / Organic,Accessories,SG,False,2025-08,2025,2,False,False,False
8290481930495,1,14.9,11.66,78.3,100.0,D5,D3,Direct / Organic,Accessories,SG,False,2025-08,2025,2,False,False,False
8300149407999,1,14.9,11.66,78.3,100.0,D5,D3,Paid Social,Accessories,SG,False,2025-09,2025,2,False,False,False
8304142582015,1,14.9,11.66,78.3,100.0,D5,D3,Paid Social,Accessories,SG,False,2025-09,2025,2,False,False,False
8337863606527,1,14.9,11.66,78.3,100.0,D5,D3,Direct / Organic,Accessories,SG,False,2025-09,2025,2,False,False,False
8384374505727,1,14.9,11.66,78.3,100.0,D5,D2,Direct / Organic,Accessories,SG,False,2025-10,2025,2,False,False,False
8474628718847,1,14.9,11.66,78.3,100.0,D5,D2,Direct / Organic,Accessories,SG,False,2025-10,2025,2,False,False,False
8633635832063,1,19.9,11.66,58.6,100.0,D5,D2,Paid Social,Accessories,SG,False,2025-12,2025,2,False,False,False
8657761501439,1,19.9,11.66,58.6,100.0,D5,D2,Paid Social,Accessories,SG,False,2025-12,2025,2,False,False,False
8705137574143,1,19.9,11.66,58.6,100.0,D5,D2,Direct / Organic,Accessories,SG,False,2026-01,2026,2,False,False,False
7756037456127,1,31.85,11.65,36.6,0.0,D5,D4,Direct / Organic,Unknown,MY,False,2022-04,2022,1,False,False,False
7756015436031,1,28.91,11.56,40.0,0.0,D5,D4,Direct / Organic,Unknown,MY,False,2022-09,2022,1,False,False,False
7756047810815,1,40.72,11.44,28.1,0.0,D5,D4,Direct / Organic,Unknown,MY,False,2022-01,2022,1,False,False,False
6327723131135,1,33.31,11.36,34.1,0.0,D5,D5,Subscription,Unknown,SG,False,2022-05,2022,1,False,False,False
6328271077631,1,33.31,11.36,34.1,0.0,D5,D5,Subscription,Unknown,SG,False,2022-05,2022,1,False,False,False
7756357501183,1,28.46,11.3,39.7,100.0,D5,D4,Subscription,Collagen Glow,MY,True,2023-03,2023,1,False,False,False
7756358877439,1,28.46,11.3,39.7,100.0,D5,D4,Subscription,Collagen Glow,MY,True,2023-04,2023,1,False,False,False
7869216030975,1,13.41,11.22,83.7,100.0,D5,D3,Direct / Organic,Accessories,SG,False,2025-08,2025,2,False,False,False
8158136729855,1,14.9,11.22,75.3,100.0,D5,D3,Direct / Organic,Accessories,SG,False,2025-06,2025,2,False,False,False
8168890663167,1,14.9,11.22,75.3,100.0,D5,D3,Direct / Organic,Accessories,SG,False,2025-06,2025,2,False,False,False
8169068724479,1,14.9,11.22,75.3,100.0,D5,D3,Paid Social,Accessories,SG,False,2025-06,2025,2,False,False,False
8169379856639,1,14.9,11.22,75.3,100.0,D5,D3,Direct / Organic,Accessories,SG,False,2025-06,2025,2,False,False,False
8169437790463,1,13.41,11.22,83.7,100.0,D5,D3,Direct / Organic,Accessories,SG,False,2025-07,2025,2,False,False,False
8244687765759,1,14.9,11.22,75.3,100.0,D5,D3,Direct / Organic,Accessories,SG,False,2025-08,2025,2,False,False,False
8250130202879,1,14.9,11.22,75.3,100.0,D5,D3,Direct / Organic,Accessories,SG,False,2025-08,2025,2,False,False,False
8263425392895,1,14.9,11.22,75.3,100.0,D5,D3,Direct / Organic,Accessories,SG,False,2025-08,2025,2,False,False,False
8293684510975,1,14.9,11.22,75.3,100.0,D5,D3,Direct / Organic,Accessories,SG,False,2025-08,2025,2,False,False,False
8303912091903,1,14.9,11.22,75.3,100.0,D5,D3,Paid Social,Accessories,SG,False,2025-09,2025,2,False,False,False
8310615638271,1,13.41,11.22,83.7,100.0,D5,D3,Direct / Organic,Accessories,SG,False,2025-09,2025,2,False,False,False
8310799532287,1,14.9,11.22,75.3,100.0,D5,D3,Direct / Organic,Accessories,SG,False,2025-09,2025,2,False,False,False
8325399904511,1,14.9,11.22,75.3,100.0,D5,D3,Paid Social,Accessories,SG,False,2025-09,2025,2,False,False,False
8340030521599,1,14.9,11.22,75.3,100.0,D5,D3,Direct / Organic,Accessories,SG,False,2025-09,2025,2,False,False,False
8718118256895,1,19.9,11.22,56.4,100.0,D5,D2,Direct / Organic,Accessories,SG,False,2026-01,2026,2,False,False,False
8721480614143,1,14.9,11.22,75.3,100.0,D5,D2,Direct / Organic,Accessories,SG,False,2026-02,2026,2,False,False,False
8813055639807,1,18.41,11.22,60.9,100.0,D5,D2,Direct / Organic,Accessories,SG,False,2026-03,2026,2,False,False,False
8813196902655,1,19.9,11.22,56.4,100.0,D5,D2,Direct / Organic,Accessories,SG,False,2026-03,2026,2,False,False,False
6327629381887,1,28.0,11.2,40.0,0.0,D5,D5,Subscription,Unknown,SG,False,2022-08,2022,1,False,False,False
8071537033471,2,17.68,11.2,63.3,100.0,D5,D1,Paid Social,Accessories,SG,False,2025-05,2025,2,False,True,False
8001384251647,1,20.4,11.18,54.8,100.0,D5,D3,Paid Social,Unknown,SG,False,2025-05,2025,2,False,False,False
7756045451519,1,30.46,11.09,36.4,0.0,D5,D4,Direct / Organic,Unknown,MY,False,2022-01,2022,1,False,False,False
7756030279935,1,30.42,11.08,36.4,0.0,D5,D4,Direct / Organic,Unknown,MY,False,2022-06,2022,1,False,False,False
8065111785727,2,15.8,11.07,70.1,100.0,D5,D1,Direct / Organic,Clear Protein,SG,False,2025-05,2025,2,False,True,False
6532488954111,1,27.24,10.9,40.0,0.0,D5,D5,Direct / Organic,Unknown,MY,False,2022-12,2022,1,False,False,False
7756264145151,1,29.97,10.9,36.4,0.0,D5,D4,Direct / Organic,Unknown,MY,False,2023-01,2023,1,False,False,False
7756264964351,1,25.88,10.9,42.1,0.0,D5,D4,Direct / Organic,Unknown,MY,False,2023-01,2023,1,False,False,False
7756265881855,1,25.88,10.9,42.1,0.0,D5,D4,Direct / Organic,Unknown,MY,False,2023-01,2023,1,False,False,False
7756348096767,1,29.97,10.9,36.4,0.0,D5,D4,Direct / Organic,Unknown,MY,False,2023-02,2023,1,False,False,False
7756349538559,1,27.25,10.9,40.0,0.0,D5,D4,Direct / Organic,Unknown,MY,False,2023-02,2023,1,False,False,False
7756353798399,1,27.25,10.9,40.0,0.0,D5,D4,Direct / Organic,Unknown,MY,False,2023-03,2023,1,False,False,False
7756460916991,2,17.33,10.85,62.6,100.0,D5,D1,Paid Social,Unknown,SG,False,2025-04,2025,2,False,True,False
7755918016767,1,29.82,10.84,36.3,0.0,D5,D5,Direct / Organic,Unknown,MY,False,2022-09,2022,1,False,False,False
7756015239423,1,29.82,10.84,36.3,0.0,D5,D4,Direct / Organic,Unknown,MY,False,2022-09,2022,1,False,False,False
7756015665407,1,29.82,10.84,36.3,0.0,D5,D4,Direct / Organic,Unknown,MY,False,2022-09,2022,1,False,False,False
7756195201279,1,17.3,10.82,62.5,100.0,D5,D4,Paid Social,Unknown,SG,False,2025-04,2025,2,False,False,False
7756048924927,1,29.75,10.81,36.3,0.0,D5,D4,Direct / Organic,Unknown,MY,False,2022-01,2022,1,False,False,False
6329834733823,1,26.99,10.8,40.0,0.0,D5,D5,Subscription,Unknown,SG,False,2022-03,2022,1,False,False,False
6329603686655,1,26.94,10.78,40.0,0.0,D5,D5,Subscription,Unknown,SG,False,2022-02,2022,1,False,False,False
6423604166911,1,31.84,10.78,33.8,0.0,D5,D5,Subscription,Unknown,SG,False,2022-02,2022,1,False,False,False
7756016419071,1,29.55,10.73,36.3,0.0,D5,D4,Direct / Organic,Unknown,MY,False,2022-08,2022,1,False,False,False
7755989680383,1,26.73,10.69,40.0,0.0,D5,D4,Direct / Organic,Unknown,MY,False,2022-06,2022,1,False,False,False
7756029952255,1,26.73,10.69,40.0,0.0,D5,D4,Direct / Organic,Unknown,MY,False,2022-06,2022,1,False,False,False
7755977949439,1,29.39,10.67,36.3,0.0,D5,D4,Direct / Organic,Unknown,MY,False,2022-08,2022,1,False,False,False
7756017664255,1,32.73,10.67,32.6,0.0,D5,D4,Direct / Organic,Unknown,MY,False,2022-08,2022,1,False,False,False
7756018614527,1,29.39,10.67,36.3,0.0,D5,D4,Direct / Organic,Unknown,MY,False,2022-08,2022,1,False,False,False
7756019171583,1,29.39,10.67,36.3,0.0,D5,D4,Direct / Organic,Unknown,MY,False,2022-08,2022,1,False,False,False
7756019237119,1,29.39,10.67,36.3,0.0,D5,D4,Direct / Organic,Unknown,MY,False,2022-08,2022,1,False,False,False
7756019433727,1,29.39,10.67,36.3,0.0,D5,D4,Direct / Organic,Unknown,MY,False,2022-08,2022,1,False,False,False
6329833390335,1,31.45,10.62,33.8,0.0,D5,D5,Subscription,Unknown,SG,False,2022-06,2022,1,False,False,False
8659195429119,1,16.79,10.48,62.4,100.0,D5,D2,Direct / Organic,Other,SG,False,2025-12,2025,3,False,False,False
6328262656255,1,30.9,10.4,33.7,0.0,D5,D5,Subscription,Unknown,SG,False,2022-08,2022,1,False,False,False
6327614406911,1,30.87,10.39,33.7,0.0,D5,D5,Subscription,Unknown,SG,False,2022-06,2022,1,False,False,False
7756032999679,1,28.56,10.33,36.2,0.0,D5,D4,Direct / Organic,Unknown,MY,False,2022-05,2022,1,False,False,False
7756033229055,1,25.84,10.33,40.0,0.0,D5,D4,Direct / Organic,Unknown,MY,False,2022-05,2022,1,False,False,False
8815621275903,1,12.34,10.24,83.0,100.0,D5,D2,Direct / Organic,Clear Protein,SG,False,2026-03,2026,1,False,False,False
6328281465087,1,25.47,10.19,40.0,0.0,D5,D5,Subscription,Unknown,SG,False,2022-01,2022,1,False,False,False
8367820144895,1,28.22,10.18,36.1,0.0,D5,D2,Paid Social,Unknown,SG,False,2025-10,2025,1,False,False,False
6963853328639,1,22.87,10.17,44.5,0.0,D5,D5,Subscription,Other,SG,True,2023-12,2023,1,False,False,False
8339814678783,1,15.79,10.11,64.0,100.0,D5,D3,Paid Social,Lean Protein,SG,False,2025-09,2025,2,False,False,False
7756025790719,1,27.95,10.09,36.1,0.0,D5,D4,Direct / Organic,Unknown,MY,False,2022-05,2022,1,False,False,False
7756037619967,1,27.73,10.0,36.1,0.0,D5,D4,Direct / Organic,Unknown,MY,False,2022-04,2022,1,False,False,False
7756037652735,1,27.73,10.0,36.1,0.0,D5,D4,Direct / Organic,Unknown,MY,False,2022-04,2022,1,False,False,False
7756037816575,1,27.73,10.0,36.1,0.0,D5,D4,Direct / Organic,Unknown,MY,False,2022-04,2022,1,False,False,False
8136190361855,1,15.61,9.96,63.8,100.0,D5,D3,Direct / Organic,Lean Protein,SG,False,2025-06,2025,2,False,False,False
8370024710399,1,29.9,9.96,33.3,0.0,D5,D2,Paid Social,Unknown,SG,False,2025-10,2025,1,False,False,False
8415875498239,1,29.9,9.96,33.3,0.0,D5,D2,Direct / Organic,Unknown,SG,False,2025-10,2025,1,False,False,False
6327712055551,1,29.65,9.9,33.4,0.0,D5,D5,Subscription,Unknown,SG,False,2022-06,2022,1,False,False,False
6327653826815,1,29.4,9.8,33.3,0.0,D5,D5,Subscription,Unknown,SG,False,2022-08,2022,1,False,False,False
6327704223999,1,29.4,9.8,33.3,0.0,D5,D5,Subscription,Unknown,SG,False,2022-03,2022,1,False,False,False
6327757406463,1,24.5,9.8,40.0,0.0,D5,D5,Subscription,Unknown,SG,False,2022-02,2022,1,False,False,False
6423592796415,1,24.5,9.8,40.0,0.0,D5,D5,Subscription,Unknown,SG,False,2022-04,2022,1,False,False,False
6423605772543,1,24.5,9.8,40.0,0.0,D5,D5,Subscription,Unknown,SG,False,2022-02,2022,1,False,False,False
6423606755583,1,29.4,9.8,33.3,0.0,D5,D5,Subscription,Unknown,SG,False,2022-01,2022,1,False,False,False
8074934288639,1,16.8,9.7,57.7,100.0,D5,D3,Paid Social,Clear Protein,SG,False,2025-05,2025,1,False,False,False
8083629015295,1,15.62,9.7,62.1,100.0,D5,D3,Direct / Organic,Clear Protein,SG,False,2025-05,2025,1,False,False,False
8085728002303,1,16.8,9.7,57.7,100.0,D5,D3,Direct / Organic,Clear Protein,SG,False,2025-05,2025,1,False,False,False
8114087887103,1,16.8,9.7,57.7,100.0,D5,D3,Paid Social,Clear Protein,SG,False,2025-06,2025,1,False,False,False
7756043124991,1,24.17,9.67,40.0,0.0,D5,D4,Direct / Organic,Unknown,MY,False,2022-02,2022,1,False,False,False
8298738483455,1,11.14,9.66,86.7,100.0,D5,D3,Direct / Organic,Lean Protein,SG,False,2025-09,2025,2,False,False,False
7755965235455,1,24.09,9.64,40.0,0.0,D5,D5,Direct / Organic,Unknown,MY,False,2022-09,2022,1,False,False,False
7756016058623,1,24.09,9.64,40.0,0.0,D5,D4,Direct / Organic,Unknown,MY,False,2022-09,2022,1,False,False,False
6327607853311,1,28.9,9.6,33.2,0.0,D5,D5,Subscription,Unknown,SG,False,2022-08,2022,1,False,False,False
6327623418111,1,28.9,9.6,33.2,0.0,D5,D5,Subscription,Unknown,SG,False,2022-08,2022,1,False,False,False
6328284643583,1,28.9,9.6,33.2,0.0,D5,D5,Subscription,Unknown,SG,False,2022-08,2022,1,False,False,False
6336738099455,1,28.89,9.6,33.2,0.0,D5,D5,Subscription,Unknown,SG,False,2022-06,2022,1,False,False,False
8848895017215,1,13.73,9.47,69.0,100.0,D5,D2,Direct / Organic,Accessories,SG,False,2026-03,2026,2,False,False,False
7756036833535,4,34.54,9.45,27.4,0.0,D5,D1,Direct / Organic,Unknown,MY,False,2022-02,2022,1,False,True,False
8812240175359,1,15.6,9.43,60.4,100.0,D5,D2,Direct / Organic,Accessories,SG,False,2026-03,2026,2,False,False,False
8748461129983,1,15.53,9.38,60.4,100.0,D5,D2,Direct / Organic,Accessories,SG,False,2026-02,2026,2,False,False,False
7756039225599,1,25.89,9.27,35.8,0.0,D5,D4,Direct / Organic,Unknown,MY,False,2022-03,2022,1,False,False,False
7756047089919,1,23.16,9.27,40.0,0.0,D5,D4,Direct / Organic,Unknown,MY,False,2022-01,2022,1,False,False,False
7756030345471,2,23.15,9.26,40.0,0.0,D5,D1,Direct / Organic,Unknown,MY,False,2022-06,2022,1,False,True,False
7756378964223,1,33.0,9.17,27.8,100.0,D5,D4,Direct / Organic,Unknown,MY,False,2023-08,2023,1,False,False,False
8657572921599,1,15.24,9.14,60.0,100.0,D5,D2,Direct / Organic,Accessories,SG,False,2025-12,2025,2,False,False,False
8708556095743,1,15.24,9.14,60.0,100.0,D5,D2,Direct / Organic,Accessories,SG,False,2026-01,2026,2,False,False,False
7756432834815,1,26.94,9.13,33.9,100.0,D5,D4,Direct / Organic,Unknown,MY,False,2024-06,2024,1,False,False,False
7756434374911,1,26.94,9.13,33.9,100.0,D5,D4,Direct / Organic,Unknown,MY,False,2024-06,2024,1,False,False,False
6327641178367,1,22.81,9.12,40.0,0.0,D5,D5,Direct / Organic,Unknown,MY,False,2022-05,2022,1,False,False,False
7755958714623,1,28.64,9.03,31.5,0.0,D5,D5,Direct / Organic,Unknown,MY,False,2022-08,2022,1,False,False,False
7756022776063,1,25.23,9.0,35.7,0.0,D5,D4,Direct / Organic,Unknown,MY,False,2022-06,2022,1,False,False,False
7756028412159,1,22.5,9.0,40.0,0.0,D5,D4,Direct / Organic,Unknown,MY,False,2022-06,2022,1,False,False,False
8093275193599,2,10.8,8.92,82.6,100.0,D5,D1,Direct / Organic,Lean Protein,SG,False,2025-05,2025,2,False,True,False
8108928467199,1,10.8,8.92,82.6,100.0,D5,D3,Direct / Organic,Lean Protein,SG,False,2025-06,2025,2,False,False,False
7756007637247,1,25.0,8.91,35.6,0.0,D5,D4,Direct / Organic,Unknown,MY,False,2022-01,2022,1,False,False,False
7756037030143,1,25.0,8.91,35.6,0.0,D5,D4,Direct / Organic,Unknown,MY,False,2022-04,2022,1,False,False,False
7756044534015,1,22.27,8.91,40.0,0.0,D5,D4,Direct / Organic,Unknown,MY,False,2022-02,2022,1,False,False,False
6327556669695,1,22.05,8.82,40.0,0.0,D5,D5,Subscription,Unknown,SG,False,2022-06,2022,1,False,False,False
6327556735231,1,22.05,8.82,40.0,0.0,D5,D5,Subscription,Unknown,SG,False,2022-06,2022,1,False,False,False
6424267456767,1,26.9,8.8,32.7,0.0,D5,D5,Subscription,Unknown,SG,False,2022-05,2022,1,False,False,False
6423239950591,1,26.8,8.76,32.7,0.0,D5,D5,Subscription,Unknown,SG,False,2022-06,2022,1,False,False,False
6423463395583,1,26.8,8.76,32.7,0.0,D5,D5,Subscription,Unknown,SG,False,2022-05,2022,1,False,False,False
7755992203519,1,24.55,8.73,35.6,0.0,D5,D4,Direct / Organic,Unknown,MY,False,2022-01,2021,1,False,False,False
8078001438975,1,13.57,8.72,64.3,100.0,D5,D3,Affiliate,Lean Protein,SG,False,2025-05,2025,1,False,False,False
8364507791615,1,11.95,8.71,72.9,100.0,D5,D2,Direct / Organic,Accessories,SG,False,2025-10,2025,2,False,False,False
8211697926399,1,11.88,8.64,72.7,100.0,D5,D3,Paid Social,Accessories,SG,False,2025-08,2025,2,False,False,False
8291685826815,1,11.28,8.64,76.6,100.0,D5,D3,Direct / Organic,Accessories,SG,False,2025-08,2025,2,False,False,False
8286290379007,1,11.84,8.6,72.6,100.0,D5,D3,Direct / Organic,Accessories,SG,False,2025-08,2025,2,False,False,False
7756043288831,1,24.23,8.6,35.5,0.0,D5,D4,Direct / Organic,Unknown,MY,False,2022-02,2022,1,False,False,False
7756448170239,1,10.06,8.59,85.4,100.0,D5,D4,Direct / Organic,Accessories,SG,False,2025-08,2025,2,False,False,False
8083228492031,1,11.8,8.56,72.5,100.0,D5,D3,Direct / Organic,Accessories,SG,False,2025-06,2025,2,False,False,False
8236354601215,1,11.75,8.51,72.4,100.0,D5,D3,Direct / Organic,Accessories,SG,False,2025-08,2025,2,False,False,False
7756030607615,1,20.67,8.27,40.0,0.0,D5,D4,Direct / Organic,Unknown,MY,False,2022-06,2022,1,False,False,False
8352688177407,1,11.94,8.26,69.2,100.0,D5,D3,Direct / Organic,Accessories,SG,False,2025-09,2025,2,False,False,False
8308721484031,1,11.9,8.22,69.1,100.0,D5,D3,Direct / Organic,Accessories,SG,False,2025-09,2025,2,False,False,False
8330979180799,1,11.87,8.19,69.0,100.0,D5,D3,Direct / Organic,Accessories,SG,False,2025-09,2025,2,False,False,False
8240841982207,1,11.86,8.18,69.0,100.0,D5,D3,Direct / Organic,Accessories,SG,False,2025-08,2025,2,False,False,False
7956289716479,1,12.4,8.14,65.6,100.0,D5,D3,Direct / Organic,Lean Protein,SG,False,2025-04,2025,1,False,False,False
7957573435647,1,9.8,8.14,83.1,100.0,D5,D3,Direct / Organic,Lean Protein,SG,False,2025-04,2025,1,False,False,False
7978157310207,1,9.8,8.14,83.1,100.0,D5,D3,Direct / Organic,Lean Protein,SG,False,2025-04,2025,1,False,False,False
7980815548671,1,9.8,8.14,83.1,100.0,D5,D3,Direct / Organic,Lean Protein,SG,False,2025-04,2025,1,False,False,False
8089858441471,1,12.4,8.14,65.6,100.0,D5,D3,Direct / Organic,Lean Protein,SG,False,2025-05,2025,1,False,False,False
8162851520767,1,11.75,8.07,68.7,100.0,D5,D3,Direct / Organic,Accessories,SG,False,2025-06,2025,2,False,False,False
8800279101695,1,12.63,8.04,63.7,100.0,D5,D2,Direct / Organic,Lean Protein,SG,False,2026-02,2026,1,False,False,False
7755924635903,1,22.77,8.02,35.2,0.0,D5,D5,Direct / Organic,Unknown,MY,False,2022-03,2022,1,False,False,False
7755935645951,1,22.77,8.02,35.2,0.0,D5,D5,Direct / Organic,Unknown,MY,False,2022-06,2022,1,False,False,False
7756031000831,1,20.05,8.02,40.0,0.0,D5,D4,Direct / Organic,Unknown,MY,False,2022-06,2022,1,False,False,False
7756031262975,1,20.05,8.02,40.0,0.0,D5,D4,Direct / Organic,Unknown,MY,False,2022-06,2022,1,False,False,False
7756031328511,1,22.77,8.02,35.2,0.0,D5,D4,Direct / Organic,Unknown,MY,False,2022-06,2022,1,False,False,False
7756031394047,1,20.05,8.02,40.0,0.0,D5,D4,Direct / Organic,Unknown,MY,False,2022-06,2022,1,False,False,False
7756031885567,1,20.05,8.02,40.0,0.0,D5,D4,Direct / Organic,Unknown,MY,False,2022-06,2022,1,False,False,False
7756032180479,1,22.77,8.02,35.2,0.0,D5,D4,Direct / Organic,Unknown,MY,False,2022-06,2022,1,False,False,False
7756038537471,1,20.05,8.02,40.0,0.0,D5,D4,Direct / Organic,Unknown,MY,False,2022-03,2022,1,False,False,False
7756037226751,1,22.73,8.0,35.2,0.0,D5,D4,Direct / Organic,Unknown,MY,False,2022-04,2022,1,False,False,False
7756038439167,1,20.0,8.0,40.0,0.0,D5,D4,Direct / Organic,Unknown,MY,False,2022-04,2022,1,False,False,False
6327623549183,2,19.8,7.92,40.0,0.0,D5,D2,Subscription,Unknown,SG,False,2022-02,2022,1,False,False,False
6327666114815,2,19.8,7.92,40.0,0.0,D5,D2,Subscription,Unknown,SG,False,2022-02,2022,1,False,False,False
6329716080895,2,19.8,7.92,40.0,0.0,D5,D2,Subscription,Unknown,SG,False,2022-02,2022,1,False,False,False
6334090838271,2,19.8,7.92,40.0,0.0,D5,D2,Subscription,Unknown,SG,False,2022-01,2021,1,False,False,False
6423603773695,2,19.8,7.92,40.0,0.0,D5,D2,Subscription,Unknown,SG,False,2022-02,2022,1,False,False,False
6423607312639,2,19.8,7.92,40.0,0.0,D5,D2,Subscription,Unknown,SG,False,2022-01,2022,1,False,False,False
8657495490815,1,12.31,7.88,64.0,100.0,D5,D2,Paid Social,Accessories,SG,False,2025-12,2025,1,False,False,False
7947783307519,2,14.35,7.87,54.8,100.0,D5,D1,Paid Social,Unknown,SG,False,2025-04,2025,2,False,True,False
6424267227391,1,19.6,7.84,40.0,0.0,D5,D5,Subscription,Unknown,SG,False,2022-05,2022,1,False,False,False
8868306649343,1,12.65,7.84,62.0,100.0,D5,D2,Direct / Organic,Clear Protein,SG,False,2026-03,2026,2,False,False,False
6327401644287,1,24.4,7.8,32.0,0.0,D5,D5,Subscription,Unknown,SG,False,2022-02,2022,1,False,False,False
7756361662719,1,33.12,7.71,23.3,100.0,D5,D4,Subscription,Other,MY,True,2024-03,2024,2,False,False,False
7756043616511,2,25.3,7.7,30.4,0.0,D5,D1,Direct / Organic,Unknown,MY,False,2022-02,2022,1,False,True,False
8477979836671,1,9.2,7.62,82.8,100.0,D5,D2,Direct / Organic,Accessories,SG,False,2025-10,2025,1,False,False,False
6328285921535,1,23.9,7.6,31.8,0.0,D5,D5,Subscription,Unknown,SG,False,2022-01,2022,1,False,False,False
6423612063999,1,23.9,7.6,31.8,0.0,D5,D5,Subscription,Unknown,SG,False,2022-01,2022,1,False,False,False
6423612129535,1,23.9,7.6,31.8,0.0,D5,D5,Subscription,Unknown,SG,False,2022-01,2022,1,False,False,False
6423613047039,1,23.9,7.6,31.8,0.0,D5,D5,Subscription,Unknown,SG,False,2022-01,2022,1,False,False,False
6423613604095,1,23.9,7.6,31.8,0.0,D5,D5,Subscription,Unknown,SG,False,2022-01,2022,1,False,False,False
6423613669631,1,23.9,7.6,31.8,0.0,D5,D5,Subscription,Unknown,SG,False,2022-01,2022,1,False,False,False
6423614062847,1,23.9,7.6,31.8,0.0,D5,D5,Subscription,Unknown,SG,False,2022-01,2021,1,False,False,False
6423614095615,1,23.9,7.6,31.8,0.0,D5,D5,Subscription,Unknown,SG,False,2022-01,2021,1,False,False,False
7756042076415,1,18.82,7.53,40.0,0.0,D5,D4,Direct / Organic,Unknown,MY,False,2022-02,2022,1,False,False,False
7756045779199,1,21.55,7.53,34.9,0.0,D5,D4,Direct / Organic,Unknown,MY,False,2022-01,2022,1,False,False,False
8251368603903,1,9.1,7.52,82.6,100.0,D5,D3,Direct / Organic,Accessories,SG,False,2025-09,2025,1,False,False,False
7875579904255,1,11.8,7.49,63.5,100.0,D5,D3,Direct / Organic,Accessories,SG,False,2025-02,2025,1,False,False,False
7756157026559,1,9.06,7.48,82.6,100.0,D5,D4,Direct / Organic,Accessories,MY,False,2024-04,2024,1,False,False,False
7756325323007,1,11.79,7.48,63.5,100.0,D5,D4,Direct / Organic,Accessories,MY,False,2024-06,2024,1,False,False,False
8147352027391,1,9.05,7.47,82.5,100.0,D5,D3,Paid Social,Accessories,SG,False,2025-06,2025,1,False,False,False
8111457501439,1,14.6,7.35,50.3,100.0,D5,D3,Direct / Organic,Accessories,SG,False,2025-06,2025,3,False,False,False
7756422807807,1,26.73,7.32,27.4,100.0,D5,D4,Direct / Organic,Other,MY,False,2024-04,2024,2,False,False,False
7756430868735,1,15.43,7.26,47.0,0.0,D5,D4,Direct / Organic,Other,MY,False,2024-05,2024,2,False,False,False
7755959533823,1,18.06,7.22,40.0,0.0,D5,D5,Direct / Organic,Unknown,MY,False,2022-09,2022,1,False,False,False
7755928436991,1,20.61,7.15,34.7,0.0,D5,D5,Direct / Organic,Unknown,MY,False,2022-01,2022,1,False,False,False
7755958911231,1,17.88,7.15,40.0,0.0,D5,D5,Direct / Organic,Unknown,MY,False,2022-03,2022,1,False,False,False
7756018483455,1,20.61,7.15,34.7,0.0,D5,D4,Direct / Organic,Unknown,MY,False,2022-08,2022,1,False,False,False
7756047253759,1,20.61,7.15,34.7,0.0,D5,D4,Direct / Organic,Unknown,MY,False,2022-01,2022,1,False,False,False
7756047352063,1,20.61,7.15,34.7,0.0,D5,D4,Direct / Organic,Unknown,MY,False,2022-01,2022,1,False,False,False
7756047384831,1,20.61,7.15,34.7,0.0,D5,D4,Direct / Organic,Unknown,MY,False,2022-01,2022,1,False,False,False
7756047515903,1,20.61,7.15,34.7,0.0,D5,D4,Direct / Organic,Unknown,MY,False,2022-01,2022,1,False,False,False
7756047843583,1,20.61,7.15,34.7,0.0,D5,D4,Direct / Organic,Unknown,MY,False,2022-01,2022,1,False,False,False
7756048040191,1,17.88,7.15,40.0,0.0,D5,D4,Direct / Organic,Unknown,MY,False,2022-01,2022,1,False,False,False
7755939021055,1,20.55,7.13,34.7,0.0,D5,D5,Direct / Organic,Unknown,MY,False,2022-05,2022,1,False,False,False
7756035326207,1,17.82,7.13,40.0,0.0,D5,D4,Direct / Organic,Unknown,MY,False,2022-05,2022,1,False,False,False
7756036440319,1,20.55,7.13,34.7,0.0,D5,D4,Direct / Organic,Unknown,MY,False,2022-04,2022,1,False,False,False
7756036636927,1,20.55,7.13,34.7,0.0,D5,D4,Direct / Organic,Unknown,MY,False,2022-04,2022,1,False,False,False
8373738406143,1,9.18,7.08,77.1,100.0,D5,D2,Direct / Organic,Clear Protein,SG,False,2025-10,2025,1,False,False,False
7756043780351,2,17.58,7.03,40.0,0.0,D5,D1,Direct / Organic,Unknown,MY,False,2022-02,2022,1,False,True,False
7756437717247,1,9.04,6.94,76.8,100.0,D5,D4,Paid Social,Clear Protein,SG,False,2025-06,2025,1,False,False,False
8251513569535,1,9.04,6.94,76.8,100.0,D5,D3,Direct / Organic,Clear Protein,SG,False,2025-08,2025,1,False,False,False
7756047974655,2,17.27,6.91,40.0,0.0,D5,D1,Direct / Organic,Unknown,MY,False,2022-01,2022,1,False,True,False
8134042910975,1,9.0,6.9,76.7,100.0,D5,D3,Direct / Organic,Clear Protein,SG,False,2025-06,2025,1,False,False,False
6423240081663,2,26.9,6.84,25.4,0.0,D5,D2,Subscription,Unknown,SG,False,2022-06,2022,1,False,False,False
6329615220991,1,9.9,6.66,67.3,100.0,D5,D5,Direct / Organic,Unknown,SG,False,2025-04,2025,2,False,False,False
6336684916991,1,9.9,6.66,67.3,100.0,D5,D5,Paid Social,Accessories,SG,False,2025-05,2025,2,False,False,False
7127991779583,1,9.9,6.66,67.3,100.0,D5,D5,Paid Social,Unknown,SG,False,2025-04,2025,2,False,False,False
7356383363327,1,8.41,6.66,79.2,100.0,D5,D5,Direct / Organic,Unknown,SG,False,2025-04,2025,2,False,False,False
7694044201215,1,9.9,6.66,67.3,100.0,D5,D5,Paid Social,Unknown,SG,False,2025-04,2025,2,False,False,False
7944523645183,1,9.9,6.66,67.3,100.0,D5,D3,Direct / Organic,Accessories,SG,False,2025-05,2025,2,False,False,False
7944993079551,1,9.9,6.66,67.3,100.0,D5,D3,Paid Social,Unknown,SG,False,2025-04,2025,2,False,False,False
7947239391487,1,9.9,6.66,67.3,100.0,D5,D3,Paid Social,Unknown,SG,False,2025-04,2025,2,False,False,False
7947243618559,1,9.9,6.66,67.3,100.0,D5,D3,Paid Social,Unknown,SG,False,2025-04,2025,2,False,False,False
7947423645951,1,9.9,6.66,67.3,100.0,D5,D3,Paid Social,Unknown,SG,False,2025-04,2025,2,False,False,False
7947792810239,1,9.9,6.66,67.3,100.0,D5,D3,Paid Social,Unknown,SG,False,2025-04,2025,2,False,False,False
7947850252543,1,9.9,6.66,67.3,100.0,D5,D3,Paid Social,Unknown,SG,False,2025-04,2025,2,False,False,False
7947985584383,1,9.9,6.66,67.3,100.0,D5,D3,Direct / Organic,Unknown,SG,False,2025-04,2025,2,False,False,False
7948420382975,1,9.9,6.66,67.3,100.0,D5,D3,Paid Social,Unknown,SG,False,2025-04,2025,2,False,False,False
7949065060607,1,9.9,6.66,67.3,100.0,D5,D3,Paid Social,Unknown,SG,False,2025-04,2025,2,False,False,False
7949364068607,1,8.91,6.66,74.7,100.0,D5,D3,Direct / Organic,Unknown,SG,False,2025-04,2025,2,False,False,False
7953853120767,1,9.9,6.66,67.3,100.0,D5,D3,Paid Social,Unknown,SG,False,2025-04,2025,2,False,False,False
7953984815359,1,9.9,6.66,67.3,100.0,D5,D3,Direct / Organic,Unknown,SG,False,2025-04,2025,2,False,False,False
7953987862783,1,9.9,6.66,67.3,100.0,D5,D3,Direct / Organic,Unknown,SG,False,2025-04,2025,2,False,False,False
7954748440831,1,9.9,6.66,67.3,100.0,D5,D3,Paid Social,Unknown,SG,False,2025-04,2025,2,False,False,False
7955123634431,1,9.9,6.66,67.3,100.0,D5,D3,Paid Social,Unknown,SG,False,2025-04,2025,2,False,False,False
7956543766783,1,9.9,6.66,67.3,100.0,D5,D3,Paid Social,Unknown,SG,False,2025-04,2025,2,False,False,False
7956611399935,1,9.9,6.66,67.3,100.0,D5,D3,Paid Social,Unknown,SG,False,2025-04,2025,2,False,False,False
7957658271999,1,9.9,6.66,67.3,100.0,D5,D3,Paid Social,Unknown,SG,False,2025-04,2025,2,False,False,False
7957910520063,1,9.9,6.66,67.3,100.0,D5,D3,Direct / Organic,Unknown,SG,False,2025-04,2025,2,False,False,False
7958863151359,1,9.9,6.66,67.3,100.0,D5,D3,Paid Social,Unknown,SG,False,2025-04,2025,2,False,False,False
7958938517759,1,9.9,6.66,67.3,100.0,D5,D3,Paid Social,Unknown,SG,False,2025-04,2025,2,False,False,False
7960663032063,1,9.9,6.66,67.3,100.0,D5,D3,Direct / Organic,Unknown,SG,False,2025-04,2025,2,False,False,False
7960702255359,1,9.9,6.66,67.3,100.0,D5,D3,Direct / Organic,Unknown,SG,False,2025-04,2025,2,False,False,False
7960884084991,1,9.9,6.66,67.3,100.0,D5,D3,Paid Social,Unknown,SG,False,2025-04,2025,2,False,False,False
7960931926271,1,9.9,6.66,67.3,100.0,D5,D3,Paid Social,Unknown,SG,False,2025-04,2025,2,False,False,False
7961317933311,1,9.9,6.66,67.3,100.0,D5,D3,Paid Social,Unknown,SG,False,2025-04,2025,2,False,False,False
7963011383551,1,9.9,6.66,67.3,100.0,D5,D3,Paid Social,Unknown,SG,False,2025-04,2025,2,False,False,False
7963058274559,1,9.9,6.66,67.3,100.0,D5,D3,Direct / Organic,Unknown,SG,False,2025-04,2025,2,False,False,False
7963208450303,1,9.9,6.66,67.3,100.0,D5,D3,Paid Social,Unknown,SG,False,2025-04,2025,2,False,False,False
7964860383487,1,9.9,6.66,67.3,100.0,D5,D3,Paid Social,Unknown,SG,False,2025-04,2025,2,False,False,False
7966279008511,1,9.9,6.66,67.3,100.0,D5,D3,Direct / Organic,Unknown,SG,False,2025-04,2025,2,False,False,False
7967101387007,1,9.9,6.66,67.3,100.0,D5,D3,Paid Social,Unknown,SG,False,2025-04,2025,2,False,False,False
7969128972543,1,9.9,6.66,67.3,100.0,D5,D3,Paid Social,Unknown,SG,False,2025-04,2025,2,False,False,False
7969943060735,1,9.9,6.66,67.3,100.0,D5,D3,Paid Social,Unknown,SG,False,2025-04,2025,2,False,False,False
7970179580159,1,9.9,6.66,67.3,100.0,D5,D3,Paid Social,Accessories,SG,False,2025-05,2025,2,False,False,False
7971528638719,1,9.9,6.66,67.3,100.0,D5,D3,Direct / Organic,Unknown,SG,False,2025-04,2025,2,False,False,False
7971586015487,1,9.9,6.66,67.3,100.0,D5,D3,Paid Social,Unknown,SG,False,2025-04,2025,2,False,False,False
7976802779391,1,9.9,6.66,67.3,100.0,D5,D3,Paid Social,Unknown,SG,False,2025-04,2025,2,False,False,False
7976827355391,1,8.41,6.66,79.2,100.0,D5,D3,Paid Social,Unknown,SG,False,2025-04,2025,2,False,False,False
7977191375103,1,9.9,6.66,67.3,100.0,D5,D3,Direct / Organic,Unknown,SG,False,2025-04,2025,2,False,False,False
7978194665727,1,9.9,6.66,67.3,100.0,D5,D3,Paid Social,Unknown,SG,False,2025-04,2025,2,False,False,False
7979969282303,1,9.9,6.66,67.3,100.0,D5,D3,Paid Social,Unknown,SG,False,2025-04,2025,2,False,False,False
7980154650879,1,9.9,6.66,67.3,100.0,D5,D3,Paid Social,Unknown,SG,False,2025-04,2025,2,False,False,False
7981276627199,1,9.9,6.66,67.3,100.0,D5,D3,Paid Social,Unknown,SG,False,2025-04,2025,2,False,False,False
7981445284095,1,9.9,6.66,67.3,100.0,D5,D3,Paid Social,Unknown,SG,False,2025-04,2025,2,False,False,False
7981721747711,1,9.9,6.66,67.3,100.0,D5,D3,Direct / Organic,Unknown,SG,False,2025-04,2025,2,False,False,False
7986218402047,1,9.9,6.66,67.3,100.0,D5,D3,Paid Social,Unknown,SG,False,2025-04,2025,2,False,False,False
7986317426943,1,9.9,6.66,67.3,100.0,D5,D3,Direct / Organic,Unknown,SG,False,2025-04,2025,2,False,False,False
7988104200447,1,9.9,6.66,67.3,100.0,D5,D3,Paid Social,Unknown,SG,False,2025-04,2025,2,False,False,False
7991643373823,1,9.9,6.66,67.3,100.0,D5,D3,Paid Social,Unknown,SG,False,2025-05,2025,2,False,False,False
7993809535231,1,9.9,6.66,67.3,100.0,D5,D3,Paid Social,Unknown,SG,False,2025-05,2025,2,False,False,False
7994766262527,1,9.9,6.66,67.3,100.0,D5,D3,Paid Social,Unknown,SG,False,2025-05,2025,2,False,False,False
8017390960895,1,9.9,6.66,67.3,100.0,D5,D3,Direct / Organic,Accessories,SG,False,2025-05,2025,2,False,False,False
8028452782335,1,9.9,6.66,67.3,100.0,D5,D3,Paid Social,Accessories,SG,False,2025-05,2025,2,False,False,False
8033804583167,1,9.9,6.66,67.3,100.0,D5,D3,Paid Social,Accessories,SG,False,2025-05,2025,2,False,False,False
8035329016063,1,9.9,6.66,67.3,100.0,D5,D3,Direct / Organic,Accessories,SG,False,2025-05,2025,2,False,False,False
8035369779455,1,9.9,6.66,67.3,100.0,D5,D3,Paid Social,Accessories,SG,False,2025-05,2025,2,False,False,False
8036106404095,1,9.9,6.66,67.3,100.0,D5,D3,Paid Social,Accessories,SG,False,2025-05,2025,2,False,False,False
8038275481855,1,9.9,6.66,67.3,100.0,D5,D3,Direct / Organic,Accessories,SG,False,2025-05,2025,2,False,False,False
8044753846527,1,9.9,6.66,67.3,100.0,D5,D3,Direct / Organic,Accessories,SG,False,2025-05,2025,2,False,False,False
8059895546111,1,9.9,6.66,67.3,100.0,D5,D3,Paid Social,Accessories,SG,False,2025-05,2025,2,False,False,False
8060349612287,1,9.9,6.66,67.3,100.0,D5,D3,Paid Social,Accessories,SG,False,2025-05,2025,2,False,False,False
8060442607871,1,9.9,6.66,67.3,100.0,D5,D3,Paid Social,Accessories,SG,False,2025-05,2025,2,False,False,False
8061688185087,1,9.9,6.66,67.3,100.0,D5,D3,Direct / Organic,Accessories,SG,False,2025-05,2025,2,False,False,False
8062138417407,1,9.9,6.66,67.3,100.0,D5,D3,Direct / Organic,Accessories,SG,False,2025-05,2025,2,False,False,False
8062283251967,1,8.41,6.66,79.2,100.0,D5,D3,Paid Social,Accessories,SG,False,2025-05,2025,2,False,False,False
8062293704959,1,9.9,6.66,67.3,100.0,D5,D3,Paid Social,Accessories,SG,False,2025-05,2025,2,False,False,False
8062496899327,1,8.91,6.66,74.7,100.0,D5,D3,Direct / Organic,Accessories,SG,False,2025-05,2025,2,False,False,False
8073543909631,1,9.9,6.66,67.3,100.0,D5,D3,Direct / Organic,Accessories,SG,False,2025-05,2025,2,False,False,False
8073981886719,1,8.91,6.66,74.7,100.0,D5,D3,Direct / Organic,Accessories,SG,False,2025-05,2025,2,False,False,False
8075827020031,1,9.9,6.66,67.3,100.0,D5,D3,Paid Social,Accessories,SG,False,2025-05,2025,2,False,False,False
8076994806015,1,9.9,6.66,67.3,100.0,D5,D3,Direct / Organic,Accessories,SG,False,2025-05,2025,2,False,False,False
8077209796863,1,9.9,6.66,67.3,100.0,D5,D3,Paid Social,Accessories,SG,False,2025-05,2025,2,False,False,False
8077735428351,1,9.9,6.66,67.3,100.0,D5,D3,Paid Social,Accessories,SG,False,2025-05,2025,2,False,False,False
8079725232383,1,9.9,6.66,67.3,100.0,D5,D3,Direct / Organic,Accessories,SG,False,2025-05,2025,2,False,False,False
8081417273599,1,9.9,6.66,67.3,100.0,D5,D3,Direct / Organic,Accessories,SG,False,2025-05,2025,2,False,False,False
8082145935615,1,9.9,6.66,67.3,100.0,D5,D3,Paid Social,Accessories,SG,False,2025-05,2025,2,False,False,False
8082524045567,1,9.9,6.66,67.3,100.0,D5,D3,Direct / Organic,Accessories,SG,False,2025-05,2025,2,False,False,False
8086454305023,1,9.9,6.66,67.3,100.0,D5,D3,Paid Social,Accessories,SG,False,2025-05,2025,2,False,False,False
8086722543871,1,9.9,6.66,67.3,100.0,D5,D3,Paid Social,Accessories,SG,False,2025-05,2025,2,False,False,False
8089827574015,1,9.9,6.66,67.3,100.0,D5,D3,Direct / Organic,Accessories,SG,False,2025-05,2025,2,False,False,False
8090247790847,1,9.9,6.66,67.3,100.0,D5,D3,Direct / Organic,Accessories,SG,False,2025-05,2025,2,False,False,False
8091200127231,1,9.9,6.66,67.3,100.0,D5,D3,Paid Social,Accessories,SG,False,2025-05,2025,2,False,False,False
8091952742655,1,9.9,6.66,67.3,100.0,D5,D3,Direct / Organic,Accessories,SG,False,2025-05,2025,2,False,False,False
8092348940543,1,9.9,6.66,67.3,100.0,D5,D3,Paid Social,Accessories,SG,False,2025-05,2025,2,False,False,False
8093702029567,1,9.9,6.66,67.3,100.0,D5,D3,Direct / Organic,Accessories,SG,True,2025-05,2025,2,False,False,False
8098376089855,1,9.9,6.66,67.3,100.0,D5,D3,Direct / Organic,Accessories,SG,False,2025-06,2025,2,False,False,False
8099252928767,1,9.9,6.66,67.3,100.0,D5,D3,Direct / Organic,Accessories,SG,False,2025-06,2025,2,False,False,False
8099338027263,1,9.9,6.66,67.3,100.0,D5,D3,Paid Social,Accessories,SG,False,2025-06,2025,2,False,False,False
8099785801983,1,9.9,6.66,67.3,100.0,D5,D3,Direct / Organic,Accessories,SG,False,2025-06,2025,2,False,False,False
8106785079551,1,9.9,6.66,67.3,100.0,D5,D3,Direct / Organic,Accessories,SG,False,2025-06,2025,2,False,False,False
8107064525055,1,9.9,6.66,67.3,100.0,D5,D3,Direct / Organic,Accessories,SG,False,2025-06,2025,2,False,False,False
8263965409535,2,16.42,6.57,40.0,0.0,D5,D1,Direct / Organic,Other,SG,False,2025-08,2025,1,False,True,False
7756039487743,1,16.09,6.44,40.0,0.0,D5,D4,Direct / Organic,Unknown,MY,False,2022-03,2022,1,False,False,False
7905979990271,1,8.88,6.39,72.0,100.0,D5,D3,Paid Social,Lean Protein,SG,False,2025-03,2025,1,False,False,False
7756033032447,1,15.64,6.25,40.0,0.0,D5,D4,Direct / Organic,Unknown,MY,False,2022-05,2022,1,False,False,False
6327793615103,1,20.5,6.24,30.4,0.0,D5,D5,Subscription,Unknown,SG,False,2022-02,2022,1,False,False,False
6423594926335,1,20.5,6.24,30.4,0.0,D5,D5,Subscription,Unknown,SG,False,2022-04,2022,1,False,False,False
6423596826879,1,20.5,6.24,30.4,0.0,D5,D5,Subscription,Unknown,SG,False,2022-03,2022,1,False,False,False
6423597613311,1,20.5,6.24,30.4,0.0,D5,D5,Subscription,Unknown,SG,False,2022-03,2022,1,False,False,False
7756021039359,4,21.05,6.24,29.6,0.0,D5,D1,Direct / Organic,Unknown,MY,False,2022-02,2022,1,False,True,False
7955169247487,1,8.41,6.22,74.0,100.0,D5,D3,Paid Social,Accessories,SG,False,2025-05,2025,2,False,False,False
8079793520895,1,8.91,6.22,69.8,100.0,D5,D3,Direct / Organic,Accessories,SG,False,2025-05,2025,2,False,False,False
8085072314623,1,9.9,6.22,62.8,100.0,D5,D3,Paid Social,Accessories,SG,False,2025-05,2025,2,False,False,False
8093263364351,1,9.9,6.22,62.8,100.0,D5,D3,Direct / Organic,Accessories,SG,False,2025-05,2025,2,False,False,False
8098559328511,1,9.9,6.22,62.8,100.0,D5,D3,Direct / Organic,Accessories,SG,False,2025-06,2025,2,False,False,False
8099604300031,1,9.9,6.22,62.8,100.0,D5,D3,Paid Social,Accessories,SG,False,2025-06,2025,2,False,False,False
8099616981247,1,8.41,6.22,74.0,100.0,D5,D3,Direct / Organic,Accessories,SG,False,2025-06,2025,2,False,False,False
8101295620351,1,9.9,6.22,62.8,100.0,D5,D3,Direct / Organic,Accessories,SG,False,2025-06,2025,2,False,False,False
8101696995583,1,9.9,6.22,62.8,100.0,D5,D3,Direct / Organic,Accessories,SG,False,2025-06,2025,2,False,False,False
8106201874687,1,9.9,6.22,62.8,100.0,D5,D3,Direct / Organic,Accessories,SG,False,2025-06,2025,2,False,False,False
7756425855231,1,15.43,6.17,40.0,0.0,D5,D4,Subscription,Unknown,MY,True,2024-05,2024,2,False,False,False
8017510826239,1,8.86,5.62,63.4,100.0,D5,D3,Paid Social,Accessories,SG,False,2025-05,2025,2,False,False,False
8081163682047,1,8.85,5.61,63.4,100.0,D5,D3,Paid Social,Accessories,SG,False,2025-05,2025,2,False,False,False
8009441018111,1,8.84,5.6,63.3,100.0,D5,D3,Direct / Organic,Accessories,SG,False,2025-05,2025,2,False,False,False
8001316258047,1,8.83,5.59,63.3,100.0,D5,D3,Paid Social,Unknown,SG,False,2025-05,2025,2,False,False,False
8013910507775,1,8.83,5.59,63.3,100.0,D5,D3,Paid Social,Accessories,SG,False,2025-05,2025,2,False,False,False
8017677648127,1,8.83,5.59,63.3,100.0,D5,D3,Paid Social,Accessories,SG,False,2025-05,2025,2,False,False,False
8025648005375,1,8.83,5.59,63.3,100.0,D5,D3,Direct / Organic,Accessories,SG,False,2025-05,2025,2,False,False,False
8080121921791,1,8.83,5.59,63.3,100.0,D5,D3,Paid Social,Accessories,SG,False,2025-05,2025,2,False,False,False
7756478316799,1,8.81,5.57,63.2,100.0,D5,D4,Paid Social,Accessories,SG,False,2025-05,2025,2,False,False,False
8052244119807,1,8.81,5.57,63.2,100.0,D5,D3,Paid Social,Accessories,SG,False,2025-05,2025,2,False,False,False
8082922176767,1,8.81,5.57,63.2,100.0,D5,D3,Paid Social,Accessories,SG,False,2025-05,2025,2,False,False,False
8091621916927,1,8.8,5.56,63.2,100.0,D5,D3,Paid Social,Accessories,SG,False,2025-06,2025,2,False,False,False
8096862929151,1,8.8,5.56,63.2,100.0,D5,D3,Direct / Organic,Accessories,SG,False,2025-06,2025,2,False,False,False
7974247530751,1,8.79,5.55,63.1,100.0,D5,D3,Direct / Organic,Unknown,SG,False,2025-05,2025,2,False,False,False
7986042929407,1,8.79,5.55,63.1,100.0,D5,D3,Paid Social,Unknown,SG,False,2025-04,2025,2,False,False,False
7987021545727,1,8.79,5.55,63.1,100.0,D5,D3,Paid Social,Unknown,SG,False,2025-04,2025,2,False,False,False
7994403029247,1,8.79,5.55,63.1,100.0,D5,D3,Paid Social,Unknown,SG,False,2025-05,2025,2,False,False,False
8025703809279,1,8.79,5.55,63.1,100.0,D5,D3,Paid Social,Accessories,SG,False,2025-05,2025,2,False,False,False
8026601783551,1,8.79,5.55,63.1,100.0,D5,D3,Paid Social,Accessories,SG,False,2025-05,2025,2,False,False,False
8084578664703,1,7.91,5.55,70.2,100.0,D5,D3,Direct / Organic,Accessories,SG,False,2025-05,2025,2,False,False,False
7756468814079,1,8.78,5.54,63.1,100.0,D5,D4,Paid Social,Accessories,SG,False,2025-05,2025,2,False,False,False
7984326705407,1,8.78,5.54,63.1,100.0,D5,D3,Direct / Organic,Unknown,SG,False,2025-04,2025,2,False,False,False
7989422915839,1,8.78,5.54,63.1,100.0,D5,D3,Paid Social,Unknown,SG,False,2025-05,2025,2,False,False,False
8054260531455,1,8.78,5.54,63.1,100.0,D5,D3,Direct / Organic,Accessories,SG,False,2025-05,2025,2,False,False,False
8058275791103,1,8.78,5.54,63.1,100.0,D5,D3,Paid Social,Accessories,SG,False,2025-05,2025,2,False,False,False
8033668399359,1,8.76,5.52,63.0,100.0,D5,D3,Paid Social,Accessories,SG,False,2025-05,2025,2,False,False,False
8035219767551,1,8.76,5.52,63.0,100.0,D5,D3,Paid Social,Accessories,SG,False,2025-05,2025,2,False,False,False
8036005380351,1,8.76,5.52,63.0,100.0,D5,D3,Paid Social,Accessories,SG,False,2025-05,2025,2,False,False,False
8054987063551,1,8.76,5.52,63.0,100.0,D5,D3,Paid Social,Accessories,SG,False,2025-05,2025,2,False,False,False
8063554158847,1,8.76,5.52,63.0,100.0,D5,D3,Direct / Organic,Accessories,SG,False,2025-05,2025,2,False,False,False
8099512942847,1,8.76,5.52,63.0,100.0,D5,D3,Paid Social,Accessories,SG,False,2025-06,2025,2,False,False,False
7953635377407,1,8.75,5.51,63.0,100.0,D5,D3,Paid Social,Accessories,SG,False,2025-05,2025,2,False,False,False
8033865564415,1,8.75,5.51,63.0,100.0,D5,D3,Paid Social,Accessories,SG,False,2025-05,2025,2,False,False,False
8033941029119,1,8.75,5.51,63.0,100.0,D5,D3,Paid Social,Accessories,SG,False,2025-05,2025,2,False,False,False
8033941389567,1,8.75,5.51,63.0,100.0,D5,D3,Direct / Organic,Accessories,SG,False,2025-05,2025,2,False,False,False
8035869753599,1,8.75,5.51,63.0,100.0,D5,D3,Paid Social,Accessories,SG,False,2025-05,2025,2,False,False,False
8041640952063,1,8.75,5.51,63.0,100.0,D5,D3,Direct / Organic,Accessories,SG,False,2025-05,2025,2,False,False,False
8040205353215,1,8.74,5.5,62.9,100.0,D5,D3,Direct / Organic,Accessories,SG,False,2025-05,2025,2,False,False,False
8041565847807,1,8.74,5.5,62.9,100.0,D5,D3,Paid Social,Accessories,SG,False,2025-05,2025,2,False,False,False
8041576464639,1,8.74,5.5,62.9,100.0,D5,D3,Direct / Organic,Accessories,SG,False,2025-05,2025,2,False,False,False
7978250043647,1,8.72,5.48,62.8,100.0,D5,D3,Paid Social,Unknown,SG,False,2025-04,2025,2,False,False,False
7979875467519,1,8.72,5.48,62.8,100.0,D5,D3,Paid Social,Unknown,SG,False,2025-04,2025,2,False,False,False
7981294485759,1,8.72,5.48,62.8,100.0,D5,D3,Paid Social,Unknown,SG,False,2025-04,2025,2,False,False,False
7843931291903,1,8.7,5.46,62.8,100.0,D5,D3,Paid Social,Unknown,SG,False,2025-04,2025,2,False,False,False
7975543505151,1,8.7,5.46,62.8,100.0,D5,D3,Paid Social,Unknown,SG,False,2025-04,2025,2,False,False,False
7953771331839,1,8.69,5.45,62.7,100.0,D5,D3,Direct / Organic,Unknown,SG,False,2025-04,2025,2,False,False,False
7962148634879,1,8.66,5.42,62.6,100.0,D5,D3,Paid Social,Unknown,SG,False,2025-04,2025,2,False,False,False
7971282485503,1,8.66,5.42,62.6,100.0,D5,D3,Paid Social,Unknown,SG,False,2025-04,2025,2,False,False,False
7946981572863,1,8.65,5.41,62.5,100.0,D5,D3,Direct / Organic,Unknown,SG,False,2025-04,2025,2,False,False,False
7960906924287,1,8.65,5.41,62.5,100.0,D5,D3,Paid Social,Unknown,SG,False,2025-04,2025,2,False,False,False
7973855068415,1,8.65,5.41,62.5,100.0,D5,D3,Paid Social,Unknown,SG,False,2025-04,2025,2,False,False,False
7953742430463,1,7.78,5.4,69.4,100.0,D5,D3,Paid Social,Unknown,SG,False,2025-04,2025,2,False,False,False
7955217023231,1,8.64,5.4,62.5,100.0,D5,D3,Direct / Organic,Unknown,SG,False,2025-04,2025,2,False,False,False
7958669623551,1,8.64,5.4,62.5,100.0,D5,D3,Paid Social,Unknown,SG,False,2025-04,2025,2,False,False,False
7962873069823,1,8.64,5.4,62.5,100.0,D5,D3,Paid Social,Unknown,SG,False,2025-04,2025,2,False,False,False
7939081961727,1,8.63,5.39,62.5,100.0,D5,D3,Paid Social,Unknown,SG,False,2025-04,2025,2,False,False,False
7954731794687,1,7.77,5.39,69.4,100.0,D5,D3,Direct / Organic,Unknown,SG,False,2025-04,2025,2,False,False,False
7959066575103,1,8.63,5.39,62.5,100.0,D5,D3,Paid Social,Unknown,SG,False,2025-04,2025,2,False,False,False
7962473169151,1,8.63,5.39,62.5,100.0,D5,D3,Paid Social,Unknown,SG,False,2025-04,2025,2,False,False,False
7962796523775,1,8.63,5.39,62.5,100.0,D5,D3,Paid Social,Unknown,SG,False,2025-04,2025,2,False,False,False
7964162883839,1,7.77,5.39,69.4,100.0,D5,D3,Paid Social,Unknown,SG,False,2025-04,2025,2,False,False,False
7831677305087,1,8.62,5.38,62.4,100.0,D5,D3,Paid Social,Unknown,SG,False,2025-04,2025,2,False,False,False
7756452692223,1,8.61,5.37,62.4,100.0,D5,D4,Paid Social,Unknown,SG,False,2025-04,2025,2,False,False,False
7967132156159,1,8.61,5.37,62.4,100.0,D5,D3,Paid Social,Unknown,SG,False,2025-04,2025,2,False,False,False
7967145787647,1,8.61,5.37,62.4,100.0,D5,D3,Paid Social,Unknown,SG,False,2025-04,2025,2,False,False,False
7967631802623,1,8.61,5.37,62.4,100.0,D5,D3,Paid Social,Unknown,SG,False,2025-04,2025,2,False,False,False
7968520470783,1,8.61,5.37,62.4,100.0,D5,D3,Paid Social,Unknown,SG,False,2025-04,2025,2,False,False,False
7969001079039,1,7.33,5.37,73.3,100.0,D5,D3,Direct / Organic,Unknown,SG,False,2025-04,2025,2,False,False,False
8140492046591,1,9.05,5.37,59.3,100.0,D5,D3,Direct / Organic,Accessories,SG,False,2025-06,2025,2,False,False,False
8081245405439,1,8.85,5.17,58.4,100.0,D5,D3,Direct / Organic,Accessories,SG,False,2025-05,2025,2,False,False,False
8066563244287,1,8.81,5.13,58.2,100.0,D5,D3,Direct / Organic,Accessories,SG,False,2025-05,2025,2,False,False,False
8077599473919,1,8.81,5.13,58.2,100.0,D5,D3,Direct / Organic,Accessories,SG,False,2025-05,2025,2,False,False,False
8096271827199,1,8.81,5.13,58.2,100.0,D5,D3,Paid Social,Accessories,SG,False,2025-06,2025,2,False,False,False
8096681820415,1,8.81,5.13,58.2,100.0,D5,D3,Direct / Organic,Accessories,SG,False,2025-06,2025,2,False,False,False
8071174652159,1,7.9,5.1,64.6,100.0,D5,D3,Direct / Organic,Accessories,SG,False,2025-05,2025,2,False,False,False
7949365117183,1,11.38,4.9,43.1,100.0,D5,D3,Paid Social,Unknown,SG,False,2025-04,2025,2,False,False,False
7518816469247,1,5.9,4.85,82.2,100.0,D5,D5,Direct / Organic,Clear Protein,SG,False,2025-05,2025,1,False,False,False
8028178481407,1,5.9,4.85,82.2,100.0,D5,D3,Paid Social,Clear Protein,SG,False,2025-05,2025,1,False,False,False
8079788310783,1,5.9,4.85,82.2,100.0,D5,D3,Direct / Organic,Clear Protein,SG,False,2025-05,2025,1,False,False,False
7756042469631,2,11.52,4.61,40.0,0.0,D5,D1,Direct / Organic,Unknown,MY,False,2022-02,2022,1,False,True,False
7756042600703,2,11.52,4.61,40.0,0.0,D5,D1,Direct / Organic,Unknown,MY,False,2022-02,2022,1,False,True,False
7756042764543,1,11.52,4.61,40.0,0.0,D5,D4,Direct / Organic,Unknown,MY,False,2022-02,2022,1,False,False,False
7756046205183,2,11.52,4.61,40.0,0.0,D5,D1,Direct / Organic,Unknown,MY,False,2022-01,2022,1,False,True,False
7756419006719,1,7.7,4.54,59.0,100.0,D5,D4,Subscription,Accessories,MY,True,2024-04,2024,1,False,False,False
7960494932223,1,4.9,4.07,83.1,100.0,D5,D3,Paid Social,Lean Protein,SG,False,2025-04,2025,1,False,False,False
7966805885183,1,4.9,4.07,83.1,100.0,D5,D3,Direct / Organic,Lean Protein,SG,False,2025-04,2025,1,False,False,False
7975535345919,1,4.9,4.07,83.1,100.0,D5,D3,Direct / Organic,Lean Protein,SG,False,2025-04,2025,1,False,False,False
8013711114495,1,4.41,4.07,92.3,100.0,D5,D3,Direct / Organic,Lean Protein,SG,False,2025-05,2025,1,False,False,False
8014995226879,1,9.8,4.07,41.5,100.0,D5,D3,Direct / Organic,Lean Protein,SG,False,2025-05,2025,1,False,False,False
8015538847999,1,4.9,4.07,83.1,100.0,D5,D3,Direct / Organic,Lean Protein,SG,False,2025-05,2025,1,False,False,False
8065487667455,1,4.9,4.07,83.1,100.0,D5,D3,Direct / Organic,Lean Protein,SG,False,2025-05,2025,1,False,False,False
8070474268927,1,4.9,4.07,83.1,100.0,D5,D3,Direct / Organic,Lean Protein,SG,False,2025-05,2025,1,False,False,False
8108609241343,1,4.9,4.07,83.1,100.0,D5,D3,Direct / Organic,Lean Protein,SG,False,2025-06,2025,1,False,False,False
8108840026367,1,4.9,4.07,83.1,100.0,D5,D3,Direct / Organic,Lean Protein,SG,False,2025-06,2025,1,False,False,False
6327521149183,1,9.9,3.96,40.0,0.0,D5,D5,Subscription,Unknown,SG,False,2022-02,2022,1,False,False,False
6327547461887,1,9.9,3.96,40.0,0.0,D5,D5,Subscription,Unknown,SG,False,2022-01,2022,1,False,False,False
6327562043647,1,9.9,3.96,40.0,0.0,D5,D5,Subscription,Unknown,SG,False,2022-01,2022,1,False,False,False
6327635149055,1,9.9,3.96,40.0,0.0,D5,D5,Subscription,Unknown,SG,False,2022-02,2022,1,False,False,False
6327638130943,1,9.9,3.96,40.0,0.0,D5,D5,Subscription,Unknown,SG,False,2022-01,2022,1,False,False,False
6327775232255,1,9.9,3.96,40.0,0.0,D5,D5,Subscription,Unknown,SG,False,2022-02,2022,1,False,False,False
6328269734143,1,9.9,3.96,40.0,0.0,D5,D5,Subscription,Unknown,SG,False,2022-02,2022,1,False,False,False
6328296833279,1,9.9,3.96,40.0,0.0,D5,D5,Subscription,Unknown,SG,False,2022-02,2022,1,False,False,False
6329623871743,1,9.9,3.96,40.0,0.0,D5,D5,Subscription,Unknown,SG,False,2022-02,2022,1,False,False,False
6329863831807,1,9.9,3.96,40.0,0.0,D5,D5,Subscription,Unknown,SG,False,2022-02,2022,1,False,False,False
6329871991039,1,9.9,3.96,40.0,0.0,D5,D5,Subscription,Unknown,SG,False,2022-01,2022,1,False,False,False
6329874088191,1,9.9,3.96,40.0,0.0,D5,D5,Subscription,Unknown,SG,False,2022-01,2021,1,False,False,False
6336636748031,1,9.9,3.96,40.0,0.0,D5,D5,Subscription,Unknown,SG,False,2022-01,2022,1,False,False,False
6336667287807,1,9.9,3.96,40.0,0.0,D5,D5,Subscription,Unknown,SG,False,2022-02,2022,1,False,False,False
6336677970175,1,9.9,3.96,40.0,0.0,D5,D5,Subscription,Unknown,SG,False,2022-01,2022,1,False,False,False
6336681378047,1,9.9,3.96,40.0,0.0,D5,D5,Subscription,Unknown,SG,False,2022-02,2022,1,False,False,False
6336760840447,1,9.9,3.96,40.0,0.0,D5,D5,Subscription,Unknown,SG,False,2022-02,2022,1,False,False,False
6423601152255,1,9.9,3.96,40.0,0.0,D5,D5,Subscription,Unknown,SG,False,2022-02,2022,1,False,False,False
6423601217791,1,9.9,3.96,40.0,0.0,D5,D5,Subscription,Unknown,SG,False,2022-02,2022,1,False,False,False
6423601381631,1,9.9,3.96,40.0,0.0,D5,D5,Subscription,Unknown,SG,False,2022-02,2022,1,False,False,False
6423601479935,1,9.9,3.96,40.0,0.0,D5,D5,Subscription,Unknown,SG,False,2022-02,2022,1,False,False,False
6423601709311,1,9.9,3.96,40.0,0.0,D5,D5,Subscription,Unknown,SG,False,2022-02,2022,1,False,False,False
6423602036991,1,9.9,3.96,40.0,0.0,D5,D5,Subscription,Unknown,SG,False,2022-02,2022,1,False,False,False
6423602200831,1,9.9,3.96,40.0,0.0,D5,D5,Subscription,Unknown,SG,False,2022-02,2022,1,False,False,False
6423602790655,1,9.9,3.96,40.0,0.0,D5,D5,Subscription,Unknown,SG,False,2022-02,2022,1,False,False,False
6423603839231,1,9.9,3.96,40.0,0.0,D5,D5,Subscription,Unknown,SG,False,2022-02,2022,1,False,False,False
6423604101375,1,9.9,3.96,40.0,0.0,D5,D5,Subscription,Unknown,SG,False,2022-02,2022,1,False,False,False
6423604134143,1,9.9,3.96,40.0,0.0,D5,D5,Subscription,Unknown,SG,False,2022-02,2022,1,False,False,False
6423604232447,1,9.9,3.96,40.0,0.0,D5,D5,Subscription,Unknown,SG,False,2022-02,2022,1,False,False,False
6423604265215,1,9.9,3.96,40.0,0.0,D5,D5,Subscription,Unknown,SG,False,2022-02,2022,1,False,False,False
6423604592895,1,9.9,3.96,40.0,0.0,D5,D5,Subscription,Unknown,SG,False,2022-02,2022,1,False,False,False
6423604789503,1,9.9,3.96,40.0,0.0,D5,D5,Subscription,Unknown,SG,False,2022-02,2022,1,False,False,False
6423604986111,1,9.9,3.96,40.0,0.0,D5,D5,Subscription,Unknown,SG,False,2022-02,2022,1,False,False,False
6423605051647,1,9.9,3.96,40.0,0.0,D5,D5,Subscription,Unknown,SG,False,2022-02,2022,1,False,False,False
6423607279871,1,9.9,3.96,40.0,0.0,D5,D5,Subscription,Unknown,SG,False,2022-01,2022,1,False,False,False
6423608131839,1,9.9,3.96,40.0,0.0,D5,D5,Subscription,Unknown,SG,False,2022-01,2022,1,False,False,False
6423608426751,1,9.9,3.96,40.0,0.0,D5,D5,Subscription,Unknown,SG,False,2022-01,2022,1,False,False,False
6423609934079,1,9.9,3.96,40.0,0.0,D5,D5,Subscription,Unknown,SG,False,2022-01,2022,1,False,False,False
6423610065151,1,9.9,3.96,40.0,0.0,D5,D5,Subscription,Unknown,SG,False,2022-01,2022,1,False,False,False
6423610261759,1,9.9,3.96,40.0,0.0,D5,D5,Subscription,Unknown,SG,False,2022-01,2022,1,False,False,False
6423611474175,1,9.9,3.96,40.0,0.0,D5,D5,Subscription,Unknown,SG,False,2022-01,2022,1,False,False,False
6423611670783,1,9.9,3.96,40.0,0.0,D5,D5,Subscription,Unknown,SG,False,2022-01,2022,1,False,False,False
6423611965695,1,9.9,3.96,40.0,0.0,D5,D5,Subscription,Unknown,SG,False,2022-01,2022,1,False,False,False
6423612358911,1,9.9,3.96,40.0,0.0,D5,D5,Subscription,Unknown,SG,False,2022-01,2022,1,False,False,False
6423612588287,1,9.9,3.96,40.0,0.0,D5,D5,Subscription,Unknown,SG,False,2022-01,2022,1,False,False,False
6423612752127,1,9.9,3.96,40.0,0.0,D5,D5,Subscription,Unknown,SG,False,2022-01,2022,1,False,False,False
6423613702399,1,9.9,3.96,40.0,0.0,D5,D5,Subscription,Unknown,SG,False,2022-01,2022,1,False,False,False
6423613964543,1,9.9,3.96,40.0,0.0,D5,D5,Subscription,Unknown,SG,False,2022-01,2021,1,False,False,False
6423614030079,1,9.9,3.96,40.0,0.0,D5,D5,Subscription,Unknown,SG,False,2022-01,2021,1,False,False,False
6423614128383,1,9.9,3.96,40.0,0.0,D5,D5,Subscription,Unknown,SG,False,2022-01,2021,1,False,False,False
8160775373055,1,14.8,3.96,26.8,0.0,D5,D3,Direct / Organic,Unknown,SG,False,2025-06,2025,1,False,False,False
8164897816831,1,14.8,3.96,26.8,0.0,D5,D3,Direct / Organic,Unknown,SG,False,2025-06,2025,1,False,False,False
6327661527295,1,14.5,3.84,26.5,0.0,D5,D5,Subscription,Unknown,SG,False,2022-08,2022,1,False,False,False
7756034212095,1,12.3,3.83,31.1,0.0,D5,D4,Direct / Organic,Unknown,MY,False,2022-05,2022,1,False,False,False
7756034638079,1,12.3,3.83,31.1,0.0,D5,D4,Direct / Organic,Unknown,MY,False,2022-05,2022,1,False,False,False
7756039356671,1,12.3,3.83,31.1,0.0,D5,D4,Direct / Organic,Unknown,MY,False,2022-03,2022,1,False,False,False
7755961499903,1,8.79,3.52,40.0,0.0,D5,D5,Direct / Organic,Unknown,MY,False,2022-04,2022,1,False,False,False
7756042207487,1,11.52,3.52,30.5,0.0,D5,D4,Direct / Organic,Unknown,MY,False,2022-02,2022,1,False,False,False
7756043649279,1,8.79,3.52,40.0,0.0,D5,D4,Direct / Organic,Unknown,MY,False,2022-02,2022,1,False,False,False
7756043714815,1,8.79,3.52,40.0,0.0,D5,D4,Direct / Organic,Unknown,MY,False,2022-02,2022,1,False,False,False
7756043813119,1,8.79,3.52,40.0,0.0,D5,D4,Direct / Organic,Unknown,MY,False,2022-02,2022,1,False,False,False
7756043878655,1,8.79,3.52,40.0,0.0,D5,D4,Direct / Organic,Unknown,MY,False,2022-02,2022,1,False,False,False
7756043976959,1,8.79,3.52,40.0,0.0,D5,D4,Direct / Organic,Unknown,MY,False,2022-02,2022,1,False,False,False
7756044009727,1,8.79,3.52,40.0,0.0,D5,D4,Direct / Organic,Unknown,MY,False,2022-02,2022,1,False,False,False
7756044075263,1,8.79,3.52,40.0,0.0,D5,D4,Direct / Organic,Unknown,MY,False,2022-02,2022,1,False,False,False
6423240114431,1,13.45,3.42,25.4,0.0,D5,D5,Subscription,Unknown,SG,False,2022-06,2022,1,False,False,False
6423240212735,1,13.45,3.42,25.4,0.0,D5,D5,Subscription,Unknown,SG,False,2022-06,2022,1,False,False,False
7756043944191,1,11.09,3.35,30.2,0.0,D5,D4,Direct / Organic,Unknown,MY,False,2022-02,2022,1,False,False,False
7756046795007,1,11.09,3.35,30.2,0.0,D5,D4,Direct / Organic,Unknown,MY,False,2022-01,2022,1,False,False,False
8226068988159,1,8.24,3.3,40.0,0.0,D5,D3,Email,Other,SG,False,2025-09,2025,1,False,False,False
8289088340223,1,8.24,3.3,40.0,0.0,D5,D3,Direct / Organic,Other,SG,False,2025-08,2025,1,False,False,False
8294948045055,1,8.24,3.3,40.0,0.0,D5,D3,Direct / Organic,Other,SG,False,2025-08,2025,1,False,False,False
8296332198143,1,8.23,3.29,40.0,0.0,D5,D3,Direct / Organic,Other,SG,False,2025-08,2025,1,False,False,False
8244467269887,1,8.21,3.28,40.0,0.0,D5,D3,Direct / Organic,Other,SG,False,2025-08,2025,1,False,False,False
8263964360959,1,8.21,3.28,40.0,0.0,D5,D3,Direct / Organic,Other,SG,False,2025-08,2025,1,False,False,False
8263988674815,1,8.21,3.28,40.0,0.0,D5,D3,Direct / Organic,Other,SG,False,2025-08,2025,1,False,False,False
8226071707903,1,8.2,3.28,40.0,0.0,D5,D3,Email,Other,SG,False,2025-08,2025,1,False,False,False
8244467532031,1,8.2,3.28,40.0,0.0,D5,D3,Email,Other,SG,False,2025-08,2025,1,False,False,False
8247810031871,1,8.2,3.28,40.0,0.0,D5,D3,Email,Other,SG,False,2025-08,2025,1,False,False,False
8258907996415,1,8.2,3.28,40.0,0.0,D5,D3,Direct / Organic,Other,SG,False,2025-08,2025,1,False,False,False
8260049305855,1,8.2,3.28,40.0,0.0,D5,D3,Email,Other,SG,False,2025-08,2025,1,False,False,False
8261334434047,1,8.2,3.28,40.0,0.0,D5,D3,Email,Other,SG,False,2025-08,2025,1,False,False,False
8263798915327,1,8.2,3.28,40.0,0.0,D5,D3,Direct / Organic,Other,SG,False,2025-08,2025,1,False,False,False
8284237594879,1,8.2,3.28,40.0,0.0,D5,D3,Direct / Organic,Other,SG,False,2025-08,2025,1,False,False,False
8253839147263,1,8.17,3.27,40.0,0.0,D5,D3,Email,Other,SG,False,2025-08,2025,1,False,False,False
8367200993535,1,3.95,3.12,79.0,100.0,D5,D2,Direct / Organic,Lean Protein,SG,False,2025-10,2025,1,False,False,False
7756398231807,1,5.72,2.48,43.4,100.0,D5,D4,Direct / Organic,Unknown,SG,False,2025-04,2025,2,False,False,False
6532493574399,1,5.71,2.47,43.3,100.0,D5,D5,Paid Social,Unknown,SG,False,2025-04,2025,2,False,False,False
7947457921279,1,5.71,2.47,43.3,100.0,D5,D3,Paid Social,Unknown,SG,False,2025-04,2025,2,False,False,False
7948912394495,1,5.71,2.47,43.3,100.0,D5,D3,Paid Social,Unknown,SG,False,2025-04,2025,2,False,False,False
7949118767359,1,5.69,2.45,43.1,100.0,D5,D3,Paid Social,Unknown,SG,False,2025-04,2025,2,False,False,False
7949352468735,1,5.69,2.45,43.1,100.0,D5,D3,Direct / Organic,Unknown,SG,False,2025-04,2025,2,False,False,False
7953428513023,1,5.69,2.45,43.1,100.0,D5,D3,Paid Social,Unknown,SG,False,2025-04,2025,2,False,False,False
7953496867071,1,5.69,2.45,43.1,100.0,D5,D3,Paid Social,Unknown,SG,False,2025-04,2025,2,False,False,False
7953525604607,1,5.69,2.45,43.1,100.0,D5,D3,Direct / Organic,Unknown,SG,False,2025-04,2025,2,False,False,False
7756411764991,1,5.68,2.44,43.0,100.0,D5,D4,Paid Social,Unknown,SG,False,2025-04,2025,2,False,False,False
7949294174463,1,5.68,2.44,43.0,100.0,D5,D3,Email,Unknown,SG,False,2025-04,2025,2,False,False,False
7952972939519,1,5.65,2.41,42.7,100.0,D5,D3,Paid Social,Unknown,SG,False,2025-04,2025,2,False,False,False
8242732761343,1,6.0,2.4,40.0,0.0,D5,D3,Direct / Organic,Other,SG,False,2025-08,2025,1,False,False,False
7756042043647,1,5.76,2.3,40.0,0.0,D5,D4,Direct / Organic,Unknown,MY,False,2022-02,2022,1,False,False,False
7756042338559,1,5.76,2.3,40.0,0.0,D5,D4,Direct / Organic,Unknown,MY,False,2022-02,2022,1,False,False,False
7756042436863,1,5.76,2.3,40.0,0.0,D5,D4,Direct / Organic,Unknown,MY,False,2022-02,2022,1,False,False,False
7756042535167,1,5.76,2.3,40.0,0.0,D5,D4,Direct / Organic,Unknown,MY,False,2022-02,2022,1,False,False,False
7756042567935,1,5.76,2.3,40.0,0.0,D5,D4,Direct / Organic,Unknown,MY,False,2022-02,2022,1,False,False,False
7756042666239,1,5.76,2.3,40.0,0.0,D5,D4,Direct / Organic,Unknown,MY,False,2022-02,2022,1,False,False,False
7756042699007,1,5.76,2.3,40.0,0.0,D5,D4,Direct / Organic,Unknown,MY,False,2022-02,2022,1,False,False,False
7756042830079,1,5.76,2.3,40.0,0.0,D5,D4,Direct / Organic,Unknown,MY,False,2022-02,2022,1,False,False,False
7756042862847,1,5.76,2.3,40.0,0.0,D5,D4,Direct / Organic,Unknown,MY,False,2022-02,2022,1,False,False,False
7756042961151,1,5.76,2.3,40.0,0.0,D5,D4,Direct / Organic,Unknown,MY,False,2022-02,2022,1,False,False,False
7756043026687,1,5.76,2.3,40.0,0.0,D5,D4,Direct / Organic,Unknown,MY,False,2022-02,2022,1,False,False,False
7756043157759,1,5.76,2.3,40.0,0.0,D5,D4,Direct / Organic,Unknown,MY,False,2022-02,2022,1,False,False,False
7756043354367,1,5.76,2.3,40.0,0.0,D5,D4,Direct / Organic,Unknown,MY,False,2022-02,2022,1,False,False,False
7756043419903,1,5.76,2.3,40.0,0.0,D5,D4,Direct / Organic,Unknown,MY,False,2022-02,2022,1,False,False,False
7756043452671,1,5.76,2.3,40.0,0.0,D5,D4,Direct / Organic,Unknown,MY,False,2022-02,2022,1,False,False,False
7756043485439,1,5.76,2.3,40.0,0.0,D5,D4,Direct / Organic,Unknown,MY,False,2022-02,2022,1,False,False,False
7756043550975,1,5.76,2.3,40.0,0.0,D5,D4,Direct / Organic,Unknown,MY,False,2022-02,2022,1,False,False,False
7756045844735,1,5.76,2.3,40.0,0.0,D5,D4,Direct / Organic,Unknown,MY,False,2022-01,2022,1,False,False,False
7756045910271,1,5.76,2.3,40.0,0.0,D5,D4,Direct / Organic,Unknown,MY,False,2022-01,2022,1,False,False,False
7756046074111,1,5.76,2.3,40.0,0.0,D5,D4,Direct / Organic,Unknown,MY,False,2022-01,2022,1,False,False,False
7756046401791,1,5.76,2.3,40.0,0.0,D5,D4,Direct / Organic,Unknown,MY,False,2022-01,2022,1,False,False,False
7756046598399,1,5.76,2.3,40.0,0.0,D5,D4,Direct / Organic,Unknown,MY,False,2022-01,2022,1,False,False,False
7756046893311,1,5.76,2.3,40.0,0.0,D5,D4,Direct / Organic,Unknown,MY,False,2022-01,2022,1,False,False,False
7756047122687,1,5.76,2.3,40.0,0.0,D5,D4,Direct / Organic,Unknown,MY,False,2022-01,2022,1,False,False,False
7756047155455,1,5.76,2.3,40.0,0.0,D5,D4,Direct / Organic,Unknown,MY,False,2022-01,2022,1,False,False,False
7756047286527,1,5.76,2.3,40.0,0.0,D5,D4,Direct / Organic,Unknown,MY,False,2022-01,2022,1,False,False,False
7756047548671,1,5.76,2.3,40.0,0.0,D5,D4,Direct / Organic,Unknown,MY,False,2022-01,2022,1,False,False,False
7756047581439,1,5.76,2.3,40.0,0.0,D5,D4,Direct / Organic,Unknown,MY,False,2022-01,2022,1,False,False,False
7756047614207,1,5.76,2.3,40.0,0.0,D5,D4,Direct / Organic,Unknown,MY,False,2022-01,2022,1,False,False,False
7756047646975,1,5.76,2.3,40.0,0.0,D5,D4,Direct / Organic,Unknown,MY,False,2022-01,2022,1,False,False,False
7756047679743,1,5.76,2.3,40.0,0.0,D5,D4,Direct / Organic,Unknown,MY,False,2022-01,2022,1,False,False,False
7756047745279,1,5.76,2.3,40.0,0.0,D5,D4,Direct / Organic,Unknown,MY,False,2022-01,2022,1,False,False,False
7756047778047,1,5.76,2.3,40.0,0.0,D5,D4,Direct / Organic,Unknown,MY,False,2022-01,2022,1,False,False,False
7756047909119,1,5.76,2.3,40.0,0.0,D5,D4,Direct / Organic,Unknown,MY,False,2022-01,2022,1,False,False,False
7756048072959,1,5.76,2.3,40.0,0.0,D5,D4,Direct / Organic,Unknown,MY,False,2022-01,2022,1,False,False,False
7756048171263,1,5.76,2.3,40.0,0.0,D5,D4,Direct / Organic,Unknown,MY,False,2022-01,2022,1,False,False,False
7756048466175,1,5.76,2.3,40.0,0.0,D5,D4,Direct / Organic,Unknown,MY,False,2022-01,2022,1,False,False,False
7756039618815,1,4.83,1.93,40.0,0.0,D5,D4,Direct / Organic,Unknown,MY,False,2022-03,2022,1,False,False,False
7756048138495,1,7.08,1.74,24.6,0.0,D5,D4,Direct / Organic,Unknown,MY,False,2022-01,2022,1,False,False,False
7756035457279,1,6.56,1.53,23.4,0.0,D5,D4,Direct / Organic,Unknown,MY,False,2022-05,2022,1,False,False,False
6327706059007,2,13.5,1.48,11.0,0.0,D5,D2,Subscription,Unknown,SG,False,2022-01,2022,1,False,False,False
6423595516159,1,5.35,0.18,3.4,0.0,D5,D5,Subscription,Unknown,SG,False,2022-04,2022,1,False,False,False
6423595286783,1,4.91,0.0,0.1,0.0,D5,D5,Subscription,Unknown,SG,False,2022-04,2022,1,False,False,False
6327551426815,1,4.9,0.0,0.0,0.0,D5,D5,Subscription,Unknown,SG,False,2022-04,2022,1,False,False,False
6327662870783,1,4.9,0.0,0.0,0.0,D5,D5,Subscription,Unknown,SG,False,2022-04,2022,1,False,False,False
6328294047999,1,4.9,0.0,0.0,0.0,D5,D5,Subscription,Unknown,SG,False,2022-04,2022,1,False,False,False
6423590797567,1,4.9,0.0,0.0,0.0,D5,D5,Subscription,Unknown,SG,False,2022-05,2022,1,False,False,False
6423595417855,1,4.9,0.0,0.0,0.0,D5,D5,Subscription,Unknown,SG,False,2022-04,2022,1,False,False,False
6423595450623,1,4.9,0.0,0.0,0.0,D5,D5,Subscription,Unknown,SG,False,2022-04,2022,1,False,False,False
6424267129087,4,19.6,0.0,0.0,0.0,D5,D1,Subscription,Unknown,SG,False,2022-05,2022,1,False,True,False
7756037587199,1,2.73,0.0,0.0,0.0,D5,D4,Direct / Organic,Unknown,MY,False,2022-04,2022,1,False,False,False
6327678501119,2,83.54,-2.43,-2.9,12.6,D5,D2,Subscription,Unknown,SG,False,2022-02,2022,3,False,False,False
8015279849727,1,18.39,-23.1,-125.6,100.0,D5,D3,Direct / Organic,Accessories,SG,False,2025-05,2025,2,False,False,False
8015323431167,1,18.39,-23.1,-125.6,100.0,D5,D3,Paid Social,Accessories,SG,False,2025-05,2025,2,False,False,False
8015623946495,1,18.39,-23.1,-125.6,100.0,D5,D3,Direct / Organic,Accessories,SG,False,2025-05,2025,2,False,False,False
8007184122111,1,9.9,-29.93,-302.3,100.0,D5,D3,Direct / Organic,Accessories,SG,False,2025-05,2025,2,False,False,False
8008304951551,1,9.9,-29.93,-302.3,100.0,D5,D3,Paid Social,Accessories,SG,False,2025-05,2025,2,False,False,False
8008515059967,1,9.9,-29.93,-302.3,100.0,D5,D3,Paid Social,Accessories,SG,False,2025-05,2025,2,False,False,False
8013774881023,1,9.9,-29.93,-302.3,100.0,D5,D3,Direct / Organic,Accessories,SG,False,2025-05,2025,2,False,False,False
8015096807679,1,9.9,-29.93,-302.3,100.0,D5,D3,Paid Social,Accessories,SG,False,2025-05,2025,2,False,False,False
7308225970431,1,46.83,40.46,86.4,100.0,D4,D5,Subscription,Lean Protein,SG,False,2024-05,2024,1,False,False,False
7314094194943,1,55.81,40.46,72.5,100.0,D4,D5,Subscription,Lean Protein,SG,False,2024-05,2024,1,False,False,False
7471965110527,1,64.8,40.46,62.4,100.0,D4,D5,Subscription,Lean Protein,SG,False,2024-08,2024,1,False,False,False
7475209109759,1,41.93,40.46,96.5,100.0,D4,D5,Subscription,Lean Protein,SG,False,2024-08,2024,1,False,False,False
7475307348223,1,41.93,40.46,96.5,100.0,D4,D5,Subscription,Lean Protein,SG,False,2024-08,2024,1,False,False,False
7476743209215,1,41.93,40.46,96.5,100.0,D4,D5,Subscription,Lean Protein,SG,False,2024-09,2024,1,False,False,False
7476745863423,1,64.8,40.46,62.4,100.0,D4,D5,Subscription,Lean Protein,SG,False,2024-09,2024,1,False,False,False
7476891648255,1,41.93,40.46,96.5,100.0,D4,D5,Subscription,Lean Protein,SG,False,2024-09,2024,1,False,False,False
7514098761983,1,64.8,40.46,62.4,100.0,D4,D5,Subscription,Lean Protein,SG,False,2024-09,2024,1,False,False,False
7517817372927,1,64.8,40.46,62.4,100.0,D4,D5,Subscription,Lean Protein,SG,False,2024-09,2024,1,False,False,False
7519999066367,1,46.83,40.46,86.4,100.0,D4,D5,Subscription,Lean Protein,SG,False,2024-09,2024,1,False,False,False
7521949188351,1,46.83,40.46,86.4,100.0,D4,D5,Subscription,Lean Protein,SG,False,2024-09,2024,1,False,False,False
7549021913343,1,64.8,40.46,62.4,100.0,D4,D5,Subscription,Lean Protein,SG,False,2024-10,2024,1,False,False,False
7694672920831,1,49.82,40.46,81.2,100.0,D4,D5,Subscription,Lean Protein,SG,False,2024-12,2024,1,False,False,False
7895743430911,1,55.81,40.46,72.5,100.0,D4,D3,Direct / Organic,Lean Protein,SG,False,2025-03,2025,1,False,False,False
7902379475199,1,64.8,40.46,62.4,100.0,D4,D3,Direct / Organic,Lean Protein,SG,False,2025-03,2025,1,False,False,False
7942600655103,1,58.91,40.46,68.7,100.0,D4,D3,Direct / Organic,Lean Protein,SG,False,2025-04,2025,1,False,False,False
7945951576319,1,59.9,40.46,67.5,100.0,D4,D3,Direct / Organic,Lean Protein,SG,False,2025-04,2025,1,False,False,False
7958430187775,1,64.9,40.46,62.3,100.0,D4,D3,Direct / Organic,Lean Protein,SG,False,2025-04,2025,1,False,False,False
7969697235199,1,59.9,40.46,67.5,100.0,D4,D3,Direct / Organic,Lean Protein,SG,False,2025-04,2025,1,False,False,False
7973731008767,1,59.9,40.46,67.5,100.0,D4,D3,Direct / Organic,Lean Protein,SG,False,2025-04,2025,1,False,False,False
7978313023743,1,59.9,40.46,67.5,100.0,D4,D3,Direct / Organic,Lean Protein,SG,False,2025-04,2025,1,False,False,False
7979892637951,1,64.9,40.46,62.3,100.0,D4,D3,Direct / Organic,Lean Protein,SG,False,2025-04,2025,1,False,False,False
7995077689599,1,58.91,40.46,68.7,100.0,D4,D3,Affiliate,Lean Protein,SG,False,2025-05,2025,1,False,False,False
8039330185471,1,64.9,40.46,62.3,100.0,D4,D3,Direct / Organic,Lean Protein,SG,False,2025-05,2025,1,False,False,False
8061810802943,1,64.9,40.46,62.3,100.0,D4,D3,Paid Social,Lean Protein,SG,False,2025-05,2025,1,False,False,False
8086166831359,1,64.9,40.46,62.3,100.0,D4,D3,Direct / Organic,Lean Protein,SG,False,2025-05,2025,1,False,False,False
8089496355071,1,59.9,40.46,67.5,100.0,D4,D3,Direct / Organic,Lean Protein,SG,False,2025-05,2025,1,False,False,False
8094797889791,1,59.9,40.46,67.5,100.0,D4,D3,Direct / Organic,Lean Protein,SG,False,2025-05,2025,1,False,False,False
8249708642559,1,51.53,40.37,78.3,100.0,D4,D3,Affiliate,Lean Protein,SG,False,2025-08,2025,2,False,False,False
8794462519551,1,66.59,40.35,60.6,100.0,D4,D2,Subscription,Lean Protein,SG,True,2026-02,2026,2,False,False,False
7756355010815,2,110.2,40.32,36.6,0.0,D4,D1,Subscription,Unknown,MY,True,2023-03,2023,1,False,True,False
6336735740159,2,105.43,40.21,38.1,0.0,D4,D2,Subscription,Unknown,SG,False,2022-04,2022,1,False,False,False
7755957633279,1,70.02,40.18,57.4,100.0,D4,D5,Subscription,Other,MY,True,2023-05,2023,1,False,False,False
6532489150719,1,81.71,40.17,49.2,10.0,D4,D5,Direct / Organic,Unknown,MY,False,2022-12,2022,2,False,False,False
7756359827711,1,71.91,40.17,55.9,100.0,D4,D4,Direct / Organic,Other,MY,False,2023-08,2023,2,False,False,False
7756415631615,1,68.13,40.17,59.0,100.0,D4,D4,Direct / Organic,Collagen Glow,MY,False,2024-04,2024,2,False,False,False
7756428443903,1,71.91,40.17,55.9,100.0,D4,D4,Direct / Organic,Collagen Glow,MY,False,2024-05,2024,2,False,False,False
8337021468927,1,64.9,40.16,61.9,100.0,D4,D3,Paid Social,Lean Protein,SG,False,2025-09,2025,2,False,False,False
8870516621567,1,61.25,40.16,65.6,100.0,D4,D2,Direct / Organic,Lean Protein,SG,False,2026-03,2026,1,False,False,False
8247973347583,1,71.08,40.15,56.5,100.0,D4,D3,Direct / Organic,Other,SG,False,2025-08,2025,1,False,False,False
7964082503935,1,58.9,40.14,68.1,100.0,D4,D3,Subscription,Lean Protein,SG,True,2025-08,2025,2,False,False,False
7756035522815,1,106.38,40.13,37.7,0.0,D4,D4,Direct / Organic,Unknown,MY,False,2022-05,2022,1,False,False,False
7756039323903,1,100.31,40.12,40.0,0.0,D4,D4,Direct / Organic,Unknown,MY,False,2022-03,2022,1,False,False,False
8868197859583,1,58.2,40.04,68.8,100.0,D4,D2,Subscription,Lean Protein,SG,True,2026-03,2026,1,False,False,False
7695319695615,1,72.24,40.03,55.4,100.0,D4,D5,Subscription,Other,SG,False,2024-12,2024,1,False,False,False
6336637272319,1,104.88,39.99,38.1,0.0,D4,D5,Subscription,Unknown,SG,False,2022-04,2022,1,False,False,False
8894920818943,1,58.14,39.98,68.8,100.0,D4,D2,Subscription,Lean Protein,SG,True,2026-03,2026,1,False,False,False
7756488442111,4,65.35,39.95,61.1,100.0,D4,D1,Subscription,Other,MY,True,2025-01,2025,1,False,True,False
7520596295935,1,46.83,39.94,85.3,100.0,D4,D5,Subscription,Clear Protein,SG,False,2024-09,2024,2,False,False,False
7520742703359,1,46.83,39.94,85.3,100.0,D4,D5,Subscription,Clear Protein,SG,False,2024-09,2024,2,False,False,False
7520819249407,1,46.83,39.94,85.3,100.0,D4,D5,Subscription,Clear Protein,SG,False,2024-09,2024,2,False,False,False
7521717682431,1,46.83,39.94,85.3,100.0,D4,D5,Subscription,Clear Protein,SG,False,2024-09,2024,2,False,False,False
7522965946623,1,46.83,39.94,85.3,100.0,D4,D5,Subscription,Clear Protein,SG,False,2024-09,2024,2,False,False,False
7523199582463,1,46.83,39.94,85.3,100.0,D4,D5,Subscription,Clear Protein,SG,False,2024-09,2024,2,False,False,False
7527460929791,1,61.81,39.94,64.6,100.0,D4,D5,Subscription,Clear Protein,SG,False,2024-10,2024,2,False,False,False
7756019204351,1,102.55,39.93,38.9,0.0,D4,D4,Direct / Organic,Unknown,MY,False,2022-08,2022,1,False,False,False
8035980280063,1,51.44,39.91,77.6,100.0,D4,D3,Paid Social,Other,SG,True,2025-05,2025,4,False,False,False
7756487360767,1,53.96,39.88,73.9,100.0,D4,D4,Direct / Organic,Accessories,MY,False,2024-12,2024,2,False,False,False
6613804351743,1,62.57,39.87,63.7,52.6,D4,D5,Subscription,Unknown,SG,False,2023-03,2023,2,False,False,False
8899516563711,1,60.37,39.83,66.0,100.0,D4,D2,Direct / Organic,Lean Protein,SG,False,2026-03,2026,1,False,False,False
7756475793663,1,59.73,39.76,66.6,100.0,D4,D4,Subscription,Clear Protein,MY,True,2024-10,2024,2,False,False,False
7756438601983,1,49.41,39.72,80.4,100.0,D4,D4,Subscription,Unknown,MY,True,2024-06,2024,3,False,False,False
8835805577471,1,52.2,39.68,76.0,100.0,D4,D2,Direct / Organic,Clear Protein,SG,False,2026-03,2026,2,False,False,False
7756030771455,1,99.04,39.62,40.0,0.0,D4,D4,Direct / Organic,Unknown,MY,False,2022-06,2022,1,False,False,False
6665240019199,3,76.26,39.41,51.7,33.3,D4,D1,Subscription,Unknown,SG,True,2023-05,2023,2,False,True,False
7756038930687,2,103.9,39.38,37.9,0.0,D4,D1,Direct / Organic,Unknown,MY,False,2022-02,2022,1,False,True,False
7756005409023,1,48.18,39.36,81.7,100.0,D4,D4,Direct / Organic,Other,MY,False,2022-10,2022,1,False,False,False
8894605689087,1,60.39,39.34,65.1,100.0,D4,D2,Paid Social,Lean Protein,SG,False,2026-03,2026,1,False,False,False
7756414255359,1,65.86,39.19,59.5,100.0,D4,D4,Subscription,Other,MY,True,2024-03,2024,3,False,False,False
7756195463423,1,83.43,39.16,46.9,69.0,D4,D4,Direct / Organic,Unknown,MY,False,2023-02,2023,2,False,False,False
7756260344063,1,83.43,39.16,46.9,69.0,D4,D4,Direct / Organic,Unknown,MY,False,2022-12,2022,1,False,False,False
7756261523711,1,83.43,39.16,46.9,69.0,D4,D4,Direct / Organic,Other,MY,False,2022-12,2022,2,False,False,False
7756264767743,1,70.91,39.16,55.2,69.0,D4,D4,Direct / Organic,Unknown,MY,False,2023-01,2023,1,False,False,False
7756356092159,1,83.43,39.16,46.9,69.0,D4,D4,Direct / Organic,Unknown,MY,False,2023-03,2023,1,False,False,False
7756460949759,1,54.18,39.16,72.3,100.0,D4,D4,Direct / Organic,Other,MY,False,2024-08,2024,1,False,False,False
7756468224255,1,49.35,39.16,79.3,100.0,D4,D4,Direct / Organic,Other,MY,False,2024-09,2024,1,False,False,False
7756474581247,1,59.34,39.16,66.0,100.0,D4,D4,Direct / Organic,Other,MY,False,2024-10,2024,1,False,False,False
7756028543231,3,103.3,39.14,37.9,0.0,D4,D1,Direct / Organic,Unknown,MY,False,2022-03,2022,1,False,True,False
7363903357183,1,49.15,39.04,79.4,100.0,D4,D5,Subscription,Clear Protein,SG,False,2024-06,2024,2,False,False,False
7366254100735,1,49.15,39.04,79.4,100.0,D4,D5,Subscription,Clear Protein,SG,False,2024-06,2024,2,False,False,False
7366333694207,1,52.1,39.04,74.9,100.0,D4,D5,Subscription,Clear Protein,SG,False,2024-06,2024,2,False,False,False
6650460700927,1,67.84,38.98,57.5,100.0,D4,D5,Subscription,Collagen Glow,SG,True,2023-04,2023,1,False,False,False
7756260245759,1,73.64,38.98,52.9,62.5,D4,D4,Direct / Organic,Unknown,MY,False,2022-12,2022,2,False,False,False
6532486037759,1,60.0,38.88,64.8,100.0,D4,D5,Email,Clear Protein,MY,False,2024-01,2024,1,False,False,False
7756365758719,1,48.55,38.88,80.1,100.0,D4,D4,Direct / Organic,Clear Protein,MY,False,2024-03,2024,1,False,False,False
7756399313151,1,51.55,38.88,75.4,100.0,D4,D4,Direct / Organic,Clear Protein,MY,False,2024-01,2024,1,False,False,False
7756412616959,1,48.55,38.88,80.1,100.0,D4,D4,Direct / Organic,Clear Protein,MY,False,2024-03,2024,1,False,False,False
7756413206783,1,60.0,38.88,64.8,100.0,D4,D4,Direct / Organic,Clear Protein,MY,False,2024-03,2024,1,False,False,False
7756413567231,1,51.41,38.88,75.6,100.0,D4,D4,Direct / Organic,Clear Protein,MY,False,2024-04,2024,1,False,False,False
7756415074559,1,60.0,38.88,64.8,100.0,D4,D4,Direct / Organic,Clear Protein,MY,False,2024-03,2024,1,False,False,False
7756415271167,1,48.55,38.88,80.1,100.0,D4,D4,Direct / Organic,Clear Protein,MY,False,2024-03,2024,1,False,False,False
7756417532159,1,60.0,38.88,64.8,100.0,D4,D4,Direct / Organic,Clear Protein,MY,False,2024-04,2024,1,False,False,False
7756418547967,1,60.0,38.88,64.8,100.0,D4,D4,Direct / Organic,Clear Protein,MY,False,2024-04,2024,1,False,False,False
7756418580735,1,54.27,38.88,71.6,100.0,D4,D4,Direct / Organic,Clear Protein,MY,False,2024-04,2024,1,False,False,False
7756422906111,1,48.55,38.88,80.1,100.0,D4,D4,Direct / Organic,Clear Protein,MY,False,2024-04,2024,1,False,False,False
7756424544511,1,60.0,38.88,64.8,100.0,D4,D4,Direct / Organic,Clear Protein,MY,False,2024-05,2024,1,False,False,False
7756425560319,1,57.27,38.88,67.9,100.0,D4,D4,Direct / Organic,Clear Protein,MY,False,2024-05,2024,1,False,False,False
7756426477823,1,60.0,38.88,64.8,100.0,D4,D4,Direct / Organic,Clear Protein,MY,False,2024-05,2024,1,False,False,False
7756426871039,1,60.0,38.88,64.8,100.0,D4,D4,Direct / Organic,Clear Protein,MY,False,2024-05,2024,1,False,False,False
7756427165951,1,57.27,38.88,67.9,100.0,D4,D4,Direct / Organic,Clear Protein,MY,False,2024-05,2024,1,False,False,False
7756428804351,1,60.0,38.88,64.8,100.0,D4,D4,Direct / Organic,Clear Protein,MY,False,2024-05,2024,1,False,False,False
7756430934271,1,46.15,38.88,84.3,100.0,D4,D4,Direct / Organic,Clear Protein,MY,False,2024-05,2024,1,False,False,False
7756431458559,1,42.82,38.88,90.8,100.0,D4,D4,Direct / Organic,Clear Protein,MY,False,2024-05,2024,1,False,False,False
7756433785087,1,60.0,38.88,64.8,100.0,D4,D4,Direct / Organic,Clear Protein,MY,False,2024-06,2024,1,False,False,False
7756434735359,1,60.0,38.88,64.8,100.0,D4,D4,Direct / Organic,Clear Protein,MY,False,2024-06,2024,1,False,False,False
7756435685631,1,60.0,38.88,64.8,100.0,D4,D4,Direct / Organic,Clear Protein,MY,False,2024-06,2024,1,False,False,False
7756436111615,1,57.27,38.88,67.9,100.0,D4,D4,Direct / Organic,Clear Protein,MY,False,2024-06,2024,1,False,False,False
7756436144383,1,60.0,38.88,64.8,100.0,D4,D4,Direct / Organic,Clear Protein,MY,False,2024-06,2024,1,False,False,False
7756436209919,1,60.0,38.88,64.8,100.0,D4,D4,Direct / Organic,Clear Protein,MY,False,2024-06,2024,1,False,False,False
7756439814399,1,48.55,38.88,80.1,100.0,D4,D4,Direct / Organic,Clear Protein,MY,False,2024-06,2024,1,False,False,False
7756440207615,1,45.68,38.88,85.1,100.0,D4,D4,Direct / Organic,Clear Protein,MY,False,2024-06,2024,1,False,False,False
7756456395007,1,60.0,38.88,64.8,100.0,D4,D4,Direct / Organic,Clear Protein,MY,False,2024-08,2024,1,False,False,False
7756457672959,1,51.41,38.88,75.6,100.0,D4,D4,Direct / Organic,Clear Protein,MY,False,2024-08,2024,1,False,False,False
7756459049215,1,51.41,38.88,75.6,100.0,D4,D4,Direct / Organic,Clear Protein,MY,False,2024-08,2024,1,False,False,False
7756460261631,1,51.41,38.88,75.6,100.0,D4,D4,Direct / Organic,Clear Protein,MY,False,2024-08,2024,1,False,False,False
7756460687615,1,60.0,38.88,64.8,100.0,D4,D4,Direct / Organic,Clear Protein,MY,False,2024-08,2024,1,False,False,False
7756460818687,1,60.0,38.88,64.8,100.0,D4,D4,Direct / Organic,Clear Protein,MY,False,2024-08,2024,1,False,False,False
7756463931647,1,51.41,38.88,75.6,100.0,D4,D4,Direct / Organic,Clear Protein,MY,False,2024-09,2024,1,False,False,False
7756465144063,1,57.27,38.88,67.9,100.0,D4,D4,Direct / Organic,Clear Protein,MY,False,2024-09,2024,1,False,False,False
7756465176831,1,60.0,38.88,64.8,100.0,D4,D4,Direct / Organic,Clear Protein,MY,False,2024-09,2024,1,False,False,False
7756465307903,1,60.0,38.88,64.8,100.0,D4,D4,Direct / Organic,Clear Protein,MY,False,2024-09,2024,1,False,False,False
7756466847999,1,60.0,38.88,64.8,100.0,D4,D4,Direct / Organic,Clear Protein,MY,False,2024-09,2024,1,False,False,False
7756467011839,1,60.0,38.88,64.8,100.0,D4,D4,Direct / Organic,Clear Protein,MY,False,2024-09,2024,1,False,False,False
7756467142911,1,60.0,38.88,64.8,100.0,D4,D4,Direct / Organic,Clear Protein,MY,False,2024-09,2024,1,False,False,False
7756467536127,1,60.0,38.88,64.8,100.0,D4,D4,Direct / Organic,Clear Protein,MY,False,2024-09,2024,1,False,False,False
7756467568895,1,60.0,38.88,64.8,100.0,D4,D4,Direct / Organic,Clear Protein,MY,False,2024-09,2024,1,False,False,False
7756467798271,1,42.82,38.88,90.8,100.0,D4,D4,Direct / Organic,Clear Protein,MY,False,2024-09,2024,1,False,False,False
7756468060415,1,60.0,38.88,64.8,100.0,D4,D4,Direct / Organic,Clear Protein,MY,False,2024-09,2024,1,False,False,False
7756468158719,1,60.0,38.88,64.8,100.0,D4,D4,Direct / Organic,Clear Protein,MY,False,2024-09,2024,1,False,False,False
7756468388095,1,42.82,38.88,90.8,100.0,D4,D4,Direct / Organic,Clear Protein,MY,False,2024-09,2024,1,False,False,False
7756469305599,1,60.0,38.88,64.8,100.0,D4,D4,Direct / Organic,Clear Protein,MY,False,2024-09,2024,1,False,False,False
7756469338367,1,42.82,38.88,90.8,100.0,D4,D4,Direct / Organic,Clear Protein,MY,False,2024-09,2024,1,False,False,False
7756470649087,1,60.0,38.88,64.8,100.0,D4,D4,Direct / Organic,Clear Protein,MY,False,2024-10,2024,1,False,False,False
7755990008063,4,102.65,38.88,37.9,0.0,D4,D1,Direct / Organic,Unknown,MY,False,2022-03,2022,1,False,True,False
7756265029887,1,57.4,38.86,67.7,57.1,D4,D4,Direct / Organic,Other,MY,False,2023-01,2023,2,False,False,False
6686265540863,1,64.8,38.8,59.9,100.0,D4,D5,Subscription,Other,SG,False,2023-05,2023,1,False,False,False
6781260038399,1,58.81,38.8,66.0,100.0,D4,D5,Subscription,Other,SG,False,2023-08,2023,1,False,False,False
6783954354431,1,52.82,38.8,73.5,100.0,D4,D5,Subscription,Other,SG,False,2023-08,2023,1,False,False,False
6797463945471,1,58.81,38.8,66.0,100.0,D4,D5,Subscription,Other,SG,False,2023-10,2023,1,False,False,False
6826542989567,1,52.82,38.8,73.5,100.0,D4,D5,Subscription,Other,SG,False,2023-09,2023,1,False,False,False
6837428453631,1,34.8,38.8,111.5,100.0,D4,D5,Subscription,Other,SG,False,2023-10,2023,1,False,False,False
6991872295167,1,54.8,38.8,70.8,100.0,D4,D5,Subscription,Other,SG,False,2024-01,2024,1,False,False,False
7019605262591,1,55.81,38.8,69.5,100.0,D4,D5,Subscription,Other,SG,False,2024-01,2024,1,False,False,False
7065442451711,1,64.8,38.8,59.9,100.0,D4,D5,Subscription,Other,SG,False,2024-02,2024,1,False,False,False
7065468207359,1,52.82,38.8,73.5,100.0,D4,D5,Subscription,Other,SG,False,2024-02,2024,1,False,False,False
7097624822015,1,58.81,38.8,66.0,100.0,D4,D5,Subscription,Other,SG,False,2024-02,2024,1,False,False,False
7240948154623,1,64.8,38.8,59.9,100.0,D4,D5,Subscription,Other,SG,False,2024-05,2024,1,False,False,False
7267774398719,1,64.8,38.8,59.9,100.0,D4,D5,Subscription,Other,SG,False,2024-09,2024,1,False,False,False
7279393374463,1,55.81,38.8,69.5,100.0,D4,D5,Subscription,Other,SG,False,2024-05,2024,1,False,False,False
7288596758783,1,64.8,38.8,59.9,100.0,D4,D5,Subscription,Other,SG,False,2024-05,2024,1,False,False,False
7475152355583,1,41.93,38.8,92.5,100.0,D4,D5,Subscription,Other,SG,False,2024-08,2024,1,False,False,False
7476874215679,1,41.93,38.8,92.5,100.0,D4,D5,Subscription,Other,SG,False,2024-09,2024,1,False,False,False
7493078221055,1,64.8,38.8,59.9,100.0,D4,D5,Subscription,Other,SG,False,2024-09,2024,1,False,False,False
7511292346623,1,64.8,38.8,59.9,100.0,D4,D5,Subscription,Other,SG,False,2024-09,2024,1,False,False,False
7918627094783,1,59.9,38.8,64.8,100.0,D4,D3,Direct / Organic,Other,SG,False,2025-03,2025,1,False,False,False
8279665180927,1,59.9,38.8,64.8,100.0,D4,D3,Direct / Organic,Other,SG,False,2025-08,2025,1,False,False,False
8903976583423,1,56.91,38.75,68.1,100.0,D4,D2,Subscription,Lean Protein,SG,True,2026-03,2026,1,False,False,False
7756000002303,1,27.27,38.71,141.9,100.0,D4,D4,Direct / Organic,Other,MY,False,2022-09,2022,1,False,False,False
6715478900991,1,45.75,38.66,84.5,100.0,D4,D5,Subscription,Other,SG,True,2023-06,2023,1,False,False,False
6718461051135,1,50.84,38.66,76.0,100.0,D4,D5,Subscription,Other,SG,True,2023-06,2023,1,False,False,False
6532514939135,3,82.43,38.59,46.8,30.1,D4,D1,Direct / Organic,Unknown,MY,True,2022-06,2022,2,False,True,False
8000416088319,2,56.66,38.31,67.6,100.0,D4,D1,Direct / Organic,Soy Protein,SG,False,2025-05,2025,2,False,True,False
7756005540095,2,83.27,38.3,46.0,100.0,D4,D2,Direct / Organic,Other,MY,False,2022-10,2022,1,False,False,False
6715986182399,1,56.03,38.3,68.4,100.0,D4,D5,Subscription,Other,SG,False,2023-06,2023,1,False,False,False
7756009570559,1,64.34,38.25,59.4,64.0,D4,D4,Direct / Organic,Other,MY,False,2022-10,2022,2,False,False,False
7756264866047,1,61.12,38.25,62.6,64.0,D4,D4,Direct / Organic,Unknown,MY,False,2023-01,2023,1,False,False,False
8002072051967,2,65.57,38.12,58.1,100.0,D4,D1,Subscription,Other,SG,True,2025-05,2025,1,False,True,False
6336639664383,5,119.5,38.0,31.8,0.0,D4,D1,Subscription,Unknown,SG,False,2022-01,2022,1,False,True,False
7756440436991,1,63.98,37.87,59.2,100.0,D4,D4,Direct / Organic,Unknown,MY,False,2024-06,2024,2,False,False,False
6327406952703,2,104.29,37.8,36.2,0.0,D4,D2,Subscription,Unknown,SG,False,2022-06,2022,1,False,False,False
6424267260159,1,98.96,37.62,38.0,0.0,D4,D5,Subscription,Unknown,SG,False,2022-05,2022,1,False,False,False
6423598498047,1,98.95,37.62,38.0,0.0,D4,D5,Subscription,Unknown,SG,False,2022-03,2022,1,False,False,False
8040106819839,1,48.22,37.61,78.0,100.0,D4,D3,Paid Social,Clear Protein,SG,False,2025-06,2025,2,False,False,False
7944776253695,1,59.64,37.59,63.0,100.0,D4,D3,Paid Social,Accessories,SG,False,2025-05,2025,2,False,False,False
8175537717503,1,50.8,37.5,73.8,100.0,D4,D3,Direct / Organic,Lean Protein,SG,False,2025-12,2025,1,False,False,False
8252778774783,1,50.8,37.5,73.8,100.0,D4,D3,Paid Search,Lean Protein,SG,False,2025-08,2025,1,False,False,False
8364274221311,1,41.22,37.5,91.0,100.0,D4,D3,Direct / Organic,Lean Protein,SG,False,2025-10,2025,1,False,False,False
8717072433407,1,50.8,37.5,73.8,100.0,D4,D2,Direct / Organic,Lean Protein,SG,False,2026-01,2026,1,False,False,False
7845481414911,3,64.65,37.49,58.0,100.0,D4,D1,Direct / Organic,Other,SG,False,2025-02,2025,1,False,True,False
7756431196415,1,55.69,37.45,67.2,100.0,D4,D4,Subscription,Other,MY,True,2024-05,2024,3,False,False,False
8821739782399,1,51.37,37.42,72.8,100.0,D4,D2,Direct / Organic,Other,SG,False,2026-03,2026,3,False,False,False
8800514015487,1,52.44,37.39,71.3,100.0,D4,D2,Direct / Organic,Lean Protein,SG,False,2026-02,2026,1,False,False,False
8799603196159,1,52.41,37.36,71.3,100.0,D4,D2,Direct / Organic,Lean Protein,SG,False,2026-02,2026,1,False,False,False
8800377176319,1,52.37,37.32,71.3,100.0,D4,D2,Direct / Organic,Lean Protein,SG,False,2026-02,2026,1,False,False,False
7756043911423,1,99.16,37.24,37.6,0.0,D4,D4,Direct / Organic,Unknown,MY,False,2022-02,2022,1,False,False,False
7756044140799,1,93.1,37.24,40.0,0.0,D4,D4,Direct / Organic,Unknown,MY,False,2022-02,2022,1,False,False,False
6327612276991,1,97.98,37.23,38.0,0.0,D4,D5,Subscription,Unknown,SG,False,2022-03,2022,1,False,False,False
6327777001727,1,97.98,37.23,38.0,0.0,D4,D5,Subscription,Unknown,SG,False,2022-03,2022,1,False,False,False
6423595024639,1,97.98,37.23,38.0,0.0,D4,D5,Subscription,Unknown,SG,False,2022-04,2022,1,False,False,False
7963035402495,1,59.16,37.23,62.9,100.0,D4,D3,Direct / Organic,Lean Protein,SG,False,2025-04,2025,1,False,False,False
8794406584575,1,52.28,37.23,71.2,100.0,D4,D2,Direct / Organic,Lean Protein,SG,False,2026-02,2026,1,False,False,False
8796562194687,1,52.27,37.22,71.2,100.0,D4,D2,Direct / Organic,Lean Protein,SG,False,2026-02,2026,1,False,False,False
8869115035903,1,55.37,37.21,67.2,100.0,D4,D2,Subscription,Lean Protein,SG,True,2026-03,2026,1,False,False,False
8182055305471,1,52.21,37.15,71.2,100.0,D4,D3,Email,Lean Protein,SG,False,2026-02,2026,1,False,False,False
8779097800959,1,59.78,37.13,62.1,100.0,D4,D2,Subscription,Lean Protein,SG,True,2026-02,2026,2,False,False,False
7756000329983,1,92.72,37.09,40.0,0.0,D4,D4,Direct / Organic,Unknown,MY,False,2022-09,2022,1,False,False,False
7756355666175,1,52.07,37.01,71.1,100.0,D4,D4,Direct / Organic,Lean Protein,SG,False,2026-02,2026,1,False,False,False
6532505764095,1,57.37,37.0,64.5,100.0,D4,D5,Direct / Organic,Other,MY,False,2022-12,2022,2,False,False,False
7756467831039,1,42.99,37.0,86.1,100.0,D4,D4,Direct / Organic,Other,MY,False,2024-09,2024,2,False,False,False
7755974050047,2,68.01,36.99,54.4,66.8,D4,D2,Direct / Organic,Unknown,MY,False,2022-09,2022,1,False,False,False
7756377293055,1,69.01,36.84,53.4,66.7,D4,D4,Direct / Organic,Unknown,MY,False,2023-08,2023,2,False,False,False
8875288789247,1,54.96,36.8,67.0,100.0,D4,D2,Subscription,Lean Protein,SG,True,2026-03,2026,1,False,False,False
7756435456255,1,71.84,36.79,51.2,100.0,D4,D4,Subscription,Other,MY,True,2024-06,2024,3,False,False,False
6327653662975,1,96.69,36.72,38.0,0.0,D4,D5,Subscription,Unknown,SG,False,2022-06,2022,1,False,False,False
7756385976575,2,65.25,36.68,56.2,100.0,D4,D1,Subscription,Other,MY,True,2023-10,2023,2,False,True,False
7756002164991,1,97.61,36.62,37.5,0.0,D4,D4,Direct / Organic,Unknown,MY,False,2022-08,2022,1,False,False,False
7756484673791,2,86.37,36.49,42.2,100.0,D4,D1,Direct / Organic,Other,MY,False,2024-12,2024,1,False,True,False
7756034834687,1,91.22,36.49,40.0,0.0,D4,D4,Direct / Organic,Unknown,MY,False,2022-05,2022,1,False,False,False
7756404359423,1,62.67,36.49,58.2,100.0,D4,D4,Direct / Organic,Unknown,MY,False,2024-01,2024,2,False,False,False
7756440109311,1,58.13,36.49,62.8,100.0,D4,D4,Direct / Organic,Other,MY,False,2024-06,2024,1,False,False,False
6423223927039,1,91.19,36.48,40.0,0.0,D4,D5,Subscription,Unknown,SG,False,2022-09,2022,1,False,False,False
7756036047103,2,93.89,36.46,38.8,0.0,D4,D1,Direct / Organic,Unknown,MY,False,2022-01,2022,1,False,True,False
7756358222079,1,77.67,36.44,46.9,37.0,D4,D4,Direct / Organic,Unknown,MY,False,2023-04,2023,2,False,False,False
8758015328511,1,52.03,36.42,70.0,100.0,D4,D2,Direct / Organic,Lean Protein,SG,False,2026-02,2026,1,False,False,False
8484593008895,1,50.8,36.4,71.7,100.0,D4,D2,Direct / Organic,Clear Protein,SG,False,2025-10,2025,2,False,False,False
8835264250111,1,50.8,36.4,71.7,100.0,D4,D2,Direct / Organic,Clear Protein,SG,False,2026-03,2026,2,False,False,False
7756439126271,1,57.37,36.35,63.4,100.0,D4,D4,Direct / Organic,Other,MY,False,2024-06,2024,2,False,False,False
7756037193983,3,96.28,36.33,37.7,0.0,D4,D1,Direct / Organic,Unknown,MY,False,2022-03,2022,1,False,True,False
8566936469759,1,48.52,36.26,74.7,100.0,D4,D2,Subscription,Lean Protein,SG,True,2026-01,2026,1,False,False,False
8744074248447,1,53.91,36.26,67.3,100.0,D4,D2,Subscription,Lean Protein,SG,True,2026-02,2026,1,False,False,False
6423594533119,2,67.31,36.22,53.8,58.3,D4,D2,Subscription,Unknown,SG,False,2022-04,2022,2,False,False,False
7756440994047,1,60.4,36.13,59.8,100.0,D4,D4,Direct / Organic,Other,MY,False,2024-07,2024,1,False,False,False
7755968905471,3,98.19,36.0,36.7,0.0,D4,D1,Direct / Organic,Unknown,MY,False,2022-05,2022,1,False,True,False
7755976147199,1,92.73,36.0,38.8,0.0,D4,D4,Direct / Organic,Unknown,MY,False,2022-03,2022,1,False,False,False
6327524688127,1,94.89,36.0,37.9,0.0,D4,D5,Subscription,Unknown,SG,False,2022-03,2022,1,False,False,False
6327698194687,1,94.87,35.99,37.9,0.0,D4,D5,Subscription,Unknown,SG,False,2022-08,2022,1,False,False,False
8635191984383,1,56.48,35.97,63.7,100.0,D4,D2,Direct / Organic,Lean Protein,SG,False,2025-12,2025,1,False,False,False
6423592730879,1,94.39,35.8,37.9,0.0,D4,D5,Subscription,Unknown,SG,False,2022-04,2022,1,False,False,False
7756264898815,1,67.46,35.77,53.0,34.8,D4,D4,Direct / Organic,Unknown,MY,False,2023-01,2023,1,False,False,False
6620088500479,1,61.71,35.77,58.0,50.0,D4,D5,Subscription,Other,SG,False,2023-03,2023,2,False,False,False
8798684545279,1,45.83,35.75,78.0,100.0,D4,D2,Subscription,Lean Protein,SG,True,2026-02,2026,1,False,False,False
8827870347519,1,53.91,35.75,66.3,100.0,D4,D2,Subscription,Lean Protein,SG,True,2026-03,2026,1,False,False,False
8612424483071,1,50.78,35.62,70.1,100.0,D4,D2,Direct / Organic,Lean Protein,SG,False,2025-12,2025,1,False,False,False
7756439027967,1,41.47,35.53,85.7,100.0,D4,D4,Direct / Organic,Soy Protein,MY,False,2024-06,2024,2,False,False,False
7756470681855,1,48.73,35.53,72.9,100.0,D4,D4,Direct / Organic,Other,MY,False,2024-10,2024,2,False,False,False
7756035916031,1,88.44,35.37,40.0,0.0,D4,D4,Direct / Organic,Unknown,MY,False,2022-04,2022,1,False,False,False
8437151236351,1,50.8,35.3,69.5,100.0,D4,D2,Paid Social,Clear Protein,SG,False,2025-10,2025,1,False,False,False
8488362180863,1,41.22,35.3,85.6,100.0,D4,D2,Direct / Organic,Clear Protein,SG,False,2025-11,2025,1,False,False,False
8653085704447,1,41.22,35.3,85.6,100.0,D4,D2,Direct / Organic,Clear Protein,SG,False,2025-12,2025,1,False,False,False
7756016091391,2,100.21,35.24,35.2,0.0,D4,D2,Direct / Organic,Unknown,MY,False,2022-03,2022,1,False,False,False
7756015141119,1,88.04,35.21,40.0,0.0,D4,D4,Direct / Organic,Unknown,MY,False,2022-09,2022,1,False,False,False
7756030411007,1,88.04,35.21,40.0,0.0,D4,D4,Direct / Organic,Unknown,MY,False,2022-06,2022,1,False,False,False
7756422512895,1,87.88,35.15,40.0,0.0,D4,D4,Direct / Organic,Unknown,MY,False,2024-04,2024,1,False,False,False
7756362842367,1,62.07,35.02,56.4,100.0,D4,D4,Subscription,Other,MY,True,2023-06,2023,1,False,False,False
7756364284159,1,77.22,35.02,45.4,100.0,D4,D4,Subscription,Unknown,MY,True,2023-06,2023,2,False,False,False
7756020351231,1,87.5,35.0,40.0,0.0,D4,D4,Direct / Organic,Unknown,MY,False,2022-04,2022,1,False,False,False
7756018516223,2,77.55,34.99,45.1,63.0,D4,D2,Direct / Organic,Unknown,MY,False,2022-08,2022,2,False,False,False
8452477878527,1,48.11,34.99,72.7,100.0,D4,D2,Direct / Organic,Other,SG,False,2025-10,2025,3,False,False,False
8800153993471,1,52.37,34.72,66.3,100.0,D4,D2,Subscription,Lean Protein,SG,True,2026-02,2026,1,False,False,False
6593253343487,1,42.9,34.53,80.5,100.0,D4,D5,Subscription,Other,SG,False,2023-03,2023,1,False,False,False
7572782612735,1,45.82,34.47,75.2,100.0,D4,D5,Subscription,Lean Protein,SG,True,2024-10,2024,1,False,False,False
7817996632319,1,48.51,34.47,71.1,100.0,D4,D4,Subscription,Lean Protein,SG,True,2025-01,2025,1,False,False,False
8150100574463,1,53.91,34.47,63.9,100.0,D4,D3,Subscription,Lean Protein,SG,True,2025-06,2025,1,False,False,False
8251529855231,1,53.91,34.47,63.9,100.0,D4,D3,Subscription,Lean Protein,SG,True,2025-08,2025,1,False,False,False
7756431294719,1,43.24,34.33,79.4,100.0,D4,D4,Subscription,Other,MY,True,2024-05,2024,2,False,False,False
8275451150591,1,58.08,34.32,59.1,100.0,D4,D3,Subscription,Accessories,SG,True,2025-08,2025,2,False,False,False
7755945017599,2,85.27,34.28,40.2,36.4,D4,D2,Direct / Organic,Unknown,MY,False,2022-04,2022,1,False,False,False
8721866129663,1,44.8,34.25,76.5,100.0,D4,D2,Direct / Organic,Other,SG,False,2026-01,2026,2,False,False,False
8847684993279,1,39.8,34.25,86.1,100.0,D4,D2,Direct / Organic,Accessories,SG,False,2026-03,2026,2,False,False,False
8079619653887,1,48.3,34.2,70.8,100.0,D4,D3,Direct / Organic,Lean Protein,SG,False,2025-05,2025,3,False,False,False
8436001407231,1,54.55,34.14,62.6,100.0,D4,D2,Paid Social,Lean Protein,SG,False,2025-10,2025,1,False,False,False
8796526772479,1,52.28,34.12,65.3,100.0,D4,D2,Subscription,Lean Protein,SG,True,2026-02,2026,1,False,False,False
8870517539071,1,45.94,34.08,74.2,100.0,D4,D2,Subscription,Collagen Glow,SG,True,2026-03,2026,1,False,False,False
7756347736319,1,49.18,34.05,69.2,100.0,D4,D4,Direct / Organic,Other,MY,False,2024-09,2024,1,False,False,False
7756459180287,1,66.36,34.05,51.3,100.0,D4,D4,Direct / Organic,Other,MY,False,2024-08,2024,1,False,False,False
7756463079679,1,66.36,34.05,51.3,100.0,D4,D4,Direct / Organic,Other,MY,False,2024-09,2024,1,False,False,False
7756467470591,1,66.36,34.05,51.3,100.0,D4,D4,Direct / Organic,Other,MY,False,2024-10,2024,1,False,False,False
7756468683007,1,49.18,34.05,69.2,100.0,D4,D4,Direct / Organic,Other,MY,False,2024-09,2024,1,False,False,False
7756354584831,3,85.38,33.91,39.7,100.0,D4,D1,Subscription,Collagen Glow,MY,True,2023-03,2023,1,False,True,False
8841657483519,1,53.55,33.88,63.3,100.0,D4,D2,Direct / Organic,Other,SG,False,2026-03,2026,1,False,False,False
7756045025535,1,84.64,33.85,40.0,0.0,D4,D4,Direct / Organic,Unknown,MY,False,2022-01,2022,1,False,False,False
8465112105215,1,54.76,33.83,61.8,100.0,D4,D2,Direct / Organic,Lean Protein,SG,False,2025-10,2025,1,False,False,False
6329832046847,1,89.39,33.8,37.8,0.0,D4,D5,Subscription,Unknown,SG,False,2022-08,2022,1,False,False,False
7755979718911,2,84.21,33.68,40.0,0.0,D4,D2,Direct / Organic,Unknown,MY,False,2022-01,2021,1,False,False,False
7108628939007,1,46.5,33.61,72.3,100.0,D4,D5,Subscription,Clear Protein,SG,False,2024-03,2024,1,False,False,False
8720535388415,1,47.8,33.58,70.3,100.0,D4,D2,Direct / Organic,Clear Protein,SG,False,2026-01,2026,2,False,False,False
7755966578943,2,83.84,33.53,40.0,0.0,D4,D2,Direct / Organic,Unknown,MY,False,2022-08,2022,1,False,False,False
6334095098111,2,88.67,33.51,37.8,0.0,D4,D2,Subscription,Unknown,SG,False,2022-02,2022,1,False,False,False
7960785453311,2,54.89,33.49,61.0,100.0,D4,D1,Paid Social,Unknown,SG,True,2025-04,2025,3,False,True,False
6329630163199,1,88.48,33.43,37.8,0.0,D4,D5,Subscription,Unknown,SG,False,2022-04,2022,1,False,False,False
6329873727743,1,88.48,33.43,37.8,0.0,D4,D5,Subscription,Unknown,SG,False,2022-05,2022,1,False,False,False
7899396669695,1,45.7,33.43,73.2,100.0,D4,D3,Direct / Organic,Lean Protein,SG,False,2025-03,2025,2,False,False,False
7756407046399,2,48.73,33.4,68.5,100.0,D4,D1,Subscription,Other,MY,True,2024-02,2024,1,False,True,False
7756017303807,1,83.48,33.39,40.0,0.0,D4,D4,Direct / Organic,Unknown,MY,False,2022-08,2022,1,False,False,False
7756034867455,3,83.2,33.28,40.0,0.0,D4,D1,Direct / Organic,Unknown,MY,False,2022-01,2022,1,False,True,False
7756040274175,2,88.52,33.22,37.5,0.0,D4,D1,Direct / Organic,Unknown,MY,False,2022-02,2022,1,False,True,False
7756468781311,1,36.08,33.16,91.9,100.0,D4,D4,Subscription,Clear Protein,MY,True,2024-09,2024,1,False,False,False
7756470583551,1,51.55,33.16,64.3,100.0,D4,D4,Subscription,Clear Protein,MY,True,2024-10,2024,1,False,False,False
6423593746687,2,82.46,32.98,40.0,0.0,D4,D2,Subscription,Unknown,SG,False,2022-01,2022,1,False,False,False
8284492071167,1,45.82,32.93,71.9,100.0,D4,D3,Subscription,Other,SG,True,2025-08,2025,2,False,False,False
8861155229951,1,50.54,32.82,64.9,100.0,D4,D2,Direct / Organic,Other,SG,False,2026-03,2026,1,False,False,False
6327530193151,1,53.91,32.81,60.9,100.0,D4,D5,Subscription,Other,SG,True,2025-08,2025,1,False,False,False
7756260606207,1,65.99,32.69,49.5,0.0,D4,D4,Direct / Organic,Unknown,MY,False,2023-01,2023,1,False,False,False
7756030935295,1,81.52,32.61,40.0,0.0,D4,D4,Direct / Organic,Unknown,MY,False,2022-06,2022,1,False,False,False
7756038209791,1,87.58,32.61,37.2,0.0,D4,D4,Direct / Organic,Unknown,MY,False,2022-04,2022,1,False,False,False
6327743545599,2,91.3,32.6,35.7,0.0,D4,D2,Subscription,Unknown,SG,False,2022-01,2022,1,False,False,False
8309050933503,1,44.8,32.59,72.7,100.0,D4,D3,Paid Social,Accessories,SG,False,2025-09,2025,3,False,False,False
8110306787583,1,54.11,32.56,60.2,100.0,D4,D3,Paid Social,Lean Protein,SG,False,2025-06,2025,1,False,False,False
7567425732863,1,55.21,32.53,58.9,100.0,D4,D5,Subscription,Other,SG,True,2024-10,2024,2,False,False,False
7756432539903,1,55.72,32.5,58.3,76.0,D4,D4,Direct / Organic,Other,MY,False,2024-05,2024,2,False,False,False
7943632584959,1,54.0,32.46,60.1,100.0,D4,D3,Paid Social,Lean Protein,SG,False,2025-04,2025,1,False,False,False
7944984461567,1,43.75,32.46,74.2,100.0,D4,D3,Direct / Organic,Lean Protein,SG,False,2025-04,2025,1,False,False,False
7756486115583,1,53.94,32.4,60.1,100.0,D4,D4,Direct / Organic,Lean Protein,MY,False,2024-12,2024,1,False,False,False
7756007964927,1,65.36,32.36,49.5,58.3,D4,D4,Direct / Organic,Unknown,MY,False,2022-10,2022,3,False,False,False
8657403445503,1,40.99,32.32,78.8,100.0,D4,D2,Direct / Organic,Clear Protein,SG,False,2025-12,2025,2,False,False,False
7946308026623,1,53.71,32.18,59.9,100.0,D4,D3,Direct / Organic,Lean Protein,SG,False,2025-04,2025,1,False,False,False
8306167054591,1,38.83,32.15,82.8,100.0,D4,D3,Affiliate,Other,SG,False,2025-09,2025,3,False,False,False
6961928438015,1,79.21,32.11,40.5,100.0,D4,D5,Subscription,Other,SG,False,2023-12,2023,1,False,False,False
8353020543231,1,42.24,32.1,76.0,100.0,D4,D3,Direct / Organic,Other,SG,False,2025-09,2025,1,False,False,False
7756038635775,2,85.64,32.07,37.5,0.0,D4,D1,Direct / Organic,Unknown,MY,False,2022-03,2022,1,False,True,False
8303046361343,1,54.25,32.07,59.1,100.0,D4,D3,Paid Social,Lean Protein,SG,False,2025-09,2025,1,False,False,False
6532504453375,3,82.85,32.05,38.7,0.0,D4,D1,Direct / Organic,Unknown,MY,False,2022-05,2022,1,False,True,False
8291463627007,1,54.2,32.02,59.1,100.0,D4,D3,Paid Social,Lean Protein,SG,False,2025-08,2025,1,False,False,False
7829353070847,1,80.0,32.0,40.0,0.0,D4,D3,Direct / Organic,Unknown,MY,False,2022-01,2022,1,False,False,False
6423593681151,1,84.89,32.0,37.7,0.0,D4,D5,Subscription,Unknown,SG,False,2022-04,2022,1,False,False,False
8341148041471,1,42.12,31.98,75.9,100.0,D4,D3,Direct / Organic,Other,SG,False,2025-09,2025,1,False,False,False
8275588153599,1,54.15,31.97,59.0,100.0,D4,D3,Direct / Organic,Lean Protein,SG,False,2025-08,2025,1,False,False,False
7900598927615,1,53.44,31.93,59.7,100.0,D4,D3,Direct / Organic,Lean Protein,SG,False,2025-03,2025,1,False,False,False
7901894574335,1,53.41,31.9,59.7,100.0,D4,D3,Direct / Organic,Lean Protein,SG,False,2025-03,2025,1,False,False,False
7756359106815,1,66.15,31.89,48.2,87.0,D4,D4,Direct / Organic,Accessories,MY,False,2023-04,2023,2,False,False,False
8336949149951,1,54.38,31.89,58.6,100.0,D4,D3,Direct / Organic,Lean Protein,SG,False,2025-09,2025,2,False,False,False
7938808807679,1,54.05,31.88,59.0,100.0,D4,D3,Direct / Organic,Lean Protein,SG,False,2025-06,2025,1,False,False,False
7948679774463,1,44.8,31.86,71.1,100.0,D4,D3,Email,Other,SG,False,2026-02,2026,1,False,False,False
8709102731519,1,44.8,31.86,71.1,100.0,D4,D2,Direct / Organic,Other,SG,False,2026-01,2026,1,False,False,False
7914152001791,1,53.36,31.85,59.7,100.0,D4,D3,Direct / Organic,Lean Protein,SG,False,2025-03,2025,1,False,False,False
7756485427455,1,53.94,31.77,58.9,100.0,D4,D4,Direct / Organic,Lean Protein,MY,False,2024-12,2024,1,False,False,False
7756487459071,1,53.94,31.77,58.9,100.0,D4,D4,Direct / Organic,Lean Protein,MY,False,2024-12,2024,1,False,False,False
7146957078783,1,50.15,31.76,63.3,100.0,D4,D5,Subscription,Clear Protein,SG,True,2024-03,2024,1,False,False,False
8249131860223,1,53.91,31.74,58.9,100.0,D4,D3,Direct / Organic,Lean Protein,SG,False,2025-08,2025,1,False,False,False
7938603286783,1,53.85,31.69,58.8,100.0,D4,D3,Direct / Organic,Lean Protein,SG,False,2025-04,2025,1,False,False,False
6532456907007,1,63.58,31.69,49.8,100.0,D4,D5,Direct / Organic,Collagen Glow,MY,False,2023-01,2023,1,False,False,False
6532496064767,1,60.25,31.69,52.6,100.0,D4,D5,Direct / Organic,Collagen Glow,MY,False,2022-12,2022,1,False,False,False
7756007080191,1,60.25,31.69,52.6,100.0,D4,D4,Direct / Organic,Collagen Glow,MY,False,2022-10,2022,1,False,False,False
7756194939135,1,51.62,31.69,61.4,100.0,D4,D4,Direct / Organic,Collagen Glow,MY,False,2023-02,2023,1,False,False,False
7756352127231,2,66.0,31.69,48.0,100.0,D4,D1,Direct / Organic,Collagen Glow,MY,False,2023-03,2023,1,False,True,False
7756357468415,1,48.43,31.69,65.4,100.0,D4,D4,Direct / Organic,Collagen Glow,MY,False,2023-03,2023,1,False,False,False
7756413468927,1,54.49,31.69,58.1,100.0,D4,D4,Direct / Organic,Collagen Glow,MY,False,2024-03,2024,1,False,False,False
7756421955839,1,51.16,31.69,61.9,100.0,D4,D4,Direct / Organic,Collagen Glow,MY,False,2024-04,2024,1,False,False,False
7756430278911,1,45.11,31.69,70.2,100.0,D4,D4,Direct / Organic,Collagen Glow,MY,False,2024-05,2024,1,False,False,False
7756466389247,2,51.46,31.69,61.6,100.0,D4,D1,Direct / Organic,Collagen Glow,MY,False,2024-09,2024,1,False,True,False
7756420350207,2,97.83,31.63,32.3,100.0,D4,D1,Subscription,Other,MY,True,2024-04,2024,2,False,True,False
6532515463423,1,56.98,31.59,55.4,86.5,D4,D5,Direct / Organic,Accessories,MY,False,2023-01,2023,3,False,False,False
7756283052287,1,56.98,31.59,55.4,86.5,D4,D4,Direct / Organic,Accessories,MY,False,2023-02,2023,2,False,False,False
7756359926015,1,57.44,31.59,55.0,86.5,D4,D4,Direct / Organic,Accessories,MY,False,2023-05,2023,3,False,False,False
7756457050367,1,51.55,31.58,61.3,100.0,D4,D4,Subscription,Clear Protein,MY,True,2024-08,2024,2,False,False,False
6329604210943,1,40.9,31.56,77.2,100.0,D4,D5,Direct / Organic,Soy Protein,SG,False,2026-01,2026,1,False,False,False
8670310531327,1,40.9,31.56,77.2,100.0,D4,D2,Direct / Organic,Soy Protein,SG,False,2026-01,2026,1,False,False,False
8875323588863,1,37.31,31.56,84.6,100.0,D4,D2,Direct / Organic,Soy Protein,SG,False,2026-03,2026,1,False,False,False
7313089888511,1,50.92,31.48,61.8,100.0,D4,D5,Subscription,Lean Protein,SG,True,2024-05,2024,1,False,False,False
7756040372479,1,78.69,31.48,40.0,0.0,D4,D4,Direct / Organic,Unknown,MY,False,2022-03,2022,1,False,False,False
7755966841087,1,78.67,31.47,40.0,0.0,D4,D5,Direct / Organic,Unknown,MY,False,2022-05,2022,1,False,False,False
6328226644223,1,68.72,31.45,45.8,53.1,D4,D5,Subscription,Collagen Glow,SG,True,2023-10,2023,2,False,False,False
7756261949695,1,59.09,31.43,53.2,54.1,D4,D4,Direct / Organic,Other,MY,False,2022-12,2022,2,False,False,False
7946024288511,1,53.52,31.37,58.6,100.0,D4,D3,Paid Social,Lean Protein,SG,False,2025-04,2025,1,False,False,False
6327507452159,1,83.11,31.28,37.6,0.0,D4,D5,Subscription,Unknown,SG,False,2022-03,2022,1,False,False,False
7460404625663,1,53.92,31.24,57.9,100.0,D4,D5,Subscription,Other,SG,True,2024-08,2024,2,False,False,False
7756361859327,2,87.83,31.12,35.4,100.0,D4,D1,Subscription,Unknown,MY,True,2023-05,2023,1,False,True,False
7756038471935,2,82.95,31.0,37.4,0.0,D4,D1,Direct / Organic,Unknown,MY,False,2022-03,2022,1,False,True,False
7756266275071,1,49.17,30.98,63.0,84.2,D4,D4,Direct / Organic,Accessories,MY,False,2023-01,2023,2,False,False,False
8728781127935,1,49.09,30.93,63.0,100.0,D4,D2,Subscription,Lean Protein,SG,True,2026-02,2026,1,False,False,False
7756046336255,2,50.27,30.61,60.9,53.5,D4,D1,Direct / Organic,Unknown,MY,False,2022-01,2022,2,False,True,False
8090067173631,1,46.63,30.54,65.5,100.0,D4,D3,Direct / Organic,Other,SG,False,2025-05,2025,1,False,False,False
7756045517055,1,76.3,30.52,40.0,0.0,D4,D4,Direct / Organic,Unknown,MY,False,2022-01,2022,1,False,False,False
7755981193471,1,76.18,30.47,40.0,0.0,D4,D4,Direct / Organic,Unknown,MY,False,2022-06,2022,1,False,False,False
7756030968063,1,76.18,30.47,40.0,0.0,D4,D4,Direct / Organic,Unknown,MY,False,2022-06,2022,1,False,False,False
7756031099135,1,76.18,30.47,40.0,0.0,D4,D4,Direct / Organic,Unknown,MY,False,2022-06,2022,1,False,False,False
7756032246015,1,78.9,30.47,38.6,0.0,D4,D4,Direct / Organic,Unknown,MY,False,2022-06,2022,1,False,False,False
7756026577151,1,76.0,30.4,40.0,0.0,D4,D4,Direct / Organic,Unknown,MY,False,2022-05,2022,1,False,False,False
7756357730559,1,63.25,30.36,48.0,45.5,D4,D4,Direct / Organic,Unknown,MY,False,2023-03,2023,3,False,False,False
7756042895615,2,63.7,30.26,47.5,91.0,D4,D1,Direct / Organic,Unknown,MY,False,2022-02,2022,2,False,True,False
7918399881471,1,54.04,30.22,55.9,100.0,D4,D3,Direct / Organic,Other,SG,False,2025-03,2025,1,False,False,False
6423463919871,1,80.29,30.16,37.6,0.0,D4,D5,Subscription,Unknown,SG,False,2022-05,2022,1,False,False,False
6329698124031,1,80.1,30.08,37.6,0.0,D4,D5,Subscription,Unknown,SG,False,2022-01,2022,1,False,False,False
7756033884415,1,75.18,30.07,40.0,0.0,D4,D4,Direct / Organic,Unknown,MY,False,2022-05,2022,1,False,False,False
7756037357823,2,54.97,30.06,54.7,55.0,D4,D1,Direct / Organic,Unknown,MY,False,2022-04,2022,2,False,True,False
7756260933887,2,44.79,29.98,66.9,100.0,D4,D1,Direct / Organic,Other,MY,False,2024-03,2024,1,False,True,False
7756044435711,1,77.48,29.9,38.6,0.0,D4,D4,Direct / Organic,Unknown,MY,False,2022-02,2022,1,False,False,False
7755940135167,1,53.16,29.82,56.1,100.0,D4,D5,Direct / Organic,Other,MY,False,2022-10,2022,2,False,False,False
6692441456895,1,50.92,29.82,58.6,100.0,D4,D5,Subscription,Other,SG,True,2023-06,2023,1,False,False,False
6823871906047,1,50.72,29.82,58.8,100.0,D4,D5,Subscription,Unknown,SG,True,2023-09,2023,2,False,False,False
6875347910911,1,45.63,29.82,65.4,100.0,D4,D5,Subscription,Other,SG,True,2023-10,2023,2,False,False,False
6423595254015,1,79.39,29.8,37.5,0.0,D4,D5,Subscription,Unknown,SG,False,2022-04,2022,1,False,False,False
6423592272127,1,79.36,29.78,37.5,0.0,D4,D5,Subscription,Unknown,SG,False,2022-04,2022,1,False,False,False
6424267686143,1,79.36,29.78,37.5,0.0,D4,D5,Subscription,Unknown,SG,False,2022-05,2022,1,False,False,False
8086485106943,1,44.8,29.77,66.5,100.0,D4,D3,Direct / Organic,Accessories,SG,False,2025-05,2025,3,False,False,False
7756036014335,1,74.25,29.7,40.0,0.0,D4,D4,Direct / Organic,Unknown,MY,False,2022-04,2022,1,False,False,False
8015555100927,1,45.12,29.66,65.7,100.0,D4,D3,Direct / Organic,Other,SG,False,2025-05,2025,1,False,False,False
8015556968703,1,45.12,29.66,65.7,100.0,D4,D3,Direct / Organic,Other,SG,False,2025-05,2025,1,False,False,False
6423594860799,1,78.89,29.6,37.5,0.0,D4,D5,Subscription,Unknown,SG,False,2022-04,2022,1,False,False,False
7756318507263,1,60.14,29.43,48.9,100.0,D4,D4,Direct / Organic,Collagen Glow,MY,False,2024-04,2024,2,False,False,False
6329633571071,1,78.33,29.37,37.5,0.0,D4,D5,Subscription,Unknown,SG,False,2022-05,2022,1,False,False,False
6327743709439,1,40.8,29.36,72.0,100.0,D4,D5,Subscription,Soy Protein,SG,False,2023-03,2023,1,False,False,False
6602513154303,1,40.8,29.36,72.0,100.0,D4,D5,Subscription,Soy Protein,SG,False,2023-03,2023,1,False,False,False
7177783116031,1,40.8,29.36,72.0,100.0,D4,D5,Subscription,Soy Protein,SG,False,2024-04,2024,1,False,False,False
7475190006015,1,25.13,29.36,116.8,100.0,D4,D5,Subscription,Soy Protein,SG,False,2024-08,2024,1,False,False,False
7520723403007,1,30.03,29.36,97.8,100.0,D4,D5,Subscription,Soy Protein,SG,False,2024-09,2024,1,False,False,False
7522680701183,1,30.03,29.36,97.8,100.0,D4,D5,Subscription,Soy Protein,SG,False,2024-09,2024,1,False,False,False
7549590896895,1,35.41,29.36,82.9,100.0,D4,D5,Subscription,Soy Protein,SG,False,2024-10,2024,1,False,False,False
7584980435199,1,30.03,29.36,97.8,100.0,D4,D5,Subscription,Soy Protein,SG,False,2024-10,2024,1,False,False,False
7756475465983,1,40.8,29.36,72.0,100.0,D4,D4,Direct / Organic,Soy Protein,SG,False,2025-02,2025,1,False,False,False
7981308379391,1,40.9,29.36,71.8,100.0,D4,D3,Direct / Organic,Soy Protein,SG,False,2025-04,2025,1,False,False,False
8096731693311,1,35.9,29.36,81.8,100.0,D4,D3,Direct / Organic,Soy Protein,SG,False,2025-06,2025,1,False,False,False
8109830078719,1,35.9,29.36,81.8,100.0,D4,D3,Direct / Organic,Soy Protein,SG,False,2025-06,2025,1,False,False,False
8246269673727,1,35.9,29.36,81.8,100.0,D4,D3,Direct / Organic,Soy Protein,SG,False,2025-08,2025,1,False,False,False
8263488635135,1,40.9,29.36,71.8,100.0,D4,D3,Paid Search,Soy Protein,SG,False,2025-08,2025,1,False,False,False
8285542351103,1,35.9,29.36,81.8,100.0,D4,D3,Direct / Organic,Soy Protein,SG,False,2025-08,2025,1,False,False,False
7755986075903,1,73.23,29.29,40.0,0.0,D4,D4,Direct / Organic,Unknown,MY,False,2022-06,2022,1,False,False,False
7755995742463,1,75.9,29.27,38.6,0.0,D4,D4,Direct / Organic,Unknown,MY,False,2022-01,2022,1,False,False,False
6336695763199,2,82.89,29.24,35.3,0.0,D4,D2,Subscription,Unknown,SG,False,2022-03,2022,1,False,False,False
7756030509311,1,73.06,29.23,40.0,0.0,D4,D4,Direct / Organic,Unknown,MY,False,2022-06,2022,1,False,False,False
6327566205183,1,77.79,29.16,37.5,0.0,D4,D5,Subscription,Unknown,SG,False,2022-06,2022,1,False,False,False
6601909240063,1,55.94,29.13,52.1,54.6,D4,D5,Subscription,Other,SG,True,2023-04,2023,2,False,False,False
6423610523903,1,77.65,29.1,37.5,0.0,D4,D5,Subscription,Unknown,SG,False,2022-01,2022,1,False,False,False
8096187580671,1,40.4,29.1,72.0,100.0,D4,D3,Paid Social,Clear Protein,SG,False,2025-06,2025,1,False,False,False
6327713857791,1,77.5,29.04,37.5,0.0,D4,D5,Subscription,Unknown,SG,False,2022-01,2022,1,False,False,False
8863438635263,1,42.8,28.87,67.5,100.0,D4,D2,Direct / Organic,Clear Protein,SG,False,2026-03,2026,2,False,False,False
7756379980031,1,63.28,28.86,45.6,86.4,D4,D4,Direct / Organic,Accessories,MY,False,2023-09,2023,2,False,False,False
7756395053311,1,41.64,28.83,69.2,100.0,D4,D4,Direct / Organic,Collagen Glow,MY,False,2024-10,2024,1,False,False,False
7756039094527,1,72.0,28.8,40.0,0.0,D4,D4,Direct / Organic,Unknown,MY,False,2022-03,2022,1,False,False,False
6327680434431,1,76.89,28.8,37.5,0.0,D4,D5,Subscription,Unknown,SG,False,2022-08,2022,1,False,False,False
6327700783359,1,76.89,28.8,37.5,0.0,D4,D5,Subscription,Unknown,SG,False,2022-09,2022,1,False,False,False
6336645169407,1,76.89,28.8,37.5,0.0,D4,D5,Subscription,Unknown,SG,False,2022-08,2022,1,False,False,False
6423226220799,1,76.89,28.8,37.5,0.0,D4,D5,Subscription,Unknown,SG,False,2022-08,2022,1,False,False,False
6600826159359,1,73.28,28.79,39.3,0.0,D4,D5,Subscription,Unknown,SG,False,2023-03,2023,1,False,False,False
7755939479807,1,39.79,28.74,72.2,100.0,D4,D5,Direct / Organic,Lean Protein,MY,False,2024-05,2024,1,False,False,False
7756429787391,1,36.45,28.74,78.8,100.0,D4,D4,Direct / Organic,Lean Protein,MY,False,2024-05,2024,1,False,False,False
7756430835967,1,36.45,28.74,78.8,100.0,D4,D4,Direct / Organic,Lean Protein,MY,False,2024-05,2024,1,False,False,False
7756431032575,1,36.45,28.74,78.8,100.0,D4,D4,Direct / Organic,Lean Protein,MY,False,2024-05,2024,1,False,False,False
7756439552255,1,41.27,28.74,69.6,100.0,D4,D4,Direct / Organic,Lean Protein,MY,False,2024-06,2024,1,False,False,False
7756440371455,1,38.86,28.74,74.0,100.0,D4,D4,Direct / Organic,Lean Protein,MY,False,2024-06,2024,1,False,False,False
7756440699135,1,38.86,28.74,74.0,100.0,D4,D4,Direct / Organic,Lean Protein,MY,False,2024-07,2024,1,False,False,False
7756458819839,1,43.68,28.74,65.8,100.0,D4,D4,Direct / Organic,Lean Protein,MY,False,2024-09,2024,1,False,False,False
7756465766655,1,50.91,28.74,56.5,100.0,D4,D4,Direct / Organic,Lean Protein,MY,False,2024-09,2024,1,False,False,False
7756466192639,1,50.91,28.74,56.5,100.0,D4,D4,Direct / Organic,Lean Protein,MY,False,2024-09,2024,1,False,False,False
7756468748543,1,36.45,28.74,78.8,100.0,D4,D4,Direct / Organic,Lean Protein,MY,False,2024-09,2024,1,False,False,False
7756469698815,1,39.79,28.74,72.2,100.0,D4,D4,Direct / Organic,Lean Protein,MY,False,2024-09,2024,1,False,False,False
7756469764351,1,33.73,28.74,85.2,100.0,D4,D4,Direct / Organic,Lean Protein,MY,False,2024-09,2024,1,False,False,False
7756473303295,1,50.91,28.74,56.5,100.0,D4,D4,Direct / Organic,Lean Protein,MY,False,2024-10,2024,1,False,False,False
7756430704895,1,34.08,28.71,84.3,100.0,D4,D4,Subscription,Clear Protein,MY,True,2024-05,2024,2,False,False,False
8790340993279,1,32.95,28.67,87.0,100.0,D4,D2,Subscription,Soy Protein,SG,True,2026-02,2026,1,False,False,False
6532482859263,1,34.49,28.63,83.0,100.0,D4,D5,Direct / Organic,Accessories,MY,False,2022-12,2022,2,False,False,False
7756439224575,1,31.77,28.63,90.1,100.0,D4,D4,Direct / Organic,Accessories,MY,False,2024-06,2024,2,False,False,False
8817388421375,1,45.61,28.63,62.8,100.0,D4,D2,Direct / Organic,Other,SG,False,2026-03,2026,3,False,False,False
6327681515775,1,76.39,28.6,37.4,0.0,D4,D5,Subscription,Unknown,SG,False,2022-02,2022,1,False,False,False
8717923418367,1,40.73,28.44,69.8,100.0,D4,D2,Direct / Organic,Clear Protein,SG,False,2026-01,2026,2,False,False,False
6327785095423,2,75.94,28.42,37.4,0.0,D4,D2,Subscription,Unknown,SG,False,2022-03,2022,1,False,False,False
7756008390911,1,70.91,28.36,40.0,0.0,D4,D4,Direct / Organic,Unknown,MY,False,2022-08,2022,1,False,False,False
6532495114495,1,63.3,28.27,44.7,100.0,D4,D5,Direct / Organic,Other,MY,False,2022-12,2022,1,False,False,False
7755923226879,1,63.3,28.27,44.7,100.0,D4,D5,Direct / Organic,Unknown,MY,False,2023-01,2023,1,False,False,False
7756007735551,1,63.3,28.27,44.7,100.0,D4,D4,Direct / Organic,Other,MY,False,2022-10,2022,1,False,False,False
7756260475135,1,63.3,28.27,44.7,100.0,D4,D4,Direct / Organic,Other,MY,False,2022-12,2022,1,False,False,False
7756261490943,1,63.3,28.27,44.7,100.0,D4,D4,Direct / Organic,Other,MY,False,2022-12,2022,1,False,False,False
7756263981311,1,60.58,28.27,46.7,100.0,D4,D4,Direct / Organic,Other,MY,False,2022-12,2022,1,False,False,False
7756264046847,1,63.3,28.27,44.7,100.0,D4,D4,Direct / Organic,Other,MY,False,2023-01,2022,1,False,False,False
7756264603903,1,54.22,28.27,52.1,100.0,D4,D4,Direct / Organic,Other,MY,False,2023-01,2023,1,False,False,False
7756264734975,1,63.3,28.27,44.7,100.0,D4,D4,Direct / Organic,Unknown,MY,False,2023-01,2023,1,False,False,False
7756266963199,1,54.22,28.27,52.1,100.0,D4,D4,Direct / Organic,Other,MY,False,2023-01,2023,1,False,False,False
7756348883199,1,63.3,28.27,44.7,100.0,D4,D4,Direct / Organic,Other,MY,False,2023-02,2023,1,False,False,False
7756349047039,1,51.19,28.27,55.2,100.0,D4,D4,Direct / Organic,Other,MY,False,2023-02,2023,1,False,False,False
7756355240191,1,63.3,28.27,44.7,100.0,D4,D4,Direct / Organic,Other,MY,False,2023-03,2023,1,False,False,False
7756360614143,1,54.22,28.27,52.1,100.0,D4,D4,Direct / Organic,Unknown,MY,False,2023-05,2023,1,False,False,False
7756361597183,1,63.3,28.27,44.7,100.0,D4,D4,Direct / Organic,Other,MY,False,2023-05,2023,1,False,False,False
7756361761023,1,63.3,28.27,44.7,100.0,D4,D4,Direct / Organic,Other,MY,False,2023-05,2023,1,False,False,False
6327627022591,1,40.91,28.04,68.5,100.0,D4,D5,Direct / Organic,Collagen Glow,SG,False,2025-10,2025,1,False,False,False
8681786704127,1,44.9,28.04,62.4,100.0,D4,D2,Direct / Organic,Collagen Glow,SG,False,2026-01,2026,1,False,False,False
7756365496575,1,57.37,28.01,48.8,100.0,D4,D4,Direct / Organic,Other,MY,False,2023-06,2023,2,False,False,False
7756467765503,1,28.16,27.96,99.3,100.0,D4,D4,Direct / Organic,Other,MY,False,2024-09,2024,1,False,False,False
6532514840831,1,49.66,27.96,56.3,100.0,D4,D5,Direct / Organic,Other,MY,False,2023-01,2023,2,False,False,False
7755937448191,1,49.66,27.96,56.3,100.0,D4,D5,Direct / Organic,Other,MY,False,2023-01,2023,2,False,False,False
7756005998847,1,58.37,27.96,47.9,100.0,D4,D4,Direct / Organic,Unknown,MY,False,2022-10,2022,1,False,False,False
7756006228223,2,63.58,27.96,44.0,100.0,D4,D2,Direct / Organic,Unknown,MY,False,2022-10,2022,2,False,False,False
8144634249471,1,40.7,27.95,68.7,100.0,D4,D3,Direct / Organic,Lean Protein,SG,True,2025-06,2025,3,False,False,False
6336648052991,1,74.55,27.86,37.4,0.0,D4,D5,Subscription,Unknown,SG,False,2022-02,2022,1,False,False,False
8762675659007,1,34.46,27.85,80.8,100.0,D4,D2,Direct / Organic,Other,SG,False,2026-02,2026,1,False,False,False
8780130713855,1,34.3,27.85,81.2,100.0,D4,D2,Direct / Organic,Other,SG,False,2026-02,2026,1,False,False,False
6423241130239,1,74.44,27.82,37.4,0.0,D4,D5,Subscription,Unknown,SG,False,2022-05,2022,1,False,False,False
8899212771583,1,39.7,27.79,70.0,100.0,D4,D2,Direct / Organic,Lean Protein,SG,False,2026-03,2026,2,False,False,False
7756029985023,1,69.25,27.7,40.0,0.0,D4,D4,Direct / Organic,Unknown,MY,False,2022-05,2022,1,False,False,False
7756280692991,1,34.84,27.6,79.2,100.0,D4,D4,Direct / Organic,Soy Protein,SG,False,2026-03,2026,1,False,False,False
6329872974079,1,73.89,27.6,37.3,0.0,D4,D5,Subscription,Unknown,SG,False,2022-02,2022,1,False,False,False
8785460625663,1,39.8,27.59,69.3,100.0,D4,D2,Direct / Organic,Other,SG,False,2026-02,2026,3,False,False,False
8763113734399,1,34.79,27.55,79.2,100.0,D4,D2,Direct / Organic,Soy Protein,SG,False,2026-02,2026,1,False,False,False
8140701565183,1,38.4,27.54,71.7,100.0,D4,D3,Direct / Organic,Clear Protein,SG,False,2025-06,2025,2,False,False,False
6336745406719,1,73.64,27.5,37.3,0.0,D4,D5,Subscription,Unknown,SG,False,2022-02,2022,1,False,False,False
7756005769471,1,51.18,27.35,53.4,100.0,D4,D4,Direct / Organic,Other,MY,False,2022-10,2022,1,False,False,False
7756007342335,1,51.18,27.35,53.4,100.0,D4,D4,Direct / Organic,Other,MY,False,2022-10,2022,1,False,False,False
7756260638975,1,51.18,27.35,53.4,100.0,D4,D4,Direct / Organic,Other,MY,False,2022-12,2022,1,False,False,False
7756260901119,1,51.18,27.35,53.4,100.0,D4,D4,Direct / Organic,Other,MY,False,2022-12,2022,1,False,False,False
7756263588095,1,51.18,27.35,53.4,100.0,D4,D4,Direct / Organic,Unknown,MY,False,2022-12,2022,1,False,False,False
7756264014079,1,43.92,27.35,62.3,100.0,D4,D4,Direct / Organic,Other,MY,False,2023-02,2023,1,False,False,False
7756264341759,1,43.92,27.35,62.3,100.0,D4,D4,Direct / Organic,Other,MY,False,2023-01,2023,1,False,False,False
7756267028735,1,43.92,27.35,62.3,100.0,D4,D4,Direct / Organic,Other,MY,False,2023-01,2023,1,False,False,False
7756328730879,1,43.92,27.35,62.3,100.0,D4,D4,Direct / Organic,Other,MY,False,2023-02,2023,1,False,False,False
7756349833471,1,44.82,27.35,61.0,100.0,D4,D4,Direct / Organic,Other,MY,False,2023-03,2023,1,False,False,False
7756358811903,1,51.18,27.35,53.4,100.0,D4,D4,Direct / Organic,Other,MY,False,2023-04,2023,1,False,False,False
7756459475199,1,51.18,27.35,53.4,100.0,D4,D4,Direct / Organic,Other,MY,False,2024-08,2024,1,False,False,False
7756468551935,1,36.65,27.35,74.6,100.0,D4,D4,Direct / Organic,Other,MY,False,2024-09,2024,1,False,False,False
7756469108991,1,36.65,27.35,74.6,100.0,D4,D4,Direct / Organic,Other,MY,False,2024-09,2024,1,False,False,False
7756469829887,1,36.65,27.35,74.6,100.0,D4,D4,Direct / Organic,Other,MY,False,2024-09,2024,1,False,False,False
7756477530367,1,36.65,27.35,74.6,100.0,D4,D4,Direct / Organic,Other,MY,False,2024-10,2024,1,False,False,False
7756408127743,2,66.41,27.3,41.1,100.0,D4,D1,Subscription,Unknown,MY,True,2024-02,2024,2,False,True,False
7930953138431,1,36.8,27.19,73.9,100.0,D4,D3,Subscription,Lean Protein,SG,True,2025-03,2025,1,False,False,False
7756399116543,1,68.82,27.18,39.5,100.0,D4,D4,Direct / Organic,Lean Protein,MY,False,2024-04,2024,1,False,False,False
7756414025983,1,62.76,27.18,43.3,100.0,D4,D4,Direct / Organic,Lean Protein,MY,False,2024-04,2024,1,False,False,False
8717997375743,1,34.58,27.15,78.5,100.0,D4,D2,Direct / Organic,Accessories,SG,False,2026-01,2026,3,False,False,False
8850290114815,1,34.8,27.15,78.0,100.0,D4,D2,Direct / Organic,Accessories,SG,False,2026-03,2026,3,False,False,False
8906250879231,1,40.45,27.08,66.9,100.0,D4,D2,Direct / Organic,Clear Protein,SG,False,2026-03,2026,1,False,False,False
6329828606207,1,72.49,27.04,37.3,0.0,D4,D5,Subscription,Unknown,SG,False,2022-01,2022,1,False,False,False
8712295612671,1,40.34,26.98,66.9,100.0,D4,D2,Direct / Organic,Clear Protein,SG,False,2026-01,2026,1,False,False,False
7888779870463,1,45.78,26.97,58.9,100.0,D4,D3,Subscription,Lean Protein,SG,True,2025-03,2025,1,False,False,False
8683962335487,1,34.12,26.94,79.0,100.0,D4,D2,Direct / Organic,Soy Protein,SG,False,2026-01,2026,1,False,False,False
8316323397887,1,41.63,26.82,64.4,100.0,D4,D3,Subscription,Lean Protein,SG,True,2025-09,2025,1,False,False,False
7756439159039,1,32.23,26.79,83.1,100.0,D4,D4,Direct / Organic,Other,MY,False,2024-06,2024,1,False,False,False
7136351912191,1,50.03,26.74,53.4,100.0,D4,D5,Subscription,Clear Protein,SG,False,2024-03,2024,1,False,False,False
7755981357311,1,57.37,26.74,46.6,52.6,D4,D4,Direct / Organic,Unknown,MY,False,2023-03,2023,2,False,False,False
7756263162111,1,57.37,26.74,46.6,52.6,D4,D4,Direct / Organic,Collagen Glow,MY,False,2022-12,2022,2,False,False,False
7756355436799,2,58.88,26.74,45.4,52.6,D4,D1,Direct / Organic,Collagen Glow,MY,False,2023-03,2023,2,False,True,False
7755996365055,3,66.82,26.73,40.0,0.0,D4,D1,Direct / Organic,Unknown,MY,False,2022-02,2022,1,False,True,False
6423613210879,1,71.65,26.7,37.3,0.0,D4,D5,Subscription,Unknown,SG,False,2022-01,2022,1,False,False,False
7966502945023,4,39.6,26.64,67.3,100.0,D4,D1,Paid Social,Unknown,SG,False,2025-04,2025,2,False,True,False
8902711247103,1,39.23,26.6,67.8,100.0,D4,D2,Direct / Organic,Collagen Glow,SG,False,2026-03,2026,1,False,False,False
6592534642943,1,62.59,26.36,42.1,0.0,D4,D5,Subscription,Unknown,SG,False,2023-03,2023,1,False,False,False
7756362350847,2,65.25,26.34,40.4,100.0,D4,D1,Direct / Organic,Unknown,MY,True,2023-05,2023,2,False,True,False
7169039302911,1,74.65,26.33,35.3,100.0,D4,D5,Subscription,Other,MY,True,2024-04,2024,3,False,False,False
6327639015679,1,70.69,26.32,37.2,0.0,D4,D5,Subscription,Unknown,SG,False,2022-08,2022,1,False,False,False
6543953953023,1,46.85,26.26,56.1,100.0,D4,D5,Subscription,Other,SG,False,2023-02,2023,1,False,False,False
6327625089279,1,69.9,26.0,37.2,0.0,D4,D5,Subscription,Unknown,SG,False,2022-02,2022,1,False,False,False
7756042273023,1,65.0,26.0,40.0,0.0,D4,D4,Direct / Organic,Unknown,MY,False,2022-02,2022,1,False,False,False
8427271291135,1,33.1,26.0,78.5,100.0,D4,D2,Direct / Organic,Soy Protein,SG,False,2025-10,2025,1,False,False,False
7959817552127,1,48.1,25.97,54.0,100.0,D4,D3,Subscription,Lean Protein,SG,True,2025-04,2025,1,False,False,False
7756469076223,1,33.2,25.88,77.9,69.7,D4,D4,Direct / Organic,Unknown,MY,False,2024-10,2024,2,False,False,False
8306859081983,1,36.84,25.8,70.0,100.0,D4,D3,Paid Social,Lean Protein,SG,False,2025-09,2025,1,False,False,False
8285699997951,1,32.31,25.77,79.8,100.0,D4,D3,Subscription,Soy Protein,SG,True,2025-08,2025,1,False,False,False
8339765526783,1,27.67,25.72,93.0,100.0,D4,D3,Direct / Organic,Lean Protein,SG,False,2025-09,2025,2,False,False,False
7713343406335,1,42.01,25.67,61.1,100.0,D4,D5,Subscription,Unknown,SG,False,2024-12,2024,1,False,False,False
8596374290687,1,40.33,25.63,63.6,100.0,D4,D2,Direct / Organic,Collagen Glow,SG,False,2025-12,2025,1,False,False,False
6329840173311,1,68.97,25.63,37.2,0.0,D4,D5,Subscription,Unknown,SG,False,2022-04,2022,1,False,False,False
6328270061823,1,68.83,25.57,37.2,0.0,D4,D5,Subscription,Unknown,SG,False,2022-06,2022,1,False,False,False
6329873924351,2,73.58,25.51,34.7,0.0,D4,D2,Subscription,Unknown,SG,False,2022-05,2022,1,False,False,False
6601909141759,1,40.81,25.47,62.4,100.0,D4,D5,Subscription,Collagen Glow,SG,False,2023-03,2023,1,False,False,False
6601910878463,1,40.01,25.47,63.7,100.0,D4,D5,Subscription,Collagen Glow,SG,False,2023-04,2023,1,False,False,False
6601910943999,1,38.81,25.47,65.6,100.0,D4,D5,Subscription,Collagen Glow,SG,False,2023-04,2023,1,False,False,False
6836349403391,1,39.9,25.47,63.8,100.0,D4,D5,Subscription,Collagen Glow,SG,False,2023-10,2023,1,False,False,False
7031191503103,1,40.81,25.47,62.4,100.0,D4,D5,Subscription,Collagen Glow,SG,False,2024-01,2024,1,False,False,False
7183667331327,1,38.81,25.47,65.6,100.0,D4,D5,Subscription,Collagen Glow,SG,False,2024-04,2024,1,False,False,False
7250960810239,1,36.82,25.47,69.2,100.0,D4,D5,Subscription,Collagen Glow,SG,False,2024-04,2024,1,False,False,False
7471466512639,1,24.8,25.47,102.7,100.0,D4,D5,Subscription,Collagen Glow,SG,False,2024-08,2024,1,False,False,False
7475372294399,1,27.93,25.47,91.2,100.0,D4,D5,Subscription,Collagen Glow,SG,False,2024-08,2024,1,False,False,False
7476640121087,1,27.93,25.47,91.2,100.0,D4,D5,Subscription,Collagen Glow,SG,False,2024-09,2024,1,False,False,False
7476641267967,1,27.93,25.47,91.2,100.0,D4,D5,Subscription,Collagen Glow,SG,False,2024-09,2024,1,False,False,False
7476765753599,1,27.93,25.47,91.2,100.0,D4,D5,Subscription,Collagen Glow,SG,False,2024-09,2024,1,False,False,False
7575695851775,1,38.81,25.47,65.6,100.0,D4,D5,Subscription,Collagen Glow,SG,False,2024-10,2024,1,False,False,False
7582926274815,1,44.8,25.47,56.9,100.0,D4,D5,Subscription,Collagen Glow,SG,False,2024-10,2024,1,False,False,False
7881287041279,1,40.81,25.47,62.4,100.0,D4,D3,Direct / Organic,Collagen Glow,SG,False,2025-03,2025,1,False,False,False
8065620410623,1,44.9,25.47,56.7,100.0,D4,D3,Direct / Organic,Collagen Glow,SG,False,2025-05,2025,1,False,False,False
7898587037951,1,48.7,25.46,52.3,100.0,D4,D3,Subscription,Lean Protein,SG,True,2025-03,2025,3,False,False,False
8108930564351,1,42.03,25.44,60.5,100.0,D4,D3,Paid Social,Clear Protein,SG,False,2025-08,2025,1,False,False,False
7756263489791,1,57.06,25.42,44.5,0.0,D4,D4,Direct / Organic,Accessories,MY,False,2023-04,2023,2,False,False,False
7756354224383,1,58.37,25.42,43.5,0.0,D4,D4,Direct / Organic,Accessories,MY,False,2023-03,2023,2,False,False,False
7756385190143,1,69.47,25.42,36.6,66.7,D4,D4,Subscription,Unknown,MY,True,2023-10,2023,3,False,False,False
7756384174335,1,32.13,25.35,78.9,100.0,D4,D4,Direct / Organic,Lean Protein,SG,False,2025-04,2025,2,False,False,False
8166650413311,1,26.55,25.35,95.5,100.0,D4,D3,Direct / Organic,Lean Protein,SG,False,2025-06,2025,1,False,False,False
6851588653311,1,42.09,25.24,60.0,100.0,D4,D5,Direct / Organic,Unknown,MY,False,2023-10,2023,1,False,False,False
7755972935935,1,60.27,25.24,41.9,100.0,D4,D4,Direct / Organic,Unknown,MY,False,2024-06,2024,2,False,False,False
7756362711295,1,43.01,25.24,58.7,100.0,D4,D4,Direct / Organic,Other,MY,False,2023-06,2023,1,False,False,False
7756380995839,1,54.52,25.24,46.3,100.0,D4,D4,Direct / Organic,Unknown,MY,False,2023-09,2023,1,False,False,False
7756381159679,1,60.27,25.24,41.9,100.0,D4,D4,Direct / Organic,Other,MY,False,2023-09,2023,1,False,False,False
7756384305407,1,51.18,25.24,49.3,100.0,D4,D4,Direct / Organic,Other,MY,False,2023-10,2023,1,False,False,False
7756385583359,1,42.09,25.24,60.0,100.0,D4,D4,Direct / Organic,Other,MY,False,2023-10,2023,1,False,False,False
7756396101887,1,57.55,25.24,43.9,100.0,D4,D4,Direct / Organic,Other,MY,False,2023-12,2023,1,False,False,False
7756410814719,1,60.27,25.24,41.9,100.0,D4,D4,Direct / Organic,Other,MY,False,2024-03,2024,1,False,False,False
7756412977407,1,60.27,25.24,41.9,100.0,D4,D4,Direct / Organic,Other,MY,False,2024-03,2024,1,False,False,False
7756430672127,1,43.01,25.24,58.7,100.0,D4,D4,Direct / Organic,Other,MY,False,2024-05,2024,1,False,False,False
7756440076543,1,45.89,25.24,55.0,100.0,D4,D4,Direct / Organic,Other,MY,False,2024-06,2024,1,False,False,False
6336697762047,1,63.08,25.23,40.0,0.0,D4,D5,Subscription,Unknown,SG,False,2022-03,2022,1,False,False,False
7756035719423,1,62.52,25.01,40.0,0.0,D4,D4,Direct / Organic,Unknown,MY,False,2022-05,2022,1,False,False,False
6328293490943,1,67.29,24.96,37.1,0.0,D4,D5,Subscription,Unknown,SG,False,2022-07,2022,1,False,False,False
8623599485183,1,63.39,24.92,39.3,0.0,D4,D2,Direct / Organic,Unknown,SG,False,2025-12,2025,1,False,False,False
7756005802239,1,50.58,24.88,49.2,51.6,D4,D4,Direct / Organic,Unknown,MY,False,2022-10,2022,1,False,False,False
6423600824575,2,71.94,24.86,34.6,0.0,D4,D2,Subscription,Unknown,SG,False,2022-01,2022,1,False,False,False
8478323441919,1,25.42,24.83,97.7,100.0,D4,D2,Direct / Organic,Other,SG,False,2025-10,2025,1,False,False,False
8702306648319,1,31.91,24.83,77.8,100.0,D4,D2,Direct / Organic,Other,SG,False,2026-01,2026,1,False,False,False
6327653794047,1,38.81,24.82,64.0,100.0,D4,D5,Subscription,Other,SG,False,2023-01,2023,1,False,False,False
6469874483455,1,44.8,24.82,55.4,100.0,D4,D5,Subscription,Other,SG,False,2023-08,2023,1,False,False,False
6492358639871,1,44.8,24.82,55.4,100.0,D4,D5,Subscription,Other,SG,False,2022-12,2022,1,False,False,False
6518409691391,1,38.81,24.82,64.0,100.0,D4,D5,Subscription,Other,SG,False,2023-01,2023,1,False,False,False
6532503077119,1,38.81,24.82,64.0,100.0,D4,D5,Subscription,Other,SG,False,2023-02,2023,1,False,False,False
6601910976767,1,44.8,24.82,55.4,100.0,D4,D5,Subscription,Other,SG,False,2023-03,2023,1,False,False,False
6601972154623,1,44.8,24.82,55.4,100.0,D4,D5,Subscription,Other,SG,False,2023-03,2023,1,False,False,False
6609653694719,1,40.81,24.82,60.8,100.0,D4,D5,Subscription,Other,SG,False,2023-03,2023,1,False,False,False
6616188879103,1,36.82,24.82,67.4,100.0,D4,D5,Subscription,Other,SG,False,2023-03,2023,1,False,False,False
6803687801087,1,44.8,24.82,55.4,100.0,D4,D5,Subscription,Other,SG,False,2023-09,2023,1,False,False,False
6951967162623,1,44.8,24.82,55.4,100.0,D4,D5,Subscription,Other,SG,False,2023-12,2023,1,False,False,False
7016101970175,1,40.81,24.82,60.8,100.0,D4,D5,Subscription,Other,SG,False,2024-01,2024,1,False,False,False
7089753653503,1,40.81,24.82,60.8,100.0,D4,D5,Subscription,Other,SG,False,2024-02,2024,1,False,False,False
8246777282815,1,44.9,24.82,55.3,100.0,D4,D3,Direct / Organic,Other,SG,False,2025-08,2025,1,False,False,False
7756386074879,1,66.92,24.72,36.9,100.0,D4,D4,Subscription,Other,MY,True,2023-10,2023,2,False,False,False
7756048990463,1,64.35,24.65,38.3,0.0,D4,D4,Direct / Organic,Unknown,MY,False,2022-01,2021,1,False,False,False
8438249554175,1,39.24,24.62,62.7,100.0,D4,D2,Paid Social,Collagen Glow,SG,False,2025-10,2025,1,False,False,False
7756019269887,2,66.91,24.58,36.7,0.0,D4,D2,Direct / Organic,Unknown,MY,False,2022-08,2022,1,False,False,False
7756045385983,1,64.18,24.58,38.3,0.0,D4,D4,Direct / Organic,Unknown,MY,False,2022-01,2022,1,False,False,False
7756031066367,1,61.12,24.45,40.0,0.0,D4,D4,Direct / Organic,Unknown,MY,False,2022-06,2022,1,False,False,False
7969924874495,1,37.69,24.43,64.8,100.0,D4,D3,Direct / Organic,Lean Protein,SG,False,2025-04,2025,2,False,False,False
8764788277503,1,34.5,24.39,70.7,100.0,D4,D2,Direct / Organic,Other,SG,False,2026-02,2026,3,False,False,False
7755997053183,1,63.7,24.39,38.3,0.0,D4,D4,Direct / Organic,Unknown,MY,False,2022-02,2022,1,False,False,False
6329849053439,1,65.73,24.33,37.0,0.0,D4,D5,Subscription,Unknown,SG,False,2022-05,2022,1,False,False,False
6423590207743,1,65.73,24.33,37.0,0.0,D4,D5,Subscription,Unknown,SG,False,2022-05,2022,1,False,False,False
7756002132223,1,39.07,24.32,62.3,100.0,D4,D4,Direct / Organic,Other,MY,False,2024-03,2024,1,False,False,False
7756173345023,1,48.15,24.32,50.5,100.0,D4,D4,Direct / Organic,Unknown,MY,False,2023-06,2023,1,False,False,False
7756376834303,1,39.06,24.32,62.3,100.0,D4,D4,Direct / Organic,Other,MY,False,2023-08,2023,1,False,False,False
7756382896383,1,39.06,24.32,62.3,100.0,D4,D4,Direct / Organic,Unknown,MY,False,2023-09,2023,1,False,False,False
7756408652031,1,30.27,24.32,80.4,100.0,D4,D4,Direct / Organic,Other,MY,True,2024-02,2024,1,False,False,False
7756409078015,1,43.61,24.32,55.8,100.0,D4,D4,Direct / Organic,Other,MY,False,2024-02,2024,1,False,False,False
7756421693695,1,39.07,24.32,62.3,100.0,D4,D4,Direct / Organic,Unknown,MY,False,2024-04,2024,1,False,False,False
7756431950079,1,31.8,24.32,76.5,100.0,D4,D4,Direct / Organic,Other,MY,False,2024-05,2024,1,False,False,False
7756434014463,1,39.07,24.32,62.3,100.0,D4,D4,Direct / Organic,Other,MY,False,2024-06,2024,1,False,False,False
7756438700287,1,48.15,24.32,50.5,100.0,D4,D4,Direct / Organic,Other,MY,False,2024-06,2024,1,False,False,False
7756044763391,1,60.74,24.29,40.0,0.0,D4,D4,Direct / Organic,Unknown,MY,False,2022-01,2022,1,False,False,False
7756022055167,1,60.68,24.27,40.0,0.0,D4,D4,Direct / Organic,Unknown,MY,False,2022-06,2022,1,False,False,False
7756048957695,3,60.68,24.27,40.0,0.0,D4,D1,Direct / Organic,Unknown,MY,False,2022-01,2021,1,False,True,False
8077244072191,1,34.5,24.25,70.3,100.0,D4,D3,Direct / Organic,Clear Protein,SG,False,2025-05,2025,1,False,False,False
8125631594751,1,34.5,24.25,70.3,100.0,D4,D3,Direct / Organic,Clear Protein,SG,False,2025-06,2025,1,False,False,False
7756039651583,1,60.59,24.24,40.0,0.0,D4,D4,Direct / Organic,Unknown,MY,False,2022-03,2022,1,False,False,False
8714730012927,1,33.02,24.07,72.9,100.0,D4,D2,Direct / Organic,Other,SG,False,2026-01,2026,1,False,False,False
7756474712319,2,54.49,24.05,44.1,100.0,D4,D1,Subscription,Collagen Glow,MY,True,2024-10,2024,2,False,True,False
8585713811711,1,26.35,24.01,91.1,100.0,D4,D2,Direct / Organic,Other,SG,False,2025-12,2025,1,False,False,False
6327731028223,1,64.9,24.0,37.0,0.0,D4,D5,Subscription,Unknown,SG,False,2022-08,2022,1,False,False,False
8629594521855,1,29.12,23.99,82.4,100.0,D4,D2,Direct / Organic,Other,SG,False,2025-12,2025,1,False,False,False
6329871073535,2,69.77,23.99,34.4,0.0,D4,D2,Subscription,Unknown,SG,False,2022-03,2022,1,False,False,False
6423223828735,1,64.86,23.98,37.0,0.0,D4,D5,Subscription,Unknown,SG,False,2022-09,2022,1,False,False,False
6329616695551,1,55.81,23.96,42.9,0.0,D4,D5,Subscription,Unknown,SG,False,2023-04,2023,1,False,False,False
7857218584831,1,61.67,23.96,38.9,0.0,D4,D3,Direct / Organic,Unknown,SG,False,2025-02,2025,1,False,False,False
8708667474175,1,36.38,23.96,65.9,100.0,D4,D2,Direct / Organic,Other,SG,False,2026-01,2026,1,False,False,False
7756462915839,1,36.86,23.92,64.9,100.0,D4,D4,Subscription,Lean Protein,MY,True,2024-09,2024,1,False,False,False
6607911551231,1,56.03,23.92,42.7,0.0,D4,D5,Subscription,Unknown,SG,False,2023-03,2023,1,False,False,False
6616451449087,1,61.71,23.92,38.8,0.0,D4,D5,Subscription,Unknown,SG,False,2023-03,2023,1,False,False,False
7425455227135,1,42.81,23.9,55.8,100.0,D4,D5,Subscription,Collagen Glow,SG,False,2024-08,2024,2,False,False,False
7756041945343,1,62.43,23.88,38.3,0.0,D4,D4,Direct / Organic,Unknown,MY,False,2022-02,2022,1,False,False,False
8572002271487,1,28.27,23.83,84.3,100.0,D4,D2,Direct / Organic,Other,SG,False,2025-12,2025,1,False,False,False
7755981259007,1,62.3,23.83,38.2,0.0,D4,D4,Direct / Organic,Unknown,MY,False,2022-08,2022,1,False,False,False
8598015181055,1,26.76,23.82,89.0,100.0,D4,D2,Direct / Organic,Other,SG,False,2025-12,2025,2,False,False,False
6327633477887,1,24.8,23.81,96.0,100.0,D4,D5,Subscription,Other,SG,False,2023-05,2023,1,False,False,False
6329618104575,1,30.31,23.81,78.6,100.0,D4,D5,Direct / Organic,Other,SG,False,2025-03,2025,1,False,False,False
6424851120383,1,24.8,23.81,96.0,100.0,D4,D5,Subscription,Other,SG,False,2023-05,2023,1,False,False,False
6500262969599,1,34.8,23.81,68.4,100.0,D4,D5,Subscription,Other,SG,False,2023-01,2023,1,False,False,False
6587938668799,1,23.92,23.81,99.5,100.0,D4,D5,Subscription,Other,SG,False,2023-03,2023,1,False,False,False
6601909534975,1,34.8,23.81,68.4,100.0,D4,D5,Subscription,Other,SG,False,2023-03,2023,1,False,False,False
6620081684735,1,34.8,23.81,68.4,100.0,D4,D5,Subscription,Other,SG,False,2023-03,2023,1,False,False,False
7288823283967,1,34.8,23.81,68.4,100.0,D4,D5,Subscription,Other,SG,False,2024-05,2024,1,False,False,False
7309858963711,1,25.83,23.81,92.2,100.0,D4,D5,Subscription,Other,SG,False,2024-05,2024,1,False,False,False
7476813496575,1,20.93,23.81,113.8,100.0,D4,D5,Subscription,Other,SG,False,2024-09,2024,1,False,False,False
7519522029823,1,25.83,23.81,92.2,100.0,D4,D5,Subscription,Other,SG,False,2024-09,2024,1,False,False,False
7572073185535,1,30.31,23.81,78.6,100.0,D4,D5,Subscription,Other,SG,False,2024-10,2024,1,False,False,False
7834599522559,1,34.8,23.81,68.4,100.0,D4,D3,Direct / Organic,Other,SG,False,2025-02,2025,1,False,False,False
7898763755775,1,29.9,23.81,79.6,100.0,D4,D3,Direct / Organic,Other,SG,False,2025-03,2025,1,False,False,False
8080070476031,1,34.9,23.81,68.2,100.0,D4,D3,Direct / Organic,Other,SG,False,2025-05,2025,1,False,False,False
8371382780159,1,29.9,23.81,79.6,100.0,D4,D2,Direct / Organic,Other,SG,False,2025-10,2025,1,False,False,False
8479778144511,1,31.91,23.81,74.6,100.0,D4,D2,Direct / Organic,Other,SG,False,2025-10,2025,1,False,False,False
8637321609471,1,32.52,23.81,73.2,100.0,D4,D2,Direct / Organic,Other,SG,False,2025-12,2025,1,False,False,False
7755966611711,1,21.19,23.73,112.0,100.0,D4,D5,Direct / Organic,Soy Protein,MY,False,2024-09,2024,1,False,False,False
7756319424767,1,33.0,23.73,71.9,100.0,D4,D4,Direct / Organic,Soy Protein,MY,False,2023-12,2023,1,False,False,False
7756328501503,1,28.46,23.73,83.4,100.0,D4,D4,Direct / Organic,Soy Protein,MY,False,2023-02,2023,1,False,False,False
7756358713599,1,33.0,23.73,71.9,100.0,D4,D4,Direct / Organic,Soy Protein,MY,False,2023-04,2023,1,False,False,False
7756381290751,1,29.06,23.73,81.7,100.0,D4,D4,Direct / Organic,Soy Protein,MY,False,2023-09,2023,1,False,False,False
7756382208255,1,29.97,23.73,79.2,100.0,D4,D4,Direct / Organic,Soy Protein,MY,False,2023-09,2023,1,False,False,False
7756383420671,1,33.0,23.73,71.9,100.0,D4,D4,Direct / Organic,Soy Protein,MY,False,2023-10,2023,1,False,False,False
7756399739135,1,29.97,23.73,79.2,100.0,D4,D4,Direct / Organic,Soy Protein,MY,False,2024-01,2024,1,False,False,False
7756405932287,1,33.0,23.73,71.9,100.0,D4,D4,Direct / Organic,Soy Protein,MY,False,2024-02,2024,1,False,False,False
7756426838271,1,33.0,23.73,71.9,100.0,D4,D4,Direct / Organic,Soy Protein,MY,False,2024-05,2024,1,False,False,False
7756436046079,1,33.0,23.73,71.9,100.0,D4,D4,Direct / Organic,Soy Protein,MY,False,2024-06,2024,1,False,False,False
7756437192959,1,33.0,23.73,71.9,100.0,D4,D4,Direct / Organic,Soy Protein,MY,False,2024-06,2024,1,False,False,False
7756457574655,1,28.46,23.73,83.4,100.0,D4,D4,Direct / Organic,Soy Protein,MY,False,2024-08,2024,1,False,False,False
7756459933951,1,33.0,23.73,71.9,100.0,D4,D4,Direct / Organic,Soy Protein,MY,False,2024-08,2024,1,False,False,False
7756462031103,1,33.0,23.73,71.9,100.0,D4,D4,Direct / Organic,Soy Protein,MY,False,2024-09,2024,1,False,False,False
7756462260479,1,33.0,23.73,71.9,100.0,D4,D4,Direct / Organic,Soy Protein,MY,False,2024-09,2024,1,False,False,False
7756470419711,1,33.0,23.73,71.9,100.0,D4,D4,Direct / Organic,Soy Protein,MY,False,2024-10,2024,1,False,False,False
7845555437823,1,32.94,23.68,71.9,100.0,D4,D3,Direct / Organic,Soy Protein,SG,False,2025-02,2025,1,False,False,False
7933028401407,1,32.94,23.68,71.9,100.0,D4,D3,Direct / Organic,Soy Protein,SG,False,2025-03,2025,1,False,False,False
7932520530175,1,32.93,23.67,71.9,100.0,D4,D3,Direct / Organic,Soy Protein,SG,False,2025-03,2025,1,False,False,False
6765619511551,1,64.74,23.66,36.5,100.0,D4,D5,Subscription,Other,SG,False,2023-08,2023,1,False,False,False
7756428083455,1,33.58,23.6,70.3,100.0,D4,D4,Direct / Organic,Lean Protein,MY,False,2024-05,2024,1,False,False,False
7756464390399,1,29.95,23.6,78.8,100.0,D4,D4,Direct / Organic,Other,MY,False,2024-09,2024,1,False,False,False
7756487590143,1,39.03,23.6,60.5,100.0,D4,D4,Direct / Organic,Other,MY,False,2024-12,2024,1,False,False,False
7756031983871,2,61.68,23.58,38.2,0.0,D4,D1,Direct / Organic,Unknown,MY,False,2022-04,2022,1,False,True,False
7308632424703,1,25.83,23.55,91.2,100.0,D4,D5,Subscription,Other,SG,False,2024-05,2024,1,False,False,False
7476502855935,1,20.93,23.55,112.5,100.0,D4,D5,Subscription,Other,SG,False,2024-09,2024,1,False,False,False
8041270116607,1,29.9,23.55,78.8,100.0,D4,D3,Direct / Organic,Other,SG,False,2025-05,2025,1,False,False,False
8116779909375,1,31.91,23.55,73.8,100.0,D4,D3,Affiliate,Other,SG,False,2025-06,2025,1,False,False,False
8416204783871,1,30.66,23.49,76.6,100.0,D4,D2,Direct / Organic,Other,SG,False,2025-10,2025,1,False,False,False
8358775849215,1,31.67,23.18,73.2,100.0,D4,D3,Direct / Organic,Lean Protein,SG,False,2025-10,2025,2,False,False,False
8736424231167,1,31.64,23.18,73.3,100.0,D4,D2,Direct / Organic,Accessories,SG,False,2026-02,2026,2,False,False,False
6327406264575,1,30.31,23.16,76.4,100.0,D4,D5,Subscription,Other,SG,False,2024-10,2024,1,False,False,False
6624124797183,1,30.31,23.16,76.4,100.0,D4,D5,Subscription,Other,SG,False,2023-04,2023,1,False,False,False
7475354009855,1,29.9,23.16,77.5,100.0,D4,D5,Subscription,Other,SG,False,2024-08,2024,1,False,False,False
7476886798591,1,20.93,23.16,110.7,100.0,D4,D5,Subscription,Other,SG,False,2024-09,2024,1,False,False,False
7582195941631,1,30.31,23.16,76.4,100.0,D4,D5,Subscription,Other,SG,False,2024-10,2024,1,False,False,False
7975485112575,1,29.9,23.16,77.5,100.0,D4,D3,Direct / Organic,Other,SG,False,2025-04,2025,1,False,False,False
8060725330175,1,29.9,23.16,77.5,100.0,D4,D3,Direct / Organic,Other,SG,False,2025-05,2025,1,False,False,False
8476522742015,1,31.91,23.16,72.6,100.0,D4,D2,Email,Other,SG,False,2025-10,2025,1,False,False,False
8361322807551,1,46.25,22.99,49.7,41.5,D4,D3,Direct / Organic,Clear Protein,SG,False,2025-10,2025,2,False,False,False
6336672530687,1,62.29,22.96,36.9,0.0,D4,D5,Subscription,Unknown,SG,False,2022-06,2022,1,False,False,False
7829346124031,1,57.27,22.91,40.0,0.0,D4,D3,Direct / Organic,Unknown,MY,False,2022-04,2022,1,False,False,False
7755996397823,2,49.7,22.89,46.1,56.6,D4,D2,Direct / Organic,Unknown,MY,False,2022-03,2022,1,False,False,False
8244481065215,2,29.8,22.88,76.8,100.0,D4,D1,Paid Social,Accessories,SG,False,2025-08,2025,3,False,True,False
8310636970239,2,29.8,22.88,76.8,100.0,D4,D1,Direct / Organic,Accessories,SG,False,2025-09,2025,3,False,True,False
7756033589503,1,57.12,22.85,40.0,0.0,D4,D4,Direct / Organic,Unknown,MY,False,2022-05,2022,1,False,False,False
7756019368191,1,59.82,22.84,38.2,0.0,D4,D4,Direct / Organic,Unknown,MY,False,2022-08,2022,1,False,False,False
8314033406207,1,31.63,22.8,72.1,100.0,D4,D3,Paid Social,Other,SG,False,2025-09,2025,1,False,False,False
6327713792255,1,56.99,22.8,40.0,0.0,D4,D5,Subscription,Unknown,SG,False,2022-02,2022,1,False,False,False
6423602856191,1,56.99,22.8,40.0,0.0,D4,D5,Subscription,Unknown,SG,False,2022-02,2022,1,False,False,False
8260871454975,1,28.87,22.78,78.9,100.0,D4,D3,Direct / Organic,Other,SG,False,2025-08,2025,1,False,False,False
6423463756031,2,66.62,22.73,34.1,0.0,D4,D2,Subscription,Unknown,SG,False,2022-05,2022,1,False,False,False
7250974277887,1,33.8,22.72,67.2,100.0,D4,D5,Direct / Organic,Lean Protein,SG,False,2025-10,2025,2,False,False,False
7756038701311,1,59.45,22.69,38.2,0.0,D4,D4,Direct / Organic,Unknown,MY,True,2022-03,2022,1,False,False,False
7756354781439,2,56.92,22.61,39.7,100.0,D4,D1,Subscription,Collagen Glow,MY,True,2023-03,2023,1,False,True,False
7756359434495,2,63.59,22.61,35.6,100.0,D4,D1,Subscription,Collagen Glow,MY,True,2023-04,2023,1,False,True,False
6329708675327,1,61.05,22.46,36.8,0.0,D4,D5,Subscription,Unknown,SG,False,2022-01,2022,1,False,False,False
7313633411327,1,30.53,22.41,73.4,100.0,D4,D5,Subscription,Soy Protein,SG,True,2024-06,2024,2,False,False,False
6327624859903,1,60.9,22.4,36.8,0.0,D4,D5,Subscription,Unknown,SG,False,2022-08,2022,1,False,False,False
6336660472063,1,60.9,22.4,36.8,0.0,D4,D5,Subscription,Unknown,SG,False,2022-08,2022,1,False,False,False
6329609191679,1,60.75,22.34,36.8,0.0,D4,D5,Subscription,Unknown,SG,False,2022-09,2022,1,False,False,False
6423598760191,1,55.85,22.34,40.0,0.0,D4,D5,Subscription,Unknown,SG,False,2022-03,2022,1,False,False,False
7970464071935,2,29.34,22.34,76.1,100.0,D4,D1,Paid Social,Unknown,SG,True,2025-04,2025,4,False,True,False
6423590371583,1,60.49,22.24,36.8,0.0,D4,D5,Subscription,Unknown,SG,False,2022-05,2022,1,False,False,False
8307071779071,1,39.24,22.19,56.5,100.0,D4,D3,Direct / Organic,Other,SG,False,2025-09,2025,1,False,False,False
7756429426943,1,37.83,22.1,58.4,71.4,D4,D4,Subscription,Unknown,MY,True,2024-05,2024,3,False,False,False
6824946204927,1,48.02,22.02,45.9,100.0,D4,D5,Subscription,Other,SG,False,2023-09,2023,1,False,False,False
6329849872639,1,59.85,21.98,36.7,0.0,D4,D5,Subscription,Unknown,SG,False,2022-04,2022,1,False,False,False
7829347598591,1,54.55,21.82,40.0,0.0,D4,D3,Direct / Organic,Unknown,MY,False,2022-04,2022,1,False,False,False
6532458578175,1,57.82,21.79,37.7,0.0,D4,D5,Direct / Organic,Unknown,MY,False,2023-01,2023,1,False,False,False
6532492591359,1,57.82,21.79,37.7,0.0,D4,D5,Direct / Organic,Unknown,MY,False,2023-01,2023,1,False,False,False
7756006392063,1,54.49,21.79,40.0,0.0,D4,D4,Direct / Organic,Unknown,MY,False,2022-10,2022,1,False,False,False
7756264243455,1,54.49,21.79,40.0,0.0,D4,D4,Direct / Organic,Unknown,MY,False,2023-01,2023,1,False,False,False
7756380864767,1,54.49,21.79,40.0,0.0,D4,D4,Direct / Organic,Unknown,MY,False,2023-09,2023,1,False,False,False
8310376792319,1,38.94,21.77,55.9,100.0,D4,D3,Direct / Organic,Collagen Glow,SG,False,2025-09,2025,1,False,False,False
7756484313343,1,29.77,21.63,72.7,100.0,D4,D4,Direct / Organic,Collagen Glow,MY,False,2024-12,2024,1,False,False,False
7829328363775,1,38.79,21.63,55.8,100.0,D4,D3,Direct / Organic,Collagen Glow,MY,False,2025-01,2025,1,False,False,False
6334080876799,1,58.89,21.6,36.7,0.0,D4,D5,Subscription,Unknown,SG,False,2022-06,2022,1,False,False,False
6329836404991,1,58.85,21.58,36.7,0.0,D4,D5,Subscription,Unknown,SG,False,2022-06,2022,1,False,False,False
6423598072063,2,53.88,21.55,40.0,0.0,D4,D2,Subscription,Unknown,SG,False,2022-03,2022,1,False,False,False
8435432358143,1,35.5,21.53,60.6,100.0,D4,D2,Paid Social,Other,SG,False,2025-10,2025,1,False,False,False
7756430311679,1,34.81,21.51,61.8,100.0,D4,D4,Subscription,Lean Protein,MY,True,2024-06,2024,1,False,False,False
8149517795583,1,32.64,21.46,65.7,100.0,D4,D3,Direct / Organic,Clear Protein,SG,False,2025-06,2025,2,False,False,False
8165462081791,1,29.03,21.36,73.6,100.0,D4,D3,Direct / Organic,Clear Protein,SG,False,2025-06,2025,3,False,False,False
8169265856767,2,26.7,21.36,80.0,100.0,D4,D1,Paid Social,Accessories,SG,False,2025-06,2025,3,False,True,False
7755989188863,1,56.06,21.33,38.1,0.0,D4,D4,Direct / Organic,Unknown,MY,False,2022-08,2022,1,False,False,False
7755970969855,1,43.89,21.29,48.5,100.0,D4,D4,Direct / Organic,Other,MY,False,2024-04,2024,2,False,False,False
7756158107903,1,64.35,21.2,32.9,76.0,D4,D4,Subscription,Other,MY,True,2024-04,2024,3,False,False,False
7994947797247,1,29.99,21.17,70.6,100.0,D4,D3,Direct / Organic,Other,SG,False,2025-05,2025,1,False,False,False
7756006654207,1,29.97,21.15,70.6,100.0,D4,D4,Direct / Organic,Other,MY,False,2022-10,2022,1,False,False,False
7756262572287,1,29.97,21.15,70.6,100.0,D4,D4,Direct / Organic,Other,MY,False,2022-12,2022,1,False,False,False
7756264079615,1,21.79,21.15,97.1,100.0,D4,D4,Direct / Organic,Other,MY,False,2023-01,2022,1,False,False,False
7756372902143,1,27.24,21.15,77.6,100.0,D4,D4,Direct / Organic,Other,MY,False,2023-08,2023,1,False,False,False
7756375458047,1,29.97,21.15,70.6,100.0,D4,D4,Direct / Organic,Other,MY,False,2023-08,2023,1,False,False,False
7756381880575,1,26.94,21.15,78.5,100.0,D4,D4,Direct / Organic,Other,MY,False,2023-09,2023,1,False,False,False
7756472811775,1,29.97,21.15,70.6,100.0,D4,D4,Direct / Organic,Other,MY,False,2024-12,2024,1,False,False,False
7756035752191,2,49.61,21.11,42.6,62.0,D4,D1,Direct / Organic,Unknown,MY,False,2022-05,2022,2,False,True,False
7756030083327,1,55.27,21.02,38.0,0.0,D4,D4,Direct / Organic,Unknown,MY,False,2022-06,2022,1,False,False,False
8631633379583,1,27.78,20.97,75.5,100.0,D4,D2,Paid Social,Other,SG,False,2025-12,2025,1,False,False,False
7756034441471,1,55.1,20.95,38.0,0.0,D4,D4,Direct / Organic,Unknown,MY,False,2022-05,2022,1,False,False,False
8151262363903,1,27.41,20.93,76.4,100.0,D4,D3,Direct / Organic,Other,SG,False,2025-09,2025,1,False,False,False
8327398490367,1,24.9,20.93,84.1,100.0,D4,D3,Direct / Organic,Other,SG,False,2025-09,2025,1,False,False,False
8327758708991,1,24.9,20.93,84.1,100.0,D4,D3,Direct / Organic,Other,SG,False,2025-09,2025,1,False,False,False
8335596716287,1,29.9,20.93,70.0,100.0,D4,D3,Direct / Organic,Other,SG,False,2025-09,2025,1,False,False,False
8338447925503,1,29.9,20.93,70.0,100.0,D4,D3,Direct / Organic,Other,SG,False,2025-09,2025,1,False,False,False
8352655606015,1,29.9,20.93,70.0,100.0,D4,D3,Paid Social,Other,SG,False,2025-09,2025,1,False,False,False
8367943876863,1,27.41,20.93,76.4,100.0,D4,D2,Paid Social,Other,SG,False,2025-10,2025,1,False,False,False
8368011804927,1,29.9,20.93,70.0,100.0,D4,D2,Direct / Organic,Other,SG,False,2025-10,2025,1,False,False,False
8368214343935,1,29.9,20.93,70.0,100.0,D4,D2,Paid Social,Other,SG,False,2025-10,2025,1,False,False,False
8369796350207,1,27.41,20.93,76.4,100.0,D4,D2,Direct / Organic,Other,SG,False,2025-10,2025,1,False,False,False
8395236245759,1,29.9,20.93,70.0,100.0,D4,D2,Direct / Organic,Other,SG,False,2025-10,2025,1,False,False,False
8415703793919,1,29.9,20.93,70.0,100.0,D4,D2,Direct / Organic,Other,SG,False,2025-10,2025,1,False,False,False
8422907674879,1,29.9,20.93,70.0,100.0,D4,D2,Paid Social,Other,SG,False,2025-10,2025,1,False,False,False
8426853662975,1,29.9,20.93,70.0,100.0,D4,D2,Direct / Organic,Other,SG,False,2025-10,2025,1,False,False,False
8446000103679,1,29.9,20.93,70.0,100.0,D4,D2,Paid Social,Other,SG,False,2025-10,2025,1,False,False,False
7756477071615,1,30.53,20.93,68.6,100.0,D4,D4,Subscription,Other,MY,True,2024-10,2024,2,False,False,False
7756458033407,1,26.97,20.88,77.4,100.0,D4,D4,Direct / Organic,Unknown,MY,False,2024-08,2024,1,False,False,False
6327517413631,1,57.09,20.88,36.6,0.0,D4,D5,Subscription,Unknown,SG,False,2022-05,2022,1,False,False,False
6327705108735,1,57.09,20.88,36.6,0.0,D4,D5,Subscription,Unknown,SG,False,2022-05,2022,1,False,False,False
8245906768127,2,32.51,20.84,64.1,100.0,D4,D1,Paid Social,Accessories,SG,False,2025-08,2025,2,False,True,False
8843522703615,1,36.98,20.8,56.2,100.0,D4,D2,Direct / Organic,Other,SG,False,2026-03,2026,2,False,False,False
8283690893567,1,32.2,20.76,64.5,100.0,D4,D3,Direct / Organic,Accessories,SG,False,2025-08,2025,3,False,False,False
7756477235455,1,36.24,20.67,57.1,100.0,D4,D4,Subscription,Other,MY,True,2024-10,2024,3,False,False,False
7900460515583,1,27.18,20.64,75.9,100.0,D4,D3,Subscription,Soy Protein,SG,True,2025-03,2025,1,False,False,False
7756361433343,1,51.48,20.59,40.0,0.0,D4,D4,Direct / Organic,Unknown,MY,False,2023-05,2023,1,False,False,False
7734246506751,1,26.91,20.56,76.4,100.0,D4,D5,Subscription,Other,SG,True,2025-01,2025,1,False,False,False
7903553224959,1,26.91,20.56,76.4,100.0,D4,D3,Subscription,Other,SG,True,2025-03,2025,1,False,False,False
7829470118143,1,22.46,20.53,91.4,100.0,D4,D3,Direct / Organic,Other,MY,False,2024-04,2024,1,False,False,False
7756023169279,2,51.27,20.51,40.0,0.0,D4,D2,Direct / Organic,Unknown,MY,False,2022-05,2022,1,False,False,False
7756009963775,1,29.97,20.5,68.4,100.0,D4,D4,Direct / Organic,Other,MY,False,2022-10,2022,1,False,False,False
7756363432191,1,29.97,20.5,68.4,100.0,D4,D4,Direct / Organic,Other,MY,False,2023-06,2023,1,False,False,False
7756465078527,1,27.24,20.5,75.3,100.0,D4,D4,Direct / Organic,Other,MY,False,2024-09,2024,1,False,False,False
7829327347967,1,29.97,20.5,68.4,100.0,D4,D3,Direct / Organic,Other,MY,False,2025-01,2025,1,False,False,False
7756045353215,2,51.05,20.42,40.0,0.0,D4,D1,Direct / Organic,Unknown,MY,False,2022-01,2022,1,False,True,False
6327693345023,1,55.89,20.4,36.5,0.0,D4,D5,Subscription,Unknown,SG,False,2022-02,2022,1,False,False,False
6423610458367,1,55.85,20.38,36.5,0.0,D4,D5,Subscription,Unknown,SG,False,2022-01,2022,1,False,False,False
6329620398335,1,55.74,20.34,36.5,0.0,D4,D5,Subscription,Unknown,SG,True,2023-10,2023,1,False,False,False
7756003410175,2,53.48,20.3,38.0,0.0,D4,D2,Direct / Organic,Unknown,MY,False,2022-08,2022,1,False,False,False
6423606493439,1,55.6,20.28,36.5,0.0,D4,D5,Subscription,Unknown,SG,False,2022-01,2022,1,False,False,False
6329605193983,2,55.29,20.16,36.5,0.0,D4,D2,Subscription,Unknown,SG,False,2022-05,2022,1,False,False,False
7756352159999,1,41.19,20.09,48.8,100.0,D4,D4,Subscription,Other,MY,True,2023-03,2023,1,False,False,False
7756357959935,1,43.92,20.09,45.7,100.0,D4,D4,Subscription,Other,MY,True,2023-04,2023,1,False,False,False
6423598989567,1,54.9,20.0,36.4,0.0,D4,D5,Subscription,Unknown,SG,False,2022-03,2022,1,False,False,False
7756463276287,2,32.67,19.97,61.1,100.0,D4,D1,Subscription,Other,MY,True,2024-09,2024,1,False,True,False
8164858659071,1,21.24,19.84,93.4,100.0,D4,D3,Direct / Organic,Clear Protein,SG,False,2025-06,2025,2,False,False,False
8167011713279,1,28.6,19.84,69.4,100.0,D4,D3,Direct / Organic,Clear Protein,SG,False,2025-06,2025,2,False,False,False
8799773950207,1,28.6,19.84,69.4,100.0,D4,D2,Direct / Organic,Lean Protein,SG,False,2026-02,2026,2,False,False,False
8813208535295,1,28.6,19.84,69.4,100.0,D4,D2,Direct / Organic,Lean Protein,SG,False,2026-03,2026,2,False,False,False
8828205400319,1,28.6,19.84,69.4,100.0,D4,D2,Direct / Organic,Clear Protein,SG,False,2026-03,2026,2,False,False,False
6327524557055,1,54.39,19.8,36.4,0.0,D4,D5,Subscription,Unknown,SG,False,2022-03,2022,1,False,False,False
6328253186303,1,54.39,19.8,36.4,0.0,D4,D5,Subscription,Unknown,SG,False,2022-02,2022,1,False,False,False
6329830015231,1,54.39,19.8,36.4,0.0,D4,D5,Subscription,Unknown,SG,False,2022-02,2022,1,False,False,False
7756385386751,1,33.46,19.62,58.6,64.8,D4,D4,Subscription,Other,MY,True,2023-10,2023,2,False,False,False
6327694459135,2,49.0,19.6,40.0,0.0,D4,D2,Subscription,Unknown,SG,False,2022-04,2022,1,False,False,False
6423599546623,1,48.99,19.6,40.0,0.0,D4,D5,Subscription,Unknown,SG,False,2022-03,2022,1,False,False,False
6329849905407,1,53.84,19.58,36.4,0.0,D4,D5,Subscription,Unknown,SG,False,2022-02,2022,1,False,False,False
6423603380479,1,53.84,19.58,36.4,0.0,D4,D5,Subscription,Unknown,SG,False,2022-02,2022,1,False,False,False
6423604691199,1,53.84,19.58,36.4,0.0,D4,D5,Subscription,Unknown,SG,False,2022-02,2022,1,False,False,False
6327799841023,1,61.77,19.57,31.7,100.0,D4,D5,Subscription,Unknown,MY,True,2024-01,2024,1,False,False,False
7756029362431,1,51.64,19.56,37.9,0.0,D4,D4,Direct / Organic,Unknown,MY,False,2022-06,2022,1,False,False,False
8051908051199,1,28.6,19.4,67.8,100.0,D4,D3,Direct / Organic,Clear Protein,SG,False,2025-05,2025,1,False,False,False
8096555991295,1,28.6,19.4,67.8,100.0,D4,D3,Direct / Organic,Clear Protein,SG,False,2025-06,2025,1,False,False,False
8781174669567,1,26.24,19.4,73.9,100.0,D4,D2,Direct / Organic,Clear Protein,SG,False,2026-02,2026,1,False,False,False
8875227775231,1,28.6,19.4,67.8,100.0,D4,D2,Direct / Organic,Clear Protein,SG,False,2026-03,2026,1,False,False,False
7756007440639,1,51.18,19.38,37.9,0.0,D4,D4,Direct / Organic,Unknown,MY,False,2022-10,2022,1,False,False,False
6336741933311,1,48.4,19.36,40.0,0.0,D4,D5,Subscription,Unknown,SG,False,2022-01,2022,1,False,False,False
6630248251647,1,22.87,19.33,84.5,100.0,D4,D5,Subscription,Other,SG,True,2023-06,2023,1,False,False,False
7756002033919,2,60.3,19.27,32.0,0.0,D4,D2,Direct / Organic,Unknown,MY,False,2022-08,2022,1,False,False,False
7756360319231,2,54.86,19.25,35.1,100.0,D4,D1,Subscription,Other,MY,True,2023-05,2023,1,False,True,False
8175628845311,2,30.94,19.23,62.2,77.5,D4,D1,Direct / Organic,Other,SG,False,2025-08,2025,1,False,True,False
6327553655039,1,52.89,19.2,36.3,0.0,D4,D5,Subscription,Unknown,SG,False,2022-06,2022,1,False,False,False
6329607586047,1,52.89,19.2,36.3,0.0,D4,D5,Subscription,Unknown,SG,False,2022-06,2022,1,False,False,False
7756362055935,1,54.22,19.18,35.4,100.0,D4,D4,Subscription,Unknown,MY,True,2023-05,2023,1,False,False,False
7310189592831,1,26.17,19.17,73.3,100.0,D4,D5,Subscription,Lean Protein,SG,False,2024-05,2024,2,False,False,False
6327737909503,1,20.33,19.07,93.8,100.0,D4,D5,Subscription,Other,SG,True,2024-03,2024,1,False,False,False
7060628177151,1,22.87,19.07,83.4,100.0,D4,D5,Subscription,Other,SG,True,2024-02,2024,1,False,False,False
7317310079231,1,25.42,19.07,75.0,100.0,D4,D5,Subscription,Other,SG,True,2024-06,2024,1,False,False,False
7756030116095,1,47.67,19.07,40.0,0.0,D4,D4,Direct / Organic,Unknown,MY,False,2022-06,2022,1,False,False,False
7755934007551,1,50.32,19.04,37.8,0.0,D4,D5,Direct / Organic,Unknown,MY,False,2022-02,2022,1,False,False,False
7755941904639,1,47.28,18.91,40.0,0.0,D4,D5,Direct / Organic,Unknown,MY,False,2022-05,2022,1,False,False,False
7755998101759,1,50.0,18.91,37.8,0.0,D4,D4,Direct / Organic,Unknown,MY,False,2022-04,2022,1,False,False,False
7756034900223,1,50.0,18.91,37.8,0.0,D4,D4,Direct / Organic,Unknown,MY,False,2022-05,2022,1,False,False,False
7756008325375,1,47.23,18.89,40.0,0.0,D4,D4,Direct / Organic,Unknown,MY,False,2022-03,2022,1,False,False,False
7012883824895,1,40.81,18.8,46.1,100.0,D4,D5,Subscription,Other,SG,False,2024-01,2024,1,False,False,False
7099485159679,1,38.81,18.8,48.4,100.0,D4,D5,Subscription,Other,SG,False,2024-02,2024,1,False,False,False
8830297178367,1,28.18,18.78,66.6,100.0,D4,D2,Direct / Organic,Accessories,SG,False,2026-03,2026,2,False,False,False
7756015567103,2,46.91,18.76,40.0,0.0,D4,D2,Direct / Organic,Unknown,MY,False,2022-09,2022,1,False,False,False
8474571571455,1,19.47,18.75,96.3,100.0,D4,D2,Direct / Organic,Lean Protein,SG,False,2025-10,2025,1,False,False,False
8474580877567,1,19.47,18.75,96.3,100.0,D4,D2,Direct / Organic,Lean Protein,SG,False,2025-10,2025,1,False,False,False
8483187949823,1,19.47,18.75,96.3,100.0,D4,D2,Direct / Organic,Lean Protein,SG,False,2025-10,2025,1,False,False,False
8488216822015,1,20.61,18.75,91.0,100.0,D4,D2,Direct / Organic,Lean Protein,SG,False,2025-11,2025,1,False,False,False
8761437946111,1,19.47,18.75,96.3,100.0,D4,D2,Direct / Organic,Lean Protein,SG,False,2026-02,2026,1,False,False,False
8762362626303,1,27.9,18.75,67.2,100.0,D4,D2,Direct / Organic,Lean Protein,SG,False,2026-02,2026,1,False,False,False
8809768321279,1,27.9,18.75,67.2,100.0,D4,D2,Paid Social,Lean Protein,SG,False,2026-02,2026,1,False,False,False
6329622954239,1,51.69,18.72,36.2,0.0,D4,D5,Subscription,Unknown,SG,False,2022-01,2022,1,False,False,False
6423592861951,1,51.44,18.62,36.2,0.0,D4,D5,Subscription,Unknown,SG,False,2022-04,2022,1,False,False,False
6328296767743,1,51.42,18.61,36.2,0.0,D4,D5,Subscription,Unknown,SG,False,2022-06,2022,1,False,False,False
8699614593279,1,84.53,61.07,72.2,100.0,D3,D2,Subscription,Clear Protein,SG,True,2026-01,2026,2,False,False,False
8476216754431,2,74.52,61.0,81.9,100.0,D3,D1,Direct / Organic,Lean Protein,SG,False,2025-10,2025,1,False,True,False
8652582355199,2,81.81,61.0,74.6,100.0,D3,D1,Direct / Organic,Lean Protein,SG,False,2025-12,2025,1,False,True,False
8794201358591,1,70.38,61.0,86.7,100.0,D3,D2,Direct / Organic,Lean Protein,SG,False,2026-02,2026,1,False,False,False
8811215388927,1,70.38,61.0,86.7,100.0,D3,D2,Direct / Organic,Lean Protein,SG,False,2026-02,2026,1,False,False,False
7755969396991,2,152.36,60.95,40.0,0.0,D3,D2,Direct / Organic,Unknown,MY,False,2022-03,2022,1,False,False,False
7574580756735,3,80.74,60.89,75.4,100.0,D3,D1,Subscription,Other,SG,True,2024-10,2024,2,False,True,False
7756035129599,3,144.9,60.84,42.0,33.2,D3,D1,Direct / Organic,Unknown,MY,False,2022-04,2022,2,False,True,False
7984595435775,2,94.4,60.81,64.4,100.0,D3,D1,Direct / Organic,Lean Protein,SG,False,2025-04,2025,1,False,True,False
7755999936767,1,49.09,60.72,123.7,100.0,D3,D4,Direct / Organic,Unknown,MY,False,2022-09,2022,1,False,False,False
7756004819199,1,51.82,60.72,117.2,100.0,D3,D4,Direct / Organic,Other,MY,False,2022-10,2022,1,False,False,False
6545737908479,1,106.2,60.69,57.1,67.8,D3,D5,Subscription,Other,SG,False,2023-02,2023,3,False,False,False
8341024964863,1,64.9,60.57,93.3,100.0,D3,D3,Direct / Organic,Accessories,SG,False,2025-09,2025,2,False,False,False
8349303865599,1,64.9,60.57,93.3,100.0,D3,D3,Direct / Organic,Accessories,SG,False,2025-09,2025,2,False,False,False
8239725478143,1,85.8,60.53,70.5,100.0,D3,D3,Direct / Organic,Lean Protein,SG,False,2025-08,2025,2,False,False,False
7756438995199,3,110.38,60.51,54.8,100.0,D3,D1,Subscription,Other,MY,True,2024-06,2024,2,False,True,False
8761596641535,1,70.38,60.49,85.9,100.0,D3,D2,Direct / Organic,Lean Protein,SG,False,2026-02,2026,1,False,False,False
7756415533311,2,107.53,60.43,56.2,100.0,D3,D1,Direct / Organic,Collagen Glow,MY,False,2024-04,2024,2,False,True,False
7756469633279,1,76.11,60.43,79.4,100.0,D3,D4,Direct / Organic,Collagen Glow,MY,False,2024-09,2024,2,False,False,False
8035787800831,1,102.58,60.38,58.9,100.0,D3,D3,Direct / Organic,Other,SG,False,2025-05,2025,1,False,False,False
7832253006079,1,85.08,60.34,70.9,100.0,D3,D3,Direct / Organic,Other,SG,False,2025-02,2025,2,False,False,False
8033439154431,1,77.72,60.31,77.6,100.0,D3,D3,Direct / Organic,Clear Protein,SG,False,2025-05,2025,1,False,False,False
8870801408255,1,93.42,60.31,64.6,100.0,D3,D2,Paid Social,Lean Protein,SG,False,2026-03,2026,2,False,False,False
7519844368639,2,76.33,60.29,79.0,100.0,D3,D2,Subscription,Clear Protein,SG,False,2024-09,2024,3,False,False,False
7728018129151,1,63.58,60.24,94.7,100.0,D3,D5,Subscription,Unknown,SG,False,2024-12,2024,1,False,False,False
6707767410943,1,102.43,60.23,58.8,100.0,D3,D5,Subscription,Other,SG,False,2023-06,2023,1,False,False,False
7756328009983,1,105.15,60.16,57.2,93.0,D3,D4,Direct / Organic,Accessories,MY,False,2023-02,2023,2,False,False,False
8349264281855,1,64.9,60.06,92.5,100.0,D3,D3,Direct / Organic,Accessories,SG,False,2025-09,2025,2,False,False,False
8370214273279,1,64.9,60.06,92.5,100.0,D3,D2,Direct / Organic,Accessories,SG,False,2025-10,2025,2,False,False,False
8383897141503,1,64.9,60.06,92.5,100.0,D3,D2,Direct / Organic,Accessories,SG,False,2025-10,2025,2,False,False,False
8796982870271,1,79.8,60.06,75.3,100.0,D3,D2,Direct / Organic,Accessories,SG,False,2026-02,2026,2,False,False,False
7755997774079,1,63.39,60.04,94.7,100.0,D3,D4,Direct / Organic,Other,MY,False,2024-04,2024,2,False,False,False
7756466323711,1,80.29,60.04,74.8,100.0,D3,D4,Direct / Organic,Clear Protein,MY,False,2024-09,2024,2,False,False,False
7756279578879,1,97.53,59.91,61.4,100.0,D3,D4,Direct / Organic,Lean Protein,SG,False,2025-09,2025,1,False,False,False
8474714669311,1,70.38,59.9,85.1,100.0,D3,D2,Direct / Organic,Lean Protein,SG,False,2025-10,2025,2,False,False,False
8478334320895,1,70.38,59.9,85.1,100.0,D3,D2,Direct / Organic,Lean Protein,SG,False,2025-10,2025,2,False,False,False
6696211022079,1,101.84,59.64,58.6,100.0,D3,D5,Subscription,Other,SG,True,2023-06,2023,1,False,False,False
6767084306687,1,101.84,59.64,58.6,100.0,D3,D5,Subscription,Other,SG,True,2023-08,2023,1,False,False,False
6796578291967,2,106.74,59.64,55.9,100.0,D3,D2,Subscription,Other,SG,True,2023-09,2023,2,False,False,False
6863957590271,1,86.37,59.64,69.1,100.0,D3,D5,Subscription,Other,SG,True,2023-10,2023,2,False,False,False
7110112608511,1,101.84,59.64,58.6,100.0,D3,D5,Subscription,Other,SG,True,2024-03,2024,1,False,False,False
6328264360191,1,149.03,59.61,40.0,0.0,D3,D5,Subscription,Unknown,SG,False,2022-08,2022,1,False,False,False
8345056280831,1,71.49,59.61,83.4,100.0,D3,D3,Paid Social,Clear Protein,SG,False,2025-09,2025,2,False,False,False
8629778284799,2,84.35,59.44,70.5,100.0,D3,D1,Direct / Organic,Accessories,SG,False,2025-12,2025,2,False,True,False
8081655464191,1,79.8,59.41,74.4,100.0,D3,D3,Direct / Organic,Lean Protein,SG,False,2025-05,2025,2,False,False,False
6327519084799,1,91.71,59.4,64.8,100.0,D3,D5,Subscription,Other,SG,False,2022-10,2022,1,False,False,False
6423595155711,2,103.22,59.39,57.5,73.0,D3,D2,Subscription,Unknown,SG,False,2022-04,2022,2,False,False,False
6602801479935,1,79.42,59.35,74.7,100.0,D3,D5,Subscription,Other,SG,False,2023-03,2023,1,False,False,False
6327696294143,1,148.19,59.28,40.0,0.0,D3,D5,Subscription,Unknown,SG,False,2022-06,2022,1,False,False,False
6328298209535,1,148.19,59.28,40.0,0.0,D3,D5,Subscription,Unknown,SG,False,2022-06,2022,1,False,False,False
7047726334207,2,109.7,59.26,54.0,100.0,D3,D2,Subscription,Other,SG,False,2024-02,2024,2,False,False,False
8367587492095,1,92.7,59.02,63.7,72.5,D3,D2,Paid Social,Unknown,SG,False,2025-10,2025,2,False,False,False
8880554836223,1,56.43,59.01,104.6,100.0,D3,D2,Direct / Organic,Other,SG,False,2026-03,2026,1,False,False,False
7756425232639,2,97.36,59.0,60.6,100.0,D3,D1,Subscription,Clear Protein,MY,True,2024-05,2024,2,False,True,False
7756425494783,1,82.76,59.0,71.3,100.0,D3,D4,Subscription,Clear Protein,MY,True,2024-05,2024,2,False,False,False
7756430770431,2,82.76,59.0,71.3,100.0,D3,D1,Subscription,Accessories,MY,True,2024-05,2024,2,False,True,False
7756434047231,2,97.36,59.0,60.6,100.0,D3,D1,Subscription,Clear Protein,MY,True,2024-06,2024,2,False,True,False
7756434211071,2,97.36,59.0,60.6,100.0,D3,D1,Subscription,Clear Protein,MY,True,2024-06,2024,2,False,True,False
7272156496127,1,75.91,58.93,77.6,100.0,D3,D5,Subscription,Accessories,SG,False,2024-05,2024,2,False,False,False
7942104416511,1,79.71,58.91,73.9,100.0,D3,D3,Paid Social,Clear Protein,SG,False,2025-08,2025,3,False,False,False
8006799393023,1,76.82,58.78,76.5,100.0,D3,D3,Direct / Organic,Accessories,SG,False,2025-05,2025,2,False,False,False
6704357310719,1,113.15,58.77,51.9,100.0,D3,D5,Subscription,Other,SG,False,2023-06,2023,1,False,False,False
6974029693183,1,73.11,58.72,80.3,100.0,D3,D5,Subscription,Soy Protein,SG,False,2023-12,2023,1,False,False,False
8106575036671,1,66.03,58.72,88.9,100.0,D3,D3,Direct / Organic,Soy Protein,SG,False,2025-06,2025,1,False,False,False
7755987058943,3,164.91,58.69,35.6,0.0,D3,D1,Direct / Organic,Unknown,MY,False,2022-08,2022,1,False,True,False
7756015993087,1,146.73,58.69,40.0,0.0,D3,D4,Direct / Organic,Unknown,MY,False,2022-09,2022,1,False,False,False
7756037095679,1,146.73,58.69,40.0,0.0,D3,D4,Direct / Organic,Unknown,MY,False,2022-04,2022,1,False,False,False
7756038111487,1,146.73,58.69,40.0,0.0,D3,D4,Direct / Organic,Unknown,MY,False,2022-04,2022,1,False,False,False
8767016272127,1,79.62,58.51,73.5,100.0,D3,D2,Direct / Organic,Other,SG,False,2026-02,2026,3,False,False,False
8595374997759,1,72.97,58.46,80.1,100.0,D3,D2,Direct / Organic,Accessories,SG,False,2025-12,2025,2,False,False,False
6327398400255,1,150.97,58.43,38.7,0.0,D3,D5,Subscription,Unknown,SG,False,2022-01,2022,1,False,False,False
8452494754047,1,88.41,58.39,66.0,100.0,D3,D2,Direct / Organic,Lean Protein,SG,False,2025-10,2025,3,False,False,False
7756429852927,1,71.87,58.31,81.1,82.3,D3,D4,Direct / Organic,Other,MY,False,2024-05,2024,3,False,False,False
8820452688127,1,94.1,58.29,61.9,100.0,D3,D2,Subscription,Lean Protein,SG,True,2026-03,2026,1,False,False,False
8832823591167,1,94.04,58.23,61.9,100.0,D3,D2,Subscription,Lean Protein,SG,True,2026-03,2026,1,False,False,False
7942456410367,1,81.29,58.1,71.5,100.0,D3,D3,Direct / Organic,Lean Protein,SG,False,2025-04,2025,2,False,False,False
8821455421695,1,93.9,58.09,61.9,100.0,D3,D2,Subscription,Lean Protein,SG,True,2026-03,2026,1,False,False,False
6327655301375,1,81.48,58.07,71.3,100.0,D3,D5,Subscription,Other,SG,True,2024-06,2024,2,False,False,False
6424737513727,1,101.85,58.07,57.0,100.0,D3,D5,Subscription,Other,SG,True,2024-05,2024,2,False,False,False
6671998746879,2,81.47,58.07,71.3,100.0,D3,D2,Subscription,Other,SG,True,2023-05,2023,2,False,False,False
6328310857983,2,96.55,58.06,60.1,100.0,D3,D2,Subscription,Other,SG,True,2024-03,2024,2,False,False,False
6424671617279,2,101.84,58.06,57.0,100.0,D3,D2,Subscription,Other,SG,True,2024-03,2024,2,False,False,False
7038325817599,1,86.74,58.06,66.9,100.0,D3,D5,Subscription,Unknown,SG,True,2024-01,2024,2,False,False,False
8808630419711,1,83.02,58.05,69.9,100.0,D3,D2,Subscription,Clear Protein,SG,True,2026-02,2026,2,False,False,False
8798257447167,1,94.23,57.91,61.5,100.0,D3,D2,Subscription,Lean Protein,SG,True,2026-02,2026,1,False,False,False
8163537879295,4,85.09,57.89,68.0,100.0,D3,D1,Direct / Organic,Other,SG,True,2025-06,2025,1,False,True,False
6532502290687,1,121.09,57.84,47.8,50.0,D3,D5,Direct / Organic,Unknown,MY,False,2022-10,2022,3,False,False,False
8839752810751,2,89.8,57.67,64.2,100.0,D3,D1,Direct / Organic,Other,SG,False,2026-03,2026,2,False,True,False
6481084547327,1,54.8,57.59,105.1,100.0,D3,D5,Subscription,Other,SG,False,2022-12,2022,1,False,False,False
6489009225983,1,94.8,57.59,60.7,100.0,D3,D5,Subscription,Other,SG,False,2022-12,2022,1,False,False,False
6505222308095,1,81.31,57.59,70.8,100.0,D3,D5,Subscription,Other,SG,False,2023-01,2023,1,False,False,False
6609298161919,1,85.81,57.59,67.1,100.0,D3,D5,Subscription,Other,SG,False,2023-03,2023,1,False,False,False
7756006031615,1,82.04,57.5,70.1,100.0,D3,D4,Direct / Organic,Collagen Glow,MY,False,2022-10,2022,2,False,False,False
7756446138623,1,67.45,57.48,85.2,100.0,D3,D4,Direct / Organic,Lean Protein,MY,False,2024-09,2024,1,False,False,False
7756450529535,1,91.55,57.48,62.8,100.0,D3,D4,Direct / Organic,Lean Protein,MY,False,2024-08,2024,1,False,False,False
7756469534975,1,91.55,57.48,62.8,100.0,D3,D4,Direct / Organic,Lean Protein,MY,False,2024-09,2024,1,False,False,False
8110426095871,2,76.55,57.37,74.9,100.0,D3,D1,Direct / Organic,Lean Protein,SG,False,2025-06,2025,1,False,True,False
6327788863743,1,143.32,57.33,40.0,0.0,D3,D5,Subscription,Unknown,SG,False,2022-06,2022,1,False,False,False
7957664694527,2,83.9,57.27,68.3,100.0,D3,D1,Paid Social,Unknown,SG,False,2025-04,2025,3,False,True,False
8084358234367,2,77.0,57.27,74.4,100.0,D3,D1,Paid Social,Accessories,SG,False,2025-05,2025,3,False,True,False
8092301197567,2,83.9,57.27,68.3,100.0,D3,D1,Paid Social,Accessories,SG,False,2025-05,2025,3,False,True,False
7967041978623,1,91.49,57.24,62.6,71.1,D3,D3,Direct / Organic,Other,SG,False,2025-04,2025,2,False,False,False
7756470288639,2,97.59,57.22,58.6,100.0,D3,D1,Direct / Organic,Other,MY,False,2024-10,2024,1,False,True,False
7756015829247,1,143.02,57.21,40.0,0.0,D3,D4,Direct / Organic,Unknown,MY,False,2022-09,2022,1,False,False,False
7756033982719,1,142.36,56.95,40.0,0.0,D3,D4,Direct / Organic,Unknown,MY,False,2022-05,2022,1,False,False,False
7756399640831,1,100.96,56.92,56.4,100.0,D3,D4,Direct / Organic,Collagen Glow,MY,False,2024-01,2024,2,False,False,False
7756263391487,1,92.04,56.9,61.8,100.0,D3,D4,Direct / Organic,Unknown,MY,False,2022-12,2022,3,False,False,False
6329712935167,3,156.77,56.83,36.2,0.0,D3,D1,Subscription,Unknown,SG,False,2022-01,2022,1,False,True,False
8827248673023,1,80.11,56.65,70.7,100.0,D3,D2,Subscription,Clear Protein,SG,True,2026-03,2026,2,False,False,False
8082176082175,1,81.5,56.64,69.5,100.0,D3,D3,Direct / Organic,Clear Protein,SG,False,2025-05,2025,3,False,False,False
7755980243199,2,115.22,56.6,49.1,36.0,D3,D2,Direct / Organic,Unknown,MY,False,2022-02,2022,1,False,False,False
7756007014655,1,109.04,56.53,51.8,100.0,D3,D4,Direct / Organic,Unknown,MY,False,2022-10,2022,2,False,False,False
7756007571711,1,121.15,56.53,46.7,100.0,D3,D4,Direct / Organic,Other,MY,False,2022-10,2022,1,False,False,False
7756261032191,1,115.09,56.53,49.1,100.0,D3,D4,Direct / Organic,Other,MY,False,2022-12,2022,1,False,False,False
7756361203967,1,79.37,56.29,70.9,100.0,D3,D4,Direct / Organic,Other,MY,False,2023-05,2023,2,False,False,False
8415890473215,1,69.09,56.25,81.4,100.0,D3,D2,Direct / Organic,Collagen Glow,SG,False,2025-10,2025,3,False,False,False
8794184843519,1,58.4,56.25,96.3,100.0,D3,D2,Direct / Organic,Lean Protein,SG,False,2026-02,2026,1,False,False,False
7756351996159,1,92.06,56.23,61.1,100.0,D3,D4,Direct / Organic,Other,MY,False,2023-03,2023,1,False,False,False
8361276866815,1,76.17,56.2,73.8,100.0,D3,D3,Paid Social,Clear Protein,SG,False,2025-10,2025,2,False,False,False
8748209570047,1,80.82,56.08,69.4,100.0,D3,D2,Direct / Organic,Lean Protein,SG,False,2026-02,2026,2,False,False,False
8794676658431,1,80.82,56.08,69.4,100.0,D3,D2,Direct / Organic,Lean Protein,SG,False,2026-02,2026,2,False,False,False
6614257369343,3,76.26,56.04,73.5,100.0,D3,D1,Subscription,Other,SG,True,2023-03,2023,1,False,True,False
8337740628223,1,66.86,56.02,83.8,100.0,D3,D3,Paid Social,Accessories,SG,False,2025-09,2025,2,False,False,False
8327074316543,1,66.82,55.97,83.8,100.0,D3,D3,Direct / Organic,Accessories,SG,False,2025-09,2025,2,False,False,False
8025023512831,1,68.33,55.95,81.9,100.0,D3,D3,Affiliate,Accessories,SG,False,2025-05,2025,2,False,False,False
7756375163135,2,86.73,55.91,64.5,90.0,D3,D1,Direct / Organic,Accessories,MY,True,2023-08,2023,2,False,True,False
8329706176767,1,66.75,55.89,83.7,100.0,D3,D3,Direct / Organic,Accessories,SG,False,2025-09,2025,2,False,False,False
8335408660735,1,66.74,55.88,83.7,100.0,D3,D3,Paid Social,Accessories,SG,False,2025-09,2025,2,False,False,False
8858360283391,1,75.72,55.75,73.6,100.0,D3,D2,Subscription,Clear Protein,SG,True,2026-03,2026,2,False,False,False
7756041158911,2,101.31,55.7,55.0,39.1,D3,D1,Direct / Organic,Unknown,MY,False,2022-03,2022,3,False,True,False
7755991810303,1,139.22,55.69,40.0,0.0,D3,D4,Direct / Organic,Unknown,MY,False,2022-08,2022,1,False,False,False
8318056333567,1,66.54,55.65,83.6,100.0,D3,D3,Paid Social,Accessories,SG,False,2025-09,2025,2,False,False,False
8165107958015,1,69.84,55.64,79.7,100.0,D3,D3,Direct / Organic,Lean Protein,SG,False,2025-06,2025,2,False,False,False
8231864926463,1,75.61,55.64,73.6,100.0,D3,D3,Direct / Organic,Clear Protein,SG,False,2025-08,2025,2,False,False,False
7818623779071,1,93.9,55.55,59.2,100.0,D3,D4,Direct / Organic,Other,SG,False,2025-01,2025,2,False,False,False
7756484706559,1,66.36,55.45,83.6,100.0,D3,D4,Direct / Organic,Accessories,MY,False,2024-12,2024,2,False,False,False
7756485132543,1,66.36,55.45,83.6,100.0,D3,D4,Direct / Organic,Accessories,MY,False,2024-12,2024,2,False,False,False
7756486017279,1,66.36,55.45,83.6,100.0,D3,D4,Direct / Organic,Accessories,MY,False,2024-12,2024,2,False,False,False
7756486738175,1,66.36,55.45,83.6,100.0,D3,D4,Direct / Organic,Accessories,MY,False,2024-12,2024,2,False,False,False
7756487065855,1,66.36,55.45,83.6,100.0,D3,D4,Direct / Organic,Accessories,MY,False,2024-12,2024,2,False,False,False
7756487688447,1,66.36,55.45,83.6,100.0,D3,D4,Direct / Organic,Accessories,MY,False,2025-01,2024,2,False,False,False
7756488343807,1,66.36,55.45,83.6,100.0,D3,D4,Direct / Organic,Accessories,MY,False,2025-01,2025,2,False,False,False
6423602528511,2,148.38,55.43,37.4,0.0,D3,D2,Subscription,Unknown,SG,False,2022-02,2022,1,False,False,False
8637598171391,2,77.05,55.38,71.9,100.0,D3,D1,Direct / Organic,Lean Protein,SG,False,2025-12,2025,2,False,True,False
8474967245055,1,64.22,55.37,86.2,100.0,D3,D2,Affiliate,Soy Protein,SG,False,2025-10,2025,2,False,False,False
6327795548415,2,148.14,55.34,37.4,0.0,D3,D2,Subscription,Unknown,SG,False,2022-02,2022,1,False,False,False
8772908646655,1,76.32,55.32,72.5,100.0,D3,D2,Direct / Organic,Clear Protein,SG,False,2026-02,2026,1,False,False,False
6532477485311,1,80.55,55.32,68.7,100.0,D3,D5,Direct / Organic,Unknown,MY,False,2022-12,2022,2,False,False,False
7881282453759,1,72.73,55.29,76.0,100.0,D3,D3,Subscription,Other,SG,True,2025-03,2025,2,False,False,False
7916394086655,2,75.22,55.25,73.5,100.0,D3,D1,Direct / Organic,Clear Protein,SG,False,2025-03,2025,2,False,True,False
7756440600831,1,73.83,55.06,74.6,80.6,D3,D4,Subscription,Unknown,MY,True,2024-07,2024,4,False,False,False
8488214135039,1,67.32,55.05,81.8,100.0,D3,D2,Direct / Organic,Lean Protein,SG,False,2025-11,2025,2,False,False,False
7905859633407,1,74.25,55.04,74.1,100.0,D3,D3,Direct / Organic,Other,SG,False,2025-03,2025,1,False,False,False
7756000559359,1,67.82,55.0,81.1,100.0,D3,D4,Direct / Organic,Collagen Glow,MY,False,2024-10,2024,2,False,False,False
7756156698879,1,66.13,54.95,83.1,100.0,D3,D4,Direct / Organic,Soy Protein,MY,False,2024-01,2024,2,False,False,False
7756348719359,5,134.12,54.94,41.0,100.0,D3,D1,Subscription,Collagen Glow,MY,True,2023-03,2023,2,False,True,False
8621737640191,1,73.0,54.92,75.2,100.0,D3,D2,Paid Search,Soy Protein,SG,False,2025-12,2025,1,False,False,False
8699386724607,1,66.2,54.92,83.0,100.0,D3,D2,Affiliate,Soy Protein,SG,False,2026-01,2026,1,False,False,False
7896942477567,1,80.7,54.83,67.9,100.0,D3,D3,Direct / Organic,Collagen Glow,SG,False,2025-03,2025,2,False,False,False
8069832278271,1,80.8,54.83,67.9,100.0,D3,D3,Direct / Organic,Collagen Glow,SG,False,2025-05,2025,2,False,False,False
7756300091647,1,80.47,54.73,68.0,100.0,D3,D4,Direct / Organic,Clear Protein,MY,False,2024-04,2024,2,False,False,False
7756408094975,1,83.17,54.73,65.8,100.0,D3,D4,Direct / Organic,Collagen Glow,MY,False,2024-02,2024,2,False,False,False
7756458295551,1,74.41,54.73,73.5,100.0,D3,D4,Direct / Organic,Clear Protein,MY,False,2024-08,2024,2,False,False,False
7756467044607,1,83.17,54.73,65.8,100.0,D3,D4,Direct / Organic,Clear Protein,MY,False,2024-09,2024,2,False,False,False
7756467601663,1,83.17,54.73,65.8,100.0,D3,D4,Direct / Organic,Collagen Glow,MY,False,2024-09,2024,2,False,False,False
8249196839167,1,111.59,54.72,49.0,100.0,D3,D3,Direct / Organic,Other,SG,False,2025-08,2025,1,False,False,False
6532476403967,1,84.32,54.71,64.9,100.0,D3,D5,Direct / Organic,Other,MY,False,2023-01,2023,1,False,False,False
6532496195839,1,92.06,54.71,59.4,100.0,D3,D5,Direct / Organic,Other,MY,False,2023-01,2023,1,False,False,False
6532515004671,2,99.64,54.71,54.9,100.0,D3,D2,Direct / Organic,Other,MY,False,2023-01,2023,1,False,False,False
7756004524287,1,92.06,54.71,59.4,100.0,D3,D4,Direct / Organic,Unknown,MY,False,2022-10,2022,2,False,False,False
7756006260991,1,87.22,54.71,62.7,100.0,D3,D4,Direct / Organic,Other,MY,False,2022-10,2022,1,False,False,False
7756008227071,1,82.37,54.71,66.4,100.0,D3,D4,Direct / Organic,Unknown,MY,False,2022-10,2022,1,False,False,False
7756009865471,1,88.92,54.71,61.5,100.0,D3,D4,Direct / Organic,Other,MY,False,2022-10,2022,2,False,False,False
7756265718015,1,78.25,54.71,69.9,100.0,D3,D4,Direct / Organic,Other,MY,False,2023-01,2023,1,False,False,False
7756267192575,1,78.25,54.71,69.9,100.0,D3,D4,Direct / Organic,Other,MY,False,2023-01,2023,1,False,False,False
7756268634367,1,84.32,54.71,64.9,100.0,D3,D4,Direct / Organic,Other,MY,False,2023-05,2023,1,False,False,False
7756349243647,1,73.65,54.71,74.3,100.0,D3,D4,Direct / Organic,Other,MY,False,2023-02,2023,1,False,False,False
7756362416383,1,92.06,54.71,59.4,100.0,D3,D4,Direct / Organic,Other,MY,False,2023-06,2023,1,False,False,False
7756477268223,1,67.84,54.71,80.6,100.0,D3,D4,Direct / Organic,Other,MY,False,2024-10,2024,1,False,False,False
8118123331839,1,67.81,54.68,80.6,100.0,D3,D3,Direct / Organic,Clear Protein,SG,False,2025-06,2025,2,False,False,False
6336672694527,2,83.9,54.57,65.0,87.5,D3,D2,Subscription,Unknown,SG,False,2022-01,2022,2,False,False,False
8608190365951,2,68.82,54.41,79.1,100.0,D3,D1,Direct / Organic,Soy Protein,SG,False,2025-12,2025,1,False,True,False
6336752222463,2,111.63,54.39,48.7,74.8,D3,D2,Subscription,Unknown,SG,False,2022-02,2022,2,False,False,False
6336736297215,1,135.89,54.36,40.0,0.0,D3,D5,Subscription,Unknown,SG,False,2022-06,2022,1,False,False,False
6522940883199,1,76.91,54.18,70.4,100.0,D3,D5,Subscription,Other,SG,False,2023-01,2023,2,False,False,False
8231259963647,1,80.8,54.18,67.1,100.0,D3,D3,Direct / Organic,Other,SG,False,2025-08,2025,2,False,False,False
7756364677375,2,123.55,54.1,43.8,92.7,D3,D1,Direct / Organic,Other,MY,False,2023-06,2023,2,False,True,False
8393190441215,1,58.91,54.07,91.8,100.0,D3,D2,Subscription,Accessories,SG,True,2025-10,2025,2,False,False,False
8719516795135,1,74.0,54.07,73.1,100.0,D3,D2,Subscription,Lean Protein,SG,True,2026-01,2026,2,False,False,False
7756159058175,1,76.57,54.07,70.6,100.0,D3,D4,Subscription,Soy Protein,MY,True,2023-09,2023,3,False,False,False
8036122493183,2,96.08,53.96,56.2,100.0,D3,D1,Paid Social,Accessories,SG,True,2025-05,2025,2,False,True,False
7755928469759,1,137.37,53.86,39.2,0.0,D3,D5,Direct / Organic,Unknown,MY,False,2022-01,2022,1,False,False,False
7756040241407,1,137.22,53.8,39.2,0.0,D3,D4,Direct / Organic,Unknown,MY,False,2022-03,2022,1,False,False,False
8151131488511,1,82.33,53.79,65.3,100.0,D3,D3,Direct / Organic,Clear Protein,SG,False,2025-06,2025,1,False,False,False
6703512977663,1,135.88,53.78,39.6,83.3,D3,D5,Subscription,Unknown,SG,False,2023-06,2023,2,False,False,False
7756399706367,2,73.15,53.78,73.5,100.0,D3,D1,Direct / Organic,Other,MY,False,2024-01,2024,1,False,True,False
6532514971903,2,90.49,53.4,59.0,100.0,D3,D2,Direct / Organic,Collagen Glow,MY,False,2023-01,2023,1,False,False,False
7756022415615,3,138.7,53.3,38.4,0.0,D3,D1,Direct / Organic,Unknown,MY,False,2022-03,2022,1,False,True,False
7496457650431,1,69.31,53.24,76.8,100.0,D3,D5,Subscription,Other,SG,False,2024-10,2024,1,False,False,False
8781075415295,1,83.18,53.23,64.0,100.0,D3,D2,Direct / Organic,Clear Protein,SG,False,2026-02,2026,2,False,False,False
7756264571135,1,77.25,53.23,68.9,100.0,D3,D4,Direct / Organic,Collagen Glow,MY,False,2023-01,2023,2,False,False,False
8058424099071,1,92.06,53.18,57.8,100.0,D3,D3,Subscription,Lean Protein,SG,True,2025-05,2025,1,False,False,False
8239210463487,1,70.8,53.17,75.1,100.0,D3,D3,Direct / Organic,Soy Protein,SG,False,2025-08,2025,2,False,False,False
7756457345279,1,92.06,53.13,57.7,100.0,D3,D4,Direct / Organic,Other,MY,False,2024-08,2024,2,False,False,False
7756425822463,1,88.93,53.07,59.7,100.0,D3,D4,Direct / Organic,Lean Protein,MY,False,2024-05,2024,2,False,False,False
7756431491327,1,65.52,53.07,81.0,100.0,D3,D4,Direct / Organic,Lean Protein,MY,False,2024-05,2024,2,False,False,False
7756433359103,1,88.93,53.07,59.7,100.0,D3,D4,Direct / Organic,Unknown,MY,False,2024-06,2024,2,False,False,False
7756439519487,1,74.88,53.07,70.9,100.0,D3,D4,Direct / Organic,Lean Protein,MY,False,2024-06,2024,2,False,False,False
8133835391231,1,75.13,53.06,70.6,100.0,D3,D3,Direct / Organic,Accessories,SG,False,2025-06,2025,2,False,False,False
8875277025535,1,71.24,53.04,74.5,100.0,D3,D2,Direct / Organic,Other,SG,False,2026-03,2026,1,False,False,False
8875263361279,1,63.91,53.03,83.0,100.0,D3,D2,Direct / Organic,Collagen Glow,SG,False,2026-03,2026,4,False,False,False
8488282390783,1,61.83,52.95,85.6,100.0,D3,D2,Direct / Organic,Clear Protein,SG,False,2025-11,2025,1,False,False,False
7756417695999,1,100.67,52.88,52.5,100.0,D3,D4,Direct / Organic,Collagen Glow,MY,False,2024-04,2024,2,False,False,False
7756030836991,1,132.05,52.82,40.0,0.0,D3,D4,Direct / Organic,Unknown,MY,False,2022-06,2022,1,False,False,False
7538719129855,1,78.71,52.79,67.1,100.0,D3,D5,Subscription,Accessories,SG,True,2024-10,2024,2,False,False,False
7756429590783,1,61.26,52.78,86.2,86.5,D3,D4,Direct / Organic,Unknown,MY,False,2024-05,2024,3,False,False,False
8242419433727,2,79.8,52.75,66.1,100.0,D3,D1,Direct / Organic,Accessories,SG,False,2025-08,2025,2,False,True,False
8263812120831,2,79.8,52.75,66.1,100.0,D3,D1,Direct / Organic,Accessories,SG,False,2025-08,2025,2,False,True,False
8796435054847,1,71.09,52.7,74.1,100.0,D3,D2,Direct / Organic,Clear Protein,SG,False,2026-02,2026,1,False,False,False
8711864516863,1,77.77,52.61,67.6,100.0,D3,D2,Subscription,Lean Protein,SG,True,2026-01,2026,1,False,False,False
8096074957055,2,80.7,52.6,65.2,100.0,D3,D1,Direct / Organic,Accessories,SG,False,2025-06,2025,3,False,True,False
8289029488895,1,77.73,52.56,67.6,100.0,D3,D3,Paid Social,Lean Protein,SG,False,2025-08,2025,2,False,False,False
7756382535935,2,115.84,52.54,45.4,100.0,D3,D1,Subscription,Accessories,MY,True,2023-09,2023,3,False,True,False
7756459344127,1,80.59,52.47,65.1,100.0,D3,D4,Direct / Organic,Lean Protein,MY,False,2024-08,2024,2,False,False,False
7915894931711,1,71.98,52.38,72.8,100.0,D3,D3,Direct / Organic,Clear Protein,SG,False,2025-03,2025,1,False,False,False
6532452057343,2,103.7,52.23,50.4,74.0,D3,D2,Direct / Organic,Unknown,MY,False,2022-12,2022,1,False,False,False
7927058858239,1,71.82,52.22,72.7,100.0,D3,D3,Paid Social,Clear Protein,SG,False,2025-03,2025,1,False,False,False
8730810679551,1,70.57,52.18,73.9,100.0,D3,D2,Direct / Organic,Clear Protein,SG,False,2026-02,2026,1,False,False,False
8761884639487,1,70.54,52.15,73.9,100.0,D3,D2,Direct / Organic,Clear Protein,SG,False,2026-02,2026,1,False,False,False
8226077245695,1,73.51,52.14,70.9,100.0,D3,D3,Direct / Organic,Clear Protein,SG,False,2025-10,2025,2,False,False,False
8166915997951,2,68.81,52.12,75.7,100.0,D3,D1,Direct / Organic,Lean Protein,SG,False,2025-06,2025,2,False,True,False
8763457470719,1,80.22,52.07,64.9,100.0,D3,D2,Direct / Organic,Clear Protein,SG,False,2026-02,2026,1,False,False,False
7756032082175,2,130.13,52.05,40.0,0.0,D3,D1,Direct / Organic,Unknown,MY,False,2022-04,2022,1,False,True,False
8612801708287,1,80.35,52.0,64.7,100.0,D3,D2,Direct / Organic,Clear Protein,SG,False,2025-12,2025,1,False,False,False
8770599354623,1,80.1,52.0,64.9,100.0,D3,D2,Direct / Organic,Clear Protein,SG,False,2026-02,2026,1,False,False,False
7756361629951,1,92.37,52.0,56.3,100.0,D3,D4,Direct / Organic,Soy Protein,MY,False,2023-05,2023,2,False,False,False
8811665064191,1,71.84,51.87,72.2,100.0,D3,D2,Subscription,Clear Protein,SG,True,2026-02,2026,2,False,False,False
6327396303103,2,139.44,51.86,37.2,0.0,D3,D2,Subscription,Unknown,SG,False,2022-01,2022,1,False,False,False
6423228088575,1,129.59,51.84,40.0,0.0,D3,D5,Subscription,Unknown,SG,False,2022-08,2022,1,False,False,False
6423596859647,1,134.48,51.83,38.5,0.0,D3,D5,Subscription,Unknown,SG,False,2022-02,2022,1,False,False,False
7756350292223,1,69.73,51.78,74.3,43.7,D3,D4,Direct / Organic,Other,MY,False,2023-03,2023,2,False,False,False
8771832185087,1,75.23,51.77,68.8,100.0,D3,D2,Subscription,Clear Protein,SG,True,2026-02,2026,2,False,False,False
7756300517631,3,119.45,51.75,43.3,62.9,D3,D1,Direct / Organic,Unknown,MY,True,2023-02,2023,1,False,True,False
7756008751359,1,75.14,51.69,68.8,100.0,D3,D4,Direct / Organic,Soy Protein,MY,False,2022-10,2022,3,False,False,False
6423240966399,2,79.99,51.66,64.6,70.0,D3,D2,Subscription,Unknown,SG,False,2022-05,2022,2,False,False,False
6327633543423,1,98.71,51.61,52.3,100.0,D3,D5,Subscription,Other,SG,False,2024-01,2024,1,False,False,False
8716200411391,1,69.99,51.6,73.7,100.0,D3,D2,Direct / Organic,Clear Protein,SG,False,2026-01,2026,1,False,False,False
6984833335551,1,101.24,51.59,51.0,74.9,D3,D5,Subscription,Unknown,SG,True,2024-01,2024,3,False,False,False
6423602266367,2,63.09,51.58,81.8,85.8,D3,D2,Subscription,Unknown,SG,False,2022-02,2022,2,False,False,False
7943295992063,1,55.81,51.53,92.3,100.0,D3,D3,Direct / Organic,Other,SG,False,2025-04,2025,1,False,False,False
7927091200255,1,71.11,51.52,72.5,100.0,D3,D3,Direct / Organic,Clear Protein,SG,False,2025-04,2025,1,False,False,False
6336661586175,1,133.38,51.39,38.5,0.0,D3,D5,Subscription,Unknown,SG,False,2022-04,2022,1,False,False,False
6423611080959,1,128.43,51.37,40.0,0.0,D3,D5,Subscription,Unknown,SG,False,2022-01,2022,1,False,False,False
6329866911999,1,133.3,51.36,38.5,0.0,D3,D5,Subscription,Unknown,SG,False,2022-01,2022,1,False,False,False
7756048695551,2,133.52,51.22,38.4,0.0,D3,D1,Direct / Organic,Unknown,MY,False,2022-01,2022,1,False,True,False
8350898585855,1,72.2,51.2,70.9,100.0,D3,D3,Direct / Organic,Clear Protein,SG,False,2025-09,2025,1,False,False,False
8633815073023,1,69.8,51.2,73.4,100.0,D3,D2,Direct / Organic,Other,SG,False,2025-12,2025,2,False,False,False
8712990687487,1,69.58,51.19,73.6,100.0,D3,D2,Direct / Organic,Clear Protein,SG,False,2026-01,2026,1,False,False,False
8713464840447,1,69.58,51.19,73.6,100.0,D3,D2,Direct / Organic,Clear Protein,SG,False,2026-01,2026,1,False,False,False
8721809441023,1,71.16,51.19,71.9,100.0,D3,D2,Subscription,Clear Protein,SG,True,2026-01,2026,2,False,False,False
8700572008703,1,69.56,51.17,73.6,100.0,D3,D2,Direct / Organic,Clear Protein,SG,False,2026-01,2026,1,False,False,False
7756359467263,1,67.31,51.09,75.9,100.0,D3,D4,Direct / Organic,Unknown,MY,False,2023-04,2023,2,False,False,False
7756354322687,2,103.08,51.06,49.5,76.9,D3,D1,Subscription,Soy Protein,MY,True,2023-03,2023,3,False,True,False
8241018011903,1,59.38,51.06,86.0,100.0,D3,D3,Direct / Organic,Clear Protein,SG,False,2025-08,2025,2,False,False,False
8669942120703,1,69.43,51.04,73.5,100.0,D3,D2,Direct / Organic,Clear Protein,SG,False,2026-01,2026,1,False,False,False
7756484018431,1,74.48,51.0,68.5,100.0,D3,D4,Direct / Organic,Accessories,MY,False,2024-12,2024,3,False,False,False
6327760879871,1,132.32,50.97,38.5,0.0,D3,D5,Subscription,Unknown,SG,False,2022-08,2022,1,False,False,False
7318538158335,1,80.71,50.94,63.1,100.0,D3,D5,Subscription,Collagen Glow,SG,False,2024-06,2024,1,False,False,False
7345272127743,1,84.7,50.94,60.1,100.0,D3,D5,Direct / Organic,Collagen Glow,SG,False,2025-02,2025,1,False,False,False
7475299582207,1,55.86,50.94,91.2,100.0,D3,D5,Subscription,Collagen Glow,SG,False,2024-08,2024,1,False,False,False
7756018942207,2,99.42,50.84,51.1,75.5,D3,D2,Direct / Organic,Unknown,MY,True,2022-08,2022,2,False,False,False
8630208233727,1,69.17,50.78,73.4,100.0,D3,D2,Paid Social,Clear Protein,SG,False,2025-12,2025,1,False,False,False
8346039877887,1,64.71,50.73,78.4,100.0,D3,D3,Direct / Organic,Other,SG,False,2025-09,2025,1,False,False,False
7756035358975,1,129.35,50.65,39.2,0.0,D3,D4,Direct / Organic,Unknown,MY,False,2022-05,2022,1,False,False,False
8607681282303,1,69.02,50.63,73.4,100.0,D3,D2,Paid Social,Clear Protein,SG,False,2025-12,2025,1,False,False,False
7756015403263,1,126.55,50.62,40.0,0.0,D3,D4,Direct / Organic,Unknown,MY,False,2022-09,2022,1,False,False,False
6327504011519,1,74.0,50.61,68.4,100.0,D3,D5,Direct / Organic,Clear Protein,SG,False,2025-12,2025,1,False,False,False
6327557423359,1,73.9,50.61,68.5,100.0,D3,D5,Direct / Organic,Clear Protein,SG,False,2025-03,2025,1,False,False,False
7574655336703,1,69.0,50.61,73.3,100.0,D3,D5,Subscription,Clear Protein,SG,False,2024-10,2024,1,False,False,False
7707604812031,1,73.9,50.61,68.5,100.0,D3,D5,Subscription,Clear Protein,SG,False,2024-12,2024,1,False,False,False
7709729292543,1,73.9,50.61,68.5,100.0,D3,D5,Subscription,Clear Protein,SG,False,2024-12,2024,1,False,False,False
7783089176831,1,67.0,50.61,75.5,100.0,D3,D4,Subscription,Clear Protein,SG,False,2025-01,2025,1,False,False,False
7802589675775,1,73.9,50.61,68.5,100.0,D3,D4,Subscription,Clear Protein,SG,False,2025-01,2025,1,False,False,False
7802592067839,1,73.9,50.61,68.5,100.0,D3,D4,Subscription,Clear Protein,SG,False,2025-01,2025,1,False,False,False
7852863193343,1,73.9,50.61,68.5,100.0,D3,D3,Direct / Organic,Clear Protein,SG,False,2025-02,2025,1,False,False,False
7870681383167,1,73.9,50.61,68.5,100.0,D3,D3,Direct / Organic,Clear Protein,SG,False,2025-02,2025,1,False,False,False
7875287580927,1,73.9,50.61,68.5,100.0,D3,D3,Direct / Organic,Clear Protein,SG,False,2025-02,2025,1,False,False,False
7877345804543,1,73.9,50.61,68.5,100.0,D3,D3,Direct / Organic,Clear Protein,SG,False,2025-02,2025,1,False,False,False
7893114618111,1,73.9,50.61,68.5,100.0,D3,D3,Direct / Organic,Clear Protein,SG,False,2025-03,2025,1,False,False,False
7933266723071,1,73.9,50.61,68.5,100.0,D3,D3,Direct / Organic,Clear Protein,SG,False,2025-03,2025,1,False,False,False
7934578458879,1,73.9,50.61,68.5,100.0,D3,D3,Direct / Organic,Clear Protein,SG,False,2025-03,2025,1,False,False,False
7942630015231,1,67.0,50.61,75.5,100.0,D3,D3,Direct / Organic,Clear Protein,SG,False,2025-04,2025,1,False,False,False
7945138209023,1,73.9,50.61,68.5,100.0,D3,D3,Direct / Organic,Clear Protein,SG,False,2025-04,2025,1,False,False,False
7954109268223,1,73.9,50.61,68.5,100.0,D3,D3,Paid Social,Clear Protein,SG,False,2025-04,2025,1,False,False,False
7956356399359,1,69.0,50.61,73.3,100.0,D3,D3,Direct / Organic,Clear Protein,SG,False,2025-04,2025,1,False,False,False
7958758752511,1,69.0,50.61,73.3,100.0,D3,D3,Direct / Organic,Clear Protein,SG,False,2025-04,2025,1,False,False,False
7958995828991,1,69.0,50.61,73.3,100.0,D3,D3,Direct / Organic,Clear Protein,SG,False,2025-04,2025,1,False,False,False
7969166819583,1,69.0,50.61,73.3,100.0,D3,D3,Direct / Organic,Clear Protein,SG,False,2025-04,2025,1,False,False,False
7973788745983,1,69.0,50.61,73.3,100.0,D3,D3,Direct / Organic,Clear Protein,SG,False,2025-04,2025,1,False,False,False
7975628898559,1,74.0,50.61,68.4,100.0,D3,D3,Paid Social,Clear Protein,SG,False,2025-04,2025,1,False,False,False
7978120249599,1,74.0,50.61,68.4,100.0,D3,D3,Direct / Organic,Clear Protein,SG,False,2025-04,2025,1,False,False,False
7978400940287,1,69.0,50.61,73.3,100.0,D3,D3,Direct / Organic,Clear Protein,SG,False,2025-04,2025,1,False,False,False
7984381395199,1,74.0,50.61,68.4,100.0,D3,D3,Direct / Organic,Clear Protein,SG,False,2025-04,2025,1,False,False,False
7986809078015,1,63.65,50.61,79.5,100.0,D3,D3,Direct / Organic,Clear Protein,SG,False,2025-06,2025,1,False,False,False
8001274544383,1,74.0,50.61,68.4,100.0,D3,D3,Direct / Organic,Clear Protein,SG,False,2025-05,2025,1,False,False,False
8026798129407,1,74.0,50.61,68.4,100.0,D3,D3,Direct / Organic,Clear Protein,SG,False,2025-05,2025,1,False,False,False
8030223007999,1,74.0,50.61,68.4,100.0,D3,D3,Direct / Organic,Clear Protein,SG,False,2025-05,2025,1,False,False,False
8036132880639,1,74.0,50.61,68.4,100.0,D3,D3,Paid Social,Clear Protein,SG,False,2025-05,2025,1,False,False,False
8039752990975,1,74.0,50.61,68.4,100.0,D3,D3,Direct / Organic,Clear Protein,SG,False,2025-05,2025,1,False,False,False
8042502553855,1,74.0,50.61,68.4,100.0,D3,D3,Direct / Organic,Clear Protein,SG,False,2025-05,2025,1,False,False,False
8052477853951,1,74.0,50.61,68.4,100.0,D3,D3,Direct / Organic,Clear Protein,SG,False,2025-05,2025,1,False,False,False
8062020255999,1,74.0,50.61,68.4,100.0,D3,D3,Paid Social,Clear Protein,SG,False,2025-05,2025,1,False,False,False
8065677295871,1,74.0,50.61,68.4,100.0,D3,D3,Paid Social,Clear Protein,SG,False,2025-05,2025,1,False,False,False
8081719984383,1,74.0,50.61,68.4,100.0,D3,D3,Direct / Organic,Clear Protein,SG,False,2025-05,2025,1,False,False,False
8086122987775,1,74.0,50.61,68.4,100.0,D3,D3,Paid Social,Clear Protein,SG,False,2025-05,2025,1,False,False,False
8093538975999,1,74.0,50.61,68.4,100.0,D3,D3,Direct / Organic,Clear Protein,SG,False,2025-05,2025,1,False,False,False
8094913626367,1,63.65,50.61,79.5,100.0,D3,D3,Direct / Organic,Clear Protein,SG,False,2025-06,2025,1,False,False,False
8096610910463,1,74.0,50.61,68.4,100.0,D3,D3,Paid Social,Clear Protein,SG,False,2025-06,2025,1,False,False,False
8108885016831,1,74.0,50.61,68.4,100.0,D3,D3,Direct / Organic,Clear Protein,SG,False,2025-06,2025,1,False,False,False
8109982777599,1,74.0,50.61,68.4,100.0,D3,D3,Paid Social,Clear Protein,SG,False,2025-06,2025,1,False,False,False
8111530934527,1,69.0,50.61,73.3,100.0,D3,D3,Direct / Organic,Clear Protein,SG,False,2025-06,2025,1,False,False,False
8115521323263,1,74.0,50.61,68.4,100.0,D3,D3,Paid Social,Clear Protein,SG,False,2025-06,2025,1,False,False,False
8115816890623,1,74.0,50.61,68.4,100.0,D3,D3,Direct / Organic,Clear Protein,SG,False,2025-06,2025,1,False,False,False
8117297119487,1,74.0,50.61,68.4,100.0,D3,D3,Direct / Organic,Clear Protein,SG,False,2025-06,2025,1,False,False,False
8120263606527,1,67.1,50.61,75.4,100.0,D3,D3,Direct / Organic,Clear Protein,SG,False,2025-06,2025,1,False,False,False
8123205091583,1,74.0,50.61,68.4,100.0,D3,D3,Paid Social,Clear Protein,SG,False,2025-06,2025,1,False,False,False
8140247105791,1,69.0,50.61,73.3,100.0,D3,D3,Direct / Organic,Clear Protein,SG,False,2025-06,2025,1,False,False,False
8143274115327,1,74.0,50.61,68.4,100.0,D3,D3,Direct / Organic,Clear Protein,SG,False,2025-06,2025,1,False,False,False
8149397504255,1,74.0,50.61,68.4,100.0,D3,D3,Paid Social,Clear Protein,SG,False,2025-06,2025,1,False,False,False
8151503044863,1,74.0,50.61,68.4,100.0,D3,D3,Paid Social,Clear Protein,SG,False,2025-06,2025,1,False,False,False
8164918395135,1,62.1,50.61,81.5,100.0,D3,D3,Direct / Organic,Clear Protein,SG,False,2025-06,2025,1,False,False,False
8166562496767,1,62.1,50.61,81.5,100.0,D3,D3,Direct / Organic,Clear Protein,SG,False,2025-06,2025,1,False,False,False
8166873858303,1,62.1,50.61,81.5,100.0,D3,D3,Direct / Organic,Clear Protein,SG,False,2025-06,2025,1,False,False,False
8244695531775,1,69.0,50.61,73.3,100.0,D3,D3,Direct / Organic,Clear Protein,SG,False,2025-08,2025,1,False,False,False
8251518222591,1,74.0,50.61,68.4,100.0,D3,D3,Paid Social,Clear Protein,SG,False,2025-08,2025,1,False,False,False
8276623556863,1,74.0,50.61,68.4,100.0,D3,D3,Direct / Organic,Clear Protein,SG,False,2025-08,2025,1,False,False,False
8276952056063,1,74.0,50.61,68.4,100.0,D3,D3,Direct / Organic,Clear Protein,SG,False,2025-08,2025,1,False,False,False
8350754898175,1,74.0,50.61,68.4,100.0,D3,D3,Direct / Organic,Clear Protein,SG,False,2025-09,2025,1,False,False,False
8350990729471,1,74.0,50.61,68.4,100.0,D3,D3,Direct / Organic,Unknown,SG,False,2025-10,2025,2,False,False,False
8438487843071,1,74.0,50.61,68.4,100.0,D3,D2,Direct / Organic,Clear Protein,SG,False,2025-10,2025,1,False,False,False
8479441551615,1,67.1,50.61,75.4,100.0,D3,D2,Direct / Organic,Clear Protein,SG,False,2025-10,2025,1,False,False,False
8488219017471,1,62.1,50.61,81.5,100.0,D3,D2,Direct / Organic,Clear Protein,SG,False,2025-11,2025,1,False,False,False
8488239988991,1,62.1,50.61,81.5,100.0,D3,D2,Direct / Organic,Clear Protein,SG,False,2025-11,2025,1,False,False,False
8488432992511,1,62.1,50.61,81.5,100.0,D3,D2,Direct / Organic,Clear Protein,SG,False,2025-11,2025,1,False,False,False
8591215427839,1,74.0,50.61,68.4,100.0,D3,D2,Direct / Organic,Clear Protein,SG,False,2025-12,2025,1,False,False,False
8672541606143,1,74.0,50.61,68.4,100.0,D3,D2,Direct / Organic,Clear Protein,SG,False,2026-01,2026,1,False,False,False
8691058213119,1,70.38,50.61,71.9,100.0,D3,D2,Direct / Organic,Clear Protein,SG,False,2026-01,2026,1,False,False,False
8697188122879,1,70.73,50.61,71.6,100.0,D3,D2,Direct / Organic,Clear Protein,SG,False,2026-01,2026,1,False,False,False
8702625251583,1,71.69,50.61,70.6,100.0,D3,D2,Direct / Organic,Clear Protein,SG,False,2026-01,2026,1,False,False,False
8708959928575,1,74.0,50.61,68.4,100.0,D3,D2,Direct / Organic,Clear Protein,SG,False,2026-01,2026,1,False,False,False
8713261121791,1,74.0,50.61,68.4,100.0,D3,D2,Direct / Organic,Clear Protein,SG,False,2026-01,2026,1,False,False,False
8718133362943,1,74.0,50.61,68.4,100.0,D3,D2,Direct / Organic,Clear Protein,SG,False,2026-01,2026,1,False,False,False
8737075822847,1,74.0,50.61,68.4,100.0,D3,D2,Direct / Organic,Clear Protein,SG,False,2026-02,2026,1,False,False,False
8761140216063,1,58.65,50.61,86.3,100.0,D3,D2,Direct / Organic,Clear Protein,SG,False,2026-02,2026,1,False,False,False
8761335447807,1,58.65,50.61,86.3,100.0,D3,D2,Direct / Organic,Clear Protein,SG,False,2026-02,2026,1,False,False,False
8761361301759,1,58.65,50.61,86.3,100.0,D3,D2,Direct / Organic,Clear Protein,SG,False,2026-02,2026,1,False,False,False
8761495748863,1,58.65,50.61,86.3,100.0,D3,D2,Direct / Organic,Clear Protein,SG,False,2026-02,2026,1,False,False,False
8761661260031,1,55.2,50.61,91.7,100.0,D3,D2,Direct / Organic,Clear Protein,SG,False,2026-02,2026,1,False,False,False
8761679806719,1,69.0,50.61,73.3,100.0,D3,D2,Direct / Organic,Clear Protein,SG,False,2026-02,2026,1,False,False,False
8761725026559,1,58.65,50.61,86.3,100.0,D3,D2,Direct / Organic,Clear Protein,SG,False,2026-02,2026,1,False,False,False
8768194806015,1,74.0,50.61,68.4,100.0,D3,D2,Direct / Organic,Clear Protein,SG,False,2026-02,2026,1,False,False,False
8785986322687,1,74.0,50.61,68.4,100.0,D3,D2,Direct / Organic,Clear Protein,SG,False,2026-02,2026,1,False,False,False
8822041116927,1,74.0,50.61,68.4,100.0,D3,D2,Direct / Organic,Clear Protein,SG,False,2026-03,2026,1,False,False,False
8822341075199,1,74.0,50.61,68.4,100.0,D3,D2,Direct / Organic,Clear Protein,SG,False,2026-03,2026,1,False,False,False
8828864200959,1,74.0,50.61,68.4,100.0,D3,D2,Direct / Organic,Clear Protein,SG,False,2026-03,2026,1,False,False,False
8839762575615,1,74.0,50.61,68.4,100.0,D3,D2,Direct / Organic,Clear Protein,SG,False,2026-03,2026,1,False,False,False
8848180150527,1,74.0,50.61,68.4,100.0,D3,D2,Direct / Organic,Clear Protein,SG,False,2026-03,2026,1,False,False,False
8856898175231,1,74.0,50.61,68.4,100.0,D3,D2,Direct / Organic,Clear Protein,SG,False,2026-03,2026,1,False,False,False
8880816423167,1,69.0,50.61,73.3,100.0,D3,D2,Direct / Organic,Clear Protein,SG,False,2026-03,2026,1,False,False,False
7755960221951,3,134.53,50.54,37.6,0.0,D3,D1,Direct / Organic,Unknown,MY,False,2022-02,2022,1,False,True,False
7942389006591,1,68.87,50.48,73.3,100.0,D3,D3,Direct / Organic,Clear Protein,SG,False,2026-01,2026,1,False,False,False
7756385714431,1,96.91,50.47,52.1,100.0,D3,D4,Direct / Organic,Other,MY,False,2023-10,2023,2,False,False,False
7756386369791,1,109.34,50.47,46.2,100.0,D3,D4,Direct / Organic,Other,MY,False,2023-10,2023,1,False,False,False
7756431655167,1,80.56,50.47,62.6,100.0,D3,D4,Direct / Organic,Other,MY,False,2024-05,2024,1,False,False,False
7755926143231,2,126.14,50.46,40.0,0.0,D3,D2,Direct / Organic,Unknown,MY,False,2022-02,2022,1,False,False,False
8608936100095,1,68.81,50.42,73.3,100.0,D3,D2,Paid Social,Clear Protein,SG,False,2025-12,2025,1,False,False,False
7756266701055,1,85.57,50.36,58.9,45.7,D3,D4,Direct / Organic,Accessories,MY,False,2023-01,2023,3,False,False,False
7756487622911,1,83.03,50.35,60.6,100.0,D3,D4,Direct / Organic,Accessories,MY,False,2024-12,2024,3,False,False,False
8154965737727,1,78.48,50.31,64.1,100.0,D3,D3,Direct / Organic,Other,SG,False,2025-06,2025,1,False,False,False
8314650263807,1,87.84,50.22,57.2,100.0,D3,D3,Subscription,Lean Protein,SG,True,2025-09,2025,1,False,False,False
7521958330623,1,51.18,50.13,97.9,100.0,D3,D5,Subscription,Unknown,SG,False,2024-09,2024,1,False,False,False
6329600704767,1,124.99,50.0,40.0,0.0,D3,D5,Subscription,Unknown,SG,False,2022-02,2022,1,False,False,False
7530355884287,2,64.63,49.97,77.3,100.0,D3,D2,Subscription,Soy Protein,SG,True,2024-10,2024,2,False,False,False
8369895768319,1,69.51,49.95,71.9,100.0,D3,D2,Direct / Organic,Clear Protein,SG,False,2025-10,2025,1,False,False,False
7756030148863,2,127.51,49.91,39.1,0.0,D3,D1,Direct / Organic,Unknown,MY,False,2022-06,2022,1,False,True,False
6328298111231,2,134.58,49.91,37.1,0.0,D3,D2,Subscription,Unknown,SG,False,2022-08,2022,1,False,False,False
7756044730623,1,127.36,49.85,39.1,0.0,D3,D4,Direct / Organic,Unknown,MY,False,2022-01,2022,1,False,False,False
7756460884223,1,55.68,49.82,89.5,100.0,D3,D4,Subscription,Other,MY,True,2024-08,2024,3,False,False,False
7756398854399,2,128.69,49.79,38.7,100.0,D3,D1,Subscription,Other,MY,True,2024-01,2024,2,False,True,False
8841991520511,1,59.0,49.66,84.2,100.0,D3,D2,Direct / Organic,Other,SG,False,2026-03,2026,1,False,False,False
6474696687871,1,80.71,49.64,61.5,100.0,D3,D5,Subscription,Other,SG,False,2022-12,2022,1,False,False,False
6477558612223,1,80.71,49.64,61.5,100.0,D3,D5,Subscription,Other,SG,False,2022-12,2022,1,False,False,False
8263332397311,1,67.0,49.6,74.0,100.0,D3,D3,Paid Social,Collagen Glow,SG,False,2025-08,2025,3,False,False,False
7756426150143,2,65.88,49.48,75.1,84.3,D3,D1,Direct / Organic,Other,MY,False,2024-05,2024,2,False,True,False
8853473394943,1,67.86,49.47,72.9,100.0,D3,D2,Subscription,Clear Protein,SG,True,2026-03,2026,1,False,False,False
7756328239359,2,99.19,49.29,49.7,90.8,D3,D1,Direct / Organic,Accessories,MY,False,2023-02,2023,3,False,True,False
8041292071167,1,74.8,49.28,65.9,100.0,D3,D3,Direct / Organic,Other,SG,False,2025-05,2025,2,False,False,False
7756475564287,1,64.11,49.24,76.8,100.0,D3,D4,Direct / Organic,Other,MY,False,2024-10,2024,2,False,False,False
8484645535999,1,60.85,49.22,80.9,100.0,D3,D2,Direct / Organic,Clear Protein,SG,False,2025-10,2025,1,False,False,False
8653191905535,1,58.8,49.21,83.7,100.0,D3,D2,Direct / Organic,Soy Protein,SG,False,2025-12,2025,2,False,False,False
8484438245631,1,67.47,49.08,72.7,100.0,D3,D2,Direct / Organic,Clear Protein,SG,False,2025-10,2025,1,False,False,False
6423594107135,1,122.58,49.03,40.0,0.0,D3,D5,Subscription,Unknown,SG,False,2022-04,2022,1,False,False,False
7475045269759,1,48.86,49.02,100.3,100.0,D3,D5,Subscription,Collagen Glow,SG,False,2024-08,2024,2,False,False,False
7491937861887,1,64.23,49.02,76.3,100.0,D3,D5,Subscription,Collagen Glow,SG,False,2024-09,2024,2,False,False,False
8843455529215,1,64.53,49.0,75.9,100.0,D3,D2,Direct / Organic,Clear Protein,SG,False,2026-03,2026,2,False,False,False
8373600026879,1,67.32,48.93,72.7,100.0,D3,D2,Direct / Organic,Clear Protein,SG,False,2025-10,2025,1,False,False,False
7756026773759,2,129.21,48.91,37.9,54.9,D3,D1,Direct / Organic,Unknown,MY,False,2022-04,2022,2,False,True,False
6391423762687,1,64.31,48.8,75.9,100.0,D3,D5,Subscription,Other,SG,False,2022-10,2022,1,False,False,False
6510186463487,1,54.8,48.8,89.1,100.0,D3,D5,Subscription,Other,SG,False,2023-01,2023,1,False,False,False
6601909305599,1,74.8,48.8,65.2,100.0,D3,D5,Subscription,Other,SG,False,2023-03,2023,1,False,False,False
6613396193535,1,67.81,48.8,72.0,100.0,D3,D5,Subscription,Other,SG,False,2023-03,2023,1,False,False,False
7756354158847,1,88.03,48.8,55.4,100.0,D3,D4,Direct / Organic,Other,MY,False,2023-03,2023,1,False,False,False
8800846971135,1,67.99,48.76,71.7,100.0,D3,D2,Direct / Organic,Accessories,SG,False,2026-02,2026,2,False,False,False
8438075523327,1,67.13,48.74,72.6,100.0,D3,D2,Direct / Organic,Clear Protein,SG,False,2025-10,2025,1,False,False,False
8438237298943,1,67.13,48.74,72.6,100.0,D3,D2,Direct / Organic,Clear Protein,SG,False,2025-10,2025,1,False,False,False
8439901749503,1,67.12,48.73,72.6,100.0,D3,D2,Direct / Organic,Clear Protein,SG,False,2025-10,2025,1,False,False,False
8362934567167,1,67.11,48.72,72.6,100.0,D3,D3,Direct / Organic,Clear Protein,SG,False,2025-10,2025,1,False,False,False
7756423758079,2,108.08,48.7,45.1,85.7,D3,D1,Subscription,Other,MY,True,2024-05,2024,3,False,True,False
7756384338175,1,92.37,48.65,52.7,100.0,D3,D4,Direct / Organic,Other,MY,False,2023-10,2023,1,False,False,False
7756385779967,1,86.31,48.65,56.4,100.0,D3,D4,Direct / Organic,Unknown,MY,False,2023-10,2023,2,False,False,False
8353921532159,1,73.14,48.63,66.5,100.0,D3,D3,Direct / Organic,Clear Protein,SG,False,2025-09,2025,1,False,False,False
8877871202559,1,67.84,48.61,71.7,100.0,D3,D2,Direct / Organic,Accessories,SG,False,2026-03,2026,2,False,False,False
8077216153855,1,97.7,48.6,49.7,100.0,D3,D3,Direct / Organic,Lean Protein,SG,False,2025-05,2025,1,False,False,False
8683348623615,1,68.1,48.56,71.3,100.0,D3,D2,Direct / Organic,Clear Protein,SG,False,2026-01,2026,1,False,False,False
8078896857343,1,64.0,48.5,75.8,100.0,D3,D3,Direct / Organic,Clear Protein,SG,False,2025-05,2025,1,False,False,False
7381485093119,1,92.15,48.45,52.6,100.0,D3,D5,Subscription,Other,SG,False,2024-08,2024,2,False,False,False
7755969855743,2,113.35,48.44,42.7,79.9,D3,D2,Direct / Organic,Unknown,MY,True,2022-02,2022,3,False,False,False
6328286970111,1,121.05,48.42,40.0,0.0,D3,D5,Subscription,Unknown,SG,False,2022-08,2022,1,False,False,False
8087155572991,1,59.53,48.41,81.3,100.0,D3,D3,Direct / Organic,Clear Protein,SG,False,2025-05,2025,1,False,False,False
8445704863999,1,64.3,48.41,75.3,100.0,D3,D2,Direct / Organic,Clear Protein,SG,False,2025-10,2025,3,False,False,False
7950392361215,1,66.79,48.39,72.5,100.0,D3,D3,Affiliate,Lean Protein,SG,False,2025-04,2025,2,False,False,False
8288895009023,1,66.74,48.35,72.4,100.0,D3,D3,Direct / Organic,Clear Protein,SG,False,2025-08,2025,1,False,False,False
6327517053183,1,82.61,48.33,58.5,100.0,D3,D5,Subscription,Other,SG,False,2023-12,2023,2,False,False,False
8079305408767,1,66.69,48.3,72.4,100.0,D3,D3,Direct / Organic,Clear Protein,SG,False,2025-05,2025,1,False,False,False
8291132899583,1,66.62,48.23,72.4,100.0,D3,D3,Direct / Organic,Clear Protein,SG,False,2025-08,2025,1,False,False,False
8309109752063,1,66.62,48.23,72.4,100.0,D3,D3,Direct / Organic,Clear Protein,SG,False,2025-09,2025,1,False,False,False
8274112545023,1,66.53,48.14,72.4,100.0,D3,D3,Paid Social,Clear Protein,SG,False,2025-08,2025,1,False,False,False
7756376375551,3,99.0,48.11,48.6,100.0,D3,D1,Direct / Organic,Other,MY,False,2023-08,2023,3,False,True,False
7476708835583,1,42.56,48.07,112.9,100.0,D3,D5,Subscription,Other,SG,False,2024-09,2024,2,False,False,False
8246421651711,1,66.39,48.0,72.3,100.0,D3,D3,Direct / Organic,Clear Protein,SG,False,2025-08,2025,1,False,False,False
6327740858623,1,119.99,48.0,40.0,0.0,D3,D5,Subscription,Unknown,SG,False,2022-08,2022,1,False,False,False
7756175606015,1,66.38,47.99,72.3,100.0,D3,D4,Paid Social,Clear Protein,SG,False,2025-08,2025,1,False,False,False
7756422217983,1,82.38,47.98,58.2,100.0,D3,D4,Direct / Organic,Other,MY,False,2024-04,2024,2,False,False,False
7756473958655,1,59.73,47.97,80.3,100.0,D3,D4,Direct / Organic,Clear Protein,MY,False,2024-10,2024,1,False,False,False
7756474188031,1,66.36,47.97,72.3,100.0,D3,D4,Direct / Organic,Clear Protein,MY,False,2024-10,2024,1,False,False,False
7756475531519,1,59.73,47.97,80.3,100.0,D3,D4,Direct / Organic,Clear Protein,MY,False,2024-10,2024,1,False,False,False
7756476940543,1,66.36,47.97,72.3,100.0,D3,D4,Direct / Organic,Clear Protein,MY,False,2024-10,2024,1,False,False,False
7829327315199,1,59.14,47.97,81.1,100.0,D3,D3,Direct / Organic,Clear Protein,MY,False,2025-01,2025,1,False,False,False
7829327446271,1,66.36,47.97,72.3,100.0,D3,D3,Direct / Organic,Clear Protein,MY,False,2025-01,2025,1,False,False,False
8031944671487,1,67.41,47.97,71.2,100.0,D3,D3,Subscription,Clear Protein,SG,True,2025-05,2025,1,False,False,False
8050160206079,1,60.66,47.97,79.1,100.0,D3,D3,Subscription,Clear Protein,SG,True,2025-05,2025,1,False,False,False
7933079257343,1,66.25,47.86,72.2,100.0,D3,D3,Paid Social,Clear Protein,SG,False,2025-03,2025,1,False,False,False
8841467396351,1,64.7,47.79,73.9,100.0,D3,D2,Direct / Organic,Other,SG,False,2026-03,2026,1,False,False,False
8036161880319,1,74.8,47.75,63.8,100.0,D3,D3,Direct / Organic,Lean Protein,SG,False,2025-05,2025,2,False,False,False
8134168314111,1,66.11,47.72,72.2,100.0,D3,D3,Direct / Organic,Clear Protein,SG,True,2025-06,2025,1,False,False,False
7307541086463,1,61.71,47.62,77.2,100.0,D3,D5,Subscription,Other,SG,False,2024-05,2024,1,False,False,False
7475380420863,1,41.86,47.62,113.8,100.0,D3,D5,Subscription,Other,SG,False,2024-08,2024,1,False,False,False
7843205382399,2,60.62,47.62,78.6,100.0,D3,D1,Direct / Organic,Other,SG,False,2025-02,2025,1,False,True,False
8667886878975,1,63.11,47.62,75.5,100.0,D3,D2,Direct / Organic,Other,SG,False,2026-01,2026,1,False,False,False
8799600935167,1,59.0,47.62,80.7,100.0,D3,D2,Direct / Organic,Other,SG,False,2026-02,2026,1,False,False,False
6594939814143,1,54.8,47.59,86.8,100.0,D3,D5,Subscription,Other,SG,False,2023-10,2023,1,False,False,False
6708449607935,1,76.81,47.59,62.0,100.0,D3,D5,Subscription,Other,SG,False,2023-06,2023,1,False,False,False
6718421565695,1,76.81,47.59,62.0,100.0,D3,D5,Subscription,Other,SG,False,2023-06,2023,1,False,False,False
6805761556735,1,68.82,47.59,69.2,100.0,D3,D5,Subscription,Other,SG,False,2023-09,2023,1,False,False,False
7437367148799,1,84.8,47.59,56.1,100.0,D3,D5,Subscription,Other,SG,False,2024-08,2024,1,False,False,False
7476624916735,1,55.93,47.59,85.1,100.0,D3,D5,Subscription,Other,SG,False,2024-09,2024,1,False,False,False
7476673413375,1,55.93,47.59,85.1,100.0,D3,D5,Subscription,Other,SG,False,2024-09,2024,1,False,False,False
7476777386239,1,55.93,47.59,85.1,100.0,D3,D5,Subscription,Other,SG,False,2024-09,2024,1,False,False,False
7756458000639,2,67.68,47.56,70.3,100.0,D3,D1,Direct / Organic,Collagen Glow,MY,True,2024-08,2024,1,False,True,False
7756426051839,1,86.28,47.53,55.1,100.0,D3,D4,Direct / Organic,Collagen Glow,MY,False,2024-05,2024,1,False,False,False
7756431425791,1,63.57,47.53,74.8,100.0,D3,D4,Direct / Organic,Collagen Glow,MY,False,2024-05,2024,1,False,False,False
7756010979583,4,118.81,47.52,40.0,0.0,D3,D1,Direct / Organic,Unknown,MY,False,2022-02,2022,1,False,True,False
7819758993663,1,59.28,47.48,80.1,100.0,D3,D4,Email,Clear Protein,SG,False,2025-03,2025,1,False,False,False
7756006621439,1,60.55,47.47,78.4,100.0,D3,D4,Direct / Organic,Soy Protein,MY,False,2022-10,2022,1,False,False,False
7756404982015,1,51.15,47.47,92.8,100.0,D3,D4,Direct / Organic,Soy Protein,MY,False,2024-01,2024,1,False,False,False
7756466159871,1,57.52,47.47,82.5,100.0,D3,D4,Direct / Organic,Soy Protein,MY,False,2024-09,2024,1,False,False,False
7756488605951,1,60.55,47.47,78.4,100.0,D3,D4,Direct / Organic,Soy Protein,MY,False,2025-01,2025,1,False,False,False
7829327872255,1,57.22,47.47,83.0,100.0,D3,D3,Direct / Organic,Soy Protein,MY,False,2025-01,2025,1,False,False,False
7756430115071,1,65.69,47.43,72.2,80.7,D3,D4,Direct / Organic,Other,MY,False,2024-05,2024,3,False,False,False
7756430541055,1,65.69,47.43,72.2,80.7,D3,D4,Direct / Organic,Other,MY,False,2024-05,2024,3,False,False,False
7756039553279,1,118.33,47.33,40.0,0.0,D3,D4,Direct / Organic,Unknown,MY,False,2022-03,2022,1,False,False,False
7902015652095,1,65.72,47.33,72.0,100.0,D3,D3,Direct / Organic,Clear Protein,SG,False,2025-03,2025,1,False,False,False
7365375525119,2,64.72,47.31,73.1,100.0,D3,D2,Subscription,Lean Protein,SG,False,2024-06,2024,3,False,False,False
7755954127103,1,118.18,47.27,40.0,0.0,D3,D5,Direct / Organic,Unknown,MY,False,2022-08,2022,1,False,False,False
7756019007743,3,117.22,47.22,40.3,35.2,D3,D1,Direct / Organic,Unknown,MY,False,2022-08,2022,2,False,True,False
6532515234047,2,113.3,47.17,41.6,56.2,D3,D2,Direct / Organic,Unknown,MY,False,2022-05,2022,1,False,False,False
8869025480959,1,65.55,47.16,71.9,100.0,D3,D2,Subscription,Clear Protein,SG,True,2026-03,2026,1,False,False,False
8878118961407,1,59.0,47.16,79.9,100.0,D3,D2,Subscription,Clear Protein,SG,True,2026-03,2026,1,False,False,False
7705926893823,2,74.7,47.12,63.1,100.0,D3,D2,Subscription,Lean Protein,SG,False,2024-12,2024,3,False,False,False
7476633960703,1,41.86,47.1,112.5,100.0,D3,D5,Subscription,Other,SG,False,2024-09,2024,1,False,False,False
6327719756031,1,61.71,46.97,76.1,100.0,D3,D5,Subscription,Other,SG,False,2024-04,2024,1,False,False,False
6390530113791,1,55.73,46.97,84.3,100.0,D3,D5,Subscription,Other,SG,False,2022-10,2022,1,False,False,False
7157991342335,1,52.74,46.97,89.1,100.0,D3,D5,Subscription,Other,SG,False,2024-03,2024,1,False,False,False
7476565934335,1,41.86,46.97,112.2,100.0,D3,D5,Subscription,Other,SG,False,2024-09,2024,1,False,False,False
7964726853887,1,59.8,46.97,78.5,100.0,D3,D3,Direct / Organic,Other,SG,False,2025-04,2025,1,False,False,False
8327479558399,1,58.16,46.8,80.5,100.0,D3,D3,Paid Social,Lean Protein,SG,False,2025-09,2025,3,False,False,False
6863773204735,1,100.06,46.8,46.8,52.2,D3,D5,Subscription,Other,SG,False,2023-10,2023,2,False,False,False
6532515889407,1,78.25,46.74,59.7,50.0,D3,D5,Direct / Organic,Unknown,MY,False,2023-01,2023,2,False,False,False
7756010127615,1,92.06,46.74,50.8,50.0,D3,D4,Direct / Organic,Unknown,MY,False,2022-10,2022,2,False,False,False
7756264538367,1,78.25,46.74,59.7,50.0,D3,D4,Direct / Organic,Other,MY,False,2023-01,2023,2,False,False,False
7756265292031,1,78.25,46.74,59.7,50.0,D3,D4,Direct / Organic,Unknown,MY,False,2023-01,2023,2,False,False,False
8841650897151,1,52.0,46.68,89.8,100.0,D3,D2,Subscription,Other,SG,True,2026-03,2026,1,False,False,False
8050169282815,2,74.8,46.68,62.4,100.0,D3,D1,Direct / Organic,Accessories,SG,False,2025-06,2025,3,False,True,False
7966747197695,1,58.55,46.67,79.7,100.0,D3,D3,Direct / Organic,Clear Protein,SG,False,2025-04,2025,1,False,False,False
7336611250431,2,96.35,46.64,48.4,56.0,D3,D2,Subscription,Unknown,SG,True,2024-06,2024,2,False,False,False
6423606395135,1,116.54,46.62,40.0,0.0,D3,D5,Subscription,Unknown,SG,False,2022-01,2022,1,False,False,False
7976295858431,1,63.71,46.61,73.2,100.0,D3,D3,Direct / Organic,Other,SG,False,2025-08,2025,2,False,False,False
6327510335743,1,116.43,46.57,40.0,0.0,D3,D5,Subscription,Unknown,SG,False,2022-05,2022,1,False,False,False
6327509713151,1,121.25,46.54,38.4,0.0,D3,D5,Subscription,Unknown,SG,False,2022-04,2022,1,False,False,False
7755971199231,1,70.25,46.49,66.2,44.0,D3,D4,Subscription,Other,MY,True,2023-05,2023,2,False,False,False
7756415893759,1,63.02,46.36,73.6,100.0,D3,D4,Direct / Organic,Accessories,MY,False,2024-04,2024,2,False,False,False
7756418351359,2,60.93,46.36,76.1,100.0,D3,D1,Direct / Organic,Clear Protein,MY,False,2024-04,2024,2,False,True,False
7756420481279,1,59.11,46.36,78.4,100.0,D3,D4,Direct / Organic,Accessories,MY,False,2024-04,2024,2,False,False,False
7756422086911,1,55.79,46.36,83.1,100.0,D3,D4,Direct / Organic,Accessories,MY,False,2024-04,2024,2,False,False,False
7756424806655,1,63.02,46.36,73.6,100.0,D3,D4,Direct / Organic,Clear Protein,MY,False,2024-05,2024,2,False,False,False
7756433621247,1,63.02,46.36,73.6,100.0,D3,D4,Direct / Organic,Accessories,MY,False,2024-06,2024,2,False,False,False
7756434178303,1,63.02,46.36,73.6,100.0,D3,D4,Direct / Organic,Accessories,MY,False,2024-06,2024,2,False,False,False
7756460523775,1,53.91,46.36,86.0,100.0,D3,D4,Direct / Organic,Accessories,MY,False,2024-08,2024,2,False,False,False
7756460589311,1,53.91,46.36,86.0,100.0,D3,D4,Direct / Organic,Accessories,MY,False,2024-08,2024,2,False,False,False
7756019302655,1,118.58,46.34,39.1,0.0,D3,D4,Direct / Organic,Unknown,MY,False,2022-08,2022,1,False,False,False
7756262899967,1,91.04,46.34,50.9,71.1,D3,D4,Direct / Organic,Accessories,MY,False,2022-12,2022,3,False,False,False
6336751894783,1,61.71,46.32,75.1,100.0,D3,D5,Subscription,Other,SG,False,2022-12,2022,1,False,False,False
6978829582591,1,61.71,46.32,75.1,100.0,D3,D5,Subscription,Other,SG,False,2023-12,2023,1,False,False,False
7756357566719,2,118.52,46.32,39.1,0.0,D3,D1,Subscription,Unknown,MY,True,2023-03,2023,1,False,True,False
8802133311743,1,66.04,46.3,70.1,100.0,D3,D2,Direct / Organic,Lean Protein,SG,False,2026-02,2026,2,False,False,False
8783227945215,1,51.99,46.29,89.0,100.0,D3,D2,Subscription,Soy Protein,SG,True,2026-03,2026,2,False,False,False
7977048670463,1,70.8,46.16,65.2,100.0,D3,D3,Direct / Organic,Lean Protein,SG,False,2025-08,2025,1,False,False,False
8874836590847,1,65.75,46.01,70.0,100.0,D3,D2,Paid Social,Lean Protein,SG,False,2026-03,2026,2,False,False,False
7756048662783,1,114.45,45.78,40.0,0.0,D3,D4,Direct / Organic,Unknown,MY,False,2022-01,2022,1,False,False,False
6329829785855,1,114.29,45.72,40.0,0.0,D3,D5,Subscription,Unknown,SG,False,2022-05,2022,1,False,False,False
7756409536767,1,81.49,45.71,56.1,100.0,D3,D4,Direct / Organic,Other,MY,False,2024-03,2024,2,False,False,False
6582888300799,1,62.51,45.64,73.0,100.0,D3,D5,Subscription,Other,SG,False,2023-02,2023,1,False,False,False
7755929977087,2,119.41,45.58,38.2,0.0,D3,D2,Direct / Organic,Unknown,MY,False,2022-01,2022,1,False,False,False
7756398493951,1,76.13,45.57,59.9,83.6,D3,D4,Subscription,Other,MY,True,2023-12,2023,4,False,False,False
8483491119359,1,58.84,45.56,77.4,100.0,D3,D2,Direct / Organic,Lean Protein,SG,False,2025-10,2025,1,False,False,False
8697246744831,1,62.89,45.56,72.4,100.0,D3,D2,Direct / Organic,Clear Protein,SG,False,2026-01,2026,2,False,False,False
6329616859391,1,113.87,45.55,40.0,0.0,D3,D5,Subscription,Unknown,SG,False,2022-01,2022,1,False,False,False
8832675840255,1,63.89,45.5,71.2,100.0,D3,D2,Subscription,Clear Protein,SG,True,2026-03,2026,1,False,False,False
7756377587967,1,69.03,45.48,65.9,100.0,D3,D4,Direct / Organic,Other,MY,False,2023-08,2023,1,False,False,False
8416067551487,1,62.6,45.44,72.6,100.0,D3,D2,Direct / Organic,Lean Protein,SG,False,2025-10,2025,2,False,False,False
8880793944319,1,65.16,45.42,69.7,100.0,D3,D2,Paid Social,Lean Protein,SG,False,2026-03,2026,2,False,False,False
8035693494527,1,60.0,45.38,75.6,100.0,D3,D3,Paid Social,Lean Protein,SG,False,2025-05,2025,2,False,False,False
7956440285439,1,59.14,45.29,76.6,100.0,D3,D3,Direct / Organic,Lean Protein,SG,False,2025-04,2025,3,False,False,False
8779428036863,1,63.65,45.26,71.1,100.0,D3,D2,Subscription,Clear Protein,SG,True,2026-02,2026,1,False,False,False
8165778358527,1,58.52,45.24,77.3,100.0,D3,D3,Direct / Organic,Soy Protein,SG,False,2025-06,2025,2,False,False,False
7756353601791,4,105.66,45.21,42.8,100.0,D3,D1,Subscription,Collagen Glow,MY,True,2023-09,2023,2,False,True,False
7756044304639,2,118.14,45.07,38.2,0.0,D3,D1,Direct / Organic,Unknown,MY,False,2022-02,2022,1,False,True,False
7756470616319,1,69.7,44.96,64.5,100.0,D3,D4,Subscription,Clear Protein,MY,True,2024-10,2024,2,False,False,False
7168270795007,1,84.51,44.92,53.2,100.0,D3,D5,Subscription,Lean Protein,SG,False,2024-04,2024,1,False,False,False
7756427657471,1,48.89,44.89,91.8,100.0,D3,D4,Direct / Organic,Other,MY,False,2024-05,2024,2,False,False,False
6327827955967,1,112.18,44.87,40.0,0.0,D3,D5,Subscription,Unknown,SG,False,2022-02,2022,1,False,False,False
7756418121983,1,56.99,44.86,78.7,100.0,D3,D4,Direct / Organic,Unknown,MY,False,2024-05,2024,2,False,False,False
6327692722431,1,111.71,44.68,40.0,0.0,D3,D5,Subscription,Unknown,SG,False,2022-05,2022,1,False,False,False
6423228121343,1,116.6,44.68,38.3,0.0,D3,D5,Subscription,Unknown,SG,False,2022-08,2022,1,False,False,False
8766992941311,1,63.15,44.68,70.8,100.0,D3,D2,Direct / Organic,Clear Protein,SG,False,2026-02,2026,2,False,False,False
8725894365439,1,64.04,44.66,69.7,100.0,D3,D2,Direct / Organic,Lean Protein,SG,False,2026-01,2026,1,False,False,False
8891095023871,1,62.85,44.66,71.1,100.0,D3,D2,Direct / Organic,Lean Protein,SG,False,2026-03,2026,1,False,False,False
7756435194111,1,74.53,44.58,59.8,100.0,D3,D4,Direct / Organic,Collagen Glow,MY,False,2024-06,2024,2,False,False,False
7756439912703,1,58.84,44.58,75.8,100.0,D3,D4,Direct / Organic,Collagen Glow,MY,False,2024-06,2024,2,False,False,False
7756459639039,1,66.69,44.58,66.9,100.0,D3,D4,Direct / Organic,Collagen Glow,MY,False,2024-08,2024,2,False,False,False
7756465701119,2,69.37,44.58,64.3,100.0,D3,D1,Direct / Organic,Lean Protein,MY,False,2024-09,2024,2,False,True,False
7756469960959,1,74.53,44.58,59.8,100.0,D3,D4,Direct / Organic,Collagen Glow,MY,False,2024-10,2024,2,False,False,False
7967464521983,1,69.8,44.53,63.8,100.0,D3,D3,Direct / Organic,Lean Protein,SG,False,2025-04,2025,1,False,False,False
8649217278207,1,57.06,44.47,77.9,100.0,D3,D2,Direct / Organic,Lean Protein,SG,False,2025-12,2025,1,False,False,False
7756045943039,2,129.33,44.46,34.4,0.0,D3,D1,Direct / Organic,Unknown,MY,False,2022-01,2022,1,False,True,False
7756431851775,2,92.65,44.45,48.0,100.0,D3,D1,Subscription,Soy Protein,MY,True,2024-05,2024,3,False,True,False
7756448334079,1,63.64,44.39,69.8,100.0,D3,D4,Subscription,Collagen Glow,MY,True,2024-08,2024,3,False,False,False
6327720739071,3,125.59,44.36,35.3,0.0,D3,D1,Subscription,Unknown,SG,False,2022-01,2022,1,False,True,False
8316975972607,1,64.29,44.31,68.9,100.0,D3,D3,Direct / Organic,Lean Protein,SG,False,2025-09,2025,1,False,False,False
7756038963455,1,116.56,44.2,37.9,0.0,D3,D4,Direct / Organic,Unknown,MY,False,2022-03,2022,1,False,False,False
8874820043007,1,62.93,44.15,70.2,100.0,D3,D2,Direct / Organic,Lean Protein,SG,False,2026-03,2026,1,False,False,False
8875316052223,1,64.93,44.15,68.0,100.0,D3,D2,Direct / Organic,Lean Protein,SG,False,2026-03,2026,1,False,False,False
8879046230271,1,62.85,44.15,70.2,100.0,D3,D2,Direct / Organic,Lean Protein,SG,False,2026-03,2026,1,False,False,False
8899332014335,1,65.39,44.15,67.5,100.0,D3,D2,Direct / Organic,Lean Protein,SG,False,2026-03,2026,1,False,False,False
8904983281919,1,62.85,44.15,70.2,100.0,D3,D2,Direct / Organic,Lean Protein,SG,False,2026-03,2026,1,False,False,False
8603014627583,2,62.33,44.14,70.8,100.0,D3,D1,Direct / Organic,Lean Protein,SG,False,2025-12,2025,1,False,True,False
7756328534271,1,86.31,44.11,51.1,100.0,D3,D4,Direct / Organic,Collagen Glow,MY,False,2023-02,2023,2,False,False,False
6327713562879,2,98.19,44.11,44.9,28.2,D3,D2,Subscription,Unknown,SG,False,2022-01,2022,2,False,False,False
6329848627455,3,119.7,43.96,36.7,0.0,D3,D1,Subscription,Unknown,SG,False,2022-01,2022,1,False,True,False
8690224333055,1,56.11,43.95,78.3,100.0,D3,D2,Subscription,Clear Protein,SG,True,2026-01,2026,1,False,False,False
7963876983039,1,64.43,43.82,68.0,100.0,D3,D3,Direct / Organic,Lean Protein,SG,False,2025-04,2025,1,False,False,False
7756348588287,1,63.28,43.81,69.2,100.0,D3,D4,Direct / Organic,Other,MY,False,2023-02,2023,2,False,False,False
7756350816511,1,69.34,43.81,63.2,100.0,D3,D4,Direct / Organic,Other,MY,False,2023-03,2023,2,False,False,False
7756398657791,1,76.52,43.77,57.2,100.0,D3,D4,Direct / Organic,Clear Protein,MY,False,2024-01,2024,1,False,False,False
6328262263039,1,62.1,43.71,70.4,100.0,D3,D5,Subscription,Clear Protein,SG,True,2026-02,2026,1,False,False,False
8016385671423,1,62.1,43.71,70.4,100.0,D3,D3,Subscription,Clear Protein,SG,True,2025-05,2025,1,False,False,False
8058071318783,1,52.78,43.71,82.8,100.0,D3,D3,Subscription,Clear Protein,SG,True,2025-05,2025,1,False,False,False
8073982476543,1,62.1,43.71,70.4,100.0,D3,D3,Subscription,Clear Protein,SG,True,2025-05,2025,1,False,False,False
8079628501247,1,62.1,43.71,70.4,100.0,D3,D3,Subscription,Clear Protein,SG,True,2025-05,2025,1,False,False,False
8079774515455,1,62.1,43.71,70.4,100.0,D3,D3,Subscription,Clear Protein,SG,True,2025-05,2025,1,False,False,False
8094175363327,1,62.1,43.71,70.4,100.0,D3,D3,Subscription,Clear Protein,SG,True,2025-06,2025,1,False,False,False
8097262534911,1,62.1,43.71,70.4,100.0,D3,D3,Subscription,Clear Protein,SG,True,2025-06,2025,1,False,False,False
8115199738111,1,62.1,43.71,70.4,100.0,D3,D3,Subscription,Clear Protein,SG,True,2025-06,2025,1,False,False,False
8131162177791,1,55.89,43.71,78.2,100.0,D3,D3,Subscription,Clear Protein,SG,True,2025-06,2025,1,False,False,False
8292704780543,1,62.1,43.71,70.4,100.0,D3,D3,Subscription,Clear Protein,SG,True,2025-08,2025,1,False,False,False
8362782654719,3,58.92,43.71,74.2,100.0,D3,D1,Subscription,Other,SG,True,2025-10,2025,1,False,True,False
8770482307327,1,62.1,43.71,70.4,100.0,D3,D2,Subscription,Clear Protein,SG,True,2026-02,2026,1,False,False,False
8809370812671,1,62.1,43.71,70.4,100.0,D3,D2,Subscription,Clear Protein,SG,True,2026-02,2026,1,False,False,False
8813602636031,1,52.79,43.71,82.8,100.0,D3,D2,Subscription,Clear Protein,SG,True,2026-03,2026,1,False,False,False
8834452357375,1,62.1,43.71,70.4,100.0,D3,D2,Subscription,Clear Protein,SG,True,2026-03,2026,1,False,False,False
7756400918783,1,102.93,43.63,42.4,100.0,D3,D4,Subscription,Collagen Glow,MY,True,2024-01,2024,2,False,False,False
7986128716031,1,70.82,43.63,61.6,100.0,D3,D3,Subscription,Other,SG,True,2025-04,2025,1,False,False,False
7756399247615,1,69.01,43.61,63.2,100.0,D3,D4,Direct / Organic,Accessories,MY,False,2024-01,2024,2,False,False,False
7756260180223,1,98.07,43.59,44.4,0.0,D3,D4,Direct / Organic,Unknown,MY,False,2022-12,2022,1,False,False,False
7756284690687,1,79.89,43.59,54.6,0.0,D3,D4,Direct / Organic,Unknown,MY,False,2023-10,2023,1,False,False,False
7756358385919,1,98.07,43.59,44.4,0.0,D3,D4,Direct / Organic,Unknown,MY,False,2023-04,2023,1,False,False,False
7756032278783,2,120.94,43.53,36.0,0.0,D3,D1,Direct / Organic,Unknown,MY,False,2022-06,2022,1,False,True,False
8679713308927,1,55.0,43.46,79.0,100.0,D3,D2,Direct / Organic,Lean Protein,SG,False,2026-02,2026,1,False,False,False
7756459213055,1,74.13,43.44,58.6,100.0,D3,D4,Subscription,Other,MY,True,2024-10,2024,2,False,False,False
8879036399871,1,72.99,43.33,59.4,100.0,D3,D2,Direct / Organic,Lean Protein,SG,False,2026-03,2026,1,False,False,False
8118606430463,1,74.87,43.28,57.8,100.0,D3,D3,Direct / Organic,Collagen Glow,SG,False,2025-06,2025,1,False,False,False
7756485558527,2,77.55,43.23,55.7,100.0,D3,D1,Direct / Organic,Collagen Glow,MY,False,2024-12,2024,1,False,True,False
6532515266815,1,74.79,43.2,57.8,100.0,D3,D5,Direct / Organic,Unknown,MY,False,2022-12,2022,2,False,False,False
7756468912383,1,57.84,43.2,74.7,100.0,D3,D4,Direct / Organic,Collagen Glow,MY,False,2024-09,2024,2,False,False,False
6327655137535,1,112.88,43.19,38.3,0.0,D3,D5,Subscription,Unknown,SG,False,2022-05,2022,1,False,False,False
6336720568575,1,112.88,43.19,38.3,0.0,D3,D5,Subscription,Unknown,SG,False,2022-05,2022,1,False,False,False
7877148934399,1,76.58,43.13,56.3,100.0,D3,D3,Direct / Organic,Other,SG,False,2025-03,2025,2,False,False,False
8868617486591,1,66.75,43.1,64.6,100.0,D3,D2,Paid Social,Lean Protein,SG,False,2026-03,2026,1,False,False,False
8865436369151,1,72.86,43.08,59.1,100.0,D3,D2,Direct / Organic,Lean Protein,SG,False,2026-03,2026,1,False,False,False
8878778581247,1,71.02,43.04,60.6,100.0,D3,D2,Paid Social,Lean Protein,SG,False,2026-03,2026,1,False,False,False
8891012612351,1,72.64,43.04,59.3,100.0,D3,D2,Paid Social,Lean Protein,SG,False,2026-03,2026,1,False,False,False
6610407424255,2,81.7,43.04,52.7,100.0,D3,D2,Subscription,Collagen Glow,SG,False,2023-03,2023,1,False,False,False
8895680217343,1,72.57,42.98,59.2,100.0,D3,D2,Paid Social,Lean Protein,SG,False,2026-03,2026,1,False,False,False
7968974504191,1,48.92,42.96,87.8,100.0,D3,D3,Paid Social,Other,SG,False,2025-04,2025,1,False,False,False
7964573794559,2,71.82,42.96,59.8,100.0,D3,D1,Subscription,Collagen Glow,SG,True,2025-04,2025,1,False,True,False
6334066000127,1,107.39,42.96,40.0,0.0,D3,D5,Subscription,Unknown,SG,False,2022-06,2022,1,False,False,False
7915910988031,1,64.8,42.87,66.2,100.0,D3,D3,Direct / Organic,Lean Protein,SG,False,2025-03,2025,2,False,False,False
7941936939263,1,64.8,42.87,66.2,100.0,D3,D3,Direct / Organic,Lean Protein,SG,False,2025-04,2025,2,False,False,False
7756381815039,2,77.21,42.84,55.5,77.3,D3,D1,Direct / Organic,Other,MY,False,2023-09,2023,1,False,True,False
8713866346751,2,55.8,42.78,76.7,100.0,D3,D1,Direct / Organic,Soy Protein,SG,False,2026-01,2026,3,False,True,False
7755928142079,2,106.85,42.78,40.0,31.0,D3,D2,Direct / Organic,Unknown,MY,False,2022-06,2022,2,False,False,False
7539696337151,1,62.37,42.73,68.5,100.0,D3,D5,Subscription,Unknown,SG,False,2024-10,2024,1,False,False,False
7756396069119,1,81.73,42.63,52.2,100.0,D3,D4,Direct / Organic,Unknown,MY,False,2023-12,2023,2,False,False,False
7756347965695,1,89.46,42.58,47.6,69.0,D3,D4,Direct / Organic,Unknown,MY,False,2023-02,2023,2,False,False,False
8898951086335,1,62.29,42.55,68.3,100.0,D3,D2,Subscription,Lean Protein,SG,True,2026-03,2026,2,False,False,False
7756017467647,1,106.06,42.42,40.0,0.0,D3,D4,Direct / Organic,Unknown,MY,False,2022-08,2022,1,False,False,False
8901867831551,1,68.56,42.41,61.9,100.0,D3,D2,Subscription,Lean Protein,SG,True,2026-03,2026,2,False,False,False
8144576479487,2,49.78,42.4,85.2,100.0,D3,D1,Subscription,Other,SG,True,2025-06,2025,1,False,True,False
7756461113599,1,54.15,42.32,78.1,100.0,D3,D4,Direct / Organic,Other,MY,False,2024-08,2024,2,False,False,False
6532515135743,1,46.72,42.3,90.5,100.0,D3,D5,Direct / Organic,Other,MY,False,2023-01,2023,1,False,False,False
7756361269503,1,51.76,42.3,81.7,100.0,D3,D4,Direct / Organic,Other,MY,False,2023-05,2023,1,False,False,False
7756361400575,1,57.21,42.3,73.9,100.0,D3,D4,Direct / Organic,Other,MY,False,2023-05,2023,1,False,False,False
7756365660415,1,54.49,42.3,77.6,100.0,D3,D4,Direct / Organic,Other,MY,False,2023-06,2023,1,False,False,False
7756414714111,1,54.49,42.3,77.6,100.0,D3,D4,Direct / Organic,Other,MY,False,2024-03,2024,1,False,False,False
7756439355647,1,40.86,42.3,103.5,100.0,D3,D4,Direct / Organic,Other,MY,False,2024-06,2024,1,False,False,False
7779969761535,1,69.08,42.29,61.2,100.0,D3,D4,Subscription,Lean Protein,SG,False,2025-01,2025,1,False,False,False
8168881619199,2,61.5,42.28,68.7,100.0,D3,D1,Paid Social,Accessories,SG,True,2025-06,2025,3,False,True,False
7230568595711,1,57.0,42.25,74.1,100.0,D3,D5,Subscription,Lean Protein,SG,False,2024-05,2024,1,False,False,False
8353293893887,1,59.9,42.25,70.5,100.0,D3,D3,Direct / Organic,Lean Protein,SG,False,2025-09,2025,1,False,False,False
8395334975743,1,59.9,42.25,70.5,100.0,D3,D2,Direct / Organic,Lean Protein,SG,False,2025-10,2025,1,False,False,False
8474561478911,1,50.92,42.25,83.0,100.0,D3,D2,Direct / Organic,Lean Protein,SG,False,2025-10,2025,1,False,False,False
8476304867583,1,53.91,42.25,78.4,100.0,D3,D2,Direct / Organic,Lean Protein,SG,False,2025-10,2025,1,False,False,False
8478279467263,1,50.92,42.25,83.0,100.0,D3,D2,Direct / Organic,Lean Protein,SG,False,2025-10,2025,1,False,False,False
8478338089215,1,50.92,42.25,83.0,100.0,D3,D2,Direct / Organic,Lean Protein,SG,False,2025-10,2025,1,False,False,False
8483167600895,1,50.92,42.25,83.0,100.0,D3,D2,Direct / Organic,Lean Protein,SG,False,2025-10,2025,1,False,False,False
8483189162239,1,50.92,42.25,83.0,100.0,D3,D2,Direct / Organic,Lean Protein,SG,False,2025-10,2025,1,False,False,False
8483266560255,1,50.92,42.25,83.0,100.0,D3,D2,Direct / Organic,Lean Protein,SG,False,2025-10,2025,1,False,False,False
8483479322879,1,50.92,42.25,83.0,100.0,D3,D2,Direct / Organic,Lean Protein,SG,False,2025-10,2025,1,False,False,False
8488211513599,1,53.91,42.25,78.4,100.0,D3,D2,Direct / Organic,Lean Protein,SG,False,2025-11,2025,1,False,False,False
8530377933055,1,57.0,42.25,74.1,100.0,D3,D2,Email,Lean Protein,SG,False,2026-02,2026,1,False,False,False
8629921972479,1,47.92,42.25,88.2,100.0,D3,D2,Direct / Organic,Lean Protein,SG,False,2025-12,2025,1,False,False,False
8639497470207,1,61.63,42.25,68.6,100.0,D3,D2,Direct / Organic,Lean Protein,SG,False,2025-12,2025,1,False,False,False
8652378013951,1,53.91,42.25,78.4,100.0,D3,D2,Direct / Organic,Lean Protein,SG,False,2025-12,2025,1,False,False,False
8652474581247,1,53.91,42.25,78.4,100.0,D3,D2,Direct / Organic,Lean Protein,SG,False,2025-12,2025,1,False,False,False
8652478349567,1,53.91,42.25,78.4,100.0,D3,D2,Direct / Organic,Lean Protein,SG,False,2025-12,2025,1,False,False,False
8657067901183,1,64.9,42.25,65.1,100.0,D3,D2,Direct / Organic,Lean Protein,SG,False,2025-12,2025,1,False,False,False
8667816952063,1,55.92,42.25,75.6,100.0,D3,D2,Direct / Organic,Lean Protein,SG,False,2026-01,2026,1,False,False,False
8710849069311,1,62.52,42.25,67.6,100.0,D3,D2,Direct / Organic,Lean Protein,SG,False,2026-01,2026,1,False,False,False
8716097192191,1,60.44,42.25,69.9,100.0,D3,D2,Direct / Organic,Lean Protein,SG,False,2026-01,2026,1,False,False,False
8761574621439,1,50.92,42.25,83.0,100.0,D3,D2,Direct / Organic,Lean Protein,SG,False,2026-02,2026,1,False,False,False
8776134164735,1,57.0,42.25,74.1,100.0,D3,D2,Direct / Organic,Lean Protein,SG,False,2026-02,2026,1,False,False,False
8776238039295,1,53.91,42.25,78.4,100.0,D3,D2,Email,Lean Protein,SG,False,2026-02,2026,1,False,False,False
8779666784511,1,64.9,42.25,65.1,100.0,D3,D2,Direct / Organic,Lean Protein,SG,False,2026-02,2026,1,False,False,False
8781385236735,1,57.0,42.25,74.1,100.0,D3,D2,Direct / Organic,Lean Protein,SG,False,2026-02,2026,1,False,False,False
8794134937855,1,50.92,42.25,83.0,100.0,D3,D2,Direct / Organic,Lean Protein,SG,False,2026-02,2026,1,False,False,False
8795969782015,1,57.0,42.25,74.1,100.0,D3,D2,Direct / Organic,Lean Protein,SG,False,2026-02,2026,1,False,False,False
8798465261823,1,57.0,42.25,74.1,100.0,D3,D2,Direct / Organic,Lean Protein,SG,False,2026-02,2026,1,False,False,False
8798471684351,1,57.0,42.25,74.1,100.0,D3,D2,Direct / Organic,Lean Protein,SG,False,2026-02,2026,1,False,False,False
8813182877951,1,64.9,42.25,65.1,100.0,D3,D2,Direct / Organic,Lean Protein,SG,False,2026-03,2026,1,False,False,False
8815690514687,1,64.0,42.25,66.0,100.0,D3,D2,Direct / Organic,Lean Protein,SG,False,2026-03,2026,1,False,False,False
8890803716351,1,58.91,42.25,71.7,100.0,D3,D2,Direct / Organic,Lean Protein,SG,False,2026-03,2026,1,False,False,False
7756009799935,1,72.38,42.25,58.4,100.0,D3,D4,Direct / Organic,Other,MY,False,2022-10,2022,2,False,False,False
7756262998271,1,85.15,42.25,49.6,100.0,D3,D4,Direct / Organic,Other,MY,False,2022-12,2022,2,False,False,False
7756266635519,2,86.01,42.25,49.1,100.0,D3,D1,Direct / Organic,Unknown,MY,False,2023-01,2023,1,False,True,False
7756031656191,2,84.18,42.06,50.0,77.1,D3,D1,Direct / Organic,Unknown,MY,False,2022-06,2022,2,False,True,False
7756380963071,1,62.27,42.0,67.4,100.0,D3,D4,Direct / Organic,Soy Protein,MY,False,2023-09,2023,2,False,False,False
8373783462143,1,54.68,41.88,76.6,100.0,D3,D2,Direct / Organic,Accessories,SG,False,2025-10,2025,2,False,False,False
7756354617599,1,76.28,41.88,54.9,57.2,D3,D4,Direct / Organic,Accessories,MY,False,2023-03,2023,3,False,False,False
8401176232191,1,54.8,41.86,76.4,100.0,D3,D2,Direct / Organic,Other,SG,False,2025-10,2025,1,False,False,False
7756031197439,2,85.34,41.79,49.0,55.6,D3,D1,Direct / Organic,Unknown,MY,True,2022-06,2022,2,False,True,False
8488356380927,1,61.53,41.78,67.9,100.0,D3,D2,Paid Social,Clear Protein,SG,False,2025-11,2025,2,False,False,False
8089151799551,2,63.81,41.76,65.4,100.0,D3,D1,Direct / Organic,Accessories,SG,True,2025-05,2025,2,False,True,False
8436807762175,1,60.98,41.75,68.5,100.0,D3,D2,Paid Social,Accessories,SG,False,2025-10,2025,2,False,False,False
8475329659135,1,58.91,41.74,70.9,100.0,D3,D2,Affiliate,Lean Protein,SG,False,2025-10,2025,1,False,False,False
8480311738623,1,64.9,41.74,64.3,100.0,D3,D2,Paid Social,Lean Protein,SG,False,2025-10,2025,1,False,False,False
8483268362495,1,50.92,41.74,82.0,100.0,D3,D2,Direct / Organic,Lean Protein,SG,False,2025-10,2025,1,False,False,False
8486671810815,1,64.9,41.74,64.3,100.0,D3,D2,Direct / Organic,Lean Protein,SG,False,2025-10,2025,1,False,False,False
8665932595455,1,64.9,41.74,64.3,100.0,D3,D2,Direct / Organic,Lean Protein,SG,False,2026-01,2026,1,False,False,False
8679114932479,1,59.9,41.74,69.7,100.0,D3,D2,Direct / Organic,Lean Protein,SG,False,2026-01,2026,1,False,False,False
8712570437887,1,64.9,41.74,64.3,100.0,D3,D2,Direct / Organic,Lean Protein,SG,False,2026-01,2026,1,False,False,False
8718628159743,1,64.0,41.74,65.2,100.0,D3,D2,Direct / Organic,Lean Protein,SG,False,2026-01,2026,1,False,False,False
8761417793791,1,50.92,41.74,82.0,100.0,D3,D2,Direct / Organic,Lean Protein,SG,False,2026-02,2026,1,False,False,False
8761430671615,1,50.92,41.74,82.0,100.0,D3,D2,Direct / Organic,Lean Protein,SG,False,2026-02,2026,1,False,False,False
8764004925695,1,55.92,41.74,74.6,100.0,D3,D2,Direct / Organic,Lean Protein,SG,False,2026-02,2026,1,False,False,False
8794800619775,1,59.9,41.74,69.7,100.0,D3,D2,Direct / Organic,Lean Protein,SG,False,2026-02,2026,1,False,False,False
8796973695231,1,64.9,41.74,64.3,100.0,D3,D2,Direct / Organic,Lean Protein,SG,False,2026-02,2026,1,False,False,False
8816193470719,1,64.9,41.74,64.3,100.0,D3,D2,Direct / Organic,Lean Protein,SG,False,2026-03,2026,1,False,False,False
8894655037695,1,64.9,41.74,64.3,100.0,D3,D2,Paid Social,Lean Protein,SG,False,2026-03,2026,1,False,False,False
8895137054975,1,64.9,41.74,64.3,100.0,D3,D2,Direct / Organic,Lean Protein,SG,False,2026-03,2026,1,False,False,False
8906074259711,1,64.9,41.74,64.3,100.0,D3,D2,Paid Social,Lean Protein,SG,False,2026-03,2026,1,False,False,False
8439345479935,1,60.96,41.73,68.5,100.0,D3,D2,Paid Social,Accessories,SG,False,2025-10,2025,2,False,False,False
7756037259519,1,106.97,41.7,39.0,0.0,D3,D4,Direct / Organic,Unknown,MY,False,2022-04,2022,1,False,False,False
8367143485695,1,54.51,41.68,76.5,100.0,D3,D2,Direct / Organic,Accessories,SG,False,2025-10,2025,2,False,False,False
7756007473407,1,54.49,41.65,76.4,100.0,D3,D4,Direct / Organic,Other,MY,False,2022-11,2022,1,False,False,False
8427014684927,1,60.88,41.65,68.4,100.0,D3,D2,Paid Social,Accessories,SG,False,2025-10,2025,2,False,False,False
8237699858687,2,53.82,41.64,77.4,100.0,D3,D1,Subscription,Other,SG,True,2025-08,2025,1,False,True,False
7755984273663,5,124.77,41.55,33.3,87.4,D3,D1,Subscription,Unknown,MY,True,2024-03,2024,3,False,True,False
7756032835839,2,77.55,41.55,53.6,40.5,D3,D1,Direct / Organic,Unknown,MY,False,2022-06,2022,2,False,True,False
6329830703359,1,103.84,41.54,40.0,0.0,D3,D5,Subscription,Unknown,SG,False,2022-02,2022,1,False,False,False
7756018450687,2,103.81,41.52,40.0,0.0,D3,D2,Direct / Organic,Unknown,MY,False,2022-01,2022,1,False,False,False
6327505355007,1,41.93,41.51,99.0,100.0,D3,D5,Subscription,Clear Protein,SG,False,2024-09,2024,1,False,False,False
7288033837311,1,41.93,41.51,99.0,100.0,D3,D5,Subscription,Clear Protein,SG,False,2024-09,2024,1,False,False,False
7466578280703,1,44.8,41.51,92.7,100.0,D3,D5,Subscription,Clear Protein,SG,False,2024-08,2024,1,False,False,False
7467457609983,1,64.8,41.51,64.1,100.0,D3,D5,Subscription,Clear Protein,SG,False,2024-08,2024,1,False,False,False
7469025329407,1,44.8,41.51,92.7,100.0,D3,D5,Subscription,Clear Protein,SG,False,2024-08,2024,1,False,False,False
7473725866239,1,44.8,41.51,92.7,100.0,D3,D5,Subscription,Clear Protein,SG,False,2024-08,2024,1,False,False,False
7475220250879,1,41.93,41.51,99.0,100.0,D3,D5,Subscription,Clear Protein,SG,False,2024-08,2024,1,False,False,False
7475224707327,1,41.93,41.51,99.0,100.0,D3,D5,Subscription,Clear Protein,SG,False,2024-08,2024,1,False,False,False
7475235553535,1,41.93,41.51,99.0,100.0,D3,D5,Subscription,Clear Protein,SG,False,2024-08,2024,1,False,False,False
7475258982655,1,41.93,41.51,99.0,100.0,D3,D5,Subscription,Clear Protein,SG,False,2024-08,2024,1,False,False,False
7475259932927,1,41.93,41.51,99.0,100.0,D3,D5,Subscription,Clear Protein,SG,False,2024-08,2024,1,False,False,False
7475294765311,1,41.93,41.51,99.0,100.0,D3,D5,Subscription,Clear Protein,SG,False,2024-08,2024,1,False,False,False
7475295518975,1,41.93,41.51,99.0,100.0,D3,D5,Subscription,Clear Protein,SG,False,2024-08,2024,1,False,False,False
7475296927999,1,41.93,41.51,99.0,100.0,D3,D5,Subscription,Clear Protein,SG,False,2024-08,2024,1,False,False,False
7475298042111,1,41.93,41.51,99.0,100.0,D3,D5,Subscription,Clear Protein,SG,False,2024-08,2024,1,False,False,False
7475306332415,1,41.93,41.51,99.0,100.0,D3,D5,Subscription,Clear Protein,SG,False,2024-08,2024,1,False,False,False
7475329827071,1,41.93,41.51,99.0,100.0,D3,D5,Subscription,Clear Protein,SG,False,2024-08,2024,1,False,False,False
7475371213055,1,41.93,41.51,99.0,100.0,D3,D5,Subscription,Clear Protein,SG,False,2024-08,2024,1,False,False,False
7475443892479,1,41.93,41.51,99.0,100.0,D3,D5,Subscription,Clear Protein,SG,False,2024-08,2024,1,False,False,False
7475468665087,1,41.93,41.51,99.0,100.0,D3,D5,Subscription,Clear Protein,SG,False,2024-08,2024,1,False,False,False
7475492520191,1,41.93,41.51,99.0,100.0,D3,D5,Subscription,Clear Protein,SG,False,2024-08,2024,1,False,False,False
7475532923135,1,44.8,41.51,92.7,100.0,D3,D5,Subscription,Clear Protein,SG,False,2024-08,2024,1,False,False,False
7475534790911,1,41.93,41.51,99.0,100.0,D3,D5,Subscription,Clear Protein,SG,False,2024-08,2024,1,False,False,False
7475539050751,1,41.93,41.51,99.0,100.0,D3,D5,Subscription,Clear Protein,SG,False,2024-08,2024,1,False,False,False
7476538605823,1,41.93,41.51,99.0,100.0,D3,D5,Subscription,Clear Protein,SG,False,2024-09,2024,1,False,False,False
7476541194495,1,41.93,41.51,99.0,100.0,D3,D5,Subscription,Clear Protein,SG,False,2024-09,2024,1,False,False,False
7476546830591,1,41.93,41.51,99.0,100.0,D3,D5,Subscription,Clear Protein,SG,False,2024-09,2024,1,False,False,False
7476547485951,1,41.93,41.51,99.0,100.0,D3,D5,Subscription,Clear Protein,SG,False,2024-09,2024,1,False,False,False
7476565213439,1,41.93,41.51,99.0,100.0,D3,D5,Subscription,Clear Protein,SG,False,2024-09,2024,1,False,False,False
7476622885119,1,41.93,41.51,99.0,100.0,D3,D5,Subscription,Clear Protein,SG,False,2024-09,2024,1,False,False,False
7476634714367,1,41.93,41.51,99.0,100.0,D3,D5,Subscription,Clear Protein,SG,False,2024-09,2024,1,False,False,False
7476644774143,1,41.93,41.51,99.0,100.0,D3,D5,Subscription,Clear Protein,SG,False,2024-09,2024,1,False,False,False
7476665712895,1,41.93,41.51,99.0,100.0,D3,D5,Subscription,Clear Protein,SG,False,2024-09,2024,1,False,False,False
7476666433791,1,41.93,41.51,99.0,100.0,D3,D5,Subscription,Clear Protein,SG,False,2024-09,2024,1,False,False,False
7476672692479,1,41.93,41.51,99.0,100.0,D3,D5,Subscription,Clear Protein,SG,False,2024-09,2024,1,False,False,False
7476677738751,1,41.93,41.51,99.0,100.0,D3,D5,Subscription,Clear Protein,SG,False,2024-09,2024,1,False,False,False
7476696088831,1,41.93,41.51,99.0,100.0,D3,D5,Subscription,Clear Protein,SG,False,2024-09,2024,1,False,False,False
7476709654783,1,41.93,41.51,99.0,100.0,D3,D5,Subscription,Clear Protein,SG,False,2024-09,2024,1,False,False,False
7476710899967,1,41.93,41.51,99.0,100.0,D3,D5,Subscription,Clear Protein,SG,False,2024-09,2024,1,False,False,False
7476712440063,1,41.93,41.51,99.0,100.0,D3,D5,Subscription,Clear Protein,SG,False,2024-09,2024,1,False,False,False
7476737868031,1,41.93,41.51,99.0,100.0,D3,D5,Subscription,Clear Protein,SG,False,2024-09,2024,1,False,False,False
7476756971775,1,41.93,41.51,99.0,100.0,D3,D5,Subscription,Clear Protein,SG,False,2024-09,2024,1,False,False,False
7476792590591,1,41.93,41.51,99.0,100.0,D3,D5,Subscription,Clear Protein,SG,False,2024-09,2024,1,False,False,False
7476809302271,1,41.93,41.51,99.0,100.0,D3,D5,Subscription,Clear Protein,SG,False,2024-09,2024,1,False,False,False
7476819820799,1,49.8,41.51,83.4,100.0,D3,D5,Subscription,Clear Protein,SG,False,2024-09,2024,1,False,False,False
7476847116543,1,41.93,41.51,99.0,100.0,D3,D5,Subscription,Clear Protein,SG,False,2024-09,2024,1,False,False,False
7476863992063,1,41.93,41.51,99.0,100.0,D3,D5,Subscription,Clear Protein,SG,False,2024-09,2024,1,False,False,False
7476879655167,1,41.93,41.51,99.0,100.0,D3,D5,Subscription,Clear Protein,SG,False,2024-09,2024,1,False,False,False
7476881555711,1,41.93,41.51,99.0,100.0,D3,D5,Subscription,Clear Protein,SG,False,2024-09,2024,1,False,False,False
7476914422015,1,41.93,41.51,99.0,100.0,D3,D5,Subscription,Clear Protein,SG,False,2024-09,2024,1,False,False,False
7477005385983,1,49.82,41.51,83.3,100.0,D3,D5,Subscription,Clear Protein,SG,False,2024-09,2024,1,False,False,False
7483064877311,1,64.8,41.51,64.1,100.0,D3,D5,Subscription,Clear Protein,SG,False,2024-09,2024,1,False,False,False
7501481345279,1,64.8,41.51,64.1,100.0,D3,D5,Subscription,Clear Protein,SG,False,2024-09,2024,1,False,False,False
8273637835007,1,59.88,41.49,69.3,100.0,D3,D3,Subscription,Clear Protein,SG,True,2025-08,2025,1,False,False,False
8243172376831,1,49.88,41.46,83.1,100.0,D3,D3,Direct / Organic,Clear Protein,SG,False,2025-08,2025,2,False,False,False
7756484575487,2,54.49,41.41,76.0,100.0,D3,D1,Subscription,Soy Protein,MY,True,2024-12,2024,1,False,True,False
7756484608255,1,59.73,41.34,69.2,100.0,D3,D4,Subscription,Clear Protein,MY,True,2024-12,2024,1,False,False,False
7756486836479,1,59.73,41.34,69.2,100.0,D3,D4,Subscription,Clear Protein,MY,True,2024-12,2024,1,False,False,False
7756010029311,2,82.97,41.34,49.8,100.0,D3,D2,Direct / Organic,Other,MY,False,2022-10,2022,1,False,False,False
8295903920383,2,54.42,41.33,75.9,100.0,D3,D1,Direct / Organic,Lean Protein,SG,True,2025-08,2025,1,False,True,False
7929718046975,1,59.68,41.29,69.2,100.0,D3,D3,Subscription,Clear Protein,SG,True,2025-06,2025,1,False,False,False
8259199205631,1,60.05,41.28,68.7,100.0,D3,D3,Direct / Organic,Lean Protein,SG,False,2025-08,2025,1,False,False,False
7756349800703,1,67.55,41.26,61.1,32.3,D3,D4,Direct / Organic,Accessories,MY,False,2023-03,2023,3,False,False,False
7954180342015,2,57.82,41.22,71.3,100.0,D3,D1,Paid Social,Unknown,SG,True,2025-04,2025,3,False,True,False
7929798164735,1,59.57,41.18,69.1,100.0,D3,D3,Subscription,Clear Protein,SG,True,2025-03,2025,1,False,False,False
8297493004543,1,59.63,41.16,69.0,100.0,D3,D3,Direct / Organic,Lean Protein,SG,False,2025-09,2025,2,False,False,False
8105977348351,2,63.81,41.13,64.5,100.0,D3,D1,Paid Social,Accessories,SG,True,2025-06,2025,2,False,True,False
7857216094463,1,59.9,41.09,68.6,100.0,D3,D3,Direct / Organic,Lean Protein,SG,False,2025-02,2025,1,False,False,False
7895503831295,1,64.8,41.09,63.4,100.0,D3,D3,Direct / Organic,Lean Protein,SG,False,2025-03,2025,1,False,False,False
7927629185279,1,59.9,41.09,68.6,100.0,D3,D3,Direct / Organic,Lean Protein,SG,False,2025-03,2025,1,False,False,False
7939320578303,1,59.9,41.09,68.6,100.0,D3,D3,Direct / Organic,Lean Protein,SG,False,2025-04,2025,1,False,False,False
7944435400959,1,59.9,41.09,68.6,100.0,D3,D3,Direct / Organic,Lean Protein,SG,False,2025-04,2025,1,False,False,False
7955146408191,1,64.9,41.09,63.3,100.0,D3,D3,Direct / Organic,Lean Protein,SG,False,2025-04,2025,1,False,False,False
7958759571711,1,59.9,41.09,68.6,100.0,D3,D3,Direct / Organic,Lean Protein,SG,False,2025-04,2025,1,False,False,False
7973405720831,1,64.9,41.09,63.3,100.0,D3,D3,Direct / Organic,Lean Protein,SG,False,2025-04,2025,1,False,False,False
7975199604991,1,59.9,41.09,68.6,100.0,D3,D3,Direct / Organic,Lean Protein,SG,False,2025-04,2025,1,False,False,False
8055355998463,1,59.9,41.09,68.6,100.0,D3,D3,Direct / Organic,Lean Protein,SG,False,2025-05,2025,1,False,False,False
8078227734783,1,59.9,41.09,68.6,100.0,D3,D3,Direct / Organic,Lean Protein,SG,False,2025-05,2025,1,False,False,False
8164713496831,1,53.91,41.09,76.2,100.0,D3,D3,Direct / Organic,Lean Protein,SG,False,2025-06,2025,1,False,False,False
8164993827071,1,53.91,41.09,76.2,100.0,D3,D3,Direct / Organic,Lean Protein,SG,False,2025-06,2025,1,False,False,False
8166966722815,1,53.91,41.09,76.2,100.0,D3,D3,Direct / Organic,Lean Protein,SG,False,2025-06,2025,1,False,False,False
8170304831743,1,59.9,41.09,68.6,100.0,D3,D3,Direct / Organic,Lean Protein,SG,False,2025-07,2025,1,False,False,False
8254218666239,1,59.9,41.09,68.6,100.0,D3,D3,Direct / Organic,Lean Protein,SG,False,2025-08,2025,1,False,False,False
8304532979967,1,64.9,41.09,63.3,100.0,D3,D3,Direct / Organic,Lean Protein,SG,False,2025-09,2025,1,False,False,False
7756436472063,1,74.38,40.9,55.0,100.0,D3,D4,Direct / Organic,Lean Protein,MY,False,2024-06,2024,2,False,False,False
7575786225919,1,53.4,40.73,76.3,100.0,D3,D5,Subscription,Other,SG,True,2024-10,2024,3,False,False,False
8101924536575,1,61.0,40.7,66.7,100.0,D3,D3,Direct / Organic,Lean Protein,SG,False,2025-06,2025,1,False,False,False
8299593564415,2,63.52,40.68,64.0,100.0,D3,D1,Direct / Organic,Accessories,SG,False,2025-09,2025,2,False,True,False
8902215663871,1,58.79,40.63,69.1,100.0,D3,D2,Subscription,Lean Protein,SG,True,2026-03,2026,1,False,False,False
7014327156991,1,58.0,40.61,70.0,100.0,D3,D5,Subscription,Clear Protein,SG,False,2024-01,2024,1,False,False,False
7062069641471,1,55.05,40.61,73.8,100.0,D3,D5,Subscription,Clear Protein,SG,False,2024-02,2024,1,False,False,False
7125935882495,1,63.9,40.61,63.6,100.0,D3,D5,Subscription,Clear Protein,SG,False,2024-03,2024,1,False,False,False
7138632499455,1,63.9,40.61,63.6,100.0,D3,D5,Subscription,Clear Protein,SG,False,2024-03,2024,1,False,False,False
7144463663359,1,55.05,40.61,73.8,100.0,D3,D5,Subscription,Clear Protein,SG,False,2024-03,2024,1,False,False,False
7151885091071,1,46.2,40.61,87.9,100.0,D3,D5,Subscription,Clear Protein,SG,False,2024-05,2024,1,False,False,False
7152061481215,1,58.0,40.61,70.0,100.0,D3,D5,Subscription,Clear Protein,SG,False,2024-03,2024,1,False,False,False
7153927815423,1,52.1,40.61,77.9,100.0,D3,D5,Subscription,Clear Protein,SG,False,2024-03,2024,1,False,False,False
7155245351167,1,52.1,40.61,77.9,100.0,D3,D5,Subscription,Clear Protein,SG,False,2024-03,2024,1,False,False,False
7156459798783,1,52.1,40.61,77.9,100.0,D3,D5,Subscription,Clear Protein,SG,False,2024-03,2024,1,False,False,False
7156507672831,1,52.1,40.61,77.9,100.0,D3,D5,Subscription,Clear Protein,SG,False,2024-03,2024,1,False,False,False
7168769261823,1,63.9,40.61,63.6,100.0,D3,D5,Subscription,Clear Protein,SG,False,2024-04,2024,1,False,False,False
7169622475007,1,55.05,40.61,73.8,100.0,D3,D5,Subscription,Clear Protein,SG,False,2024-04,2024,1,False,False,False
7175451934975,1,58.0,40.61,70.0,100.0,D3,D5,Subscription,Clear Protein,SG,False,2024-04,2024,1,False,False,False
7177885614335,1,63.9,40.61,63.6,100.0,D3,D5,Subscription,Clear Protein,SG,False,2024-04,2024,1,False,False,False
7181382025471,1,63.9,40.61,63.6,100.0,D3,D5,Subscription,Clear Protein,SG,False,2024-04,2024,1,False,False,False
7183440052479,1,58.0,40.61,70.0,100.0,D3,D5,Subscription,Clear Protein,SG,False,2024-04,2024,1,False,False,False
7184370958591,1,63.9,40.61,63.6,100.0,D3,D5,Subscription,Clear Protein,SG,False,2024-04,2024,1,False,False,False
7252201898239,1,52.1,40.61,77.9,100.0,D3,D5,Subscription,Clear Protein,SG,False,2024-04,2024,1,False,False,False
7258667909375,1,63.9,40.61,63.6,100.0,D3,D5,Subscription,Clear Protein,SG,False,2024-05,2024,1,False,False,False
7268007084287,1,63.9,40.61,63.6,100.0,D3,D5,Subscription,Clear Protein,SG,False,2024-05,2024,1,False,False,False
7288602657023,1,63.9,40.61,63.6,100.0,D3,D5,Subscription,Clear Protein,SG,False,2024-05,2024,1,False,False,False
7303136674047,1,63.9,40.61,63.6,100.0,D3,D5,Subscription,Clear Protein,SG,False,2024-05,2024,1,False,False,False
7306038247679,1,63.9,40.61,63.6,100.0,D3,D5,Subscription,Clear Protein,SG,False,2024-05,2024,1,False,False,False
7307119755519,1,63.9,40.61,63.6,100.0,D3,D5,Subscription,Clear Protein,SG,False,2024-05,2024,1,False,False,False
7312641884415,1,46.2,40.61,87.9,100.0,D3,D5,Subscription,Clear Protein,SG,False,2024-05,2024,1,False,False,False
7323303674111,1,63.9,40.61,63.6,100.0,D3,D5,Subscription,Clear Protein,SG,False,2024-06,2024,1,False,False,False
7328844644607,1,55.05,40.61,73.8,100.0,D3,D5,Subscription,Clear Protein,SG,False,2024-06,2024,1,False,False,False
7425832714495,1,63.9,40.61,63.6,100.0,D3,D5,Subscription,Clear Protein,SG,False,2024-08,2024,1,False,False,False
7436716343551,1,63.9,40.61,63.6,100.0,D3,D5,Subscription,Clear Protein,SG,False,2024-08,2024,1,False,False,False
7437842317567,1,55.05,40.61,73.8,100.0,D3,D5,Subscription,Clear Protein,SG,False,2024-08,2024,1,False,False,False
7756460032255,1,59.11,40.54,68.6,100.0,D3,D4,Direct / Organic,Other,MY,False,2024-08,2024,2,False,False,False
8811549393151,1,61.11,40.53,66.3,100.0,D3,D2,Direct / Organic,Lean Protein,SG,False,2026-02,2026,1,False,False,False
8841478340863,1,61.05,40.48,66.3,100.0,D3,D2,Direct / Organic,Lean Protein,SG,False,2026-03,2026,1,False,False,False
8096909394175,1,59.9,40.46,67.5,100.0,D3,D3,Direct / Organic,Lean Protein,SG,False,2025-06,2025,1,False,False,False
8099585458431,1,59.9,40.46,67.5,100.0,D3,D3,Direct / Organic,Lean Protein,SG,False,2025-06,2025,1,False,False,False
8101292966143,1,59.9,40.46,67.5,100.0,D3,D3,Direct / Organic,Lean Protein,SG,False,2025-06,2025,1,False,False,False
8102148604159,1,64.9,40.46,62.3,100.0,D3,D3,Paid Social,Lean Protein,SG,False,2025-06,2025,1,False,False,False
8103684276479,1,59.9,40.46,67.5,100.0,D3,D3,Direct / Organic,Lean Protein,SG,False,2025-06,2025,1,False,False,False
8113545249023,1,59.9,40.46,67.5,100.0,D3,D3,Direct / Organic,Lean Protein,SG,False,2025-06,2025,1,False,False,False
8156006482175,1,59.9,40.46,67.5,100.0,D3,D3,Direct / Organic,Lean Protein,SG,False,2025-06,2025,1,False,False,False
8161485390079,1,59.9,40.46,67.5,100.0,D3,D3,Direct / Organic,Lean Protein,SG,False,2025-06,2025,1,False,False,False
8166566101247,1,53.91,40.46,75.1,100.0,D3,D3,Direct / Organic,Lean Protein,SG,False,2025-06,2025,1,False,False,False
8166657687807,1,53.91,40.46,75.1,100.0,D3,D3,Direct / Organic,Lean Protein,SG,False,2025-06,2025,1,False,False,False
8166758482175,1,53.91,40.46,75.1,100.0,D3,D3,Direct / Organic,Lean Protein,SG,False,2025-06,2025,1,False,False,False
8166902923519,1,53.91,40.46,75.1,100.0,D3,D3,Direct / Organic,Lean Protein,SG,False,2025-06,2025,1,False,False,False
8166978748671,1,53.91,40.46,75.1,100.0,D3,D3,Direct / Organic,Lean Protein,SG,False,2025-06,2025,1,False,False,False
8255421350143,1,59.9,40.46,67.5,100.0,D3,D3,Direct / Organic,Lean Protein,SG,False,2025-08,2025,1,False,False,False
8296424341759,1,64.9,40.46,62.3,100.0,D3,D3,Direct / Organic,Lean Protein,SG,False,2025-08,2025,1,False,False,False
8117830811903,3,161.73,103.41,63.9,100.0,D2,D1,Subscription,Lean Protein,SG,True,2025-06,2025,1,False,True,False
7756288622847,3,183.53,103.29,56.3,90.6,D2,D1,Direct / Organic,Unknown,MY,False,2023-02,2023,2,False,True,False
6424704024831,1,119.8,103.06,86.0,100.0,D2,D5,Direct / Organic,Other,SG,False,2025-05,2025,1,False,False,False
7756035588351,1,256.58,102.63,40.0,0.0,D2,D4,Direct / Organic,Unknown,MY,False,2022-05,2022,1,False,False,False
7756429361407,6,208.42,102.53,49.2,92.6,D2,D1,Subscription,Other,MY,True,2024-05,2024,3,False,True,False
8371435536639,1,117.98,102.46,86.8,100.0,D2,D2,Direct / Organic,Collagen Glow,SG,False,2025-10,2025,3,False,False,False
7756020580607,1,256.0,102.4,40.0,0.0,D2,D4,Direct / Organic,Unknown,MY,False,2022-03,2022,1,False,False,False
7756039127295,1,256.0,102.4,40.0,0.0,D2,D4,Direct / Organic,Unknown,MY,False,2022-03,2022,1,False,False,False
7756039258367,1,256.0,102.4,40.0,0.0,D2,D4,Direct / Organic,Unknown,MY,False,2022-03,2022,1,False,False,False
7010309046527,1,110.08,102.26,92.9,100.0,D2,D5,Subscription,Other,SG,False,2024-01,2024,2,False,False,False
6423611441407,1,255.38,102.15,40.0,0.0,D2,D5,Subscription,Unknown,SG,False,2022-01,2022,1,False,False,False
6588193865983,2,149.45,101.88,68.2,100.0,D2,D2,Subscription,Collagen Glow,SG,False,2023-03,2023,1,False,False,False
8796055666943,1,139.7,101.8,72.9,100.0,D2,D2,Direct / Organic,Accessories,SG,False,2026-02,2026,2,False,False,False
7756181897471,6,218.18,101.78,46.6,87.6,D2,D1,Direct / Organic,Unknown,MY,True,2023-03,2023,2,False,True,False
8890628243711,1,140.12,101.76,72.6,100.0,D2,D2,Direct / Organic,Clear Protein,SG,False,2026-03,2026,2,False,False,False
6423595909375,3,268.45,101.5,37.8,0.0,D2,D1,Subscription,Unknown,SG,False,2022-03,2022,1,False,True,False
7756264177919,2,184.13,101.45,55.1,75.0,D2,D1,Direct / Organic,Other,MY,False,2023-01,2023,2,False,True,False
7756264997119,2,165.72,101.45,61.2,75.0,D2,D1,Direct / Organic,Unknown,MY,False,2023-01,2023,2,False,True,False
7169592623359,1,110.4,101.22,91.7,100.0,D2,D5,Direct / Organic,Clear Protein,SG,False,2026-02,2026,1,False,False,False
7580912025855,1,117.3,101.22,86.3,100.0,D2,D5,Subscription,Clear Protein,SG,False,2024-10,2024,1,False,False,False
7807449334015,1,138.0,101.22,73.3,100.0,D2,D4,Subscription,Clear Protein,SG,False,2025-01,2025,1,False,False,False
7830799909119,1,138.0,101.22,73.3,100.0,D2,D3,Direct / Organic,Clear Protein,SG,False,2025-02,2025,1,False,False,False
7866897531135,2,147.9,101.22,68.4,100.0,D2,D1,Direct / Organic,Clear Protein,SG,False,2025-02,2025,1,False,True,False
7903429984511,1,117.3,101.22,86.3,100.0,D2,D3,Direct / Organic,Clear Protein,SG,False,2025-03,2025,1,False,False,False
7958813212927,1,138.0,101.22,73.3,100.0,D2,D3,Direct / Organic,Clear Protein,SG,False,2025-04,2025,1,False,False,False
7968715604223,1,124.2,101.22,81.5,100.0,D2,D3,Affiliate,Clear Protein,SG,False,2025-04,2025,1,False,False,False
8003138027775,1,124.2,101.22,81.5,100.0,D2,D3,Affiliate,Clear Protein,SG,False,2025-05,2025,1,False,False,False
8042937680127,1,124.2,101.22,81.5,100.0,D2,D3,Direct / Organic,Clear Protein,SG,False,2025-05,2025,1,False,False,False
8064049643775,1,138.0,101.22,73.3,100.0,D2,D3,Direct / Organic,Clear Protein,SG,False,2025-05,2025,1,False,False,False
8084515258623,1,138.0,101.22,73.3,100.0,D2,D3,Direct / Organic,Clear Protein,SG,False,2025-05,2025,1,False,False,False
8106290151679,1,131.1,101.22,77.2,100.0,D2,D3,Direct / Organic,Clear Protein,SG,False,2025-06,2025,1,False,False,False
8108000968959,1,117.3,101.22,86.3,100.0,D2,D3,Direct / Organic,Clear Protein,SG,False,2025-06,2025,1,False,False,False
8110293385471,1,138.0,101.22,73.3,100.0,D2,D3,Paid Social,Clear Protein,SG,False,2025-06,2025,1,False,False,False
8119961092351,1,138.0,101.22,73.3,100.0,D2,D3,Paid Social,Clear Protein,SG,False,2025-06,2025,1,False,False,False
8124393455871,1,124.2,101.22,81.5,100.0,D2,D3,Affiliate,Clear Protein,SG,False,2025-06,2025,1,False,False,False
8139501338879,1,138.0,101.22,73.3,100.0,D2,D3,Direct / Organic,Clear Protein,SG,False,2025-06,2025,1,False,False,False
8164599759103,1,124.2,101.22,81.5,100.0,D2,D3,Direct / Organic,Clear Protein,SG,False,2025-06,2025,1,False,False,False
8246793732351,1,117.3,101.22,86.3,100.0,D2,D3,Direct / Organic,Clear Protein,SG,False,2025-08,2025,1,False,False,False
8300895535359,1,117.3,101.22,86.3,100.0,D2,D3,Direct / Organic,Clear Protein,SG,False,2025-09,2025,1,False,False,False
8438000550143,1,138.0,101.22,73.3,100.0,D2,D2,Direct / Organic,Clear Protein,SG,False,2025-10,2025,1,False,False,False
8607713788159,1,117.3,101.22,86.3,100.0,D2,D2,Direct / Organic,Clear Protein,SG,False,2025-12,2025,1,False,False,False
8608561889535,1,138.0,101.22,73.3,100.0,D2,D2,Direct / Organic,Clear Protein,SG,False,2025-12,2025,1,False,False,False
8667748958463,1,139.54,101.22,72.5,100.0,D2,D2,Direct / Organic,Clear Protein,SG,False,2026-01,2026,1,False,False,False
8677680251135,1,138.0,101.22,73.3,100.0,D2,D2,Direct / Organic,Clear Protein,SG,False,2026-01,2026,1,False,False,False
8712473673983,1,124.2,101.22,81.5,100.0,D2,D2,Affiliate,Clear Protein,SG,False,2026-01,2026,1,False,False,False
8761558171903,1,110.4,101.22,91.7,100.0,D2,D2,Direct / Organic,Clear Protein,SG,False,2026-02,2026,1,False,False,False
7755924472063,7,187.05,101.16,54.1,63.6,D2,D1,Direct / Organic,Unknown,MY,True,2022-05,2022,3,False,True,False
8338200854783,1,125.07,101.06,80.8,100.0,D2,D3,Direct / Organic,Accessories,SG,False,2025-09,2025,3,False,False,False
8702512464127,1,143.0,101.06,70.7,100.0,D2,D2,Direct / Organic,Collagen Glow,SG,False,2026-01,2026,2,False,False,False
7756375785727,1,186.45,100.94,54.1,100.0,D2,D4,Direct / Organic,Other,MY,False,2023-08,2023,1,False,False,False
6327675945215,2,255.03,100.92,39.6,0.0,D2,D2,Direct / Organic,Unknown,MY,False,2022-01,2022,1,False,False,False
7756193169663,2,146.65,100.79,68.7,100.0,D2,D1,Direct / Organic,Clear Protein,MY,False,2024-06,2024,2,False,True,False
8882059575551,1,123.59,100.65,81.4,100.0,D2,D2,Direct / Organic,Lean Protein,SG,False,2026-03,2026,4,False,False,False
7878900580607,4,125.41,100.56,80.2,100.0,D2,D1,Subscription,Other,SG,True,2025-02,2025,2,False,True,False
8416333791487,1,152.59,100.55,65.9,83.3,D2,D2,Paid Social,Unknown,SG,False,2025-10,2025,2,False,False,False
7872851575039,1,126.56,100.47,79.4,100.0,D2,D3,Direct / Organic,Collagen Glow,SG,False,2025-02,2025,3,False,False,False
8846411104511,1,117.09,100.38,85.7,100.0,D2,D2,Direct / Organic,Lean Protein,SG,False,2026-03,2026,2,False,False,False
7756211585279,2,162.84,100.3,61.6,100.0,D2,D1,Direct / Organic,Other,MY,False,2023-02,2023,3,False,True,False
6773309407487,1,152.71,100.29,65.7,100.0,D2,D5,Subscription,Other,SG,True,2023-08,2023,1,False,False,False
7826734874879,1,135.81,100.17,73.8,100.0,D2,D3,Direct / Organic,Collagen Glow,SG,False,2025-02,2025,3,False,False,False
8781121421567,2,177.09,99.83,56.4,100.0,D2,D1,Direct / Organic,Accessories,SG,True,2026-02,2026,2,False,True,False
7756439585023,2,135.84,99.8,73.5,100.0,D2,D1,Subscription,Lean Protein,MY,True,2024-06,2024,4,False,True,False
8327709753599,1,111.14,99.76,89.8,100.0,D2,D3,Direct / Organic,Accessories,SG,False,2025-09,2025,3,False,False,False
8713364570367,1,132.07,99.6,75.4,100.0,D2,D2,Direct / Organic,Lean Protein,SG,False,2026-01,2026,1,False,False,False
7307232772351,1,96.53,99.54,103.1,100.0,D2,D5,Subscription,Accessories,SG,False,2024-05,2024,2,False,False,False
8843730125055,1,99.0,99.32,100.3,100.0,D2,D2,Direct / Organic,Other,SG,False,2026-03,2026,1,False,False,False
6549652734207,1,143.64,99.28,69.1,100.0,D2,D5,Subscription,Other,SG,False,2023-02,2023,1,False,False,False
7098288799999,1,183.29,98.89,54.0,100.0,D2,D5,Subscription,Other,SG,False,2024-02,2024,1,False,False,False
7756485853439,2,135.62,98.81,72.9,100.0,D2,D1,Direct / Organic,Accessories,MY,False,2024-12,2024,3,False,True,False
6423606231295,1,246.98,98.79,40.0,0.0,D2,D5,Subscription,Unknown,SG,False,2022-01,2022,1,False,False,False
8347971485951,3,138.75,98.67,71.1,100.0,D2,D1,Direct / Organic,Accessories,SG,False,2025-09,2025,4,False,True,False
8244140081407,2,157.35,98.63,62.7,100.0,D2,D1,Paid Social,Lean Protein,SG,False,2025-08,2025,1,False,True,False
6532489183487,3,156.52,98.56,63.0,100.0,D2,D1,Direct / Organic,Collagen Glow,MY,False,2023-01,2023,3,False,True,False
8335092252927,1,153.9,98.53,64.0,100.0,D2,D3,Direct / Organic,Clear Protein,SG,False,2025-09,2025,3,False,False,False
7347175325951,2,110.28,98.5,89.3,100.0,D2,D2,Subscription,Soy Protein,SG,True,2026-02,2026,1,False,False,False
7958933405951,2,157.14,98.14,62.5,100.0,D2,D1,Paid Social,Unknown,SG,False,2025-04,2025,3,False,True,False
8878172831999,1,136.19,98.06,72.0,100.0,D2,D2,Paid Social,Lean Protein,SG,False,2026-03,2026,3,False,False,False
8017438605567,2,133.75,97.9,73.2,100.0,D2,D1,Direct / Organic,Accessories,SG,True,2025-05,2025,4,False,True,False
8757515223295,1,136.16,97.84,71.9,100.0,D2,D2,Direct / Organic,Clear Protein,SG,False,2026-02,2026,1,False,False,False
8905962848511,1,136.16,97.84,71.9,100.0,D2,D2,Direct / Organic,Clear Protein,SG,False,2026-03,2026,1,False,False,False
7574819307775,1,90.16,97.71,108.4,100.0,D2,D5,Subscription,Other,SG,False,2024-10,2024,2,False,False,False
6327503552767,1,132.81,97.6,73.5,100.0,D2,D5,Subscription,Other,SG,False,2023-01,2023,1,False,False,False
6329828180223,1,132.81,97.6,73.5,100.0,D2,D5,Subscription,Other,SG,False,2022-12,2022,1,False,False,False
6514794725631,1,112.89,97.6,86.5,100.0,D2,D5,Subscription,Other,SG,False,2023-01,2023,1,False,False,False
6585818710271,1,106.25,97.6,91.9,100.0,D2,D5,Subscription,Other,SG,False,2023-02,2023,1,False,False,False
6586846314751,1,106.25,97.6,91.9,100.0,D2,D5,Subscription,Other,SG,False,2023-03,2023,1,False,False,False
6624970440959,1,112.89,97.6,86.5,100.0,D2,D5,Subscription,Other,SG,False,2023-04,2023,1,False,False,False
6659616538879,1,132.81,97.6,73.5,100.0,D2,D5,Subscription,Other,SG,False,2023-05,2023,1,False,False,False
7252877705471,2,144.61,97.56,67.5,100.0,D2,D2,Subscription,Unknown,SG,True,2024-04,2024,3,False,False,False
8608022495487,2,120.94,97.56,80.7,100.0,D2,D1,Direct / Organic,Other,SG,False,2025-12,2025,2,False,True,False
6780370485503,1,169.6,97.45,57.5,100.0,D2,D5,Subscription,Collagen Glow,SG,True,2023-08,2023,1,False,False,False
7756395020543,1,151.42,97.3,64.3,100.0,D2,D4,Direct / Organic,Other,MY,False,2024-03,2024,1,False,False,False
8819560546559,1,135.6,97.24,71.7,100.0,D2,D2,Paid Social,Clear Protein,SG,False,2026-03,2026,2,False,False,False
8738683289855,1,139.74,97.23,69.6,100.0,D2,D2,Subscription,Lean Protein,SG,True,2026-02,2026,3,False,False,False
7114650845439,3,153.72,97.19,63.2,100.0,D2,D1,Subscription,Clear Protein,SG,True,2024-03,2024,2,False,True,False
6327555457279,2,152.03,97.13,63.9,77.9,D2,D2,Subscription,Unknown,SG,False,2022-08,2022,2,False,False,False
8311984554239,1,126.33,97.07,76.8,100.0,D2,D3,Direct / Organic,Accessories,SG,False,2025-09,2025,2,False,False,False
6328249286911,3,179.91,97.06,53.9,47.7,D2,D1,Subscription,Unknown,SG,False,2022-03,2022,3,False,True,False
7756406522111,2,123.23,97.0,78.7,100.0,D2,D1,Direct / Organic,Other,MY,False,2024-02,2024,2,False,True,False
8899202810111,1,133.68,96.9,72.5,100.0,D2,D2,Subscription,Clear Protein,SG,True,2026-03,2026,1,False,False,False
7583061606655,3,145.57,96.86,66.5,100.0,D2,D1,Subscription,Unknown,SG,True,2024-10,2024,2,False,True,False
7756349866239,3,176.34,96.65,54.8,100.0,D2,D1,Direct / Organic,Unknown,MY,False,2023-03,2023,2,False,True,False
7972114432255,4,131.46,96.64,73.5,100.0,D2,D1,Subscription,Accessories,SG,True,2025-04,2025,4,False,True,False
6351154741503,6,108.52,96.64,89.0,75.6,D2,D1,Direct / Organic,Unknown,MY,False,2022-02,2022,2,False,True,False
8211027558655,1,133.08,96.3,72.4,100.0,D2,D3,Paid Social,Clear Protein,SG,False,2025-08,2025,1,False,False,False
7756320964863,3,195.64,96.28,49.2,100.0,D2,D1,Subscription,Other,MY,True,2023-03,2023,2,False,True,False
7469864222975,1,91.2,96.14,105.4,100.0,D2,D5,Subscription,Other,SG,False,2024-08,2024,2,False,False,False
7756387909887,7,189.53,96.01,50.7,100.0,D2,D1,Direct / Organic,Unknown,MY,True,2024-01,2024,3,False,True,False
7755960910079,5,131.39,95.97,73.0,100.0,D2,D1,Subscription,Soy Protein,MY,True,2023-09,2023,2,False,True,False
8255558091007,2,144.8,95.92,66.2,100.0,D2,D1,Direct / Organic,Lean Protein,SG,False,2025-08,2025,2,False,True,False
8899465314559,1,134.28,95.92,71.4,100.0,D2,D2,Direct / Organic,Clear Protein,SG,False,2026-03,2026,2,False,False,False
8865785348351,1,128.31,95.86,74.7,100.0,D2,D2,Direct / Organic,Accessories,SG,False,2026-03,2026,3,False,False,False
7756484772095,2,127.3,95.82,75.3,100.0,D2,D1,Direct / Organic,Accessories,MY,False,2024-12,2024,3,False,True,False
7756015927551,3,242.24,95.81,39.5,0.0,D2,D1,Direct / Organic,Unknown,MY,False,2022-01,2022,1,False,True,False
8593221681407,2,121.73,95.65,78.6,100.0,D2,D1,Direct / Organic,Accessories,SG,False,2025-12,2025,2,False,True,False
7755991482623,2,241.82,95.64,39.5,0.0,D2,D2,Direct / Organic,Unknown,MY,False,2022-02,2022,1,False,False,False
7756362973439,1,138.07,95.46,69.1,100.0,D2,D4,Direct / Organic,Other,MY,False,2023-06,2023,2,False,False,False
7756400787711,12,280.62,95.35,34.0,100.0,D2,D1,Subscription,Other,MY,True,2024-01,2024,2,False,True,False
8144777707775,1,122.0,95.24,78.1,100.0,D2,D3,Subscription,Clear Protein,SG,True,2025-06,2025,2,False,False,False
6395505901823,1,107.64,95.24,88.5,100.0,D2,D5,Subscription,Other,SG,False,2022-10,2022,1,False,False,False
7427649962239,2,169.6,95.18,56.1,100.0,D2,D2,Subscription,Other,SG,False,2024-08,2024,1,False,False,False
8081416552703,1,139.34,95.16,68.3,100.0,D2,D3,Direct / Organic,Other,SG,False,2025-05,2025,3,False,False,False
7756407341311,1,153.18,95.06,62.1,100.0,D2,D4,Direct / Organic,Collagen Glow,MY,False,2024-02,2024,1,False,False,False
7756007702783,2,150.52,95.05,63.1,100.0,D2,D2,Direct / Organic,Other,MY,True,2022-10,2022,2,False,False,False
8394029629695,1,118.56,94.95,80.1,100.0,D2,D2,Direct / Organic,Clear Protein,SG,False,2025-10,2025,1,False,False,False
8686846345471,1,131.71,94.93,72.1,100.0,D2,D2,Direct / Organic,Clear Protein,SG,False,2026-01,2026,1,False,False,False
8635114750207,1,131.65,94.87,72.1,100.0,D2,D2,Paid Social,Clear Protein,SG,False,2025-12,2025,1,False,False,False
8637500195071,1,131.65,94.87,72.1,100.0,D2,D2,Direct / Organic,Clear Protein,SG,False,2025-12,2025,1,False,False,False
7756190777599,5,236.69,94.83,40.1,100.0,D2,D1,Subscription,Other,MY,True,2023-09,2023,2,False,True,False
6327561027839,3,230.58,94.82,41.1,9.6,D2,D1,Subscription,Unknown,SG,True,2022-05,2022,2,False,True,False
8633602900223,1,132.44,94.82,71.6,100.0,D2,D2,Direct / Organic,Accessories,SG,False,2025-12,2025,3,False,False,False
7756483952895,2,137.97,94.79,68.7,100.0,D2,D1,Direct / Organic,Accessories,MY,False,2024-12,2024,1,False,True,False
7307883872511,1,106.89,94.64,88.5,100.0,D2,D5,Subscription,Other,SG,True,2024-05,2024,2,False,False,False
7756407505151,4,221.97,94.62,42.6,85.7,D2,D1,Direct / Organic,Other,MY,True,2024-02,2024,3,False,True,False
7756033687807,2,236.36,94.55,40.0,0.0,D2,D1,Direct / Organic,Unknown,MY,False,2022-03,2022,1,False,True,False
7756034703615,2,248.48,94.55,38.0,0.0,D2,D1,Direct / Organic,Unknown,MY,False,2022-05,2022,1,False,True,False
7249233608959,1,101.68,94.43,92.9,100.0,D2,D5,Subscription,Other,SG,True,2024-04,2024,2,False,False,False
7756023890175,2,236.04,94.42,40.0,0.0,D2,D2,Direct / Organic,Unknown,MY,False,2022-05,2022,1,False,False,False
7756375097599,2,280.56,94.35,33.6,58.7,D2,D1,Subscription,Other,MY,True,2023-08,2023,3,False,True,False
8260054483199,2,86.1,94.32,109.5,100.0,D2,D1,Direct / Organic,Clear Protein,SG,True,2025-08,2025,1,False,True,False
8719946580223,2,136.0,94.32,69.4,100.0,D2,D1,Subscription,Clear Protein,SG,True,2026-01,2026,1,False,True,False
8721444208895,1,131.1,94.32,71.9,100.0,D2,D2,Direct / Organic,Clear Protein,SG,False,2026-01,2026,1,False,False,False
8344473633023,1,130.9,94.3,72.0,100.0,D2,D3,Direct / Organic,Clear Protein,SG,False,2025-09,2025,3,False,False,False
7756027887871,3,213.47,94.21,44.1,0.0,D2,D1,Direct / Organic,Unknown,MY,False,2022-02,2022,1,False,True,False
8088279548159,1,113.98,94.08,82.5,100.0,D2,D3,Subscription,Clear Protein,SG,True,2025-05,2025,3,False,False,False
7756464947455,2,132.3,93.78,70.9,100.0,D2,D1,Direct / Organic,Clear Protein,MY,False,2024-09,2024,3,False,True,False
8341396881663,1,98.9,93.76,94.8,100.0,D2,D3,Direct / Organic,Other,SG,False,2025-09,2025,3,False,False,False
7756030705919,3,185.86,93.65,50.4,85.9,D2,D1,Direct / Organic,Unknown,MY,True,2022-06,2022,3,False,True,False
7756420153599,1,130.34,93.61,71.8,100.0,D2,D4,Direct / Organic,Clear Protein,MY,False,2024-05,2024,3,False,False,False
7364057563391,1,101.7,93.6,92.0,100.0,D2,D5,Subscription,Accessories,SG,False,2024-06,2024,3,False,False,False
7971533324543,1,151.4,93.54,61.8,100.0,D2,D3,Paid Social,Lean Protein,SG,False,2025-04,2025,2,False,False,False
7756462096639,2,112.83,93.53,82.9,100.0,D2,D1,Direct / Organic,Clear Protein,MY,False,2024-09,2024,2,False,True,False
7960963154175,2,123.73,93.48,75.6,100.0,D2,D1,Direct / Organic,Lean Protein,SG,False,2025-04,2025,3,False,True,False
7829214429439,3,142.62,93.36,65.5,100.0,D2,D1,Subscription,Lean Protein,SG,True,2025-02,2025,2,False,True,False
6327515152639,3,154.88,93.27,60.2,67.8,D2,D1,Subscription,Unknown,SG,True,2022-04,2022,2,False,True,False
7756033949951,1,233.05,93.22,40.0,0.0,D2,D4,Direct / Organic,Unknown,MY,False,2022-05,2022,1,False,False,False
7756421497087,2,128.72,93.08,72.3,89.8,D2,D1,Direct / Organic,Lean Protein,MY,False,2024-04,2024,4,False,True,False
6327515873535,3,184.41,92.92,50.4,38.8,D2,D1,Subscription,Unknown,SG,False,2022-02,2022,2,False,True,False
8123952955647,2,119.57,92.86,77.7,100.0,D2,D1,Direct / Organic,Clear Protein,SG,False,2025-06,2025,2,False,True,False
8488361033983,1,116.01,92.86,80.0,100.0,D2,D2,Direct / Organic,Clear Protein,SG,False,2025-11,2025,2,False,False,False
8679067418879,1,109.57,92.86,84.7,100.0,D2,D2,Direct / Organic,Lean Protein,SG,False,2026-01,2026,2,False,False,False
8761342951679,1,109.57,92.86,84.7,100.0,D2,D2,Direct / Organic,Lean Protein,SG,False,2026-02,2026,2,False,False,False
8761387385087,1,103.12,92.86,90.1,100.0,D2,D2,Direct / Organic,Lean Protein,SG,False,2026-02,2026,2,False,False,False
8478316331263,2,122.78,92.74,75.5,100.0,D2,D1,Direct / Organic,Clear Protein,SG,True,2025-10,2025,1,False,True,False
6423591354623,1,231.81,92.72,40.0,0.0,D2,D5,Subscription,Unknown,SG,False,2022-04,2022,1,False,False,False
8305762664703,1,98.9,92.48,93.5,100.0,D2,D3,Direct / Organic,Other,SG,False,2025-09,2025,3,False,False,False
8373295153407,1,106.92,92.47,86.5,100.0,D2,D2,Direct / Organic,Other,SG,False,2025-10,2025,2,False,False,False
8427522457855,1,113.0,92.44,81.8,100.0,D2,D2,Direct / Organic,Lean Protein,SG,False,2025-10,2025,2,False,False,False
8722679988479,1,128.9,92.35,71.6,100.0,D2,D2,Direct / Organic,Lean Protein,SG,False,2026-01,2026,2,False,False,False
8761739477247,1,128.9,92.35,71.6,100.0,D2,D2,Direct / Organic,Clear Protein,SG,False,2026-02,2026,2,False,False,False
8858569834751,1,128.9,92.35,71.6,100.0,D2,D2,Direct / Organic,Clear Protein,SG,False,2026-03,2026,2,False,False,False
8814719992063,1,128.83,92.34,71.7,100.0,D2,D2,Subscription,Lean Protein,SG,True,2026-03,2026,2,False,False,False
7756008030463,4,190.97,92.31,48.3,77.4,D2,D1,Direct / Organic,Unknown,MY,False,2022-01,2022,2,False,True,False
7756440502527,1,99.91,92.29,92.4,100.0,D2,D4,Direct / Organic,Other,MY,False,2024-06,2024,2,False,False,False
8049669374207,1,109.65,92.22,84.1,100.0,D2,D3,Direct / Organic,Accessories,SG,False,2025-05,2025,1,False,False,False
8234630742271,1,129.0,92.22,71.5,100.0,D2,D3,Direct / Organic,Clear Protein,SG,False,2025-08,2025,1,False,False,False
8244487782655,1,129.0,92.22,71.5,100.0,D2,D3,Direct / Organic,Clear Protein,SG,False,2025-08,2025,1,False,False,False
8245924004095,1,116.1,92.22,79.4,100.0,D2,D3,Direct / Organic,Clear Protein,SG,False,2025-08,2025,1,False,False,False
8289397440767,1,129.0,92.22,71.5,100.0,D2,D3,Paid Social,Clear Protein,SG,False,2025-08,2025,1,False,False,False
8298998956287,1,129.0,92.22,71.5,100.0,D2,D3,Direct / Organic,Clear Protein,SG,False,2025-09,2025,1,False,False,False
8299058594047,1,109.65,92.22,84.1,100.0,D2,D3,Direct / Organic,Clear Protein,SG,False,2025-09,2025,1,False,False,False
8351296422143,1,129.0,92.22,71.5,100.0,D2,D3,Paid Social,Clear Protein,SG,False,2025-09,2025,1,False,False,False
8354197012735,1,129.0,92.22,71.5,100.0,D2,D3,Paid Social,Clear Protein,SG,False,2025-10,2025,1,False,False,False
8362599383295,1,129.0,92.22,71.5,100.0,D2,D3,Direct / Organic,Clear Protein,SG,False,2025-10,2025,1,False,False,False
8464926867711,1,116.1,92.22,79.4,100.0,D2,D2,Affiliate,Unknown,SG,False,2025-10,2025,2,False,False,False
8488207614207,1,116.1,92.22,79.4,100.0,D2,D2,Direct / Organic,Clear Protein,SG,False,2025-11,2025,1,False,False,False
8488391901439,1,116.1,92.22,79.4,100.0,D2,D2,Direct / Organic,Clear Protein,SG,False,2025-11,2025,1,False,False,False
8488870707455,1,129.0,92.22,71.5,100.0,D2,D2,Direct / Organic,Clear Protein,SG,False,2025-11,2025,1,False,False,False
8618087284991,1,129.0,92.22,71.5,100.0,D2,D2,Direct / Organic,Clear Protein,SG,False,2025-12,2025,1,False,False,False
8705236009215,1,129.0,92.22,71.5,100.0,D2,D2,Direct / Organic,Clear Protein,SG,False,2026-01,2026,1,False,False,False
8242647171327,2,129.03,92.17,71.4,100.0,D2,D1,Subscription,Clear Protein,SG,True,2025-08,2025,2,False,True,False
6528300384511,1,107.24,92.12,85.9,100.0,D2,D5,Subscription,Other,SG,False,2023-01,2023,1,False,False,False
8488364703999,1,115.99,92.1,79.4,100.0,D2,D2,Direct / Organic,Clear Protein,SG,False,2025-11,2025,1,False,False,False
7756456820991,1,143.64,92.03,64.1,100.0,D2,D4,Direct / Organic,Accessories,MY,False,2024-08,2024,3,False,False,False
8896736788735,1,128.0,91.96,71.8,100.0,D2,D2,Direct / Organic,Clear Protein,SG,False,2026-03,2026,2,False,False,False
7671933108479,1,96.67,91.7,94.9,100.0,D2,D5,Subscription,Clear Protein,SG,False,2024-12,2024,2,False,False,False
8055235969279,1,129.5,91.7,70.8,100.0,D2,D3,Direct / Organic,Clear Protein,SG,False,2025-05,2025,2,False,False,False
8094545182975,1,128.9,91.7,71.1,100.0,D2,D3,Direct / Organic,Lean Protein,SG,False,2025-05,2025,2,False,False,False
8161189069055,1,109.57,91.7,83.7,100.0,D2,D3,Direct / Organic,Clear Protein,SG,False,2025-06,2025,2,False,False,False
8247928389887,1,92.48,91.69,99.1,100.0,D2,D3,Direct / Organic,Other,SG,False,2025-08,2025,4,False,False,False
8895815352575,1,156.82,91.61,58.4,68.8,D2,D2,Direct / Organic,Lean Protein,SG,False,2026-03,2026,2,False,False,False
7756462227711,2,111.7,91.44,81.9,100.0,D2,D1,Direct / Organic,Other,MY,False,2024-09,2024,2,False,True,False
8800401883391,1,108.99,91.44,83.9,100.0,D2,D2,Subscription,Clear Protein,SG,True,2026-02,2026,1,False,False,False
7756199952639,4,206.47,91.15,44.1,100.0,D2,D1,Subscription,Other,MY,True,2023-12,2023,2,False,True,False
8304218046719,2,120.4,91.14,75.7,100.0,D2,D1,Subscription,Accessories,SG,True,2025-09,2025,2,False,True,False
7756215746815,2,128.51,91.12,70.9,100.0,D2,D1,Direct / Organic,Lean Protein,MY,False,2024-05,2024,2,False,True,False
7707724022015,1,128.9,91.07,70.7,100.0,D2,D5,Subscription,Lean Protein,SG,False,2024-12,2024,2,False,False,False
7723877564671,1,128.9,91.07,70.7,100.0,D2,D5,Subscription,Lean Protein,SG,False,2025-01,2025,2,False,False,False
7728017015039,1,109.56,91.07,83.1,100.0,D2,D5,Subscription,Clear Protein,SG,False,2024-12,2024,2,False,False,False
7867022213375,1,116.01,91.07,78.5,100.0,D2,D3,Direct / Organic,Clear Protein,SG,False,2025-02,2025,2,False,False,False
7977957818623,1,128.9,91.07,70.7,100.0,D2,D3,Paid Social,Clear Protein,SG,False,2025-04,2025,2,False,False,False
8121945030911,1,116.01,91.07,78.5,100.0,D2,D3,Direct / Organic,Lean Protein,SG,False,2025-06,2025,2,False,False,False
8171262771455,1,128.9,91.07,70.7,100.0,D2,D3,Direct / Organic,Lean Protein,SG,False,2025-07,2025,2,False,False,False
6423596499199,2,237.47,91.07,38.3,0.0,D2,D2,Subscription,Unknown,SG,False,2022-02,2022,1,False,False,False
7756409667839,3,155.58,91.03,58.5,100.0,D2,D1,Direct / Organic,Other,MY,False,2024-03,2024,5,False,True,False
7756001804543,4,154.15,90.92,59.0,60.9,D2,D1,Direct / Organic,Unknown,MY,False,2022-04,2022,3,False,True,False
8683550081279,1,121.43,90.89,74.8,100.0,D2,D2,Direct / Organic,Other,SG,False,2026-01,2026,2,False,False,False
8435695354111,2,131.08,90.85,69.3,100.0,D2,D1,Paid Social,Accessories,SG,False,2025-10,2025,4,False,True,False
8393520251135,1,119.18,90.74,76.1,100.0,D2,D2,Paid Social,Lean Protein,SG,False,2025-10,2025,3,False,False,False
7755927912703,4,215.99,90.56,41.9,100.0,D2,D1,Subscription,Accessories,MY,True,2023-12,2023,3,False,True,False
7476608958719,1,90.79,90.53,99.7,100.0,D2,D5,Subscription,Clear Protein,SG,False,2024-09,2024,3,False,False,False
6327719330047,2,149.71,90.47,60.4,73.1,D2,D2,Subscription,Unknown,SG,False,2022-06,2022,3,False,False,False
8802529640703,2,132.31,90.43,68.3,100.0,D2,D1,Subscription,Lean Protein,SG,True,2026-02,2026,2,False,True,False
7756357796095,8,254.35,90.43,35.6,100.0,D2,D1,Subscription,Collagen Glow,MY,True,2023-03,2023,1,False,True,False
8368009117951,1,108.82,90.4,83.1,100.0,D2,D2,Paid Social,Clear Protein,SG,False,2025-10,2025,3,False,False,False
8090152206591,5,128.97,90.37,70.1,100.0,D2,D1,Affiliate,Accessories,SG,True,2025-05,2025,3,False,True,False
8767346180351,1,127.13,90.35,71.1,100.0,D2,D2,Direct / Organic,Clear Protein,SG,False,2026-02,2026,1,False,False,False
6327689543935,3,230.49,90.24,39.1,0.0,D2,D1,Subscription,Unknown,SG,False,2022-03,2022,1,False,True,False
7756428509439,5,139.94,90.15,64.4,100.0,D2,D1,Subscription,Collagen Glow,MY,True,2024-05,2024,4,False,True,False
7756486672639,5,162.27,90.12,55.5,100.0,D2,D1,Subscription,Collagen Glow,MY,True,2024-12,2024,1,False,True,False
8298977493247,1,129.7,90.11,69.5,100.0,D2,D3,Direct / Organic,Lean Protein,SG,False,2025-09,2025,3,False,False,False
8841594208511,1,126.81,90.03,71.0,100.0,D2,D2,Direct / Organic,Clear Protein,SG,False,2026-03,2026,1,False,False,False
8898839871743,1,126.78,90.0,71.0,100.0,D2,D2,Paid Social,Clear Protein,SG,False,2026-03,2026,1,False,False,False
6329694552319,1,126.76,89.98,71.0,100.0,D2,D5,Direct / Organic,Clear Protein,SG,False,2026-03,2026,1,False,False,False
8796338585855,1,123.38,89.94,72.9,100.0,D2,D2,Direct / Organic,Clear Protein,SG,False,2026-02,2026,2,False,False,False
7756468519167,1,99.25,89.93,90.6,100.0,D2,D4,Direct / Organic,Other,MY,False,2024-09,2024,2,False,False,False
8310473425151,1,93.9,89.86,95.7,100.0,D2,D3,Direct / Organic,Other,SG,False,2025-09,2025,3,False,False,False
6327614800127,1,224.62,89.85,40.0,0.0,D2,D5,Subscription,Unknown,SG,False,2022-06,2022,1,False,False,False
8748175589631,1,126.62,89.84,71.0,100.0,D2,D2,Direct / Organic,Clear Protein,SG,False,2026-02,2026,1,False,False,False
7756378931455,3,147.58,89.83,60.9,100.0,D2,D1,Direct / Organic,Other,MY,False,2023-09,2023,2,False,True,False
8289248674047,1,113.9,89.78,78.8,100.0,D2,D3,Direct / Organic,Clear Protein,SG,False,2025-08,2025,1,False,False,False
8097477132543,1,122.9,89.72,73.0,100.0,D2,D3,Subscription,Accessories,SG,True,2025-06,2025,3,False,False,False
7168840892671,1,115.92,89.63,77.3,100.0,D2,D5,Subscription,Collagen Glow,SG,False,2024-04,2024,3,False,False,False
7756414091519,2,111.75,89.57,80.2,100.0,D2,D1,Direct / Organic,Other,MY,False,2024-03,2024,2,False,True,False
8759001809151,1,127.7,89.34,70.0,100.0,D2,D2,Subscription,Clear Protein,SG,True,2026-02,2026,2,False,False,False
8767300337919,1,127.7,89.34,70.0,100.0,D2,D2,Subscription,Clear Protein,SG,True,2026-02,2026,2,False,False,False
8796446458111,1,127.7,89.34,70.0,100.0,D2,D2,Subscription,Clear Protein,SG,True,2026-02,2026,2,False,False,False
6327696425215,1,131.24,89.32,68.1,80.2,D2,D5,Subscription,Collagen Glow,SG,True,2023-04,2023,3,False,False,False
6644955775231,3,209.3,89.13,42.6,29.7,D2,D1,Direct / Organic,Unknown,MY,False,2022-01,2022,2,False,True,False
8791594074367,1,126.5,89.11,70.4,100.0,D2,D2,Direct / Organic,Lean Protein,SG,False,2026-02,2026,2,False,False,False
6336720011519,1,222.28,88.91,40.0,0.0,D2,D5,Subscription,Unknown,SG,False,2022-06,2022,1,False,False,False
7756263817471,2,131.25,88.86,67.7,100.0,D2,D1,Direct / Organic,Collagen Glow,MY,False,2023-01,2023,2,False,True,False
7756430213375,4,127.82,88.72,69.4,91.9,D2,D1,Subscription,Other,MY,True,2024-05,2024,3,False,True,False
6336694845695,1,226.62,88.69,39.1,0.0,D2,D5,Subscription,Unknown,SG,False,2022-02,2022,1,False,False,False
6532495900927,2,123.63,88.68,71.7,100.0,D2,D2,Subscription,Clear Protein,SG,False,2024-03,2024,4,False,False,False
8763296612607,2,129.74,88.45,68.2,100.0,D2,D1,Direct / Organic,Other,SG,False,2026-02,2026,2,False,True,False
7756000788735,2,129.85,88.45,68.1,26.1,D2,D2,Direct / Organic,Unknown,MY,False,2022-09,2022,1,False,False,False
8445726687487,1,113.51,88.27,77.8,100.0,D2,D2,Subscription,Clear Protein,SG,True,2025-10,2025,2,False,False,False
6329625379071,1,111.12,88.2,79.4,100.0,D2,D5,Subscription,Other,SG,False,2024-03,2024,2,False,False,False
7756439683327,2,119.13,88.13,74.0,100.0,D2,D1,Direct / Organic,Accessories,MY,True,2024-06,2024,3,False,True,False
8415875727615,1,97.5,88.01,90.3,100.0,D2,D2,Direct / Organic,Other,SG,False,2025-10,2025,2,False,False,False
7755919819007,2,219.71,87.88,40.0,0.0,D2,D2,Direct / Organic,Unknown,MY,False,2022-08,2022,1,False,False,False
6327761830143,2,229.42,87.85,38.3,0.0,D2,D2,Subscription,Unknown,SG,False,2022-04,2022,1,False,False,False
7756430180607,2,120.78,87.81,72.7,100.0,D2,D1,Direct / Organic,Other,MY,False,2024-05,2024,3,False,True,False
8147523043583,1,113.8,87.64,77.0,100.0,D2,D3,Direct / Organic,Other,SG,False,2025-06,2025,3,False,False,False
6336692224255,1,123.31,87.6,71.0,100.0,D2,D5,Subscription,Other,SG,False,2023-02,2023,1,False,False,False
6644271644927,2,139.6,87.6,62.8,100.0,D2,D2,Subscription,Other,SG,False,2023-04,2023,1,False,False,False
7304430321919,2,118.17,87.58,74.1,100.0,D2,D2,Subscription,Other,SG,False,2024-06,2024,2,False,False,False
6716826288383,1,138.98,87.51,63.0,82.4,D2,D5,Direct / Organic,Other,MY,False,2023-06,2023,2,False,False,False
7756027429119,3,145.65,87.44,60.0,48.0,D2,D1,Direct / Organic,Unknown,MY,False,2022-04,2022,2,False,True,False
7946949165311,2,124.2,87.42,70.4,100.0,D2,D1,Subscription,Clear Protein,SG,True,2025-04,2025,1,False,True,False
8015956279551,2,124.2,87.42,70.4,100.0,D2,D1,Subscription,Clear Protein,SG,True,2025-05,2025,1,False,True,False
8035905110271,2,117.99,87.42,74.1,100.0,D2,D1,Subscription,Clear Protein,SG,True,2025-05,2025,1,False,True,False
8079432679679,2,124.2,87.42,70.4,100.0,D2,D1,Subscription,Clear Protein,SG,True,2025-05,2025,1,False,True,False
8082604687615,2,114.88,87.42,76.1,100.0,D2,D1,Subscription,Clear Protein,SG,True,2025-05,2025,1,False,True,False
8115150946559,1,124.2,87.42,70.4,100.0,D2,D3,Subscription,Clear Protein,SG,True,2025-06,2025,1,False,False,False
8119165911295,1,111.78,87.42,78.2,100.0,D2,D3,Subscription,Clear Protein,SG,True,2025-06,2025,1,False,False,False
8459023909119,1,124.2,87.42,70.4,100.0,D2,D2,Direct / Organic,Clear Protein,SG,False,2026-02,2026,1,False,False,False
8763046232319,1,124.2,87.42,70.4,100.0,D2,D2,Direct / Organic,Clear Protein,SG,False,2026-02,2026,1,False,False,False
8765608427775,1,124.2,87.42,70.4,100.0,D2,D2,Direct / Organic,Clear Protein,SG,False,2026-02,2026,1,False,False,False
8780621709567,1,124.2,87.42,70.4,100.0,D2,D2,Direct / Organic,Clear Protein,SG,False,2026-02,2026,1,False,False,False
8800267174143,1,124.2,87.42,70.4,100.0,D2,D2,Direct / Organic,Clear Protein,SG,False,2026-02,2026,1,False,False,False
8811190157567,1,124.2,87.42,70.4,100.0,D2,D2,Direct / Organic,Clear Protein,SG,False,2026-02,2026,1,False,False,False
8885362819327,1,124.2,87.42,70.4,100.0,D2,D2,Direct / Organic,Clear Protein,SG,False,2026-03,2026,1,False,False,False
8856763826431,1,123.35,87.31,70.8,100.0,D2,D2,Subscription,Lean Protein,SG,True,2026-03,2026,2,False,False,False
8800596754687,1,118.71,87.24,73.5,100.0,D2,D2,Direct / Organic,Clear Protein,SG,False,2026-02,2026,3,False,False,False
7756485656831,1,120.03,87.23,72.7,100.0,D2,D4,Direct / Organic,Accessories,MY,False,2024-12,2024,3,False,False,False
7756037128447,2,217.89,87.16,40.0,0.0,D2,D1,Direct / Organic,Unknown,MY,False,2022-04,2022,1,False,True,False
8708128473343,1,115.11,87.04,75.6,100.0,D2,D2,Direct / Organic,Lean Protein,SG,False,2026-01,2026,2,False,False,False
7845454479615,1,126.21,86.8,68.8,100.0,D2,D3,Paid Social,Lean Protein,SG,False,2025-05,2025,3,False,False,False
8867118907647,1,111.83,86.79,77.6,100.0,D2,D2,Paid Social,Clear Protein,SG,False,2026-03,2026,3,False,False,False
7756469010687,2,113.81,86.73,76.2,100.0,D2,D1,Subscription,Lean Protein,MY,True,2024-09,2024,2,False,True,False
7756461244671,3,123.13,86.7,70.4,100.0,D2,D1,Direct / Organic,Other,MY,False,2024-08,2024,2,False,True,False
7756462326015,2,126.03,86.52,68.7,100.0,D2,D1,Direct / Organic,Clear Protein,MY,False,2024-09,2024,1,False,True,False
7756038373631,3,224.18,86.4,38.5,0.0,D2,D1,Direct / Organic,Unknown,MY,False,2022-04,2022,1,False,True,False
6327673618687,2,225.76,86.38,38.3,0.0,D2,D2,Subscription,Unknown,SG,False,2022-05,2022,1,False,False,False
7756440305919,3,140.68,86.23,61.3,100.0,D2,D1,Direct / Organic,Lean Protein,MY,False,2024-06,2024,1,False,True,False
6328281137407,4,107.64,86.08,80.0,100.0,D2,D1,Subscription,Other,SG,True,2025-08,2025,1,False,True,False
7312284057855,1,91.58,85.93,93.8,100.0,D2,D5,Subscription,Clear Protein,SG,True,2024-05,2024,3,False,False,False
7756396921087,7,213.36,85.9,40.3,92.8,D2,D1,Subscription,Other,MY,True,2023-12,2023,3,False,True,False
8094505500927,1,106.1,85.72,80.8,100.0,D2,D3,Direct / Organic,Accessories,SG,False,2025-05,2025,3,False,False,False
8226074820863,1,120.49,85.63,71.1,100.0,D2,D3,Email,Lean Protein,SG,False,2025-08,2025,1,False,False,False
8715066867967,2,135.19,85.54,63.3,100.0,D2,D1,Direct / Organic,Clear Protein,SG,True,2026-01,2026,3,False,True,False
6929385324799,1,141.26,85.52,60.5,79.9,D2,D5,Subscription,Other,SG,False,2023-12,2023,2,False,False,False
7886223180031,1,103.76,85.34,82.2,100.0,D2,D3,Direct / Organic,Clear Protein,SG,False,2025-03,2025,2,False,False,False
8144255942911,2,91.07,85.31,93.7,100.0,D2,D1,Subscription,Soy Protein,SG,True,2025-06,2025,1,False,True,False
7756363104511,4,123.08,85.04,69.1,100.0,D2,D1,Subscription,Unknown,MY,True,2023-06,2023,2,False,True,False
8293395071231,1,122.5,84.88,69.3,100.0,D2,D3,Direct / Organic,Lean Protein,SG,False,2025-08,2025,1,False,False,False
7107881697535,1,163.62,84.72,51.8,100.0,D2,D5,Subscription,Other,SG,False,2024-03,2024,2,False,False,False
7055525249279,1,166.34,84.65,50.9,100.0,D2,D5,Subscription,Other,SG,False,2024-02,2024,2,False,False,False
8837740986623,1,121.4,84.62,69.7,100.0,D2,D2,Subscription,Clear Protein,SG,True,2026-03,2026,1,False,False,False
7756376637695,1,98.07,84.61,86.3,100.0,D2,D4,Direct / Organic,Other,MY,False,2023-08,2023,1,False,False,False
8482740830463,1,101.83,84.5,83.0,100.0,D2,D2,Direct / Organic,Lean Protein,SG,False,2025-10,2025,1,False,False,False
8687142535423,1,101.83,84.5,83.0,100.0,D2,D2,Direct / Organic,Lean Protein,SG,False,2026-01,2026,1,False,False,False
8312613896447,1,113.67,84.41,74.3,100.0,D2,D3,Subscription,Clear Protein,SG,True,2025-09,2025,2,False,False,False
7929521078527,3,128.08,84.33,65.8,100.0,D2,D1,Paid Social,Clear Protein,SG,False,2025-03,2025,3,False,True,False
8241444520191,1,122.52,84.27,68.8,100.0,D2,D3,Direct / Organic,Lean Protein,SG,False,2025-08,2025,1,False,False,False
8248092655871,1,110.26,84.25,76.4,100.0,D2,D3,Direct / Organic,Lean Protein,SG,False,2025-08,2025,1,False,False,False
8422907248895,1,119.8,83.99,70.1,100.0,D2,D2,Direct / Organic,Lean Protein,SG,False,2025-10,2025,1,False,False,False
8716791546111,1,114.0,83.99,73.7,100.0,D2,D2,Direct / Organic,Lean Protein,SG,False,2026-01,2026,1,False,False,False
8717736640767,1,114.0,83.99,73.7,100.0,D2,D2,Direct / Organic,Lean Protein,SG,False,2026-01,2026,1,False,False,False
8794639859967,1,101.83,83.99,82.5,100.0,D2,D2,Direct / Organic,Lean Protein,SG,False,2026-02,2026,1,False,False,False
6554631667967,5,152.99,83.97,54.9,36.1,D2,D1,Subscription,Unknown,SG,True,2023-02,2023,2,False,True,False
8349350920447,1,97.94,83.94,85.7,100.0,D2,D3,Paid Social,Other,SG,False,2025-09,2025,3,False,False,False
7829412086015,1,174.36,83.88,48.1,100.0,D2,D3,Direct / Organic,Other,MY,False,2023-02,2023,1,False,False,False
7206147490047,1,128.36,83.65,65.2,100.0,D2,D5,Subscription,Other,SG,False,2024-04,2024,3,False,False,False
6328275697919,1,208.76,83.5,40.0,0.0,D2,D5,Subscription,Unknown,SG,False,2022-06,2022,1,False,False,False
8899717791999,1,120.28,83.5,69.4,100.0,D2,D2,Subscription,Clear Protein,SG,True,2026-03,2026,1,False,False,False
7829327184127,1,97.59,83.48,85.5,100.0,D2,D3,Direct / Organic,Accessories,SG,False,2025-09,2025,3,False,False,False
7756430803199,1,95.01,83.47,87.9,100.0,D2,D4,Direct / Organic,Collagen Glow,MY,False,2024-05,2024,3,False,False,False
7756465570047,1,128.94,83.47,64.7,100.0,D2,D4,Direct / Organic,Clear Protein,MY,False,2024-09,2024,3,False,False,False
8288888717567,1,122.32,83.44,68.2,100.0,D2,D3,Direct / Organic,Lean Protein,SG,False,2025-08,2025,1,False,False,False
6532515332351,3,177.73,83.2,46.8,56.9,D2,D1,Direct / Organic,Unknown,MY,False,2022-12,2022,2,False,True,False
7755935547647,1,207.88,83.15,40.0,0.0,D2,D5,Direct / Organic,Unknown,MY,False,2022-08,2022,1,False,False,False
7755918934271,3,210.29,83.02,39.5,0.0,D2,D1,Direct / Organic,Unknown,MY,False,2022-02,2022,1,False,True,False
6352858775807,1,83.86,83.02,99.0,100.0,D2,D5,Subscription,Clear Protein,SG,False,2024-08,2024,1,False,False,False
7471355822335,1,94.8,83.02,87.6,100.0,D2,D5,Subscription,Clear Protein,SG,False,2024-08,2024,1,False,False,False
7471389180159,1,94.75,83.02,87.6,100.0,D2,D5,Subscription,Clear Protein,SG,False,2024-08,2024,1,False,False,False
7471478767871,1,94.8,83.02,87.6,100.0,D2,D5,Subscription,Clear Protein,SG,False,2024-08,2024,1,False,False,False
7471875326207,1,94.8,83.02,87.6,100.0,D2,D5,Subscription,Clear Protein,SG,False,2024-08,2024,1,False,False,False
7475184992511,2,83.86,83.02,99.0,100.0,D2,D2,Subscription,Clear Protein,SG,False,2024-08,2024,1,False,False,False
7475289653503,1,83.86,83.02,99.0,100.0,D2,D5,Subscription,Clear Protein,SG,False,2024-08,2024,1,False,False,False
7475301023999,1,83.86,83.02,99.0,100.0,D2,D5,Subscription,Clear Protein,SG,False,2024-08,2024,1,False,False,False
7475340181759,1,83.86,83.02,99.0,100.0,D2,D5,Subscription,Clear Protein,SG,False,2024-08,2024,1,False,False,False
7475370459391,1,83.86,83.02,99.0,100.0,D2,D5,Subscription,Clear Protein,SG,False,2024-08,2024,1,False,False,False
7475447496959,1,94.8,83.02,87.6,100.0,D2,D5,Subscription,Clear Protein,SG,False,2024-08,2024,1,False,False,False
7475480199423,1,83.86,83.02,99.0,100.0,D2,D5,Subscription,Clear Protein,SG,False,2024-08,2024,1,False,False,False
7475531383039,1,83.86,83.02,99.0,100.0,D2,D5,Subscription,Clear Protein,SG,False,2024-08,2024,1,False,False,False
7476462551295,1,83.86,83.02,99.0,100.0,D2,D5,Subscription,Clear Protein,SG,False,2024-09,2024,1,False,False,False
7476558364927,1,83.86,83.02,99.0,100.0,D2,D5,Subscription,Clear Protein,SG,False,2024-09,2024,1,False,False,False
7476578058495,1,83.86,83.02,99.0,100.0,D2,D5,Subscription,Clear Protein,SG,False,2024-09,2024,1,False,False,False
7476629799167,1,83.86,83.02,99.0,100.0,D2,D5,Subscription,Clear Protein,SG,False,2024-09,2024,1,False,False,False
7476681769215,1,83.86,83.02,99.0,100.0,D2,D5,Subscription,Clear Protein,SG,False,2024-09,2024,1,False,False,False
7476753400063,1,83.86,83.02,99.0,100.0,D2,D5,Subscription,Clear Protein,SG,False,2024-09,2024,1,False,False,False
7476778959103,1,83.86,83.02,99.0,100.0,D2,D5,Subscription,Clear Protein,SG,False,2024-09,2024,1,False,False,False
7476805697791,1,83.86,83.02,99.0,100.0,D2,D5,Subscription,Clear Protein,SG,False,2024-09,2024,1,False,False,False
7476822147327,1,83.86,83.02,99.0,100.0,D2,D5,Subscription,Clear Protein,SG,False,2024-09,2024,1,False,False,False
7476840038655,2,83.86,83.02,99.0,100.0,D2,D2,Subscription,Clear Protein,SG,False,2024-09,2024,1,False,False,False
7476875067647,1,83.86,83.02,99.0,100.0,D2,D5,Subscription,Clear Protein,SG,False,2024-09,2024,1,False,False,False
7476880802047,1,83.86,83.02,99.0,100.0,D2,D5,Subscription,Clear Protein,SG,False,2024-09,2024,1,False,False,False
7476882833663,1,83.86,83.02,99.0,100.0,D2,D5,Subscription,Clear Protein,SG,False,2024-09,2024,1,False,False,False
7476927922431,1,83.86,83.02,99.0,100.0,D2,D5,Subscription,Clear Protein,SG,False,2024-09,2024,1,False,False,False
7476928381183,1,83.86,83.02,99.0,100.0,D2,D5,Subscription,Clear Protein,SG,False,2024-09,2024,1,False,False,False
7493685543167,1,101.83,83.02,81.5,100.0,D2,D5,Subscription,Clear Protein,SG,False,2024-09,2024,1,False,False,False
7756486443263,1,96.35,83.0,86.1,100.0,D2,D4,Direct / Organic,Lean Protein,MY,False,2024-12,2024,3,False,False,False
7756474777855,1,117.68,82.81,70.4,100.0,D2,D4,Direct / Organic,Accessories,MY,False,2024-10,2024,3,False,False,False
6424475828479,1,100.53,82.62,82.2,100.0,D2,D5,Subscription,Collagen Glow,SG,False,2024-08,2024,3,False,False,False
8109213352191,2,119.38,82.6,69.2,100.0,D2,D1,Subscription,Clear Protein,SG,True,2025-06,2025,1,False,True,False
6329714376959,2,206.48,82.59,40.0,0.0,D2,D2,Subscription,Unknown,SG,False,2022-04,2022,1,False,False,False
6423592337663,2,216.25,82.58,38.2,0.0,D2,D2,Subscription,Unknown,SG,False,2022-01,2022,1,False,False,False
8343827972351,1,100.79,82.54,81.9,100.0,D2,D3,Direct / Organic,Lean Protein,SG,False,2025-09,2025,2,False,False,False
8111806447871,1,125.4,82.18,65.5,100.0,D2,D3,Direct / Organic,Lean Protein,SG,False,2025-06,2025,1,False,False,False
7756434899199,2,163.8,82.11,50.1,100.0,D2,D1,Direct / Organic,Other,MY,False,2024-06,2024,2,False,True,False
7756466061567,1,131.93,82.08,62.2,100.0,D2,D4,Direct / Organic,Collagen Glow,MY,False,2024-09,2024,3,False,False,False
8902720225535,1,122.34,82.05,67.1,100.0,D2,D2,Subscription,Other,SG,True,2026-03,2026,2,False,False,False
7476727906559,2,91.73,81.97,89.4,100.0,D2,D2,Subscription,Lean Protein,SG,False,2024-09,2024,2,False,False,False
7484961325311,1,113.81,81.97,72.0,100.0,D2,D5,Subscription,Lean Protein,SG,False,2024-09,2024,2,False,False,False
7489532428543,1,113.81,81.97,72.0,100.0,D2,D5,Subscription,Clear Protein,SG,False,2024-09,2024,2,False,False,False
6336760447231,2,209.41,81.8,39.1,0.0,D2,D2,Subscription,Unknown,SG,False,2022-04,2022,1,False,False,False
7756181373183,1,124.73,81.76,65.5,100.0,D2,D4,Subscription,Lean Protein,SG,True,2026-03,2026,3,False,False,False
8259196453119,1,122.24,81.7,66.8,100.0,D2,D3,Direct / Organic,Other,SG,False,2025-08,2025,2,False,False,False
6532515561727,3,142.7,81.61,57.2,100.0,D2,D1,Direct / Organic,Other,MY,False,2023-01,2023,3,False,True,False
7843278913791,2,129.6,81.55,62.9,100.0,D2,D1,Direct / Organic,Lean Protein,SG,False,2025-02,2025,1,False,True,False
7845034328319,1,119.8,81.55,68.1,100.0,D2,D3,Direct / Organic,Lean Protein,SG,False,2025-02,2025,1,False,False,False
7878869090559,1,119.8,81.55,68.1,100.0,D2,D3,Direct / Organic,Lean Protein,SG,False,2025-02,2025,1,False,False,False
8161186349311,1,101.83,81.55,80.1,100.0,D2,D3,Direct / Organic,Lean Protein,SG,False,2025-06,2025,1,False,False,False
8170778689791,1,119.8,81.55,68.1,100.0,D2,D3,Direct / Organic,Lean Protein,SG,False,2025-07,2025,1,False,False,False
8312130797823,1,119.8,81.55,68.1,100.0,D2,D3,Direct / Organic,Lean Protein,SG,False,2025-09,2025,1,False,False,False
8277078343935,1,103.24,81.53,79.0,100.0,D2,D3,Direct / Organic,Clear Protein,SG,False,2025-08,2025,2,False,False,False
8790289252607,1,107.1,81.49,76.1,100.0,D2,D2,Direct / Organic,Lean Protein,SG,False,2026-02,2026,2,False,False,False
6327629250815,1,100.74,81.4,80.8,100.0,D2,D5,Subscription,Other,SG,False,2023-01,2023,1,False,False,False
6616314282239,8,203.36,81.34,40.0,0.0,D2,D1,Subscription,Unknown,SG,True,2023-03,2023,1,False,True,False
8633915900159,2,115.74,81.34,70.3,100.0,D2,D1,Direct / Organic,Clear Protein,SG,False,2025-12,2025,1,False,True,False
8731505590527,1,108.0,81.34,75.3,100.0,D2,D2,Direct / Organic,Lean Protein,SG,False,2026-02,2026,2,False,False,False
8779021549823,1,108.0,81.34,75.3,100.0,D2,D2,Direct / Organic,Lean Protein,SG,False,2026-02,2026,2,False,False,False
8785318707455,1,108.0,81.34,75.3,100.0,D2,D2,Direct / Organic,Lean Protein,SG,False,2026-02,2026,2,False,False,False
8798376165631,1,108.0,81.34,75.3,100.0,D2,D2,Direct / Organic,Lean Protein,SG,False,2026-02,2026,2,False,False,False
7125782331647,1,106.2,81.22,76.5,100.0,D2,D5,Subscription,Clear Protein,SG,False,2024-04,2024,1,False,False,False
7126219489535,1,100.3,81.22,81.0,100.0,D2,D5,Subscription,Clear Protein,SG,False,2024-03,2024,1,False,False,False
7151788130559,1,106.2,81.22,76.5,100.0,D2,D5,Subscription,Clear Protein,SG,False,2024-03,2024,1,False,False,False
7154295111935,1,99.3,81.22,81.8,100.0,D2,D5,Subscription,Clear Protein,SG,False,2024-04,2024,1,False,False,False
7154553553151,1,99.3,81.22,81.8,100.0,D2,D5,Subscription,Clear Protein,SG,False,2024-03,2024,1,False,False,False
7155253117183,1,99.3,81.22,81.8,100.0,D2,D5,Subscription,Clear Protein,SG,False,2024-03,2024,1,False,False,False
7155442090239,1,99.3,81.22,81.8,100.0,D2,D5,Subscription,Clear Protein,SG,False,2024-03,2024,1,False,False,False
7158892429567,1,112.1,81.22,72.5,100.0,D2,D5,Subscription,Clear Protein,SG,False,2024-04,2024,1,False,False,False
7168931725567,1,100.3,81.22,81.0,100.0,D2,D5,Subscription,Clear Protein,SG,False,2024-04,2024,1,False,False,False
7182578843903,1,106.2,81.22,76.5,100.0,D2,D5,Subscription,Clear Protein,SG,False,2024-04,2024,1,False,False,False
7218224693503,1,100.3,81.22,81.0,100.0,D2,D5,Subscription,Clear Protein,SG,False,2024-04,2024,1,False,False,False
7241275932927,1,100.3,81.22,81.0,100.0,D2,D5,Subscription,Clear Protein,SG,False,2024-04,2024,1,False,False,False
7252347551999,1,94.4,81.22,86.0,100.0,D2,D5,Subscription,Clear Protein,SG,False,2024-04,2024,1,False,False,False
7252477477119,1,94.4,81.22,86.0,100.0,D2,D5,Subscription,Clear Protein,SG,False,2024-04,2024,1,False,False,False
7279632613631,1,87.5,81.22,92.8,100.0,D2,D5,Subscription,Clear Protein,SG,False,2024-05,2024,1,False,False,False
7308613058815,1,87.5,81.22,92.8,100.0,D2,D5,Subscription,Clear Protein,SG,False,2024-05,2024,1,False,False,False
7316711014655,1,112.1,81.22,72.5,100.0,D2,D5,Subscription,Clear Protein,SG,False,2024-06,2024,1,False,False,False
7434780836095,1,112.1,81.22,72.5,100.0,D2,D5,Subscription,Clear Protein,SG,False,2024-08,2024,1,False,False,False
7446789619967,1,112.1,81.22,72.5,100.0,D2,D5,Subscription,Clear Protein,SG,False,2024-08,2024,1,False,False,False
8029078454527,1,118.0,81.22,68.8,100.0,D2,D3,Subscription,Clear Protein,SG,True,2026-03,2026,1,False,False,False
8721983963391,1,118.0,81.22,68.8,100.0,D2,D2,Subscription,Clear Protein,SG,True,2026-01,2026,1,False,False,False
8854738862335,1,118.0,81.22,68.8,100.0,D2,D2,Subscription,Clear Protein,SG,True,2026-03,2026,1,False,False,False
8875121836287,1,118.0,81.22,68.8,100.0,D2,D2,Subscription,Clear Protein,SG,True,2026-03,2026,1,False,False,False
8325712871679,1,106.54,81.18,76.2,100.0,D2,D3,Paid Social,Clear Protein,SG,False,2025-09,2025,2,False,False,False
7756477628671,2,101.54,81.09,79.9,100.0,D2,D1,Subscription,Clear Protein,MY,True,2024-11,2024,2,False,True,False
7308139725055,1,88.13,81.07,92.0,100.0,D2,D5,Subscription,Lean Protein,SG,False,2024-05,2024,2,False,False,False
7311522038015,1,88.13,81.07,92.0,100.0,D2,D5,Subscription,Clear Protein,SG,False,2024-05,2024,2,False,False,False
8789820375295,1,96.12,81.06,84.3,100.0,D2,D2,Direct / Organic,Clear Protein,SG,False,2026-02,2026,2,False,False,False
7891339510015,1,111.0,81.05,73.0,100.0,D2,D3,Direct / Organic,Clear Protein,SG,False,2025-03,2025,2,False,False,False
7756038308095,1,202.5,81.0,40.0,0.0,D2,D4,Direct / Organic,Unknown,MY,False,2022-04,2022,1,False,False,False
7756033720575,1,214.44,80.93,37.7,0.0,D2,D4,Direct / Organic,Unknown,MY,False,2022-05,2022,1,False,False,False
7312475947263,1,83.86,80.92,96.5,100.0,D2,D5,Subscription,Lean Protein,SG,False,2024-08,2024,1,False,False,False
7475199344895,1,83.86,80.92,96.5,100.0,D2,D5,Subscription,Lean Protein,SG,False,2024-08,2024,1,False,False,False
7477933015295,1,113.81,80.92,71.1,100.0,D2,D5,Subscription,Lean Protein,SG,False,2024-09,2024,1,False,False,False
7877314773247,1,101.83,80.92,79.5,100.0,D2,D3,Direct / Organic,Lean Protein,SG,False,2025-02,2025,1,False,False,False
7894442672383,2,117.72,80.92,68.7,100.0,D2,D1,Affiliate,Lean Protein,SG,False,2025-03,2025,1,False,True,False
7967067177215,2,129.8,80.92,62.3,100.0,D2,D1,Paid Social,Lean Protein,SG,False,2025-04,2025,1,False,True,False
8165022564607,1,107.82,80.92,75.1,100.0,D2,D3,Direct / Organic,Lean Protein,SG,False,2025-06,2025,1,False,False,False
8166847676671,1,107.82,80.92,75.1,100.0,D2,D3,Direct / Organic,Lean Protein,SG,False,2025-06,2025,1,False,False,False
8166912459007,1,107.82,80.92,75.1,100.0,D2,D3,Direct / Organic,Lean Protein,SG,False,2025-06,2025,1,False,False,False
8337704026367,1,105.74,80.92,76.5,78.1,D2,D3,Direct / Organic,Unknown,SG,False,2025-09,2025,3,False,False,False
8000261095679,1,92.48,80.82,87.4,100.0,D2,D3,Direct / Organic,Other,SG,False,2025-05,2025,4,False,False,False
7756033458431,1,201.84,80.74,40.0,0.0,D2,D4,Direct / Organic,Unknown,MY,False,2022-05,2022,1,False,False,False
7944904311039,1,94.15,80.48,85.5,100.0,D2,D3,Direct / Organic,Clear Protein,SG,False,2025-04,2025,2,False,False,False
8875701960959,1,116.26,80.45,69.2,100.0,D2,D2,Paid Social,Lean Protein,SG,False,2026-03,2026,1,False,False,False
7516977463551,1,113.81,80.4,70.6,100.0,D2,D5,Subscription,Clear Protein,SG,False,2024-09,2024,3,False,False,False
8077416464639,1,108.8,80.38,73.9,100.0,D2,D3,Paid Social,Clear Protein,SG,False,2025-05,2025,3,False,False,False
8904738275583,1,98.72,80.33,81.4,100.0,D2,D2,Subscription,Lean Protein,SG,True,2026-03,2026,1,False,False,False
7476861501695,2,83.86,80.31,95.8,100.0,D2,D2,Subscription,Other,SG,False,2024-09,2024,2,False,False,False
7480472994047,1,94.75,80.31,84.8,100.0,D2,D5,Subscription,Clear Protein,SG,False,2024-09,2024,2,False,False,False
7490946433279,1,113.81,80.31,70.6,100.0,D2,D5,Subscription,Other,SG,False,2024-09,2024,2,False,False,False
8407616291071,1,104.8,80.29,76.6,100.0,D2,D2,Direct / Organic,Other,SG,False,2025-10,2025,2,False,False,False
8093656678655,1,116.52,80.22,68.8,100.0,D2,D3,Direct / Organic,Clear Protein,SG,False,2025-05,2025,2,False,False,False
7755946361087,1,200.54,80.21,40.0,0.0,D2,D5,Direct / Organic,Unknown,MY,False,2022-08,2022,1,False,False,False
7756487655679,4,130.69,79.89,61.1,100.0,D2,D1,Subscription,Other,MY,True,2024-12,2024,1,False,True,False
8817306009855,1,104.93,79.89,76.1,100.0,D2,D2,Direct / Organic,Clear Protein,SG,False,2026-03,2026,3,False,False,False
8311560995071,2,113.5,79.88,70.4,100.0,D2,D1,Paid Social,Other,SG,False,2025-09,2025,3,False,True,False
7755925487871,4,202.18,79.78,39.5,0.0,D2,D1,Direct / Organic,Unknown,MY,False,2022-01,2022,1,False,True,False
7847033995519,1,116.03,79.73,68.7,100.0,D2,D3,Direct / Organic,Clear Protein,SG,False,2025-02,2025,2,False,False,False
7251086573823,1,108.0,79.5,73.6,100.0,D2,D5,Subscription,Unknown,SG,True,2024-04,2024,4,False,False,False
7363427959039,1,94.08,79.5,84.5,100.0,D2,D5,Subscription,Clear Protein,SG,False,2024-06,2024,3,False,False,False
8820475494655,2,123.19,79.49,64.5,100.0,D2,D1,Subscription,Lean Protein,SG,True,2026-03,2026,2,False,True,False
7148373213439,1,101.06,79.41,78.6,100.0,D2,D5,Subscription,Other,SG,False,2024-03,2024,2,False,False,False
7257876594943,1,94.07,79.41,84.4,100.0,D2,D5,Subscription,Other,SG,False,2024-05,2024,2,False,False,False
7294782996735,1,112.95,79.41,70.3,100.0,D2,D5,Subscription,Other,SG,False,2024-05,2024,2,False,False,False
7313721196799,1,112.95,79.41,70.3,100.0,D2,D5,Subscription,Other,SG,False,2024-05,2024,2,False,False,False
8143262155007,1,98.68,79.32,80.4,100.0,D2,D3,Subscription,Clear Protein,SG,True,2025-06,2025,1,False,False,False
7756019335423,2,203.73,79.31,38.9,0.0,D2,D2,Direct / Organic,Unknown,MY,False,2022-08,2022,1,False,False,False
7306157261055,1,101.83,79.26,77.8,100.0,D2,D5,Subscription,Lean Protein,SG,False,2024-05,2024,2,False,False,False
7567909912831,1,107.82,79.26,73.5,100.0,D2,D5,Subscription,Other,SG,False,2024-10,2024,2,False,False,False
7756266242303,1,115.79,79.21,68.4,100.0,D2,D4,Direct / Organic,Collagen Glow,MY,False,2023-01,2023,1,False,False,False
8286039703807,1,118.9,79.19,66.6,100.0,D2,D3,Direct / Organic,Lean Protein,SG,False,2025-08,2025,1,False,False,False
7230763499775,1,121.32,79.18,65.3,100.0,D2,D5,Subscription,Other,SG,False,2024-04,2024,2,False,False,False
8341214560511,1,123.06,79.11,64.3,100.0,D2,D3,Direct / Organic,Lean Protein,SG,False,2026-01,2026,2,False,False,False
7955058655487,2,121.81,78.91,64.8,100.0,D2,D1,Direct / Organic,Lean Protein,SG,False,2025-04,2025,2,False,True,False
8338561401087,1,93.9,78.89,84.0,78.1,D2,D3,Direct / Organic,Accessories,SG,False,2025-09,2025,3,False,False,False
8698453983487,2,107.35,78.89,73.5,100.0,D2,D1,Direct / Organic,Clear Protein,SG,False,2026-01,2026,2,False,True,False
8035262234879,1,116.01,78.81,67.9,100.0,D2,D3,Subscription,Lean Protein,SG,True,2025-05,2025,2,False,False,False
8125883908351,1,104.4,78.81,75.5,100.0,D2,D3,Subscription,Lean Protein,SG,True,2025-06,2025,2,False,False,False
7884680397055,1,111.0,78.77,71.0,100.0,D2,D3,Direct / Organic,Lean Protein,SG,False,2025-03,2025,3,False,False,False
7523193225471,1,78.89,78.64,99.7,100.0,D2,D5,Subscription,Collagen Glow,SG,False,2024-09,2024,3,False,False,False
8811892932863,1,115.3,78.52,68.1,100.0,D2,D2,Subscription,Clear Protein,SG,True,2026-02,2026,1,False,False,False
7756398035199,3,149.95,78.5,52.3,100.0,D2,D1,Direct / Organic,Other,MY,False,2023-12,2023,1,False,True,False
8726668050687,2,107.02,78.49,73.3,100.0,D2,D1,Subscription,Clear Protein,SG,True,2026-01,2026,2,False,True,False
7756464783615,2,129.28,78.31,60.6,100.0,D2,D1,Direct / Organic,Other,MY,False,2024-09,2024,1,False,True,False
7756418941183,2,136.41,78.27,57.4,91.8,D2,D1,Direct / Organic,Accessories,MY,False,2024-04,2024,4,False,True,False
8828478980351,1,100.97,78.25,77.5,100.0,D2,D2,Direct / Organic,Collagen Glow,SG,False,2026-03,2026,3,False,False,False
7756433883391,2,90.81,78.22,86.1,100.0,D2,D1,Subscription,Soy Protein,MY,True,2024-06,2024,2,False,True,False
8133545754879,1,116.01,78.18,67.4,100.0,D2,D3,Subscription,Lean Protein,SG,True,2025-06,2025,2,False,False,False
6329860260095,1,199.56,77.86,39.0,0.0,D2,D5,Subscription,Unknown,SG,False,2022-01,2022,1,False,False,False
8731388903679,1,114.62,77.84,67.9,100.0,D2,D2,Subscription,Clear Protein,SG,True,2026-02,2026,1,False,False,False
7756408750335,1,108.82,77.77,71.5,100.0,D2,D4,Direct / Organic,Clear Protein,MY,False,2024-02,2024,1,False,False,False
7756411470079,1,97.94,77.77,79.4,100.0,D2,D4,Direct / Organic,Clear Protein,MY,False,2024-03,2024,1,False,False,False
7756415303935,1,108.82,77.77,71.5,100.0,D2,D4,Direct / Organic,Clear Protein,MY,False,2024-03,2024,1,False,False,False
7756421595391,1,108.82,77.77,71.5,100.0,D2,D4,Direct / Organic,Other,MY,False,2024-04,2024,2,False,False,False
7756421726463,1,91.64,77.77,84.9,100.0,D2,D4,Direct / Organic,Other,MY,False,2024-04,2024,2,False,False,False
7756428771583,1,80.18,77.77,97.0,100.0,D2,D4,Direct / Organic,Clear Protein,MY,False,2024-05,2024,1,False,False,False
7756431327487,1,80.18,77.77,97.0,100.0,D2,D4,Direct / Organic,Clear Protein,MY,False,2024-05,2024,1,False,False,False
7756434407679,1,85.91,77.77,90.5,100.0,D2,D4,Direct / Organic,Clear Protein,MY,False,2024-06,2024,1,False,False,False
7756435521791,1,108.82,77.77,71.5,100.0,D2,D4,Direct / Organic,Clear Protein,MY,False,2024-06,2024,1,False,False,False
7756435751167,1,108.82,77.77,71.5,100.0,D2,D4,Direct / Organic,Clear Protein,MY,False,2024-06,2024,1,False,False,False
7756437520639,1,108.82,77.77,71.5,100.0,D2,D4,Direct / Organic,Clear Protein,MY,False,2024-06,2024,1,False,False,False
7756439716095,1,91.64,77.77,84.9,100.0,D2,D4,Direct / Organic,Clear Protein,MY,False,2024-06,2024,1,False,False,False
7756440043775,1,91.64,77.77,84.9,100.0,D2,D4,Direct / Organic,Clear Protein,MY,False,2024-06,2024,1,False,False,False
7756440240383,1,91.64,77.77,84.9,100.0,D2,D4,Direct / Organic,Clear Protein,MY,False,2024-06,2024,1,False,False,False
7756446793983,1,108.82,77.77,71.5,100.0,D2,D4,Direct / Organic,Clear Protein,MY,False,2024-08,2024,1,False,False,False
7756460458239,1,108.82,77.77,71.5,100.0,D2,D4,Direct / Organic,Clear Protein,MY,False,2024-08,2024,1,False,False,False
7756462653695,1,108.82,77.77,71.5,100.0,D2,D4,Direct / Organic,Clear Protein,MY,False,2024-09,2024,1,False,False,False
7756465373439,1,97.36,77.77,79.9,100.0,D2,D4,Direct / Organic,Clear Protein,MY,False,2024-09,2024,1,False,False,False
7756465864959,1,108.82,77.77,71.5,100.0,D2,D4,Direct / Organic,Clear Protein,MY,False,2024-09,2024,1,False,False,False
7756466913535,1,108.82,77.77,71.5,100.0,D2,D4,Direct / Organic,Clear Protein,MY,False,2024-09,2024,1,False,False,False
7756467634431,1,82.91,77.77,93.8,100.0,D2,D4,Direct / Organic,Clear Protein,MY,False,2024-09,2024,1,False,False,False
7756467994879,1,80.18,77.77,97.0,100.0,D2,D4,Direct / Organic,Clear Protein,MY,False,2024-09,2024,1,False,False,False
7756468257023,1,80.18,77.77,97.0,100.0,D2,D4,Direct / Organic,Clear Protein,MY,False,2024-09,2024,1,False,False,False
7756468420863,1,86.24,77.77,90.2,100.0,D2,D4,Direct / Organic,Clear Protein,MY,False,2024-09,2024,1,False,False,False
7756469043455,1,80.18,77.77,97.0,100.0,D2,D4,Direct / Organic,Clear Protein,MY,False,2024-09,2024,1,False,False,False
7756469207295,1,108.82,77.77,71.5,100.0,D2,D4,Direct / Organic,Clear Protein,MY,False,2024-09,2024,1,False,False,False
7756469797119,1,80.18,77.77,97.0,100.0,D2,D4,Direct / Organic,Clear Protein,MY,False,2024-09,2024,1,False,False,False
6697080127743,2,77.09,77.67,100.8,100.0,D2,D2,Subscription,Soy Protein,SG,False,2023-06,2023,1,False,False,False
6327830610175,1,113.81,77.6,68.2,100.0,D2,D5,Subscription,Other,SG,False,2023-06,2023,1,False,False,False
6424534089983,1,113.81,77.6,68.2,100.0,D2,D5,Subscription,Other,SG,False,2023-09,2023,1,False,False,False
6689737474303,1,113.81,77.6,68.2,100.0,D2,D5,Subscription,Other,SG,False,2023-06,2023,1,False,False,False
6798553186559,2,94.6,77.6,82.0,100.0,D2,D2,Subscription,Other,SG,False,2023-10,2023,1,False,False,False
6964050362623,1,107.82,77.6,72.0,100.0,D2,D5,Subscription,Other,SG,False,2023-12,2023,1,False,False,False
7093066268927,1,113.81,77.6,68.2,100.0,D2,D5,Subscription,Other,SG,False,2024-02,2024,1,False,False,False
7117603078399,2,100.74,77.6,77.0,100.0,D2,D2,Subscription,Other,SG,False,2024-03,2024,1,False,False,False
7174332809471,1,107.82,77.6,72.0,100.0,D2,D5,Subscription,Other,SG,False,2024-04,2024,1,False,False,False
7176356004095,1,107.82,77.6,72.0,100.0,D2,D5,Subscription,Other,SG,False,2024-04,2024,1,False,False,False
7309650067711,2,129.6,77.6,59.9,100.0,D2,D2,Subscription,Other,SG,False,2024-05,2024,1,False,False,False
7312493347071,1,88.76,77.6,87.4,100.0,D2,D5,Subscription,Other,SG,False,2024-05,2024,1,False,False,False
7470139703551,1,94.75,77.6,81.9,100.0,D2,D5,Subscription,Other,SG,False,2024-08,2024,1,False,False,False
7505538220287,1,113.81,77.6,68.2,100.0,D2,D5,Subscription,Other,SG,False,2024-09,2024,1,False,False,False
7521212825855,1,88.76,77.6,87.4,100.0,D2,D5,Subscription,Other,SG,False,2024-09,2024,1,False,False,False
8239061270783,1,119.8,77.6,64.8,100.0,D2,D3,Direct / Organic,Other,SG,False,2025-08,2025,1,False,False,False
7756461605119,2,115.18,77.55,67.3,100.0,D2,D1,Subscription,Collagen Glow,MY,True,2024-08,2024,3,False,True,False
8765564977407,1,114.32,77.54,67.8,100.0,D2,D2,Subscription,Clear Protein,SG,True,2026-02,2026,1,False,False,False
7755992695039,1,193.46,77.38,40.0,0.0,D2,D4,Direct / Organic,Unknown,MY,False,2022-08,2022,1,False,False,False
7147869012223,1,100.83,77.35,76.7,100.0,D2,D5,Subscription,Other,SG,True,2024-03,2024,3,False,False,False
6836180877567,1,161.68,77.28,47.8,100.0,D2,D5,Subscription,Other,SG,False,2023-10,2023,1,False,False,False
7755935875327,2,198.55,77.24,38.9,0.0,D2,D2,Direct / Organic,Unknown,MY,False,2022-04,2022,1,False,False,False
6991974007039,1,114.53,77.13,67.3,100.0,D2,D5,Subscription,Other,SG,True,2024-01,2024,2,False,False,False
8275327189247,1,99.7,77.1,77.3,100.0,D2,D3,Direct / Organic,Accessories,SG,False,2025-08,2025,2,False,False,False
8836836098303,1,91.36,77.03,84.3,100.0,D2,D2,Direct / Organic,Clear Protein,SG,False,2026-03,2026,2,False,False,False
7513899139327,1,90.91,76.98,84.7,100.0,D2,D5,Subscription,Soy Protein,SG,False,2024-09,2024,2,False,False,False
6328289788159,1,197.12,76.89,39.0,0.0,D2,D5,Subscription,Unknown,SG,False,2022-06,2022,1,False,False,False
8201852879103,1,105.7,76.86,72.7,100.0,D2,D3,Direct / Organic,Clear Protein,SG,False,2025-09,2025,2,False,False,False
7756380111103,4,171.71,76.81,44.7,30.9,D2,D1,Subscription,Unknown,MY,True,2023-09,2023,3,False,True,False
7756436013311,4,102.93,76.77,74.6,100.0,D2,D1,Subscription,Soy Protein,MY,True,2024-06,2024,1,False,True,False
7756476449023,1,108.82,76.72,70.5,100.0,D2,D4,Direct / Organic,Lean Protein,MY,False,2024-10,2024,2,False,False,False
6723752263935,1,91.51,76.67,83.8,100.0,D2,D5,Subscription,Other,SG,True,2023-07,2023,1,False,False,False
8067217883391,1,92.47,76.53,82.8,100.0,D2,D3,Subscription,Clear Protein,SG,True,2025-05,2025,3,False,False,False
8293135089919,1,115.4,76.52,66.3,100.0,D2,D3,Direct / Organic,Lean Protein,SG,False,2025-08,2025,1,False,False,False
6521577373951,2,125.51,76.41,60.9,100.0,D2,D2,Subscription,Collagen Glow,SG,False,2023-01,2023,1,False,False,False
6601910255871,1,102.34,76.41,74.7,100.0,D2,D5,Subscription,Collagen Glow,SG,False,2023-04,2023,1,False,False,False
6880155533567,1,113.71,76.41,67.2,100.0,D2,D5,Subscription,Collagen Glow,SG,False,2023-11,2023,1,False,False,False
7756016648447,1,190.8,76.32,40.0,0.0,D2,D4,Direct / Organic,Unknown,MY,False,2022-08,2022,1,False,False,False
6336691994879,2,135.39,76.1,56.2,44.5,D2,D2,Subscription,Unknown,SG,False,2022-05,2022,2,False,False,False
7961039569151,1,92.56,76.08,82.2,100.0,D2,D3,Direct / Organic,Collagen Glow,SG,False,2025-04,2025,2,False,False,False
8350713184511,1,99.9,75.98,76.1,100.0,D2,D3,Direct / Organic,Clear Protein,SG,False,2025-09,2025,2,False,False,False
8700295446783,1,111.0,75.98,68.5,100.0,D2,D2,Direct / Organic,Clear Protein,SG,False,2026-01,2026,2,False,False,False
8712923447551,1,99.9,75.98,76.1,100.0,D2,D2,Direct / Organic,Clear Protein,SG,False,2026-01,2026,2,False,False,False
8244467302655,1,106.11,75.84,71.5,92.3,D2,D3,Email,Lean Protein,SG,False,2025-08,2025,3,False,False,False
7029599928575,1,109.17,75.83,69.5,100.0,D2,D5,Subscription,Unknown,SG,True,2024-01,2024,3,False,False,False
7756260540671,1,115.82,75.79,65.4,100.0,D2,D4,Direct / Organic,Other,MY,False,2023-01,2023,2,False,False,False
8799534481663,2,95.43,75.77,79.4,100.0,D2,D1,Direct / Organic,Clear Protein,SG,False,2026-02,2026,2,False,True,False
8297726083327,2,99.12,75.74,76.4,100.0,D2,D1,Subscription,Lean Protein,SG,True,2025-08,2025,2,False,True,False
7756405211391,1,147.6,75.71,51.3,100.0,D2,D4,Direct / Organic,Other,MY,False,2024-01,2024,1,False,False,False
8798809587967,1,112.58,75.7,67.2,100.0,D2,D2,Direct / Organic,Lean Protein,SG,False,2026-02,2026,2,False,False,False
7756031754495,3,191.76,75.61,39.4,0.0,D2,D1,Direct / Organic,Unknown,MY,False,2022-06,2022,1,False,True,False
8029437657343,2,112.82,75.56,67.0,100.0,D2,D1,Direct / Organic,Lean Protein,SG,True,2025-05,2025,1,False,True,False
8596648853759,1,101.61,75.45,74.3,100.0,D2,D2,Subscription,Soy Protein,SG,True,2025-12,2025,1,False,False,False
8084383236351,2,116.9,75.4,64.5,100.0,D2,D1,Direct / Organic,Collagen Glow,SG,True,2025-05,2025,3,False,True,False
8002156495103,1,113.0,75.38,66.7,100.0,D2,D3,Direct / Organic,Lean Protein,SG,False,2025-06,2025,1,False,False,False
8404537704703,1,113.0,75.38,66.7,100.0,D2,D2,Direct / Organic,Lean Protein,SG,False,2025-10,2025,1,False,False,False
8477642031359,1,113.0,75.38,66.7,100.0,D2,D2,Direct / Organic,Lean Protein,SG,False,2025-10,2025,1,False,False,False
8621981827327,1,101.7,75.38,74.1,100.0,D2,D2,Direct / Organic,Lean Protein,SG,False,2025-12,2025,1,False,False,False
8653165756671,1,101.7,75.38,74.1,100.0,D2,D2,Direct / Organic,Lean Protein,SG,False,2025-12,2025,1,False,False,False
7092583399679,3,144.51,75.3,52.1,40.7,D2,D1,Subscription,Unknown,SG,False,2024-02,2024,2,False,True,False
7756038603007,2,193.56,75.24,38.9,0.0,D2,D1,Direct / Organic,Unknown,MY,False,2022-01,2021,1,False,True,False
6329710412031,1,192.98,75.23,39.0,0.0,D2,D5,Subscription,Unknown,SG,False,2022-02,2022,1,False,False,False
7756428476671,1,108.79,75.11,69.0,100.0,D2,D4,Direct / Organic,Other,MY,False,2024-05,2024,4,False,False,False
8812239978751,1,112.96,75.06,66.4,100.0,D2,D2,Subscription,Lean Protein,SG,True,2026-03,2026,2,False,False,False
7946205430015,1,109.0,75.0,68.8,100.0,D2,D3,Direct / Organic,Other,SG,False,2025-04,2025,2,False,False,False
8063660425471,1,109.0,75.0,68.8,100.0,D2,D3,Direct / Organic,Other,SG,False,2025-05,2025,2,False,False,False
8175536832767,1,95.02,75.0,78.9,100.0,D2,D3,Subscription,Clear Protein,SG,True,2026-02,2026,1,False,False,False
8251162099967,1,98.1,75.0,76.5,100.0,D2,D3,Direct / Organic,Other,SG,False,2025-08,2025,2,False,False,False
8771600711935,1,111.78,75.0,67.1,100.0,D2,D2,Subscription,Clear Protein,SG,True,2026-02,2026,1,False,False,False
8784170647807,1,111.78,75.0,67.1,100.0,D2,D2,Subscription,Clear Protein,SG,True,2026-02,2026,1,False,False,False
8800920436991,1,111.78,75.0,67.1,100.0,D2,D2,Subscription,Clear Protein,SG,True,2026-02,2026,1,False,False,False
8814978072831,1,95.02,75.0,78.9,100.0,D2,D2,Subscription,Clear Protein,SG,True,2026-03,2026,1,False,False,False
8822106685695,1,111.78,75.0,67.1,100.0,D2,D2,Subscription,Clear Protein,SG,True,2026-03,2026,1,False,False,False
7962467172607,4,108.44,74.97,69.1,100.0,D2,D1,Paid Social,Unknown,SG,False,2025-04,2025,4,False,True,False
8340290339071,1,84.38,74.88,88.7,100.0,D2,D3,Direct / Organic,Clear Protein,SG,False,2025-09,2025,2,False,False,False
8095915049215,1,93.65,74.86,79.9,100.0,D2,D3,Paid Social,Clear Protein,SG,False,2025-06,2025,1,False,False,False
8111245000959,1,98.5,74.86,76.0,100.0,D2,D3,Direct / Organic,Clear Protein,SG,False,2025-06,2025,1,False,False,False
8704297763071,1,103.53,74.84,72.3,100.0,D2,D2,Direct / Organic,Lean Protein,SG,False,2026-01,2026,2,False,False,False
8904301314303,1,110.12,74.82,67.9,100.0,D2,D2,Direct / Organic,Lean Protein,SG,False,2026-03,2026,1,False,False,False
7756374016255,1,106.49,74.81,70.2,100.0,D2,D4,Subscription,Other,MY,True,2024-09,2024,1,False,False,False
8868214866175,1,112.65,74.75,66.4,100.0,D2,D2,Paid Social,Lean Protein,SG,False,2026-03,2026,2,False,False,False
8096402768127,1,111.0,74.7,67.3,100.0,D2,D3,Direct / Organic,Clear Protein,SG,False,2025-06,2025,2,False,False,False
8151997710591,1,99.9,74.7,74.8,100.0,D2,D3,Direct / Organic,Clear Protein,SG,False,2025-06,2025,2,False,False,False
7756033327359,3,189.45,74.69,39.4,0.0,D2,D1,Direct / Organic,Unknown,MY,False,2022-03,2022,1,False,True,False
6329631146239,1,95.6,74.55,78.0,100.0,D2,D5,Direct / Organic,Lean Protein,SG,False,2025-10,2025,2,False,False,False
7756468879615,1,73.99,74.42,100.6,100.0,D2,D4,Direct / Organic,Other,MY,False,2024-09,2024,3,False,False,False
8142910947583,1,88.3,74.28,84.1,100.0,D2,D3,Direct / Organic,Other,SG,False,2025-06,2025,1,False,False,False
7756427919615,2,128.22,74.26,57.9,88.0,D2,D1,Subscription,Other,MY,True,2024-05,2024,4,False,True,False
7756428378367,2,128.22,74.26,57.9,88.0,D2,D1,Subscription,Other,MY,True,2024-05,2024,4,False,True,False
8772592926975,1,110.04,74.23,67.5,100.0,D2,D2,Direct / Organic,Lean Protein,SG,False,2026-02,2026,1,False,False,False
7938715844863,1,114.13,74.17,65.0,100.0,D2,D3,Direct / Organic,Collagen Glow,SG,False,2025-04,2025,3,False,False,False
8127814893823,1,98.9,74.16,75.0,100.0,D2,D3,Direct / Organic,Other,SG,False,2025-06,2025,2,False,False,False
8287246614783,1,113.0,74.12,65.6,100.0,D2,D3,Direct / Organic,Lean Protein,SG,False,2025-08,2025,1,False,False,False
8675023978751,1,113.0,74.12,65.6,100.0,D2,D2,Direct / Organic,Lean Protein,SG,False,2026-01,2026,1,False,False,False
8164768678143,1,94.8,74.0,78.1,100.0,D2,D3,Direct / Organic,Lean Protein,SG,False,2025-06,2025,3,False,False,False
8270038335743,1,98.8,73.93,74.8,100.0,D2,D3,Paid Social,Clear Protein,SG,False,2025-08,2025,3,False,False,False
7756415205631,1,127.93,73.93,57.8,100.0,D2,D4,Direct / Organic,Accessories,MY,False,2024-03,2024,3,False,False,False
8163541680383,1,94.8,73.78,77.8,100.0,D2,D3,Direct / Organic,Clear Protein,SG,False,2025-06,2025,2,False,False,False
8247671292159,1,110.95,73.75,66.5,100.0,D2,D3,Subscription,Clear Protein,SG,True,2025-08,2025,2,False,False,False
8343381836031,1,95.79,73.71,76.9,100.0,D2,D3,Paid Social,Other,SG,False,2025-09,2025,2,False,False,False
7756473794815,4,100.95,73.71,73.0,100.0,D2,D1,Subscription,Other,MY,True,2024-10,2024,2,False,True,False
8722076762367,1,95.76,73.52,76.8,100.0,D2,D2,Direct / Organic,Lean Protein,SG,False,2026-01,2026,1,False,False,False
7756005900543,2,163.73,73.47,44.9,29.6,D2,D2,Direct / Organic,Unknown,MY,False,2022-09,2022,2,False,False,False
8241099636991,2,97.27,73.43,75.5,100.0,D2,D1,Subscription,Lean Protein,SG,True,2025-08,2025,1,False,True,False
6695490814207,1,102.54,73.28,71.5,100.0,D2,D5,Subscription,Other,SG,False,2023-06,2023,1,False,False,False
7756017107199,2,188.55,73.24,38.8,0.0,D2,D2,Direct / Organic,Unknown,MY,False,2022-08,2022,1,False,False,False
7988833779967,2,100.99,73.15,72.4,100.0,D2,D1,Subscription,Lean Protein,SG,True,2025-04,2025,1,False,True,False
7156209287423,1,84.66,73.09,86.3,100.0,D2,D5,Subscription,Collagen Glow,SG,False,2024-03,2024,2,False,False,False
7756409045247,2,134.46,72.97,54.3,100.0,D2,D1,Direct / Organic,Other,MY,False,2024-02,2024,1,False,True,False
7756411797759,1,102.21,72.97,71.4,100.0,D2,D4,Direct / Organic,Other,MY,False,2024-04,2024,2,False,False,False
8304456368383,1,91.6,72.8,79.5,100.0,D2,D3,Direct / Organic,Clear Protein,SG,False,2025-09,2025,2,False,False,False
8312187060479,1,91.6,72.8,79.5,100.0,D2,D3,Direct / Organic,Clear Protein,SG,False,2025-09,2025,2,False,False,False
8098546254079,1,93.5,72.75,77.8,100.0,D2,D3,Direct / Organic,Clear Protein,SG,False,2025-06,2025,1,False,False,False
8702918426879,2,103.5,72.69,70.2,100.0,D2,D1,Subscription,Lean Protein,SG,True,2026-01,2026,1,False,True,False
7756411535615,2,125.36,72.66,58.0,100.0,D2,D1,Subscription,Other,MY,True,2024-03,2024,2,False,True,False
7756420546815,2,130.39,72.59,55.7,100.0,D2,D1,Subscription,Clear Protein,MY,True,2024-04,2024,3,False,True,False
8171195957503,1,91.44,72.53,79.3,100.0,D2,D3,Direct / Organic,Lean Protein,SG,False,2025-07,2025,3,False,False,False
8239569142015,2,109.49,72.52,66.2,100.0,D2,D1,Subscription,Lean Protein,SG,True,2025-08,2025,1,False,True,False
8712672116991,2,107.82,72.52,67.3,100.0,D2,D1,Subscription,Lean Protein,SG,True,2026-01,2026,1,False,True,False
7756410749183,1,96.9,72.38,74.7,100.0,D2,D4,Direct / Organic,Other,MY,False,2024-03,2024,2,False,False,False
6532515594495,1,180.82,72.33,40.0,0.0,D2,D5,Direct / Organic,Unknown,MY,False,2022-06,2022,1,False,False,False
6336651133183,2,144.47,72.3,50.0,41.7,D2,D2,Subscription,Unknown,SG,False,2022-03,2022,2,False,False,False
7756407996671,1,102.99,72.25,70.2,100.0,D2,D4,Direct / Organic,Other,MY,False,2024-02,2024,1,False,False,False
8712179876095,3,107.73,72.15,67.0,100.0,D2,D1,Subscription,Collagen Glow,SG,True,2026-01,2026,1,False,True,False
7756458098943,2,98.07,72.13,73.6,100.0,D2,D1,Subscription,Other,MY,True,2024-08,2024,2,False,True,False
7756203524351,4,129.82,72.1,55.5,100.0,D2,D1,Subscription,Collagen Glow,MY,True,2024-12,2024,1,False,True,False
7756007670015,4,165.24,72.02,43.6,20.0,D2,D1,Direct / Organic,Unknown,MY,False,2022-03,2022,2,False,True,False
6480331735295,1,119.59,71.99,60.2,71.4,D2,D5,Subscription,Unknown,SG,False,2022-12,2022,2,False,False,False
8841867395327,1,89.87,71.95,80.1,100.0,D2,D2,Direct / Organic,Clear Protein,SG,False,2026-03,2026,2,False,False,False
8800401391871,2,104.59,71.89,68.7,100.0,D2,D1,Direct / Organic,Lean Protein,SG,True,2026-02,2026,1,False,True,False
8710500319487,1,107.54,71.73,66.7,100.0,D2,D2,Direct / Organic,Lean Protein,SG,False,2026-01,2026,1,False,False,False
8279962517759,2,109.3,71.7,65.6,100.0,D2,D1,Subscription,Lean Protein,SG,True,2025-08,2025,1,False,True,False
7756421923071,1,102.42,71.65,70.0,100.0,D2,D4,Direct / Organic,Lean Protein,MY,False,2024-12,2024,2,False,False,False
7547822899455,1,91.57,71.58,78.2,100.0,D2,D5,Subscription,Other,SG,True,2024-10,2024,2,False,False,False
7709267230975,1,96.96,71.58,73.8,100.0,D2,D5,Subscription,Other,SG,True,2024-12,2024,2,False,False,False
8415963611391,1,93.9,71.54,76.2,100.0,D2,D2,Direct / Organic,Other,SG,False,2025-10,2025,2,False,False,False
8701271113983,2,107.82,71.5,66.3,100.0,D2,D1,Subscription,Lean Protein,SG,True,2026-01,2026,1,False,True,False
8757996159231,1,107.82,71.5,66.3,100.0,D2,D2,Direct / Organic,Lean Protein,SG,False,2026-02,2026,1,False,False,False
8821302821119,1,107.82,71.5,66.3,100.0,D2,D2,Direct / Organic,Lean Protein,SG,False,2026-03,2026,1,False,False,False
8244228129023,1,96.37,71.44,74.1,100.0,D2,D3,Direct / Organic,Clear Protein,SG,False,2025-08,2025,2,False,False,False
7756180357375,1,99.15,71.42,72.0,100.0,D2,D4,Email,Lean Protein,SG,False,2026-02,2026,2,False,False,False
7898656243967,2,135.11,71.4,52.8,79.4,D2,D1,Direct / Organic,Other,SG,False,2025-03,2025,1,False,True,False
8329648210175,1,83.5,71.35,85.4,100.0,D2,D3,Direct / Organic,Accessories,SG,False,2025-09,2025,2,False,False,False
7756356616447,1,104.15,71.26,68.4,100.0,D2,D4,Direct / Organic,Soy Protein,MY,False,2023-03,2023,2,False,False,False
8795253014783,1,98.99,71.24,72.0,100.0,D2,D2,Direct / Organic,Lean Protein,SG,False,2026-02,2026,2,False,False,False
7756415860991,3,134.47,71.21,53.0,100.0,D2,D1,Subscription,Collagen Glow,MY,True,2024-04,2024,3,False,True,False
7756040896767,2,183.33,71.15,38.8,0.0,D2,D1,Direct / Organic,Unknown,MY,False,2022-03,2022,1,False,True,False
8787345572095,1,98.85,71.08,71.9,100.0,D2,D2,Direct / Organic,Lean Protein,SG,False,2026-02,2026,2,False,False,False
8006221234431,1,104.87,70.99,67.7,100.0,D2,D3,Affiliate,Collagen Glow,SG,False,2025-05,2025,2,False,False,False
7949327368447,1,84.07,70.93,84.4,100.0,D2,D3,Subscription,Clear Protein,SG,True,2025-04,2025,4,False,False,False
7755969102079,2,119.91,70.9,59.1,43.3,D2,D2,Direct / Organic,Unknown,MY,False,2022-09,2022,2,False,False,False
7154177769727,2,75.58,70.78,93.6,100.0,D2,D2,Subscription,Other,SG,False,2024-03,2024,1,False,False,False
8117549793535,2,107.82,70.73,65.6,100.0,D2,D1,Subscription,Lean Protein,SG,True,2025-06,2025,1,False,True,False
7364114153727,1,128.56,70.68,55.0,100.0,D2,D5,Subscription,Other,SG,False,2024-08,2024,2,False,False,False
7312633561343,1,67.69,70.65,104.4,100.0,D2,D5,Subscription,Other,SG,False,2024-05,2024,1,False,False,False
6328304304383,1,176.57,70.63,40.0,0.0,D2,D5,Subscription,Unknown,SG,False,2022-03,2022,1,False,False,False
8371571982591,1,87.44,70.6,80.7,100.0,D2,D2,Direct / Organic,Clear Protein,SG,False,2025-10,2025,1,False,False,False
7756419203327,2,102.87,70.57,68.6,100.0,D2,D1,Direct / Organic,Clear Protein,MY,False,2024-04,2024,2,False,True,False
6423604887807,1,181.1,70.48,38.9,0.0,D2,D5,Subscription,Unknown,SG,False,2022-02,2022,1,False,False,False
7756048236799,2,181.5,70.42,38.8,0.0,D2,D1,Direct / Organic,Unknown,MY,False,2022-01,2022,1,False,True,False
8149547942143,1,100.94,70.36,69.7,100.0,D2,D3,Direct / Organic,Other,SG,False,2025-08,2025,1,False,False,False
8337920524543,1,84.8,70.24,82.8,100.0,D2,D3,Direct / Organic,Other,SG,False,2025-09,2025,1,False,False,False
7695737127167,2,107.82,70.2,65.1,100.0,D2,D2,Subscription,Lean Protein,SG,True,2024-12,2024,1,False,False,False
8124723888383,2,107.82,70.2,65.1,100.0,D2,D1,Subscription,Lean Protein,SG,True,2025-06,2025,1,False,True,False
7756016812287,2,175.32,70.13,40.0,0.0,D2,D2,Direct / Organic,Unknown,MY,False,2022-02,2022,1,False,False,False
7756380176639,4,157.18,70.05,44.6,100.0,D2,D1,Subscription,Other,MY,True,2023-09,2023,2,False,True,False
8477606019327,1,90.75,70.0,77.1,100.0,D2,D2,Direct / Organic,Lean Protein,SG,False,2025-10,2025,1,False,False,False
6612679590143,2,128.88,69.86,54.2,100.0,D2,D2,Subscription,Other,SG,True,2023-03,2023,2,False,False,False
8665323438335,1,94.92,69.7,73.4,100.0,D2,D2,Direct / Organic,Clear Protein,SG,False,2026-01,2026,2,False,False,False
7967450366207,1,103.86,69.68,67.1,100.0,D2,D3,Subscription,Soy Protein,SG,True,2025-04,2025,2,False,False,False
7341017956607,1,122.26,69.65,57.0,100.0,D2,D5,Subscription,Other,SG,True,2024-06,2024,2,False,False,False
7756435587327,2,154.81,69.64,45.0,100.0,D2,D1,Subscription,Accessories,MY,True,2024-06,2024,3,False,True,False
6329848889599,1,100.51,69.62,69.3,100.0,D2,D5,Subscription,Other,SG,False,2023-04,2023,1,False,False,False
8088380178687,1,103.23,69.59,67.4,100.0,D2,D3,Subscription,Other,SG,True,2025-05,2025,1,False,False,False
7755986731263,1,103.58,69.58,67.2,100.0,D2,D4,Direct / Organic,Other,SG,False,2025-04,2025,2,False,False,False
6423224484095,1,178.76,69.54,38.9,0.0,D2,D5,Subscription,Unknown,SG,False,2022-09,2022,1,False,False,False
7180621021439,1,124.43,69.4,55.8,45.0,D2,D5,Subscription,Unknown,SG,False,2024-04,2024,2,False,False,False
7755953963263,1,172.95,69.18,40.0,0.0,D2,D5,Direct / Organic,Unknown,MY,False,2022-01,2022,1,False,False,False
7756239372543,1,91.59,69.1,75.4,100.0,D2,D4,Direct / Organic,Clear Protein,SG,False,2026-01,2026,2,False,False,False
7755916050687,2,196.67,68.97,35.1,0.0,D2,D2,Direct / Organic,Unknown,MY,False,2022-04,2022,1,False,False,False
7471600238847,2,107.82,68.94,63.9,100.0,D2,D2,Subscription,Lean Protein,SG,True,2024-08,2024,1,False,False,False
7522714976511,2,107.82,68.94,63.9,100.0,D2,D2,Subscription,Lean Protein,SG,True,2024-09,2024,1,False,False,False
8090103939327,1,93.9,68.93,73.4,100.0,D2,D3,Direct / Organic,Accessories,SG,False,2025-05,2025,2,False,False,False
8091391557887,1,85.01,68.93,81.1,100.0,D2,D3,Paid Social,Accessories,SG,False,2025-05,2025,2,False,False,False
8325816582399,1,74.0,68.93,93.1,100.0,D2,D3,Direct / Organic,Accessories,SG,False,2025-09,2025,2,False,False,False
8327681605887,1,74.0,68.93,93.1,100.0,D2,D3,Direct / Organic,Accessories,SG,False,2025-09,2025,2,False,False,False
8329594667263,1,74.0,68.93,93.1,100.0,D2,D3,Direct / Organic,Accessories,SG,False,2025-09,2025,2,False,False,False
8337828905215,1,74.0,68.93,93.1,100.0,D2,D3,Paid Social,Accessories,SG,False,2025-09,2025,2,False,False,False
8718699757823,1,88.9,68.93,77.5,100.0,D2,D2,Direct / Organic,Clear Protein,SG,False,2026-01,2026,2,False,False,False
6336688324863,1,102.56,68.91,67.2,100.0,D2,D5,Subscription,Accessories,SG,False,2022-11,2022,2,False,False,False
8891214725375,1,104.72,68.91,65.8,100.0,D2,D2,Subscription,Lean Protein,SG,True,2026-03,2026,1,False,False,False
7756004786431,2,93.19,68.84,73.9,100.0,D2,D2,Direct / Organic,Unknown,MY,False,2022-10,2022,3,False,False,False
6327628464383,1,142.21,68.72,48.3,33.3,D2,D5,Subscription,Other,SG,False,2024-01,2023,2,False,False,False
8868033036543,1,105.03,68.71,65.4,100.0,D2,D2,Paid Social,Lean Protein,SG,False,2026-03,2026,1,False,False,False
7829327675647,2,111.22,68.62,61.7,100.0,D2,D1,Direct / Organic,Lean Protein,MY,False,2025-01,2025,1,False,True,False
7823779168511,4,120.9,68.54,56.7,100.0,D2,D1,Subscription,Collagen Glow,MY,True,2025-01,2025,2,False,True,False
7304255078655,1,82.6,68.52,83.0,100.0,D2,D5,Subscription,Collagen Glow,SG,True,2024-05,2024,4,False,False,False
7058101633279,1,109.02,68.52,62.9,100.0,D2,D5,Subscription,Accessories,SG,False,2024-02,2024,3,False,False,False
7756430737663,3,107.52,68.31,63.5,100.0,D2,D1,Paid Social,Unknown,SG,True,2025-04,2025,3,False,True,False
8474707689727,1,78.12,68.26,87.4,100.0,D2,D2,Direct / Organic,Clear Protein,SG,False,2025-10,2025,1,False,False,False
8799977931007,2,104.55,68.23,65.3,100.0,D2,D1,Subscription,Lean Protein,SG,True,2026-02,2026,1,False,True,False
7976335540479,1,95.8,68.16,71.1,100.0,D2,D3,Direct / Organic,Soy Protein,SG,False,2025-04,2025,2,False,False,False
8014286160127,2,95.79,68.11,71.1,100.0,D2,D1,Subscription,Lean Protein,SG,True,2025-05,2025,2,False,True,False
7756435849471,1,117.58,68.11,57.9,100.0,D2,D4,Direct / Organic,Other,MY,False,2024-08,2024,1,False,False,False
7756430377215,2,98.19,68.08,69.3,100.0,D2,D1,Subscription,Clear Protein,MY,True,2024-05,2024,3,False,True,False
7756398264575,3,188.15,68.08,36.2,100.0,D2,D1,Subscription,Unknown,MY,True,2023-12,2023,3,False,True,False
7756423037183,1,108.99,68.07,62.5,86.7,D2,D4,Direct / Organic,Other,MY,False,2024-04,2024,2,False,False,False
7756431786239,2,109.64,67.87,61.9,100.0,D2,D1,Direct / Organic,Other,MY,True,2024-10,2024,2,False,True,False
7756437881087,1,89.64,67.62,75.4,100.0,D2,D4,Direct / Organic,Lean Protein,MY,False,2024-06,2024,2,False,False,False
7756438667519,1,100.18,67.62,67.5,100.0,D2,D4,Direct / Organic,Lean Protein,MY,False,2024-06,2024,2,False,False,False
7756439879935,1,79.09,67.62,85.5,100.0,D2,D4,Direct / Organic,Lean Protein,MY,False,2024-06,2024,2,False,False,False
7756440731903,1,73.82,67.62,91.6,100.0,D2,D4,Direct / Organic,Unknown,MY,False,2024-07,2024,2,False,False,False
7756461342975,1,90.3,67.62,74.9,100.0,D2,D4,Direct / Organic,Lean Protein,MY,False,2024-08,2024,2,False,False,False
7756463964415,1,100.18,67.62,67.5,100.0,D2,D4,Direct / Organic,Clear Protein,MY,False,2024-09,2024,2,False,False,False
7756466946303,1,100.18,67.62,67.5,100.0,D2,D4,Direct / Organic,Clear Protein,MY,False,2024-09,2024,2,False,False,False
7755989221631,2,97.2,67.52,69.5,100.0,D2,D2,Direct / Organic,Other,MY,False,2024-06,2024,2,False,False,False
7496402895103,1,93.86,67.48,71.9,100.0,D2,D5,Subscription,Clear Protein,SG,False,2024-09,2024,2,False,False,False
7504260137215,1,93.86,67.48,71.9,100.0,D2,D5,Subscription,Other,SG,False,2024-09,2024,2,False,False,False
8797495951615,1,100.66,67.47,67.0,100.0,D2,D2,Direct / Organic,Clear Protein,SG,False,2026-02,2026,2,False,False,False
7756361498879,1,112.78,67.32,59.7,21.7,D2,D4,Direct / Organic,Unknown,MY,False,2023-05,2023,2,False,False,False
8226072887551,1,102.44,67.14,65.5,100.0,D2,D3,Subscription,Lean Protein,SG,True,2026-03,2026,1,False,False,False
6336754450687,3,122.79,67.14,54.7,60.1,D2,D1,Subscription,Unknown,SG,False,2022-01,2022,2,False,True,False
8649011167487,1,93.42,67.08,71.8,100.0,D2,D2,Direct / Organic,Lean Protein,SG,False,2025-12,2025,2,False,False,False
8692036763903,1,90.88,67.08,73.8,100.0,D2,D2,Direct / Organic,Lean Protein,SG,False,2026-01,2026,2,False,False,False
6334064328959,1,167.55,67.02,40.0,0.0,D2,D5,Subscription,Unknown,SG,False,2022-03,2022,1,False,False,False
8148206747903,3,107.73,67.01,62.2,100.0,D2,D1,Subscription,Collagen Glow,SG,True,2025-06,2025,1,False,True,False
7475279692031,1,69.86,66.98,95.9,100.0,D2,D5,Subscription,Clear Protein,SG,False,2024-08,2024,2,False,False,False
7476910588159,1,69.86,66.98,95.9,100.0,D2,D5,Subscription,Clear Protein,SG,False,2024-09,2024,2,False,False,False
6327732863231,3,177.2,66.96,37.8,0.0,D2,D1,Subscription,Unknown,SG,True,2022-02,2022,1,False,True,False
7756016189695,2,170.1,66.95,39.4,0.0,D2,D2,Direct / Organic,Unknown,MY,False,2022-08,2022,1,False,False,False
8794176553215,1,91.91,66.87,72.8,100.0,D2,D2,Direct / Organic,Clear Protein,SG,False,2026-02,2026,3,False,False,False
7756463243519,2,88.69,66.8,75.3,100.0,D2,D1,Direct / Organic,Other,MY,False,2024-09,2024,2,False,True,False
6590913347839,3,131.09,66.74,50.9,100.0,D2,D1,Subscription,Other,SG,True,2023-03,2023,1,False,True,False
7101868769535,2,118.7,66.7,56.2,100.0,D2,D2,Subscription,Other,SG,False,2024-02,2024,1,False,False,False
8789804351743,1,91.7,66.66,72.7,100.0,D2,D2,Direct / Organic,Clear Protein,SG,False,2026-02,2026,3,False,False,False
8252828811519,1,89.83,66.56,74.1,100.0,D2,D3,Direct / Organic,Lean Protein,SG,False,2025-08,2025,2,False,False,False
8396561285375,1,64.64,66.56,103.0,100.0,D2,D2,Direct / Organic,Accessories,SG,False,2025-10,2025,2,False,False,False
6703429976319,1,150.95,66.55,44.1,100.0,D2,D5,Subscription,Other,SG,False,2023-06,2023,1,False,False,False
8710576505087,1,93.9,66.54,70.9,100.0,D2,D2,Direct / Organic,Clear Protein,SG,False,2026-01,2026,2,False,False,False
7756457312511,2,132.73,66.53,50.1,100.0,D2,D1,Direct / Organic,Other,MY,False,2024-08,2024,2,False,True,False
7756035817727,3,174.34,66.46,38.1,0.0,D2,D1,Direct / Organic,Unknown,MY,False,2022-03,2022,1,False,True,False
7756465537279,2,103.09,66.31,64.3,100.0,D2,D1,Subscription,Clear Protein,MY,True,2024-09,2024,1,False,True,False
7756465668351,2,103.09,66.31,64.3,100.0,D2,D1,Subscription,Clear Protein,MY,True,2024-09,2024,1,False,True,False
7756468846847,2,87.63,66.31,75.7,100.0,D2,D1,Subscription,Clear Protein,MY,True,2024-09,2024,1,False,True,False
7756469469439,1,72.16,66.31,91.9,100.0,D2,D4,Subscription,Clear Protein,MY,True,2024-09,2024,1,False,False,False
6336684065023,2,165.44,66.18,40.0,0.0,D2,D2,Subscription,Unknown,SG,False,2022-01,2022,1,False,False,False
7981535985919,3,94.07,66.14,70.3,100.0,D2,D1,Paid Social,Unknown,SG,False,2025-04,2025,4,False,True,False
8890334576895,1,102.44,66.12,64.5,100.0,D2,D2,Subscription,Lean Protein,SG,True,2026-03,2026,1,False,False,False
7139969335551,1,84.02,66.08,78.6,100.0,D2,D5,Subscription,Collagen Glow,SG,False,2024-03,2024,2,False,False,False
7254008201471,1,84.02,66.08,78.6,100.0,D2,D5,Subscription,Collagen Glow,SG,False,2024-04,2024,2,False,False,False
7288937775359,1,93.95,66.08,70.3,100.0,D2,D5,Subscription,Collagen Glow,SG,False,2024-05,2024,2,False,False,False
7293467492607,1,93.95,66.08,70.3,100.0,D2,D5,Subscription,Clear Protein,SG,False,2024-05,2024,2,False,False,False
7312130572543,1,74.13,66.08,89.1,100.0,D2,D5,Subscription,Collagen Glow,SG,False,2024-05,2024,2,False,False,False
8676491591935,1,91.53,66.06,72.2,100.0,D2,D2,Direct / Organic,Other,SG,False,2026-01,2026,2,False,False,False
7499170152703,2,87.01,65.94,75.8,100.0,D2,D2,Subscription,Accessories,SG,False,2024-09,2024,2,False,False,False
7475029606655,1,69.86,65.93,94.4,100.0,D2,D5,Subscription,Lean Protein,SG,False,2024-08,2024,2,False,False,False
7475157991679,1,69.86,65.93,94.4,100.0,D2,D5,Subscription,Collagen Glow,SG,False,2024-08,2024,2,False,False,False
7756351439103,1,136.86,65.9,48.2,62.5,D2,D4,Direct / Organic,Unknown,MY,False,2023-03,2023,2,False,False,False
8366920139007,1,64.47,65.83,102.1,100.0,D2,D2,Direct / Organic,Accessories,SG,False,2025-10,2025,2,False,False,False
8226081210623,1,107.19,65.76,61.3,100.0,D2,D3,Direct / Organic,Lean Protein,SG,False,2025-08,2025,1,False,False,False
6327696097535,1,164.25,65.7,40.0,0.0,D2,D5,Subscription,Unknown,SG,False,2022-01,2022,1,False,False,False
8820378665215,1,95.67,65.65,68.6,100.0,D2,D2,Direct / Organic,Lean Protein,SG,False,2026-03,2026,2,False,False,False
7755974082815,1,84.19,65.65,78.0,100.0,D2,D4,Direct / Organic,Clear Protein,MY,False,2024-09,2024,3,False,False,False
6327516889343,2,107.82,65.62,60.9,100.0,D2,D2,Subscription,Other,SG,True,2025-04,2025,1,False,False,False
6334064722175,2,107.82,65.62,60.9,100.0,D2,D2,Subscription,Other,SG,True,2025-04,2025,1,False,False,False
7756037325055,3,164.0,65.6,40.0,0.0,D2,D1,Direct / Organic,Unknown,MY,False,2022-03,2022,1,False,True,False
8723271581951,1,80.11,65.55,81.8,100.0,D2,D2,Subscription,Clear Protein,SG,True,2026-01,2026,2,False,False,False
8831281823999,1,75.66,65.55,86.6,100.0,D2,D2,Subscription,Clear Protein,SG,True,2026-03,2026,2,False,False,False
7585086046463,2,76.49,65.54,85.7,100.0,D2,D2,Subscription,Other,SG,True,2024-10,2024,3,False,False,False
8167174832383,2,98.65,65.45,66.3,100.0,D2,D1,Direct / Organic,Clear Protein,SG,True,2025-06,2025,2,False,True,False
7448764088575,2,109.6,65.28,59.6,100.0,D2,D2,Subscription,Other,SG,False,2024-08,2024,2,False,False,False
6788480467199,1,120.37,65.17,54.1,100.0,D2,D5,Subscription,Other,SG,False,2023-08,2023,1,False,False,False
8337895751935,1,70.8,65.13,92.0,100.0,D2,D3,Paid Social,Lean Protein,SG,False,2025-09,2025,2,False,False,False
7756043518207,3,157.0,65.11,41.5,0.0,D2,D1,Direct / Organic,Unknown,MY,False,2022-02,2022,1,False,True,False
8175629893887,1,64.61,65.0,100.6,100.0,D2,D3,Direct / Organic,Accessories,SG,False,2025-09,2025,2,False,False,False
7756429754623,1,73.8,64.96,88.0,100.0,D2,D4,Direct / Organic,Lean Protein,MY,False,2024-05,2024,2,False,False,False
8845556613375,1,89.92,64.95,72.2,100.0,D2,D2,Paid Social,Clear Protein,SG,False,2026-03,2026,2,False,False,False
8350728290559,1,65.73,64.94,98.8,100.0,D2,D3,Paid Social,Accessories,SG,False,2025-09,2025,2,False,False,False
8699412250879,1,110.38,64.92,58.8,100.0,D2,D2,Subscription,Collagen Glow,SG,True,2026-01,2026,1,False,False,False
7335513391359,2,103.26,64.9,62.9,100.0,D2,D2,Subscription,Clear Protein,SG,True,2024-06,2024,2,False,False,False
7756440338687,2,97.37,64.87,66.6,100.0,D2,D1,Direct / Organic,Other,MY,False,2024-06,2024,2,False,True,False
6329716637951,1,167.04,64.86,38.8,0.0,D2,D5,Subscription,Unknown,SG,False,2022-01,2022,1,False,False,False
7756037718271,1,164.73,64.8,39.3,0.0,D2,D4,Direct / Organic,Unknown,MY,False,2022-04,2022,1,False,False,False
7756038275327,1,162.0,64.8,40.0,0.0,D2,D4,Direct / Organic,Unknown,MY,False,2022-04,2022,1,False,False,False
7756277252351,3,124.13,64.79,52.2,100.0,D2,D1,Subscription,Other,MY,True,2024-04,2024,3,False,True,False
6329853542655,3,156.33,64.77,41.4,100.0,D2,D1,Subscription,Other,MY,True,2023-06,2023,2,False,True,False
7756348915967,1,100.8,64.75,64.2,51.4,D2,D4,Direct / Organic,Unknown,MY,False,2023-02,2023,2,False,False,False
7756458885375,2,103.09,64.73,62.8,100.0,D2,D1,Subscription,Clear Protein,MY,True,2024-08,2024,2,False,True,False
8304454074623,1,102.98,64.73,62.9,100.0,D2,D3,Direct / Organic,Lean Protein,SG,False,2025-09,2025,1,False,False,False
6327635181823,1,161.8,64.72,40.0,0.0,D2,D5,Subscription,Unknown,SG,False,2022-01,2022,1,False,False,False
6336758415615,2,161.79,64.72,40.0,0.0,D2,D2,Subscription,Unknown,SG,False,2022-04,2022,1,False,False,False
8807018856703,1,80.0,64.48,80.6,100.0,D2,D2,Subscription,Collagen Glow,SG,True,2026-02,2026,1,False,False,False
8249665028351,1,102.66,64.41,62.7,100.0,D2,D3,Paid Social,Lean Protein,SG,False,2025-08,2025,1,False,False,False
7755917885695,3,157.85,64.41,40.8,18.7,D2,D1,Direct / Organic,Unknown,MY,False,2022-02,2022,1,False,True,False
7922624430335,1,81.52,64.28,78.9,100.0,D2,D3,Direct / Organic,Lean Protein,SG,False,2025-03,2025,1,False,False,False
7347034816767,2,95.11,64.27,67.6,100.0,D2,D2,Subscription,Other,SG,False,2024-06,2024,2,False,False,False
8283892121855,1,89.8,64.27,71.6,100.0,D2,D3,Direct / Organic,Other,SG,False,2025-08,2025,2,False,False,False
7968738312447,2,69.12,64.26,93.0,100.0,D2,D1,Subscription,Other,SG,True,2025-04,2025,3,False,True,False
7756037488895,2,172.7,64.23,37.2,0.0,D2,D1,Direct / Organic,Unknown,MY,False,2022-03,2022,1,False,True,False
8784016179455,2,84.58,64.23,75.9,100.0,D2,D1,Direct / Organic,Clear Protein,SG,True,2026-02,2026,2,False,True,False
7875698360575,1,102.46,64.21,62.7,100.0,D2,D3,Direct / Organic,Lean Protein,SG,False,2025-02,2025,1,False,False,False
7153236443391,1,76.02,64.16,84.4,100.0,D2,D5,Subscription,Other,SG,False,2024-03,2024,2,False,False,False
7183853453567,1,89.35,64.16,71.8,100.0,D2,D5,Subscription,Clear Protein,SG,False,2024-04,2024,2,False,False,False
7905973895423,3,92.57,64.12,69.3,100.0,D2,D1,Direct / Organic,Unknown,SG,False,2025-04,2025,4,False,True,False
7755996463359,3,160.47,64.02,39.9,33.2,D2,D1,Direct / Organic,Unknown,MY,True,2022-02,2022,2,False,True,False
6327552540927,2,169.6,63.92,37.7,0.0,D2,D2,Subscription,Unknown,SG,False,2022-04,2022,1,False,False,False
8839905706239,2,105.55,63.84,60.5,100.0,D2,D1,Direct / Organic,Accessories,SG,False,2026-03,2026,2,False,True,False
7711383027967,1,98.02,63.62,64.9,100.0,D2,D5,Subscription,Clear Protein,SG,True,2024-12,2024,3,False,False,False
7153029873919,2,100.3,63.52,63.3,100.0,D2,D2,Subscription,Clear Protein,SG,True,2024-03,2024,1,False,False,False
6423596663039,1,163.62,63.49,38.8,0.0,D2,D5,Subscription,Unknown,SG,False,2022-03,2022,1,False,False,False
6832308551935,1,123.21,63.47,51.5,23.1,D2,D5,Subscription,Other,SG,False,2024-04,2024,2,False,False,False
7756267258111,1,65.99,63.46,96.2,100.0,D2,D4,Direct / Organic,Other,MY,False,2023-01,2023,1,False,False,False
7756267389183,1,77.64,63.46,81.7,100.0,D2,D4,Direct / Organic,Other,MY,False,2023-01,2023,1,False,False,False
7756397609215,1,63.55,63.46,99.9,100.0,D2,D4,Direct / Organic,Other,MY,False,2023-12,2023,1,False,False,False
7756266864895,1,92.63,63.37,68.4,100.0,D2,D4,Direct / Organic,Collagen Glow,MY,False,2023-01,2023,1,False,False,False
7756328435967,1,98.69,63.37,64.2,100.0,D2,D4,Direct / Organic,Collagen Glow,MY,False,2023-02,2023,1,False,False,False
7756401017087,1,98.08,63.37,64.6,100.0,D2,D4,Direct / Organic,Collagen Glow,MY,False,2024-01,2024,1,False,False,False
7756469403903,1,84.76,63.37,74.8,100.0,D2,D4,Direct / Organic,Collagen Glow,MY,False,2024-09,2024,1,False,False,False
8446136254719,1,77.85,63.34,81.4,100.0,D2,D2,Direct / Organic,Clear Protein,SG,False,2025-10,2025,2,False,False,False
8697064423679,1,87.93,63.31,72.0,100.0,D2,D2,Direct / Organic,Lean Protein,SG,False,2026-01,2026,2,False,False,False
7756413239551,1,92.43,63.21,68.4,100.0,D2,D4,Direct / Organic,Unknown,MY,False,2024-03,2024,2,False,False,False
7756438962431,1,82.16,63.21,76.9,100.0,D2,D4,Direct / Organic,Clear Protein,MY,False,2024-06,2024,2,False,False,False
7959059300607,1,80.62,63.16,78.3,100.0,D2,D3,Direct / Organic,Lean Protein,SG,False,2025-04,2025,1,False,False,False
8344497946879,1,76.07,63.14,83.0,100.0,D2,D3,Direct / Organic,Accessories,SG,False,2025-09,2025,2,False,False,False
8902232310015,1,65.86,62.92,95.5,100.0,D2,D2,Direct / Organic,Accessories,SG,False,2026-03,2026,2,False,False,False
8763339538687,1,99.11,62.79,63.4,100.0,D2,D2,Subscription,Lean Protein,SG,True,2026-02,2026,1,False,False,False
7756012585215,2,129.7,62.67,48.3,59.2,D2,D2,Direct / Organic,Unknown,MY,False,2022-08,2022,2,False,False,False
7756434112767,1,83.17,62.62,75.3,100.0,D2,D4,Direct / Organic,Soy Protein,MY,False,2024-06,2024,2,False,False,False
7308786237695,1,67.76,62.61,92.4,100.0,D2,D5,Subscription,Other,SG,False,2024-05,2024,1,False,False,False
8312653938943,1,80.73,62.2,77.0,100.0,D2,D3,Subscription,Other,SG,True,2025-09,2025,1,False,False,False
8621587202303,1,83.21,62.19,74.7,100.0,D2,D2,Direct / Organic,Accessories,SG,False,2025-12,2025,2,False,False,False
7826394972415,2,108.18,62.18,57.5,100.0,D2,D1,Direct / Organic,Lean Protein,SG,False,2025-02,2025,2,False,True,False
7176846934271,1,104.4,62.14,59.5,100.0,D2,D5,Subscription,Other,SG,True,2024-04,2024,2,False,False,False
8310327738623,1,67.1,62.03,92.4,100.0,D2,D3,Subscription,Accessories,SG,True,2025-09,2025,2,False,False,False
8343408869631,1,67.1,62.03,92.4,100.0,D2,D3,Subscription,Accessories,SG,True,2025-09,2025,2,False,False,False
7476690583807,1,62.86,61.96,98.6,100.0,D2,D5,Subscription,Other,SG,False,2024-09,2024,1,False,False,False
7174366757119,1,100.31,61.95,61.8,100.0,D2,D5,Subscription,Clear Protein,SG,True,2024-04,2024,2,False,False,False
7756169871615,1,102.44,61.87,60.4,76.1,D2,D4,Direct / Organic,Unknown,MY,False,2022-12,2022,3,False,False,False
8358854361343,1,88.9,61.83,69.6,100.0,D2,D3,Direct / Organic,Clear Protein,SG,False,2025-10,2025,2,False,False,False
6329641795839,1,153.58,61.43,40.0,0.0,D2,D5,Subscription,Unknown,SG,False,2022-02,2022,1,False,False,False
6424908759295,1,97.04,61.23,63.1,100.0,D2,D5,Subscription,Lean Protein,SG,True,2026-02,2026,1,False,False,False
8772284514559,1,97.04,61.23,63.1,100.0,D2,D2,Subscription,Lean Protein,SG,True,2026-03,2026,1,False,False,False
7756043321599,2,111.13,61.13,55.0,63.7,D2,D1,Direct / Organic,Unknown,MY,False,2022-02,2022,3,False,True,False
7755957895423,38,4995.46,2796.69,56.0,62.9,D1,D1,Direct / Organic,Unknown,MY,True,2022-03,2022,4,True,True,True
6336728531199,3,5542.97,2215.23,40.0,0.0,D1,D1,Subscription,Unknown,SG,False,2022-05,2022,1,True,True,True
6558688313599,10,2783.08,1824.82,65.6,53.4,D1,D1,Direct / Organic,Unknown,MY,True,2022-05,2022,3,True,True,True
7756000690431,4,3612.43,1817.95,50.3,29.9,D1,D1,Direct / Organic,Unknown,MY,False,2022-06,2022,2,True,True,True
6336631275775,2,4378.26,1751.3,40.0,0.0,D1,D2,Subscription,Unknown,SG,False,2022-04,2022,1,True,False,False
7756026904831,5,4306.38,1722.55,40.0,0.0,D1,D1,Direct / Organic,Unknown,MY,False,2022-02,2022,1,True,True,True
6336747438335,5,3180.03,1544.83,48.6,28.1,D1,D1,Subscription,Unknown,SG,False,2022-08,2022,4,True,True,True
8081852530943,7,1933.2,1500.97,77.6,100.0,D1,D1,Direct / Organic,Clear Protein,SG,False,2025-05,2025,3,True,True,True
6329689735423,13,2177.98,1431.6,65.7,57.9,D1,D1,Direct / Organic,Unknown,MY,False,2022-03,2022,4,True,True,True
7756016877823,2,2763.27,1105.31,40.0,0.0,D1,D2,Direct / Organic,Unknown,MY,False,2022-08,2022,1,True,False,False
7476721352959,11,1575.37,1089.58,69.2,100.0,D1,D1,Subscription,Clear Protein,SG,True,2024-09,2024,2,True,True,True
6334073602303,6,1960.53,1080.55,55.1,49.5,D1,D1,Subscription,Unknown,SG,False,2022-08,2022,3,True,True,True
6327679418623,11,1670.91,1006.53,60.2,100.0,D1,D1,Subscription,Other,SG,True,2022-10,2022,3,True,True,True
7516736061695,2,1042.26,993.1,95.3,100.0,D1,D2,Subscription,Unknown,SG,False,2024-09,2024,2,True,False,False
6328214618367,14,1411.24,931.01,66.0,87.5,D1,D1,Subscription,Unknown,SG,True,2022-06,2022,3,True,True,True
8235052826879,4,1037.77,928.64,89.5,100.0,D1,D1,Direct / Organic,Lean Protein,SG,False,2025-08,2025,4,True,True,True
7756002066687,12,2010.06,923.13,45.9,50.8,D1,D1,Direct / Organic,Unknown,MY,True,2022-04,2022,5,True,True,True
6327501881599,4,2176.18,870.47,40.0,0.0,D1,D1,Subscription,Unknown,SG,False,2022-01,2022,1,True,True,True
6590570627327,14,1125.32,827.42,73.5,100.0,D1,D1,Subscription,Other,SG,True,2023-03,2023,3,True,True,True
7756013306111,9,1232.96,768.5,62.3,98.2,D1,D1,Direct / Organic,Unknown,MY,True,2022-12,2022,4,True,True,True
6327806263551,3,1898.63,759.45,40.0,0.0,D1,D1,Subscription,Unknown,SG,False,2022-01,2022,1,True,True,True
7916487934207,10,1045.9,750.08,71.7,100.0,D1,D1,Paid Social,Clear Protein,SG,True,2025-03,2025,2,True,True,True
6329711493375,9,955.73,739.11,77.3,100.0,D1,D1,Subscription,Other,SG,True,2024-08,2024,2,True,True,True
7756006097151,5,1501.0,728.5,48.5,17.5,D1,D1,Direct / Organic,Unknown,MY,False,2022-05,2022,2,True,True,True
7033655099647,17,889.29,727.87,81.8,100.0,D1,D1,Subscription,Unknown,SG,True,2024-01,2024,2,True,True,True
6327607623935,12,1102.89,724.77,65.7,100.0,D1,D1,Subscription,Collagen Glow,SG,True,2024-08,2024,3,True,True,True
6327387259135,1,1693.12,677.25,40.0,0.0,D1,D5,Subscription,Unknown,SG,False,2022-06,2022,1,True,False,False
6327663034623,1,1660.8,662.36,39.9,0.0,D1,D5,Subscription,Unknown,SG,False,2022-08,2022,1,True,False,False
6336754647295,4,754.9,642.22,85.1,88.7,D1,D1,Subscription,Unknown,SG,True,2022-08,2022,3,True,True,True
6328270815487,2,1599.1,639.64,40.0,0.0,D1,D2,Subscription,Unknown,SG,False,2022-02,2022,1,True,False,False
6328289657087,3,1382.72,632.64,45.8,0.0,D1,D1,Subscription,Unknown,SG,False,2022-03,2022,1,True,True,True
8403609026815,3,870.41,611.2,70.2,94.7,D1,D1,Direct / Organic,Other,SG,False,2025-10,2025,5,True,True,True
7755915886847,5,1527.63,609.96,39.9,0.0,D1,D1,Direct / Organic,Unknown,MY,False,2022-01,2022,1,True,True,True
7338895868159,4,896.8,601.87,67.1,100.0,D1,D1,Subscription,Clear Protein,SG,True,2024-06,2024,1,True,True,True
7756011536639,9,1303.28,597.75,45.9,41.9,D1,D1,Direct / Organic,Unknown,MY,False,2022-06,2022,2,True,True,True
6450369855743,2,688.89,590.42,85.7,100.0,D1,D2,Subscription,Other,SG,False,2022-12,2022,1,True,False,False
7756430016767,5,797.92,580.55,72.8,100.0,D1,D1,Direct / Organic,Clear Protein,MY,True,2024-05,2024,1,True,True,True
6970579321087,15,817.21,573.9,70.2,100.0,D1,D1,Subscription,Other,SG,True,2023-12,2023,2,True,True,True
7700304986367,13,825.25,565.43,68.5,100.0,D1,D1,Subscription,Other,SG,True,2024-12,2024,3,True,True,True
7677544628479,4,605.62,547.29,90.4,100.0,D1,D1,Subscription,Clear Protein,SG,True,2024-12,2024,3,True,True,True
7756011569407,8,749.43,546.21,72.9,100.0,D1,D1,Subscription,Soy Protein,MY,True,2023-04,2023,2,True,True,True
7756260311295,13,1066.28,537.06,50.4,73.7,D1,D1,Direct / Organic,Unknown,MY,False,2022-12,2022,3,True,True,True
7999782879487,11,748.0,528.1,70.6,100.0,D1,D1,Direct / Organic,Clear Protein,SG,True,2025-05,2025,1,True,True,True
7756034539775,8,1102.08,519.5,47.1,47.5,D1,D1,Direct / Organic,Unknown,MY,True,2022-01,2022,2,True,True,True
8048350658815,9,619.3,514.63,83.1,100.0,D1,D1,Subscription,Collagen Glow,SG,True,2025-05,2025,3,True,True,True
7756032934143,1,1278.9,511.56,40.0,0.0,D1,D4,Direct / Organic,Unknown,MY,False,2022-05,2022,1,True,False,False
7756030181631,6,1280.09,509.86,39.8,0.0,D1,D1,Direct / Organic,Unknown,MY,False,2022-02,2022,1,True,True,True
7475324551423,9,680.14,505.22,74.3,100.0,D1,D1,Subscription,Lean Protein,SG,True,2024-08,2024,3,True,True,True
7756015698175,2,1237.09,494.84,40.0,0.0,D1,D2,Direct / Organic,Unknown,MY,False,2022-09,2022,1,True,False,False
7755978309887,7,996.29,487.8,49.0,46.6,D1,D1,Direct / Organic,Unknown,MY,False,2022-01,2022,4,True,True,True
7756000854271,6,675.75,483.97,71.6,88.7,D1,D1,Direct / Organic,Unknown,MY,True,2022-08,2022,4,True,True,True
7817754509567,1,732.8,479.07,65.4,100.0,D1,D4,Direct / Organic,Clear Protein,SG,False,2025-01,2025,3,True,False,False
7835384873215,4,661.94,477.37,72.1,100.0,D1,D1,Direct / Organic,Lean Protein,SG,True,2025-02,2025,3,True,True,True
7142554403071,8,542.94,471.74,86.9,100.0,D1,D1,Subscription,Other,SG,True,2024-03,2024,3,True,True,True
7756396953855,14,892.75,467.62,52.4,85.7,D1,D1,Subscription,Unknown,MY,True,2023-12,2023,4,True,True,True
7756468977919,11,642.59,466.16,72.5,100.0,D1,D1,Direct / Organic,Clear Protein,MY,True,2024-09,2024,4,True,True,True
7521981661439,13,709.64,465.53,65.6,100.0,D1,D1,Subscription,Lean Protein,SG,True,2024-09,2024,2,True,True,True
6368762626303,2,566.4,452.09,79.8,100.0,D1,D2,Subscription,Other,SG,False,2022-10,2022,1,True,False,False
6329696682239,2,460.6,451.39,98.0,100.0,D1,D2,Subscription,Other,SG,False,2022-10,2022,4,True,False,False
6329604407551,9,664.01,446.03,67.2,100.0,D1,D1,Subscription,Clear Protein,SG,True,2024-03,2024,2,True,True,True
6329874153727,7,799.78,443.87,55.5,50.6,D1,D1,Subscription,Unknown,SG,True,2022-06,2022,3,True,True,True
6329618301183,2,1107.88,443.15,40.0,0.0,D1,D2,Subscription,Unknown,SG,False,2022-04,2022,1,True,False,False
6336693305599,7,664.11,443.0,66.7,100.0,D1,D1,Subscription,Collagen Glow,SG,True,2024-01,2024,4,True,True,True
7755925979391,7,1078.24,442.9,41.1,4.5,D1,D1,Direct / Organic,Unknown,MY,False,2022-02,2022,1,True,True,True
6423603740927,1,1099.9,439.96,40.0,0.0,D1,D5,Subscription,Unknown,SG,False,2022-02,2022,1,True,False,False
8264846573823,5,618.6,432.07,69.8,100.0,D1,D1,Subscription,Clear Protein,SG,True,2025-08,2025,4,True,True,True
7756437455103,4,593.09,426.38,71.9,100.0,D1,D1,Direct / Organic,Clear Protein,MY,False,2024-06,2024,1,True,True,True
8134241386751,5,623.75,425.82,68.3,100.0,D1,D1,Subscription,Other,SG,True,2025-06,2025,2,True,True,True
7497109635327,5,603.1,421.67,69.9,100.0,D1,D1,Subscription,Other,SG,True,2024-09,2024,4,True,True,True
7756005474559,8,823.69,408.36,49.6,18.6,D1,D1,Direct / Organic,Unknown,MY,False,2022-02,2022,2,True,True,True
7755988041983,6,877.82,407.79,46.5,36.3,D1,D1,Direct / Organic,Unknown,MY,False,2022-05,2022,2,True,True,True
6328258035967,6,592.93,405.51,68.4,95.2,D1,D1,Subscription,Unknown,SG,False,2022-08,2022,2,True,True,True
8098552250623,4,475.34,404.1,85.0,100.0,D1,D1,Direct / Organic,Collagen Glow,SG,False,2025-06,2025,5,True,True,True
7124600881407,5,585.83,403.18,68.8,100.0,D1,D1,Subscription,Other,SG,True,2024-03,2024,4,True,True,True
6327682236671,7,905.92,402.55,44.4,4.5,D1,D1,Subscription,Unknown,SG,False,2022-03,2022,2,True,True,True
7971386065151,8,582.05,402.48,69.1,100.0,D1,D1,Direct / Organic,Unknown,SG,True,2025-04,2025,4,True,True,True
7475231457535,4,468.8,398.62,85.0,100.0,D1,D1,Subscription,Lean Protein,SG,False,2024-08,2024,3,True,True,True
7756421300479,13,632.86,392.21,62.0,100.0,D1,D1,Subscription,Clear Protein,MY,True,2024-04,2024,2,True,True,True
7522571616511,5,534.27,392.15,73.4,100.0,D1,D1,Subscription,Lean Protein,SG,True,2024-09,2024,3,True,True,True
8706965569791,2,514.1,391.18,76.1,100.0,D1,D1,Subscription,Accessories,SG,True,2026-01,2026,3,True,True,True
7922399772927,10,593.12,389.43,65.7,100.0,D1,D1,Direct / Organic,Lean Protein,SG,True,2025-03,2025,1,True,True,True
6327390765311,1,972.7,389.08,40.0,0.0,D1,D5,Subscription,Unknown,SG,False,2022-08,2022,1,True,False,False
6327607918847,3,740.0,388.56,52.5,33.6,D1,D1,Subscription,Unknown,SG,False,2022-03,2022,2,True,True,True
8332113117439,2,480.19,387.16,80.6,100.0,D1,D1,Paid Social,Other,SG,False,2025-09,2025,5,True,True,True
7566592344319,2,473.7,384.44,81.2,100.0,D1,D2,Subscription,Lean Protein,SG,False,2024-10,2024,2,True,False,False
6327522230527,1,959.9,383.96,40.0,0.0,D1,D5,Subscription,Unknown,SG,False,2022-08,2022,1,True,False,False
6423225073919,1,959.9,383.96,40.0,0.0,D1,D5,Subscription,Unknown,SG,False,2022-08,2022,1,True,False,False
6420678377727,3,687.93,381.56,55.5,100.0,D1,D1,Subscription,Unknown,SG,False,2022-04,2022,1,True,True,True
8438298673407,4,542.12,381.43,70.4,100.0,D1,D1,Direct / Organic,Accessories,SG,True,2025-10,2025,6,True,True,True
7756359336191,11,777.35,381.17,49.0,100.0,D1,D1,Subscription,Other,MY,True,2023-04,2023,1,True,True,True
7756033753343,2,831.87,380.39,45.7,26.6,D1,D1,Direct / Organic,Unknown,MY,False,2022-05,2022,2,True,True,True
7737236259071,1,594.92,379.02,63.7,100.0,D1,D5,Subscription,Other,SG,False,2025-01,2025,1,True,False,False
7756261130495,2,549.01,378.46,68.9,100.0,D1,D1,Direct / Organic,Collagen Glow,MY,False,2022-12,2022,3,True,True,True
8337105322239,3,408.0,372.52,91.3,100.0,D1,D1,Direct / Organic,Accessories,SG,False,2025-09,2025,4,True,True,True
6327697834239,10,674.14,371.17,55.1,72.1,D1,D1,Direct / Organic,Unknown,MY,True,2022-06,2022,5,True,True,True
7756002328831,4,487.51,368.31,75.5,46.8,D1,D1,Direct / Organic,Unknown,MY,False,2022-02,2022,2,True,True,True
7971501867263,5,518.05,367.38,70.9,100.0,D1,D1,Direct / Organic,Lean Protein,SG,False,2025-04,2025,3,True,True,True
6327780704511,2,914.75,363.94,39.8,0.0,D1,D2,Subscription,Unknown,SG,False,2022-04,2022,1,True,False,False
6327531176191,5,549.32,362.26,65.9,100.0,D1,D1,Subscription,Clear Protein,SG,True,2024-04,2024,2,True,True,True
6327522361599,8,599.82,358.14,59.7,89.8,D1,D1,Subscription,Unknown,SG,True,2022-08,2022,4,True,True,True
7968977092863,5,539.82,356.94,66.1,100.0,D1,D1,Subscription,Clear Protein,SG,True,2025-04,2025,4,True,True,True
6765611876607,10,679.2,356.1,52.4,100.0,D1,D1,Subscription,Other,SG,True,2023-08,2023,1,True,True,True
7756404064511,5,441.81,355.56,80.5,100.0,D1,D1,Direct / Organic,Other,MY,False,2024-01,2024,5,True,True,True
7756473499903,9,521.67,353.56,67.8,100.0,D1,D1,Subscription,Other,MY,True,2024-10,2024,4,True,True,True
7988268073215,4,549.82,351.42,63.9,100.0,D1,D1,Paid Social,Unknown,SG,True,2025-04,2025,4,True,True,True
7756048630015,2,881.7,350.25,39.7,0.0,D1,D1,Direct / Organic,Unknown,MY,False,2022-01,2021,1,True,True,True
7755920408831,1,875.05,350.02,40.0,0.0,D1,D5,Direct / Organic,Unknown,MY,False,2022-08,2022,1,True,False,False
7136686768383,4,456.12,347.32,76.1,100.0,D1,D1,Subscription,Other,SG,False,2024-03,2024,4,True,True,True
7755942527231,4,845.28,344.61,40.8,7.2,D1,D1,Direct / Organic,Unknown,MY,False,2022-01,2022,2,True,True,True
7755983421695,2,872.12,344.0,39.4,0.0,D1,D2,Direct / Organic,Unknown,MY,False,2022-01,2022,1,True,False,False
6423228776703,3,859.5,343.8,40.0,0.0,D1,D1,Subscription,Unknown,SG,False,2022-05,2022,1,True,True,True
8305913921791,2,397.0,338.28,85.2,100.0,D1,D1,Direct / Organic,Other,SG,False,2025-09,2025,4,True,True,True
8463938388223,3,438.5,337.35,76.9,100.0,D1,D1,Direct / Organic,Unknown,SG,False,2025-10,2025,3,True,True,True
7122726191359,5,487.2,336.77,69.1,100.0,D1,D1,Subscription,Clear Protein,SG,True,2024-03,2024,5,True,True,True
7756462293247,3,409.85,336.06,82.0,100.0,D1,D1,Direct / Organic,Accessories,MY,False,2024-09,2024,2,True,True,True
7756430639359,4,451.26,335.31,74.3,100.0,D1,D1,Subscription,Clear Protein,MY,True,2024-05,2024,5,True,True,True
6329849118975,2,309.2,334.69,108.2,61.7,D1,D2,Subscription,Unknown,SG,False,2022-06,2022,2,True,False,False
7756431556863,6,472.66,333.07,70.5,99.5,D1,D1,Direct / Organic,Collagen Glow,MY,False,2024-05,2024,2,True,True,True
7756038406399,2,832.0,332.8,40.0,0.0,D1,D1,Direct / Organic,Unknown,MY,False,2022-03,2022,1,True,True,True
8345035243775,3,387.0,331.62,85.7,100.0,D1,D1,Direct / Organic,Accessories,SG,False,2025-09,2025,2,True,True,True
6850481160447,9,602.23,330.91,54.9,100.0,D1,D1,Subscription,Unknown,SG,True,2023-10,2023,2,True,True,True
6336658145535,2,810.06,329.82,40.7,0.0,D1,D2,Subscription,Unknown,SG,False,2022-05,2022,1,True,False,False
7476798292223,3,357.65,329.57,92.1,100.0,D1,D1,Subscription,Clear Protein,SG,False,2024-09,2024,5,True,True,True
7756349112575,9,574.15,327.51,57.0,95.4,D1,D1,Direct / Organic,Collagen Glow,MY,True,2023-02,2023,3,True,True,True
7756023529727,3,818.16,327.26,40.0,0.0,D1,D1,Direct / Organic,Unknown,MY,False,2022-01,2021,1,True,True,True
6327709139199,1,815.91,326.36,40.0,0.0,D1,D5,Subscription,Unknown,SG,False,2022-06,2022,1,True,False,False
7959445766399,1,462.45,325.35,70.4,100.0,D1,D3,Subscription,Other,SG,True,2025-04,2025,2,True,False,False
6327639572735,6,523.45,324.88,62.1,100.0,D1,D1,Subscription,Other,SG,True,2024-03,2024,3,True,True,True
7143014727935,4,453.92,324.6,71.5,100.0,D1,D1,Subscription,Clear Protein,SG,False,2024-03,2024,2,True,True,True
7756016484607,4,736.98,324.4,44.0,28.2,D1,D1,Direct / Organic,Unknown,MY,True,2022-05,2022,2,True,True,True
7824197943551,1,493.2,323.87,65.7,100.0,D1,D4,Direct / Organic,Other,SG,False,2025-01,2025,3,True,False,False
6327720083711,1,800.9,320.36,40.0,0.0,D1,D5,Subscription,Unknown,SG,False,2022-06,2022,1,True,False,False
6423240638719,1,800.9,320.36,40.0,0.0,D1,D5,Subscription,Unknown,SG,False,2022-06,2022,1,True,False,False
7755980079359,21,593.81,320.19,53.9,89.0,D1,D1,Direct / Organic,Unknown,MY,True,2022-01,2022,5,True,True,True
7991231217919,4,426.4,317.82,74.5,100.0,D1,D1,Direct / Organic,Clear Protein,SG,True,2025-05,2025,3,True,True,True
8335039529215,2,430.0,317.63,73.9,100.0,D1,D1,Direct / Organic,Lean Protein,SG,False,2025-09,2025,3,True,True,True
6329863766271,2,391.45,313.04,80.0,82.9,D1,D2,Subscription,Unknown,SG,False,2022-08,2022,3,True,False,False
6327698981119,2,283.46,313.02,110.4,68.9,D1,D2,Subscription,Unknown,SG,False,2022-06,2022,2,True,False,False
7756374442239,4,479.36,312.03,65.1,90.5,D1,D1,Direct / Organic,Unknown,MY,False,2023-10,2023,5,True,True,True
7236677632255,8,477.6,310.67,65.0,100.0,D1,D1,Subscription,Clear Protein,SG,True,2024-04,2024,3,True,True,True
7145852895487,5,476.68,310.62,65.2,100.0,D1,D1,Subscription,Collagen Glow,SG,True,2024-03,2024,2,True,True,True
7819297620223,1,484.1,310.4,64.1,100.0,D1,D4,Direct / Organic,Other,SG,False,2025-01,2025,1,True,False,False
7756015337727,5,786.05,310.05,39.4,0.0,D1,D1,Direct / Organic,Unknown,MY,False,2022-04,2022,1,True,True,True
8404134985983,2,382.56,308.98,80.8,100.0,D1,D1,Direct / Organic,Clear Protein,SG,False,2025-10,2025,3,True,True,True
8308809007359,2,378.0,306.91,81.2,100.0,D1,D1,Direct / Organic,Other,SG,False,2025-09,2025,3,True,True,True
6510694334719,2,384.97,301.6,78.3,100.0,D1,D2,Subscription,Other,SG,False,2023-01,2023,1,True,False,False
8002930802943,4,435.1,300.32,69.0,100.0,D1,D1,Paid Social,Lean Protein,SG,True,2025-05,2025,2,True,True,True
6327689576703,5,716.9,299.97,41.8,8.6,D1,D1,Subscription,Unknown,SG,False,2022-04,2022,2,True,True,True
8339756974335,4,412.4,299.92,72.7,100.0,D1,D1,Paid Social,Accessories,SG,False,2025-09,2025,4,True,True,True
6423463854335,1,743.75,297.5,40.0,0.0,D1,D5,Subscription,Unknown,SG,False,2022-05,2022,1,True,False,False
7756386042111,8,482.23,296.13,61.4,100.0,D1,D1,Subscription,Other,MY,True,2024-01,2024,4,True,True,True
7883697324287,2,404.9,293.51,72.5,100.0,D1,D1,Direct / Organic,Clear Protein,SG,False,2025-03,2025,2,True,True,True
7467076026623,7,462.7,293.37,63.4,100.0,D1,D1,Subscription,Lean Protein,SG,False,2024-09,2024,2,True,True,True
6329600803071,5,473.99,293.36,61.9,53.3,D1,D1,Subscription,Unknown,SG,False,2022-02,2022,2,True,True,True
6336712999167,2,739.36,291.82,39.5,0.0,D1,D2,Subscription,Unknown,SG,False,2022-08,2022,1,True,False,False
6453495759103,4,425.23,291.4,68.5,93.9,D1,D1,Subscription,Other,SG,False,2022-12,2022,2,True,True,True
8339720569087,6,387.95,290.93,75.0,100.0,D1,D1,Direct / Organic,Accessories,SG,True,2025-09,2025,2,True,True,True
7756003279103,8,530.68,290.74,54.8,65.8,D1,D1,Direct / Organic,Unknown,MY,False,2022-04,2022,4,True,True,True
7756484346111,7,418.09,289.36,69.2,100.0,D1,D1,Subscription,Clear Protein,MY,True,2024-12,2024,1,True,True,True
6336651559167,2,470.69,289.15,61.4,56.4,D1,D2,Subscription,Unknown,SG,False,2022-03,2022,2,True,False,False
7756044239103,1,727.7,288.65,39.7,0.0,D1,D4,Direct / Organic,Unknown,MY,False,2022-02,2022,1,True,False,False
7940749426943,2,373.77,288.61,77.2,100.0,D1,D1,Direct / Organic,Accessories,SG,False,2025-04,2025,5,True,True,True
6328247255295,3,559.52,288.56,51.6,37.1,D1,D1,Subscription,Unknown,SG,False,2022-02,2022,2,True,True,True
7756263522559,7,513.87,286.65,55.8,91.3,D1,D1,Direct / Organic,Other,MY,True,2022-12,2022,3,True,True,True
6329708708095,2,560.02,286.08,51.1,24.7,D1,D2,Subscription,Unknown,SG,False,2022-05,2022,2,True,False,False
7341135954175,2,360.4,286.03,79.4,100.0,D1,D2,Subscription,Clear Protein,SG,False,2024-06,2024,4,True,False,False
7167085084927,4,334.3,284.27,85.0,100.0,D1,D1,Subscription,Clear Protein,SG,False,2024-04,2024,1,True,True,True
7486364188927,4,398.91,282.49,70.8,100.0,D1,D1,Subscription,Clear Protein,SG,False,2024-09,2024,4,True,True,True
7962798620927,9,451.07,280.88,62.3,100.0,D1,D1,Paid Social,Lean Protein,SG,True,2025-04,2025,2,True,True,True
7144399864063,3,334.1,280.54,84.0,100.0,D1,D1,Subscription,Clear Protein,SG,True,2024-03,2024,5,True,True,True
8234418274559,2,433.9,277.83,64.0,100.0,D1,D1,Direct / Organic,Collagen Glow,SG,False,2025-08,2025,3,True,True,True
6327752720639,4,649.48,276.04,42.5,20.2,D1,D1,Subscription,Unknown,SG,True,2022-01,2022,2,True,True,True
6328228872447,3,697.78,275.19,39.4,0.0,D1,D1,Subscription,Unknown,SG,False,2022-02,2022,1,True,True,True
8273287708927,2,347.9,272.83,78.4,100.0,D1,D1,Direct / Organic,Lean Protein,SG,False,2025-08,2025,3,True,True,True
8341243035903,3,320.8,271.02,84.5,95.7,D1,D1,Direct / Organic,Other,SG,False,2025-09,2025,4,True,True,True
6601910747391,4,342.45,271.0,79.1,91.5,D1,D1,Subscription,Other,SG,False,2023-05,2023,4,True,True,True
7756414583039,3,481.35,269.33,56.0,100.0,D1,D1,Direct / Organic,Collagen Glow,MY,False,2024-04,2024,1,True,True,True
7182675083519,3,375.61,266.87,71.0,100.0,D1,D1,Subscription,Clear Protein,SG,False,2024-04,2024,3,True,True,True
7956357021951,8,428.18,265.69,62.1,100.0,D1,D1,Paid Social,Lean Protein,SG,True,2025-04,2025,3,True,True,True
6424544575743,3,342.81,262.29,76.5,100.0,D1,D1,Subscription,Clear Protein,SG,False,2023-12,2023,2,True,True,True
7756485361919,6,365.0,262.14,71.8,100.0,D1,D1,Direct / Organic,Accessories,MY,True,2024-12,2024,2,True,True,True
7756348162303,7,477.53,262.0,54.9,100.0,D1,D1,Direct / Organic,Other,MY,True,2023-02,2023,4,True,True,True
7756316672255,14,463.64,261.94,56.5,96.6,D1,D1,Subscription,Collagen Glow,MY,True,2023-04,2023,4,True,True,True
7756486934783,3,371.56,261.51,70.4,100.0,D1,D1,Direct / Organic,Clear Protein,MY,True,2024-12,2024,4,True,True,True
6365653270783,1,229.79,261.37,113.7,75.2,D1,D5,Subscription,Unknown,SG,False,2022-10,2022,2,True,False,False
8244807008511,3,373.61,260.9,69.8,100.0,D1,D1,Direct / Organic,Other,SG,True,2025-08,2025,2,True,True,True
6423240835327,5,446.35,260.76,58.4,72.3,D1,D1,Subscription,Unknown,SG,True,2022-05,2022,3,True,True,True
7168635830527,5,283.81,260.28,91.7,100.0,D1,D1,Subscription,Other,SG,True,2024-04,2024,2,True,True,True
6336660734207,2,562.7,259.84,46.2,30.4,D1,D2,Subscription,Unknown,SG,True,2022-05,2022,3,True,False,False
6327399940351,1,648.91,259.56,40.0,0.0,D1,D5,Subscription,Unknown,SG,False,2022-06,2022,1,True,False,False
7755941183743,2,650.73,259.2,39.8,0.0,D1,D2,Direct / Organic,Unknown,MY,False,2022-03,2022,1,True,False,False
7756045648127,2,635.02,257.04,40.5,12.2,D1,D1,Direct / Organic,Unknown,MY,True,2022-01,2022,2,True,True,True
6336747471103,1,639.9,255.96,40.0,0.0,D1,D5,Subscription,Unknown,SG,False,2022-05,2022,1,True,False,False
7755945574655,4,500.03,255.88,51.2,34.5,D1,D1,Direct / Organic,Unknown,MY,True,2022-01,2021,4,True,True,True
6423604723967,3,403.72,254.95,63.2,75.7,D1,D1,Subscription,Unknown,SG,False,2022-02,2022,2,True,True,True
6329831588095,7,391.2,254.93,65.2,100.0,D1,D1,Subscription,Other,SG,False,2024-09,2024,4,True,True,True
8054880207103,3,339.6,254.38,74.9,100.0,D1,D1,Direct / Organic,Lean Protein,SG,False,2025-05,2025,3,True,True,True
6329602670847,4,401.2,254.08,63.3,100.0,D1,D1,Subscription,Clear Protein,SG,True,2024-03,2024,1,True,True,True
7151938994431,8,411.84,253.59,61.6,100.0,D1,D1,Subscription,Other,SG,True,2024-03,2024,3,True,True,True
8350900257023,2,349.8,253.4,72.4,100.0,D1,D1,Subscription,Other,SG,True,2025-09,2025,2,True,True,True
8766572364031,1,371.52,253.14,68.1,100.0,D1,D2,Direct / Organic,Other,SG,False,2026-02,2026,2,True,False,False
6772333609215,5,405.71,252.35,62.2,100.0,D1,D1,Subscription,Other,SG,False,2023-08,2023,4,True,True,True
6328238899455,1,629.28,251.71,40.0,0.0,D1,D5,Subscription,Unknown,SG,False,2022-01,2022,1,True,False,False
7155206750463,3,295.51,251.32,85.0,100.0,D1,D1,Subscription,Clear Protein,SG,False,2024-03,2024,2,True,True,True
7756008358143,6,452.7,251.09,55.5,60.5,D1,D1,Direct / Organic,Unknown,MY,False,2022-02,2022,3,True,True,True
7756420251903,3,328.71,250.16,76.1,100.0,D1,D1,Direct / Organic,Other,MY,True,2024-04,2024,2,True,True,True
7756000067839,3,295.15,249.42,84.5,100.0,D1,D1,Direct / Organic,Other,MY,True,2022-09,2022,3,True,True,True
7756376408319,6,484.24,249.42,51.5,100.0,D1,D1,Direct / Organic,Other,MY,True,2023-08,2023,1,True,True,True
7516825649407,2,303.96,246.94,81.2,100.0,D1,D2,Subscription,Clear Protein,SG,False,2024-09,2024,4,True,False,False
7756004458751,5,466.96,246.65,52.8,15.0,D1,D1,Direct / Organic,Unknown,MY,False,2022-03,2022,1,True,True,True
6423590142207,2,615.5,246.2,40.0,0.0,D1,D2,Subscription,Unknown,SG,False,2022-05,2022,1,True,False,False
7756019466495,1,620.61,245.82,39.6,0.0,D1,D4,Direct / Organic,Unknown,MY,False,2022-08,2022,1,True,False,False
7756349440255,10,500.8,245.8,49.1,92.3,D1,D1,Subscription,Unknown,MY,True,2023-02,2023,4,True,True,True
6362962821375,2,242.5,244.49,100.8,100.0,D1,D2,Subscription,Other,SG,False,2022-10,2022,1,True,False,False
8653246890239,2,273.38,244.38,89.4,100.0,D1,D1,Direct / Organic,Lean Protein,SG,False,2025-12,2025,1,True,True,True
7252742078719,2,241.25,244.27,101.3,100.0,D1,D2,Subscription,Other,SG,False,2024-04,2024,1,True,False,False
7272645099775,1,300.9,243.66,81.0,100.0,D1,D5,Subscription,Unknown,SG,False,2024-05,2024,2,True,False,False
7335218184447,1,318.6,243.66,76.5,100.0,D1,D5,Subscription,Clear Protein,SG,False,2024-06,2024,1,True,False,False
6336698253567,2,617.55,243.1,39.4,0.0,D1,D2,Subscription,Unknown,SG,False,2022-06,2022,1,True,False,False
7295407227135,4,349.9,243.05,69.5,100.0,D1,D1,Subscription,Clear Protein,SG,False,2024-05,2024,1,True,True,True
7427694067967,3,324.15,243.05,75.0,100.0,D1,D1,Subscription,Clear Protein,SG,False,2024-08,2024,1,True,True,True
7267551379711,2,289.1,242.09,83.7,100.0,D1,D2,Subscription,Clear Protein,SG,False,2024-05,2024,2,True,False,False
7756438634751,2,389.45,240.75,61.8,100.0,D1,D1,Subscription,Accessories,MY,True,2024-06,2024,2,True,True,True
8758023454975,2,351.99,240.36,68.3,100.0,D1,D1,Subscription,Lean Protein,SG,True,2026-02,2026,2,True,True,True
7851775066367,5,346.0,239.25,69.1,100.0,D1,D1,Direct / Organic,Clear Protein,SG,True,2025-02,2025,1,True,True,True
8037245124863,5,330.55,239.24,72.4,100.0,D1,D1,Subscription,Lean Protein,SG,True,2025-05,2025,5,True,True,True
7691249844479,3,315.81,239.16,75.7,100.0,D1,D1,Subscription,Other,SG,False,2024-12,2024,2,True,True,True
7756266340607,6,570.94,239.15,41.9,100.0,D1,D1,Direct / Organic,Other,MY,True,2023-01,2023,1,True,True,True
7756429525247,4,342.58,239.09,69.8,100.0,D1,D1,Subscription,Lean Protein,SG,True,2025-06,2025,3,True,True,True
6424573640959,3,347.26,238.73,68.7,100.0,D1,D1,Subscription,Other,SG,False,2023-09,2023,3,True,True,True
7756423299327,2,292.74,237.41,81.1,95.4,D1,D1,Direct / Organic,Other,MY,False,2024-04,2024,4,True,True,True
6559129141503,6,367.1,236.8,64.5,100.0,D1,D1,Subscription,Other,SG,False,2023-02,2023,2,True,True,True
8602896433407,1,348.3,236.52,67.9,100.0,D1,D2,Subscription,Lean Protein,SG,True,2025-12,2025,1,True,False,False
7755986567423,1,590.0,236.0,40.0,0.0,D1,D4,Direct / Organic,Unknown,MY,False,2022-02,2022,1,True,False,False
7756000133375,6,498.84,235.16,47.1,15.8,D1,D1,Direct / Organic,Unknown,MY,False,2022-05,2022,1,True,True,True
8474687602943,3,314.67,233.89,74.3,100.0,D1,D1,Direct / Organic,Lean Protein,SG,False,2025-10,2025,1,True,True,True
7756433686783,2,306.33,233.73,76.3,96.7,D1,D1,Direct / Organic,Unknown,MY,False,2024-06,2024,5,True,True,True
7756354257151,5,393.18,232.82,59.2,97.9,D1,D1,Direct / Organic,Other,MY,True,2023-03,2023,3,True,True,True
6804197376255,3,305.04,231.96,76.0,100.0,D1,D1,Subscription,Other,SG,True,2023-09,2023,2,True,True,True
7756457443583,4,329.47,231.95,70.4,100.0,D1,D1,Direct / Organic,Clear Protein,MY,False,2024-08,2024,2,True,True,True
7756485951743,4,323.02,231.43,71.6,100.0,D1,D1,Direct / Organic,Accessories,MY,False,2024-12,2024,4,True,True,True
7756439748863,6,442.1,231.31,52.3,100.0,D1,D1,Direct / Organic,Collagen Glow,MY,True,2024-06,2024,3,True,True,True
6327702487295,2,576.66,230.66,40.0,0.0,D1,D2,Subscription,Unknown,SG,False,2022-01,2022,1,True,False,False
6327523148031,1,275.09,230.36,83.7,100.0,D1,D5,Subscription,Other,SG,False,2023-04,2023,1,True,False,False
6329833160959,2,580.55,230.26,39.7,0.0,D1,D2,Subscription,Unknown,SG,False,2022-04,2022,1,True,False,False
7756006064383,5,312.25,229.96,73.6,89.7,D1,D1,Direct / Organic,Unknown,MY,True,2022-09,2022,4,True,True,True
7475323666687,3,263.42,229.87,87.3,100.0,D1,D1,Subscription,Lean Protein,SG,False,2024-08,2024,3,True,True,True
6327763042559,1,573.2,229.28,40.0,0.0,D1,D5,Subscription,Unknown,SG,False,2022-01,2022,1,True,False,False
7756415500543,8,412.06,228.76,55.5,100.0,D1,D1,Subscription,Collagen Glow,MY,True,2024-04,2024,5,True,True,True
7756003639551,8,352.68,225.57,64.0,73.4,D1,D1,Direct / Organic,Unknown,MY,True,2022-08,2022,2,True,True,True
6423605838079,2,571.95,224.86,39.3,0.0,D1,D2,Subscription,Unknown,SG,False,2022-02,2022,1,True,False,False
7968443990271,4,279.42,224.05,80.2,100.0,D1,D1,Direct / Organic,Unknown,SG,True,2025-04,2025,4,True,True,True
8166904529151,3,292.89,223.86,76.4,100.0,D1,D1,Direct / Organic,Lean Protein,SG,False,2025-06,2025,1,True,True,True
8291080372479,2,316.61,223.08,70.5,100.0,D1,D1,Direct / Organic,Accessories,SG,False,2025-08,2025,2,True,True,True
6336669483263,3,328.42,222.39,67.7,100.0,D1,D1,Subscription,Other,SG,True,2024-09,2024,2,True,True,True
8236594004223,1,303.8,221.94,73.1,100.0,D1,D3,Direct / Organic,Clear Protein,SG,False,2025-08,2025,2,True,False,False
8341118517503,1,267.19,221.92,83.1,100.0,D1,D3,Direct / Organic,Other,SG,False,2025-09,2025,3,True,False,False
7261004103935,3,248.28,220.14,88.7,100.0,D1,D1,Subscription,Clear Protein,SG,True,2024-06,2024,5,True,True,True
8148081869055,3,287.2,219.08,76.3,100.0,D1,D1,Direct / Organic,Other,SG,False,2025-06,2025,4,True,True,True
7851112497407,8,331.66,218.9,66.0,100.0,D1,D1,Subscription,Other,SG,True,2025-02,2025,1,True,True,True
7756264440063,3,315.56,218.84,69.3,100.0,D1,D1,Direct / Organic,Other,MY,False,2023-01,2023,2,True,True,True
6767682453759,3,327.07,218.71,66.9,100.0,D1,D1,Subscription,Other,SG,True,2023-08,2023,5,True,True,True
7475483541759,8,251.3,218.55,87.0,100.0,D1,D1,Subscription,Soy Protein,SG,True,2024-08,2024,1,True,True,True
8476754673919,3,294.5,218.0,74.0,100.0,D1,D1,Direct / Organic,Collagen Glow,SG,False,2025-10,2025,2,True,True,True
7968511426815,5,312.4,217.09,69.5,100.0,D1,D1,Subscription,Clear Protein,SG,True,2025-04,2025,2,True,True,True
8339521929471,3,252.1,216.35,85.8,100.0,D1,D1,Direct / Organic,Accessories,SG,False,2025-09,2025,4,True,True,True
7756025200895,2,444.45,215.99,48.6,32.7,D1,D1,Direct / Organic,Unknown,MY,False,2022-06,2022,3,True,True,True
7135383421183,2,253.04,214.13,84.6,100.0,D1,D2,Subscription,Clear Protein,SG,False,2024-03,2024,3,True,False,False
8004947214591,2,300.5,213.58,71.1,100.0,D1,D1,Direct / Organic,Accessories,SG,False,2025-05,2025,5,True,True,True
7339270406399,1,203.16,213.48,105.1,100.0,D1,D5,Subscription,Clear Protein,SG,False,2024-06,2024,4,True,False,False
7521591755007,1,206.78,213.47,103.2,100.0,D1,D5,Subscription,Clear Protein,SG,False,2024-09,2024,4,True,False,False
7756381683967,6,385.85,213.05,55.2,100.0,D1,D1,Direct / Organic,Other,MY,False,2023-09,2023,2,True,True,True
7756048204031,10,396.61,212.99,53.7,98.5,D1,D1,Direct / Organic,Unknown,MY,True,2022-01,2022,4,True,True,True
7723643175167,6,339.35,212.81,62.7,100.0,D1,D1,Subscription,Lean Protein,SG,True,2024-12,2024,1,True,True,True
7756468125951,2,272.2,211.99,77.9,100.0,D1,D1,Direct / Organic,Clear Protein,MY,False,2024-09,2024,3,True,True,True
7521916289279,3,222.19,211.37,95.1,100.0,D1,D1,Subscription,Other,SG,False,2024-09,2024,6,True,True,True
7988988313855,4,311.02,210.28,67.6,100.0,D1,D1,Direct / Organic,Other,SG,False,2025-04,2025,3,True,True,True
6329639960831,2,451.61,210.26,46.6,24.8,D1,D2,Subscription,Unknown,SG,False,2022-05,2022,3,True,False,False
6327748264191,7,356.44,208.74,58.6,100.0,D1,D1,Subscription,Other,SG,True,2023-06,2023,1,True,True,True
8071643332863,2,269.1,208.44,77.5,100.0,D1,D1,Direct / Organic,Other,SG,False,2025-05,2025,1,True,True,True
8345098289407,1,276.6,207.65,75.1,100.0,D1,D3,Paid Social,Clear Protein,SG,False,2025-09,2025,4,True,False,False
7464591687935,3,234.23,207.24,88.5,100.0,D1,D1,Subscription,Clear Protein,SG,False,2024-08,2024,3,True,True,True
8117513683199,5,305.83,206.7,67.6,100.0,D1,D1,Subscription,Clear Protein,SG,True,2025-06,2025,3,True,True,True
7756428902655,6,361.28,205.14,56.8,100.0,D1,D1,Subscription,Clear Protein,MY,True,2024-05,2024,4,True,True,True
8226067218687,1,263.42,204.7,77.7,100.0,D1,D3,Direct / Organic,Accessories,SG,False,2025-09,2025,3,True,False,False
7292403122431,3,303.5,204.34,67.3,100.0,D1,D1,Subscription,Clear Protein,SG,False,2024-05,2024,2,True,True,True
7269385601279,2,225.03,204.31,90.8,100.0,D1,D2,Subscription,Soy Protein,SG,False,2024-05,2024,2,True,False,False
7756015763711,6,349.73,203.92,58.3,87.8,D1,D1,Direct / Organic,Unknown,MY,False,2022-09,2022,2,True,True,True
7756440404223,5,284.03,203.67,71.7,100.0,D1,D1,Direct / Organic,Unknown,MY,False,2024-06,2024,4,True,True,True
8306264637695,4,281.18,203.0,72.2,100.0,D1,D1,Paid Social,Lean Protein,SG,True,2025-09,2025,3,True,True,True
7756327911679,5,384.31,202.99,52.8,100.0,D1,D1,Direct / Organic,Collagen Glow,MY,True,2023-02,2023,2,True,True,True
7756173213951,5,241.59,202.75,83.9,100.0,D1,D1,Direct / Organic,Soy Protein,MY,False,2023-06,2023,2,True,True,True
7755925750015,4,399.49,202.71,50.7,47.8,D1,D1,Direct / Organic,Unknown,MY,False,2022-04,2022,2,True,True,True
7696462545151,2,239.5,202.44,84.5,100.0,D1,D2,Subscription,Unknown,SG,False,2024-12,2024,1,True,False,False
7829520974079,2,276.0,202.44,73.3,100.0,D1,D1,Direct / Organic,Clear Protein,SG,False,2025-02,2025,1,True,True,True
7869262201087,1,269.55,202.3,75.1,100.0,D1,D3,Direct / Organic,Lean Protein,SG,False,2025-02,2025,1,True,False,False
6423226679551,3,362.61,202.05,55.7,64.4,D1,D1,Subscription,Unknown,SG,False,2022-08,2022,2,True,True,True
7476901839103,4,239.47,200.82,83.9,100.0,D1,D1,Subscription,Collagen Glow,SG,True,2024-09,2024,3,True,True,True
7756015894783,2,475.13,200.81,42.3,10.1,D1,D2,Direct / Organic,Unknown,MY,False,2022-09,2022,2,True,False,False
7756043747583,2,500.62,200.25,40.0,0.0,D1,D1,Direct / Organic,Unknown,MY,False,2022-01,2022,1,True,True,True
7756418613503,4,275.72,200.02,72.5,100.0,D1,D1,Direct / Organic,Collagen Glow,MY,False,2024-04,2024,4,True,True,True
8234169762047,2,220.9,199.73,90.4,100.0,D1,D1,Paid Social,Clear Protein,SG,False,2025-08,2025,3,True,True,True
7521930281215,2,216.58,199.68,92.2,100.0,D1,D2,Subscription,Other,SG,False,2024-09,2024,2,True,False,False
7984357114111,2,303.84,199.32,65.6,100.0,D1,D1,Subscription,Collagen Glow,SG,True,2025-04,2025,3,True,True,True
7154402656511,4,283.9,199.31,70.2,100.0,D1,D1,Subscription,Clear Protein,SG,False,2024-03,2024,2,True,True,True
8566894854399,3,260.83,199.14,76.3,100.0,D1,D1,Subscription,Lean Protein,SG,True,2025-12,2025,3,True,True,True
7756267454719,8,476.43,198.66,41.7,100.0,D1,D1,Direct / Organic,Other,MY,True,2023-02,2023,3,True,True,True
6329843384575,3,207.75,198.6,95.6,74.6,D1,D1,Subscription,Unknown,SG,False,2022-08,2022,2,True,True,True
7756466028799,3,288.96,197.89,68.5,100.0,D1,D1,Subscription,Other,MY,True,2024-09,2024,3,True,True,True
8253776953599,2,232.2,197.89,85.2,100.0,D1,D1,Subscription,Clear Protein,SG,True,2025-08,2025,3,True,True,True
8384362742015,2,308.9,197.81,64.0,91.9,D1,D1,Paid Social,Clear Protein,SG,False,2025-10,2025,3,True,True,True
6328230281471,2,302.37,197.66,65.4,62.1,D1,D2,Subscription,Unknown,SG,False,2022-04,2022,2,True,False,False
7756432212223,3,248.25,197.46,79.5,100.0,D1,D1,Direct / Organic,Other,MY,False,2024-05,2024,3,True,True,True
6366358503679,2,252.8,196.49,77.7,100.0,D1,D2,Subscription,Other,SG,False,2022-10,2022,1,True,False,False
7469847445759,5,241.37,196.09,81.2,100.0,D1,D1,Subscription,Accessories,SG,True,2024-08,2024,5,True,True,True
7756357435647,14,394.27,194.51,49.3,100.0,D1,D1,Direct / Organic,Collagen Glow,MY,True,2023-03,2023,2,True,True,True
7756420579583,2,229.09,194.41,84.9,100.0,D1,D1,Direct / Organic,Other,MY,False,2024-05,2024,2,True,True,True
7756468453631,2,200.45,194.41,97.0,100.0,D1,D1,Direct / Organic,Clear Protein,MY,False,2024-09,2024,1,True,True,True
8249601130751,2,259.5,194.22,74.8,100.0,D1,D1,Direct / Organic,Lean Protein,SG,False,2025-08,2025,3,True,True,True
6835415613695,2,239.19,194.09,81.1,100.0,D1,D2,Subscription,Soy Protein,SG,False,2023-10,2023,2,True,False,False
8713832366335,1,268.9,193.76,72.1,100.0,D1,D2,Direct / Organic,Clear Protein,SG,False,2026-01,2026,2,True,False,False
7969066320127,4,268.3,193.16,72.0,100.0,D1,D1,Subscription,Clear Protein,SG,True,2025-04,2025,2,True,True,True
6670248935679,4,263.87,192.89,73.1,100.0,D1,D1,Subscription,Other,SG,False,2023-05,2023,3,True,True,True
6336696123647,4,486.69,192.72,39.6,0.0,D1,D1,Subscription,Unknown,SG,False,2022-01,2022,1,True,True,True
7756396036351,11,427.46,192.63,45.1,100.0,D1,D1,Subscription,Other,MY,True,2023-12,2023,2,True,True,True
6329603752191,3,254.08,191.76,75.5,96.8,D1,D1,Subscription,Unknown,SG,False,2022-02,2022,2,True,True,True
7756040503551,2,479.16,191.66,40.0,0.0,D1,D1,Direct / Organic,Unknown,MY,False,2022-01,2022,1,True,True,True
7340202328319,1,248.94,191.44,76.9,100.0,D1,D5,Subscription,Accessories,SG,False,2024-06,2024,5,True,False,False
7519676170495,2,183.61,191.43,104.3,100.0,D1,D2,Subscription,Other,SG,False,2024-09,2024,2,True,False,False
7756471304447,2,244.88,191.23,78.1,100.0,D1,D1,Direct / Organic,Clear Protein,MY,False,2024-10,2024,1,True,True,True
6763164958975,1,287.64,190.36,66.2,100.0,D1,D5,Subscription,Other,SG,False,2023-08,2023,1,True,False,False
6329708839167,1,475.12,190.05,40.0,0.0,D1,D5,Subscription,Unknown,SG,False,2022-06,2022,1,True,False,False
7304552186111,2,219.79,189.71,86.3,100.0,D1,D2,Subscription,Clear Protein,SG,False,2024-05,2024,2,True,False,False
7278303510783,6,300.91,188.99,62.8,100.0,D1,D1,Subscription,Clear Protein,SG,True,2024-05,2024,2,True,True,True
7755921326335,2,252.77,188.98,74.8,100.0,D1,D2,Direct / Organic,Clear Protein,SG,False,2025-08,2025,4,True,False,False
6336718930175,3,258.5,188.78,73.0,100.0,D1,D1,Subscription,Other,SG,False,2022-12,2022,4,True,True,True
7573622128895,3,211.55,188.47,89.1,100.0,D1,D1,Subscription,Clear Protein,SG,False,2024-10,2024,2,True,True,True
7968596427007,8,278.28,188.38,67.7,100.0,D1,D1,Subscription,Other,SG,True,2025-04,2025,2,True,True,True
8055471735039,3,262.8,188.23,71.6,100.0,D1,D1,Direct / Organic,Clear Protein,SG,False,2025-05,2025,2,True,True,True
7307595514111,3,269.35,187.7,69.7,100.0,D1,D1,Subscription,Collagen Glow,SG,False,2024-05,2024,4,True,True,True
7756476645631,3,257.34,187.13,72.7,100.0,D1,D1,Direct / Organic,Other,MY,False,2024-10,2024,3,True,True,True
7756469895423,6,284.55,186.88,65.7,100.0,D1,D1,Subscription,Other,MY,True,2024-10,2024,2,True,True,True
8260457005311,3,237.82,185.74,78.1,100.0,D1,D1,Direct / Organic,Lean Protein,SG,False,2025-08,2025,4,True,True,True
8761752518911,1,219.13,185.72,84.8,100.0,D1,D2,Direct / Organic,Clear Protein,SG,False,2026-02,2026,2,True,False,False
8676694294783,2,294.91,185.63,62.9,100.0,D1,D1,Subscription,Collagen Glow,SG,True,2026-01,2026,3,True,True,True
8366984167679,1,213.1,185.46,87.0,100.0,D1,D2,Direct / Organic,Accessories,SG,False,2025-10,2025,4,True,False,False
8364385337599,1,235.62,185.3,78.6,100.0,D1,D2,Direct / Organic,Lean Protein,SG,False,2025-10,2025,3,True,False,False
6329834832127,3,209.27,184.69,88.3,53.8,D1,D1,Subscription,Unknown,SG,False,2022-01,2022,2,True,True,True
7756261589247,3,244.83,184.65,75.4,100.0,D1,D1,Direct / Organic,Collagen Glow,MY,True,2022-12,2022,1,True,True,True
7971635331327,6,274.05,184.48,67.3,100.0,D1,D1,Direct / Organic,Unknown,SG,True,2025-04,2025,3,True,True,True
8067675586815,2,223.7,184.24,82.4,100.0,D1,D1,Direct / Organic,Other,SG,False,2025-06,2025,4,True,True,True
7942386712831,6,322.04,184.05,57.2,100.0,D1,D1,Paid Social,Accessories,SG,True,2025-05,2025,4,True,True,True
8347407614207,2,259.84,183.92,70.8,100.0,D1,D1,Direct / Organic,Other,SG,True,2025-10,2025,3,True,True,True
8286033117439,1,265.68,182.34,68.6,100.0,D1,D3,Subscription,Lean Protein,SG,True,2025-08,2025,1,True,False,False
7959761486079,4,278.46,181.2,65.1,100.0,D1,D1,Subscription,Collagen Glow,SG,True,2025-04,2025,3,True,True,True
7733235646719,2,234.78,181.18,77.2,100.0,D1,D2,Subscription,Collagen Glow,SG,False,2024-12,2024,4,True,False,False
8162392932607,3,285.95,180.71,63.2,100.0,D1,D1,Direct / Organic,Lean Protein,SG,False,2025-06,2025,1,True,True,True
6328212750591,4,267.6,180.02,67.3,100.0,D1,D1,Direct / Organic,Lean Protein,SG,False,2025-04,2025,5,True,True,True
7756264800511,5,305.92,179.96,58.8,83.3,D1,D1,Direct / Organic,Unknown,MY,True,2023-01,2023,3,True,True,True
7089442390271,4,319.66,179.95,56.3,100.0,D1,D1,Subscription,Other,SG,True,2024-02,2024,3,True,True,True
7953613816063,2,233.85,179.64,76.8,100.0,D1,D1,Direct / Organic,Clear Protein,SG,False,2025-04,2025,1,True,True,True
6328274747647,4,364.68,179.57,49.2,47.7,D1,D1,Subscription,Unknown,SG,False,2022-04,2022,2,True,True,True
7956311998719,5,265.15,179.57,67.7,100.0,D1,D1,Subscription,Collagen Glow,SG,True,2025-06,2025,2,True,True,True
6329869861119,3,330.56,178.68,54.1,76.9,D1,D1,Subscription,Unknown,SG,False,2022-06,2022,2,True,True,True
7756001116415,5,302.27,178.67,59.1,45.4,D1,D1,Direct / Organic,Unknown,MY,False,2022-02,2022,2,True,True,True
8114101715199,4,303.05,178.14,58.8,75.9,D1,D1,Subscription,Accessories,SG,True,2025-08,2025,3,True,True,True
7756392923391,3,247.55,177.16,71.6,100.0,D1,D1,Direct / Organic,Unknown,MY,True,2023-12,2023,3,True,True,True
8315540439295,2,211.86,177.1,83.6,100.0,D1,D1,Direct / Organic,Clear Protein,SG,False,2025-09,2025,3,True,True,True
6336735478015,3,439.18,176.41,40.2,2.3,D1,D1,Subscription,Unknown,SG,False,2022-05,2022,2,True,True,True
7251339804927,2,187.25,176.18,94.1,100.0,D1,D2,Subscription,Other,SG,False,2024-04,2024,4,True,False,False
7756044566783,1,439.77,175.91,40.0,0.0,D1,D4,Direct / Organic,Unknown,MY,False,2022-02,2022,1,True,False,False
7756002918655,3,198.64,175.85,88.5,59.7,D1,D1,Direct / Organic,Unknown,MY,False,2022-01,2022,2,True,True,True
6327401709823,3,363.04,175.81,48.4,22.2,D1,D1,Subscription,Unknown,SG,False,2022-04,2022,3,True,True,True
8663410245887,1,249.0,175.44,70.5,100.0,D1,D2,Direct / Organic,Clear Protein,SG,False,2026-01,2025,1,True,False,False
7755958354175,2,272.35,175.06,64.3,100.0,D1,D2,Direct / Organic,Clear Protein,MY,False,2024-04,2024,3,True,False,False
7984809738495,4,248.4,174.84,70.4,100.0,D1,D1,Subscription,Clear Protein,SG,True,2025-04,2025,1,True,True,True
8071589462271,4,248.4,174.84,70.4,100.0,D1,D1,Subscription,Clear Protein,SG,True,2025-05,2025,1,True,True,True
8290909290751,5,212.3,174.8,82.3,100.0,D1,D1,Direct / Organic,Accessories,SG,False,2025-08,2025,4,True,True,True
7756262801663,7,309.58,174.53,56.4,91.0,D1,D1,Direct / Organic,Unknown,MY,False,2022-12,2022,3,True,True,True
8312709251327,1,240.44,174.41,72.5,100.0,D1,D3,Paid Social,Accessories,SG,False,2025-09,2025,2,True,False,False
6327719231743,2,211.48,174.4,82.5,100.0,D1,D2,Direct / Organic,Lean Protein,SG,False,2025-04,2025,2,True,False,False
7756266930431,2,276.52,174.2,63.0,92.0,D1,D1,Direct / Organic,Collagen Glow,MY,False,2023-01,2023,4,True,True,True
7755978670335,10,441.73,173.98,39.4,13.2,D1,D1,Direct / Organic,Unknown,MY,False,2022-03,2022,2,True,True,True
6601910092031,6,304.3,173.92,57.2,100.0,D1,D1,Subscription,Other,SG,True,2023-03,2023,2,True,True,True
7756408029439,9,468.47,173.75,37.1,96.7,D1,D1,Subscription,Other,MY,True,2024-02,2024,2,True,True,True
7756470321407,1,217.64,173.71,79.8,100.0,D1,D4,Direct / Organic,Clear Protein,MY,False,2024-10,2024,1,True,False,False
8060160180479,4,256.02,173.33,67.7,100.0,D1,D1,Direct / Organic,Lean Protein,SG,True,2025-05,2025,3,True,True,True
7519345475839,2,217.66,173.15,79.6,100.0,D1,D2,Subscription,Clear Protein,SG,False,2024-09,2024,3,True,False,False
7756183634175,3,258.96,172.99,66.8,100.0,D1,D1,Direct / Organic,Collagen Glow,MY,True,2024-04,2024,1,True,True,True
7756461441279,3,273.55,172.94,63.2,100.0,D1,D1,Subscription,Lean Protein,MY,True,2024-08,2024,2,True,True,True
6327734927615,7,279.13,172.78,61.9,72.0,D1,D1,Subscription,Unknown,SG,True,2022-05,2022,2,True,True,True
7756406751487,2,200.26,172.69,86.2,100.0,D1,D1,Direct / Organic,Other,MY,True,2024-02,2024,3,True,True,True
8290383069439,2,210.37,172.04,81.8,100.0,D1,D1,Direct / Organic,Accessories,SG,False,2025-08,2025,3,True,True,True
7756440535295,1,229.14,171.86,75.0,100.0,D1,D4,Direct / Organic,Lean Protein,MY,False,2024-06,2024,4,True,False,False
7756039913727,1,429.09,171.64,40.0,0.0,D1,D4,Direct / Organic,Unknown,MY,False,2022-03,2022,1,True,False,False
7826465128703,2,286.98,171.54,59.8,100.0,D1,D1,Direct / Organic,Collagen Glow,SG,False,2025-02,2025,1,True,True,True
8347459059967,4,233.11,171.05,73.4,100.0,D1,D1,Subscription,Accessories,SG,True,2025-09,2025,4,True,True,True
7534855061759,1,221.31,170.96,77.2,100.0,D1,D5,Subscription,Unknown,SG,False,2024-10,2024,1,True,False,False
7957746417919,2,210.74,170.44,80.9,100.0,D1,D1,Direct / Organic,Other,SG,True,2025-04,2025,1,True,True,True
8347824554239,3,207.87,170.15,81.9,100.0,D1,D1,Affiliate,Accessories,SG,False,2025-10,2025,2,True,True,True
8832270598399,1,222.73,170.05,76.3,100.0,D1,D2,Direct / Organic,Clear Protein,SG,False,2026-03,2026,3,True,False,False
7756457509119,4,223.98,170.04,75.9,100.0,D1,D1,Direct / Organic,Clear Protein,MY,False,2024-08,2024,3,True,True,True
8676518789375,3,242.54,169.88,70.0,100.0,D1,D1,Direct / Organic,Clear Protein,SG,True,2026-01,2026,2,True,True,True
8286293852415,1,234.6,169.71,72.3,100.0,D1,D3,Direct / Organic,Other,SG,False,2025-08,2025,5,True,False,False
7756016615679,4,423.94,169.58,40.0,0.0,D1,D1,Direct / Organic,Unknown,MY,False,2022-05,2022,1,True,True,True
7756410683647,3,250.31,169.45,67.7,100.0,D1,D1,Direct / Organic,Lean Protein,MY,True,2024-04,2024,4,True,True,True
6327712874751,1,423.28,169.31,40.0,0.0,D1,D5,Subscription,Unknown,SG,False,2022-08,2022,1,True,False,False
6336758251775,2,158.73,169.27,106.6,78.6,D1,D2,Subscription,Unknown,SG,False,2022-08,2022,2,True,False,False
7756042174719,5,325.27,169.27,52.0,58.6,D1,D1,Direct / Organic,Unknown,MY,True,2022-02,2022,2,True,True,True
6329600409855,1,422.3,168.92,40.0,0.0,D1,D5,Subscription,Unknown,SG,False,2022-08,2022,1,True,False,False
8299066654975,2,221.55,168.87,76.2,100.0,D1,D1,Direct / Organic,Collagen Glow,SG,False,2025-09,2025,3,True,True,True
7756476973311,3,217.9,168.78,77.5,100.0,D1,D1,Direct / Organic,Collagen Glow,MY,False,2024-10,2024,2,True,True,True
8667708227839,3,222.89,168.76,75.7,100.0,D1,D1,Subscription,Clear Protein,SG,True,2026-01,2026,3,True,True,True
7304842477823,2,261.97,168.46,64.3,100.0,D1,D2,Subscription,Clear Protein,SG,False,2024-05,2024,2,True,False,False
6329709887743,1,421.14,168.46,40.0,0.0,D1,D5,Subscription,Unknown,SG,False,2022-06,2022,1,True,False,False
6336712409343,5,315.44,168.45,53.4,66.2,D1,D1,Subscription,Unknown,SG,True,2022-01,2021,2,True,True,True
7756357763327,4,358.97,168.3,46.9,96.2,D1,D1,Subscription,Other,MY,True,2023-10,2023,3,True,True,True
7135034441983,2,217.31,167.75,77.2,100.0,D1,D2,Subscription,Clear Protein,SG,True,2024-03,2024,2,True,False,False
6327691772159,1,418.08,167.23,40.0,0.0,D1,D5,Subscription,Unknown,SG,False,2022-05,2022,1,True,False,False
8702702944511,2,221.43,167.22,75.5,100.0,D1,D1,Direct / Organic,Clear Protein,SG,True,2026-01,2026,1,True,True,True
7756265619711,3,270.69,166.95,61.7,100.0,D1,D1,Direct / Organic,Collagen Glow,MY,False,2023-01,2023,1,True,True,True
7756000198911,5,239.23,166.84,69.7,33.2,D1,D1,Direct / Organic,Unknown,MY,False,2022-05,2022,4,True,True,True
6336719192319,4,321.41,166.24,51.7,74.1,D1,D1,Subscription,Unknown,SG,True,2022-06,2022,3,True,True,True
7475322421503,1,167.72,166.04,99.0,100.0,D1,D5,Subscription,Clear Protein,SG,False,2024-08,2024,1,True,False,False
7756459114751,6,258.82,165.7,64.0,100.0,D1,D1,Direct / Organic,Clear Protein,MY,True,2024-08,2024,2,True,True,True
7829327544575,4,238.91,165.35,69.2,100.0,D1,D1,Subscription,Clear Protein,MY,True,2025-01,2025,1,True,True,True
7476820934911,1,167.72,164.99,98.4,100.0,D1,D5,Subscription,Clear Protein,SG,False,2024-09,2024,2,True,False,False
6532484989183,4,317.28,164.77,51.9,77.9,D1,D1,Direct / Organic,Unknown,MY,True,2022-08,2022,2,True,True,True
7475341721855,2,185.69,164.57,88.6,100.0,D1,D2,Subscription,Clear Protein,SG,False,2024-08,2024,2,True,False,False
7476853145855,1,167.72,163.94,97.7,100.0,D1,D5,Subscription,Clear Protein,SG,False,2024-09,2024,2,True,False,False
7483704705279,2,233.61,163.52,70.0,100.0,D1,D2,Subscription,Clear Protein,SG,False,2024-09,2024,2,True,False,False
8723761168639,2,215.59,163.34,75.8,100.0,D1,D1,Direct / Organic,Accessories,SG,False,2026-01,2026,3,True,True,True
7878625362175,3,230.31,163.02,70.8,100.0,D1,D1,Direct / Organic,Unknown,SG,True,2025-04,2025,4,True,True,True
6683695710463,2,255.61,162.77,63.7,100.0,D1,D2,Subscription,Other,SG,False,2023-05,2023,1,True,False,False
7366249840895,2,189.2,162.67,86.0,100.0,D1,D2,Subscription,Clear Protein,SG,False,2024-06,2024,2,True,False,False
7756048597247,1,406.55,162.62,40.0,0.0,D1,D4,Direct / Organic,Unknown,MY,False,2022-01,2022,1,True,False,False
7138245443839,1,188.8,162.44,86.0,100.0,D1,D5,Subscription,Clear Protein,SG,False,2024-03,2024,1,True,False,False
7154163482879,1,188.8,162.44,86.0,100.0,D1,D5,Subscription,Clear Protein,SG,False,2024-03,2024,1,True,False,False
7259717894399,1,177.0,162.44,91.8,100.0,D1,D5,Subscription,Clear Protein,SG,False,2024-05,2024,1,True,False,False
7307284611327,1,165.2,162.44,98.3,100.0,D1,D5,Subscription,Clear Protein,SG,False,2024-05,2024,1,True,False,False
7308209324287,1,165.2,162.44,98.3,100.0,D1,D5,Subscription,Clear Protein,SG,False,2024-05,2024,1,True,False,False
7523069362431,1,167.72,162.37,96.8,100.0,D1,D5,Subscription,Lean Protein,SG,False,2024-09,2024,3,True,False,False
7311808626943,2,189.96,161.99,85.3,100.0,D1,D2,Subscription,Clear Protein,SG,False,2024-05,2024,2,True,False,False
8767332450559,3,249.58,161.87,64.9,100.0,D1,D1,Direct / Organic,Lean Protein,SG,True,2026-02,2026,1,True,True,True
6334077829375,1,404.64,161.86,40.0,0.0,D1,D5,Subscription,Unknown,SG,False,2022-05,2022,1,True,False,False
7308405080319,1,167.72,161.84,96.5,100.0,D1,D5,Subscription,Lean Protein,SG,False,2024-05,2024,1,True,False,False
7756430967039,3,230.06,161.81,70.3,100.0,D1,D1,Direct / Organic,Other,MY,False,2024-05,2024,3,True,True,True
7756469731583,5,236.15,161.01,68.2,100.0,D1,D1,Direct / Organic,Other,MY,True,2024-09,2024,3,True,True,True
8590782955775,2,197.24,160.96,81.6,100.0,D1,D1,Subscription,Clear Protein,SG,True,2025-12,2025,2,True,True,True
8854317859071,2,215.7,160.92,74.6,100.0,D1,D1,Direct / Organic,Lean Protein,SG,False,2026-03,2026,2,True,True,True
7756418973951,12,329.53,160.55,48.7,100.0,D1,D1,Subscription,Collagen Glow,MY,True,2024-04,2024,3,True,True,True
6372751343871,2,240.54,160.09,66.6,100.0,D1,D2,Subscription,Other,SG,False,2022-10,2022,1,True,False,False
7756041027839,1,400.0,160.0,40.0,0.0,D1,D4,Direct / Organic,Unknown,MY,False,2022-03,2022,1,True,False,False
7841564426495,1,217.8,160.0,73.5,100.0,D1,D3,Direct / Organic,Lean Protein,SG,False,2025-02,2025,3,True,False,False
7756418023679,5,186.41,159.94,85.8,100.0,D1,D1,Subscription,Other,MY,True,2024-04,2024,3,True,True,True
8904390836479,1,236.48,159.33,67.4,100.0,D1,D2,Subscription,Clear Protein,SG,True,2026-03,2026,3,True,False,False
8310327673087,2,211.4,158.99,75.2,100.0,D1,D1,Direct / Organic,Lean Protein,SG,False,2025-09,2025,1,True,True,True
7756428116223,2,172.75,158.98,92.0,100.0,D1,D1,Direct / Organic,Lean Protein,MY,True,2024-05,2024,3,True,True,True
8761818906879,1,232.02,158.92,68.5,100.0,D1,D2,Direct / Organic,Clear Protein,SG,False,2026-02,2026,2,True,False,False
7268175544575,2,203.97,158.66,77.8,100.0,D1,D2,Subscription,Other,SG,False,2024-05,2024,1,True,False,False
8149869854975,2,232.2,158.64,68.3,100.0,D1,D1,Subscription,Clear Protein,SG,True,2025-06,2025,1,True,True,True
8701446029567,2,232.2,158.64,68.3,100.0,D1,D1,Subscription,Clear Protein,SG,True,2026-01,2026,1,True,True,True
7537170055423,2,233.61,158.52,67.9,100.0,D1,D2,Subscription,Other,SG,False,2024-10,2024,2,True,False,False
8794668663039,1,200.64,158.33,78.9,100.0,D1,D2,Subscription,Other,SG,True,2026-02,2026,3,True,False,False
7995001045247,1,160.09,158.26,98.9,100.0,D1,D3,Direct / Organic,Accessories,SG,False,2025-05,2025,3,True,False,False
7756358844671,14,445.12,158.25,35.6,100.0,D1,D1,Subscription,Collagen Glow,MY,True,2023-04,2023,1,True,True,True
7756407177471,4,211.03,158.04,74.9,100.0,D1,D1,Subscription,Soy Protein,MY,True,2024-02,2024,5,True,True,True
6607239348479,3,265.16,156.67,59.1,100.0,D1,D1,Subscription,Other,SG,True,2023-03,2023,1,True,True,True
8349936746751,1,215.71,156.44,72.5,100.0,D1,D3,Subscription,Other,SG,True,2025-09,2025,3,True,False,False
6329637929215,2,162.62,156.36,96.2,100.0,D1,D2,Subscription,Clear Protein,SG,False,2024-02,2024,2,True,False,False
7258491322623,1,198.72,156.21,78.6,100.0,D1,D5,Subscription,Clear Protein,SG,False,2024-05,2024,3,True,False,False
8234476634367,1,199.67,155.56,77.9,100.0,D1,D3,Direct / Organic,Accessories,SG,False,2025-08,2025,2,True,False,False
7756429820159,1,160.36,155.53,97.0,100.0,D1,D4,Direct / Organic,Clear Protein,MY,False,2024-05,2024,1,True,False,False
7756469436671,1,160.36,155.53,97.0,100.0,D1,D4,Direct / Organic,Clear Protein,MY,False,2024-09,2024,1,True,False,False
8082865291519,3,209.74,155.4,74.1,100.0,D1,D1,Direct / Organic,Accessories,SG,True,2025-05,2025,4,True,True,True
7183640199423,1,167.72,155.2,92.5,100.0,D1,D5,Subscription,Other,SG,False,2024-05,2024,1,True,False,False
7254253404415,2,208.66,155.2,74.4,100.0,D1,D2,Subscription,Other,SG,False,2024-04,2024,1,True,False,False
7308128321791,1,167.72,155.2,92.5,100.0,D1,D5,Subscription,Other,SG,False,2024-05,2024,1,True,False,False
7910880280831,1,215.64,155.2,72.0,100.0,D1,D3,Direct / Organic,Other,SG,False,2025-03,2025,1,True,False,False
7583185371391,2,226.81,155.04,68.4,100.0,D1,D2,Subscription,Lean Protein,SG,False,2024-10,2024,1,True,False,False
6529440514303,2,227.39,154.85,68.1,66.6,D1,D2,Subscription,Other,SG,False,2023-02,2023,2,True,False,False
6329611485439,2,248.75,154.27,62.0,57.2,D1,D2,Subscription,Unknown,SG,False,2022-07,2022,2,True,False,False
6787329097983,2,244.44,154.0,63.0,100.0,D1,D2,Subscription,Other,SG,False,2023-08,2023,1,True,False,False
7756461670655,3,203.64,153.76,75.5,100.0,D1,D1,Direct / Organic,Lean Protein,MY,False,2024-08,2024,4,True,True,True
7756382339327,2,236.9,153.73,64.9,92.9,D1,D1,Direct / Organic,Other,MY,False,2023-09,2023,3,True,True,True
7308278366463,2,173.5,153.49,88.5,100.0,D1,D2,Subscription,Lean Protein,SG,False,2024-05,2024,3,True,False,False
6599308607743,4,228.77,153.28,67.0,100.0,D1,D1,Subscription,Other,SG,True,2023-03,2023,1,True,True,True
8133951881471,2,232.02,153.04,66.0,100.0,D1,D1,Subscription,Other,SG,True,2025-06,2025,2,True,True,True
7308582682879,2,150.29,152.65,101.6,100.0,D1,D2,Subscription,Clear Protein,SG,False,2024-05,2024,2,True,False,False
6532494196991,3,242.52,152.14,62.7,95.8,D1,D1,Subscription,Other,SG,False,2023-10,2023,3,True,True,True
7994690470143,3,222.0,151.83,68.4,100.0,D1,D1,Direct / Organic,Clear Protein,SG,False,2025-05,2025,1,True,True,True
8902266945791,1,186.12,151.74,81.5,100.0,D1,D2,Paid Social,Lean Protein,SG,False,2026-03,2026,5,True,False,False
8483228352767,3,218.26,151.64,69.5,100.0,D1,D1,Direct / Organic,Lean Protein,SG,True,2025-10,2025,1,True,True,True
7394844180735,3,246.12,151.25,61.5,100.0,D1,D1,Subscription,Collagen Glow,SG,False,2024-08,2024,2,True,True,True
7932359868671,2,194.15,151.01,77.8,100.0,D1,D1,Direct / Organic,Lean Protein,SG,False,2025-03,2025,2,True,True,True
8585926672639,2,192.1,150.76,78.5,100.0,D1,D1,Direct / Organic,Lean Protein,SG,False,2025-12,2025,1,True,True,True
6582510584063,1,217.08,150.72,69.4,100.0,D1,D5,Subscription,Other,SG,True,2023-02,2023,1,True,False,False
7756410978559,2,192.23,150.41,78.2,100.0,D1,D1,Direct / Organic,Collagen Glow,MY,True,2024-03,2024,2,True,True,True
8714446045439,2,212.52,150.22,70.7,100.0,D1,D1,Direct / Organic,Other,SG,False,2026-01,2026,2,True,True,True
8825355141375,1,225.48,150.2,66.6,100.0,D1,D2,Direct / Organic,Lean Protein,SG,False,2026-03,2026,2,True,False,False
7313591402751,2,161.24,149.47,92.7,100.0,D1,D2,Subscription,Lean Protein,SG,True,2024-05,2024,3,True,False,False
8765829415167,1,210.98,149.39,70.8,100.0,D1,D2,Direct / Organic,Lean Protein,SG,False,2026-02,2026,4,True,False,False
7940967268607,2,198.54,149.34,75.2,100.0,D1,D1,Direct / Organic,Clear Protein,SG,False,2025-04,2025,2,True,True,True
6423596531967,2,382.12,148.93,39.0,0.0,D1,D2,Subscription,Unknown,SG,False,2022-03,2022,1,True,False,False
8474565968127,2,170.97,148.71,87.0,100.0,D1,D1,Direct / Organic,Clear Protein,SG,False,2025-10,2025,3,True,True,True
7756218728703,2,210.64,148.55,70.5,100.0,D1,D1,Direct / Organic,Lean Protein,SG,False,2025-12,2025,3,True,True,True
6593759609087,3,235.66,148.44,63.0,100.0,D1,D1,Subscription,Other,SG,True,2023-03,2023,1,True,True,True
7756003803391,2,174.11,148.33,85.2,100.0,D1,D2,Direct / Organic,Clear Protein,MY,False,2024-03,2024,2,True,False,False
7425530396927,1,197.8,148.32,75.0,100.0,D1,D5,Direct / Organic,Other,SG,False,2025-05,2025,2,True,False,False
6336647954687,3,249.92,148.23,59.3,47.4,D1,D1,Subscription,Unknown,SG,False,2022-04,2022,2,True,True,True
7756263457023,4,193.43,148.07,76.5,100.0,D1,D1,Direct / Organic,Other,MY,False,2022-12,2022,1,True,True,True
8639310823679,2,178.92,147.8,82.6,100.0,D1,D1,Direct / Organic,Other,SG,False,2025-12,2025,4,True,True,True
7113287008511,2,175.34,147.73,84.3,85.5,D1,D2,Subscription,Other,SG,False,2024-03,2024,4,True,False,False
8837407637759,1,223.39,147.72,66.1,100.0,D1,D2,Direct / Organic,Lean Protein,SG,False,2026-03,2026,2,True,False,False
8360854388991,2,212.08,147.4,69.5,100.0,D1,D1,Direct / Organic,Lean Protein,SG,True,2025-10,2025,2,True,True,True
8089410470143,2,202.24,147.1,72.7,100.0,D1,D1,Direct / Organic,Other,SG,False,2025-05,2025,3,True,True,True
7756469600511,1,154.34,146.92,95.2,100.0,D1,D4,Direct / Organic,Other,MY,False,2024-09,2024,4,True,False,False
8310005006591,3,231.48,146.74,63.4,100.0,D1,D1,Paid Social,Accessories,SG,True,2025-09,2025,3,True,True,True
7756010160383,6,395.67,146.69,37.1,76.8,D1,D1,Direct / Organic,Unknown,MY,True,2022-02,2022,3,True,True,True
7430469386495,2,186.86,146.63,78.5,100.0,D1,D2,Subscription,Clear Protein,SG,False,2024-08,2024,3,True,False,False
7172742021375,2,207.63,146.48,70.5,100.0,D1,D2,Subscription,Clear Protein,SG,False,2024-04,2024,4,True,False,False
7856082321663,2,223.7,146.33,65.4,100.0,D1,D1,Direct / Organic,Other,SG,False,2025-02,2025,2,True,True,True
8445907501311,2,200.4,146.17,72.9,87.6,D1,D1,Paid Social,Unknown,SG,False,2025-10,2025,4,True,True,True
8015408922879,3,223.28,145.54,65.2,100.0,D1,D1,Subscription,Other,SG,True,2025-05,2025,3,True,True,True
6424716706047,2,231.71,145.48,62.8,77.8,D1,D2,Subscription,Collagen Glow,SG,False,2023-05,2023,4,True,False,False
7756042502399,1,363.15,145.26,40.0,0.0,D1,D4,Direct / Organic,Unknown,MY,False,2022-02,2022,1,True,False,False
8657433362687,1,186.7,145.2,77.8,100.0,D1,D2,Paid Social,Lean Protein,SG,False,2025-12,2025,1,True,False,False
7933864575231,2,206.26,144.74,70.2,100.0,D1,D1,Subscription,Clear Protein,SG,True,2025-03,2025,2,True,True,True
7756436701439,5,238.48,144.72,60.7,100.0,D1,D1,Direct / Organic,Collagen Glow,MY,False,2024-06,2024,3,True,True,True
7756442730751,5,192.2,144.56,75.2,100.0,D1,D1,Direct / Organic,Other,MY,False,2024-08,2024,3,True,True,True
6336660111615,2,233.32,144.5,61.9,79.7,D1,D2,Subscription,Unknown,SG,False,2023-08,2023,3,True,False,False
7756477300991,3,199.52,144.35,72.3,100.0,D1,D1,Direct / Organic,Clear Protein,MY,False,2024-10,2024,1,True,True,True
7168728498431,3,202.12,144.1,71.3,100.0,D1,D1,Subscription,Collagen Glow,SG,True,2024-04,2024,3,True,True,True
8730866352383,2,199.47,144.02,72.2,100.0,D1,D1,Subscription,Lean Protein,SG,True,2026-02,2026,1,True,True,True
7756435915007,2,150.71,143.6,95.3,100.0,D1,D1,Direct / Organic,Other,MY,False,2024-06,2024,2,True,True,True
7937013809407,2,200.22,143.59,71.7,80.3,D1,D1,Direct / Organic,Other,SG,True,2025-04,2025,3,True,True,True
8351278334207,1,177.2,143.47,81.0,100.0,D1,D3,Direct / Organic,Clear Protein,SG,False,2025-09,2025,2,True,False,False
6329858785535,2,367.25,142.98,38.9,0.0,D1,D2,Subscription,Unknown,SG,False,2022-04,2022,1,True,False,False
8480155238655,1,178.11,142.96,80.3,100.0,D1,D2,Direct / Organic,Lean Protein,SG,False,2025-10,2025,2,True,False,False
7756043583743,1,357.2,142.88,40.0,0.0,D1,D4,Direct / Organic,Unknown,MY,False,2022-02,2022,1,True,False,False
7949137477887,2,192.55,142.83,74.2,100.0,D1,D1,Paid Social,Clear Protein,SG,False,2025-04,2025,1,True,True,True
8364503302399,1,178.2,142.83,80.2,100.0,D1,D2,Direct / Organic,Clear Protein,SG,False,2025-10,2025,1,True,False,False
6822588449023,2,196.66,142.77,72.6,100.0,D1,D2,Subscription,Other,SG,False,2023-09,2023,1,True,False,False
7476702085375,3,189.83,142.73,75.2,100.0,D1,D1,Subscription,Clear Protein,SG,False,2024-09,2024,1,True,True,True
7947663081727,2,181.84,142.69,78.5,100.0,D1,D1,Direct / Organic,Lean Protein,SG,True,2025-04,2025,3,True,True,True
8361846472959,2,162.1,142.66,88.0,100.0,D1,D1,Email,Accessories,SG,False,2025-10,2025,3,True,True,True
7875674800383,1,257.8,142.63,55.3,50.0,D1,D3,Direct / Organic,Unknown,SG,False,2025-02,2025,3,True,False,False
6329836339455,2,355.61,142.24,40.0,0.0,D1,D2,Subscription,Unknown,SG,False,2022-04,2022,1,True,False,False
7756422578431,3,244.42,141.83,58.0,100.0,D1,D1,Subscription,Clear Protein,MY,True,2024-04,2024,4,True,True,True
6423592370431,2,307.29,141.63,46.1,32.2,D1,D2,Subscription,Unknown,SG,False,2022-04,2022,2,True,False,False
7755954094335,4,327.82,141.62,43.2,36.3,D1,D1,Direct / Organic,Unknown,MY,False,2022-06,2022,2,True,True,True
6336758808831,2,148.52,141.62,95.4,47.6,D1,D2,Subscription,Unknown,SG,False,2022-09,2022,3,True,False,False
6685270081791,3,234.94,141.57,60.3,100.0,D1,D1,Subscription,Other,SG,True,2023-05,2023,2,True,True,True
8244287111423,1,164.48,141.55,86.1,100.0,D1,D3,Direct / Organic,Lean Protein,SG,False,2025-08,2025,1,True,False,False
8835435233535,1,215.04,141.48,65.8,100.0,D1,D2,Subscription,Clear Protein,SG,True,2026-03,2026,1,True,False,False
8841410478335,1,215.04,141.48,65.8,100.0,D1,D2,Subscription,Clear Protein,SG,True,2026-03,2026,1,True,False,False
7756008128767,1,205.96,141.33,68.6,100.0,D1,D4,Direct / Organic,Other,MY,False,2022-10,2022,1,True,False,False
6329857638655,1,125.58,141.3,112.5,100.0,D1,D5,Subscription,Other,SG,False,2024-05,2024,1,True,False,False
8344990417151,2,176.41,141.13,80.0,100.0,D1,D1,Subscription,Other,SG,True,2025-09,2025,3,True,True,True
6329699729663,1,357.62,141.09,39.5,0.0,D1,D5,Subscription,Unknown,SG,False,2022-08,2022,1,True,False,False
6423599907071,1,356.86,140.78,39.5,0.0,D1,D5,Subscription,Unknown,SG,False,2022-03,2022,1,True,False,False
6327404921087,2,361.09,140.72,39.0,69.7,D1,D2,Subscription,Unknown,SG,False,2022-08,2022,3,True,False,False
6327627383039,3,223.84,140.57,62.8,100.0,D1,D1,Subscription,Other,SG,True,2024-12,2024,3,True,True,True
6334060429567,2,356.21,140.52,39.4,0.0,D1,D2,Subscription,Unknown,SG,False,2022-04,2022,1,True,False,False
8035367223551,4,210.24,140.4,66.8,100.0,D1,D1,Subscription,Lean Protein,SG,True,2025-05,2025,1,True,True,True
7957906981119,2,199.82,140.27,70.2,100.0,D1,D1,Subscription,Lean Protein,SG,True,2025-04,2025,3,True,True,True
7868325495039,2,202.9,140.02,69.0,100.0,D1,D1,Direct / Organic,Clear Protein,SG,False,2025-02,2025,2,True,True,True
7756453216511,2,163.46,139.99,85.6,100.0,D1,D1,Subscription,Soy Protein,MY,True,2024-09,2024,3,True,True,True
6336648675583,3,170.51,139.71,81.9,100.0,D1,D1,Subscription,Other,SG,False,2024-01,2024,3,True,True,True
7894464626943,3,215.55,139.55,64.7,100.0,D1,D1,Subscription,Other,SG,True,2025-03,2025,1,True,True,True
8151474929919,2,207.44,139.55,67.3,100.0,D1,D1,Direct / Organic,Accessories,SG,False,2025-06,2025,3,True,True,True
6336662634751,2,233.13,139.29,59.7,100.0,D1,D2,Subscription,Other,SG,True,2023-04,2023,1,True,False,False
6328231035135,1,348.12,139.25,40.0,0.0,D1,D5,Subscription,Unknown,SG,False,2022-04,2022,1,True,False,False
7756464914687,1,206.43,139.17,67.4,100.0,D1,D4,Direct / Organic,Other,MY,False,2024-09,2024,2,True,False,False
8109930512639,2,204.85,139.14,67.9,100.0,D1,D1,Subscription,Lean Protein,SG,True,2025-06,2025,1,True,True,True
8091443003647,2,185.25,139.04,75.1,100.0,D1,D1,Subscription,Clear Protein,SG,True,2025-05,2025,1,True,True,True
6550479470847,3,218.51,139.03,63.6,100.0,D1,D1,Subscription,Other,SG,False,2023-02,2023,2,True,True,True
7089768923391,2,154.4,138.96,90.0,100.0,D1,D2,Subscription,Other,SG,False,2024-02,2024,1,True,False,False
7756461375743,2,177.36,138.06,77.8,100.0,D1,D1,Direct / Organic,Clear Protein,MY,False,2024-08,2024,3,True,True,True
7967440109823,2,198.2,138.03,69.6,100.0,D1,D1,Paid Social,Clear Protein,SG,False,2025-04,2025,1,True,True,True
6776240406783,2,216.24,137.83,63.7,100.0,D1,D2,Subscription,Other,SG,False,2023-08,2023,1,True,False,False
8694256533759,1,194.77,137.62,70.7,100.0,D1,D2,Direct / Organic,Clear Protein,SG,False,2026-01,2026,3,True,False,False
7755970740479,3,343.67,137.47,40.0,0.0,D1,D1,Direct / Organic,Unknown,MY,False,2022-06,2022,1,True,True,True
6377877831935,2,185.6,137.47,74.1,83.3,D1,D2,Subscription,Other,SG,False,2022-10,2022,3,True,False,False
8343572152575,2,202.33,137.3,67.9,100.0,D1,D1,Subscription,Accessories,SG,True,2025-09,2025,3,True,True,True
8780897124607,1,151.61,137.16,90.5,100.0,D1,D2,Subscription,Collagen Glow,SG,True,2026-03,2026,1,True,False,False
8848376529151,1,151.54,137.08,90.5,100.0,D1,D2,Subscription,Collagen Glow,SG,True,2026-03,2026,1,True,False,False
7919433187583,2,174.4,136.96,78.5,100.0,D1,D1,Direct / Organic,Accessories,SG,False,2025-03,2025,3,True,True,True
8275771687167,2,184.34,136.26,73.9,100.0,D1,D1,Direct / Organic,Lean Protein,SG,False,2025-08,2025,2,True,True,True
7756016582911,1,341.83,135.64,39.7,0.0,D1,D4,Direct / Organic,Unknown,MY,False,2022-08,2022,1,True,False,False
7896021860607,2,247.66,135.6,54.8,98.8,D1,D1,Subscription,Lean Protein,SG,True,2025-03,2025,3,True,True,True
7756425134335,2,225.0,135.43,60.2,100.0,D1,D1,Subscription,Collagen Glow,MY,True,2024-05,2024,4,True,True,True
8795078983935,2,190.98,135.4,70.9,92.4,D1,D1,Direct / Organic,Lean Protein,SG,False,2026-02,2026,4,True,True,True
8325623087359,1,131.6,135.28,102.8,100.0,D1,D3,Direct / Organic,Other,SG,False,2025-09,2025,3,True,False,False
8226075803903,1,131.72,135.17,102.6,100.0,D1,D3,Direct / Organic,Other,SG,False,2025-09,2025,3,True,False,False
8334140932351,1,131.59,135.04,102.6,100.0,D1,D3,Direct / Organic,Other,SG,False,2025-09,2025,3,True,False,False
7756352356607,3,195.58,134.92,69.0,100.0,D1,D1,Direct / Organic,Collagen Glow,MY,False,2023-03,2023,2,True,True,True
7961351127295,1,208.8,134.81,64.6,100.0,D1,D3,Direct / Organic,Other,SG,False,2025-04,2025,3,True,False,False
7954004803839,2,184.89,134.73,72.9,100.0,D1,D1,Paid Social,Other,SG,False,2025-04,2025,3,True,True,True
7475205636351,2,157.94,134.37,85.1,100.0,D1,D2,Subscription,Clear Protein,SG,False,2024-08,2024,2,True,False,False
7756170002687,1,166.0,134.06,80.8,100.0,D1,D4,Subscription,Other,SG,True,2025-08,2025,2,True,False,False
7756357632255,5,233.06,133.77,57.4,93.3,D1,D1,Direct / Organic,Other,MY,True,2023-03,2023,3,True,True,True
7309950812415,2,183.78,133.61,72.7,100.0,D1,D2,Subscription,Clear Protein,SG,True,2024-05,2024,3,True,False,False
7756457148671,3,201.47,133.42,66.2,100.0,D1,D1,Subscription,Clear Protein,MY,True,2024-08,2024,4,True,True,True
8329035481343,1,147.58,133.39,90.4,100.0,D1,D3,Direct / Organic,Other,SG,False,2025-09,2025,3,True,False,False
6423596761343,2,343.13,133.33,38.9,0.0,D1,D2,Subscription,Unknown,SG,False,2022-01,2022,1,True,False,False
6327622566143,1,332.74,133.1,40.0,0.0,D1,D5,Subscription,Unknown,SG,False,2022-04,2022,1,True,False,False
8069502337279,2,193.94,132.96,68.6,100.0,D1,D1,Subscription,Other,SG,True,2025-05,2025,2,True,True,True
7756397412607,4,263.36,132.45,50.3,100.0,D1,D1,Direct / Organic,Unknown,MY,True,2023-12,2023,3,True,True,True
6650644726015,3,221.61,132.33,59.7,100.0,D1,D1,Subscription,Other,SG,True,2023-04,2023,1,True,True,True
7819138269439,3,203.6,132.16,64.9,100.0,D1,D1,Direct / Organic,Lean Protein,SG,False,2025-01,2025,2,True,True,True
8245528232191,2,193.8,132.16,68.2,100.0,D1,D1,Direct / Organic,Lean Protein,SG,False,2025-08,2025,2,True,True,True
8794067861759,1,176.31,132.03,74.9,100.0,D1,D2,Direct / Organic,Other,SG,False,2026-02,2026,3,True,False,False
7756016779519,3,329.84,131.94,40.0,0.0,D1,D1,Direct / Organic,Unknown,MY,False,2022-05,2022,1,True,True,True
7461546655999,2,156.81,131.5,83.9,100.0,D1,D2,Subscription,Soy Protein,SG,False,2024-08,2024,3,True,False,False
8306218533119,1,129.0,131.47,101.9,100.0,D1,D3,Affiliate,Other,SG,False,2025-09,2025,3,True,False,False
7677500752127,6,215.46,131.45,61.0,100.0,D1,D1,Subscription,Collagen Glow,SG,True,2024-12,2024,1,True,True,True
8274425446655,1,178.39,131.33,73.6,100.0,D1,D3,Subscription,Other,SG,True,2025-08,2025,3,True,False,False
7476694876415,3,156.63,131.19,83.8,100.0,D1,D1,Subscription,Clear Protein,SG,False,2024-09,2024,3,True,True,True
7979789648127,3,186.3,131.13,70.4,100.0,D1,D1,Subscription,Clear Protein,SG,True,2025-04,2025,1,True,True,True
8770382364927,3,186.3,131.13,70.4,100.0,D1,D1,Subscription,Clear Protein,SG,True,2026-02,2026,1,True,True,True
6327391977727,2,211.97,131.11,61.9,53.3,D1,D2,Subscription,Unknown,SG,False,2022-08,2022,3,True,False,False
7755989319935,2,270.69,130.01,48.0,35.8,D1,D2,Direct / Organic,Unknown,MY,False,2022-03,2022,2,True,False,False
7756483690751,2,193.85,129.73,66.9,100.0,D1,D1,Subscription,Accessories,MY,True,2024-12,2024,4,True,True,True
7146181067007,1,258.87,129.63,50.1,100.0,D1,D5,Subscription,Other,SG,False,2024-03,2024,1,True,False,False
8786180342015,2,185.84,129.55,69.7,100.0,D1,D1,Subscription,Lean Protein,SG,True,2026-02,2026,3,True,True,True
6532515791103,2,282.58,129.33,45.8,26.1,D1,D2,Direct / Organic,Unknown,MY,False,2022-05,2022,2,True,False,False
8633033228543,1,179.28,129.26,72.1,100.0,D1,D2,Direct / Organic,Collagen Glow,SG,False,2025-12,2025,2,True,False,False
7945581887743,4,194.61,129.1,66.3,100.0,D1,D1,Paid Social,Lean Protein,SG,True,2025-04,2025,2,True,True,True
6862672658687,4,207.65,129.06,62.2,100.0,D1,D1,Subscription,Other,SG,True,2023-10,2023,3,True,True,True
8364298830079,1,154.53,128.83,83.4,100.0,D1,D3,Direct / Organic,Clear Protein,SG,False,2025-10,2025,3,True,False,False
6327655891199,2,195.18,128.56,65.9,64.4,D1,D2,Subscription,Unknown,SG,False,2022-08,2022,2,True,False,False
7843128967423,1,180.34,128.42,71.2,100.0,D1,D3,Direct / Organic,Lean Protein,SG,False,2025-02,2025,1,True,False,False
7948693700863,3,200.67,128.16,63.9,100.0,D1,D1,Paid Social,Accessories,SG,False,2025-04,2025,3,True,True,True
8146098356479,2,184.1,127.88,69.5,100.0,D1,D1,Subscription,Clear Protein,SG,True,2025-06,2025,2,True,True,True
6348036178175,1,96.0,127.68,133.0,100.0,D1,D5,Subscription,Other,SG,False,2022-09,2022,1,True,False,False
7756028248319,7,233.02,127.53,54.7,64.3,D1,D1,Direct / Organic,Unknown,MY,False,2022-03,2022,4,True,True,True
8037819154687,1,159.21,127.19,79.9,100.0,D1,D3,Direct / Organic,Clear Protein,SG,False,2025-05,2025,2,True,False,False
7875433824511,2,173.9,127.17,73.1,96.5,D1,D1,Direct / Organic,Other,SG,False,2025-02,2025,2,True,True,True
8844887752959,1,162.56,127.17,78.2,100.0,D1,D2,Subscription,Lean Protein,SG,True,2026-03,2026,1,True,False,False
8698913390847,2,150.25,127.14,84.6,100.0,D1,D1,Direct / Organic,Lean Protein,SG,False,2026-01,2026,3,True,True,True
7927412392191,1,183.29,127.07,69.3,100.0,D1,D3,Paid Social,Lean Protein,SG,False,2025-03,2025,2,True,False,False
7753766043903,2,182.81,126.82,69.4,100.0,D1,D2,Subscription,Clear Protein,SG,True,2025-01,2025,2,True,False,False
7870756061439,2,169.92,126.8,74.6,100.0,D1,D1,Subscription,Lean Protein,SG,True,2025-03,2025,2,True,True,True
8474630390015,1,152.75,126.75,83.0,100.0,D1,D2,Direct / Organic,Lean Protein,SG,False,2025-10,2025,1,True,False,False
7756423627007,3,187.09,126.74,67.7,100.0,D1,D1,Direct / Organic,Collagen Glow,MY,True,2024-05,2024,1,True,True,True
8807161102591,1,184.23,126.36,68.6,100.0,D1,D2,Subscription,Clear Protein,SG,True,2026-02,2026,3,True,False,False
7756466094335,2,185.5,126.35,68.1,100.0,D1,D1,Direct / Organic,Clear Protein,MY,False,2024-09,2024,5,True,True,True
8364461097215,2,167.72,126.24,75.3,100.0,D1,D1,Direct / Organic,Lean Protein,SG,False,2025-10,2025,1,True,True,True
8371222905087,2,143.67,126.22,87.9,100.0,D1,D1,Subscription,Accessories,SG,True,2025-10,2025,3,True,True,True
7756045811967,1,315.55,126.22,40.0,0.0,D1,D4,Direct / Organic,Unknown,MY,False,2022-01,2022,1,True,False,False
6327633510655,2,194.11,125.93,64.9,69.4,D1,D2,Subscription,Unknown,SG,False,2023-02,2023,3,True,False,False
7756424708351,4,205.59,125.33,61.0,100.0,D1,D1,Direct / Organic,Clear Protein,MY,True,2024-05,2024,2,True,True,True
7476877230335,3,155.68,124.93,80.2,100.0,D1,D1,Subscription,Lean Protein,SG,True,2024-09,2024,3,True,True,True
7673187434751,1,151.92,124.92,82.2,100.0,D1,D5,Subscription,Lean Protein,SG,True,2024-12,2024,5,True,False,False
8160918765823,1,117.53,124.77,106.2,100.0,D1,D3,Direct / Organic,Clear Protein,SG,False,2025-06,2025,2,True,False,False
8477676601599,1,154.7,124.73,80.6,100.0,D1,D2,Direct / Organic,Clear Protein,SG,False,2025-10,2025,2,True,False,False
6976895189247,2,181.51,124.7,68.7,100.0,D1,D2,Subscription,Other,SG,False,2024-01,2024,1,True,False,False
7482746601727,1,161.64,124.7,77.1,100.0,D1,D5,Subscription,Other,SG,False,2024-09,2024,1,True,False,False
6526214340863,1,160.19,124.54,77.7,71.4,D1,D5,Subscription,Unknown,SG,False,2023-01,2023,2,True,False,False
7475360497919,2,125.79,124.53,99.0,100.0,D1,D2,Subscription,Clear Protein,SG,False,2024-08,2024,1,True,False,False
7755966710015,2,278.74,124.48,44.7,40.4,D1,D2,Direct / Organic,Unknown,MY,False,2022-03,2022,2,True,False,False
7264693223679,1,160.92,124.27,77.2,100.0,D1,D5,Subscription,Other,SG,False,2024-05,2024,2,True,False,False
7755999576319,2,310.45,124.18,40.0,0.0,D1,D2,Direct / Organic,Unknown,MY,False,2022-01,2021,1,True,False,False
8233176006911,2,239.51,124.07,51.8,100.0,D1,D1,Subscription,Collagen Glow,SG,True,2025-08,2025,1,True,True,True
8329028370687,1,131.6,123.71,94.0,100.0,D1,D3,Direct / Organic,Other,SG,False,2025-09,2025,3,True,False,False
8781274153215,1,148.0,123.59,83.5,100.0,D1,D2,Direct / Organic,Lean Protein,SG,False,2026-02,2026,3,True,False,False
8787607060735,1,148.0,123.59,83.5,100.0,D1,D2,Direct / Organic,Lean Protein,SG,False,2026-02,2026,3,True,False,False
8795868758271,1,148.0,123.59,83.5,100.0,D1,D2,Direct / Organic,Lean Protein,SG,False,2026-02,2026,3,True,False,False
8796871360767,1,148.0,123.59,83.5,100.0,D1,D2,Direct / Organic,Lean Protein,SG,False,2026-02,2026,3,True,False,False
8798951178495,1,148.0,123.59,83.5,100.0,D1,D2,Direct / Organic,Lean Protein,SG,False,2026-02,2026,3,True,False,False
7970493825279,2,186.5,123.49,66.2,100.0,D1,D1,Direct / Organic,Lean Protein,SG,True,2025-04,2025,2,True,True,True
7470529708287,1,134.77,123.48,91.6,100.0,D1,D5,Subscription,Lean Protein,SG,False,2024-08,2024,2,True,False,False
7441933336831,2,169.1,123.47,73.0,100.0,D1,D2,Subscription,Clear Protein,SG,False,2024-08,2024,2,True,False,False
7756020908287,5,261.24,123.0,47.1,47.1,D1,D1,Direct / Organic,Unknown,MY,True,2022-02,2022,2,True,True,True
8147962560767,1,182.0,122.64,67.4,100.0,D1,D3,Direct / Organic,Lean Protein,SG,False,2025-06,2025,1,True,False,False
7756001870079,3,206.12,122.29,59.3,36.8,D1,D1,Direct / Organic,Unknown,MY,True,2022-08,2022,3,True,True,True
8758133653759,2,163.8,122.26,74.6,100.0,D1,D1,Direct / Organic,Other,SG,False,2026-02,2026,1,True,True,True
8342710878463,2,173.35,122.18,70.5,100.0,D1,D1,Direct / Organic,Clear Protein,SG,False,2025-09,2025,4,True,True,True
7927261954303,3,177.8,122.15,68.7,100.0,D1,D1,Direct / Organic,Clear Protein,SG,False,2025-03,2025,2,True,True,True
7522002174207,2,166.63,122.01,73.2,100.0,D1,D2,Subscription,Lean Protein,SG,False,2024-09,2024,1,True,False,False
7252280738047,2,160.5,121.98,76.0,100.0,D1,D2,Subscription,Clear Protein,SG,False,2024-04,2024,2,True,False,False
7476574650623,2,155.74,121.91,78.3,100.0,D1,D2,Subscription,Clear Protein,SG,False,2024-09,2024,3,True,False,False
8343144956159,2,133.14,121.91,91.6,100.0,D1,D1,Direct / Organic,Other,SG,False,2025-09,2025,1,True,True,True
8849562370303,1,172.06,121.84,70.8,100.0,D1,D2,Direct / Organic,Clear Protein,SG,False,2026-03,2026,3,True,False,False
7056242082047,2,117.95,121.83,103.3,100.0,D1,D2,Subscription,Clear Protein,SG,False,2024-02,2024,1,True,False,False
7125851439359,2,145.5,121.83,83.7,100.0,D1,D2,Subscription,Clear Protein,SG,False,2024-03,2024,1,True,False,False
7141155700991,1,168.15,121.83,72.5,100.0,D1,D5,Subscription,Clear Protein,SG,False,2024-03,2024,1,True,False,False
7202402926847,1,150.45,121.83,81.0,100.0,D1,D5,Subscription,Clear Protein,SG,False,2024-04,2024,1,True,False,False
7252598948095,1,137.65,121.83,88.5,100.0,D1,D5,Subscription,Clear Protein,SG,False,2024-04,2024,1,True,False,False
7307052122367,1,123.9,121.83,98.3,100.0,D1,D5,Subscription,Clear Protein,SG,False,2024-05,2024,1,True,False,False
7321657475327,2,155.35,121.83,78.4,100.0,D1,D2,Subscription,Clear Protein,SG,False,2024-06,2024,1,True,False,False
7075370729727,2,125.92,121.68,96.6,100.0,D1,D2,Subscription,Clear Protein,SG,False,2024-02,2024,2,True,False,False
7756348522751,4,218.17,121.63,55.7,92.4,D1,D1,Direct / Organic,Soy Protein,MY,False,2023-02,2023,3,True,True,True
6336654704895,2,303.67,121.47,40.0,0.0,D1,D2,Subscription,Unknown,SG,False,2022-08,2022,1,True,False,False
7515696890111,2,160.64,121.38,75.6,100.0,D1,D2,Subscription,Lean Protein,SG,False,2024-09,2024,1,True,False,False
7991992877311,1,183.2,121.24,66.2,100.0,D1,D3,Direct / Organic,Other,SG,False,2025-05,2025,2,True,False,False
8725525266687,2,145.76,120.98,83.0,100.0,D1,D1,Direct / Organic,Lean Protein,SG,False,2026-01,2026,1,True,True,True
7756486476031,2,219.76,120.85,55.0,100.0,D1,D1,Direct / Organic,Accessories,MY,True,2024-12,2024,3,True,True,True
7756360876287,2,169.95,120.7,71.0,100.0,D1,D1,Direct / Organic,Unknown,MY,False,2023-05,2023,4,True,True,True
7756470976767,2,171.43,120.64,70.4,100.0,D1,D1,Direct / Organic,Clear Protein,MY,False,2024-10,2024,3,True,True,True
6327726637311,3,146.28,120.52,82.4,100.0,D1,D1,Subscription,Other,SG,False,2024-03,2024,2,True,True,True
6327399678207,2,109.29,120.49,110.2,69.0,D1,D2,Subscription,Unknown,SG,False,2022-05,2022,2,True,False,False
8767224807679,1,167.32,120.4,72.0,100.0,D1,D2,Direct / Organic,Clear Protein,SG,False,2026-02,2026,2,True,False,False
8353731182847,2,129.8,120.12,92.5,100.0,D1,D1,Paid Social,Accessories,SG,False,2025-09,2025,2,True,True,True
6329687212287,1,142.32,120.02,84.3,100.0,D1,D5,Subscription,Clear Protein,SG,False,2024-03,2024,2,True,False,False
7756460425471,2,178.74,120.01,67.1,98.5,D1,D1,Subscription,Unknown,MY,True,2025-01,2025,5,True,True,True
7305996370175,1,125.16,119.87,95.8,100.0,D1,D5,Subscription,Clear Protein,SG,False,2024-05,2024,3,True,False,False
8303876473087,1,138.0,119.54,86.6,100.0,D1,D3,Direct / Organic,Accessories,SG,False,2025-09,2025,2,True,False,False
6616678793471,2,193.49,119.28,61.6,100.0,D1,D2,Subscription,Other,SG,True,2023-03,2023,1,True,False,False
8244468383999,2,160.57,119.25,74.3,100.0,D1,D1,Subscription,Lean Protein,SG,True,2026-02,2026,1,True,True,True
7756404261119,2,167.38,119.19,71.2,100.0,D1,D1,Direct / Organic,Soy Protein,MY,True,2024-01,2024,3,True,True,True
6329719718143,1,302.53,119.05,39.4,0.0,D1,D5,Subscription,Unknown,SG,False,2022-06,2022,1,True,False,False
7572976107775,4,146.21,119.05,81.4,100.0,D1,D1,Subscription,Other,SG,False,2024-10,2024,1,True,True,True
7756017893631,3,255.43,118.96,46.6,37.6,D1,D1,Direct / Organic,Unknown,MY,False,2022-04,2022,2,True,True,True
7756043256063,3,240.18,118.91,49.5,83.6,D1,D1,Direct / Organic,Unknown,MY,True,2022-02,2022,3,True,True,True
8071788527871,1,154.17,118.91,77.1,100.0,D1,D3,Direct / Organic,Other,SG,False,2025-05,2025,3,True,False,False
7756007866623,1,127.15,118.66,93.3,100.0,D1,D4,Direct / Organic,Soy Protein,MY,False,2022-10,2022,1,True,False,False
7756414910719,2,168.41,118.58,70.4,100.0,D1,D1,Direct / Organic,Clear Protein,MY,False,2024-03,2024,4,True,True,True
6336760545535,1,296.38,118.55,40.0,0.0,D1,D5,Subscription,Unknown,SG,False,2022-06,2022,1,True,False,False
7237650612479,5,152.61,118.33,77.5,100.0,D1,D1,Subscription,Soy Protein,SG,True,2024-04,2024,2,True,True,True
7756425298175,2,155.13,118.1,76.1,100.0,D1,D1,Direct / Organic,Clear Protein,MY,False,2024-05,2024,2,True,True,True
7475348308223,1,125.79,118.06,93.9,100.0,D1,D5,Subscription,Other,SG,False,2024-08,2024,2,True,False,False
8350682448127,3,158.7,117.75,74.2,100.0,D1,D1,Email,Other,SG,False,2025-10,2025,1,True,True,True
7869806838015,1,132.52,117.55,88.7,100.0,D1,D3,Subscription,Accessories,SG,True,2025-02,2025,2,True,False,False
8326961922303,1,126.64,117.54,92.8,100.0,D1,D3,Direct / Organic,Clear Protein,SG,False,2025-09,2025,3,True,False,False
7756260671743,3,216.91,117.44,54.1,66.8,D1,D1,Subscription,Collagen Glow,MY,True,2023-03,2023,4,True,True,True
6329694191871,1,109.85,117.44,106.9,100.0,D1,D5,Subscription,Soy Protein,SG,False,2023-01,2023,1,True,False,False
6508011389183,1,109.85,117.44,106.9,100.0,D1,D5,Subscription,Soy Protein,SG,False,2023-01,2023,1,True,False,False
8339344425215,1,113.0,117.27,103.8,100.0,D1,D3,Direct / Organic,Other,SG,False,2025-09,2025,3,True,False,False
8369445601535,1,113.0,117.27,103.8,100.0,D1,D2,Direct / Organic,Other,SG,False,2025-10,2025,3,True,False,False
7756240191743,2,145.52,117.25,80.6,100.0,D1,D1,Direct / Organic,Soy Protein,MY,False,2024-04,2024,3,True,True,True
7756437750015,2,161.94,116.72,72.1,100.0,D1,D1,Direct / Organic,Clear Protein,MY,False,2024-06,2024,3,True,True,True
8312861491455,1,153.55,116.7,76.0,100.0,D1,D3,Direct / Organic,Other,SG,False,2025-09,2025,5,True,False,False
8629353545983,1,160.34,116.67,72.8,100.0,D1,D2,Direct / Organic,Lean Protein,SG,False,2025-12,2025,3,True,False,False
7756420317439,2,168.82,116.65,69.1,100.0,D1,D1,Direct / Organic,Clear Protein,MY,False,2024-04,2024,1,True,True,True
8067328737535,1,143.55,116.63,81.2,100.0,D1,D3,Affiliate,Other,SG,False,2025-05,2025,3,True,False,False
7968778813695,1,143.48,116.54,81.2,100.0,D1,D3,Direct / Organic,Collagen Glow,SG,False,2025-04,2025,3,True,False,False
8150025306367,1,151.92,116.54,76.7,100.0,D1,D3,Direct / Organic,Clear Protein,SG,False,2025-06,2025,3,True,False,False
8120812536063,2,160.61,116.47,72.5,100.0,D1,D1,Direct / Organic,Lean Protein,SG,False,2025-06,2025,1,True,True,True
6648608686335,2,183.51,116.4,63.4,100.0,D1,D2,Subscription,Other,SG,False,2023-09,2023,1,True,False,False
7136674087167,2,189.5,116.4,61.4,100.0,D1,D2,Subscription,Other,SG,False,2024-03,2024,1,True,False,False
7519112855807,1,125.79,116.4,92.5,100.0,D1,D5,Subscription,Other,SG,False,2024-09,2024,1,True,False,False
6547456491775,2,212.31,116.23,54.7,70.5,D1,D2,Subscription,Collagen Glow,SG,False,2023-02,2023,2,True,False,False
8807533609215,2,169.92,116.23,68.4,100.0,D1,D1,Subscription,Clear Protein,SG,True,2026-02,2026,2,True,True,True
8301754482943,2,176.68,116.09,65.7,100.0,D1,D1,Direct / Organic,Lean Protein,SG,True,2025-09,2025,2,True,True,True
7582665900287,2,139.48,116.09,83.2,100.0,D1,D2,Subscription,Lean Protein,SG,False,2024-10,2024,2,True,False,False
7756022874367,2,292.93,116.08,39.6,0.0,D1,D2,Direct / Organic,Unknown,MY,False,2022-03,2022,1,True,False,False
8358432014591,1,149.01,116.06,77.9,100.0,D1,D3,Direct / Organic,Other,SG,False,2025-10,2025,2,True,False,False
6328308859135,3,174.9,116.03,66.3,100.0,D1,D1,Subscription,Other,SG,True,2023-03,2023,2,True,True,True
7756412387583,2,162.7,115.81,71.2,100.0,D1,D1,Direct / Organic,Other,MY,False,2024-03,2024,2,True,True,True
8286057464063,1,158.9,115.77,72.9,100.0,D1,D3,Direct / Organic,Other,SG,False,2025-08,2025,2,True,False,False
7756468945151,1,113.91,115.6,101.5,100.0,D1,D4,Direct / Organic,Lean Protein,MY,False,2024-09,2024,2,True,False,False
7756469240063,1,113.91,115.6,101.5,100.0,D1,D4,Direct / Organic,Clear Protein,MY,False,2024-09,2024,2,True,False,False
7870948802815,4,192.53,115.38,59.9,100.0,D1,D1,Subscription,Collagen Glow,SG,True,2025-02,2025,1,True,True,True
6329603490047,1,145.19,115.18,79.3,100.0,D1,D5,Subscription,Other,SG,False,2023-01,2023,1,True,False,False
6390669017343,2,153.64,115.18,75.0,100.0,D1,D2,Subscription,Other,SG,False,2022-10,2022,1,True,False,False
6477783892223,1,145.19,115.18,79.3,100.0,D1,D5,Subscription,Other,SG,False,2023-01,2023,1,True,False,False
7756396265727,2,154.4,115.16,74.6,100.0,D1,D1,Subscription,Soy Protein,MY,True,2023-12,2023,2,True,True,True
7520123322623,1,108.92,115.13,105.7,100.0,D1,D5,Subscription,Other,SG,False,2024-09,2024,2,True,False,False
6327740727551,1,150.91,114.98,76.2,61.9,D1,D5,Subscription,Accessories,SG,False,2023-02,2023,4,True,False,False
7756460294399,2,153.72,114.96,74.8,100.0,D1,D1,Direct / Organic,Unknown,MY,True,2024-08,2024,3,True,True,True
7355300544767,7,181.19,114.92,63.4,100.0,D1,D1,Subscription,Other,MY,True,2023-06,2023,1,True,True,True
8273489494271,3,190.06,114.84,60.4,100.0,D1,D1,Subscription,Lean Protein,SG,True,2025-08,2025,1,True,True,True
8474627080447,2,158.74,114.77,72.3,100.0,D1,D1,Direct / Organic,Lean Protein,SG,False,2025-10,2025,1,True,True,True
6334064951551,1,114.59,114.73,100.1,100.0,D1,D5,Subscription,Other,SG,False,2024-05,2024,2,True,False,False
8312444027135,1,131.72,114.44,86.9,100.0,D1,D3,Direct / Organic,Clear Protein,SG,False,2025-10,2025,3,True,False,False
7974875758847,4,187.15,114.23,61.0,100.0,D1,D1,Subscription,Lean Protein,SG,True,2025-04,2025,1,True,True,True
8394724212991,1,131.72,113.93,86.5,100.0,D1,D2,Direct / Organic,Clear Protein,SG,False,2025-10,2025,3,True,False,False
8304445751551,2,153.23,113.92,74.3,100.0,D1,D1,Direct / Organic,Lean Protein,SG,True,2025-09,2025,2,True,True,True
8438245097727,1,152.06,113.7,74.8,100.0,D1,D2,Direct / Organic,Accessories,SG,False,2025-10,2025,2,True,False,False
8343051698431,1,131.7,113.64,86.3,100.0,D1,D3,Direct / Organic,Clear Protein,SG,False,2025-09,2025,2,True,False,False
8115042943231,1,142.92,113.22,79.2,100.0,D1,D3,Direct / Organic,Other,SG,False,2025-06,2025,2,True,False,False
6336759333119,3,292.46,113.06,38.7,0.0,D1,D1,Subscription,Unknown,SG,False,2022-03,2022,1,True,True,True
6532501864703,2,230.19,113.06,49.1,100.0,D1,D2,Direct / Organic,Other,MY,False,2022-12,2022,2,True,False,False
6327616831743,1,282.6,113.04,40.0,0.0,D1,D5,Subscription,Unknown,SG,False,2022-05,2022,1,True,False,False
6663954465023,2,169.89,112.94,66.5,100.0,D1,D2,Subscription,Other,SG,True,2023-05,2023,2,True,False,False
6336631603455,2,169.11,112.42,66.5,100.0,D1,D2,Subscription,Other,SG,False,2023-05,2023,1,True,False,False
6336726204671,2,225.45,112.32,49.8,70.8,D1,D2,Subscription,Unknown,SG,False,2022-08,2022,3,True,False,False
7755927191807,6,254.16,112.11,44.1,73.2,D1,D1,Direct / Organic,Other,MY,True,2023-03,2023,4,True,True,True
8681942548735,1,137.63,112.03,81.4,100.0,D1,D2,Direct / Organic,Lean Protein,SG,False,2026-01,2026,2,True,False,False
8857096126719,1,105.97,111.76,105.5,100.0,D1,D2,Direct / Organic,Soy Protein,SG,False,2026-03,2026,1,True,False,False
6327505322239,1,160.36,111.75,69.7,100.0,D1,D5,Subscription,Other,SG,False,2024-06,2024,2,True,False,False
8343062544639,1,129.06,111.67,86.5,100.0,D1,D3,Subscription,Other,SG,True,2026-02,2026,3,True,False,False
8335227355391,1,149.6,111.64,74.6,100.0,D1,D3,Direct / Organic,Collagen Glow,SG,False,2025-09,2025,3,True,False,False
7825248059647,1,132.34,111.54,84.3,100.0,D1,D4,Direct / Organic,Lean Protein,SG,False,2025-01,2025,2,True,False,False
8348116812031,1,128.9,111.18,86.3,100.0,D1,D3,Direct / Organic,Accessories,SG,False,2025-09,2025,3,True,False,False
7756034146559,3,189.27,111.07,58.7,61.1,D1,D1,Direct / Organic,Unknown,MY,False,2022-05,2022,2,True,True,True
6592949715199,1,161.64,111.05,68.7,83.4,D1,D5,Subscription,Collagen Glow,SG,False,2023-03,2023,3,True,False,False
8130705981695,2,154.1,110.97,72.0,100.0,D1,D1,Subscription,Clear Protein,SG,True,2025-06,2025,2,True,True,True
7735604707583,2,160.7,110.91,69.0,100.0,D1,D2,Subscription,Lean Protein,SG,False,2024-12,2024,2,True,False,False
7756423495935,2,148.34,110.9,74.8,100.0,D1,D1,Direct / Organic,Collagen Glow,MY,False,2024-05,2024,1,True,True,True
8337910989055,2,136.29,110.83,81.3,100.0,D1,D1,Subscription,Other,SG,True,2025-09,2025,3,True,True,True
7341024936191,1,129.0,110.54,85.7,100.0,D1,D5,Direct / Organic,Accessories,SG,False,2025-09,2025,2,True,False,False
8312191123711,1,129.0,110.54,85.7,100.0,D1,D3,Direct / Organic,Clear Protein,SG,False,2025-09,2025,2,True,False,False
8714975674623,1,148.9,110.54,74.2,100.0,D1,D2,Direct / Organic,Clear Protein,SG,False,2026-01,2026,2,True,False,False
7756037390591,2,281.45,110.4,39.2,0.0,D1,D1,Direct / Organic,Unknown,MY,False,2022-03,2022,1,True,True,True
7756361367807,2,236.82,110.22,46.5,100.0,D1,D1,Subscription,Other,MY,True,2023-05,2023,3,True,True,True
8862032593151,1,164.78,110.07,66.8,100.0,D1,D2,Subscription,Lean Protein,SG,True,2026-03,2026,2,True,False,False
7756457541887,2,159.01,110.06,69.2,100.0,D1,D1,Direct / Organic,Clear Protein,MY,False,2024-08,2024,2,True,True,True
8242684559615,1,126.48,110.02,87.0,100.0,D1,D3,Direct / Organic,Accessories,SG,False,2025-08,2025,3,True,False,False
8324492656895,1,128.9,110.02,85.4,100.0,D1,D3,Direct / Organic,Accessories,SG,False,2025-09,2025,3,True,False,False
7755938726143,12,367.45,109.95,29.9,100.0,D1,D1,Subscription,Other,MY,True,2024-03,2024,2,True,True,True
7756468355327,1,122.56,109.45,89.3,100.0,D1,D4,Direct / Organic,Clear Protein,MY,False,2024-09,2024,2,True,False,False
8251601027327,1,148.8,109.39,73.5,100.0,D1,D3,Direct / Organic,Lean Protein,SG,False,2025-08,2025,3,True,False,False
8294475825407,1,148.8,109.39,73.5,100.0,D1,D3,Direct / Organic,Accessories,SG,False,2025-08,2025,3,True,False,False
7897447629055,1,137.5,109.19,79.4,100.0,D1,D3,Email,Clear Protein,SG,False,2026-03,2026,2,True,False,False
8714014359807,3,160.82,108.78,67.6,100.0,D1,D1,Subscription,Lean Protein,SG,True,2026-01,2026,1,True,True,True
6820808163583,5,207.6,108.76,52.4,84.9,D1,D1,Subscription,Unknown,SG,True,2023-09,2023,2,True,True,True
8792260149503,1,135.24,108.71,80.4,100.0,D1,D2,Direct / Organic,Lean Protein,SG,False,2026-02,2026,3,True,False,False
7756429492479,2,139.09,108.68,78.1,100.0,D1,D1,Direct / Organic,Other,MY,False,2024-05,2024,2,True,True,True
6329870385407,2,281.41,108.64,38.6,0.0,D1,D2,Subscription,Unknown,SG,False,2022-03,2022,1,True,False,False
8696541905151,1,135.14,108.59,80.4,100.0,D1,D2,Email,Lean Protein,SG,False,2026-02,2026,3,True,False,False
6631997964543,2,191.02,108.59,56.8,75.0,D1,D2,Subscription,Other,SG,True,2023-04,2023,2,True,False,False
7756468027647,3,149.89,108.48,72.4,100.0,D1,D1,Direct / Organic,Other,MY,True,2024-09,2024,2,True,True,True
7756468486399,2,127.11,108.44,85.3,100.0,D1,D1,Direct / Organic,Lean Protein,MY,True,2024-09,2024,2,True,True,True
7963787067647,2,134.1,107.88,80.4,100.0,D1,D1,Paid Social,Unknown,SG,False,2025-04,2025,3,True,True,True
7756185796863,1,134.54,107.87,80.2,100.0,D1,D4,Email,Lean Protein,SG,False,2026-02,2026,3,True,False,False
8881050845439,1,149.87,107.23,71.5,100.0,D1,D2,Direct / Organic,Clear Protein,SG,False,2026-03,2026,3,True,False,False
7862649389311,1,130.58,107.01,81.9,100.0,D1,D3,Direct / Organic,Lean Protein,SG,False,2025-02,2025,2,True,False,False
8829393436927,1,149.63,106.95,71.5,100.0,D1,D2,Subscription,Clear Protein,SG,True,2026-03,2026,2,True,False,False
6328277893375,2,203.76,106.83,52.4,100.0,D1,D2,Subscription,Other,SG,True,2023-06,2023,1,True,False,False
7168908230911,3,173.25,106.83,61.7,79.2,D1,D1,Subscription,Clear Protein,SG,False,2024-04,2024,4,True,True,True
6880733135103,4,160.48,106.76,66.5,100.0,D1,D1,Subscription,Other,SG,True,2023-12,2023,3,True,True,True
6479260352767,2,109.31,106.75,97.7,100.0,D1,D2,Subscription,Other,SG,False,2022-12,2022,1,True,False,False
7159798726911,1,150.0,106.69,71.1,100.0,D1,D5,Subscription,Collagen Glow,SG,False,2024-04,2024,2,True,False,False
7476683997439,1,104.79,106.57,101.7,100.0,D1,D5,Subscription,Clear Protein,SG,False,2024-09,2024,2,True,False,False
8335390179583,1,129.0,106.57,82.6,100.0,D1,D3,Direct / Organic,Accessories,SG,False,2025-09,2025,3,True,False,False
6329836175615,3,207.41,106.56,51.4,41.5,D1,D1,Subscription,Unknown,SG,False,2022-04,2022,3,True,True,True
7955250249983,2,159.74,106.49,66.7,100.0,D1,D1,Direct / Organic,Lean Protein,SG,False,2025-04,2025,5,True,True,True
7756009373951,4,294.28,106.41,36.2,53.3,D1,D1,Direct / Organic,Unknown,MY,True,2022-08,2022,2,True,True,True
7915596251391,2,156.39,106.24,67.9,100.0,D1,D1,Direct / Organic,Collagen Glow,SG,True,2025-03,2025,1,True,True,True
7829327708415,3,166.21,106.22,63.9,100.0,D1,D1,Direct / Organic,Clear Protein,MY,True,2025-01,2025,2,True,True,True
7136595673343,2,136.85,106.04,77.5,100.0,D1,D2,Subscription,Other,SG,False,2024-03,2024,2,True,False,False
7888540107007,2,129.2,105.74,81.8,100.0,D1,D1,Subscription,Accessories,SG,True,2025-09,2025,2,True,True,True
7756031361279,2,269.56,105.64,39.2,0.0,D1,D1,Direct / Organic,Unknown,MY,False,2022-06,2022,1,True,True,True
7756040634623,1,264.11,105.64,40.0,0.0,D1,D4,Direct / Organic,Unknown,MY,False,2022-03,2022,1,True,False,False
7729333272831,3,161.73,105.3,65.1,100.0,D1,D1,Subscription,Lean Protein,SG,True,2024-12,2024,1,True,True,True
7756260573439,2,163.42,105.29,64.4,100.0,D1,D1,Direct / Organic,Other,MY,True,2022-12,2022,2,True,True,True
7756467208447,2,160.36,105.19,65.6,100.0,D1,D1,Subscription,Clear Protein,MY,True,2024-09,2024,1,True,True,True
8074346168575,1,127.24,105.1,82.6,100.0,D1,D3,Direct / Organic,Lean Protein,SG,False,2025-05,2025,2,True,False,False
7756383486207,3,231.67,105.07,45.4,100.0,D1,D1,Subscription,Other,MY,True,2023-10,2023,2,True,True,True
6373099667711,1,150.34,104.98,69.8,100.0,D1,D5,Subscription,Accessories,SG,False,2022-10,2022,2,True,False,False
7113347105023,2,153.62,104.73,68.2,100.0,D1,D2,Subscription,Other,SG,False,2024-03,2024,3,True,False,False
7884672827647,2,153.51,104.73,68.2,100.0,D1,D1,Direct / Organic,Other,SG,False,2025-03,2025,2,True,True,True
7756362645759,1,147.16,104.58,71.1,100.0,D1,D4,Direct / Organic,Other,MY,False,2023-06,2023,1,True,False,False
7478289858815,2,130.66,104.5,80.0,100.0,D1,D2,Subscription,Clear Protein,SG,True,2024-09,2024,2,True,False,False
8696770265343,1,141.04,104.26,73.9,100.0,D1,D2,Direct / Organic,Clear Protein,SG,False,2026-01,2026,1,True,False,False
7756019532031,2,265.53,104.03,39.2,0.0,D1,D2,Direct / Organic,Unknown,MY,False,2022-08,2022,1,True,False,False
8333431931135,1,140.76,103.98,73.9,100.0,D1,D3,Direct / Organic,Accessories,SG,False,2025-09,2025,1,True,False,False
7522847850751,1,104.79,103.95,99.2,100.0,D1,D5,Subscription,Other,SG,False,2024-09,2024,4,True,False,False
8283591377151,1,134.0,103.87,77.5,100.0,D1,D3,Direct / Organic,Clear Protein,SG,False,2025-08,2025,3,True,False,False
6698931585279,4,177.9,103.83,58.4,100.0,D1,D1,Subscription,Other,SG,True,2023-08,2023,2,True,True,True
7756393611519,1,104.41,103.81,99.4,100.0,D1,D4,Direct / Organic,Other,MY,False,2023-12,2023,1,True,False,False
8761249235199,2,114.5,103.75,90.6,100.0,D1,D1,Direct / Organic,Accessories,SG,False,2026-02,2026,3,True,True,True
8087298408703,1,126.7,103.7,81.8,100.0,D1,D3,Subscription,Lean Protein,SG,True,2025-05,2025,2,True,False,False
7756018319615,5,225.42,103.63,46.0,42.0,D1,D1,Direct / Organic,Unknown,MY,False,2022-01,2022,2,True,True,True
7756485230847,1,132.73,103.43,77.9,100.0,D1,D4,Direct / Organic,Accessories,MY,False,2024-12,2024,2,True,False,False
