customer_id,order_freq_decile,finals_orders,days_to_second,days_to_third,days_2nd_to_3rd,lifespan_days,recency_days,recency_status,first_order_date,last_order_date
7756044599551,D1,2,22.0,,,22,1545,Likely churned,2022-01-13 16:00:00+00:00,2022-02-04 16:00:00+00:00
7756032868607,D4,1,,,,0,1428,Likely churned,2022-06-01 16:00:00+00:00,2022-06-01 16:00:00+00:00
8712766128383,D2,1,,,,0,96,At-risk,2026-01-23 16:00:00+00:00,2026-01-23 16:00:00+00:00
7964005826815,D1,2,62.0,,,62,316,Likely churned,2025-04-16 16:00:00+00:00,2025-06-17 16:00:00+00:00
7958758916351,D3,1,,,,0,381,Likely churned,2025-04-13 16:00:00+00:00,2025-04-13 16:00:00+00:00
7958759211263,D3,1,,,,0,381,Likely churned,2025-04-13 16:00:00+00:00,2025-04-13 16:00:00+00:00
7973381570815,D3,1,,,,0,372,Likely churned,2025-04-22 16:00:00+00:00,2025-04-22 16:00:00+00:00
7756015862015,D4,1,,,,0,1336,Likely churned,2022-09-01 16:00:00+00:00,2022-09-01 16:00:00+00:00
7756016681215,D4,1,,,,0,1339,Likely churned,2022-08-29 16:00:00+00:00,2022-08-29 16:00:00+00:00
7756432310527,D4,1,,,,0,700,Likely churned,2024-05-29 16:00:00+00:00,2024-05-29 16:00:00+00:00
7756379291903,D4,1,,,,0,966,Likely churned,2023-09-06 16:00:00+00:00,2023-09-06 16:00:00+00:00
7756379685119,D4,1,,,,0,969,Likely churned,2023-09-03 16:00:00+00:00,2023-09-03 16:00:00+00:00
7756380012799,D4,1,,,,0,966,Likely churned,2023-09-06 16:00:00+00:00,2023-09-06 16:00:00+00:00
7756382699775,D4,1,,,,0,948,Likely churned,2023-09-24 16:00:00+00:00,2023-09-24 16:00:00+00:00
7756385878271,D4,1,,,,0,923,Likely churned,2023-10-19 16:00:00+00:00,2023-10-19 16:00:00+00:00
7756386009343,D4,1,,,,0,921,Likely churned,2023-10-21 16:00:00+00:00,2023-10-21 16:00:00+00:00
8761459179775,D2,1,,,,0,82,Active,2026-02-06 16:00:00+00:00,2026-02-06 16:00:00+00:00
7756376965375,D4,1,,,,0,985,Likely churned,2023-08-18 16:00:00+00:00,2023-08-18 16:00:00+00:00
7756386435327,D4,1,,,,0,915,Likely churned,2023-10-27 16:00:00+00:00,2023-10-27 16:00:00+00:00
7755940462847,D5,1,,,,0,1344,Likely churned,2022-08-24 16:00:00+00:00,2022-08-24 16:00:00+00:00
7755966054655,D5,1,,,,0,1322,Likely churned,2022-09-15 16:00:00+00:00,2022-09-15 16:00:00+00:00
7756016255231,D4,1,,,,0,1337,Likely churned,2022-08-31 16:00:00+00:00,2022-08-31 16:00:00+00:00
7756016550143,D4,1,,,,0,1338,Likely churned,2022-08-30 16:00:00+00:00,2022-08-30 16:00:00+00:00
7756018155775,D4,1,,,,0,1353,Likely churned,2022-08-15 16:00:00+00:00,2022-08-15 16:00:00+00:00
7756019564799,D4,1,,,,0,1366,Likely churned,2022-08-02 16:00:00+00:00,2022-08-02 16:00:00+00:00
6336697958655,D5,1,,,,0,1556,Likely churned,2022-01-24 16:00:00+00:00,2022-01-24 16:00:00+00:00
7756375490815,D4,1,,,,0,966,Likely churned,2023-09-06 16:00:00+00:00,2023-09-06 16:00:00+00:00
7756038570239,D4,1,,,,0,1491,Likely churned,2022-03-30 16:00:00+00:00,2022-03-30 16:00:00+00:00
7756043223295,D4,1,,,,0,1533,Likely churned,2022-02-16 16:00:00+00:00,2022-02-16 16:00:00+00:00
7122183651583,D5,1,,,,0,779,Likely churned,2024-03-11 16:00:00+00:00,2024-03-11 16:00:00+00:00
7914981261567,D3,1,,,,0,405,Likely churned,2025-03-20 16:00:00+00:00,2025-03-20 16:00:00+00:00
8101182767359,D1,2,23.0,,,23,308,Likely churned,2025-06-02 16:00:00+00:00,2025-06-25 16:00:00+00:00
8055524688127,D3,1,,,,0,348,Likely churned,2025-05-16 16:00:00+00:00,2025-05-16 16:00:00+00:00
8097250345215,D3,1,,,,0,332,Likely churned,2025-06-01 16:00:00+00:00,2025-06-01 16:00:00+00:00
7755949506815,D2,2,0.0,,,0,1514,Likely churned,2022-03-07 16:00:00+00:00,2022-03-07 16:00:00+00:00
7829344321791,D3,1,,,,0,1431,Likely churned,2022-05-29 16:00:00+00:00,2022-05-29 16:00:00+00:00
6423593255167,D5,1,,,,0,1472,Likely churned,2022-04-18 16:00:00+00:00,2022-04-18 16:00:00+00:00
6329848496383,D2,2,11.0,,,11,1567,Likely churned,2022-01-02 16:00:00+00:00,2022-01-13 16:00:00+00:00
7155123814655,D5,1,,,,0,762,Likely churned,2024-03-28 16:00:00+00:00,2024-03-28 16:00:00+00:00
8369912414463,D2,1,,,,0,205,Likely churned,2025-10-06 16:00:00+00:00,2025-10-06 16:00:00+00:00
8476172157183,D2,1,,,,0,186,Likely churned,2025-10-25 16:00:00+00:00,2025-10-25 16:00:00+00:00
8595943260415,D2,1,,,,0,144,At-risk,2025-12-06 16:00:00+00:00,2025-12-06 16:00:00+00:00
8761487556863,D2,1,,,,0,82,Active,2026-02-06 16:00:00+00:00,2026-02-06 16:00:00+00:00
8761534906623,D2,1,,,,0,82,Active,2026-02-06 16:00:00+00:00,2026-02-06 16:00:00+00:00
8761555124479,D2,1,,,,0,82,Active,2026-02-06 16:00:00+00:00,2026-02-06 16:00:00+00:00
8790428057855,D2,1,,,,0,69,Active,2026-02-19 16:00:00+00:00,2026-02-19 16:00:00+00:00
8857631686911,D2,1,,,,0,42,Active,2026-03-18 16:00:00+00:00,2026-03-18 16:00:00+00:00
7756031492351,D1,2,1.0,,,1,1426,Likely churned,2022-06-02 16:00:00+00:00,2022-06-03 16:00:00+00:00
7756438241535,D4,1,,,,0,678,Likely churned,2024-06-20 16:00:00+00:00,2024-06-20 16:00:00+00:00
7756361695487,D4,1,,,,0,1076,Likely churned,2023-05-19 16:00:00+00:00,2023-05-19 16:00:00+00:00
7756017336575,D4,1,,,,0,1343,Likely churned,2022-08-25 16:00:00+00:00,2022-08-25 16:00:00+00:00
7756044665087,D4,1,,,,0,1548,Likely churned,2022-02-01 16:00:00+00:00,2022-02-01 16:00:00+00:00
7755940299007,D2,2,89.0,,,89,1457,Likely churned,2022-02-03 16:00:00+00:00,2022-05-03 16:00:00+00:00
8853291663615,D2,1,,,,0,44,Active,2026-03-16 16:00:00+00:00,2026-03-16 16:00:00+00:00
7756039717119,D4,1,,,,0,1508,Likely churned,2022-03-13 16:00:00+00:00,2022-03-13 16:00:00+00:00
8830565548287,D2,1,,,,0,54,Active,2026-03-06 16:00:00+00:00,2026-03-06 16:00:00+00:00
7756034375935,D4,1,,,,0,1442,Likely churned,2022-05-18 16:00:00+00:00,2022-05-18 16:00:00+00:00
6329631408383,D5,1,,,,0,1347,Likely churned,2022-08-21 16:00:00+00:00,2022-08-21 16:00:00+00:00
7756043845887,D1,2,0.0,,,0,1539,Likely churned,2022-02-10 16:00:00+00:00,2022-02-10 16:00:00+00:00
7756017139967,D4,1,,,,0,1342,Likely churned,2022-08-26 16:00:00+00:00,2022-08-26 16:00:00+00:00
7756028739839,D4,1,,,,0,1569,Likely churned,2022-01-11 16:00:00+00:00,2022-01-11 16:00:00+00:00
7756037521663,D4,1,,,,0,1477,Likely churned,2022-04-13 16:00:00+00:00,2022-04-13 16:00:00+00:00
7756032671999,D4,1,,,,0,1428,Likely churned,2022-06-01 16:00:00+00:00,2022-06-01 16:00:00+00:00
7756032803071,D4,1,,,,0,1428,Likely churned,2022-06-01 16:00:00+00:00,2022-06-01 16:00:00+00:00
6329618006271,D5,1,,,,0,1523,Likely churned,2022-02-26 16:00:00+00:00,2022-02-26 16:00:00+00:00
7755916542207,D5,1,,,,0,1564,Likely churned,2022-01-16 16:00:00+00:00,2022-01-16 16:00:00+00:00
7756021465343,D2,2,61.0,,,61,1426,Likely churned,2022-04-03 16:00:00+00:00,2022-06-03 16:00:00+00:00
7756044402943,D4,1,,,,0,1543,Likely churned,2022-02-06 16:00:00+00:00,2022-02-06 16:00:00+00:00
7756040339711,D4,1,,,,0,1518,Likely churned,2022-03-03 16:00:00+00:00,2022-03-03 16:00:00+00:00
8657032413439,D2,1,,,,0,122,At-risk,2025-12-28 16:00:00+00:00,2025-12-28 16:00:00+00:00
6327703240959,D5,1,,,,0,1344,Likely churned,2022-08-24 16:00:00+00:00,2022-08-24 16:00:00+00:00
6328266129663,D5,1,,,,0,1340,Likely churned,2022-08-28 16:00:00+00:00,2022-08-28 16:00:00+00:00
6328303943935,D5,1,,,,0,1345,Likely churned,2022-08-23 16:00:00+00:00,2022-08-23 16:00:00+00:00
8644783702271,D2,1,,,,0,128,At-risk,2025-12-22 16:00:00+00:00,2025-12-22 16:00:00+00:00
7755979129087,D4,1,,,,0,1400,Likely churned,2022-06-29 16:00:00+00:00,2022-06-29 16:00:00+00:00
7756422938879,D4,1,,,,0,730,Likely churned,2024-04-29 16:00:00+00:00,2024-04-29 16:00:00+00:00
8898942533887,D2,1,,,,0,32,Active,2026-03-28 16:00:00+00:00,2026-03-28 16:00:00+00:00
8693529247999,D2,1,,,,0,105,At-risk,2026-01-14 16:00:00+00:00,2026-01-14 16:00:00+00:00
7755974344959,D4,1,,,,0,1472,Likely churned,2022-04-18 16:00:00+00:00,2022-04-18 16:00:00+00:00
7756001902847,D4,1,,,,0,1341,Likely churned,2022-08-27 16:00:00+00:00,2022-08-27 16:00:00+00:00
7756016287999,D4,1,,,,0,1337,Likely churned,2022-08-31 16:00:00+00:00,2022-08-31 16:00:00+00:00
7756037685503,D4,1,,,,0,1478,Likely churned,2022-04-12 16:00:00+00:00,2022-04-12 16:00:00+00:00
7756038144255,D4,1,,,,0,1485,Likely churned,2022-04-05 16:00:00+00:00,2022-04-05 16:00:00+00:00
7756039782655,D4,1,,,,0,1513,Likely churned,2022-03-08 16:00:00+00:00,2022-03-08 16:00:00+00:00
7756041715967,D4,1,,,,0,1521,Likely churned,2022-02-28 16:00:00+00:00,2022-02-28 16:00:00+00:00
8080407593215,D3,1,,,,0,338,Likely churned,2025-05-26 16:00:00+00:00,2025-05-26 16:00:00+00:00
8136331428095,D3,1,,,,0,318,Likely churned,2025-06-15 16:00:00+00:00,2025-06-15 16:00:00+00:00
6327638491391,D5,1,,,,0,1423,Likely churned,2022-06-06 16:00:00+00:00,2022-06-06 16:00:00+00:00
6423239360767,D5,1,,,,0,1422,Likely churned,2022-06-07 16:00:00+00:00,2022-06-07 16:00:00+00:00
7756044828927,D1,2,0.0,,,0,1553,Likely churned,2022-01-27 16:00:00+00:00,2022-01-27 16:00:00+00:00
7756033425663,D4,1,,,,0,1436,Likely churned,2022-05-24 16:00:00+00:00,2022-05-24 16:00:00+00:00
8353015988479,D3,1,,,,0,213,Likely churned,2025-09-28 16:00:00+00:00,2025-09-28 16:00:00+00:00
8337971413247,D3,1,,,,0,222,Likely churned,2025-09-19 16:00:00+00:00,2025-09-19 16:00:00+00:00
6328246960383,D5,1,,,,0,1342,Likely churned,2022-08-26 16:00:00+00:00,2022-08-26 16:00:00+00:00
6423594598655,D5,1,,,,0,1482,Likely churned,2022-04-08 16:00:00+00:00,2022-04-08 16:00:00+00:00
7756415697151,D4,1,,,,0,757,Likely churned,2024-04-02 16:00:00+00:00,2024-04-02 16:00:00+00:00
7756416975103,D4,1,,,,0,753,Likely churned,2024-04-06 16:00:00+00:00,2024-04-06 16:00:00+00:00
8333338870015,D3,1,,,,0,225,Likely churned,2025-09-16 16:00:00+00:00,2025-09-16 16:00:00+00:00
8333341917439,D3,1,,,,0,225,Likely churned,2025-09-16 16:00:00+00:00,2025-09-16 16:00:00+00:00
8704501580031,D2,1,,,,0,100,At-risk,2026-01-19 16:00:00+00:00,2026-01-19 16:00:00+00:00
8712013512959,D2,1,,,,0,96,At-risk,2026-01-23 16:00:00+00:00,2026-01-23 16:00:00+00:00
8712121778431,D2,1,,,,0,96,At-risk,2026-01-23 16:00:00+00:00,2026-01-23 16:00:00+00:00
8713560162559,D2,1,,,,0,95,At-risk,2026-01-24 16:00:00+00:00,2026-01-24 16:00:00+00:00
8714151526655,D2,1,,,,0,95,At-risk,2026-01-24 16:00:00+00:00,2026-01-24 16:00:00+00:00
8718409695487,D2,1,,,,0,93,At-risk,2026-01-26 16:00:00+00:00,2026-01-26 16:00:00+00:00
8728687378687,D2,1,,,,0,88,Active,2026-01-31 16:00:00+00:00,2026-01-31 16:00:00+00:00
8749442302207,D2,1,,,,0,84,Active,2026-02-04 16:00:00+00:00,2026-02-04 16:00:00+00:00
8761373196543,D2,1,,,,0,82,Active,2026-02-06 16:00:00+00:00,2026-02-06 16:00:00+00:00
8833190265087,D2,1,,,,0,53,Active,2026-03-07 16:00:00+00:00,2026-03-07 16:00:00+00:00
8840257175807,D2,1,,,,0,50,Active,2026-03-10 16:00:00+00:00,2026-03-10 16:00:00+00:00
8842018816255,D2,1,,,,0,48,Active,2026-03-12 16:00:00+00:00,2026-03-12 16:00:00+00:00
8847873147135,D2,1,,,,0,46,Active,2026-03-14 16:00:00+00:00,2026-03-14 16:00:00+00:00
8857318129919,D2,1,,,,0,43,Active,2026-03-17 16:00:00+00:00,2026-03-17 16:00:00+00:00
8869226938623,D2,1,,,,0,38,Active,2026-03-22 16:00:00+00:00,2026-03-22 16:00:00+00:00
8904588067071,D2,1,,,,0,30,Active,2026-03-30 16:00:00+00:00,2026-03-30 16:00:00+00:00
7756260278527,D4,1,,,,0,1213,Likely churned,2023-01-02 16:00:00+00:00,2023-01-02 16:00:00+00:00
7756264210687,D4,1,,,,0,1213,Likely churned,2023-01-02 16:00:00+00:00,2023-01-02 16:00:00+00:00
7756265521407,D4,1,,,,0,1201,Likely churned,2023-01-14 16:00:00+00:00,2023-01-14 16:00:00+00:00
7756265783551,D4,1,,,,0,1199,Likely churned,2023-01-16 16:00:00+00:00,2023-01-16 16:00:00+00:00
7756299960575,D4,1,,,,0,729,Likely churned,2024-04-30 16:00:00+00:00,2024-04-30 16:00:00+00:00
7756350226687,D4,1,,,,0,1154,Likely churned,2023-03-02 16:00:00+00:00,2023-03-02 16:00:00+00:00
7756350488831,D4,1,,,,0,1153,Likely churned,2023-03-03 16:00:00+00:00,2023-03-03 16:00:00+00:00
7756354027775,D4,1,,,,0,1142,Likely churned,2023-03-14 16:00:00+00:00,2023-03-14 16:00:00+00:00
7756354093311,D4,1,,,,0,1141,Likely churned,2023-03-15 16:00:00+00:00,2023-03-15 16:00:00+00:00
7756358025471,D4,1,,,,0,1124,Likely churned,2023-04-01 16:00:00+00:00,2023-04-01 16:00:00+00:00
7756360188159,D4,1,,,,0,1094,Likely churned,2023-05-01 16:00:00+00:00,2023-05-01 16:00:00+00:00
7756397445375,D4,1,,,,0,833,Likely churned,2024-01-17 16:00:00+00:00,2024-01-17 16:00:00+00:00
7756398166271,D4,1,,,,0,858,Likely churned,2023-12-23 16:00:00+00:00,2023-12-23 16:00:00+00:00
7756460196095,D4,1,,,,0,613,Likely churned,2024-08-24 16:00:00+00:00,2024-08-24 16:00:00+00:00
7756461932799,D4,1,,,,0,607,Likely churned,2024-08-30 16:00:00+00:00,2024-08-30 16:00:00+00:00
7756473860351,D4,1,,,,0,563,Likely churned,2024-10-13 16:00:00+00:00,2024-10-13 16:00:00+00:00
7756477333759,D4,1,,,,0,547,Likely churned,2024-10-29 16:00:00+00:00,2024-10-29 16:00:00+00:00
6327607001343,D2,2,0.0,,,0,1360,Likely churned,2022-08-08 16:00:00+00:00,2022-08-08 16:00:00+00:00
8801983463679,D2,1,,,,0,64,Active,2026-02-24 16:00:00+00:00,2026-02-24 16:00:00+00:00
7756038799615,D4,1,,,,0,1495,Likely churned,2022-03-26 16:00:00+00:00,2022-03-26 16:00:00+00:00
7756045418751,D4,1,,,,0,1561,Likely churned,2022-01-19 16:00:00+00:00,2022-01-19 16:00:00+00:00
7756041814271,D4,1,,,,0,1521,Likely churned,2022-02-28 16:00:00+00:00,2022-02-28 16:00:00+00:00
7756031525119,D4,1,,,,0,1426,Likely churned,2022-06-03 16:00:00+00:00,2022-06-03 16:00:00+00:00
7756042797311,D4,1,,,,0,1530,Likely churned,2022-02-19 16:00:00+00:00,2022-02-19 16:00:00+00:00
7756018123007,D4,1,,,,0,1356,Likely churned,2022-08-12 16:00:00+00:00,2022-08-12 16:00:00+00:00
7756421267711,D1,2,58.0,,,58,672,Likely churned,2024-04-29 16:00:00+00:00,2024-06-26 16:00:00+00:00
8809900736767,D2,1,,,,0,62,Active,2026-02-26 16:00:00+00:00,2026-02-26 16:00:00+00:00
7756388237567,D4,1,,,,0,870,Likely churned,2023-12-11 16:00:00+00:00,2023-12-11 16:00:00+00:00
7756403441919,D4,1,,,,0,800,Likely churned,2024-02-19 16:00:00+00:00,2024-02-19 16:00:00+00:00
7756405604607,D4,1,,,,0,818,Likely churned,2024-02-01 16:00:00+00:00,2024-02-01 16:00:00+00:00
8800135348479,D2,1,,,,0,65,Active,2026-02-23 16:00:00+00:00,2026-02-23 16:00:00+00:00
6329873694975,D5,1,,,,0,1579,Likely churned,2022-01-01 16:00:00+00:00,2022-01-01 16:00:00+00:00
8733017506047,D2,1,,,,0,86,Active,2026-02-02 16:00:00+00:00,2026-02-02 16:00:00+00:00
8761795346687,D2,1,,,,0,82,Active,2026-02-06 16:00:00+00:00,2026-02-06 16:00:00+00:00
8763563245823,D2,1,,,,0,81,Active,2026-02-07 16:00:00+00:00,2026-02-07 16:00:00+00:00
7756422676735,D4,1,,,,0,731,Likely churned,2024-04-28 16:00:00+00:00,2024-04-28 16:00:00+00:00
8905018802431,D2,1,,,,0,30,Active,2026-03-30 16:00:00+00:00,2026-03-30 16:00:00+00:00
8821927051519,D2,1,,,,0,57,Active,2026-03-03 16:00:00+00:00,2026-03-03 16:00:00+00:00
6327659954431,D5,1,,,,0,1532,Likely churned,2022-02-17 16:00:00+00:00,2022-02-17 16:00:00+00:00
8877755302143,D2,1,,,,0,30,Active,2026-03-30 16:00:00+00:00,2026-03-30 16:00:00+00:00
8904403845375,D2,1,,,,0,30,Active,2026-03-30 16:00:00+00:00,2026-03-30 16:00:00+00:00
6329613844735,D5,1,,,,0,1567,Likely churned,2022-01-13 16:00:00+00:00,2022-01-13 16:00:00+00:00
8170748444927,D3,1,,,,0,303,Likely churned,2025-06-30 16:00:00+00:00,2025-06-30 16:00:00+00:00
8718015594751,D2,1,,,,0,93,At-risk,2026-01-26 16:00:00+00:00,2026-01-26 16:00:00+00:00
8061733208319,D3,1,,,,20,326,Likely churned,2025-05-18 16:00:00+00:00,2025-06-07 16:00:00+00:00
7756409471231,D4,1,,,,0,791,Likely churned,2024-02-28 16:00:00+00:00,2024-02-28 16:00:00+00:00
8014419394815,D3,1,,,,0,360,Likely churned,2025-05-04 16:00:00+00:00,2025-05-04 16:00:00+00:00
8077293191423,D3,1,,,,0,340,Likely churned,2025-05-24 16:00:00+00:00,2025-05-24 16:00:00+00:00
8090155057407,D3,1,,,,0,336,Likely churned,2025-05-28 16:00:00+00:00,2025-05-28 16:00:00+00:00
7756413731071,D1,2,27.0,,,27,738,Likely churned,2024-03-25 16:00:00+00:00,2024-04-21 16:00:00+00:00
8287226429695,D3,1,,,,0,248,Likely churned,2025-08-24 16:00:00+00:00,2025-08-24 16:00:00+00:00
8287233278207,D3,1,,,,0,248,Likely churned,2025-08-24 16:00:00+00:00,2025-08-24 16:00:00+00:00
7756377620735,D4,1,,,,0,978,Likely churned,2023-08-25 16:00:00+00:00,2023-08-25 16:00:00+00:00
7755930403071,D5,1,,,,0,1455,Likely churned,2022-05-05 16:00:00+00:00,2022-05-05 16:00:00+00:00
7756035391743,D4,1,,,,0,1455,Likely churned,2022-05-05 16:00:00+00:00,2022-05-05 16:00:00+00:00
6336759955711,D5,1,,,,0,1085,Likely churned,2023-05-10 16:00:00+00:00,2023-05-10 16:00:00+00:00
6601910911231,D5,1,,,,0,1143,Likely churned,2023-03-13 16:00:00+00:00,2023-03-13 16:00:00+00:00
6700602786047,D5,1,,,,0,1050,Likely churned,2023-06-14 16:00:00+00:00,2023-06-14 16:00:00+00:00
8588209455359,D2,1,,,,0,147,At-risk,2025-12-03 16:00:00+00:00,2025-12-03 16:00:00+00:00
7756206735615,D4,1,,,,0,629,Likely churned,2024-08-08 16:00:00+00:00,2024-08-08 16:00:00+00:00
7756457935103,D4,1,,,,0,625,Likely churned,2024-08-12 16:00:00+00:00,2024-08-12 16:00:00+00:00
7756001378559,D4,1,,,,0,1457,Likely churned,2022-05-03 16:00:00+00:00,2022-05-03 16:00:00+00:00
8486535069951,D2,1,,,,0,181,Likely churned,2025-10-30 16:00:00+00:00,2025-10-30 16:00:00+00:00
7967214207231,D3,1,,,,0,226,Likely churned,2025-09-15 16:00:00+00:00,2025-09-15 16:00:00+00:00
6336747012351,D5,1,,,,0,1542,Likely churned,2022-02-07 16:00:00+00:00,2022-02-07 16:00:00+00:00
7755975950591,D4,1,,,,0,1463,Likely churned,2022-04-27 16:00:00+00:00,2022-04-27 16:00:00+00:00
7756260147455,D4,1,,,,0,1245,Likely churned,2022-12-01 16:00:00+00:00,2022-12-01 16:00:00+00:00
7756261687551,D4,1,,,,0,1234,Likely churned,2022-12-12 16:00:00+00:00,2022-12-12 16:00:00+00:00
7756262539519,D4,1,,,,0,1223,Likely churned,2022-12-23 16:00:00+00:00,2022-12-23 16:00:00+00:00
7756263555327,D4,1,,,,0,1219,Likely churned,2022-12-27 16:00:00+00:00,2022-12-27 16:00:00+00:00
7756263751935,D4,1,,,,0,1216,Likely churned,2022-12-30 16:00:00+00:00,2022-12-30 16:00:00+00:00
7756264407295,D4,1,,,,0,1212,Likely churned,2023-01-03 16:00:00+00:00,2023-01-03 16:00:00+00:00
7756265947391,D4,1,,,,0,1198,Likely churned,2023-01-17 16:00:00+00:00,2023-01-17 16:00:00+00:00
7756348326143,D4,1,,,,0,1169,Likely churned,2023-02-15 16:00:00+00:00,2023-02-15 16:00:00+00:00
7756355633407,D4,1,,,,0,1133,Likely churned,2023-03-23 16:00:00+00:00,2023-03-23 16:00:00+00:00
7756360089855,D4,1,,,,0,1094,Likely churned,2023-05-01 16:00:00+00:00,2023-05-01 16:00:00+00:00
8109927891199,D3,1,,,,0,328,Likely churned,2025-06-05 16:00:00+00:00,2025-06-05 16:00:00+00:00
6423605018879,D2,2,6.0,,,6,1540,Likely churned,2022-02-03 16:00:00+00:00,2022-02-09 16:00:00+00:00
7756018221311,D4,1,,,,0,1355,Likely churned,2022-08-13 16:00:00+00:00,2022-08-13 16:00:00+00:00
7756034015487,D4,1,,,,0,1440,Likely churned,2022-05-20 16:00:00+00:00,2022-05-20 16:00:00+00:00
7756035883263,D4,1,,,,0,1460,Likely churned,2022-04-30 16:00:00+00:00,2022-04-30 16:00:00+00:00
8712621621503,D2,1,,,,0,96,At-risk,2026-01-23 16:00:00+00:00,2026-01-23 16:00:00+00:00
7756045746431,D4,1,,,,0,1563,Likely churned,2022-01-17 16:00:00+00:00,2022-01-17 16:00:00+00:00
7756034769151,D4,1,,,,0,1450,Likely churned,2022-05-10 16:00:00+00:00,2022-05-10 16:00:00+00:00
7970622636287,D3,1,,,,0,374,Likely churned,2025-04-20 16:00:00+00:00,2025-04-20 16:00:00+00:00
8593133437183,D2,1,,,,0,145,At-risk,2025-12-05 16:00:00+00:00,2025-12-05 16:00:00+00:00
7881587589375,D3,1,,,,0,384,Likely churned,2025-04-10 16:00:00+00:00,2025-04-10 16:00:00+00:00
7958775333119,D3,1,,,,0,381,Likely churned,2025-04-13 16:00:00+00:00,2025-04-13 16:00:00+00:00
7967143395583,D3,1,,,,0,376,Likely churned,2025-04-18 16:00:00+00:00,2025-04-18 16:00:00+00:00
7969879949567,D3,1,,,,0,374,Likely churned,2025-04-20 16:00:00+00:00,2025-04-20 16:00:00+00:00
8027339292927,D3,1,,,,0,357,Likely churned,2025-05-07 16:00:00+00:00,2025-05-07 16:00:00+00:00
7756037980415,D4,1,,,,0,1484,Likely churned,2022-04-06 16:00:00+00:00,2022-04-06 16:00:00+00:00
7842117648639,D3,1,,,,0,415,Likely churned,2025-03-10 16:00:00+00:00,2025-03-10 16:00:00+00:00
8276771406079,D3,1,,,,0,252,Likely churned,2025-08-20 16:00:00+00:00,2025-08-20 16:00:00+00:00
8279784784127,D3,1,,,,0,251,Likely churned,2025-08-21 16:00:00+00:00,2025-08-21 16:00:00+00:00
7756000035071,D4,1,,,,0,1343,Likely churned,2022-08-25 16:00:00+00:00,2022-08-25 16:00:00+00:00
7756009177343,D4,1,,,,0,1463,Likely churned,2022-04-27 16:00:00+00:00,2022-04-27 16:00:00+00:00
7756033261823,D4,1,,,,0,1435,Likely churned,2022-05-25 16:00:00+00:00,2022-05-25 16:00:00+00:00
7756035653887,D4,1,,,,0,1458,Likely churned,2022-05-02 16:00:00+00:00,2022-05-02 16:00:00+00:00
6329868943615,D5,1,,,,0,1531,Likely churned,2022-02-18 16:00:00+00:00,2022-02-18 16:00:00+00:00
6423602168063,D5,1,,,,0,1530,Likely churned,2022-02-19 16:00:00+00:00,2022-02-19 16:00:00+00:00
8079974039807,D3,1,,,,0,339,Likely churned,2025-05-25 16:00:00+00:00,2025-05-25 16:00:00+00:00
8079992914175,D1,2,4.0,,,4,335,Likely churned,2025-05-25 16:00:00+00:00,2025-05-29 16:00:00+00:00
8085305164031,D1,2,0.0,,,0,337,Likely churned,2025-05-27 16:00:00+00:00,2025-05-27 16:00:00+00:00
7756017238271,D4,1,,,,0,1343,Likely churned,2022-08-25 16:00:00+00:00,2022-08-25 16:00:00+00:00
6327759241471,D5,1,,,,0,1455,Likely churned,2022-05-05 16:00:00+00:00,2022-05-05 16:00:00+00:00
6329867763967,D5,1,,,,0,1346,Likely churned,2022-08-22 16:00:00+00:00,2022-08-22 16:00:00+00:00
6532503666943,D5,1,,,,0,1460,Likely churned,2022-04-30 16:00:00+00:00,2022-04-30 16:00:00+00:00
7949200654591,D1,2,30.0,,,30,356,Likely churned,2025-04-08 16:00:00+00:00,2025-05-08 16:00:00+00:00
7756380209407,D4,1,,,,0,951,Likely churned,2023-09-21 16:00:00+00:00,2023-09-21 16:00:00+00:00
7756015173887,D4,1,,,,0,1319,Likely churned,2022-09-18 16:00:00+00:00,2022-09-18 16:00:00+00:00
7756015468799,D4,1,,,,0,1326,Likely churned,2022-09-11 16:00:00+00:00,2022-09-11 16:00:00+00:00
7756018811135,D4,1,,,,0,1360,Likely churned,2022-08-08 16:00:00+00:00,2022-08-08 16:00:00+00:00
8484907942143,D2,1,,,,0,182,Likely churned,2025-10-29 16:00:00+00:00,2025-10-29 16:00:00+00:00
7756036767999,D4,1,,,,0,1466,Likely churned,2022-04-24 16:00:00+00:00,2022-04-24 16:00:00+00:00
6328261837055,D5,1,,,,0,1122,Likely churned,2023-04-03 16:00:00+00:00,2023-04-03 16:00:00+00:00
7964424962303,D3,1,,,,0,378,Likely churned,2025-04-16 16:00:00+00:00,2025-04-16 16:00:00+00:00
7756398919935,D4,1,,,,0,848,Likely churned,2024-01-02 16:00:00+00:00,2024-01-02 16:00:00+00:00
7756179079423,D4,1,,,,0,966,Likely churned,2023-09-06 16:00:00+00:00,2023-09-06 16:00:00+00:00
7756360974591,D4,1,,,,0,931,Likely churned,2023-10-11 16:00:00+00:00,2023-10-11 16:00:00+00:00
7756364513535,D4,1,,,,0,1044,Likely churned,2023-06-20 16:00:00+00:00,2023-06-20 16:00:00+00:00
7756365562111,D4,1,,,,0,1037,Likely churned,2023-06-27 16:00:00+00:00,2023-06-27 16:00:00+00:00
7756377260287,D4,1,,,,0,989,Likely churned,2023-08-14 16:00:00+00:00,2023-08-14 16:00:00+00:00
7756377686271,D4,1,,,,0,984,Likely churned,2023-08-19 16:00:00+00:00,2023-08-19 16:00:00+00:00
7756432277759,D4,1,,,,0,700,Likely churned,2024-05-29 16:00:00+00:00,2024-05-29 16:00:00+00:00
7756440568063,D4,1,,,,0,668,Likely churned,2024-06-30 16:00:00+00:00,2024-06-30 16:00:00+00:00
7756486344959,D4,1,,,,0,498,Likely churned,2024-12-17 16:00:00+00:00,2024-12-17 16:00:00+00:00
8437239283967,D2,1,,,,0,194,Likely churned,2025-10-17 16:00:00+00:00,2025-10-17 16:00:00+00:00
6601910845695,D5,1,,,,0,1129,Likely churned,2023-03-27 16:00:00+00:00,2023-03-27 16:00:00+00:00
6644874084607,D5,1,,,,0,1102,Likely churned,2023-04-23 16:00:00+00:00,2023-04-23 16:00:00+00:00
6423602823423,D2,2,1.0,,,1,1532,Likely churned,2022-02-16 16:00:00+00:00,2022-02-17 16:00:00+00:00
6329600966911,D2,2,0.0,,,0,1435,Likely churned,2022-05-25 16:00:00+00:00,2022-05-25 16:00:00+00:00
7756417270015,D4,1,,,,0,751,Likely churned,2024-04-08 16:00:00+00:00,2024-04-08 16:00:00+00:00
7756456689919,D4,1,,,,0,631,Likely churned,2024-08-06 16:00:00+00:00,2024-08-06 16:00:00+00:00
7756460327167,D4,1,,,,0,611,Likely churned,2024-08-26 16:00:00+00:00,2024-08-26 16:00:00+00:00
7756462063871,D4,1,,,,0,606,Likely churned,2024-08-31 16:00:00+00:00,2024-08-31 16:00:00+00:00
7756475728127,D4,1,,,,0,554,Likely churned,2024-10-22 16:00:00+00:00,2024-10-22 16:00:00+00:00
7756477104383,D4,1,,,,0,548,Likely churned,2024-10-28 16:00:00+00:00,2024-10-28 16:00:00+00:00
7756477563135,D4,1,,,,0,545,Likely churned,2024-10-31 16:00:00+00:00,2024-10-31 16:00:00+00:00
6334087627007,D5,1,,,,0,1547,Likely churned,2022-02-02 16:00:00+00:00,2022-02-02 16:00:00+00:00
6423594500351,D5,1,,,,0,1481,Likely churned,2022-04-09 16:00:00+00:00,2022-04-09 16:00:00+00:00
7756038897919,D4,1,,,,0,1498,Likely churned,2022-03-23 16:00:00+00:00,2022-03-23 16:00:00+00:00
7756039291135,D4,1,,,,0,1501,Likely churned,2022-03-20 16:00:00+00:00,2022-03-20 16:00:00+00:00
6334081433855,D5,1,,,,0,1407,Likely churned,2022-06-22 16:00:00+00:00,2022-06-22 16:00:00+00:00
7845554127103,D3,1,,,,0,434,Likely churned,2025-02-19 16:00:00+00:00,2025-02-19 16:00:00+00:00
7851713364223,D3,1,,,,0,437,Likely churned,2025-02-16 16:00:00+00:00,2025-02-16 16:00:00+00:00
7756017697023,D4,1,,,,0,1349,Likely churned,2022-08-19 16:00:00+00:00,2022-08-19 16:00:00+00:00
8028146925823,D3,1,,,,0,310,Likely churned,2025-06-23 16:00:00+00:00,2025-06-23 16:00:00+00:00
8108890456319,D3,1,,,,0,303,Likely churned,2025-06-30 16:00:00+00:00,2025-06-30 16:00:00+00:00
8168451309823,D3,1,,,,0,304,Likely churned,2025-06-29 16:00:00+00:00,2025-06-29 16:00:00+00:00
8170944856319,D3,1,,,,0,303,Likely churned,2025-06-30 16:00:00+00:00,2025-06-30 16:00:00+00:00
8171472552191,D3,1,,,,0,303,Likely churned,2025-06-30 16:00:00+00:00,2025-06-30 16:00:00+00:00
8171490345215,D3,1,,,,0,303,Likely churned,2025-06-30 16:00:00+00:00,2025-06-30 16:00:00+00:00
8249718702335,D3,1,,,,0,262,Likely churned,2025-08-10 16:00:00+00:00,2025-08-10 16:00:00+00:00
8254868586751,D3,1,,,,0,259,Likely churned,2025-08-13 16:00:00+00:00,2025-08-13 16:00:00+00:00
8273741578495,D3,1,,,,0,254,Likely churned,2025-08-18 16:00:00+00:00,2025-08-18 16:00:00+00:00
8280100733183,D3,1,,,,0,251,Likely churned,2025-08-21 16:00:00+00:00,2025-08-21 16:00:00+00:00
8290481930495,D3,1,,,,0,246,Likely churned,2025-08-26 16:00:00+00:00,2025-08-26 16:00:00+00:00
8300149407999,D3,1,,,,0,240,Likely churned,2025-09-01 16:00:00+00:00,2025-09-01 16:00:00+00:00
8304142582015,D3,1,,,,0,238,Likely churned,2025-09-03 16:00:00+00:00,2025-09-03 16:00:00+00:00
8337863606527,D3,1,,,,0,219,Likely churned,2025-09-22 16:00:00+00:00,2025-09-22 16:00:00+00:00
8384374505727,D2,1,,,,0,202,Likely churned,2025-10-09 16:00:00+00:00,2025-10-09 16:00:00+00:00
8474628718847,D2,1,,,,0,187,Likely churned,2025-10-24 16:00:00+00:00,2025-10-24 16:00:00+00:00
8633635832063,D2,1,,,,0,132,At-risk,2025-12-18 16:00:00+00:00,2025-12-18 16:00:00+00:00
8657761501439,D2,1,,,,0,121,At-risk,2025-12-29 16:00:00+00:00,2025-12-29 16:00:00+00:00
8705137574143,D2,1,,,,0,100,At-risk,2026-01-19 16:00:00+00:00,2026-01-19 16:00:00+00:00
7756037456127,D4,1,,,,0,1474,Likely churned,2022-04-16 16:00:00+00:00,2022-04-16 16:00:00+00:00
7756015436031,D4,1,,,,0,1324,Likely churned,2022-09-13 16:00:00+00:00,2022-09-13 16:00:00+00:00
7756047810815,D4,1,,,,0,1573,Likely churned,2022-01-07 16:00:00+00:00,2022-01-07 16:00:00+00:00
6327723131135,D5,1,,,,0,1434,Likely churned,2022-05-26 16:00:00+00:00,2022-05-26 16:00:00+00:00
6328271077631,D5,1,,,,0,1432,Likely churned,2022-05-28 16:00:00+00:00,2022-05-28 16:00:00+00:00
7756357501183,D4,1,,,,0,1128,Likely churned,2023-03-28 16:00:00+00:00,2023-03-28 16:00:00+00:00
7756358877439,D4,1,,,,0,1106,Likely churned,2023-04-19 16:00:00+00:00,2023-04-19 16:00:00+00:00
7869216030975,D3,1,,,,0,263,Likely churned,2025-08-09 16:00:00+00:00,2025-08-09 16:00:00+00:00
8158136729855,D3,1,,,,0,309,Likely churned,2025-06-24 16:00:00+00:00,2025-06-24 16:00:00+00:00
8168890663167,D3,1,,,,0,304,Likely churned,2025-06-29 16:00:00+00:00,2025-06-29 16:00:00+00:00
8169068724479,D3,1,,,,0,304,Likely churned,2025-06-29 16:00:00+00:00,2025-06-29 16:00:00+00:00
8169379856639,D3,1,,,,0,304,Likely churned,2025-06-29 16:00:00+00:00,2025-06-29 16:00:00+00:00
8169437790463,D3,1,,,,0,303,Likely churned,2025-06-30 16:00:00+00:00,2025-06-30 16:00:00+00:00
8244687765759,D3,1,,,,0,265,Likely churned,2025-08-07 16:00:00+00:00,2025-08-07 16:00:00+00:00
8250130202879,D3,1,,,,0,261,Likely churned,2025-08-11 16:00:00+00:00,2025-08-11 16:00:00+00:00
8263425392895,D3,1,,,,0,255,Likely churned,2025-08-17 16:00:00+00:00,2025-08-17 16:00:00+00:00
8293684510975,D3,1,,,,0,245,Likely churned,2025-08-27 16:00:00+00:00,2025-08-27 16:00:00+00:00
8303912091903,D3,1,,,,0,238,Likely churned,2025-09-03 16:00:00+00:00,2025-09-03 16:00:00+00:00
8310615638271,D3,1,,,,0,235,Likely churned,2025-09-06 16:00:00+00:00,2025-09-06 16:00:00+00:00
8310799532287,D3,1,,,,0,235,Likely churned,2025-09-06 16:00:00+00:00,2025-09-06 16:00:00+00:00
8325399904511,D3,1,,,,0,229,Likely churned,2025-09-12 16:00:00+00:00,2025-09-12 16:00:00+00:00
8340030521599,D3,1,,,,0,221,Likely churned,2025-09-20 16:00:00+00:00,2025-09-20 16:00:00+00:00
8718118256895,D2,1,,,,0,93,At-risk,2026-01-26 16:00:00+00:00,2026-01-26 16:00:00+00:00
8721480614143,D2,1,,,,0,84,Active,2026-02-04 16:00:00+00:00,2026-02-04 16:00:00+00:00
8813055639807,D2,1,,,,0,60,Active,2026-02-28 16:00:00+00:00,2026-02-28 16:00:00+00:00
8813196902655,D2,1,,,,0,60,Active,2026-02-28 16:00:00+00:00,2026-02-28 16:00:00+00:00
6327629381887,D5,1,,,,0,1343,Likely churned,2022-08-25 16:00:00+00:00,2022-08-25 16:00:00+00:00
8071537033471,D1,2,0.0,,,0,339,Likely churned,2025-05-25 16:00:00+00:00,2025-05-25 16:00:00+00:00
8001384251647,D3,1,,,,0,363,Likely churned,2025-05-01 16:00:00+00:00,2025-05-01 16:00:00+00:00
7756045451519,D4,1,,,,0,1561,Likely churned,2022-01-19 16:00:00+00:00,2022-01-19 16:00:00+00:00
7756030279935,D4,1,,,,0,1410,Likely churned,2022-06-19 16:00:00+00:00,2022-06-19 16:00:00+00:00
8065111785727,D1,2,2.0,,,2,342,Likely churned,2025-05-20 16:00:00+00:00,2025-05-22 16:00:00+00:00
6532488954111,D5,1,,,,0,1230,Likely churned,2022-12-16 16:00:00+00:00,2022-12-16 16:00:00+00:00
7756264145151,D4,1,,,,0,1214,Likely churned,2023-01-01 16:00:00+00:00,2023-01-01 16:00:00+00:00
7756264964351,D4,1,,,,0,1207,Likely churned,2023-01-08 16:00:00+00:00,2023-01-08 16:00:00+00:00
7756265881855,D4,1,,,,0,1198,Likely churned,2023-01-17 16:00:00+00:00,2023-01-17 16:00:00+00:00
7756348096767,D4,1,,,,0,1172,Likely churned,2023-02-12 16:00:00+00:00,2023-02-12 16:00:00+00:00
7756349538559,D4,1,,,,0,1157,Likely churned,2023-02-27 16:00:00+00:00,2023-02-27 16:00:00+00:00
7756353798399,D4,1,,,,0,1142,Likely churned,2023-03-14 16:00:00+00:00,2023-03-14 16:00:00+00:00
7756460916991,D1,2,3.0,,,3,371,Likely churned,2025-04-20 16:00:00+00:00,2025-04-23 16:00:00+00:00
7755918016767,D5,1,,,,0,1328,Likely churned,2022-09-09 16:00:00+00:00,2022-09-09 16:00:00+00:00
7756015239423,D4,1,,,,0,1320,Likely churned,2022-09-17 16:00:00+00:00,2022-09-17 16:00:00+00:00
7756015665407,D4,1,,,,0,1330,Likely churned,2022-09-07 16:00:00+00:00,2022-09-07 16:00:00+00:00
7756195201279,D4,1,,,,0,373,Likely churned,2025-04-21 16:00:00+00:00,2025-04-21 16:00:00+00:00
7756048924927,D4,1,,,,0,1579,Likely churned,2022-01-01 16:00:00+00:00,2022-01-01 16:00:00+00:00
6329834733823,D5,1,,,,0,1505,Likely churned,2022-03-16 16:00:00+00:00,2022-03-16 16:00:00+00:00
6329603686655,D5,1,,,,0,1536,Likely churned,2022-02-13 16:00:00+00:00,2022-02-13 16:00:00+00:00
6423604166911,D5,1,,,,0,1537,Likely churned,2022-02-12 16:00:00+00:00,2022-02-12 16:00:00+00:00
7756016419071,D4,1,,,,0,1338,Likely churned,2022-08-30 16:00:00+00:00,2022-08-30 16:00:00+00:00
7755989680383,D4,1,,,,0,1405,Likely churned,2022-06-24 16:00:00+00:00,2022-06-24 16:00:00+00:00
7756029952255,D4,1,,,,0,1402,Likely churned,2022-06-27 16:00:00+00:00,2022-06-27 16:00:00+00:00
7755977949439,D4,1,,,,0,1353,Likely churned,2022-08-15 16:00:00+00:00,2022-08-15 16:00:00+00:00
7756017664255,D4,1,,,,0,1348,Likely churned,2022-08-20 16:00:00+00:00,2022-08-20 16:00:00+00:00
7756018614527,D4,1,,,,0,1359,Likely churned,2022-08-09 16:00:00+00:00,2022-08-09 16:00:00+00:00
7756019171583,D4,1,,,,0,1360,Likely churned,2022-08-08 16:00:00+00:00,2022-08-08 16:00:00+00:00
7756019237119,D4,1,,,,0,1361,Likely churned,2022-08-07 16:00:00+00:00,2022-08-07 16:00:00+00:00
7756019433727,D4,1,,,,0,1362,Likely churned,2022-08-06 16:00:00+00:00,2022-08-06 16:00:00+00:00
6329833390335,D5,1,,,,0,1427,Likely churned,2022-06-02 16:00:00+00:00,2022-06-02 16:00:00+00:00
8659195429119,D2,1,,,,0,121,At-risk,2025-12-29 16:00:00+00:00,2025-12-29 16:00:00+00:00
6328262656255,D5,1,,,,0,1346,Likely churned,2022-08-22 16:00:00+00:00,2022-08-22 16:00:00+00:00
6327614406911,D5,1,,,,0,1427,Likely churned,2022-06-02 16:00:00+00:00,2022-06-02 16:00:00+00:00
7756032999679,D4,1,,,,0,1430,Likely churned,2022-05-30 16:00:00+00:00,2022-05-30 16:00:00+00:00
7756033229055,D4,1,,,,0,1435,Likely churned,2022-05-25 16:00:00+00:00,2022-05-25 16:00:00+00:00
8815621275903,D2,1,,,,0,59,Active,2026-03-01 16:00:00+00:00,2026-03-01 16:00:00+00:00
6328281465087,D5,1,,,,0,1576,Likely churned,2022-01-04 16:00:00+00:00,2022-01-04 16:00:00+00:00
8367820144895,D2,1,,,,0,206,Likely churned,2025-10-05 16:00:00+00:00,2025-10-05 16:00:00+00:00
6963853328639,D5,1,,,,0,863,Likely churned,2023-12-18 16:00:00+00:00,2023-12-18 16:00:00+00:00
8339814678783,D3,1,,,,0,221,Likely churned,2025-09-20 16:00:00+00:00,2025-09-20 16:00:00+00:00
7756025790719,D4,1,,,,0,1449,Likely churned,2022-05-11 16:00:00+00:00,2022-05-11 16:00:00+00:00
7756037619967,D4,1,,,,0,1477,Likely churned,2022-04-13 16:00:00+00:00,2022-04-13 16:00:00+00:00
7756037652735,D4,1,,,,0,1477,Likely churned,2022-04-13 16:00:00+00:00,2022-04-13 16:00:00+00:00
7756037816575,D4,1,,,,0,1480,Likely churned,2022-04-10 16:00:00+00:00,2022-04-10 16:00:00+00:00
8136190361855,D3,1,,,,0,318,Likely churned,2025-06-15 16:00:00+00:00,2025-06-15 16:00:00+00:00
8370024710399,D2,1,,,,0,205,Likely churned,2025-10-06 16:00:00+00:00,2025-10-06 16:00:00+00:00
8415875498239,D2,1,,,,0,197,Likely churned,2025-10-14 16:00:00+00:00,2025-10-14 16:00:00+00:00
6327712055551,D5,1,,,,0,1418,Likely churned,2022-06-11 16:00:00+00:00,2022-06-11 16:00:00+00:00
6327653826815,D5,1,,,,0,1344,Likely churned,2022-08-24 16:00:00+00:00,2022-08-24 16:00:00+00:00
6327704223999,D5,1,,,,0,1510,Likely churned,2022-03-11 16:00:00+00:00,2022-03-11 16:00:00+00:00
6327757406463,D5,1,,,,0,1541,Likely churned,2022-02-08 16:00:00+00:00,2022-02-08 16:00:00+00:00
6423592796415,D5,1,,,,0,1469,Likely churned,2022-04-21 16:00:00+00:00,2022-04-21 16:00:00+00:00
6423605772543,D5,1,,,,0,1546,Likely churned,2022-02-03 16:00:00+00:00,2022-02-03 16:00:00+00:00
6423606755583,D5,1,,,,0,1555,Likely churned,2022-01-25 16:00:00+00:00,2022-01-25 16:00:00+00:00
8074934288639,D3,1,,,,0,341,Likely churned,2025-05-23 16:00:00+00:00,2025-05-23 16:00:00+00:00
8083629015295,D3,1,,,,0,337,Likely churned,2025-05-27 16:00:00+00:00,2025-05-27 16:00:00+00:00
8085728002303,D3,1,,,,0,337,Likely churned,2025-05-27 16:00:00+00:00,2025-05-27 16:00:00+00:00
8114087887103,D3,1,,,,0,326,Likely churned,2025-06-07 16:00:00+00:00,2025-06-07 16:00:00+00:00
7756043124991,D4,1,,,,0,1532,Likely churned,2022-02-17 16:00:00+00:00,2022-02-17 16:00:00+00:00
8298738483455,D3,1,,,,0,241,Likely churned,2025-08-31 16:00:00+00:00,2025-08-31 16:00:00+00:00
7755965235455,D5,1,,,,0,1337,Likely churned,2022-08-31 16:00:00+00:00,2022-08-31 16:00:00+00:00
7756016058623,D4,1,,,,0,1337,Likely churned,2022-08-31 16:00:00+00:00,2022-08-31 16:00:00+00:00
6327607853311,D5,1,,,,0,1358,Likely churned,2022-08-10 16:00:00+00:00,2022-08-10 16:00:00+00:00
6327623418111,D5,1,,,,0,1350,Likely churned,2022-08-18 16:00:00+00:00,2022-08-18 16:00:00+00:00
6328284643583,D5,1,,,,0,1358,Likely churned,2022-08-10 16:00:00+00:00,2022-08-10 16:00:00+00:00
6336738099455,D5,1,,,,0,1410,Likely churned,2022-06-19 16:00:00+00:00,2022-06-19 16:00:00+00:00
8848895017215,D2,1,,,,0,45,Active,2026-03-15 16:00:00+00:00,2026-03-15 16:00:00+00:00
7756036833535,D1,4,66.0,66.0,0.0,68,1466,Likely churned,2022-02-15 16:00:00+00:00,2022-04-24 16:00:00+00:00
8812240175359,D2,1,,,,0,60,Active,2026-02-28 16:00:00+00:00,2026-02-28 16:00:00+00:00
8748461129983,D2,1,,,,0,85,Active,2026-02-03 16:00:00+00:00,2026-02-03 16:00:00+00:00
7756039225599,D4,1,,,,0,1500,Likely churned,2022-03-21 16:00:00+00:00,2022-03-21 16:00:00+00:00
7756047089919,D4,1,,,,0,1571,Likely churned,2022-01-09 16:00:00+00:00,2022-01-09 16:00:00+00:00
7756030345471,D1,2,0.0,,,0,1410,Likely churned,2022-06-19 16:00:00+00:00,2022-06-19 16:00:00+00:00
7756378964223,D4,1,,,,0,974,Likely churned,2023-08-29 16:00:00+00:00,2023-08-29 16:00:00+00:00
8657572921599,D2,1,,,,0,121,At-risk,2025-12-29 16:00:00+00:00,2025-12-29 16:00:00+00:00
8708556095743,D2,1,,,,0,98,At-risk,2026-01-21 16:00:00+00:00,2026-01-21 16:00:00+00:00
7756432834815,D4,1,,,,0,689,Likely churned,2024-06-09 16:00:00+00:00,2024-06-09 16:00:00+00:00
7756434374911,D4,1,,,,0,694,Likely churned,2024-06-04 16:00:00+00:00,2024-06-04 16:00:00+00:00
6327641178367,D5,1,,,,0,1430,Likely churned,2022-05-30 16:00:00+00:00,2022-05-30 16:00:00+00:00
7755958714623,D5,1,,,,0,1344,Likely churned,2022-08-24 16:00:00+00:00,2022-08-24 16:00:00+00:00
7756022776063,D4,1,,,,0,1424,Likely churned,2022-06-05 16:00:00+00:00,2022-06-05 16:00:00+00:00
7756028412159,D4,1,,,,0,1423,Likely churned,2022-06-06 16:00:00+00:00,2022-06-06 16:00:00+00:00
8093275193599,D1,2,116.0,,,116,218,Likely churned,2025-05-30 16:00:00+00:00,2025-09-23 16:00:00+00:00
8108928467199,D3,1,,,,0,329,Likely churned,2025-06-04 16:00:00+00:00,2025-06-04 16:00:00+00:00
7756007637247,D4,1,,,,0,1550,Likely churned,2022-01-30 16:00:00+00:00,2022-01-30 16:00:00+00:00
7756037030143,D4,1,,,,0,1471,Likely churned,2022-04-19 16:00:00+00:00,2022-04-19 16:00:00+00:00
7756044534015,D4,1,,,,0,1544,Likely churned,2022-02-05 16:00:00+00:00,2022-02-05 16:00:00+00:00
6327556669695,D5,1,,,,0,1422,Likely churned,2022-06-07 16:00:00+00:00,2022-06-07 16:00:00+00:00
6327556735231,D5,1,,,,0,1423,Likely churned,2022-06-06 16:00:00+00:00,2022-06-06 16:00:00+00:00
6424267456767,D5,1,,,,0,1453,Likely churned,2022-05-07 16:00:00+00:00,2022-05-07 16:00:00+00:00
6423239950591,D5,1,,,,0,1427,Likely churned,2022-06-02 16:00:00+00:00,2022-06-02 16:00:00+00:00
6423463395583,D5,1,,,,0,1444,Likely churned,2022-05-16 16:00:00+00:00,2022-05-16 16:00:00+00:00
7755992203519,D4,1,,,,0,1580,Likely churned,2021-12-31 16:00:00+00:00,2021-12-31 16:00:00+00:00
8078001438975,D3,1,,,,0,340,Likely churned,2025-05-24 16:00:00+00:00,2025-05-24 16:00:00+00:00
8364507791615,D2,1,,,,0,208,Likely churned,2025-10-03 16:00:00+00:00,2025-10-03 16:00:00+00:00
8211697926399,D3,1,,,,0,256,Likely churned,2025-08-16 16:00:00+00:00,2025-08-16 16:00:00+00:00
8291685826815,D3,1,,,,0,245,Likely churned,2025-08-27 16:00:00+00:00,2025-08-27 16:00:00+00:00
8286290379007,D3,1,,,,0,242,Likely churned,2025-08-30 16:00:00+00:00,2025-08-30 16:00:00+00:00
7756043288831,D4,1,,,,0,1533,Likely churned,2022-02-16 16:00:00+00:00,2022-02-16 16:00:00+00:00
7756448170239,D4,1,,,,0,249,Likely churned,2025-08-23 16:00:00+00:00,2025-08-23 16:00:00+00:00
8083228492031,D3,1,,,,0,304,Likely churned,2025-06-29 16:00:00+00:00,2025-06-29 16:00:00+00:00
8236354601215,D3,1,,,,0,270,Likely churned,2025-08-02 16:00:00+00:00,2025-08-02 16:00:00+00:00
7756030607615,D4,1,,,,0,1415,Likely churned,2022-06-14 16:00:00+00:00,2022-06-14 16:00:00+00:00
8352688177407,D3,1,,,,0,213,Likely churned,2025-09-28 16:00:00+00:00,2025-09-28 16:00:00+00:00
8308721484031,D3,1,,,,0,236,Likely churned,2025-09-05 16:00:00+00:00,2025-09-05 16:00:00+00:00
8330979180799,D3,1,,,,0,226,Likely churned,2025-09-15 16:00:00+00:00,2025-09-15 16:00:00+00:00
8240841982207,D3,1,,,,0,267,Likely churned,2025-08-05 16:00:00+00:00,2025-08-05 16:00:00+00:00
7956289716479,D3,1,,,,0,383,Likely churned,2025-04-11 16:00:00+00:00,2025-04-11 16:00:00+00:00
7957573435647,D3,1,,,,0,382,Likely churned,2025-04-12 16:00:00+00:00,2025-04-12 16:00:00+00:00
7978157310207,D3,1,,,,0,369,Likely churned,2025-04-25 16:00:00+00:00,2025-04-25 16:00:00+00:00
7980815548671,D3,1,,,,0,367,Likely churned,2025-04-27 16:00:00+00:00,2025-04-27 16:00:00+00:00
8089858441471,D3,1,,,,0,336,Likely churned,2025-05-28 16:00:00+00:00,2025-05-28 16:00:00+00:00
8162851520767,D3,1,,,,0,307,Likely churned,2025-06-26 16:00:00+00:00,2025-06-26 16:00:00+00:00
8800279101695,D2,1,,,,0,65,Active,2026-02-23 16:00:00+00:00,2026-02-23 16:00:00+00:00
7755924635903,D5,1,,,,0,1493,Likely churned,2022-03-28 16:00:00+00:00,2022-03-28 16:00:00+00:00
7755935645951,D5,1,,,,0,1424,Likely churned,2022-06-05 16:00:00+00:00,2022-06-05 16:00:00+00:00
7756031000831,D4,1,,,,0,1422,Likely churned,2022-06-07 16:00:00+00:00,2022-06-07 16:00:00+00:00
7756031262975,D4,1,,,,0,1423,Likely churned,2022-06-06 16:00:00+00:00,2022-06-06 16:00:00+00:00
7756031328511,D4,1,,,,0,1423,Likely churned,2022-06-06 16:00:00+00:00,2022-06-06 16:00:00+00:00
7756031394047,D4,1,,,,0,1423,Likely churned,2022-06-06 16:00:00+00:00,2022-06-06 16:00:00+00:00
7756031885567,D4,1,,,,0,1426,Likely churned,2022-06-03 16:00:00+00:00,2022-06-03 16:00:00+00:00
7756032180479,D4,1,,,,0,1427,Likely churned,2022-06-02 16:00:00+00:00,2022-06-02 16:00:00+00:00
7756038537471,D4,1,,,,0,1491,Likely churned,2022-03-30 16:00:00+00:00,2022-03-30 16:00:00+00:00
7756037226751,D4,1,,,,0,1472,Likely churned,2022-04-18 16:00:00+00:00,2022-04-18 16:00:00+00:00
7756038439167,D4,1,,,,0,1489,Likely churned,2022-04-01 16:00:00+00:00,2022-04-01 16:00:00+00:00
6327623549183,D2,2,0.0,,,0,1530,Likely churned,2022-02-19 16:00:00+00:00,2022-02-19 16:00:00+00:00
6327666114815,D2,2,2.0,,,2,1530,Likely churned,2022-02-17 16:00:00+00:00,2022-02-19 16:00:00+00:00
6329716080895,D2,2,0.0,,,0,1529,Likely churned,2022-02-20 16:00:00+00:00,2022-02-20 16:00:00+00:00
6334090838271,D2,2,0.0,,,0,1580,Likely churned,2021-12-31 16:00:00+00:00,2021-12-31 16:00:00+00:00
6423603773695,D2,2,0.0,,,0,1536,Likely churned,2022-02-13 16:00:00+00:00,2022-02-13 16:00:00+00:00
6423607312639,D2,2,0.0,,,0,1558,Likely churned,2022-01-22 16:00:00+00:00,2022-01-22 16:00:00+00:00
8657495490815,D2,1,,,,0,122,At-risk,2025-12-28 16:00:00+00:00,2025-12-28 16:00:00+00:00
7947783307519,D1,2,8.0,,,8,379,Likely churned,2025-04-07 16:00:00+00:00,2025-04-15 16:00:00+00:00
6424267227391,D5,1,,,,0,1452,Likely churned,2022-05-08 16:00:00+00:00,2022-05-08 16:00:00+00:00
8868306649343,D2,1,,,,0,39,Active,2026-03-21 16:00:00+00:00,2026-03-21 16:00:00+00:00
6327401644287,D5,1,,,,0,1532,Likely churned,2022-02-17 16:00:00+00:00,2022-02-17 16:00:00+00:00
7756361662719,D4,1,,,,0,788,Likely churned,2024-03-02 16:00:00+00:00,2024-03-02 16:00:00+00:00
7756043616511,D1,2,0.0,,,0,1538,Likely churned,2022-02-11 16:00:00+00:00,2022-02-11 16:00:00+00:00
8477979836671,D2,1,,,,0,185,Likely churned,2025-10-26 16:00:00+00:00,2025-10-26 16:00:00+00:00
6328285921535,D5,1,,,,0,1578,Likely churned,2022-01-02 16:00:00+00:00,2022-01-02 16:00:00+00:00
6423612063999,D5,1,,,,0,1574,Likely churned,2022-01-06 16:00:00+00:00,2022-01-06 16:00:00+00:00
6423612129535,D5,1,,,,0,1575,Likely churned,2022-01-05 16:00:00+00:00,2022-01-05 16:00:00+00:00
6423613047039,D5,1,,,,0,1577,Likely churned,2022-01-03 16:00:00+00:00,2022-01-03 16:00:00+00:00
6423613604095,D5,1,,,,0,1579,Likely churned,2022-01-01 16:00:00+00:00,2022-01-01 16:00:00+00:00
6423613669631,D5,1,,,,0,1579,Likely churned,2022-01-01 16:00:00+00:00,2022-01-01 16:00:00+00:00
6423614062847,D5,1,,,,0,1580,Likely churned,2021-12-31 16:00:00+00:00,2021-12-31 16:00:00+00:00
6423614095615,D5,1,,,,0,1580,Likely churned,2021-12-31 16:00:00+00:00,2021-12-31 16:00:00+00:00
7756042076415,D4,1,,,,0,1523,Likely churned,2022-02-26 16:00:00+00:00,2022-02-26 16:00:00+00:00
7756045779199,D4,1,,,,0,1563,Likely churned,2022-01-17 16:00:00+00:00,2022-01-17 16:00:00+00:00
8251368603903,D3,1,,,,0,235,Likely churned,2025-09-06 16:00:00+00:00,2025-09-06 16:00:00+00:00
7875579904255,D3,1,,,,0,429,Likely churned,2025-02-24 16:00:00+00:00,2025-02-24 16:00:00+00:00
7756157026559,D4,1,,,,0,741,Likely churned,2024-04-18 16:00:00+00:00,2024-04-18 16:00:00+00:00
7756325323007,D4,1,,,,0,697,Likely churned,2024-06-01 16:00:00+00:00,2024-06-01 16:00:00+00:00
8147352027391,D3,1,,,,0,313,Likely churned,2025-06-20 16:00:00+00:00,2025-06-20 16:00:00+00:00
8111457501439,D3,1,,,,0,328,Likely churned,2025-06-05 16:00:00+00:00,2025-06-05 16:00:00+00:00
7756422807807,D4,1,,,,0,730,Likely churned,2024-04-29 16:00:00+00:00,2024-04-29 16:00:00+00:00
7756430868735,D4,1,,,,0,701,Likely churned,2024-05-28 16:00:00+00:00,2024-05-28 16:00:00+00:00
7755959533823,D5,1,,,,0,1323,Likely churned,2022-09-14 16:00:00+00:00,2022-09-14 16:00:00+00:00
7755928436991,D5,1,,,,0,1573,Likely churned,2022-01-07 16:00:00+00:00,2022-01-07 16:00:00+00:00
7755958911231,D5,1,,,,0,1515,Likely churned,2022-03-06 16:00:00+00:00,2022-03-06 16:00:00+00:00
7756018483455,D4,1,,,,0,1358,Likely churned,2022-08-10 16:00:00+00:00,2022-08-10 16:00:00+00:00
7756047253759,D4,1,,,,0,1571,Likely churned,2022-01-09 16:00:00+00:00,2022-01-09 16:00:00+00:00
7756047352063,D4,1,,,,0,1572,Likely churned,2022-01-08 16:00:00+00:00,2022-01-08 16:00:00+00:00
7756047384831,D4,1,,,,0,1572,Likely churned,2022-01-08 16:00:00+00:00,2022-01-08 16:00:00+00:00
7756047515903,D4,1,,,,0,1572,Likely churned,2022-01-08 16:00:00+00:00,2022-01-08 16:00:00+00:00
7756047843583,D4,1,,,,0,1573,Likely churned,2022-01-07 16:00:00+00:00,2022-01-07 16:00:00+00:00
7756048040191,D4,1,,,,0,1574,Likely churned,2022-01-06 16:00:00+00:00,2022-01-06 16:00:00+00:00
7755939021055,D5,1,,,,0,1456,Likely churned,2022-05-04 16:00:00+00:00,2022-05-04 16:00:00+00:00
7756035326207,D4,1,,,,0,1455,Likely churned,2022-05-05 16:00:00+00:00,2022-05-05 16:00:00+00:00
7756036440319,D4,1,,,,0,1465,Likely churned,2022-04-25 16:00:00+00:00,2022-04-25 16:00:00+00:00
7756036636927,D4,1,,,,0,1465,Likely churned,2022-04-25 16:00:00+00:00,2022-04-25 16:00:00+00:00
8373738406143,D2,1,,,,0,202,Likely churned,2025-10-09 16:00:00+00:00,2025-10-09 16:00:00+00:00
7756043780351,D1,2,0.0,,,0,1539,Likely churned,2022-02-10 16:00:00+00:00,2022-02-10 16:00:00+00:00
7756437717247,D4,1,,,,0,325,Likely churned,2025-06-08 16:00:00+00:00,2025-06-08 16:00:00+00:00
8251513569535,D3,1,,,,0,261,Likely churned,2025-08-11 16:00:00+00:00,2025-08-11 16:00:00+00:00
7756047974655,D1,2,0.0,,,0,1574,Likely churned,2022-01-06 16:00:00+00:00,2022-01-06 16:00:00+00:00
8134042910975,D3,1,,,,0,319,Likely churned,2025-06-14 16:00:00+00:00,2025-06-14 16:00:00+00:00
6423240081663,D2,2,0.0,,,0,1427,Likely churned,2022-06-02 16:00:00+00:00,2022-06-02 16:00:00+00:00
6329615220991,D5,1,,,,0,382,Likely churned,2025-04-12 16:00:00+00:00,2025-04-12 16:00:00+00:00
6336684916991,D5,1,,,,0,335,Likely churned,2025-05-29 16:00:00+00:00,2025-05-29 16:00:00+00:00
7127991779583,D5,1,,,,0,382,Likely churned,2025-04-12 16:00:00+00:00,2025-04-12 16:00:00+00:00
7356383363327,D5,1,,,,0,380,Likely churned,2025-04-14 16:00:00+00:00,2025-04-14 16:00:00+00:00
7694044201215,D5,1,,,,0,377,Likely churned,2025-04-17 16:00:00+00:00,2025-04-17 16:00:00+00:00
7944523645183,D3,1,,,,0,350,Likely churned,2025-05-14 16:00:00+00:00,2025-05-14 16:00:00+00:00
7944993079551,D3,1,,,,0,382,Likely churned,2025-04-12 16:00:00+00:00,2025-04-12 16:00:00+00:00
7947239391487,D3,1,,,,0,387,Likely churned,2025-04-07 16:00:00+00:00,2025-04-07 16:00:00+00:00
7947243618559,D3,1,,,,0,387,Likely churned,2025-04-07 16:00:00+00:00,2025-04-07 16:00:00+00:00
7947423645951,D3,1,,,,0,387,Likely churned,2025-04-07 16:00:00+00:00,2025-04-07 16:00:00+00:00
7947792810239,D3,1,,,,0,387,Likely churned,2025-04-07 16:00:00+00:00,2025-04-07 16:00:00+00:00
7947850252543,D3,1,,,,0,387,Likely churned,2025-04-07 16:00:00+00:00,2025-04-07 16:00:00+00:00
7947985584383,D3,1,,,,0,387,Likely churned,2025-04-07 16:00:00+00:00,2025-04-07 16:00:00+00:00
7948420382975,D3,1,,,,0,386,Likely churned,2025-04-08 16:00:00+00:00,2025-04-08 16:00:00+00:00
7949065060607,D3,1,,,,0,386,Likely churned,2025-04-08 16:00:00+00:00,2025-04-08 16:00:00+00:00
7949364068607,D3,1,,,,0,386,Likely churned,2025-04-08 16:00:00+00:00,2025-04-08 16:00:00+00:00
7953853120767,D3,1,,,,0,385,Likely churned,2025-04-09 16:00:00+00:00,2025-04-09 16:00:00+00:00
7953984815359,D3,1,,,,0,385,Likely churned,2025-04-09 16:00:00+00:00,2025-04-09 16:00:00+00:00
7953987862783,D3,1,,,,0,385,Likely churned,2025-04-09 16:00:00+00:00,2025-04-09 16:00:00+00:00
7954748440831,D3,1,,,,0,384,Likely churned,2025-04-10 16:00:00+00:00,2025-04-10 16:00:00+00:00
7955123634431,D3,1,,,,0,384,Likely churned,2025-04-10 16:00:00+00:00,2025-04-10 16:00:00+00:00
7956543766783,D3,1,,,,0,383,Likely churned,2025-04-11 16:00:00+00:00,2025-04-11 16:00:00+00:00
7956611399935,D3,1,,,,0,383,Likely churned,2025-04-11 16:00:00+00:00,2025-04-11 16:00:00+00:00
7957658271999,D3,1,,,,0,382,Likely churned,2025-04-12 16:00:00+00:00,2025-04-12 16:00:00+00:00
7957910520063,D3,1,,,,0,382,Likely churned,2025-04-12 16:00:00+00:00,2025-04-12 16:00:00+00:00
7958863151359,D3,1,,,,0,381,Likely churned,2025-04-13 16:00:00+00:00,2025-04-13 16:00:00+00:00
7958938517759,D3,1,,,,0,381,Likely churned,2025-04-13 16:00:00+00:00,2025-04-13 16:00:00+00:00
7960663032063,D3,1,,,,0,380,Likely churned,2025-04-14 16:00:00+00:00,2025-04-14 16:00:00+00:00
7960702255359,D3,1,,,,0,379,Likely churned,2025-04-15 16:00:00+00:00,2025-04-15 16:00:00+00:00
7960884084991,D3,1,,,,0,380,Likely churned,2025-04-14 16:00:00+00:00,2025-04-14 16:00:00+00:00
7960931926271,D3,1,,,,0,380,Likely churned,2025-04-14 16:00:00+00:00,2025-04-14 16:00:00+00:00
7961317933311,D3,1,,,,0,380,Likely churned,2025-04-14 16:00:00+00:00,2025-04-14 16:00:00+00:00
7963011383551,D3,1,,,,0,379,Likely churned,2025-04-15 16:00:00+00:00,2025-04-15 16:00:00+00:00
7963058274559,D3,1,,,,0,379,Likely churned,2025-04-15 16:00:00+00:00,2025-04-15 16:00:00+00:00
7963208450303,D3,1,,,,0,379,Likely churned,2025-04-15 16:00:00+00:00,2025-04-15 16:00:00+00:00
7964860383487,D3,1,,,,0,377,Likely churned,2025-04-17 16:00:00+00:00,2025-04-17 16:00:00+00:00
7966279008511,D3,1,,,,0,376,Likely churned,2025-04-18 16:00:00+00:00,2025-04-18 16:00:00+00:00
7967101387007,D3,1,,,,0,376,Likely churned,2025-04-18 16:00:00+00:00,2025-04-18 16:00:00+00:00
7969128972543,D3,1,,,,0,375,Likely churned,2025-04-19 16:00:00+00:00,2025-04-19 16:00:00+00:00
7969943060735,D3,1,,,,0,374,Likely churned,2025-04-20 16:00:00+00:00,2025-04-20 16:00:00+00:00
7970179580159,D3,1,,,,0,340,Likely churned,2025-05-24 16:00:00+00:00,2025-05-24 16:00:00+00:00
7971528638719,D3,1,,,,0,373,Likely churned,2025-04-21 16:00:00+00:00,2025-04-21 16:00:00+00:00
7971586015487,D3,1,,,,0,373,Likely churned,2025-04-21 16:00:00+00:00,2025-04-21 16:00:00+00:00
7976802779391,D3,1,,,,0,370,Likely churned,2025-04-24 16:00:00+00:00,2025-04-24 16:00:00+00:00
7976827355391,D3,1,,,,0,370,Likely churned,2025-04-24 16:00:00+00:00,2025-04-24 16:00:00+00:00
7977191375103,D3,1,,,,0,370,Likely churned,2025-04-24 16:00:00+00:00,2025-04-24 16:00:00+00:00
7978194665727,D3,1,,,,0,369,Likely churned,2025-04-25 16:00:00+00:00,2025-04-25 16:00:00+00:00
7979969282303,D3,1,,,,0,368,Likely churned,2025-04-26 16:00:00+00:00,2025-04-26 16:00:00+00:00
7980154650879,D3,1,,,,0,368,Likely churned,2025-04-26 16:00:00+00:00,2025-04-26 16:00:00+00:00
7981276627199,D3,1,,,,0,367,Likely churned,2025-04-27 16:00:00+00:00,2025-04-27 16:00:00+00:00
7981445284095,D3,1,,,,0,367,Likely churned,2025-04-27 16:00:00+00:00,2025-04-27 16:00:00+00:00
7981721747711,D3,1,,,,0,367,Likely churned,2025-04-27 16:00:00+00:00,2025-04-27 16:00:00+00:00
7986218402047,D3,1,,,,0,365,Likely churned,2025-04-29 16:00:00+00:00,2025-04-29 16:00:00+00:00
7986317426943,D3,1,,,,0,365,Likely churned,2025-04-29 16:00:00+00:00,2025-04-29 16:00:00+00:00
7988104200447,D3,1,,,,0,365,Likely churned,2025-04-29 16:00:00+00:00,2025-04-29 16:00:00+00:00
7991643373823,D3,1,,,,0,364,Likely churned,2025-04-30 16:00:00+00:00,2025-04-30 16:00:00+00:00
7993809535231,D3,1,,,,0,364,Likely churned,2025-04-30 16:00:00+00:00,2025-04-30 16:00:00+00:00
7994766262527,D3,1,,,,0,364,Likely churned,2025-04-30 16:00:00+00:00,2025-04-30 16:00:00+00:00
8017390960895,D3,1,,,,0,354,Likely churned,2025-05-10 16:00:00+00:00,2025-05-10 16:00:00+00:00
8028452782335,D3,1,,,,0,356,Likely churned,2025-05-08 16:00:00+00:00,2025-05-08 16:00:00+00:00
8033804583167,D3,1,,,,0,355,Likely churned,2025-05-09 16:00:00+00:00,2025-05-09 16:00:00+00:00
8035329016063,D3,1,,,,0,354,Likely churned,2025-05-10 16:00:00+00:00,2025-05-10 16:00:00+00:00
8035369779455,D3,1,,,,0,354,Likely churned,2025-05-10 16:00:00+00:00,2025-05-10 16:00:00+00:00
8036106404095,D3,1,,,,0,354,Likely churned,2025-05-10 16:00:00+00:00,2025-05-10 16:00:00+00:00
8038275481855,D3,1,,,,0,352,Likely churned,2025-05-12 16:00:00+00:00,2025-05-12 16:00:00+00:00
8044753846527,D3,1,,,,0,351,Likely churned,2025-05-13 16:00:00+00:00,2025-05-13 16:00:00+00:00
8059895546111,D3,1,,,,0,347,Likely churned,2025-05-17 16:00:00+00:00,2025-05-17 16:00:00+00:00
8060349612287,D3,1,,,,0,347,Likely churned,2025-05-17 16:00:00+00:00,2025-05-17 16:00:00+00:00
8060442607871,D3,1,,,,0,347,Likely churned,2025-05-17 16:00:00+00:00,2025-05-17 16:00:00+00:00
8061688185087,D3,1,,,,0,346,Likely churned,2025-05-18 16:00:00+00:00,2025-05-18 16:00:00+00:00
8062138417407,D3,1,,,,0,346,Likely churned,2025-05-18 16:00:00+00:00,2025-05-18 16:00:00+00:00
8062283251967,D3,1,,,,0,346,Likely churned,2025-05-18 16:00:00+00:00,2025-05-18 16:00:00+00:00
8062293704959,D3,1,,,,0,346,Likely churned,2025-05-18 16:00:00+00:00,2025-05-18 16:00:00+00:00
8062496899327,D3,1,,,,0,345,Likely churned,2025-05-19 16:00:00+00:00,2025-05-19 16:00:00+00:00
8073543909631,D3,1,,,,0,342,Likely churned,2025-05-22 16:00:00+00:00,2025-05-22 16:00:00+00:00
8073981886719,D3,1,,,,0,342,Likely churned,2025-05-22 16:00:00+00:00,2025-05-22 16:00:00+00:00
8075827020031,D3,1,,,,0,341,Likely churned,2025-05-23 16:00:00+00:00,2025-05-23 16:00:00+00:00
8076994806015,D3,1,,,,0,340,Likely churned,2025-05-24 16:00:00+00:00,2025-05-24 16:00:00+00:00
8077209796863,D3,1,,,,0,340,Likely churned,2025-05-24 16:00:00+00:00,2025-05-24 16:00:00+00:00
8077735428351,D3,1,,,,0,340,Likely churned,2025-05-24 16:00:00+00:00,2025-05-24 16:00:00+00:00
8079725232383,D3,1,,,,0,339,Likely churned,2025-05-25 16:00:00+00:00,2025-05-25 16:00:00+00:00
8081417273599,D3,1,,,,0,338,Likely churned,2025-05-26 16:00:00+00:00,2025-05-26 16:00:00+00:00
8082145935615,D3,1,,,,0,338,Likely churned,2025-05-26 16:00:00+00:00,2025-05-26 16:00:00+00:00
8082524045567,D3,1,,,,0,338,Likely churned,2025-05-26 16:00:00+00:00,2025-05-26 16:00:00+00:00
8086454305023,D3,1,,,,0,337,Likely churned,2025-05-27 16:00:00+00:00,2025-05-27 16:00:00+00:00
8086722543871,D3,1,,,,0,337,Likely churned,2025-05-27 16:00:00+00:00,2025-05-27 16:00:00+00:00
8089827574015,D3,1,,,,0,336,Likely churned,2025-05-28 16:00:00+00:00,2025-05-28 16:00:00+00:00
8090247790847,D3,1,,,,0,336,Likely churned,2025-05-28 16:00:00+00:00,2025-05-28 16:00:00+00:00
8091200127231,D3,1,,,,0,335,Likely churned,2025-05-29 16:00:00+00:00,2025-05-29 16:00:00+00:00
8091952742655,D3,1,,,,0,335,Likely churned,2025-05-29 16:00:00+00:00,2025-05-29 16:00:00+00:00
8092348940543,D3,1,,,,0,335,Likely churned,2025-05-29 16:00:00+00:00,2025-05-29 16:00:00+00:00
8093702029567,D3,1,,,,0,334,Likely churned,2025-05-30 16:00:00+00:00,2025-05-30 16:00:00+00:00
8098376089855,D3,1,,,,0,332,Likely churned,2025-06-01 16:00:00+00:00,2025-06-01 16:00:00+00:00
8099252928767,D3,1,,,,0,332,Likely churned,2025-06-01 16:00:00+00:00,2025-06-01 16:00:00+00:00
8099338027263,D3,1,,,,0,332,Likely churned,2025-06-01 16:00:00+00:00,2025-06-01 16:00:00+00:00
8099785801983,D3,1,,,,0,331,Likely churned,2025-06-02 16:00:00+00:00,2025-06-02 16:00:00+00:00
8106785079551,D3,1,,,,0,330,Likely churned,2025-06-03 16:00:00+00:00,2025-06-03 16:00:00+00:00
8107064525055,D3,1,,,,0,329,Likely churned,2025-06-04 16:00:00+00:00,2025-06-04 16:00:00+00:00
8263965409535,D1,2,0.0,,,0,255,Likely churned,2025-08-17 16:00:00+00:00,2025-08-17 16:00:00+00:00
7756039487743,D4,1,,,,0,1506,Likely churned,2022-03-15 16:00:00+00:00,2022-03-15 16:00:00+00:00
7905979990271,D3,1,,,,0,408,Likely churned,2025-03-17 16:00:00+00:00,2025-03-17 16:00:00+00:00
7756033032447,D4,1,,,,0,1430,Likely churned,2022-05-30 16:00:00+00:00,2022-05-30 16:00:00+00:00
6327793615103,D5,1,,,,0,1522,Likely churned,2022-02-27 16:00:00+00:00,2022-02-27 16:00:00+00:00
6423594926335,D5,1,,,,0,1485,Likely churned,2022-04-05 16:00:00+00:00,2022-04-05 16:00:00+00:00
6423596826879,D5,1,,,,0,1499,Likely churned,2022-03-22 16:00:00+00:00,2022-03-22 16:00:00+00:00
6423597613311,D5,1,,,,0,1503,Likely churned,2022-03-18 16:00:00+00:00,2022-03-18 16:00:00+00:00
7756021039359,D1,4,0.0,24.0,24.0,24,1508,Likely churned,2022-02-17 16:00:00+00:00,2022-03-13 16:00:00+00:00
7955169247487,D3,1,,,,0,352,Likely churned,2025-05-12 16:00:00+00:00,2025-05-12 16:00:00+00:00
8079793520895,D3,1,,,,0,338,Likely churned,2025-05-26 16:00:00+00:00,2025-05-26 16:00:00+00:00
8085072314623,D3,1,,,,0,337,Likely churned,2025-05-27 16:00:00+00:00,2025-05-27 16:00:00+00:00
8093263364351,D3,1,,,,0,334,Likely churned,2025-05-30 16:00:00+00:00,2025-05-30 16:00:00+00:00
8098559328511,D3,1,,,,0,332,Likely churned,2025-06-01 16:00:00+00:00,2025-06-01 16:00:00+00:00
8099604300031,D3,1,,,,0,332,Likely churned,2025-06-01 16:00:00+00:00,2025-06-01 16:00:00+00:00
8099616981247,D3,1,,,,0,332,Likely churned,2025-06-01 16:00:00+00:00,2025-06-01 16:00:00+00:00
8101295620351,D3,1,,,,0,331,Likely churned,2025-06-02 16:00:00+00:00,2025-06-02 16:00:00+00:00
8101696995583,D3,1,,,,0,331,Likely churned,2025-06-02 16:00:00+00:00,2025-06-02 16:00:00+00:00
8106201874687,D3,1,,,,0,330,Likely churned,2025-06-03 16:00:00+00:00,2025-06-03 16:00:00+00:00
7756425855231,D4,1,,,,0,716,Likely churned,2024-05-13 16:00:00+00:00,2024-05-13 16:00:00+00:00
8017510826239,D3,1,,,,0,359,Likely churned,2025-05-05 16:00:00+00:00,2025-05-05 16:00:00+00:00
8081163682047,D3,1,,,,0,338,Likely churned,2025-05-26 16:00:00+00:00,2025-05-26 16:00:00+00:00
8009441018111,D3,1,,,,0,358,Likely churned,2025-05-06 16:00:00+00:00,2025-05-06 16:00:00+00:00
8001316258047,D3,1,,,,0,363,Likely churned,2025-05-01 16:00:00+00:00,2025-05-01 16:00:00+00:00
8013910507775,D3,1,,,,0,358,Likely churned,2025-05-06 16:00:00+00:00,2025-05-06 16:00:00+00:00
8017677648127,D3,1,,,,0,358,Likely churned,2025-05-06 16:00:00+00:00,2025-05-06 16:00:00+00:00
8025648005375,D3,1,,,,0,358,Likely churned,2025-05-06 16:00:00+00:00,2025-05-06 16:00:00+00:00
8080121921791,D3,1,,,,0,339,Likely churned,2025-05-25 16:00:00+00:00,2025-05-25 16:00:00+00:00
7756478316799,D4,1,,,,0,342,Likely churned,2025-05-22 16:00:00+00:00,2025-05-22 16:00:00+00:00
8052244119807,D3,1,,,,0,337,Likely churned,2025-05-27 16:00:00+00:00,2025-05-27 16:00:00+00:00
8082922176767,D3,1,,,,0,338,Likely churned,2025-05-26 16:00:00+00:00,2025-05-26 16:00:00+00:00
8091621916927,D3,1,,,,0,333,Likely churned,2025-05-31 16:00:00+00:00,2025-05-31 16:00:00+00:00
8096862929151,D3,1,,,,0,333,Likely churned,2025-05-31 16:00:00+00:00,2025-05-31 16:00:00+00:00
7974247530751,D3,1,,,,0,364,Likely churned,2025-04-30 16:00:00+00:00,2025-04-30 16:00:00+00:00
7986042929407,D3,1,,,,0,365,Likely churned,2025-04-29 16:00:00+00:00,2025-04-29 16:00:00+00:00
7987021545727,D3,1,,,,0,365,Likely churned,2025-04-29 16:00:00+00:00,2025-04-29 16:00:00+00:00
7994403029247,D3,1,,,,0,364,Likely churned,2025-04-30 16:00:00+00:00,2025-04-30 16:00:00+00:00
8025703809279,D3,1,,,,0,350,Likely churned,2025-05-14 16:00:00+00:00,2025-05-14 16:00:00+00:00
8026601783551,D3,1,,,,0,357,Likely churned,2025-05-07 16:00:00+00:00,2025-05-07 16:00:00+00:00
8084578664703,D3,1,,,,0,337,Likely churned,2025-05-27 16:00:00+00:00,2025-05-27 16:00:00+00:00
7756468814079,D4,1,,,,0,348,Likely churned,2025-05-16 16:00:00+00:00,2025-05-16 16:00:00+00:00
7984326705407,D3,1,,,,0,366,Likely churned,2025-04-28 16:00:00+00:00,2025-04-28 16:00:00+00:00
7989422915839,D3,1,,,,0,364,Likely churned,2025-04-30 16:00:00+00:00,2025-04-30 16:00:00+00:00
8054260531455,D3,1,,,,0,348,Likely churned,2025-05-16 16:00:00+00:00,2025-05-16 16:00:00+00:00
8058275791103,D3,1,,,,0,347,Likely churned,2025-05-17 16:00:00+00:00,2025-05-17 16:00:00+00:00
8033668399359,D3,1,,,,0,355,Likely churned,2025-05-09 16:00:00+00:00,2025-05-09 16:00:00+00:00
8035219767551,D3,1,,,,0,354,Likely churned,2025-05-10 16:00:00+00:00,2025-05-10 16:00:00+00:00
8036005380351,D3,1,,,,0,354,Likely churned,2025-05-10 16:00:00+00:00,2025-05-10 16:00:00+00:00
8054987063551,D3,1,,,,0,345,Likely churned,2025-05-19 16:00:00+00:00,2025-05-19 16:00:00+00:00
8063554158847,D3,1,,,,0,345,Likely churned,2025-05-19 16:00:00+00:00,2025-05-19 16:00:00+00:00
8099512942847,D3,1,,,,0,332,Likely churned,2025-06-01 16:00:00+00:00,2025-06-01 16:00:00+00:00
7953635377407,D3,1,,,,0,355,Likely churned,2025-05-09 16:00:00+00:00,2025-05-09 16:00:00+00:00
8033865564415,D3,1,,,,0,355,Likely churned,2025-05-09 16:00:00+00:00,2025-05-09 16:00:00+00:00
8033941029119,D3,1,,,,0,355,Likely churned,2025-05-09 16:00:00+00:00,2025-05-09 16:00:00+00:00
8033941389567,D3,1,,,,0,355,Likely churned,2025-05-09 16:00:00+00:00,2025-05-09 16:00:00+00:00
8035869753599,D3,1,,,,0,354,Likely churned,2025-05-10 16:00:00+00:00,2025-05-10 16:00:00+00:00
8041640952063,D3,1,,,,0,351,Likely churned,2025-05-13 16:00:00+00:00,2025-05-13 16:00:00+00:00
8040205353215,D3,1,,,,0,352,Likely churned,2025-05-12 16:00:00+00:00,2025-05-12 16:00:00+00:00
8041565847807,D3,1,,,,0,351,Likely churned,2025-05-13 16:00:00+00:00,2025-05-13 16:00:00+00:00
8041576464639,D3,1,,,,0,351,Likely churned,2025-05-13 16:00:00+00:00,2025-05-13 16:00:00+00:00
7978250043647,D3,1,,,,0,369,Likely churned,2025-04-25 16:00:00+00:00,2025-04-25 16:00:00+00:00
7979875467519,D3,1,,,,0,368,Likely churned,2025-04-26 16:00:00+00:00,2025-04-26 16:00:00+00:00
7981294485759,D3,1,,,,0,367,Likely churned,2025-04-27 16:00:00+00:00,2025-04-27 16:00:00+00:00
7843931291903,D3,1,,,,0,370,Likely churned,2025-04-24 16:00:00+00:00,2025-04-24 16:00:00+00:00
7975543505151,D3,1,,,,0,371,Likely churned,2025-04-23 16:00:00+00:00,2025-04-23 16:00:00+00:00
7953771331839,D3,1,,,,0,385,Likely churned,2025-04-09 16:00:00+00:00,2025-04-09 16:00:00+00:00
7962148634879,D3,1,,,,0,379,Likely churned,2025-04-15 16:00:00+00:00,2025-04-15 16:00:00+00:00
7971282485503,D3,1,,,,0,373,Likely churned,2025-04-21 16:00:00+00:00,2025-04-21 16:00:00+00:00
7946981572863,D3,1,,,,0,382,Likely churned,2025-04-12 16:00:00+00:00,2025-04-12 16:00:00+00:00
7960906924287,D3,1,,,,0,380,Likely churned,2025-04-14 16:00:00+00:00,2025-04-14 16:00:00+00:00
7973855068415,D3,1,,,,0,372,Likely churned,2025-04-22 16:00:00+00:00,2025-04-22 16:00:00+00:00
7953742430463,D3,1,,,,0,374,Likely churned,2025-04-20 16:00:00+00:00,2025-04-20 16:00:00+00:00
7955217023231,D3,1,,,,0,384,Likely churned,2025-04-10 16:00:00+00:00,2025-04-10 16:00:00+00:00
7958669623551,D3,1,,,,0,381,Likely churned,2025-04-13 16:00:00+00:00,2025-04-13 16:00:00+00:00
7962873069823,D3,1,,,,0,379,Likely churned,2025-04-15 16:00:00+00:00,2025-04-15 16:00:00+00:00
7939081961727,D3,1,,,,0,381,Likely churned,2025-04-13 16:00:00+00:00,2025-04-13 16:00:00+00:00
7954731794687,D3,1,,,,0,381,Likely churned,2025-04-13 16:00:00+00:00,2025-04-13 16:00:00+00:00
7959066575103,D3,1,,,,0,381,Likely churned,2025-04-13 16:00:00+00:00,2025-04-13 16:00:00+00:00
7962473169151,D3,1,,,,0,379,Likely churned,2025-04-15 16:00:00+00:00,2025-04-15 16:00:00+00:00
7962796523775,D3,1,,,,0,379,Likely churned,2025-04-15 16:00:00+00:00,2025-04-15 16:00:00+00:00
7964162883839,D3,1,,,,0,378,Likely churned,2025-04-16 16:00:00+00:00,2025-04-16 16:00:00+00:00
7831677305087,D3,1,,,,0,374,Likely churned,2025-04-20 16:00:00+00:00,2025-04-20 16:00:00+00:00
7756452692223,D4,1,,,,0,375,Likely churned,2025-04-19 16:00:00+00:00,2025-04-19 16:00:00+00:00
7967132156159,D3,1,,,,0,376,Likely churned,2025-04-18 16:00:00+00:00,2025-04-18 16:00:00+00:00
7967145787647,D3,1,,,,0,376,Likely churned,2025-04-18 16:00:00+00:00,2025-04-18 16:00:00+00:00
7967631802623,D3,1,,,,0,376,Likely churned,2025-04-18 16:00:00+00:00,2025-04-18 16:00:00+00:00
7968520470783,D3,1,,,,0,375,Likely churned,2025-04-19 16:00:00+00:00,2025-04-19 16:00:00+00:00
7969001079039,D3,1,,,,0,375,Likely churned,2025-04-19 16:00:00+00:00,2025-04-19 16:00:00+00:00
8140492046591,D3,1,,,,0,316,Likely churned,2025-06-17 16:00:00+00:00,2025-06-17 16:00:00+00:00
8081245405439,D3,1,,,,0,338,Likely churned,2025-05-26 16:00:00+00:00,2025-05-26 16:00:00+00:00
8066563244287,D3,1,,,,0,334,Likely churned,2025-05-30 16:00:00+00:00,2025-05-30 16:00:00+00:00
8077599473919,D3,1,,,,0,340,Likely churned,2025-05-24 16:00:00+00:00,2025-05-24 16:00:00+00:00
8096271827199,D3,1,,,,0,333,Likely churned,2025-05-31 16:00:00+00:00,2025-05-31 16:00:00+00:00
8096681820415,D3,1,,,,0,333,Likely churned,2025-05-31 16:00:00+00:00,2025-05-31 16:00:00+00:00
8071174652159,D3,1,,,,0,343,Likely churned,2025-05-21 16:00:00+00:00,2025-05-21 16:00:00+00:00
7949365117183,D3,1,,,,0,386,Likely churned,2025-04-08 16:00:00+00:00,2025-04-08 16:00:00+00:00
7518816469247,D5,1,,,,0,347,Likely churned,2025-05-17 16:00:00+00:00,2025-05-17 16:00:00+00:00
8028178481407,D3,1,,,,0,345,Likely churned,2025-05-19 16:00:00+00:00,2025-05-19 16:00:00+00:00
8079788310783,D3,1,,,,0,339,Likely churned,2025-05-25 16:00:00+00:00,2025-05-25 16:00:00+00:00
7756042469631,D1,2,0.0,,,0,1529,Likely churned,2022-02-20 16:00:00+00:00,2022-02-20 16:00:00+00:00
7756042600703,D1,2,0.0,,,0,1530,Likely churned,2022-02-19 16:00:00+00:00,2022-02-19 16:00:00+00:00
7756042764543,D4,1,,,,0,1530,Likely churned,2022-02-19 16:00:00+00:00,2022-02-19 16:00:00+00:00
7756046205183,D1,2,0.0,,,0,1566,Likely churned,2022-01-14 16:00:00+00:00,2022-01-14 16:00:00+00:00
7756419006719,D4,1,,,,0,741,Likely churned,2024-04-18 16:00:00+00:00,2024-04-18 16:00:00+00:00
7960494932223,D3,1,,,,0,380,Likely churned,2025-04-14 16:00:00+00:00,2025-04-14 16:00:00+00:00
7966805885183,D3,1,,,,0,376,Likely churned,2025-04-18 16:00:00+00:00,2025-04-18 16:00:00+00:00
7975535345919,D3,1,,,,0,371,Likely churned,2025-04-23 16:00:00+00:00,2025-04-23 16:00:00+00:00
8013711114495,D3,1,,,,0,361,Likely churned,2025-05-03 16:00:00+00:00,2025-05-03 16:00:00+00:00
8014995226879,D3,1,,,,0,360,Likely churned,2025-05-04 16:00:00+00:00,2025-05-04 16:00:00+00:00
8015538847999,D3,1,,,,0,360,Likely churned,2025-05-04 16:00:00+00:00,2025-05-04 16:00:00+00:00
8065487667455,D3,1,,,,0,344,Likely churned,2025-05-20 16:00:00+00:00,2025-05-20 16:00:00+00:00
8070474268927,D3,1,,,,0,343,Likely churned,2025-05-21 16:00:00+00:00,2025-05-21 16:00:00+00:00
8108609241343,D3,1,,,,0,329,Likely churned,2025-06-04 16:00:00+00:00,2025-06-04 16:00:00+00:00
8108840026367,D3,1,,,,0,329,Likely churned,2025-06-04 16:00:00+00:00,2025-06-04 16:00:00+00:00
6327521149183,D5,1,,,,0,1532,Likely churned,2022-02-17 16:00:00+00:00,2022-02-17 16:00:00+00:00
6327547461887,D5,1,,,,0,1575,Likely churned,2022-01-05 16:00:00+00:00,2022-01-05 16:00:00+00:00
6327562043647,D5,1,,,,0,1569,Likely churned,2022-01-11 16:00:00+00:00,2022-01-11 16:00:00+00:00
6327635149055,D5,1,,,,0,1532,Likely churned,2022-02-17 16:00:00+00:00,2022-02-17 16:00:00+00:00
6327638130943,D5,1,,,,0,1563,Likely churned,2022-01-17 16:00:00+00:00,2022-01-17 16:00:00+00:00
6327775232255,D5,1,,,,0,1532,Likely churned,2022-02-17 16:00:00+00:00,2022-02-17 16:00:00+00:00
6328269734143,D5,1,,,,0,1530,Likely churned,2022-02-19 16:00:00+00:00,2022-02-19 16:00:00+00:00
6328296833279,D5,1,,,,0,1531,Likely churned,2022-02-18 16:00:00+00:00,2022-02-18 16:00:00+00:00
6329623871743,D5,1,,,,0,1526,Likely churned,2022-02-23 16:00:00+00:00,2022-02-23 16:00:00+00:00
6329863831807,D5,1,,,,0,1532,Likely churned,2022-02-17 16:00:00+00:00,2022-02-17 16:00:00+00:00
6329871991039,D5,1,,,,0,1577,Likely churned,2022-01-03 16:00:00+00:00,2022-01-03 16:00:00+00:00
6329874088191,D5,1,,,,0,1580,Likely churned,2021-12-31 16:00:00+00:00,2021-12-31 16:00:00+00:00
6336636748031,D5,1,,,,0,1574,Likely churned,2022-01-06 16:00:00+00:00,2022-01-06 16:00:00+00:00
6336667287807,D5,1,,,,0,1539,Likely churned,2022-02-10 16:00:00+00:00,2022-02-10 16:00:00+00:00
6336677970175,D5,1,,,,0,1566,Likely churned,2022-01-14 16:00:00+00:00,2022-01-14 16:00:00+00:00
6336681378047,D5,1,,,,0,1539,Likely churned,2022-02-10 16:00:00+00:00,2022-02-10 16:00:00+00:00
6336760840447,D5,1,,,,0,1535,Likely churned,2022-02-14 16:00:00+00:00,2022-02-14 16:00:00+00:00
6423601152255,D5,1,,,,0,1529,Likely churned,2022-02-20 16:00:00+00:00,2022-02-20 16:00:00+00:00
6423601217791,D5,1,,,,0,1529,Likely churned,2022-02-20 16:00:00+00:00,2022-02-20 16:00:00+00:00
6423601381631,D5,1,,,,0,1529,Likely churned,2022-02-20 16:00:00+00:00,2022-02-20 16:00:00+00:00
6423601479935,D5,1,,,,0,1529,Likely churned,2022-02-20 16:00:00+00:00,2022-02-20 16:00:00+00:00
6423601709311,D5,1,,,,0,1530,Likely churned,2022-02-19 16:00:00+00:00,2022-02-19 16:00:00+00:00
6423602036991,D5,1,,,,0,1530,Likely churned,2022-02-19 16:00:00+00:00,2022-02-19 16:00:00+00:00
6423602200831,D5,1,,,,0,1530,Likely churned,2022-02-19 16:00:00+00:00,2022-02-19 16:00:00+00:00
6423602790655,D5,1,,,,0,1532,Likely churned,2022-02-17 16:00:00+00:00,2022-02-17 16:00:00+00:00
6423603839231,D5,1,,,,0,1536,Likely churned,2022-02-13 16:00:00+00:00,2022-02-13 16:00:00+00:00
6423604101375,D5,1,,,,0,1536,Likely churned,2022-02-13 16:00:00+00:00,2022-02-13 16:00:00+00:00
6423604134143,D5,1,,,,0,1537,Likely churned,2022-02-12 16:00:00+00:00,2022-02-12 16:00:00+00:00
6423604232447,D5,1,,,,0,1538,Likely churned,2022-02-11 16:00:00+00:00,2022-02-11 16:00:00+00:00
6423604265215,D5,1,,,,0,1538,Likely churned,2022-02-11 16:00:00+00:00,2022-02-11 16:00:00+00:00
6423604592895,D5,1,,,,0,1538,Likely churned,2022-02-11 16:00:00+00:00,2022-02-11 16:00:00+00:00
6423604789503,D5,1,,,,0,1539,Likely churned,2022-02-10 16:00:00+00:00,2022-02-10 16:00:00+00:00
6423604986111,D5,1,,,,0,1539,Likely churned,2022-02-10 16:00:00+00:00,2022-02-10 16:00:00+00:00
6423605051647,D5,1,,,,0,1540,Likely churned,2022-02-09 16:00:00+00:00,2022-02-09 16:00:00+00:00
6423607279871,D5,1,,,,0,1558,Likely churned,2022-01-22 16:00:00+00:00,2022-01-22 16:00:00+00:00
6423608131839,D5,1,,,,0,1562,Likely churned,2022-01-18 16:00:00+00:00,2022-01-18 16:00:00+00:00
6423608426751,D5,1,,,,0,1563,Likely churned,2022-01-17 16:00:00+00:00,2022-01-17 16:00:00+00:00
6423609934079,D5,1,,,,0,1565,Likely churned,2022-01-15 16:00:00+00:00,2022-01-15 16:00:00+00:00
6423610065151,D5,1,,,,0,1565,Likely churned,2022-01-15 16:00:00+00:00,2022-01-15 16:00:00+00:00
6423610261759,D5,1,,,,0,1566,Likely churned,2022-01-14 16:00:00+00:00,2022-01-14 16:00:00+00:00
6423611474175,D5,1,,,,0,1573,Likely churned,2022-01-07 16:00:00+00:00,2022-01-07 16:00:00+00:00
6423611670783,D5,1,,,,0,1574,Likely churned,2022-01-06 16:00:00+00:00,2022-01-06 16:00:00+00:00
6423611965695,D5,1,,,,0,1574,Likely churned,2022-01-06 16:00:00+00:00,2022-01-06 16:00:00+00:00
6423612358911,D5,1,,,,0,1576,Likely churned,2022-01-04 16:00:00+00:00,2022-01-04 16:00:00+00:00
6423612588287,D5,1,,,,0,1576,Likely churned,2022-01-04 16:00:00+00:00,2022-01-04 16:00:00+00:00
6423612752127,D5,1,,,,0,1576,Likely churned,2022-01-04 16:00:00+00:00,2022-01-04 16:00:00+00:00
6423613702399,D5,1,,,,0,1579,Likely churned,2022-01-01 16:00:00+00:00,2022-01-01 16:00:00+00:00
6423613964543,D5,1,,,,0,1580,Likely churned,2021-12-31 16:00:00+00:00,2021-12-31 16:00:00+00:00
6423614030079,D5,1,,,,0,1580,Likely churned,2021-12-31 16:00:00+00:00,2021-12-31 16:00:00+00:00
6423614128383,D5,1,,,,0,1580,Likely churned,2021-12-31 16:00:00+00:00,2021-12-31 16:00:00+00:00
8160775373055,D3,1,,,,0,308,Likely churned,2025-06-25 16:00:00+00:00,2025-06-25 16:00:00+00:00
8164897816831,D3,1,,,,0,306,Likely churned,2025-06-27 16:00:00+00:00,2025-06-27 16:00:00+00:00
6327661527295,D5,1,,,,0,1360,Likely churned,2022-08-08 16:00:00+00:00,2022-08-08 16:00:00+00:00
7756034212095,D4,1,,,,0,1442,Likely churned,2022-05-18 16:00:00+00:00,2022-05-18 16:00:00+00:00
7756034638079,D4,1,,,,0,1449,Likely churned,2022-05-11 16:00:00+00:00,2022-05-11 16:00:00+00:00
7756039356671,D4,1,,,,0,1501,Likely churned,2022-03-20 16:00:00+00:00,2022-03-20 16:00:00+00:00
7755961499903,D5,1,,,,0,1478,Likely churned,2022-04-12 16:00:00+00:00,2022-04-12 16:00:00+00:00
7756042207487,D4,1,,,,0,1524,Likely churned,2022-02-25 16:00:00+00:00,2022-02-25 16:00:00+00:00
7756043649279,D4,1,,,,0,1538,Likely churned,2022-02-11 16:00:00+00:00,2022-02-11 16:00:00+00:00
7756043714815,D4,1,,,,0,1539,Likely churned,2022-02-10 16:00:00+00:00,2022-02-10 16:00:00+00:00
7756043813119,D4,1,,,,0,1539,Likely churned,2022-02-10 16:00:00+00:00,2022-02-10 16:00:00+00:00
7756043878655,D4,1,,,,0,1539,Likely churned,2022-02-10 16:00:00+00:00,2022-02-10 16:00:00+00:00
7756043976959,D4,1,,,,0,1539,Likely churned,2022-02-10 16:00:00+00:00,2022-02-10 16:00:00+00:00
7756044009727,D4,1,,,,0,1539,Likely churned,2022-02-10 16:00:00+00:00,2022-02-10 16:00:00+00:00
7756044075263,D4,1,,,,0,1540,Likely churned,2022-02-09 16:00:00+00:00,2022-02-09 16:00:00+00:00
6423240114431,D5,1,,,,0,1427,Likely churned,2022-06-02 16:00:00+00:00,2022-06-02 16:00:00+00:00
6423240212735,D5,1,,,,0,1427,Likely churned,2022-06-02 16:00:00+00:00,2022-06-02 16:00:00+00:00
7756043944191,D4,1,,,,0,1539,Likely churned,2022-02-10 16:00:00+00:00,2022-02-10 16:00:00+00:00
7756046795007,D4,1,,,,0,1570,Likely churned,2022-01-10 16:00:00+00:00,2022-01-10 16:00:00+00:00
8226068988159,D3,1,,,,0,236,Likely churned,2025-09-05 16:00:00+00:00,2025-09-05 16:00:00+00:00
8289088340223,D3,1,,,,0,247,Likely churned,2025-08-25 16:00:00+00:00,2025-08-25 16:00:00+00:00
8294948045055,D3,1,,,,0,244,Likely churned,2025-08-28 16:00:00+00:00,2025-08-28 16:00:00+00:00
8296332198143,D3,1,,,,0,243,Likely churned,2025-08-29 16:00:00+00:00,2025-08-29 16:00:00+00:00
8244467269887,D3,1,,,,0,255,Likely churned,2025-08-17 16:00:00+00:00,2025-08-17 16:00:00+00:00
8263964360959,D3,1,,,,0,255,Likely churned,2025-08-17 16:00:00+00:00,2025-08-17 16:00:00+00:00
8263988674815,D3,1,,,,0,255,Likely churned,2025-08-17 16:00:00+00:00,2025-08-17 16:00:00+00:00
8226071707903,D3,1,,,,0,258,Likely churned,2025-08-14 16:00:00+00:00,2025-08-14 16:00:00+00:00
8244467532031,D3,1,,,,0,258,Likely churned,2025-08-14 16:00:00+00:00,2025-08-14 16:00:00+00:00
8247810031871,D3,1,,,,0,256,Likely churned,2025-08-16 16:00:00+00:00,2025-08-16 16:00:00+00:00
8258907996415,D3,1,,,,0,258,Likely churned,2025-08-14 16:00:00+00:00,2025-08-14 16:00:00+00:00
8260049305855,D3,1,,,,0,257,Likely churned,2025-08-15 16:00:00+00:00,2025-08-15 16:00:00+00:00
8261334434047,D3,1,,,,0,256,Likely churned,2025-08-16 16:00:00+00:00,2025-08-16 16:00:00+00:00
8263798915327,D3,1,,,,0,255,Likely churned,2025-08-17 16:00:00+00:00,2025-08-17 16:00:00+00:00
8284237594879,D3,1,,,,0,250,Likely churned,2025-08-22 16:00:00+00:00,2025-08-22 16:00:00+00:00
8253839147263,D3,1,,,,0,260,Likely churned,2025-08-12 16:00:00+00:00,2025-08-12 16:00:00+00:00
8367200993535,D2,1,,,,0,206,Likely churned,2025-10-05 16:00:00+00:00,2025-10-05 16:00:00+00:00
7756398231807,D4,1,,,,0,387,Likely churned,2025-04-07 16:00:00+00:00,2025-04-07 16:00:00+00:00
6532493574399,D5,1,,,,0,387,Likely churned,2025-04-07 16:00:00+00:00,2025-04-07 16:00:00+00:00
7947457921279,D3,1,,,,0,387,Likely churned,2025-04-07 16:00:00+00:00,2025-04-07 16:00:00+00:00
7948912394495,D3,1,,,,0,386,Likely churned,2025-04-08 16:00:00+00:00,2025-04-08 16:00:00+00:00
7949118767359,D3,1,,,,0,386,Likely churned,2025-04-08 16:00:00+00:00,2025-04-08 16:00:00+00:00
7949352468735,D3,1,,,,0,386,Likely churned,2025-04-08 16:00:00+00:00,2025-04-08 16:00:00+00:00
7953428513023,D3,1,,,,0,385,Likely churned,2025-04-09 16:00:00+00:00,2025-04-09 16:00:00+00:00
7953496867071,D3,1,,,,0,385,Likely churned,2025-04-09 16:00:00+00:00,2025-04-09 16:00:00+00:00
7953525604607,D3,1,,,,0,385,Likely churned,2025-04-09 16:00:00+00:00,2025-04-09 16:00:00+00:00
7756411764991,D4,1,,,,0,386,Likely churned,2025-04-08 16:00:00+00:00,2025-04-08 16:00:00+00:00
7949294174463,D3,1,,,,0,386,Likely churned,2025-04-08 16:00:00+00:00,2025-04-08 16:00:00+00:00
7952972939519,D3,1,,,,0,385,Likely churned,2025-04-09 16:00:00+00:00,2025-04-09 16:00:00+00:00
8242732761343,D3,1,,,,0,266,Likely churned,2025-08-06 16:00:00+00:00,2025-08-06 16:00:00+00:00
7756042043647,D4,1,,,,0,1523,Likely churned,2022-02-26 16:00:00+00:00,2022-02-26 16:00:00+00:00
7756042338559,D4,1,,,,0,1527,Likely churned,2022-02-22 16:00:00+00:00,2022-02-22 16:00:00+00:00
7756042436863,D4,1,,,,0,1529,Likely churned,2022-02-20 16:00:00+00:00,2022-02-20 16:00:00+00:00
7756042535167,D4,1,,,,0,1530,Likely churned,2022-02-19 16:00:00+00:00,2022-02-19 16:00:00+00:00
7756042567935,D4,1,,,,0,1529,Likely churned,2022-02-20 16:00:00+00:00,2022-02-20 16:00:00+00:00
7756042666239,D4,1,,,,0,1530,Likely churned,2022-02-19 16:00:00+00:00,2022-02-19 16:00:00+00:00
7756042699007,D4,1,,,,0,1530,Likely churned,2022-02-19 16:00:00+00:00,2022-02-19 16:00:00+00:00
7756042830079,D4,1,,,,0,1531,Likely churned,2022-02-18 16:00:00+00:00,2022-02-18 16:00:00+00:00
7756042862847,D4,1,,,,0,1531,Likely churned,2022-02-18 16:00:00+00:00,2022-02-18 16:00:00+00:00
7756042961151,D4,1,,,,0,1531,Likely churned,2022-02-18 16:00:00+00:00,2022-02-18 16:00:00+00:00
7756043026687,D4,1,,,,0,1531,Likely churned,2022-02-18 16:00:00+00:00,2022-02-18 16:00:00+00:00
7756043157759,D4,1,,,,0,1532,Likely churned,2022-02-17 16:00:00+00:00,2022-02-17 16:00:00+00:00
7756043354367,D4,1,,,,0,1536,Likely churned,2022-02-13 16:00:00+00:00,2022-02-13 16:00:00+00:00
7756043419903,D4,1,,,,0,1537,Likely churned,2022-02-12 16:00:00+00:00,2022-02-12 16:00:00+00:00
7756043452671,D4,1,,,,0,1537,Likely churned,2022-02-12 16:00:00+00:00,2022-02-12 16:00:00+00:00
7756043485439,D4,1,,,,0,1537,Likely churned,2022-02-12 16:00:00+00:00,2022-02-12 16:00:00+00:00
7756043550975,D4,1,,,,0,1538,Likely churned,2022-02-11 16:00:00+00:00,2022-02-11 16:00:00+00:00
7756045844735,D4,1,,,,0,1564,Likely churned,2022-01-16 16:00:00+00:00,2022-01-16 16:00:00+00:00
7756045910271,D4,1,,,,0,1565,Likely churned,2022-01-15 16:00:00+00:00,2022-01-15 16:00:00+00:00
7756046074111,D4,1,,,,0,1566,Likely churned,2022-01-14 16:00:00+00:00,2022-01-14 16:00:00+00:00
7756046401791,D4,1,,,,0,1567,Likely churned,2022-01-13 16:00:00+00:00,2022-01-13 16:00:00+00:00
7756046598399,D4,1,,,,0,1568,Likely churned,2022-01-12 16:00:00+00:00,2022-01-12 16:00:00+00:00
7756046893311,D4,1,,,,0,1570,Likely churned,2022-01-10 16:00:00+00:00,2022-01-10 16:00:00+00:00
7756047122687,D4,1,,,,0,1571,Likely churned,2022-01-09 16:00:00+00:00,2022-01-09 16:00:00+00:00
7756047155455,D4,1,,,,0,1571,Likely churned,2022-01-09 16:00:00+00:00,2022-01-09 16:00:00+00:00
7756047286527,D4,1,,,,0,1571,Likely churned,2022-01-09 16:00:00+00:00,2022-01-09 16:00:00+00:00
7756047548671,D4,1,,,,0,1572,Likely churned,2022-01-08 16:00:00+00:00,2022-01-08 16:00:00+00:00
7756047581439,D4,1,,,,0,1572,Likely churned,2022-01-08 16:00:00+00:00,2022-01-08 16:00:00+00:00
7756047614207,D4,1,,,,0,1572,Likely churned,2022-01-08 16:00:00+00:00,2022-01-08 16:00:00+00:00
7756047646975,D4,1,,,,0,1572,Likely churned,2022-01-08 16:00:00+00:00,2022-01-08 16:00:00+00:00
7756047679743,D4,1,,,,0,1572,Likely churned,2022-01-08 16:00:00+00:00,2022-01-08 16:00:00+00:00
7756047745279,D4,1,,,,0,1572,Likely churned,2022-01-08 16:00:00+00:00,2022-01-08 16:00:00+00:00
7756047778047,D4,1,,,,0,1573,Likely churned,2022-01-07 16:00:00+00:00,2022-01-07 16:00:00+00:00
7756047909119,D4,1,,,,0,1573,Likely churned,2022-01-07 16:00:00+00:00,2022-01-07 16:00:00+00:00
7756048072959,D4,1,,,,0,1574,Likely churned,2022-01-06 16:00:00+00:00,2022-01-06 16:00:00+00:00
7756048171263,D4,1,,,,0,1574,Likely churned,2022-01-06 16:00:00+00:00,2022-01-06 16:00:00+00:00
7756048466175,D4,1,,,,0,1574,Likely churned,2022-01-06 16:00:00+00:00,2022-01-06 16:00:00+00:00
7756039618815,D4,1,,,,0,1508,Likely churned,2022-03-13 16:00:00+00:00,2022-03-13 16:00:00+00:00
7756048138495,D4,1,,,,0,1574,Likely churned,2022-01-06 16:00:00+00:00,2022-01-06 16:00:00+00:00
7756035457279,D4,1,,,,0,1457,Likely churned,2022-05-03 16:00:00+00:00,2022-05-03 16:00:00+00:00
6327706059007,D2,2,0.0,,,0,1567,Likely churned,2022-01-13 16:00:00+00:00,2022-01-13 16:00:00+00:00
6423595516159,D5,1,,,,0,1488,Likely churned,2022-04-02 16:00:00+00:00,2022-04-02 16:00:00+00:00
6423595286783,D5,1,,,,0,1487,Likely churned,2022-04-03 16:00:00+00:00,2022-04-03 16:00:00+00:00
6327551426815,D5,1,,,,0,1488,Likely churned,2022-04-02 16:00:00+00:00,2022-04-02 16:00:00+00:00
6327662870783,D5,1,,,,0,1490,Likely churned,2022-03-31 16:00:00+00:00,2022-03-31 16:00:00+00:00
6328294047999,D5,1,,,,0,1487,Likely churned,2022-04-03 16:00:00+00:00,2022-04-03 16:00:00+00:00
6423590797567,D5,1,,,,0,1460,Likely churned,2022-04-30 16:00:00+00:00,2022-04-30 16:00:00+00:00
6423595417855,D5,1,,,,0,1487,Likely churned,2022-04-03 16:00:00+00:00,2022-04-03 16:00:00+00:00
6423595450623,D5,1,,,,0,1487,Likely churned,2022-04-03 16:00:00+00:00,2022-04-03 16:00:00+00:00
6424267129087,D1,4,0.0,1.0,1.0,2,1452,Likely churned,2022-05-06 16:00:00+00:00,2022-05-08 16:00:00+00:00
7756037587199,D4,1,,,,0,1476,Likely churned,2022-04-14 16:00:00+00:00,2022-04-14 16:00:00+00:00
6327678501119,D2,2,1166.0,,,1166,361,Likely churned,2022-02-22 16:00:00+00:00,2025-05-03 16:00:00+00:00
8015279849727,D3,1,,,,0,360,Likely churned,2025-05-04 16:00:00+00:00,2025-05-04 16:00:00+00:00
8015323431167,D3,1,,,,0,360,Likely churned,2025-05-04 16:00:00+00:00,2025-05-04 16:00:00+00:00
8015623946495,D3,1,,,,0,360,Likely churned,2025-05-04 16:00:00+00:00,2025-05-04 16:00:00+00:00
8007184122111,D3,1,,,,0,360,Likely churned,2025-05-04 16:00:00+00:00,2025-05-04 16:00:00+00:00
8008304951551,D3,1,,,,0,362,Likely churned,2025-05-02 16:00:00+00:00,2025-05-02 16:00:00+00:00
8008515059967,D3,1,,,,0,362,Likely churned,2025-05-02 16:00:00+00:00,2025-05-02 16:00:00+00:00
8013774881023,D3,1,,,,0,361,Likely churned,2025-05-03 16:00:00+00:00,2025-05-03 16:00:00+00:00
8015096807679,D3,1,,,,0,360,Likely churned,2025-05-04 16:00:00+00:00,2025-05-04 16:00:00+00:00
7308225970431,D5,1,,,,0,702,Likely churned,2024-05-27 16:00:00+00:00,2024-05-27 16:00:00+00:00
7314094194943,D5,1,,,,0,699,Likely churned,2024-05-30 16:00:00+00:00,2024-05-30 16:00:00+00:00
7471965110527,D5,1,,,,0,608,Likely churned,2024-08-29 16:00:00+00:00,2024-08-29 16:00:00+00:00
7475209109759,D5,1,,,,0,607,Likely churned,2024-08-30 16:00:00+00:00,2024-08-30 16:00:00+00:00
7475307348223,D5,1,,,,0,607,Likely churned,2024-08-30 16:00:00+00:00,2024-08-30 16:00:00+00:00
7476743209215,D5,1,,,,0,606,Likely churned,2024-08-31 16:00:00+00:00,2024-08-31 16:00:00+00:00
7476745863423,D5,1,,,,0,606,Likely churned,2024-08-31 16:00:00+00:00,2024-08-31 16:00:00+00:00
7476891648255,D5,1,,,,0,606,Likely churned,2024-08-31 16:00:00+00:00,2024-08-31 16:00:00+00:00
7514098761983,D5,1,,,,0,584,Likely churned,2024-09-22 16:00:00+00:00,2024-09-22 16:00:00+00:00
7517817372927,D5,1,,,,0,582,Likely churned,2024-09-24 16:00:00+00:00,2024-09-24 16:00:00+00:00
7519999066367,D5,1,,,,0,580,Likely churned,2024-09-26 16:00:00+00:00,2024-09-26 16:00:00+00:00
7521949188351,D5,1,,,,0,578,Likely churned,2024-09-28 16:00:00+00:00,2024-09-28 16:00:00+00:00
7549021913343,D5,1,,,,0,566,Likely churned,2024-10-10 16:00:00+00:00,2024-10-10 16:00:00+00:00
7694672920831,D5,1,,,,0,507,Likely churned,2024-12-08 16:00:00+00:00,2024-12-08 16:00:00+00:00
7895743430911,D3,1,,,,0,415,Likely churned,2025-03-10 16:00:00+00:00,2025-03-10 16:00:00+00:00
7902379475199,D3,1,,,,0,410,Likely churned,2025-03-15 16:00:00+00:00,2025-03-15 16:00:00+00:00
7942600655103,D3,1,,,,0,382,Likely churned,2025-04-12 16:00:00+00:00,2025-04-12 16:00:00+00:00
7945951576319,D3,1,,,,0,388,Likely churned,2025-04-06 16:00:00+00:00,2025-04-06 16:00:00+00:00
7958430187775,D3,1,,,,0,381,Likely churned,2025-04-13 16:00:00+00:00,2025-04-13 16:00:00+00:00
7969697235199,D3,1,,,,0,374,Likely churned,2025-04-20 16:00:00+00:00,2025-04-20 16:00:00+00:00
7973731008767,D3,1,,,,0,372,Likely churned,2025-04-22 16:00:00+00:00,2025-04-22 16:00:00+00:00
7978313023743,D3,1,,,,0,369,Likely churned,2025-04-25 16:00:00+00:00,2025-04-25 16:00:00+00:00
7979892637951,D3,1,,,,0,368,Likely churned,2025-04-26 16:00:00+00:00,2025-04-26 16:00:00+00:00
7995077689599,D3,1,,,,0,364,Likely churned,2025-04-30 16:00:00+00:00,2025-04-30 16:00:00+00:00
8039330185471,D3,1,,,,0,348,Likely churned,2025-05-16 16:00:00+00:00,2025-05-16 16:00:00+00:00
8061810802943,D3,1,,,,0,346,Likely churned,2025-05-18 16:00:00+00:00,2025-05-18 16:00:00+00:00
8086166831359,D3,1,,,,0,337,Likely churned,2025-05-27 16:00:00+00:00,2025-05-27 16:00:00+00:00
8089496355071,D3,1,,,,0,336,Likely churned,2025-05-28 16:00:00+00:00,2025-05-28 16:00:00+00:00
8094797889791,D3,1,,,,0,334,Likely churned,2025-05-30 16:00:00+00:00,2025-05-30 16:00:00+00:00
8249708642559,D3,1,,,,0,262,Likely churned,2025-08-10 16:00:00+00:00,2025-08-10 16:00:00+00:00
8794462519551,D2,1,,,,0,68,Active,2026-02-20 16:00:00+00:00,2026-02-20 16:00:00+00:00
7756355010815,D1,2,50.0,,,50,1086,Likely churned,2023-03-20 16:00:00+00:00,2023-05-09 16:00:00+00:00
6336735740159,D2,2,54.0,,,54,1430,Likely churned,2022-04-06 16:00:00+00:00,2022-05-30 16:00:00+00:00
7755957633279,D5,1,,,,0,1090,Likely churned,2023-05-05 16:00:00+00:00,2023-05-05 16:00:00+00:00
6532489150719,D5,1,,,,0,1219,Likely churned,2022-12-27 16:00:00+00:00,2022-12-27 16:00:00+00:00
7756359827711,D4,1,,,,0,1002,Likely churned,2023-08-01 16:00:00+00:00,2023-08-01 16:00:00+00:00
7756415631615,D4,1,,,,0,757,Likely churned,2024-04-02 16:00:00+00:00,2024-04-02 16:00:00+00:00
7756428443903,D4,1,,,,0,709,Likely churned,2024-05-20 16:00:00+00:00,2024-05-20 16:00:00+00:00
8337021468927,D3,1,,,,0,223,Likely churned,2025-09-18 16:00:00+00:00,2025-09-18 16:00:00+00:00
8870516621567,D2,1,,,,0,38,Active,2026-03-22 16:00:00+00:00,2026-03-22 16:00:00+00:00
8247973347583,D3,1,,,,0,263,Likely churned,2025-08-09 16:00:00+00:00,2025-08-09 16:00:00+00:00
7964082503935,D3,1,,,,0,253,Likely churned,2025-08-19 16:00:00+00:00,2025-08-19 16:00:00+00:00
7756035522815,D4,1,,,,0,1457,Likely churned,2022-05-03 16:00:00+00:00,2022-05-03 16:00:00+00:00
7756039323903,D4,1,,,,0,1504,Likely churned,2022-03-17 16:00:00+00:00,2022-03-17 16:00:00+00:00
8868197859583,D2,1,,,,0,39,Active,2026-03-21 16:00:00+00:00,2026-03-21 16:00:00+00:00
7695319695615,D5,1,,,,0,507,Likely churned,2024-12-08 16:00:00+00:00,2024-12-08 16:00:00+00:00
6336637272319,D5,1,,,,0,1463,Likely churned,2022-04-27 16:00:00+00:00,2022-04-27 16:00:00+00:00
8894920818943,D2,1,,,,0,33,Active,2026-03-27 16:00:00+00:00,2026-03-27 16:00:00+00:00
7756488442111,D1,4,17.0,45.0,28.0,104,378,Likely churned,2025-01-02 16:00:00+00:00,2025-04-16 16:00:00+00:00
7520596295935,D5,1,,,,0,579,Likely churned,2024-09-27 16:00:00+00:00,2024-09-27 16:00:00+00:00
7520742703359,D5,1,,,,0,579,Likely churned,2024-09-27 16:00:00+00:00,2024-09-27 16:00:00+00:00
7520819249407,D5,1,,,,0,579,Likely churned,2024-09-27 16:00:00+00:00,2024-09-27 16:00:00+00:00
7521717682431,D5,1,,,,0,578,Likely churned,2024-09-28 16:00:00+00:00,2024-09-28 16:00:00+00:00
7522965946623,D5,1,,,,0,577,Likely churned,2024-09-29 16:00:00+00:00,2024-09-29 16:00:00+00:00
7523199582463,D5,1,,,,0,577,Likely churned,2024-09-29 16:00:00+00:00,2024-09-29 16:00:00+00:00
7527460929791,D5,1,,,,0,574,Likely churned,2024-10-02 16:00:00+00:00,2024-10-02 16:00:00+00:00
7756019204351,D4,1,,,,0,1360,Likely churned,2022-08-08 16:00:00+00:00,2022-08-08 16:00:00+00:00
8035980280063,D3,1,,,,0,354,Likely churned,2025-05-10 16:00:00+00:00,2025-05-10 16:00:00+00:00
7756487360767,D4,1,,,,0,491,Likely churned,2024-12-24 16:00:00+00:00,2024-12-24 16:00:00+00:00
6613804351743,D5,1,,,,0,1133,Likely churned,2023-03-23 16:00:00+00:00,2023-03-23 16:00:00+00:00
8899516563711,D2,1,,,,0,32,Active,2026-03-28 16:00:00+00:00,2026-03-28 16:00:00+00:00
7756475793663,D4,1,,,,0,554,Likely churned,2024-10-22 16:00:00+00:00,2024-10-22 16:00:00+00:00
7756438601983,D4,1,,,,0,676,Likely churned,2024-06-22 16:00:00+00:00,2024-06-22 16:00:00+00:00
8835805577471,D2,1,,,,0,52,Active,2026-03-08 16:00:00+00:00,2026-03-08 16:00:00+00:00
7756030771455,D4,1,,,,0,1418,Likely churned,2022-06-11 16:00:00+00:00,2022-06-11 16:00:00+00:00
6665240019199,D1,3,84.0,293.0,209.0,293,793,Likely churned,2023-05-09 16:00:00+00:00,2024-02-26 16:00:00+00:00
7756038930687,D1,2,51.0,,,51,1497,Likely churned,2022-02-01 16:00:00+00:00,2022-03-24 16:00:00+00:00
7756005409023,D4,1,,,,0,1296,Likely churned,2022-10-11 16:00:00+00:00,2022-10-11 16:00:00+00:00
8894605689087,D2,1,,,,0,33,Active,2026-03-27 16:00:00+00:00,2026-03-27 16:00:00+00:00
7756414255359,D4,1,,,,0,762,Likely churned,2024-03-28 16:00:00+00:00,2024-03-28 16:00:00+00:00
7756195463423,D4,1,,,,0,1167,Likely churned,2023-02-17 16:00:00+00:00,2023-02-17 16:00:00+00:00
7756260344063,D4,1,,,,0,1243,Likely churned,2022-12-03 16:00:00+00:00,2022-12-03 16:00:00+00:00
7756261523711,D4,1,,,,0,1234,Likely churned,2022-12-12 16:00:00+00:00,2022-12-12 16:00:00+00:00
7756264767743,D4,1,,,,0,1208,Likely churned,2023-01-07 16:00:00+00:00,2023-01-07 16:00:00+00:00
7756356092159,D4,1,,,,0,1132,Likely churned,2023-03-24 16:00:00+00:00,2023-03-24 16:00:00+00:00
7756460949759,D4,1,,,,0,609,Likely churned,2024-08-28 16:00:00+00:00,2024-08-28 16:00:00+00:00
7756468224255,D4,1,,,,0,580,Likely churned,2024-09-26 16:00:00+00:00,2024-09-26 16:00:00+00:00
7756474581247,D4,1,,,,0,560,Likely churned,2024-10-16 16:00:00+00:00,2024-10-16 16:00:00+00:00
7756028543231,D1,3,29.0,78.0,49.0,78,1439,Likely churned,2022-03-04 16:00:00+00:00,2022-05-21 16:00:00+00:00
7363903357183,D5,1,,,,0,671,Likely churned,2024-06-27 16:00:00+00:00,2024-06-27 16:00:00+00:00
7366254100735,D5,1,,,,0,669,Likely churned,2024-06-29 16:00:00+00:00,2024-06-29 16:00:00+00:00
7366333694207,D5,1,,,,0,669,Likely churned,2024-06-29 16:00:00+00:00,2024-06-29 16:00:00+00:00
6650460700927,D5,1,,,,0,1098,Likely churned,2023-04-27 16:00:00+00:00,2023-04-27 16:00:00+00:00
7756260245759,D4,1,,,,0,1236,Likely churned,2022-12-10 16:00:00+00:00,2022-12-10 16:00:00+00:00
6532486037759,D5,1,,,,0,845,Likely churned,2024-01-05 16:00:00+00:00,2024-01-05 16:00:00+00:00
7756365758719,D4,1,,,,0,760,Likely churned,2024-03-30 16:00:00+00:00,2024-03-30 16:00:00+00:00
7756399313151,D4,1,,,,0,844,Likely churned,2024-01-06 16:00:00+00:00,2024-01-06 16:00:00+00:00
7756412616959,D4,1,,,,0,763,Likely churned,2024-03-27 16:00:00+00:00,2024-03-27 16:00:00+00:00
7756413206783,D4,1,,,,0,772,Likely churned,2024-03-18 16:00:00+00:00,2024-03-18 16:00:00+00:00
7756413567231,D4,1,,,,0,755,Likely churned,2024-04-04 16:00:00+00:00,2024-04-04 16:00:00+00:00
7756415074559,D4,1,,,,0,761,Likely churned,2024-03-29 16:00:00+00:00,2024-03-29 16:00:00+00:00
7756415271167,D4,1,,,,0,760,Likely churned,2024-03-30 16:00:00+00:00,2024-03-30 16:00:00+00:00
7756417532159,D4,1,,,,0,750,Likely churned,2024-04-09 16:00:00+00:00,2024-04-09 16:00:00+00:00
7756418547967,D4,1,,,,0,744,Likely churned,2024-04-15 16:00:00+00:00,2024-04-15 16:00:00+00:00
7756418580735,D4,1,,,,0,743,Likely churned,2024-04-16 16:00:00+00:00,2024-04-16 16:00:00+00:00
7756422906111,D4,1,,,,0,730,Likely churned,2024-04-29 16:00:00+00:00,2024-04-29 16:00:00+00:00
7756424544511,D4,1,,,,0,725,Likely churned,2024-05-04 16:00:00+00:00,2024-05-04 16:00:00+00:00
7756425560319,D4,1,,,,0,718,Likely churned,2024-05-11 16:00:00+00:00,2024-05-11 16:00:00+00:00
7756426477823,D4,1,,,,0,713,Likely churned,2024-05-16 16:00:00+00:00,2024-05-16 16:00:00+00:00
7756426871039,D4,1,,,,0,713,Likely churned,2024-05-16 16:00:00+00:00,2024-05-16 16:00:00+00:00
7756427165951,D4,1,,,,0,712,Likely churned,2024-05-17 16:00:00+00:00,2024-05-17 16:00:00+00:00
7756428804351,D4,1,,,,0,706,Likely churned,2024-05-23 16:00:00+00:00,2024-05-23 16:00:00+00:00
7756430934271,D4,1,,,,0,701,Likely churned,2024-05-28 16:00:00+00:00,2024-05-28 16:00:00+00:00
7756431458559,D4,1,,,,0,700,Likely churned,2024-05-29 16:00:00+00:00,2024-05-29 16:00:00+00:00
7756433785087,D4,1,,,,0,697,Likely churned,2024-06-01 16:00:00+00:00,2024-06-01 16:00:00+00:00
7756434735359,D4,1,,,,0,694,Likely churned,2024-06-04 16:00:00+00:00,2024-06-04 16:00:00+00:00
7756435685631,D4,1,,,,0,689,Likely churned,2024-06-09 16:00:00+00:00,2024-06-09 16:00:00+00:00
7756436111615,D4,1,,,,0,686,Likely churned,2024-06-12 16:00:00+00:00,2024-06-12 16:00:00+00:00
7756436144383,D4,1,,,,0,686,Likely churned,2024-06-12 16:00:00+00:00,2024-06-12 16:00:00+00:00
7756436209919,D4,1,,,,0,685,Likely churned,2024-06-13 16:00:00+00:00,2024-06-13 16:00:00+00:00
7756439814399,D4,1,,,,0,671,Likely churned,2024-06-27 16:00:00+00:00,2024-06-27 16:00:00+00:00
7756440207615,D4,1,,,,0,669,Likely churned,2024-06-29 16:00:00+00:00,2024-06-29 16:00:00+00:00
7756456395007,D4,1,,,,0,636,Likely churned,2024-08-01 16:00:00+00:00,2024-08-01 16:00:00+00:00
7756457672959,D4,1,,,,0,627,Likely churned,2024-08-10 16:00:00+00:00,2024-08-10 16:00:00+00:00
7756459049215,D4,1,,,,0,615,Likely churned,2024-08-22 16:00:00+00:00,2024-08-22 16:00:00+00:00
7756460261631,D4,1,,,,0,612,Likely churned,2024-08-25 16:00:00+00:00,2024-08-25 16:00:00+00:00
7756460687615,D4,1,,,,0,610,Likely churned,2024-08-27 16:00:00+00:00,2024-08-27 16:00:00+00:00
7756460818687,D4,1,,,,0,610,Likely churned,2024-08-27 16:00:00+00:00,2024-08-27 16:00:00+00:00
7756463931647,D4,1,,,,0,596,Likely churned,2024-09-10 16:00:00+00:00,2024-09-10 16:00:00+00:00
7756465144063,D4,1,,,,0,590,Likely churned,2024-09-16 16:00:00+00:00,2024-09-16 16:00:00+00:00
7756465176831,D4,1,,,,0,589,Likely churned,2024-09-17 16:00:00+00:00,2024-09-17 16:00:00+00:00
7756465307903,D4,1,,,,0,589,Likely churned,2024-09-17 16:00:00+00:00,2024-09-17 16:00:00+00:00
7756466847999,D4,1,,,,0,583,Likely churned,2024-09-23 16:00:00+00:00,2024-09-23 16:00:00+00:00
7756467011839,D4,1,,,,0,582,Likely churned,2024-09-24 16:00:00+00:00,2024-09-24 16:00:00+00:00
7756467142911,D4,1,,,,0,581,Likely churned,2024-09-25 16:00:00+00:00,2024-09-25 16:00:00+00:00
7756467536127,D4,1,,,,0,581,Likely churned,2024-09-25 16:00:00+00:00,2024-09-25 16:00:00+00:00
7756467568895,D4,1,,,,0,581,Likely churned,2024-09-25 16:00:00+00:00,2024-09-25 16:00:00+00:00
7756467798271,D4,1,,,,0,580,Likely churned,2024-09-26 16:00:00+00:00,2024-09-26 16:00:00+00:00
7756468060415,D4,1,,,,0,580,Likely churned,2024-09-26 16:00:00+00:00,2024-09-26 16:00:00+00:00
7756468158719,D4,1,,,,0,580,Likely churned,2024-09-26 16:00:00+00:00,2024-09-26 16:00:00+00:00
7756468388095,D4,1,,,,0,579,Likely churned,2024-09-27 16:00:00+00:00,2024-09-27 16:00:00+00:00
7756469305599,D4,1,,,,0,577,Likely churned,2024-09-29 16:00:00+00:00,2024-09-29 16:00:00+00:00
7756469338367,D4,1,,,,0,577,Likely churned,2024-09-29 16:00:00+00:00,2024-09-29 16:00:00+00:00
7756470649087,D4,1,,,,0,573,Likely churned,2024-10-03 16:00:00+00:00,2024-10-03 16:00:00+00:00
7755990008063,D1,4,36.0,75.0,39.0,75,1425,Likely churned,2022-03-21 16:00:00+00:00,2022-06-04 16:00:00+00:00
7756265029887,D4,1,,,,0,1204,Likely churned,2023-01-11 16:00:00+00:00,2023-01-11 16:00:00+00:00
6686265540863,D5,1,,,,0,1065,Likely churned,2023-05-30 16:00:00+00:00,2023-05-30 16:00:00+00:00
6781260038399,D5,1,,,,0,983,Likely churned,2023-08-20 16:00:00+00:00,2023-08-20 16:00:00+00:00
6783954354431,D5,1,,,,0,980,Likely churned,2023-08-23 16:00:00+00:00,2023-08-23 16:00:00+00:00
6797463945471,D5,1,,,,0,942,Likely churned,2023-09-30 16:00:00+00:00,2023-09-30 16:00:00+00:00
6826542989567,D5,1,,,,0,944,Likely churned,2023-09-28 16:00:00+00:00,2023-09-28 16:00:00+00:00
6837428453631,D5,1,,,,0,933,Likely churned,2023-10-09 16:00:00+00:00,2023-10-09 16:00:00+00:00
6991872295167,D5,1,,,,0,845,Likely churned,2024-01-05 16:00:00+00:00,2024-01-05 16:00:00+00:00
7019605262591,D5,1,,,,0,833,Likely churned,2024-01-17 16:00:00+00:00,2024-01-17 16:00:00+00:00
7065442451711,D5,1,,,,0,807,Likely churned,2024-02-12 16:00:00+00:00,2024-02-12 16:00:00+00:00
7065468207359,D5,1,,,,0,807,Likely churned,2024-02-12 16:00:00+00:00,2024-02-12 16:00:00+00:00
7097624822015,D5,1,,,,0,794,Likely churned,2024-02-25 16:00:00+00:00,2024-02-25 16:00:00+00:00
7240948154623,D5,1,,,,0,728,Likely churned,2024-05-01 16:00:00+00:00,2024-05-01 16:00:00+00:00
7267774398719,D5,1,,,,0,588,Likely churned,2024-09-18 16:00:00+00:00,2024-09-18 16:00:00+00:00
7279393374463,D5,1,,,,0,716,Likely churned,2024-05-13 16:00:00+00:00,2024-05-13 16:00:00+00:00
7288596758783,D5,1,,,,0,714,Likely churned,2024-05-15 16:00:00+00:00,2024-05-15 16:00:00+00:00
7475152355583,D5,1,,,,0,607,Likely churned,2024-08-30 16:00:00+00:00,2024-08-30 16:00:00+00:00
7476874215679,D5,1,,,,0,606,Likely churned,2024-08-31 16:00:00+00:00,2024-08-31 16:00:00+00:00
7493078221055,D5,1,,,,0,595,Likely churned,2024-09-11 16:00:00+00:00,2024-09-11 16:00:00+00:00
7511292346623,D5,1,,,,0,586,Likely churned,2024-09-20 16:00:00+00:00,2024-09-20 16:00:00+00:00
7918627094783,D3,1,,,,0,403,Likely churned,2025-03-22 16:00:00+00:00,2025-03-22 16:00:00+00:00
8279665180927,D3,1,,,,0,251,Likely churned,2025-08-21 16:00:00+00:00,2025-08-21 16:00:00+00:00
8903976583423,D2,1,,,,0,30,Active,2026-03-30 16:00:00+00:00,2026-03-30 16:00:00+00:00
7756000002303,D4,1,,,,0,1315,Likely churned,2022-09-22 16:00:00+00:00,2022-09-22 16:00:00+00:00
6715478900991,D5,1,,,,0,1040,Likely churned,2023-06-24 16:00:00+00:00,2023-06-24 16:00:00+00:00
6718461051135,D5,1,,,,0,1037,Likely churned,2023-06-27 16:00:00+00:00,2023-06-27 16:00:00+00:00
6532514939135,D1,3,95.0,368.0,273.0,368,1046,Likely churned,2022-06-15 16:00:00+00:00,2023-06-18 16:00:00+00:00
8000416088319,D1,2,12.0,,,12,351,Likely churned,2025-05-01 16:00:00+00:00,2025-05-13 16:00:00+00:00
7756005540095,D2,2,484.0,,,484,811,Likely churned,2022-10-12 16:00:00+00:00,2024-02-08 16:00:00+00:00
6715986182399,D5,1,,,,0,1039,Likely churned,2023-06-25 16:00:00+00:00,2023-06-25 16:00:00+00:00
7756009570559,D4,1,,,,0,1280,Likely churned,2022-10-27 16:00:00+00:00,2022-10-27 16:00:00+00:00
7756264866047,D4,1,,,,0,1208,Likely churned,2023-01-07 16:00:00+00:00,2023-01-07 16:00:00+00:00
8002072051967,D1,2,3.0,,,3,360,Likely churned,2025-05-01 16:00:00+00:00,2025-05-04 16:00:00+00:00
6336639664383,D1,5,0.0,0.0,0.0,2,1573,Likely churned,2022-01-05 16:00:00+00:00,2022-01-07 16:00:00+00:00
7756440436991,D4,1,,,,0,669,Likely churned,2024-06-29 16:00:00+00:00,2024-06-29 16:00:00+00:00
6327406952703,D2,2,13.0,,,13,1414,Likely churned,2022-06-02 16:00:00+00:00,2022-06-15 16:00:00+00:00
6424267260159,D5,1,,,,0,1453,Likely churned,2022-05-07 16:00:00+00:00,2022-05-07 16:00:00+00:00
6423598498047,D5,1,,,,0,1509,Likely churned,2022-03-12 16:00:00+00:00,2022-03-12 16:00:00+00:00
8040106819839,D3,1,,,,0,333,Likely churned,2025-05-31 16:00:00+00:00,2025-05-31 16:00:00+00:00
7944776253695,D3,1,,,,0,346,Likely churned,2025-05-18 16:00:00+00:00,2025-05-18 16:00:00+00:00
8175537717503,D3,1,,,,0,136,At-risk,2025-12-14 16:00:00+00:00,2025-12-14 16:00:00+00:00
8252778774783,D3,1,,,,0,261,Likely churned,2025-08-11 16:00:00+00:00,2025-08-11 16:00:00+00:00
8364274221311,D3,1,,,,0,208,Likely churned,2025-10-03 16:00:00+00:00,2025-10-03 16:00:00+00:00
8717072433407,D2,1,,,,0,93,At-risk,2026-01-26 16:00:00+00:00,2026-01-26 16:00:00+00:00
7845481414911,D1,3,65.0,129.0,64.0,129,312,Likely churned,2025-02-12 16:00:00+00:00,2025-06-21 16:00:00+00:00
7756431196415,D4,1,,,,0,701,Likely churned,2024-05-28 16:00:00+00:00,2024-05-28 16:00:00+00:00
8821739782399,D2,1,,,,0,57,Active,2026-03-03 16:00:00+00:00,2026-03-03 16:00:00+00:00
8800514015487,D2,1,,,,0,65,Active,2026-02-23 16:00:00+00:00,2026-02-23 16:00:00+00:00
8799603196159,D2,1,,,,0,65,Active,2026-02-23 16:00:00+00:00,2026-02-23 16:00:00+00:00
8800377176319,D2,1,,,,0,65,Active,2026-02-23 16:00:00+00:00,2026-02-23 16:00:00+00:00
7756043911423,D4,1,,,,0,1539,Likely churned,2022-02-10 16:00:00+00:00,2022-02-10 16:00:00+00:00
7756044140799,D4,1,,,,0,1540,Likely churned,2022-02-09 16:00:00+00:00,2022-02-09 16:00:00+00:00
6327612276991,D5,1,,,,0,1511,Likely churned,2022-03-10 16:00:00+00:00,2022-03-10 16:00:00+00:00
6327777001727,D5,1,,,,0,1511,Likely churned,2022-03-10 16:00:00+00:00,2022-03-10 16:00:00+00:00
6423595024639,D5,1,,,,0,1485,Likely churned,2022-04-05 16:00:00+00:00,2022-04-05 16:00:00+00:00
7963035402495,D3,1,,,,0,377,Likely churned,2025-04-17 16:00:00+00:00,2025-04-17 16:00:00+00:00
8794406584575,D2,1,,,,0,68,Active,2026-02-20 16:00:00+00:00,2026-02-20 16:00:00+00:00
8796562194687,D2,1,,,,0,67,Active,2026-02-21 16:00:00+00:00,2026-02-21 16:00:00+00:00
8869115035903,D2,1,,,,0,38,Active,2026-03-22 16:00:00+00:00,2026-03-22 16:00:00+00:00
8182055305471,D3,1,,,,0,65,Active,2026-02-23 16:00:00+00:00,2026-02-23 16:00:00+00:00
8779097800959,D2,1,,,,0,75,Active,2026-02-13 16:00:00+00:00,2026-02-13 16:00:00+00:00
7756000329983,D4,1,,,,0,1313,Likely churned,2022-09-24 16:00:00+00:00,2022-09-24 16:00:00+00:00
7756355666175,D4,1,,,,0,76,Active,2026-02-12 16:00:00+00:00,2026-02-12 16:00:00+00:00
6532505764095,D5,1,,,,0,1240,Likely churned,2022-12-06 16:00:00+00:00,2022-12-06 16:00:00+00:00
7756467831039,D4,1,,,,0,580,Likely churned,2024-09-26 16:00:00+00:00,2024-09-26 16:00:00+00:00
7755974050047,D2,2,246.0,,,246,1091,Likely churned,2022-08-31 16:00:00+00:00,2023-05-04 16:00:00+00:00
7756377293055,D4,1,,,,0,973,Likely churned,2023-08-30 16:00:00+00:00,2023-08-30 16:00:00+00:00
8875288789247,D2,1,,,,0,37,Active,2026-03-23 16:00:00+00:00,2026-03-23 16:00:00+00:00
7756435456255,D4,1,,,,0,690,Likely churned,2024-06-08 16:00:00+00:00,2024-06-08 16:00:00+00:00
6327653662975,D5,1,,,,0,1415,Likely churned,2022-06-14 16:00:00+00:00,2022-06-14 16:00:00+00:00
7756385976575,D1,2,42.0,,,42,880,Likely churned,2023-10-20 16:00:00+00:00,2023-12-01 16:00:00+00:00
7756002164991,D4,1,,,,0,1340,Likely churned,2022-08-28 16:00:00+00:00,2022-08-28 16:00:00+00:00
7756484673791,D1,2,22.0,,,22,482,Likely churned,2024-12-11 16:00:00+00:00,2025-01-02 16:00:00+00:00
7756034834687,D4,1,,,,0,1451,Likely churned,2022-05-09 16:00:00+00:00,2022-05-09 16:00:00+00:00
7756404359423,D4,1,,,,0,827,Likely churned,2024-01-23 16:00:00+00:00,2024-01-23 16:00:00+00:00
7756440109311,D4,1,,,,0,669,Likely churned,2024-06-29 16:00:00+00:00,2024-06-29 16:00:00+00:00
6423223927039,D5,1,,,,0,1325,Likely churned,2022-09-12 16:00:00+00:00,2022-09-12 16:00:00+00:00
7756036047103,D1,2,105.0,,,105,1462,Likely churned,2022-01-13 16:00:00+00:00,2022-04-28 16:00:00+00:00
7756358222079,D4,1,,,,0,1119,Likely churned,2023-04-06 16:00:00+00:00,2023-04-06 16:00:00+00:00
8758015328511,D2,1,,,,0,84,Active,2026-02-04 16:00:00+00:00,2026-02-04 16:00:00+00:00
8484593008895,D2,1,,,,0,182,Likely churned,2025-10-29 16:00:00+00:00,2025-10-29 16:00:00+00:00
8835264250111,D2,1,,,,0,52,Active,2026-03-08 16:00:00+00:00,2026-03-08 16:00:00+00:00
7756439126271,D4,1,,,,0,672,Likely churned,2024-06-26 16:00:00+00:00,2024-06-26 16:00:00+00:00
7756037193983,D1,3,15.0,19.0,4.0,19,1472,Likely churned,2022-03-30 16:00:00+00:00,2022-04-18 16:00:00+00:00
8566936469759,D2,1,,,,0,102,At-risk,2026-01-17 16:00:00+00:00,2026-01-17 16:00:00+00:00
8744074248447,D2,1,,,,0,85,Active,2026-02-03 16:00:00+00:00,2026-02-03 16:00:00+00:00
6423594533119,D2,2,394.0,,,394,1087,Likely churned,2022-04-09 16:00:00+00:00,2023-05-08 16:00:00+00:00
7756440994047,D4,1,,,,0,668,Likely churned,2024-06-30 16:00:00+00:00,2024-06-30 16:00:00+00:00
7755968905471,D1,3,6.0,90.0,84.0,90,1367,Likely churned,2022-05-03 16:00:00+00:00,2022-08-01 16:00:00+00:00
7755976147199,D4,1,,,,0,1509,Likely churned,2022-03-12 16:00:00+00:00,2022-03-12 16:00:00+00:00
6327524688127,D5,1,,,,0,1491,Likely churned,2022-03-30 16:00:00+00:00,2022-03-30 16:00:00+00:00
6327698194687,D5,1,,,,0,1345,Likely churned,2022-08-23 16:00:00+00:00,2022-08-23 16:00:00+00:00
8635191984383,D2,1,,,,0,131,At-risk,2025-12-19 16:00:00+00:00,2025-12-19 16:00:00+00:00
6423592730879,D5,1,,,,0,1467,Likely churned,2022-04-23 16:00:00+00:00,2022-04-23 16:00:00+00:00
7756264898815,D4,1,,,,0,1207,Likely churned,2023-01-08 16:00:00+00:00,2023-01-08 16:00:00+00:00
6620088500479,D5,1,,,,0,1127,Likely churned,2023-03-29 16:00:00+00:00,2023-03-29 16:00:00+00:00
8798684545279,D2,1,,,,0,66,Active,2026-02-22 16:00:00+00:00,2026-02-22 16:00:00+00:00
8827870347519,D2,1,,,,0,55,Active,2026-03-05 16:00:00+00:00,2026-03-05 16:00:00+00:00
8612424483071,D2,1,,,,0,138,At-risk,2025-12-12 16:00:00+00:00,2025-12-12 16:00:00+00:00
7756439027967,D4,1,,,,0,672,Likely churned,2024-06-26 16:00:00+00:00,2024-06-26 16:00:00+00:00
7756470681855,D4,1,,,,0,572,Likely churned,2024-10-04 16:00:00+00:00,2024-10-04 16:00:00+00:00
7756035916031,D4,1,,,,0,1461,Likely churned,2022-04-29 16:00:00+00:00,2022-04-29 16:00:00+00:00
8437151236351,D2,1,,,,0,194,Likely churned,2025-10-17 16:00:00+00:00,2025-10-17 16:00:00+00:00
8488362180863,D2,1,,,,0,180,Likely churned,2025-10-31 16:00:00+00:00,2025-10-31 16:00:00+00:00
8653085704447,D2,1,,,,0,124,At-risk,2025-12-26 16:00:00+00:00,2025-12-26 16:00:00+00:00
7756016091391,D2,2,184.0,,,184,1337,Likely churned,2022-02-28 16:00:00+00:00,2022-08-31 16:00:00+00:00
7756015141119,D4,1,,,,0,1319,Likely churned,2022-09-18 16:00:00+00:00,2022-09-18 16:00:00+00:00
7756030411007,D4,1,,,,0,1413,Likely churned,2022-06-16 16:00:00+00:00,2022-06-16 16:00:00+00:00
7756422512895,D4,1,,,,0,731,Likely churned,2024-04-28 16:00:00+00:00,2024-04-28 16:00:00+00:00
7756362842367,D4,1,,,,0,1059,Likely churned,2023-06-05 16:00:00+00:00,2023-06-05 16:00:00+00:00
7756364284159,D4,1,,,,0,1044,Likely churned,2023-06-20 16:00:00+00:00,2023-06-20 16:00:00+00:00
7756020351231,D4,1,,,,0,1464,Likely churned,2022-04-26 16:00:00+00:00,2022-04-26 16:00:00+00:00
7756018516223,D2,2,382.0,,,382,976,Likely churned,2022-08-10 16:00:00+00:00,2023-08-27 16:00:00+00:00
8452477878527,D2,1,,,,0,190,Likely churned,2025-10-21 16:00:00+00:00,2025-10-21 16:00:00+00:00
8800153993471,D2,1,,,,0,65,Active,2026-02-23 16:00:00+00:00,2026-02-23 16:00:00+00:00
6593253343487,D5,1,,,,0,1151,Likely churned,2023-03-05 16:00:00+00:00,2023-03-05 16:00:00+00:00
7572782612735,D5,1,,,,0,558,Likely churned,2024-10-18 16:00:00+00:00,2024-10-18 16:00:00+00:00
7817996632319,D4,1,,,,0,459,Likely churned,2025-01-25 16:00:00+00:00,2025-01-25 16:00:00+00:00
8150100574463,D3,1,,,,0,312,Likely churned,2025-06-21 16:00:00+00:00,2025-06-21 16:00:00+00:00
8251529855231,D3,1,,,,0,261,Likely churned,2025-08-11 16:00:00+00:00,2025-08-11 16:00:00+00:00
7756431294719,D4,1,,,,0,701,Likely churned,2024-05-28 16:00:00+00:00,2024-05-28 16:00:00+00:00
8275451150591,D3,1,,,,0,253,Likely churned,2025-08-19 16:00:00+00:00,2025-08-19 16:00:00+00:00
7755945017599,D2,2,184.0,,,184,1282,Likely churned,2022-04-24 16:00:00+00:00,2022-10-25 16:00:00+00:00
8721866129663,D2,1,,,,0,91,At-risk,2026-01-28 16:00:00+00:00,2026-01-28 16:00:00+00:00
8847684993279,D2,1,,,,0,46,Active,2026-03-14 16:00:00+00:00,2026-03-14 16:00:00+00:00
8079619653887,D3,1,,,,0,339,Likely churned,2025-05-25 16:00:00+00:00,2025-05-25 16:00:00+00:00
8436001407231,D2,1,,,,0,194,Likely churned,2025-10-17 16:00:00+00:00,2025-10-17 16:00:00+00:00
8796526772479,D2,1,,,,0,67,Active,2026-02-21 16:00:00+00:00,2026-02-21 16:00:00+00:00
8870517539071,D2,1,,,,0,38,Active,2026-03-22 16:00:00+00:00,2026-03-22 16:00:00+00:00
7756347736319,D4,1,,,,0,580,Likely churned,2024-09-26 16:00:00+00:00,2024-09-26 16:00:00+00:00
7756459180287,D4,1,,,,0,615,Likely churned,2024-08-22 16:00:00+00:00,2024-08-22 16:00:00+00:00
7756463079679,D4,1,,,,0,601,Likely churned,2024-09-05 16:00:00+00:00,2024-09-05 16:00:00+00:00
7756467470591,D4,1,,,,0,576,Likely churned,2024-09-30 16:00:00+00:00,2024-09-30 16:00:00+00:00
7756468683007,D4,1,,,,0,577,Likely churned,2024-09-29 16:00:00+00:00,2024-09-29 16:00:00+00:00
7756354584831,D1,3,42.0,84.0,42.0,84,1051,Likely churned,2023-03-21 16:00:00+00:00,2023-06-13 16:00:00+00:00
8841657483519,D2,1,,,,0,49,Active,2026-03-11 16:00:00+00:00,2026-03-11 16:00:00+00:00
7756045025535,D4,1,,,,0,1555,Likely churned,2022-01-25 16:00:00+00:00,2022-01-25 16:00:00+00:00
8465112105215,D2,1,,,,0,188,Likely churned,2025-10-23 16:00:00+00:00,2025-10-23 16:00:00+00:00
6329832046847,D5,1,,,,0,1338,Likely churned,2022-08-30 16:00:00+00:00,2022-08-30 16:00:00+00:00
7755979718911,D2,2,11.0,,,11,1569,Likely churned,2021-12-31 16:00:00+00:00,2022-01-11 16:00:00+00:00
7108628939007,D5,1,,,,0,787,Likely churned,2024-03-03 16:00:00+00:00,2024-03-03 16:00:00+00:00
8720535388415,D2,1,,,,0,91,At-risk,2026-01-28 16:00:00+00:00,2026-01-28 16:00:00+00:00
7755966578943,D2,2,0.0,,,0,1365,Likely churned,2022-08-03 16:00:00+00:00,2022-08-03 16:00:00+00:00
6334095098111,D2,2,64.0,,,64,1465,Likely churned,2022-02-20 16:00:00+00:00,2022-04-25 16:00:00+00:00
7960785453311,D1,2,154.0,,,154,226,Likely churned,2025-04-14 16:00:00+00:00,2025-09-15 16:00:00+00:00
6329630163199,D5,1,,,,0,1462,Likely churned,2022-04-28 16:00:00+00:00,2022-04-28 16:00:00+00:00
6329873727743,D5,1,,,,0,1456,Likely churned,2022-05-04 16:00:00+00:00,2022-05-04 16:00:00+00:00
7899396669695,D3,1,,,,0,413,Likely churned,2025-03-12 16:00:00+00:00,2025-03-12 16:00:00+00:00
7756407046399,D1,2,32.0,,,32,767,Likely churned,2024-02-20 16:00:00+00:00,2024-03-23 16:00:00+00:00
7756017303807,D4,1,,,,0,1343,Likely churned,2022-08-25 16:00:00+00:00,2022-08-25 16:00:00+00:00
7756034867455,D1,3,51.0,121.0,70.0,121,1453,Likely churned,2022-01-06 16:00:00+00:00,2022-05-07 16:00:00+00:00
7756040274175,D1,2,27.0,,,27,1516,Likely churned,2022-02-06 16:00:00+00:00,2022-03-05 16:00:00+00:00
7756468781311,D4,1,,,,0,578,Likely churned,2024-09-28 16:00:00+00:00,2024-09-28 16:00:00+00:00
7756470583551,D4,1,,,,0,574,Likely churned,2024-10-02 16:00:00+00:00,2024-10-02 16:00:00+00:00
6423593746687,D2,2,98.0,,,98,1476,Likely churned,2022-01-06 16:00:00+00:00,2022-04-14 16:00:00+00:00
8284492071167,D3,1,,,,0,250,Likely churned,2025-08-22 16:00:00+00:00,2025-08-22 16:00:00+00:00
8861155229951,D2,1,,,,0,41,Active,2026-03-19 16:00:00+00:00,2026-03-19 16:00:00+00:00
6327530193151,D5,1,,,,0,271,Likely churned,2025-08-01 16:00:00+00:00,2025-08-01 16:00:00+00:00
7756260606207,D4,1,,,,0,1186,Likely churned,2023-01-29 16:00:00+00:00,2023-01-29 16:00:00+00:00
7756030935295,D4,1,,,,0,1421,Likely churned,2022-06-08 16:00:00+00:00,2022-06-08 16:00:00+00:00
7756038209791,D4,1,,,,0,1486,Likely churned,2022-04-04 16:00:00+00:00,2022-04-04 16:00:00+00:00
6327743545599,D2,2,32.0,,,32,1544,Likely churned,2022-01-04 16:00:00+00:00,2022-02-05 16:00:00+00:00
8309050933503,D3,1,,,,0,236,Likely churned,2025-09-05 16:00:00+00:00,2025-09-05 16:00:00+00:00
8110306787583,D3,1,,,,0,328,Likely churned,2025-06-05 16:00:00+00:00,2025-06-05 16:00:00+00:00
7567425732863,D5,1,,,,0,562,Likely churned,2024-10-14 16:00:00+00:00,2024-10-14 16:00:00+00:00
7756432539903,D4,1,,,,0,700,Likely churned,2024-05-29 16:00:00+00:00,2024-05-29 16:00:00+00:00
7943632584959,D3,1,,,,0,390,Likely churned,2025-04-04 16:00:00+00:00,2025-04-04 16:00:00+00:00
7944984461567,D3,1,,,,0,389,Likely churned,2025-04-05 16:00:00+00:00,2025-04-05 16:00:00+00:00
7756486115583,D4,1,,,,0,499,Likely churned,2024-12-16 16:00:00+00:00,2024-12-16 16:00:00+00:00
7756007964927,D4,1,,,,0,1283,Likely churned,2022-10-24 16:00:00+00:00,2022-10-24 16:00:00+00:00
8657403445503,D2,1,,,,0,122,At-risk,2025-12-28 16:00:00+00:00,2025-12-28 16:00:00+00:00
7946308026623,D3,1,,,,0,387,Likely churned,2025-04-07 16:00:00+00:00,2025-04-07 16:00:00+00:00
8306167054591,D3,1,,,,0,237,Likely churned,2025-09-04 16:00:00+00:00,2025-09-04 16:00:00+00:00
6961928438015,D5,1,,,,0,865,Likely churned,2023-12-16 16:00:00+00:00,2023-12-16 16:00:00+00:00
8353020543231,D3,1,,,,0,213,Likely churned,2025-09-28 16:00:00+00:00,2025-09-28 16:00:00+00:00
7756038635775,D1,2,0.0,,,0,1493,Likely churned,2022-03-28 16:00:00+00:00,2022-03-28 16:00:00+00:00
8303046361343,D3,1,,,,0,239,Likely churned,2025-09-02 16:00:00+00:00,2025-09-02 16:00:00+00:00
6532504453375,D1,3,31.0,73.0,42.0,73,1360,Likely churned,2022-05-27 16:00:00+00:00,2022-08-08 16:00:00+00:00
8291463627007,D3,1,,,,0,246,Likely churned,2025-08-26 16:00:00+00:00,2025-08-26 16:00:00+00:00
7829353070847,D3,1,,,,0,1562,Likely churned,2022-01-18 16:00:00+00:00,2022-01-18 16:00:00+00:00
6423593681151,D5,1,,,,0,1475,Likely churned,2022-04-15 16:00:00+00:00,2022-04-15 16:00:00+00:00
8341148041471,D3,1,,,,0,220,Likely churned,2025-09-21 16:00:00+00:00,2025-09-21 16:00:00+00:00
8275588153599,D3,1,,,,0,253,Likely churned,2025-08-19 16:00:00+00:00,2025-08-19 16:00:00+00:00
7900598927615,D3,1,,,,0,412,Likely churned,2025-03-13 16:00:00+00:00,2025-03-13 16:00:00+00:00
7901894574335,D3,1,,,,0,411,Likely churned,2025-03-14 16:00:00+00:00,2025-03-14 16:00:00+00:00
7756359106815,D4,1,,,,0,1099,Likely churned,2023-04-26 16:00:00+00:00,2023-04-26 16:00:00+00:00
8336949149951,D3,1,,,,0,223,Likely churned,2025-09-18 16:00:00+00:00,2025-09-18 16:00:00+00:00
7938808807679,D3,1,,,,0,325,Likely churned,2025-06-08 16:00:00+00:00,2025-06-08 16:00:00+00:00
7948679774463,D3,1,,,,0,77,Active,2026-02-11 16:00:00+00:00,2026-02-11 16:00:00+00:00
8709102731519,D2,1,,,,0,98,At-risk,2026-01-21 16:00:00+00:00,2026-01-21 16:00:00+00:00
7914152001791,D3,1,,,,0,406,Likely churned,2025-03-19 16:00:00+00:00,2025-03-19 16:00:00+00:00
7756485427455,D4,1,,,,0,501,Likely churned,2024-12-14 16:00:00+00:00,2024-12-14 16:00:00+00:00
7756487459071,D4,1,,,,0,491,Likely churned,2024-12-24 16:00:00+00:00,2024-12-24 16:00:00+00:00
7146957078783,D5,1,,,,0,767,Likely churned,2024-03-23 16:00:00+00:00,2024-03-23 16:00:00+00:00
8249131860223,D3,1,,,,0,262,Likely churned,2025-08-10 16:00:00+00:00,2025-08-10 16:00:00+00:00
7938603286783,D3,1,,,,0,391,Likely churned,2025-04-03 16:00:00+00:00,2025-04-03 16:00:00+00:00
6532456907007,D5,1,,,,0,1193,Likely churned,2023-01-22 16:00:00+00:00,2023-01-22 16:00:00+00:00
6532496064767,D5,1,,,,0,1222,Likely churned,2022-12-24 16:00:00+00:00,2022-12-24 16:00:00+00:00
7756007080191,D4,1,,,,0,1288,Likely churned,2022-10-19 16:00:00+00:00,2022-10-19 16:00:00+00:00
7756194939135,D4,1,,,,0,1177,Likely churned,2023-02-07 16:00:00+00:00,2023-02-07 16:00:00+00:00
7756352127231,D1,2,101.0,,,101,1048,Likely churned,2023-03-07 16:00:00+00:00,2023-06-16 16:00:00+00:00
7756357468415,D4,1,,,,0,1127,Likely churned,2023-03-29 16:00:00+00:00,2023-03-29 16:00:00+00:00
7756413468927,D4,1,,,,0,771,Likely churned,2024-03-19 16:00:00+00:00,2024-03-19 16:00:00+00:00
7756421955839,D4,1,,,,0,733,Likely churned,2024-04-26 16:00:00+00:00,2024-04-26 16:00:00+00:00
7756430278911,D4,1,,,,0,702,Likely churned,2024-05-27 16:00:00+00:00,2024-05-27 16:00:00+00:00
7756466389247,D1,2,37.0,,,37,547,Likely churned,2024-09-22 16:00:00+00:00,2024-10-29 16:00:00+00:00
7756420350207,D1,2,28.0,,,28,710,Likely churned,2024-04-21 16:00:00+00:00,2024-05-19 16:00:00+00:00
6532515463423,D5,1,,,,0,1207,Likely churned,2023-01-08 16:00:00+00:00,2023-01-08 16:00:00+00:00
7756283052287,D4,1,,,,0,1163,Likely churned,2023-02-21 16:00:00+00:00,2023-02-21 16:00:00+00:00
7756359926015,D4,1,,,,0,1095,Likely churned,2023-04-30 16:00:00+00:00,2023-04-30 16:00:00+00:00
7756457050367,D4,1,,,,0,631,Likely churned,2024-08-06 16:00:00+00:00,2024-08-06 16:00:00+00:00
6329604210943,D5,1,,,,0,98,At-risk,2026-01-21 16:00:00+00:00,2026-01-21 16:00:00+00:00
8670310531327,D2,1,,,,0,116,At-risk,2026-01-03 16:00:00+00:00,2026-01-03 16:00:00+00:00
8875323588863,D2,1,,,,0,37,Active,2026-03-23 16:00:00+00:00,2026-03-23 16:00:00+00:00
7313089888511,D5,1,,,,0,699,Likely churned,2024-05-30 16:00:00+00:00,2024-05-30 16:00:00+00:00
7756040372479,D4,1,,,,0,1518,Likely churned,2022-03-03 16:00:00+00:00,2022-03-03 16:00:00+00:00
7755966841087,D5,1,,,,0,1459,Likely churned,2022-05-01 16:00:00+00:00,2022-05-01 16:00:00+00:00
6328226644223,D5,1,,,,0,928,Likely churned,2023-10-14 16:00:00+00:00,2023-10-14 16:00:00+00:00
7756261949695,D4,1,,,,0,1231,Likely churned,2022-12-15 16:00:00+00:00,2022-12-15 16:00:00+00:00
7946024288511,D3,1,,,,0,388,Likely churned,2025-04-06 16:00:00+00:00,2025-04-06 16:00:00+00:00
6327507452159,D5,1,,,,0,1519,Likely churned,2022-03-02 16:00:00+00:00,2022-03-02 16:00:00+00:00
7460404625663,D5,1,,,,0,617,Likely churned,2024-08-20 16:00:00+00:00,2024-08-20 16:00:00+00:00
7756361859327,D1,2,84.0,,,84,991,Likely churned,2023-05-20 16:00:00+00:00,2023-08-12 16:00:00+00:00
7756038471935,D1,2,2.0,,,2,1489,Likely churned,2022-03-30 16:00:00+00:00,2022-04-01 16:00:00+00:00
7756266275071,D4,1,,,,0,1194,Likely churned,2023-01-21 16:00:00+00:00,2023-01-21 16:00:00+00:00
8728781127935,D2,1,,,,0,88,Active,2026-01-31 16:00:00+00:00,2026-01-31 16:00:00+00:00
7756046336255,D1,2,502.0,,,502,1065,Likely churned,2022-01-13 16:00:00+00:00,2023-05-30 16:00:00+00:00
8090067173631,D3,1,,,,0,336,Likely churned,2025-05-28 16:00:00+00:00,2025-05-28 16:00:00+00:00
7756045517055,D4,1,,,,0,1561,Likely churned,2022-01-19 16:00:00+00:00,2022-01-19 16:00:00+00:00
7755981193471,D4,1,,,,0,1426,Likely churned,2022-06-03 16:00:00+00:00,2022-06-03 16:00:00+00:00
7756030968063,D4,1,,,,0,1421,Likely churned,2022-06-08 16:00:00+00:00,2022-06-08 16:00:00+00:00
7756031099135,D4,1,,,,0,1423,Likely churned,2022-06-06 16:00:00+00:00,2022-06-06 16:00:00+00:00
7756032246015,D4,1,,,,0,1427,Likely churned,2022-06-02 16:00:00+00:00,2022-06-02 16:00:00+00:00
7756026577151,D4,1,,,,0,1458,Likely churned,2022-05-02 16:00:00+00:00,2022-05-02 16:00:00+00:00
7756357730559,D4,1,,,,0,1126,Likely churned,2023-03-30 16:00:00+00:00,2023-03-30 16:00:00+00:00
7756042895615,D1,2,336.0,,,336,1195,Likely churned,2022-02-18 16:00:00+00:00,2023-01-20 16:00:00+00:00
7918399881471,D3,1,,,,0,404,Likely churned,2025-03-21 16:00:00+00:00,2025-03-21 16:00:00+00:00
6423463919871,D5,1,,,,0,1452,Likely churned,2022-05-08 16:00:00+00:00,2022-05-08 16:00:00+00:00
6329698124031,D5,1,,,,0,1556,Likely churned,2022-01-24 16:00:00+00:00,2022-01-24 16:00:00+00:00
7756033884415,D4,1,,,,0,1440,Likely churned,2022-05-20 16:00:00+00:00,2022-05-20 16:00:00+00:00
7756037357823,D1,2,414.0,,,414,1059,Likely churned,2022-04-17 16:00:00+00:00,2023-06-05 16:00:00+00:00
7756260933887,D1,2,92.0,,,92,668,Likely churned,2024-03-30 16:00:00+00:00,2024-06-30 16:00:00+00:00
7756044435711,D4,1,,,,0,1543,Likely churned,2022-02-06 16:00:00+00:00,2022-02-06 16:00:00+00:00
7755940135167,D5,1,,,,0,1280,Likely churned,2022-10-27 16:00:00+00:00,2022-10-27 16:00:00+00:00
6692441456895,D5,1,,,,0,1055,Likely churned,2023-06-09 16:00:00+00:00,2023-06-09 16:00:00+00:00
6823871906047,D5,1,,,,0,947,Likely churned,2023-09-25 16:00:00+00:00,2023-09-25 16:00:00+00:00
6875347910911,D5,1,,,,0,914,Likely churned,2023-10-28 16:00:00+00:00,2023-10-28 16:00:00+00:00
6423595254015,D5,1,,,,0,1487,Likely churned,2022-04-03 16:00:00+00:00,2022-04-03 16:00:00+00:00
6423592272127,D5,1,,,,0,1465,Likely churned,2022-04-25 16:00:00+00:00,2022-04-25 16:00:00+00:00
6424267686143,D5,1,,,,0,1454,Likely churned,2022-05-06 16:00:00+00:00,2022-05-06 16:00:00+00:00
8086485106943,D3,1,,,,0,337,Likely churned,2025-05-27 16:00:00+00:00,2025-05-27 16:00:00+00:00
7756036014335,D4,1,,,,0,1462,Likely churned,2022-04-28 16:00:00+00:00,2022-04-28 16:00:00+00:00
8015555100927,D3,1,,,,0,360,Likely churned,2025-05-04 16:00:00+00:00,2025-05-04 16:00:00+00:00
8015556968703,D3,1,,,,0,360,Likely churned,2025-05-04 16:00:00+00:00,2025-05-04 16:00:00+00:00
6423594860799,D5,1,,,,0,1484,Likely churned,2022-04-06 16:00:00+00:00,2022-04-06 16:00:00+00:00
7756318507263,D4,1,,,,0,734,Likely churned,2024-04-25 16:00:00+00:00,2024-04-25 16:00:00+00:00
6329633571071,D5,1,,,,0,1441,Likely churned,2022-05-19 16:00:00+00:00,2022-05-19 16:00:00+00:00
6327743709439,D5,1,,,,0,1132,Likely churned,2023-03-24 16:00:00+00:00,2023-03-24 16:00:00+00:00
6602513154303,D5,1,,,,0,1143,Likely churned,2023-03-13 16:00:00+00:00,2023-03-13 16:00:00+00:00
7177783116031,D5,1,,,,0,750,Likely churned,2024-04-09 16:00:00+00:00,2024-04-09 16:00:00+00:00
7475190006015,D5,1,,,,0,607,Likely churned,2024-08-30 16:00:00+00:00,2024-08-30 16:00:00+00:00
7520723403007,D5,1,,,,0,579,Likely churned,2024-09-27 16:00:00+00:00,2024-09-27 16:00:00+00:00
7522680701183,D5,1,,,,0,577,Likely churned,2024-09-29 16:00:00+00:00,2024-09-29 16:00:00+00:00
7549590896895,D5,1,,,,0,566,Likely churned,2024-10-10 16:00:00+00:00,2024-10-10 16:00:00+00:00
7584980435199,D5,1,,,,0,547,Likely churned,2024-10-29 16:00:00+00:00,2024-10-29 16:00:00+00:00
7756475465983,D4,1,,,,0,437,Likely churned,2025-02-16 16:00:00+00:00,2025-02-16 16:00:00+00:00
7981308379391,D3,1,,,,0,367,Likely churned,2025-04-27 16:00:00+00:00,2025-04-27 16:00:00+00:00
8096731693311,D3,1,,,,0,333,Likely churned,2025-05-31 16:00:00+00:00,2025-05-31 16:00:00+00:00
8109830078719,D3,1,,,,0,328,Likely churned,2025-06-05 16:00:00+00:00,2025-06-05 16:00:00+00:00
8246269673727,D3,1,,,,0,264,Likely churned,2025-08-08 16:00:00+00:00,2025-08-08 16:00:00+00:00
8263488635135,D3,1,,,,0,255,Likely churned,2025-08-17 16:00:00+00:00,2025-08-17 16:00:00+00:00
8285542351103,D3,1,,,,0,249,Likely churned,2025-08-23 16:00:00+00:00,2025-08-23 16:00:00+00:00
7755986075903,D4,1,,,,0,1418,Likely churned,2022-06-11 16:00:00+00:00,2022-06-11 16:00:00+00:00
7755995742463,D4,1,,,,0,1576,Likely churned,2022-01-04 16:00:00+00:00,2022-01-04 16:00:00+00:00
6336695763199,D2,2,15.0,,,15,1493,Likely churned,2022-03-13 16:00:00+00:00,2022-03-28 16:00:00+00:00
7756030509311,D4,1,,,,0,1413,Likely churned,2022-06-16 16:00:00+00:00,2022-06-16 16:00:00+00:00
6327566205183,D5,1,,,,0,1423,Likely churned,2022-06-06 16:00:00+00:00,2022-06-06 16:00:00+00:00
6601909240063,D5,1,,,,0,1123,Likely churned,2023-04-02 16:00:00+00:00,2023-04-02 16:00:00+00:00
6423610523903,D5,1,,,,0,1568,Likely churned,2022-01-12 16:00:00+00:00,2022-01-12 16:00:00+00:00
8096187580671,D3,1,,,,0,333,Likely churned,2025-05-31 16:00:00+00:00,2025-05-31 16:00:00+00:00
6327713857791,D5,1,,,,0,1562,Likely churned,2022-01-18 16:00:00+00:00,2022-01-18 16:00:00+00:00
8863438635263,D2,1,,,,0,40,Active,2026-03-20 16:00:00+00:00,2026-03-20 16:00:00+00:00
7756379980031,D4,1,,,,0,966,Likely churned,2023-09-06 16:00:00+00:00,2023-09-06 16:00:00+00:00
7756395053311,D4,1,,,,431,129,At-risk,2024-10-16 16:00:00+00:00,2025-12-21 16:00:00+00:00
7756039094527,D4,1,,,,0,1500,Likely churned,2022-03-21 16:00:00+00:00,2022-03-21 16:00:00+00:00
6327680434431,D5,1,,,,0,1350,Likely churned,2022-08-18 16:00:00+00:00,2022-08-18 16:00:00+00:00
6327700783359,D5,1,,,,0,1334,Likely churned,2022-09-03 16:00:00+00:00,2022-09-03 16:00:00+00:00
6336645169407,D5,1,,,,0,1358,Likely churned,2022-08-10 16:00:00+00:00,2022-08-10 16:00:00+00:00
6423226220799,D5,1,,,,0,1349,Likely churned,2022-08-19 16:00:00+00:00,2022-08-19 16:00:00+00:00
6600826159359,D5,1,,,,0,1145,Likely churned,2023-03-11 16:00:00+00:00,2023-03-11 16:00:00+00:00
7755939479807,D5,1,,,,0,702,Likely churned,2024-05-27 16:00:00+00:00,2024-05-27 16:00:00+00:00
7756429787391,D4,1,,,,0,703,Likely churned,2024-05-26 16:00:00+00:00,2024-05-26 16:00:00+00:00
7756430835967,D4,1,,,,0,701,Likely churned,2024-05-28 16:00:00+00:00,2024-05-28 16:00:00+00:00
7756431032575,D4,1,,,,0,701,Likely churned,2024-05-28 16:00:00+00:00,2024-05-28 16:00:00+00:00
7756439552255,D4,1,,,,0,671,Likely churned,2024-06-27 16:00:00+00:00,2024-06-27 16:00:00+00:00
7756440371455,D4,1,,,,0,669,Likely churned,2024-06-29 16:00:00+00:00,2024-06-29 16:00:00+00:00
7756440699135,D4,1,,,,0,668,Likely churned,2024-06-30 16:00:00+00:00,2024-06-30 16:00:00+00:00
7756458819839,D4,1,,,,0,592,Likely churned,2024-09-14 16:00:00+00:00,2024-09-14 16:00:00+00:00
7756465766655,D4,1,,,,0,587,Likely churned,2024-09-19 16:00:00+00:00,2024-09-19 16:00:00+00:00
7756466192639,D4,1,,,,0,585,Likely churned,2024-09-21 16:00:00+00:00,2024-09-21 16:00:00+00:00
7756468748543,D4,1,,,,0,578,Likely churned,2024-09-28 16:00:00+00:00,2024-09-28 16:00:00+00:00
7756469698815,D4,1,,,,0,577,Likely churned,2024-09-29 16:00:00+00:00,2024-09-29 16:00:00+00:00
7756469764351,D4,1,,,,0,577,Likely churned,2024-09-29 16:00:00+00:00,2024-09-29 16:00:00+00:00
7756473303295,D4,1,,,,0,565,Likely churned,2024-10-11 16:00:00+00:00,2024-10-11 16:00:00+00:00
7756430704895,D4,1,,,,0,701,Likely churned,2024-05-28 16:00:00+00:00,2024-05-28 16:00:00+00:00
8790340993279,D2,1,,,,0,70,Active,2026-02-18 16:00:00+00:00,2026-02-18 16:00:00+00:00
6532482859263,D5,1,,,,0,1224,Likely churned,2022-12-22 16:00:00+00:00,2022-12-22 16:00:00+00:00
7756439224575,D4,1,,,,0,672,Likely churned,2024-06-26 16:00:00+00:00,2024-06-26 16:00:00+00:00
8817388421375,D2,1,,,,0,58,Active,2026-03-02 16:00:00+00:00,2026-03-02 16:00:00+00:00
6327681515775,D5,1,,,,0,1525,Likely churned,2022-02-24 16:00:00+00:00,2022-02-24 16:00:00+00:00
8717923418367,D2,1,,,,0,93,At-risk,2026-01-26 16:00:00+00:00,2026-01-26 16:00:00+00:00
6327785095423,D2,2,35.0,,,35,1473,Likely churned,2022-03-13 16:00:00+00:00,2022-04-17 16:00:00+00:00
7756008390911,D4,1,,,,0,1359,Likely churned,2022-08-09 16:00:00+00:00,2022-08-09 16:00:00+00:00
6532495114495,D5,1,,,,0,1222,Likely churned,2022-12-24 16:00:00+00:00,2022-12-24 16:00:00+00:00
7755923226879,D5,1,,,,0,1214,Likely churned,2023-01-01 16:00:00+00:00,2023-01-01 16:00:00+00:00
7756007735551,D4,1,,,,0,1285,Likely churned,2022-10-22 16:00:00+00:00,2022-10-22 16:00:00+00:00
7756260475135,D4,1,,,,0,1243,Likely churned,2022-12-03 16:00:00+00:00,2022-12-03 16:00:00+00:00
7756261490943,D4,1,,,,0,1235,Likely churned,2022-12-11 16:00:00+00:00,2022-12-11 16:00:00+00:00
7756263981311,D4,1,,,,0,1216,Likely churned,2022-12-30 16:00:00+00:00,2022-12-30 16:00:00+00:00
7756264046847,D4,1,,,,0,1215,Likely churned,2022-12-31 16:00:00+00:00,2022-12-31 16:00:00+00:00
7756264603903,D4,1,,,,0,1210,Likely churned,2023-01-05 16:00:00+00:00,2023-01-05 16:00:00+00:00
7756264734975,D4,1,,,,0,1209,Likely churned,2023-01-06 16:00:00+00:00,2023-01-06 16:00:00+00:00
7756266963199,D4,1,,,,0,1188,Likely churned,2023-01-27 16:00:00+00:00,2023-01-27 16:00:00+00:00
7756348883199,D4,1,,,,0,1163,Likely churned,2023-02-21 16:00:00+00:00,2023-02-21 16:00:00+00:00
7756349047039,D4,1,,,,0,1161,Likely churned,2023-02-23 16:00:00+00:00,2023-02-23 16:00:00+00:00
7756355240191,D4,1,,,,0,1135,Likely churned,2023-03-21 16:00:00+00:00,2023-03-21 16:00:00+00:00
7756360614143,D4,1,,,,0,1090,Likely churned,2023-05-05 16:00:00+00:00,2023-05-05 16:00:00+00:00
7756361597183,D4,1,,,,0,1079,Likely churned,2023-05-16 16:00:00+00:00,2023-05-16 16:00:00+00:00
7756361761023,D4,1,,,,0,1076,Likely churned,2023-05-19 16:00:00+00:00,2023-05-19 16:00:00+00:00
6327627022591,D5,1,,,,0,211,Likely churned,2025-09-30 16:00:00+00:00,2025-09-30 16:00:00+00:00
8681786704127,D2,1,,,,0,111,At-risk,2026-01-08 16:00:00+00:00,2026-01-08 16:00:00+00:00
7756365496575,D4,1,,,,0,1038,Likely churned,2023-06-26 16:00:00+00:00,2023-06-26 16:00:00+00:00
7756467765503,D4,1,,,,0,580,Likely churned,2024-09-26 16:00:00+00:00,2024-09-26 16:00:00+00:00
6532514840831,D5,1,,,,0,1189,Likely churned,2023-01-26 16:00:00+00:00,2023-01-26 16:00:00+00:00
7755937448191,D5,1,,,,0,1208,Likely churned,2023-01-07 16:00:00+00:00,2023-01-07 16:00:00+00:00
7756005998847,D4,1,,,,0,1293,Likely churned,2022-10-14 16:00:00+00:00,2022-10-14 16:00:00+00:00
7756006228223,D2,2,49.0,,,49,1243,Likely churned,2022-10-15 16:00:00+00:00,2022-12-03 16:00:00+00:00
8144634249471,D3,1,,,,0,309,Likely churned,2025-06-24 16:00:00+00:00,2025-06-24 16:00:00+00:00
6336648052991,D5,1,,,,0,1527,Likely churned,2022-02-22 16:00:00+00:00,2022-02-22 16:00:00+00:00
8762675659007,D2,1,,,,0,81,Active,2026-02-07 16:00:00+00:00,2026-02-07 16:00:00+00:00
8780130713855,D2,1,,,,0,75,Active,2026-02-13 16:00:00+00:00,2026-02-13 16:00:00+00:00
6423241130239,D5,1,,,,0,1435,Likely churned,2022-05-25 16:00:00+00:00,2022-05-25 16:00:00+00:00
8899212771583,D2,1,,,,0,32,Active,2026-03-28 16:00:00+00:00,2026-03-28 16:00:00+00:00
7756029985023,D4,1,,,,0,1449,Likely churned,2022-05-11 16:00:00+00:00,2022-05-11 16:00:00+00:00
7756280692991,D4,1,,,,0,36,Active,2026-03-24 16:00:00+00:00,2026-03-24 16:00:00+00:00
6329872974079,D5,1,,,,0,1536,Likely churned,2022-02-13 16:00:00+00:00,2022-02-13 16:00:00+00:00
8785460625663,D2,1,,,,0,72,Active,2026-02-16 16:00:00+00:00,2026-02-16 16:00:00+00:00
8763113734399,D2,1,,,,0,81,Active,2026-02-07 16:00:00+00:00,2026-02-07 16:00:00+00:00
8140701565183,D3,1,,,,0,316,Likely churned,2025-06-17 16:00:00+00:00,2025-06-17 16:00:00+00:00
6336745406719,D5,1,,,,0,1523,Likely churned,2022-02-26 16:00:00+00:00,2022-02-26 16:00:00+00:00
7756005769471,D4,1,,,,0,1294,Likely churned,2022-10-13 16:00:00+00:00,2022-10-13 16:00:00+00:00
7756007342335,D4,1,,,,0,1287,Likely churned,2022-10-20 16:00:00+00:00,2022-10-20 16:00:00+00:00
7756260638975,D4,1,,,,0,1240,Likely churned,2022-12-06 16:00:00+00:00,2022-12-06 16:00:00+00:00
7756260901119,D4,1,,,,0,1238,Likely churned,2022-12-08 16:00:00+00:00,2022-12-08 16:00:00+00:00
7756263588095,D4,1,,,,0,1218,Likely churned,2022-12-28 16:00:00+00:00,2022-12-28 16:00:00+00:00
7756264014079,D4,1,,,,0,1177,Likely churned,2023-02-07 16:00:00+00:00,2023-02-07 16:00:00+00:00
7756264341759,D4,1,,,,0,1212,Likely churned,2023-01-03 16:00:00+00:00,2023-01-03 16:00:00+00:00
7756267028735,D4,1,,,,0,1187,Likely churned,2023-01-28 16:00:00+00:00,2023-01-28 16:00:00+00:00
7756328730879,D4,1,,,,0,1177,Likely churned,2023-02-07 16:00:00+00:00,2023-02-07 16:00:00+00:00
7756349833471,D4,1,,,,0,1155,Likely churned,2023-03-01 16:00:00+00:00,2023-03-01 16:00:00+00:00
7756358811903,D4,1,,,,0,1108,Likely churned,2023-04-17 16:00:00+00:00,2023-04-17 16:00:00+00:00
7756459475199,D4,1,,,,0,615,Likely churned,2024-08-22 16:00:00+00:00,2024-08-22 16:00:00+00:00
7756468551935,D4,1,,,,0,579,Likely churned,2024-09-27 16:00:00+00:00,2024-09-27 16:00:00+00:00
7756469108991,D4,1,,,,0,578,Likely churned,2024-09-28 16:00:00+00:00,2024-09-28 16:00:00+00:00
7756469829887,D4,1,,,,0,577,Likely churned,2024-09-29 16:00:00+00:00,2024-09-29 16:00:00+00:00
7756477530367,D4,1,,,,0,546,Likely churned,2024-10-30 16:00:00+00:00,2024-10-30 16:00:00+00:00
7756408127743,D1,2,84.0,,,84,718,Likely churned,2024-02-17 16:00:00+00:00,2024-05-11 16:00:00+00:00
7930953138431,D3,1,,,,0,397,Likely churned,2025-03-28 16:00:00+00:00,2025-03-28 16:00:00+00:00
7756399116543,D4,1,,,,0,734,Likely churned,2024-04-25 16:00:00+00:00,2024-04-25 16:00:00+00:00
7756414025983,D4,1,,,,0,735,Likely churned,2024-04-24 16:00:00+00:00,2024-04-24 16:00:00+00:00
8717997375743,D2,1,,,,0,93,At-risk,2026-01-26 16:00:00+00:00,2026-01-26 16:00:00+00:00
8850290114815,D2,1,,,,0,40,Active,2026-03-20 16:00:00+00:00,2026-03-20 16:00:00+00:00
8906250879231,D2,1,,,,0,30,Active,2026-03-30 16:00:00+00:00,2026-03-30 16:00:00+00:00
6329828606207,D5,1,,,,0,1576,Likely churned,2022-01-04 16:00:00+00:00,2022-01-04 16:00:00+00:00
8712295612671,D2,1,,,,0,96,At-risk,2026-01-23 16:00:00+00:00,2026-01-23 16:00:00+00:00
7888779870463,D3,1,,,,0,420,Likely churned,2025-03-05 16:00:00+00:00,2025-03-05 16:00:00+00:00
8683962335487,D2,1,,,,0,109,At-risk,2026-01-10 16:00:00+00:00,2026-01-10 16:00:00+00:00
8316323397887,D3,1,,,,0,231,Likely churned,2025-09-10 16:00:00+00:00,2025-09-10 16:00:00+00:00
7756439159039,D4,1,,,,0,672,Likely churned,2024-06-26 16:00:00+00:00,2024-06-26 16:00:00+00:00
7136351912191,D5,1,,,,0,768,Likely churned,2024-03-22 16:00:00+00:00,2024-03-22 16:00:00+00:00
7755981357311,D4,1,,,,0,1152,Likely churned,2023-03-04 16:00:00+00:00,2023-03-04 16:00:00+00:00
7756263162111,D4,1,,,,0,1221,Likely churned,2022-12-25 16:00:00+00:00,2022-12-25 16:00:00+00:00
7756355436799,D1,2,45.0,,,45,1088,Likely churned,2023-03-23 16:00:00+00:00,2023-05-07 16:00:00+00:00
7755996365055,D1,3,0.0,0.0,0.0,0,1543,Likely churned,2022-02-06 16:00:00+00:00,2022-02-06 16:00:00+00:00
6423613210879,D5,1,,,,0,1578,Likely churned,2022-01-02 16:00:00+00:00,2022-01-02 16:00:00+00:00
7966502945023,D1,4,11.0,11.0,0.0,11,365,Likely churned,2025-04-18 16:00:00+00:00,2025-04-29 16:00:00+00:00
8902711247103,D2,1,,,,0,31,Active,2026-03-29 16:00:00+00:00,2026-03-29 16:00:00+00:00
6592534642943,D5,1,,,,0,1152,Likely churned,2023-03-04 16:00:00+00:00,2023-03-04 16:00:00+00:00
7756362350847,D1,2,213.0,,,213,854,Likely churned,2023-05-28 16:00:00+00:00,2023-12-27 16:00:00+00:00
7169039302911,D5,1,,,,0,754,Likely churned,2024-04-05 16:00:00+00:00,2024-04-05 16:00:00+00:00
6327639015679,D5,1,,,,0,1339,Likely churned,2022-08-29 16:00:00+00:00,2022-08-29 16:00:00+00:00
6543953953023,D5,1,,,,0,1176,Likely churned,2023-02-08 16:00:00+00:00,2023-02-08 16:00:00+00:00
6327625089279,D5,1,,,,0,1543,Likely churned,2022-02-06 16:00:00+00:00,2022-02-06 16:00:00+00:00
7756042273023,D4,1,,,,0,1526,Likely churned,2022-02-23 16:00:00+00:00,2022-02-23 16:00:00+00:00
8427271291135,D2,1,,,,0,191,Likely churned,2025-10-20 16:00:00+00:00,2025-10-20 16:00:00+00:00
7959817552127,D3,1,,,,0,380,Likely churned,2025-04-14 16:00:00+00:00,2025-04-14 16:00:00+00:00
7756469076223,D4,1,,,,0,564,Likely churned,2024-10-12 16:00:00+00:00,2024-10-12 16:00:00+00:00
8306859081983,D3,1,,,,0,237,Likely churned,2025-09-04 16:00:00+00:00,2025-09-04 16:00:00+00:00
8285699997951,D3,1,,,,0,249,Likely churned,2025-08-23 16:00:00+00:00,2025-08-23 16:00:00+00:00
8339765526783,D3,1,,,,0,221,Likely churned,2025-09-20 16:00:00+00:00,2025-09-20 16:00:00+00:00
7713343406335,D5,1,,,,0,498,Likely churned,2024-12-17 16:00:00+00:00,2024-12-17 16:00:00+00:00
8596374290687,D2,1,,,,0,144,At-risk,2025-12-06 16:00:00+00:00,2025-12-06 16:00:00+00:00
6329840173311,D5,1,,,,0,1465,Likely churned,2022-04-25 16:00:00+00:00,2022-04-25 16:00:00+00:00
6328270061823,D5,1,,,,0,1420,Likely churned,2022-06-09 16:00:00+00:00,2022-06-09 16:00:00+00:00
6329873924351,D2,2,16.0,,,16,1429,Likely churned,2022-05-15 16:00:00+00:00,2022-05-31 16:00:00+00:00
6601909141759,D5,1,,,,0,1142,Likely churned,2023-03-14 16:00:00+00:00,2023-03-14 16:00:00+00:00
6601910878463,D5,1,,,,0,1123,Likely churned,2023-04-02 16:00:00+00:00,2023-04-02 16:00:00+00:00
6601910943999,D5,1,,,,0,1122,Likely churned,2023-04-03 16:00:00+00:00,2023-04-03 16:00:00+00:00
6836349403391,D5,1,,,,0,934,Likely churned,2023-10-08 16:00:00+00:00,2023-10-08 16:00:00+00:00
7031191503103,D5,1,,,,0,828,Likely churned,2024-01-22 16:00:00+00:00,2024-01-22 16:00:00+00:00
7183667331327,D5,1,,,,0,746,Likely churned,2024-04-13 16:00:00+00:00,2024-04-13 16:00:00+00:00
7250960810239,D5,1,,,,0,733,Likely churned,2024-04-26 16:00:00+00:00,2024-04-26 16:00:00+00:00
7471466512639,D5,1,,,,0,609,Likely churned,2024-08-28 16:00:00+00:00,2024-08-28 16:00:00+00:00
7475372294399,D5,1,,,,0,607,Likely churned,2024-08-30 16:00:00+00:00,2024-08-30 16:00:00+00:00
7476640121087,D5,1,,,,0,606,Likely churned,2024-08-31 16:00:00+00:00,2024-08-31 16:00:00+00:00
7476641267967,D5,1,,,,0,606,Likely churned,2024-08-31 16:00:00+00:00,2024-08-31 16:00:00+00:00
7476765753599,D5,1,,,,0,606,Likely churned,2024-08-31 16:00:00+00:00,2024-08-31 16:00:00+00:00
7575695851775,D5,1,,,,0,555,Likely churned,2024-10-21 16:00:00+00:00,2024-10-21 16:00:00+00:00
7582926274815,D5,1,,,,0,549,Likely churned,2024-10-27 16:00:00+00:00,2024-10-27 16:00:00+00:00
7881287041279,D3,1,,,,0,425,Likely churned,2025-02-28 16:00:00+00:00,2025-02-28 16:00:00+00:00
8065620410623,D3,1,,,,0,344,Likely churned,2025-05-20 16:00:00+00:00,2025-05-20 16:00:00+00:00
7898587037951,D3,1,,,,0,413,Likely churned,2025-03-12 16:00:00+00:00,2025-03-12 16:00:00+00:00
8108930564351,D3,1,,,,0,266,Likely churned,2025-08-06 16:00:00+00:00,2025-08-06 16:00:00+00:00
7756263489791,D4,1,,,,0,1097,Likely churned,2023-04-28 16:00:00+00:00,2023-04-28 16:00:00+00:00
7756354224383,D4,1,,,,0,1139,Likely churned,2023-03-17 16:00:00+00:00,2023-03-17 16:00:00+00:00
7756385190143,D4,1,,,,0,931,Likely churned,2023-10-11 16:00:00+00:00,2023-10-11 16:00:00+00:00
7756384174335,D4,1,,,,0,380,Likely churned,2025-04-14 16:00:00+00:00,2025-04-14 16:00:00+00:00
8166650413311,D3,1,,,,0,305,Likely churned,2025-06-28 16:00:00+00:00,2025-06-28 16:00:00+00:00
6851588653311,D5,1,,,,0,926,Likely churned,2023-10-16 16:00:00+00:00,2023-10-16 16:00:00+00:00
7755972935935,D4,1,,,,0,687,Likely churned,2024-06-11 16:00:00+00:00,2024-06-11 16:00:00+00:00
7756362711295,D4,1,,,,0,1060,Likely churned,2023-06-04 16:00:00+00:00,2023-06-04 16:00:00+00:00
7756380995839,D4,1,,,,0,962,Likely churned,2023-09-10 16:00:00+00:00,2023-09-10 16:00:00+00:00
7756381159679,D4,1,,,,0,961,Likely churned,2023-09-11 16:00:00+00:00,2023-09-11 16:00:00+00:00
7756384305407,D4,1,,,,0,935,Likely churned,2023-10-07 16:00:00+00:00,2023-10-07 16:00:00+00:00
7756385583359,D4,1,,,,0,927,Likely churned,2023-10-15 16:00:00+00:00,2023-10-15 16:00:00+00:00
7756396101887,D4,1,,,,0,878,Likely churned,2023-12-03 16:00:00+00:00,2023-12-03 16:00:00+00:00
7756410814719,D4,1,,,,0,784,Likely churned,2024-03-06 16:00:00+00:00,2024-03-06 16:00:00+00:00
7756412977407,D4,1,,,,0,773,Likely churned,2024-03-17 16:00:00+00:00,2024-03-17 16:00:00+00:00
7756430672127,D4,1,,,,0,702,Likely churned,2024-05-27 16:00:00+00:00,2024-05-27 16:00:00+00:00
7756440076543,D4,1,,,,0,670,Likely churned,2024-06-28 16:00:00+00:00,2024-06-28 16:00:00+00:00
6336697762047,D5,1,,,,0,1495,Likely churned,2022-03-26 16:00:00+00:00,2022-03-26 16:00:00+00:00
7756035719423,D4,1,,,,0,1458,Likely churned,2022-05-02 16:00:00+00:00,2022-05-02 16:00:00+00:00
6328293490943,D5,1,,,,0,1399,Likely churned,2022-06-30 16:00:00+00:00,2022-06-30 16:00:00+00:00
8623599485183,D2,1,,,,0,134,At-risk,2025-12-16 16:00:00+00:00,2025-12-16 16:00:00+00:00
7756005802239,D4,1,,,,0,1282,Likely churned,2022-10-25 16:00:00+00:00,2022-10-25 16:00:00+00:00
6423600824575,D2,2,30.0,,,30,1526,Likely churned,2022-01-24 16:00:00+00:00,2022-02-23 16:00:00+00:00
8478323441919,D2,1,,,,0,185,Likely churned,2025-10-26 16:00:00+00:00,2025-10-26 16:00:00+00:00
8702306648319,D2,1,,,,0,101,At-risk,2026-01-18 16:00:00+00:00,2026-01-18 16:00:00+00:00
6327653794047,D5,1,,,,0,1190,Likely churned,2023-01-25 16:00:00+00:00,2023-01-25 16:00:00+00:00
6469874483455,D5,1,,,,0,984,Likely churned,2023-08-19 16:00:00+00:00,2023-08-19 16:00:00+00:00
6492358639871,D5,1,,,,0,1217,Likely churned,2022-12-29 16:00:00+00:00,2022-12-29 16:00:00+00:00
6518409691391,D5,1,,,,0,1196,Likely churned,2023-01-19 16:00:00+00:00,2023-01-19 16:00:00+00:00
6532503077119,D5,1,,,,0,1180,Likely churned,2023-02-04 16:00:00+00:00,2023-02-04 16:00:00+00:00
6601910976767,D5,1,,,,0,1143,Likely churned,2023-03-13 16:00:00+00:00,2023-03-13 16:00:00+00:00
6601972154623,D5,1,,,,0,1143,Likely churned,2023-03-13 16:00:00+00:00,2023-03-13 16:00:00+00:00
6609653694719,D5,1,,,,0,1137,Likely churned,2023-03-19 16:00:00+00:00,2023-03-19 16:00:00+00:00
6616188879103,D5,1,,,,0,1131,Likely churned,2023-03-25 16:00:00+00:00,2023-03-25 16:00:00+00:00
6803687801087,D5,1,,,,0,965,Likely churned,2023-09-07 16:00:00+00:00,2023-09-07 16:00:00+00:00
6951967162623,D5,1,,,,0,870,Likely churned,2023-12-11 16:00:00+00:00,2023-12-11 16:00:00+00:00
7016101970175,D5,1,,,,0,835,Likely churned,2024-01-15 16:00:00+00:00,2024-01-15 16:00:00+00:00
7089753653503,D5,1,,,,0,798,Likely churned,2024-02-21 16:00:00+00:00,2024-02-21 16:00:00+00:00
8246777282815,D3,1,,,,0,263,Likely churned,2025-08-09 16:00:00+00:00,2025-08-09 16:00:00+00:00
7756386074879,D4,1,,,,0,920,Likely churned,2023-10-22 16:00:00+00:00,2023-10-22 16:00:00+00:00
7756048990463,D4,1,,,,0,1580,Likely churned,2021-12-31 16:00:00+00:00,2021-12-31 16:00:00+00:00
8438249554175,D2,1,,,,0,193,Likely churned,2025-10-18 16:00:00+00:00,2025-10-18 16:00:00+00:00
7756019269887,D2,2,0.0,,,0,1361,Likely churned,2022-08-07 16:00:00+00:00,2022-08-07 16:00:00+00:00
7756045385983,D4,1,,,,0,1561,Likely churned,2022-01-19 16:00:00+00:00,2022-01-19 16:00:00+00:00
7756031066367,D4,1,,,,0,1422,Likely churned,2022-06-07 16:00:00+00:00,2022-06-07 16:00:00+00:00
7969924874495,D3,1,,,,0,374,Likely churned,2025-04-20 16:00:00+00:00,2025-04-20 16:00:00+00:00
8764788277503,D2,1,,,,0,80,Active,2026-02-08 16:00:00+00:00,2026-02-08 16:00:00+00:00
7755997053183,D4,1,,,,0,1542,Likely churned,2022-02-07 16:00:00+00:00,2022-02-07 16:00:00+00:00
6329849053439,D5,1,,,,0,1458,Likely churned,2022-05-02 16:00:00+00:00,2022-05-02 16:00:00+00:00
6423590207743,D5,1,,,,0,1457,Likely churned,2022-05-03 16:00:00+00:00,2022-05-03 16:00:00+00:00
7756002132223,D4,1,,,,0,761,Likely churned,2024-03-29 16:00:00+00:00,2024-03-29 16:00:00+00:00
7756173345023,D4,1,,,,0,1050,Likely churned,2023-06-14 16:00:00+00:00,2023-06-14 16:00:00+00:00
7756376834303,D4,1,,,,0,991,Likely churned,2023-08-12 16:00:00+00:00,2023-08-12 16:00:00+00:00
7756382896383,D4,1,,,,0,947,Likely churned,2023-09-25 16:00:00+00:00,2023-09-25 16:00:00+00:00
7756408652031,D4,1,,,,0,800,Likely churned,2024-02-19 16:00:00+00:00,2024-02-19 16:00:00+00:00
7756409078015,D4,1,,,,0,796,Likely churned,2024-02-23 16:00:00+00:00,2024-02-23 16:00:00+00:00
7756421693695,D4,1,,,,0,733,Likely churned,2024-04-26 16:00:00+00:00,2024-04-26 16:00:00+00:00
7756431950079,D4,1,,,,0,700,Likely churned,2024-05-29 16:00:00+00:00,2024-05-29 16:00:00+00:00
7756434014463,D4,1,,,,0,669,Likely churned,2024-06-29 16:00:00+00:00,2024-06-29 16:00:00+00:00
7756438700287,D4,1,,,,0,675,Likely churned,2024-06-23 16:00:00+00:00,2024-06-23 16:00:00+00:00
7756044763391,D4,1,,,,0,1551,Likely churned,2022-01-29 16:00:00+00:00,2022-01-29 16:00:00+00:00
7756022055167,D4,1,,,,0,1422,Likely churned,2022-06-07 16:00:00+00:00,2022-06-07 16:00:00+00:00
7756048957695,D1,3,1.0,1.0,0.0,1,1579,Likely churned,2021-12-31 16:00:00+00:00,2022-01-01 16:00:00+00:00
8077244072191,D3,1,,,,0,340,Likely churned,2025-05-24 16:00:00+00:00,2025-05-24 16:00:00+00:00
8125631594751,D3,1,,,,0,322,Likely churned,2025-06-11 16:00:00+00:00,2025-06-11 16:00:00+00:00
7756039651583,D4,1,,,,0,1507,Likely churned,2022-03-14 16:00:00+00:00,2022-03-14 16:00:00+00:00
8714730012927,D2,1,,,,0,95,At-risk,2026-01-24 16:00:00+00:00,2026-01-24 16:00:00+00:00
7756474712319,D1,2,74.0,,,74,486,Likely churned,2024-10-16 16:00:00+00:00,2024-12-29 16:00:00+00:00
8585713811711,D2,1,,,,0,148,At-risk,2025-12-02 16:00:00+00:00,2025-12-02 16:00:00+00:00
6327731028223,D5,1,,,,0,1343,Likely churned,2022-08-25 16:00:00+00:00,2022-08-25 16:00:00+00:00
8629594521855,D2,1,,,,0,133,At-risk,2025-12-17 16:00:00+00:00,2025-12-17 16:00:00+00:00
6329871073535,D2,2,92.0,,,92,1427,Likely churned,2022-03-02 16:00:00+00:00,2022-06-02 16:00:00+00:00
6423223828735,D5,1,,,,0,1321,Likely churned,2022-09-16 16:00:00+00:00,2022-09-16 16:00:00+00:00
6329616695551,D5,1,,,,0,1123,Likely churned,2023-04-02 16:00:00+00:00,2023-04-02 16:00:00+00:00
7857218584831,D3,1,,,,0,435,Likely churned,2025-02-18 16:00:00+00:00,2025-02-18 16:00:00+00:00
8708667474175,D2,1,,,,0,98,At-risk,2026-01-21 16:00:00+00:00,2026-01-21 16:00:00+00:00
7756462915839,D4,1,,,,0,601,Likely churned,2024-09-05 16:00:00+00:00,2024-09-05 16:00:00+00:00
6607911551231,D5,1,,,,0,1138,Likely churned,2023-03-18 16:00:00+00:00,2023-03-18 16:00:00+00:00
6616451449087,D5,1,,,,0,1131,Likely churned,2023-03-25 16:00:00+00:00,2023-03-25 16:00:00+00:00
7425455227135,D5,1,,,,0,636,Likely churned,2024-08-01 16:00:00+00:00,2024-08-01 16:00:00+00:00
7756041945343,D4,1,,,,0,1522,Likely churned,2022-02-27 16:00:00+00:00,2022-02-27 16:00:00+00:00
8572002271487,D2,1,,,,0,139,At-risk,2025-12-11 16:00:00+00:00,2025-12-11 16:00:00+00:00
7755981259007,D4,1,,,,0,1342,Likely churned,2022-08-26 16:00:00+00:00,2022-08-26 16:00:00+00:00
8598015181055,D2,1,,,,0,143,At-risk,2025-12-07 16:00:00+00:00,2025-12-07 16:00:00+00:00
6327633477887,D5,1,,,,0,1066,Likely churned,2023-05-29 16:00:00+00:00,2023-05-29 16:00:00+00:00
6329618104575,D5,1,,,,0,417,Likely churned,2025-03-08 16:00:00+00:00,2025-03-08 16:00:00+00:00
6424851120383,D5,1,,,,0,1065,Likely churned,2023-05-30 16:00:00+00:00,2023-05-30 16:00:00+00:00
6500262969599,D5,1,,,,0,1211,Likely churned,2023-01-04 16:00:00+00:00,2023-01-04 16:00:00+00:00
6587938668799,D5,1,,,,0,1155,Likely churned,2023-03-01 16:00:00+00:00,2023-03-01 16:00:00+00:00
6601909534975,D5,1,,,,0,1141,Likely churned,2023-03-15 16:00:00+00:00,2023-03-15 16:00:00+00:00
6620081684735,D5,1,,,,0,1127,Likely churned,2023-03-29 16:00:00+00:00,2023-03-29 16:00:00+00:00
7288823283967,D5,1,,,,0,714,Likely churned,2024-05-15 16:00:00+00:00,2024-05-15 16:00:00+00:00
7309858963711,D5,1,,,,0,701,Likely churned,2024-05-28 16:00:00+00:00,2024-05-28 16:00:00+00:00
7476813496575,D5,1,,,,0,606,Likely churned,2024-08-31 16:00:00+00:00,2024-08-31 16:00:00+00:00
7519522029823,D5,1,,,,0,580,Likely churned,2024-09-26 16:00:00+00:00,2024-09-26 16:00:00+00:00
7572073185535,D5,1,,,,0,558,Likely churned,2024-10-18 16:00:00+00:00,2024-10-18 16:00:00+00:00
7834599522559,D3,1,,,,0,447,Likely churned,2025-02-06 16:00:00+00:00,2025-02-06 16:00:00+00:00
7898763755775,D3,1,,,,0,413,Likely churned,2025-03-12 16:00:00+00:00,2025-03-12 16:00:00+00:00
8080070476031,D3,1,,,,0,339,Likely churned,2025-05-25 16:00:00+00:00,2025-05-25 16:00:00+00:00
8371382780159,D2,1,,,,0,204,Likely churned,2025-10-07 16:00:00+00:00,2025-10-07 16:00:00+00:00
8479778144511,D2,1,,,,0,184,Likely churned,2025-10-27 16:00:00+00:00,2025-10-27 16:00:00+00:00
8637321609471,D2,1,,,,0,130,At-risk,2025-12-20 16:00:00+00:00,2025-12-20 16:00:00+00:00
7755966611711,D5,1,,,,0,577,Likely churned,2024-09-29 16:00:00+00:00,2024-09-29 16:00:00+00:00
7756319424767,D4,1,,,,0,856,Likely churned,2023-12-25 16:00:00+00:00,2023-12-25 16:00:00+00:00
7756328501503,D4,1,,,,0,1179,Likely churned,2023-02-05 16:00:00+00:00,2023-02-05 16:00:00+00:00
7756358713599,D4,1,,,,0,1112,Likely churned,2023-04-13 16:00:00+00:00,2023-04-13 16:00:00+00:00
7756381290751,D4,1,,,,0,960,Likely churned,2023-09-12 16:00:00+00:00,2023-09-12 16:00:00+00:00
7756382208255,D4,1,,,,0,949,Likely churned,2023-09-23 16:00:00+00:00,2023-09-23 16:00:00+00:00
7756383420671,D4,1,,,,0,940,Likely churned,2023-10-02 16:00:00+00:00,2023-10-02 16:00:00+00:00
7756399739135,D4,1,,,,0,842,Likely churned,2024-01-08 16:00:00+00:00,2024-01-08 16:00:00+00:00
7756405932287,D4,1,,,,0,817,Likely churned,2024-02-02 16:00:00+00:00,2024-02-02 16:00:00+00:00
7756426838271,D4,1,,,,0,712,Likely churned,2024-05-17 16:00:00+00:00,2024-05-17 16:00:00+00:00
7756436046079,D4,1,,,,0,686,Likely churned,2024-06-12 16:00:00+00:00,2024-06-12 16:00:00+00:00
7756437192959,D4,1,,,,0,682,Likely churned,2024-06-16 16:00:00+00:00,2024-06-16 16:00:00+00:00
7756457574655,D4,1,,,,0,627,Likely churned,2024-08-10 16:00:00+00:00,2024-08-10 16:00:00+00:00
7756459933951,D4,1,,,,0,614,Likely churned,2024-08-23 16:00:00+00:00,2024-08-23 16:00:00+00:00
7756462031103,D4,1,,,,0,605,Likely churned,2024-09-01 16:00:00+00:00,2024-09-01 16:00:00+00:00
7756462260479,D4,1,,,,0,605,Likely churned,2024-09-01 16:00:00+00:00,2024-09-01 16:00:00+00:00
7756470419711,D4,1,,,,0,574,Likely churned,2024-10-02 16:00:00+00:00,2024-10-02 16:00:00+00:00
7845555437823,D3,1,,,,0,441,Likely churned,2025-02-12 16:00:00+00:00,2025-02-12 16:00:00+00:00
7933028401407,D3,1,,,,0,396,Likely churned,2025-03-29 16:00:00+00:00,2025-03-29 16:00:00+00:00
7932520530175,D3,1,,,,0,396,Likely churned,2025-03-29 16:00:00+00:00,2025-03-29 16:00:00+00:00
6765619511551,D5,1,,,,0,998,Likely churned,2023-08-05 16:00:00+00:00,2023-08-05 16:00:00+00:00
7756428083455,D4,1,,,,220,489,Likely churned,2024-05-20 16:00:00+00:00,2024-12-26 16:00:00+00:00
7756464390399,D4,1,,,,0,592,Likely churned,2024-09-14 16:00:00+00:00,2024-09-14 16:00:00+00:00
7756487590143,D4,1,,,,0,490,Likely churned,2024-12-25 16:00:00+00:00,2024-12-25 16:00:00+00:00
7756031983871,D1,2,60.0,,,60,1426,Likely churned,2022-04-04 16:00:00+00:00,2022-06-03 16:00:00+00:00
7308632424703,D5,1,,,,0,702,Likely churned,2024-05-27 16:00:00+00:00,2024-05-27 16:00:00+00:00
7476502855935,D5,1,,,,0,606,Likely churned,2024-08-31 16:00:00+00:00,2024-08-31 16:00:00+00:00
8041270116607,D3,1,,,,0,351,Likely churned,2025-05-13 16:00:00+00:00,2025-05-13 16:00:00+00:00
8116779909375,D3,1,,,,0,325,Likely churned,2025-06-08 16:00:00+00:00,2025-06-08 16:00:00+00:00
8416204783871,D2,1,,,,0,197,Likely churned,2025-10-14 16:00:00+00:00,2025-10-14 16:00:00+00:00
8358775849215,D3,1,,,,0,207,Likely churned,2025-10-04 16:00:00+00:00,2025-10-04 16:00:00+00:00
8736424231167,D2,1,,,,0,86,Active,2026-02-02 16:00:00+00:00,2026-02-02 16:00:00+00:00
6327406264575,D5,1,,,,0,563,Likely churned,2024-10-13 16:00:00+00:00,2024-10-13 16:00:00+00:00
6624124797183,D5,1,,,,0,1123,Likely churned,2023-04-02 16:00:00+00:00,2023-04-02 16:00:00+00:00
7475354009855,D5,1,,,,0,607,Likely churned,2024-08-30 16:00:00+00:00,2024-08-30 16:00:00+00:00
7476886798591,D5,1,,,,0,606,Likely churned,2024-08-31 16:00:00+00:00,2024-08-31 16:00:00+00:00
7582195941631,D5,1,,,,37,512,Likely churned,2024-10-27 16:00:00+00:00,2024-12-03 16:00:00+00:00
7975485112575,D3,1,,,,0,371,Likely churned,2025-04-23 16:00:00+00:00,2025-04-23 16:00:00+00:00
8060725330175,D3,1,,,,0,346,Likely churned,2025-05-18 16:00:00+00:00,2025-05-18 16:00:00+00:00
8476522742015,D2,1,,,,0,186,Likely churned,2025-10-25 16:00:00+00:00,2025-10-25 16:00:00+00:00
8361322807551,D3,1,,,,0,210,Likely churned,2025-10-01 16:00:00+00:00,2025-10-01 16:00:00+00:00
6336672530687,D5,1,,,,0,1424,Likely churned,2022-06-05 16:00:00+00:00,2022-06-05 16:00:00+00:00
7829346124031,D3,1,,,,0,1464,Likely churned,2022-04-26 16:00:00+00:00,2022-04-26 16:00:00+00:00
7755996397823,D2,2,336.0,,,336,1177,Likely churned,2022-03-08 16:00:00+00:00,2023-02-07 16:00:00+00:00
8244481065215,D1,2,0.0,,,0,265,Likely churned,2025-08-07 16:00:00+00:00,2025-08-07 16:00:00+00:00
8310636970239,D1,2,0.0,,,0,235,Likely churned,2025-09-06 16:00:00+00:00,2025-09-06 16:00:00+00:00
7756033589503,D4,1,,,,0,1438,Likely churned,2022-05-22 16:00:00+00:00,2022-05-22 16:00:00+00:00
7756019368191,D4,1,,,,0,1361,Likely churned,2022-08-07 16:00:00+00:00,2022-08-07 16:00:00+00:00
8314033406207,D3,1,,,,0,233,Likely churned,2025-09-08 16:00:00+00:00,2025-09-08 16:00:00+00:00
6327713792255,D5,1,,,,0,1539,Likely churned,2022-02-10 16:00:00+00:00,2022-02-10 16:00:00+00:00
6423602856191,D5,1,,,,0,1532,Likely churned,2022-02-17 16:00:00+00:00,2022-02-17 16:00:00+00:00
8260871454975,D3,1,,,,0,254,Likely churned,2025-08-18 16:00:00+00:00,2025-08-18 16:00:00+00:00
6423463756031,D2,2,0.0,,,0,1447,Likely churned,2022-05-13 16:00:00+00:00,2022-05-13 16:00:00+00:00
7250974277887,D5,1,,,,0,197,Likely churned,2025-10-14 16:00:00+00:00,2025-10-14 16:00:00+00:00
7756038701311,D4,1,,,,0,1495,Likely churned,2022-03-26 16:00:00+00:00,2022-03-26 16:00:00+00:00
7756354781439,D1,2,33.0,,,33,1104,Likely churned,2023-03-19 16:00:00+00:00,2023-04-21 16:00:00+00:00
7756359434495,D1,2,28.0,,,28,1069,Likely churned,2023-04-28 16:00:00+00:00,2023-05-26 16:00:00+00:00
6329708675327,D5,1,,,,0,1572,Likely churned,2022-01-08 16:00:00+00:00,2022-01-08 16:00:00+00:00
7313633411327,D5,1,,,,0,689,Likely churned,2024-06-09 16:00:00+00:00,2024-06-09 16:00:00+00:00
6327624859903,D5,1,,,,0,1356,Likely churned,2022-08-12 16:00:00+00:00,2022-08-12 16:00:00+00:00
6336660472063,D5,1,,,,0,1359,Likely churned,2022-08-09 16:00:00+00:00,2022-08-09 16:00:00+00:00
6329609191679,D5,1,,,,0,1334,Likely churned,2022-09-03 16:00:00+00:00,2022-09-03 16:00:00+00:00
6423598760191,D5,1,,,,0,1512,Likely churned,2022-03-09 16:00:00+00:00,2022-03-09 16:00:00+00:00
7970464071935,D1,2,30.0,,,30,344,Likely churned,2025-04-20 16:00:00+00:00,2025-05-20 16:00:00+00:00
6423590371583,D5,1,,,,0,1459,Likely churned,2022-05-01 16:00:00+00:00,2022-05-01 16:00:00+00:00
8307071779071,D3,1,,,,0,237,Likely churned,2025-09-04 16:00:00+00:00,2025-09-04 16:00:00+00:00
7756429426943,D4,1,,,,0,704,Likely churned,2024-05-25 16:00:00+00:00,2024-05-25 16:00:00+00:00
6824946204927,D5,1,,,,0,944,Likely churned,2023-09-28 16:00:00+00:00,2023-09-28 16:00:00+00:00
6329849872639,D5,1,,,,0,1487,Likely churned,2022-04-03 16:00:00+00:00,2022-04-03 16:00:00+00:00
7829347598591,D3,1,,,,0,1485,Likely churned,2022-04-05 16:00:00+00:00,2022-04-05 16:00:00+00:00
6532458578175,D5,1,,,,0,1190,Likely churned,2023-01-25 16:00:00+00:00,2023-01-25 16:00:00+00:00
6532492591359,D5,1,,,,0,1207,Likely churned,2023-01-08 16:00:00+00:00,2023-01-08 16:00:00+00:00
7756006392063,D4,1,,,,0,1291,Likely churned,2022-10-16 16:00:00+00:00,2022-10-16 16:00:00+00:00
7756264243455,D4,1,,,,0,1213,Likely churned,2023-01-02 16:00:00+00:00,2023-01-02 16:00:00+00:00
7756380864767,D4,1,,,,0,964,Likely churned,2023-09-08 16:00:00+00:00,2023-09-08 16:00:00+00:00
8310376792319,D3,1,,,,0,235,Likely churned,2025-09-06 16:00:00+00:00,2025-09-06 16:00:00+00:00
7756484313343,D4,1,,,,0,507,Likely churned,2024-12-08 16:00:00+00:00,2024-12-08 16:00:00+00:00
7829328363775,D3,1,,,,0,460,Likely churned,2025-01-24 16:00:00+00:00,2025-01-24 16:00:00+00:00
6334080876799,D5,1,,,,0,1417,Likely churned,2022-06-12 16:00:00+00:00,2022-06-12 16:00:00+00:00
6329836404991,D5,1,,,,0,1421,Likely churned,2022-06-08 16:00:00+00:00,2022-06-08 16:00:00+00:00
6423598072063,D2,2,0.0,,,0,1505,Likely churned,2022-03-16 16:00:00+00:00,2022-03-16 16:00:00+00:00
8435432358143,D2,1,,,,0,195,Likely churned,2025-10-16 16:00:00+00:00,2025-10-16 16:00:00+00:00
7756430311679,D4,1,,,,0,685,Likely churned,2024-06-13 16:00:00+00:00,2024-06-13 16:00:00+00:00
8149517795583,D3,1,,,,0,304,Likely churned,2025-06-29 16:00:00+00:00,2025-06-29 16:00:00+00:00
8165462081791,D3,1,,,,0,306,Likely churned,2025-06-27 16:00:00+00:00,2025-06-27 16:00:00+00:00
8169265856767,D1,2,0.0,,,0,304,Likely churned,2025-06-29 16:00:00+00:00,2025-06-29 16:00:00+00:00
7755989188863,D4,1,,,,0,1352,Likely churned,2022-08-16 16:00:00+00:00,2022-08-16 16:00:00+00:00
7755970969855,D4,1,,,,0,730,Likely churned,2024-04-29 16:00:00+00:00,2024-04-29 16:00:00+00:00
7756158107903,D4,1,,,,0,734,Likely churned,2024-04-25 16:00:00+00:00,2024-04-25 16:00:00+00:00
7994947797247,D3,1,,,,0,364,Likely churned,2025-04-30 16:00:00+00:00,2025-04-30 16:00:00+00:00
7756006654207,D4,1,,,,0,1290,Likely churned,2022-10-17 16:00:00+00:00,2022-10-17 16:00:00+00:00
7756262572287,D4,1,,,,0,1223,Likely churned,2022-12-23 16:00:00+00:00,2022-12-23 16:00:00+00:00
7756264079615,D4,1,,,,0,1215,Likely churned,2022-12-31 16:00:00+00:00,2022-12-31 16:00:00+00:00
7756372902143,D4,1,,,,0,974,Likely churned,2023-08-29 16:00:00+00:00,2023-08-29 16:00:00+00:00
7756375458047,D4,1,,,,0,998,Likely churned,2023-08-05 16:00:00+00:00,2023-08-05 16:00:00+00:00
7756381880575,D4,1,,,,0,951,Likely churned,2023-09-21 16:00:00+00:00,2023-09-21 16:00:00+00:00
7756472811775,D4,1,,,,0,509,Likely churned,2024-12-06 16:00:00+00:00,2024-12-06 16:00:00+00:00
7756035752191,D1,2,359.0,,,359,1100,Likely churned,2022-05-01 16:00:00+00:00,2023-04-25 16:00:00+00:00
7756030083327,D4,1,,,,0,1405,Likely churned,2022-06-24 16:00:00+00:00,2022-06-24 16:00:00+00:00
8631633379583,D2,1,,,,0,132,At-risk,2025-12-18 16:00:00+00:00,2025-12-18 16:00:00+00:00
7756034441471,D4,1,,,,0,1444,Likely churned,2022-05-16 16:00:00+00:00,2022-05-16 16:00:00+00:00
8151262363903,D3,1,,,,0,228,Likely churned,2025-09-13 16:00:00+00:00,2025-09-13 16:00:00+00:00
8327398490367,D3,1,,,,0,228,Likely churned,2025-09-13 16:00:00+00:00,2025-09-13 16:00:00+00:00
8327758708991,D3,1,,,,0,228,Likely churned,2025-09-13 16:00:00+00:00,2025-09-13 16:00:00+00:00
8335596716287,D3,1,,,,0,224,Likely churned,2025-09-17 16:00:00+00:00,2025-09-17 16:00:00+00:00
8338447925503,D3,1,,,,0,222,Likely churned,2025-09-19 16:00:00+00:00,2025-09-19 16:00:00+00:00
8352655606015,D3,1,,,,0,213,Likely churned,2025-09-28 16:00:00+00:00,2025-09-28 16:00:00+00:00
8367943876863,D2,1,,,,0,206,Likely churned,2025-10-05 16:00:00+00:00,2025-10-05 16:00:00+00:00
8368011804927,D2,1,,,,0,206,Likely churned,2025-10-05 16:00:00+00:00,2025-10-05 16:00:00+00:00
8368214343935,D2,1,,,,0,206,Likely churned,2025-10-05 16:00:00+00:00,2025-10-05 16:00:00+00:00
8369796350207,D2,1,,,,0,204,Likely churned,2025-10-07 16:00:00+00:00,2025-10-07 16:00:00+00:00
8395236245759,D2,1,,,,0,200,Likely churned,2025-10-11 16:00:00+00:00,2025-10-11 16:00:00+00:00
8415703793919,D2,1,,,,0,197,Likely churned,2025-10-14 16:00:00+00:00,2025-10-14 16:00:00+00:00
8422907674879,D2,1,,,,0,197,Likely churned,2025-10-14 16:00:00+00:00,2025-10-14 16:00:00+00:00
8426853662975,D2,1,,,,0,196,Likely churned,2025-10-15 16:00:00+00:00,2025-10-15 16:00:00+00:00
8446000103679,D2,1,,,,0,192,Likely churned,2025-10-19 16:00:00+00:00,2025-10-19 16:00:00+00:00
7756477071615,D4,1,,,,0,547,Likely churned,2024-10-29 16:00:00+00:00,2024-10-29 16:00:00+00:00
7756458033407,D4,1,,,,212,411,Likely churned,2024-08-14 16:00:00+00:00,2025-03-14 16:00:00+00:00
6327517413631,D5,1,,,,0,1445,Likely churned,2022-05-15 16:00:00+00:00,2022-05-15 16:00:00+00:00
6327705108735,D5,1,,,,0,1436,Likely churned,2022-05-24 16:00:00+00:00,2022-05-24 16:00:00+00:00
8245906768127,D1,2,9.0,,,9,255,Likely churned,2025-08-08 16:00:00+00:00,2025-08-17 16:00:00+00:00
8843522703615,D2,1,,,,0,48,Active,2026-03-12 16:00:00+00:00,2026-03-12 16:00:00+00:00
8283690893567,D3,1,,,,0,250,Likely churned,2025-08-22 16:00:00+00:00,2025-08-22 16:00:00+00:00
7756477235455,D4,1,,,,0,547,Likely churned,2024-10-29 16:00:00+00:00,2024-10-29 16:00:00+00:00
7900460515583,D3,1,,,,0,395,Likely churned,2025-03-30 16:00:00+00:00,2025-03-30 16:00:00+00:00
7756361433343,D4,1,,,,0,1079,Likely churned,2023-05-16 16:00:00+00:00,2023-05-16 16:00:00+00:00
7734246506751,D5,1,,,,0,483,Likely churned,2025-01-01 16:00:00+00:00,2025-01-01 16:00:00+00:00
7903553224959,D3,1,,,,0,410,Likely churned,2025-03-15 16:00:00+00:00,2025-03-15 16:00:00+00:00
7829470118143,D3,1,,,,0,755,Likely churned,2024-04-04 16:00:00+00:00,2024-04-04 16:00:00+00:00
7756023169279,D2,2,0.0,,,0,1455,Likely churned,2022-05-05 16:00:00+00:00,2022-05-05 16:00:00+00:00
7756009963775,D4,1,,,,0,1279,Likely churned,2022-10-28 16:00:00+00:00,2022-10-28 16:00:00+00:00
7756363432191,D4,1,,,,0,1053,Likely churned,2023-06-11 16:00:00+00:00,2023-06-11 16:00:00+00:00
7756465078527,D4,1,,,,0,589,Likely churned,2024-09-17 16:00:00+00:00,2024-09-17 16:00:00+00:00
7829327347967,D3,1,,,,0,469,Likely churned,2025-01-15 16:00:00+00:00,2025-01-15 16:00:00+00:00
7756045353215,D1,2,12.0,,,12,1560,Likely churned,2022-01-08 16:00:00+00:00,2022-01-20 16:00:00+00:00
6327693345023,D5,1,,,,0,1543,Likely churned,2022-02-06 16:00:00+00:00,2022-02-06 16:00:00+00:00
6423610458367,D5,1,,,,0,1568,Likely churned,2022-01-12 16:00:00+00:00,2022-01-12 16:00:00+00:00
6329620398335,D5,1,,,,0,937,Likely churned,2023-10-05 16:00:00+00:00,2023-10-05 16:00:00+00:00
7756003410175,D2,2,24.0,,,24,1337,Likely churned,2022-08-07 16:00:00+00:00,2022-08-31 16:00:00+00:00
6423606493439,D5,1,,,,0,1554,Likely churned,2022-01-26 16:00:00+00:00,2022-01-26 16:00:00+00:00
6329605193983,D2,2,0.0,,,0,1433,Likely churned,2022-05-27 16:00:00+00:00,2022-05-27 16:00:00+00:00
7756352159999,D4,1,,,,0,1145,Likely churned,2023-03-11 16:00:00+00:00,2023-03-11 16:00:00+00:00
7756357959935,D4,1,,,,0,1124,Likely churned,2023-04-01 16:00:00+00:00,2023-04-01 16:00:00+00:00
6423598989567,D5,1,,,,0,1517,Likely churned,2022-03-04 16:00:00+00:00,2022-03-04 16:00:00+00:00
7756463276287,D1,2,28.0,,,28,571,Likely churned,2024-09-07 16:00:00+00:00,2024-10-05 16:00:00+00:00
8164858659071,D3,1,,,,0,306,Likely churned,2025-06-27 16:00:00+00:00,2025-06-27 16:00:00+00:00
8167011713279,D3,1,,,,0,305,Likely churned,2025-06-28 16:00:00+00:00,2025-06-28 16:00:00+00:00
8799773950207,D2,1,,,,0,65,Active,2026-02-23 16:00:00+00:00,2026-02-23 16:00:00+00:00
8813208535295,D2,1,,,,0,60,Active,2026-02-28 16:00:00+00:00,2026-02-28 16:00:00+00:00
8828205400319,D2,1,,,,0,55,Active,2026-03-05 16:00:00+00:00,2026-03-05 16:00:00+00:00
6327524557055,D5,1,,,,0,1492,Likely churned,2022-03-29 16:00:00+00:00,2022-03-29 16:00:00+00:00
6328253186303,D5,1,,,,0,1531,Likely churned,2022-02-18 16:00:00+00:00,2022-02-18 16:00:00+00:00
6329830015231,D5,1,,,,0,1530,Likely churned,2022-02-19 16:00:00+00:00,2022-02-19 16:00:00+00:00
7756385386751,D4,1,,,,0,927,Likely churned,2023-10-15 16:00:00+00:00,2023-10-15 16:00:00+00:00
6327694459135,D2,2,0.0,,,0,1481,Likely churned,2022-04-09 16:00:00+00:00,2022-04-09 16:00:00+00:00
6423599546623,D5,1,,,,0,1521,Likely churned,2022-02-28 16:00:00+00:00,2022-02-28 16:00:00+00:00
6329849905407,D5,1,,,,0,1533,Likely churned,2022-02-16 16:00:00+00:00,2022-02-16 16:00:00+00:00
6423603380479,D5,1,,,,0,1535,Likely churned,2022-02-14 16:00:00+00:00,2022-02-14 16:00:00+00:00
6423604691199,D5,1,,,,0,1538,Likely churned,2022-02-11 16:00:00+00:00,2022-02-11 16:00:00+00:00
6327799841023,D5,1,,,,0,846,Likely churned,2024-01-04 16:00:00+00:00,2024-01-04 16:00:00+00:00
7756029362431,D4,1,,,,0,1400,Likely churned,2022-06-29 16:00:00+00:00,2022-06-29 16:00:00+00:00
8051908051199,D3,1,,,,0,349,Likely churned,2025-05-15 16:00:00+00:00,2025-05-15 16:00:00+00:00
8096555991295,D3,1,,,,0,333,Likely churned,2025-05-31 16:00:00+00:00,2025-05-31 16:00:00+00:00
8781174669567,D2,1,,,,0,74,Active,2026-02-14 16:00:00+00:00,2026-02-14 16:00:00+00:00
8875227775231,D2,1,,,,0,37,Active,2026-03-23 16:00:00+00:00,2026-03-23 16:00:00+00:00
7756007440639,D4,1,,,,0,1286,Likely churned,2022-10-21 16:00:00+00:00,2022-10-21 16:00:00+00:00
6336741933311,D5,1,,,,0,1558,Likely churned,2022-01-22 16:00:00+00:00,2022-01-22 16:00:00+00:00
6630248251647,D5,1,,,,0,1044,Likely churned,2023-06-20 16:00:00+00:00,2023-06-20 16:00:00+00:00
7756002033919,D2,2,0.0,,,0,1339,Likely churned,2022-08-29 16:00:00+00:00,2022-08-29 16:00:00+00:00
7756360319231,D1,2,219.0,,,219,875,Likely churned,2023-05-01 16:00:00+00:00,2023-12-06 16:00:00+00:00
8175628845311,D1,2,135.0,,,135,133,At-risk,2025-08-04 16:00:00+00:00,2025-12-17 16:00:00+00:00
6327553655039,D5,1,,,,0,1404,Likely churned,2022-06-25 16:00:00+00:00,2022-06-25 16:00:00+00:00
6329607586047,D5,1,,,,0,1406,Likely churned,2022-06-23 16:00:00+00:00,2022-06-23 16:00:00+00:00
7756362055935,D4,1,,,,0,1073,Likely churned,2023-05-22 16:00:00+00:00,2023-05-22 16:00:00+00:00
7310189592831,D5,1,,,,607,94,At-risk,2024-05-28 16:00:00+00:00,2026-01-25 16:00:00+00:00
6327737909503,D5,1,,,,0,763,Likely churned,2024-03-27 16:00:00+00:00,2024-03-27 16:00:00+00:00
7060628177151,D5,1,,,,0,810,Likely churned,2024-02-09 16:00:00+00:00,2024-02-09 16:00:00+00:00
7317310079231,D5,1,,,,0,697,Likely churned,2024-06-01 16:00:00+00:00,2024-06-01 16:00:00+00:00
7756030116095,D4,1,,,,0,1406,Likely churned,2022-06-23 16:00:00+00:00,2022-06-23 16:00:00+00:00
7755934007551,D5,1,,,,0,1522,Likely churned,2022-02-27 16:00:00+00:00,2022-02-27 16:00:00+00:00
7755941904639,D5,1,,,,0,1437,Likely churned,2022-05-23 16:00:00+00:00,2022-05-23 16:00:00+00:00
7755998101759,D4,1,,,,0,1464,Likely churned,2022-04-26 16:00:00+00:00,2022-04-26 16:00:00+00:00
7756034900223,D4,1,,,,0,1453,Likely churned,2022-05-07 16:00:00+00:00,2022-05-07 16:00:00+00:00
7756008325375,D4,1,,,,0,1520,Likely churned,2022-03-01 16:00:00+00:00,2022-03-01 16:00:00+00:00
7012883824895,D5,1,,,,0,837,Likely churned,2024-01-13 16:00:00+00:00,2024-01-13 16:00:00+00:00
7099485159679,D5,1,,,,0,793,Likely churned,2024-02-26 16:00:00+00:00,2024-02-26 16:00:00+00:00
8830297178367,D2,1,,,,0,54,Active,2026-03-06 16:00:00+00:00,2026-03-06 16:00:00+00:00
7756015567103,D2,2,0.0,,,0,1328,Likely churned,2022-09-09 16:00:00+00:00,2022-09-09 16:00:00+00:00
8474571571455,D2,1,,,,0,187,Likely churned,2025-10-24 16:00:00+00:00,2025-10-24 16:00:00+00:00
8474580877567,D2,1,,,,0,187,Likely churned,2025-10-24 16:00:00+00:00,2025-10-24 16:00:00+00:00
8483187949823,D2,1,,,,0,183,Likely churned,2025-10-28 16:00:00+00:00,2025-10-28 16:00:00+00:00
8488216822015,D2,1,,,,0,180,Likely churned,2025-10-31 16:00:00+00:00,2025-10-31 16:00:00+00:00
8761437946111,D2,1,,,,0,82,Active,2026-02-06 16:00:00+00:00,2026-02-06 16:00:00+00:00
8762362626303,D2,1,,,,0,81,Active,2026-02-07 16:00:00+00:00,2026-02-07 16:00:00+00:00
8809768321279,D2,1,,,,0,62,Active,2026-02-26 16:00:00+00:00,2026-02-26 16:00:00+00:00
6329622954239,D5,1,,,,0,1565,Likely churned,2022-01-15 16:00:00+00:00,2022-01-15 16:00:00+00:00
6423592861951,D5,1,,,,0,1469,Likely churned,2022-04-21 16:00:00+00:00,2022-04-21 16:00:00+00:00
6328296767743,D5,1,,,,0,1413,Likely churned,2022-06-16 16:00:00+00:00,2022-06-16 16:00:00+00:00
8699614593279,D2,1,,,,0,102,At-risk,2026-01-17 16:00:00+00:00,2026-01-17 16:00:00+00:00
8476216754431,D1,2,0.0,,,0,186,Likely churned,2025-10-25 16:00:00+00:00,2025-10-25 16:00:00+00:00
8652582355199,D1,2,30.0,,,30,94,At-risk,2025-12-26 16:00:00+00:00,2026-01-25 16:00:00+00:00
8794201358591,D2,1,,,,0,68,Active,2026-02-20 16:00:00+00:00,2026-02-20 16:00:00+00:00
8811215388927,D2,1,,,,0,61,Active,2026-02-27 16:00:00+00:00,2026-02-27 16:00:00+00:00
7755969396991,D2,2,51.0,,,51,1465,Likely churned,2022-03-05 16:00:00+00:00,2022-04-25 16:00:00+00:00
7574580756735,D1,3,111.0,153.0,42.0,153,403,Likely churned,2024-10-20 16:00:00+00:00,2025-03-22 16:00:00+00:00
7756035129599,D1,3,10.0,625.0,615.0,625,839,Likely churned,2022-04-26 16:00:00+00:00,2024-01-11 16:00:00+00:00
7984595435775,D1,2,29.0,,,29,337,Likely churned,2025-04-28 16:00:00+00:00,2025-05-27 16:00:00+00:00
7755999936767,D4,1,,,,0,1316,Likely churned,2022-09-21 16:00:00+00:00,2022-09-21 16:00:00+00:00
7756004819199,D4,1,,,,0,1299,Likely churned,2022-10-08 16:00:00+00:00,2022-10-08 16:00:00+00:00
6545737908479,D5,1,,,,0,1175,Likely churned,2023-02-09 16:00:00+00:00,2023-02-09 16:00:00+00:00
8341024964863,D3,1,,,,0,220,Likely churned,2025-09-21 16:00:00+00:00,2025-09-21 16:00:00+00:00
8349303865599,D3,1,,,,0,215,Likely churned,2025-09-26 16:00:00+00:00,2025-09-26 16:00:00+00:00
8239725478143,D3,1,,,,0,268,Likely churned,2025-08-04 16:00:00+00:00,2025-08-04 16:00:00+00:00
7756438995199,D1,3,51.0,163.0,112.0,163,507,Likely churned,2024-06-28 16:00:00+00:00,2024-12-08 16:00:00+00:00
8761596641535,D2,1,,,,0,82,Active,2026-02-06 16:00:00+00:00,2026-02-06 16:00:00+00:00
7756415533311,D1,2,38.0,,,38,720,Likely churned,2024-04-01 16:00:00+00:00,2024-05-09 16:00:00+00:00
7756469633279,D4,1,,,,0,577,Likely churned,2024-09-29 16:00:00+00:00,2024-09-29 16:00:00+00:00
8035787800831,D3,1,,,,0,354,Likely churned,2025-05-10 16:00:00+00:00,2025-05-10 16:00:00+00:00
7832253006079,D3,1,,,,0,449,Likely churned,2025-02-04 16:00:00+00:00,2025-02-04 16:00:00+00:00
8033439154431,D3,1,,,,0,355,Likely churned,2025-05-09 16:00:00+00:00,2025-05-09 16:00:00+00:00
8870801408255,D2,1,,,,0,38,Active,2026-03-22 16:00:00+00:00,2026-03-22 16:00:00+00:00
7519844368639,D2,2,211.0,,,211,369,Likely churned,2024-09-26 16:00:00+00:00,2025-04-25 16:00:00+00:00
7728018129151,D5,1,,,,0,491,Likely churned,2024-12-24 16:00:00+00:00,2024-12-24 16:00:00+00:00
6707767410943,D5,1,,,,0,1044,Likely churned,2023-06-20 16:00:00+00:00,2023-06-20 16:00:00+00:00
7756328009983,D4,1,,,,0,1183,Likely churned,2023-02-01 16:00:00+00:00,2023-02-01 16:00:00+00:00
8349264281855,D3,1,,,,0,215,Likely churned,2025-09-26 16:00:00+00:00,2025-09-26 16:00:00+00:00
8370214273279,D2,1,,,,0,198,Likely churned,2025-10-13 16:00:00+00:00,2025-10-13 16:00:00+00:00
8383897141503,D2,1,,,,0,202,Likely churned,2025-10-09 16:00:00+00:00,2025-10-09 16:00:00+00:00
8796982870271,D2,1,,,,0,67,Active,2026-02-21 16:00:00+00:00,2026-02-21 16:00:00+00:00
7755997774079,D4,1,,,,0,735,Likely churned,2024-04-24 16:00:00+00:00,2024-04-24 16:00:00+00:00
7756466323711,D4,1,,,,0,584,Likely churned,2024-09-22 16:00:00+00:00,2024-09-22 16:00:00+00:00
7756279578879,D4,1,,,,0,225,Likely churned,2025-09-16 16:00:00+00:00,2025-09-16 16:00:00+00:00
8474714669311,D2,1,,,,0,187,Likely churned,2025-10-24 16:00:00+00:00,2025-10-24 16:00:00+00:00
8478334320895,D2,1,,,,0,185,Likely churned,2025-10-26 16:00:00+00:00,2025-10-26 16:00:00+00:00
6696211022079,D5,1,,,,0,1055,Likely churned,2023-06-09 16:00:00+00:00,2023-06-09 16:00:00+00:00
6767084306687,D5,1,,,,0,996,Likely churned,2023-08-07 16:00:00+00:00,2023-08-07 16:00:00+00:00
6796578291967,D2,2,112.0,,,112,857,Likely churned,2023-09-03 16:00:00+00:00,2023-12-24 16:00:00+00:00
6863957590271,D5,1,,,,0,917,Likely churned,2023-10-25 16:00:00+00:00,2023-10-25 16:00:00+00:00
7110112608511,D5,1,,,,0,787,Likely churned,2024-03-03 16:00:00+00:00,2024-03-03 16:00:00+00:00
6328264360191,D5,1,,,,0,1360,Likely churned,2022-08-08 16:00:00+00:00,2022-08-08 16:00:00+00:00
8345056280831,D3,1,,,,0,218,Likely churned,2025-09-23 16:00:00+00:00,2025-09-23 16:00:00+00:00
8629778284799,D1,2,0.0,,,0,133,At-risk,2025-12-17 16:00:00+00:00,2025-12-17 16:00:00+00:00
8081655464191,D3,1,,,,0,338,Likely churned,2025-05-26 16:00:00+00:00,2025-05-26 16:00:00+00:00
6327519084799,D5,1,,,,0,1291,Likely churned,2022-10-16 16:00:00+00:00,2022-10-16 16:00:00+00:00
6423595155711,D2,2,816.0,,,816,670,Likely churned,2022-04-04 16:00:00+00:00,2024-06-28 16:00:00+00:00
6602801479935,D5,1,,,,0,1143,Likely churned,2023-03-13 16:00:00+00:00,2023-03-13 16:00:00+00:00
6327696294143,D5,1,,,,0,1406,Likely churned,2022-06-23 16:00:00+00:00,2022-06-23 16:00:00+00:00
6328298209535,D5,1,,,,0,1407,Likely churned,2022-06-22 16:00:00+00:00,2022-06-22 16:00:00+00:00
7047726334207,D2,2,434.0,,,434,383,Likely churned,2024-02-02 16:00:00+00:00,2025-04-11 16:00:00+00:00
8367587492095,D2,1,,,,0,206,Likely churned,2025-10-05 16:00:00+00:00,2025-10-05 16:00:00+00:00
8880554836223,D2,1,,,,0,35,Active,2026-03-25 16:00:00+00:00,2026-03-25 16:00:00+00:00
7756425232639,D1,2,41.0,,,41,670,Likely churned,2024-05-18 16:00:00+00:00,2024-06-28 16:00:00+00:00
7756425494783,D4,1,,,,0,720,Likely churned,2024-05-09 16:00:00+00:00,2024-05-09 16:00:00+00:00
7756430770431,D1,2,84.0,,,84,617,Likely churned,2024-05-28 16:00:00+00:00,2024-08-20 16:00:00+00:00
7756434047231,D1,2,78.0,,,78,616,Likely churned,2024-06-04 16:00:00+00:00,2024-08-21 16:00:00+00:00
7756434211071,D1,2,126.0,,,126,569,Likely churned,2024-06-03 16:00:00+00:00,2024-10-07 16:00:00+00:00
7272156496127,D5,1,,,,0,720,Likely churned,2024-05-09 16:00:00+00:00,2024-05-09 16:00:00+00:00
7942104416511,D3,1,,,,0,254,Likely churned,2025-08-18 16:00:00+00:00,2025-08-18 16:00:00+00:00
8006799393023,D3,1,,,,0,362,Likely churned,2025-05-02 16:00:00+00:00,2025-05-02 16:00:00+00:00
6704357310719,D5,1,,,,0,1046,Likely churned,2023-06-18 16:00:00+00:00,2023-06-18 16:00:00+00:00
6974029693183,D5,1,,,,0,856,Likely churned,2023-12-25 16:00:00+00:00,2023-12-25 16:00:00+00:00
8106575036671,D3,1,,,,0,330,Likely churned,2025-06-03 16:00:00+00:00,2025-06-03 16:00:00+00:00
7755987058943,D1,3,3.0,3.0,0.0,3,1355,Likely churned,2022-08-10 16:00:00+00:00,2022-08-13 16:00:00+00:00
7756015993087,D4,1,,,,0,1337,Likely churned,2022-08-31 16:00:00+00:00,2022-08-31 16:00:00+00:00
7756037095679,D4,1,,,,0,1468,Likely churned,2022-04-22 16:00:00+00:00,2022-04-22 16:00:00+00:00
7756038111487,D4,1,,,,0,1486,Likely churned,2022-04-04 16:00:00+00:00,2022-04-04 16:00:00+00:00
8767016272127,D2,1,,,,0,79,Active,2026-02-09 16:00:00+00:00,2026-02-09 16:00:00+00:00
8595374997759,D2,1,,,,0,144,At-risk,2025-12-06 16:00:00+00:00,2025-12-06 16:00:00+00:00
6327398400255,D5,1,,,,0,1557,Likely churned,2022-01-23 16:00:00+00:00,2022-01-23 16:00:00+00:00
8452494754047,D2,1,,,,0,189,Likely churned,2025-10-22 16:00:00+00:00,2025-10-22 16:00:00+00:00
7756429852927,D4,1,,,,0,703,Likely churned,2024-05-26 16:00:00+00:00,2024-05-26 16:00:00+00:00
8820452688127,D2,1,,,,0,57,Active,2026-03-03 16:00:00+00:00,2026-03-03 16:00:00+00:00
8832823591167,D2,1,,,,0,53,Active,2026-03-07 16:00:00+00:00,2026-03-07 16:00:00+00:00
7942456410367,D3,1,,,,0,391,Likely churned,2025-04-03 16:00:00+00:00,2025-04-03 16:00:00+00:00
8821455421695,D2,1,,,,0,57,Active,2026-03-03 16:00:00+00:00,2026-03-03 16:00:00+00:00
6327655301375,D5,1,,,,0,671,Likely churned,2024-06-27 16:00:00+00:00,2024-06-27 16:00:00+00:00
6424737513727,D5,1,,,,0,724,Likely churned,2024-05-05 16:00:00+00:00,2024-05-05 16:00:00+00:00
6671998746879,D2,2,376.0,,,376,703,Likely churned,2023-05-16 16:00:00+00:00,2024-05-26 16:00:00+00:00
6328310857983,D2,2,168.0,,,168,595,Likely churned,2024-03-27 16:00:00+00:00,2024-09-11 16:00:00+00:00
6424671617279,D2,2,84.0,,,84,676,Likely churned,2024-03-30 16:00:00+00:00,2024-06-22 16:00:00+00:00
7038325817599,D5,1,,,,0,823,Likely churned,2024-01-27 16:00:00+00:00,2024-01-27 16:00:00+00:00
8808630419711,D2,1,,,,0,62,Active,2026-02-26 16:00:00+00:00,2026-02-26 16:00:00+00:00
8798257447167,D2,1,,,,0,66,Active,2026-02-22 16:00:00+00:00,2026-02-22 16:00:00+00:00
8163537879295,D1,4,81.0,180.0,99.0,270,37,Active,2025-06-26 16:00:00+00:00,2026-03-23 16:00:00+00:00
6532502290687,D5,1,,,,0,1280,Likely churned,2022-10-27 16:00:00+00:00,2022-10-27 16:00:00+00:00
8839752810751,D1,2,19.0,,,19,31,Active,2026-03-10 16:00:00+00:00,2026-03-29 16:00:00+00:00
6481084547327,D5,1,,,,0,1226,Likely churned,2022-12-20 16:00:00+00:00,2022-12-20 16:00:00+00:00
6489009225983,D5,1,,,,0,1220,Likely churned,2022-12-26 16:00:00+00:00,2022-12-26 16:00:00+00:00
6505222308095,D5,1,,,,0,1208,Likely churned,2023-01-07 16:00:00+00:00,2023-01-07 16:00:00+00:00
6609298161919,D5,1,,,,0,1137,Likely churned,2023-03-19 16:00:00+00:00,2023-03-19 16:00:00+00:00
7756006031615,D4,1,,,,0,1293,Likely churned,2022-10-14 16:00:00+00:00,2022-10-14 16:00:00+00:00
7756446138623,D4,1,,,,0,580,Likely churned,2024-09-26 16:00:00+00:00,2024-09-26 16:00:00+00:00
7756450529535,D4,1,,,,0,632,Likely churned,2024-08-05 16:00:00+00:00,2024-08-05 16:00:00+00:00
7756469534975,D4,1,,,,0,577,Likely churned,2024-09-29 16:00:00+00:00,2024-09-29 16:00:00+00:00
8110426095871,D1,2,22.0,,,22,306,Likely churned,2025-06-05 16:00:00+00:00,2025-06-27 16:00:00+00:00
6327788863743,D5,1,,,,0,1403,Likely churned,2022-06-26 16:00:00+00:00,2022-06-26 16:00:00+00:00
7957664694527,D1,2,8.0,,,8,374,Likely churned,2025-04-12 16:00:00+00:00,2025-04-20 16:00:00+00:00
8084358234367,D1,2,14.0,,,14,323,Likely churned,2025-05-27 16:00:00+00:00,2025-06-10 16:00:00+00:00
8092301197567,D1,2,5.0,,,5,330,Likely churned,2025-05-29 16:00:00+00:00,2025-06-03 16:00:00+00:00
7967041978623,D3,1,,,,0,376,Likely churned,2025-04-18 16:00:00+00:00,2025-04-18 16:00:00+00:00
7756470288639,D1,2,205.0,,,205,370,Likely churned,2024-10-01 16:00:00+00:00,2025-04-24 16:00:00+00:00
7756015829247,D4,1,,,,0,1336,Likely churned,2022-09-01 16:00:00+00:00,2022-09-01 16:00:00+00:00
7756033982719,D4,1,,,,0,1440,Likely churned,2022-05-20 16:00:00+00:00,2022-05-20 16:00:00+00:00
7756399640831,D4,1,,,,0,843,Likely churned,2024-01-07 16:00:00+00:00,2024-01-07 16:00:00+00:00
7756263391487,D4,1,,,,0,1220,Likely churned,2022-12-26 16:00:00+00:00,2022-12-26 16:00:00+00:00
6329712935167,D1,3,89.0,177.0,88.0,177,1400,Likely churned,2022-01-03 16:00:00+00:00,2022-06-29 16:00:00+00:00
8827248673023,D2,1,,,,0,55,Active,2026-03-05 16:00:00+00:00,2026-03-05 16:00:00+00:00
8082176082175,D3,1,,,,0,338,Likely churned,2025-05-26 16:00:00+00:00,2025-05-26 16:00:00+00:00
7755980243199,D2,2,838.0,,,838,702,Likely churned,2022-02-09 16:00:00+00:00,2024-05-27 16:00:00+00:00
7756007014655,D4,1,,,,0,1288,Likely churned,2022-10-19 16:00:00+00:00,2022-10-19 16:00:00+00:00
7756007571711,D4,1,,,,0,1286,Likely churned,2022-10-21 16:00:00+00:00,2022-10-21 16:00:00+00:00
7756261032191,D4,1,,,,0,1236,Likely churned,2022-12-10 16:00:00+00:00,2022-12-10 16:00:00+00:00
7756361203967,D4,1,,,,0,1080,Likely churned,2023-05-15 16:00:00+00:00,2023-05-15 16:00:00+00:00
8415890473215,D2,1,,,,0,197,Likely churned,2025-10-14 16:00:00+00:00,2025-10-14 16:00:00+00:00
8794184843519,D2,1,,,,0,68,Active,2026-02-20 16:00:00+00:00,2026-02-20 16:00:00+00:00
7756351996159,D4,1,,,,0,1149,Likely churned,2023-03-07 16:00:00+00:00,2023-03-07 16:00:00+00:00
8361276866815,D3,1,,,,0,210,Likely churned,2025-10-01 16:00:00+00:00,2025-10-01 16:00:00+00:00
8748209570047,D2,1,,,,0,85,Active,2026-02-03 16:00:00+00:00,2026-02-03 16:00:00+00:00
8794676658431,D2,1,,,,0,68,Active,2026-02-20 16:00:00+00:00,2026-02-20 16:00:00+00:00
6614257369343,D1,3,28.0,56.0,28.0,56,1077,Likely churned,2023-03-23 16:00:00+00:00,2023-05-18 16:00:00+00:00
8337740628223,D3,1,,,,0,222,Likely churned,2025-09-19 16:00:00+00:00,2025-09-19 16:00:00+00:00
8327074316543,D3,1,,,,0,228,Likely churned,2025-09-13 16:00:00+00:00,2025-09-13 16:00:00+00:00
8025023512831,D3,1,,,,0,358,Likely churned,2025-05-06 16:00:00+00:00,2025-05-06 16:00:00+00:00
7756375163135,D1,2,0.0,,,0,1001,Likely churned,2023-08-02 16:00:00+00:00,2023-08-02 16:00:00+00:00
8329706176767,D3,1,,,,0,227,Likely churned,2025-09-14 16:00:00+00:00,2025-09-14 16:00:00+00:00
8335408660735,D3,1,,,,0,224,Likely churned,2025-09-17 16:00:00+00:00,2025-09-17 16:00:00+00:00
8858360283391,D2,1,,,,0,42,Active,2026-03-18 16:00:00+00:00,2026-03-18 16:00:00+00:00
7756041158911,D1,2,920.0,,,920,599,Likely churned,2022-03-02 16:00:00+00:00,2024-09-07 16:00:00+00:00
7755991810303,D4,1,,,,0,1362,Likely churned,2022-08-06 16:00:00+00:00,2022-08-06 16:00:00+00:00
8318056333567,D3,1,,,,0,231,Likely churned,2025-09-10 16:00:00+00:00,2025-09-10 16:00:00+00:00
8165107958015,D3,1,,,,0,306,Likely churned,2025-06-27 16:00:00+00:00,2025-06-27 16:00:00+00:00
8231864926463,D3,1,,,,0,267,Likely churned,2025-08-05 16:00:00+00:00,2025-08-05 16:00:00+00:00
7818623779071,D4,1,,,,0,455,Likely churned,2025-01-29 16:00:00+00:00,2025-01-29 16:00:00+00:00
7756484706559,D4,1,,,,0,504,Likely churned,2024-12-11 16:00:00+00:00,2024-12-11 16:00:00+00:00
7756485132543,D4,1,,,,0,502,Likely churned,2024-12-13 16:00:00+00:00,2024-12-13 16:00:00+00:00
7756486017279,D4,1,,,,0,500,Likely churned,2024-12-15 16:00:00+00:00,2024-12-15 16:00:00+00:00
7756486738175,D4,1,,,,0,494,Likely churned,2024-12-21 16:00:00+00:00,2024-12-21 16:00:00+00:00
7756487065855,D4,1,,,,0,493,Likely churned,2024-12-22 16:00:00+00:00,2024-12-22 16:00:00+00:00
7756487688447,D4,1,,,,0,484,Likely churned,2024-12-31 16:00:00+00:00,2024-12-31 16:00:00+00:00
7756488343807,D4,1,,,,0,483,Likely churned,2025-01-01 16:00:00+00:00,2025-01-01 16:00:00+00:00
6423602528511,D2,2,2.0,,,2,1531,Likely churned,2022-02-16 16:00:00+00:00,2022-02-18 16:00:00+00:00
8637598171391,D1,2,11.0,,,11,119,At-risk,2025-12-20 16:00:00+00:00,2025-12-31 16:00:00+00:00
8474967245055,D2,1,,,,0,187,Likely churned,2025-10-24 16:00:00+00:00,2025-10-24 16:00:00+00:00
6327795548415,D2,2,110.0,,,110,1417,Likely churned,2022-02-22 16:00:00+00:00,2022-06-12 16:00:00+00:00
8772908646655,D2,1,,,,0,77,Active,2026-02-11 16:00:00+00:00,2026-02-11 16:00:00+00:00
6532477485311,D5,1,,,,0,1241,Likely churned,2022-12-05 16:00:00+00:00,2022-12-05 16:00:00+00:00
7881282453759,D3,1,,,,0,425,Likely churned,2025-02-28 16:00:00+00:00,2025-02-28 16:00:00+00:00
7916394086655,D1,2,67.0,,,67,338,Likely churned,2025-03-20 16:00:00+00:00,2025-05-26 16:00:00+00:00
7756440600831,D4,1,,,,0,668,Likely churned,2024-06-30 16:00:00+00:00,2024-06-30 16:00:00+00:00
8488214135039,D2,1,,,,0,180,Likely churned,2025-10-31 16:00:00+00:00,2025-10-31 16:00:00+00:00
7905859633407,D3,1,,,,0,399,Likely churned,2025-03-26 16:00:00+00:00,2025-03-26 16:00:00+00:00
7756000559359,D4,1,,,,0,549,Likely churned,2024-10-27 16:00:00+00:00,2024-10-27 16:00:00+00:00
7756156698879,D4,1,,,,0,846,Likely churned,2024-01-04 16:00:00+00:00,2024-01-04 16:00:00+00:00
7756348719359,D1,5,33.0,425.0,392.0,508,624,Likely churned,2023-03-24 16:00:00+00:00,2024-08-13 16:00:00+00:00
8621737640191,D2,1,,,,0,135,At-risk,2025-12-15 16:00:00+00:00,2025-12-15 16:00:00+00:00
8699386724607,D2,1,,,,0,103,At-risk,2026-01-16 16:00:00+00:00,2026-01-16 16:00:00+00:00
7896942477567,D3,1,,,,0,414,Likely churned,2025-03-11 16:00:00+00:00,2025-03-11 16:00:00+00:00
8069832278271,D3,1,,,,0,338,Likely churned,2025-05-26 16:00:00+00:00,2025-05-26 16:00:00+00:00
7756300091647,D4,1,,,,0,755,Likely churned,2024-04-04 16:00:00+00:00,2024-04-04 16:00:00+00:00
7756408094975,D4,1,,,,0,802,Likely churned,2024-02-17 16:00:00+00:00,2024-02-17 16:00:00+00:00
7756458295551,D4,1,,,,0,621,Likely churned,2024-08-16 16:00:00+00:00,2024-08-16 16:00:00+00:00
7756467044607,D4,1,,,,0,582,Likely churned,2024-09-24 16:00:00+00:00,2024-09-24 16:00:00+00:00
7756467601663,D4,1,,,,0,581,Likely churned,2024-09-25 16:00:00+00:00,2024-09-25 16:00:00+00:00
8249196839167,D3,1,,,,0,262,Likely churned,2025-08-10 16:00:00+00:00,2025-08-10 16:00:00+00:00
6532476403967,D5,1,,,,0,1210,Likely churned,2023-01-05 16:00:00+00:00,2023-01-05 16:00:00+00:00
6532496195839,D5,1,,,,0,1212,Likely churned,2023-01-03 16:00:00+00:00,2023-01-03 16:00:00+00:00
6532515004671,D2,2,106.0,,,106,1104,Likely churned,2023-01-05 16:00:00+00:00,2023-04-21 16:00:00+00:00
7756004524287,D4,1,,,,0,1277,Likely churned,2022-10-30 16:00:00+00:00,2022-10-30 16:00:00+00:00
7756006260991,D4,1,,,,0,1292,Likely churned,2022-10-15 16:00:00+00:00,2022-10-15 16:00:00+00:00
7756008227071,D4,1,,,,0,1282,Likely churned,2022-10-25 16:00:00+00:00,2022-10-25 16:00:00+00:00
7756009865471,D4,1,,,,0,1279,Likely churned,2022-10-28 16:00:00+00:00,2022-10-28 16:00:00+00:00
7756265718015,D4,1,,,,0,1200,Likely churned,2023-01-15 16:00:00+00:00,2023-01-15 16:00:00+00:00
7756267192575,D4,1,,,,0,1187,Likely churned,2023-01-28 16:00:00+00:00,2023-01-28 16:00:00+00:00
7756268634367,D4,1,,,,0,1091,Likely churned,2023-05-04 16:00:00+00:00,2023-05-04 16:00:00+00:00
7756349243647,D4,1,,,,0,1159,Likely churned,2023-02-25 16:00:00+00:00,2023-02-25 16:00:00+00:00
7756362416383,D4,1,,,,0,1064,Likely churned,2023-05-31 16:00:00+00:00,2023-05-31 16:00:00+00:00
7756477268223,D4,1,,,,0,547,Likely churned,2024-10-29 16:00:00+00:00,2024-10-29 16:00:00+00:00
8118123331839,D3,1,,,,0,325,Likely churned,2025-06-08 16:00:00+00:00,2025-06-08 16:00:00+00:00
6336672694527,D2,2,1197.0,,,1197,378,Likely churned,2022-01-05 16:00:00+00:00,2025-04-16 16:00:00+00:00
8608190365951,D1,2,57.0,,,57,83,Active,2025-12-10 16:00:00+00:00,2026-02-05 16:00:00+00:00
6336752222463,D2,2,448.0,,,448,1088,Likely churned,2022-02-13 16:00:00+00:00,2023-05-07 16:00:00+00:00
6336736297215,D5,1,,,,0,1423,Likely churned,2022-06-06 16:00:00+00:00,2022-06-06 16:00:00+00:00
6522940883199,D5,1,,,,0,1192,Likely churned,2023-01-23 16:00:00+00:00,2023-01-23 16:00:00+00:00
8231259963647,D3,1,,,,0,269,Likely churned,2025-08-03 16:00:00+00:00,2025-08-03 16:00:00+00:00
7756364677375,D1,2,44.0,,,44,999,Likely churned,2023-06-21 16:00:00+00:00,2023-08-04 16:00:00+00:00
8393190441215,D2,1,,,,0,201,Likely churned,2025-10-10 16:00:00+00:00,2025-10-10 16:00:00+00:00
8719516795135,D2,1,,,,0,92,At-risk,2026-01-27 16:00:00+00:00,2026-01-27 16:00:00+00:00
7756159058175,D4,1,,,,0,952,Likely churned,2023-09-20 16:00:00+00:00,2023-09-20 16:00:00+00:00
8036122493183,D1,2,51.0,,,51,303,Likely churned,2025-05-10 16:00:00+00:00,2025-06-30 16:00:00+00:00
7755928469759,D5,1,,,,0,1568,Likely churned,2022-01-12 16:00:00+00:00,2022-01-12 16:00:00+00:00
7756040241407,D4,1,,,,0,1516,Likely churned,2022-03-05 16:00:00+00:00,2022-03-05 16:00:00+00:00
8151131488511,D3,1,,,,0,306,Likely churned,2025-06-27 16:00:00+00:00,2025-06-27 16:00:00+00:00
6703512977663,D5,1,,,,0,1047,Likely churned,2023-06-17 16:00:00+00:00,2023-06-17 16:00:00+00:00
7756399706367,D1,2,52.0,,,52,791,Likely churned,2024-01-07 16:00:00+00:00,2024-02-28 16:00:00+00:00
6532514971903,D2,2,942.0,,,942,254,Likely churned,2023-01-19 16:00:00+00:00,2025-08-18 16:00:00+00:00
7756022415615,D1,3,3.0,81.0,78.0,81,1440,Likely churned,2022-02-28 16:00:00+00:00,2022-05-20 16:00:00+00:00
7496457650431,D5,1,,,,0,550,Likely churned,2024-10-26 16:00:00+00:00,2024-10-26 16:00:00+00:00
8781075415295,D2,1,,,,0,74,Active,2026-02-14 16:00:00+00:00,2026-02-14 16:00:00+00:00
7756264571135,D4,1,,,,0,1210,Likely churned,2023-01-05 16:00:00+00:00,2023-01-05 16:00:00+00:00
8058424099071,D3,1,,,,0,347,Likely churned,2025-05-17 16:00:00+00:00,2025-05-17 16:00:00+00:00
8239210463487,D3,1,,,,0,268,Likely churned,2025-08-04 16:00:00+00:00,2025-08-04 16:00:00+00:00
7756457345279,D4,1,,,,0,629,Likely churned,2024-08-08 16:00:00+00:00,2024-08-08 16:00:00+00:00
7756425822463,D4,1,,,,0,717,Likely churned,2024-05-12 16:00:00+00:00,2024-05-12 16:00:00+00:00
7756431491327,D4,1,,,,0,700,Likely churned,2024-05-29 16:00:00+00:00,2024-05-29 16:00:00+00:00
7756433359103,D4,1,,,,0,698,Likely churned,2024-05-31 16:00:00+00:00,2024-05-31 16:00:00+00:00
7756439519487,D4,1,,,,0,671,Likely churned,2024-06-27 16:00:00+00:00,2024-06-27 16:00:00+00:00
8133835391231,D3,1,,,,0,319,Likely churned,2025-06-14 16:00:00+00:00,2025-06-14 16:00:00+00:00
8875277025535,D2,1,,,,0,37,Active,2026-03-23 16:00:00+00:00,2026-03-23 16:00:00+00:00
8875263361279,D2,1,,,,0,37,Active,2026-03-23 16:00:00+00:00,2026-03-23 16:00:00+00:00
8488282390783,D2,1,,,,0,180,Likely churned,2025-10-31 16:00:00+00:00,2025-10-31 16:00:00+00:00
7756417695999,D4,1,,,,0,749,Likely churned,2024-04-10 16:00:00+00:00,2024-04-10 16:00:00+00:00
7756030836991,D4,1,,,,0,1419,Likely churned,2022-06-10 16:00:00+00:00,2022-06-10 16:00:00+00:00
7538719129855,D5,1,,,,0,568,Likely churned,2024-10-08 16:00:00+00:00,2024-10-08 16:00:00+00:00
7756429590783,D4,1,,,,0,703,Likely churned,2024-05-26 16:00:00+00:00,2024-05-26 16:00:00+00:00
8242419433727,D1,2,14.0,,,14,252,Likely churned,2025-08-06 16:00:00+00:00,2025-08-20 16:00:00+00:00
8263812120831,D1,2,15.0,,,15,240,Likely churned,2025-08-17 16:00:00+00:00,2025-09-01 16:00:00+00:00
8796435054847,D2,1,,,,0,67,Active,2026-02-21 16:00:00+00:00,2026-02-21 16:00:00+00:00
8711864516863,D2,1,,,,0,96,At-risk,2026-01-23 16:00:00+00:00,2026-01-23 16:00:00+00:00
8096074957055,D1,2,7.0,,,7,326,Likely churned,2025-05-31 16:00:00+00:00,2025-06-07 16:00:00+00:00
8289029488895,D3,1,,,,0,247,Likely churned,2025-08-25 16:00:00+00:00,2025-08-25 16:00:00+00:00
7756382535935,D1,2,28.0,,,28,922,Likely churned,2023-09-22 16:00:00+00:00,2023-10-20 16:00:00+00:00
7756459344127,D4,1,,,,0,614,Likely churned,2024-08-23 16:00:00+00:00,2024-08-23 16:00:00+00:00
7915894931711,D3,1,,,,0,405,Likely churned,2025-03-20 16:00:00+00:00,2025-03-20 16:00:00+00:00
6532452057343,D2,2,13.0,,,13,1210,Likely churned,2022-12-23 16:00:00+00:00,2023-01-05 16:00:00+00:00
7927058858239,D3,1,,,,0,399,Likely churned,2025-03-26 16:00:00+00:00,2025-03-26 16:00:00+00:00
8730810679551,D2,1,,,,0,87,Active,2026-02-01 16:00:00+00:00,2026-02-01 16:00:00+00:00
8761884639487,D2,1,,,,0,82,Active,2026-02-06 16:00:00+00:00,2026-02-06 16:00:00+00:00
8226077245695,D3,1,,,,0,190,Likely churned,2025-10-21 16:00:00+00:00,2025-10-21 16:00:00+00:00
8166915997951,D1,2,44.0,,,44,261,Likely churned,2025-06-28 16:00:00+00:00,2025-08-11 16:00:00+00:00
8763457470719,D2,1,,,,0,81,Active,2026-02-07 16:00:00+00:00,2026-02-07 16:00:00+00:00
7756032082175,D1,2,46.0,,,46,1427,Likely churned,2022-04-17 16:00:00+00:00,2022-06-02 16:00:00+00:00
8612801708287,D2,1,,,,0,138,At-risk,2025-12-12 16:00:00+00:00,2025-12-12 16:00:00+00:00
8770599354623,D2,1,,,,0,78,Active,2026-02-10 16:00:00+00:00,2026-02-10 16:00:00+00:00
7756361629951,D4,1,,,,0,1078,Likely churned,2023-05-17 16:00:00+00:00,2023-05-17 16:00:00+00:00
8811665064191,D2,1,,,,0,61,Active,2026-02-27 16:00:00+00:00,2026-02-27 16:00:00+00:00
6327396303103,D2,2,107.0,,,107,1470,Likely churned,2022-01-03 16:00:00+00:00,2022-04-20 16:00:00+00:00
6423228088575,D5,1,,,,0,1364,Likely churned,2022-08-04 16:00:00+00:00,2022-08-04 16:00:00+00:00
6423596859647,D5,1,,,,41,1499,Likely churned,2022-02-09 16:00:00+00:00,2022-03-22 16:00:00+00:00
7756350292223,D4,1,,,,0,1154,Likely churned,2023-03-02 16:00:00+00:00,2023-03-02 16:00:00+00:00
8771832185087,D2,1,,,,0,77,Active,2026-02-11 16:00:00+00:00,2026-02-11 16:00:00+00:00
7756300517631,D1,3,54.0,137.0,83.0,137,1043,Likely churned,2023-02-04 16:00:00+00:00,2023-06-21 16:00:00+00:00
7756008751359,D4,1,,,,0,1280,Likely churned,2022-10-27 16:00:00+00:00,2022-10-27 16:00:00+00:00
6423240966399,D2,2,1083.0,,,1083,350,Likely churned,2022-05-27 16:00:00+00:00,2025-05-14 16:00:00+00:00
6327633543423,D5,1,,,,0,827,Likely churned,2024-01-23 16:00:00+00:00,2024-01-23 16:00:00+00:00
8716200411391,D2,1,,,,0,94,At-risk,2026-01-25 16:00:00+00:00,2026-01-25 16:00:00+00:00
6984833335551,D5,1,,,,0,849,Likely churned,2024-01-01 16:00:00+00:00,2024-01-01 16:00:00+00:00
6423602266367,D2,2,352.0,,,352,1179,Likely churned,2022-02-18 16:00:00+00:00,2023-02-05 16:00:00+00:00
7943295992063,D3,1,,,,0,390,Likely churned,2025-04-04 16:00:00+00:00,2025-04-04 16:00:00+00:00
7927091200255,D3,1,,,,0,385,Likely churned,2025-04-09 16:00:00+00:00,2025-04-09 16:00:00+00:00
6336661586175,D5,1,,,,0,1487,Likely churned,2022-04-03 16:00:00+00:00,2022-04-03 16:00:00+00:00
6423611080959,D5,1,,,,0,1570,Likely churned,2022-01-10 16:00:00+00:00,2022-01-10 16:00:00+00:00
6329866911999,D5,1,,,,0,1562,Likely churned,2022-01-18 16:00:00+00:00,2022-01-18 16:00:00+00:00
7756048695551,D1,2,0.0,,,0,1576,Likely churned,2022-01-04 16:00:00+00:00,2022-01-04 16:00:00+00:00
8350898585855,D3,1,,,,0,214,Likely churned,2025-09-27 16:00:00+00:00,2025-09-27 16:00:00+00:00
8633815073023,D2,1,,,,0,132,At-risk,2025-12-18 16:00:00+00:00,2025-12-18 16:00:00+00:00
8712990687487,D2,1,,,,0,96,At-risk,2026-01-23 16:00:00+00:00,2026-01-23 16:00:00+00:00
8713464840447,D2,1,,,,0,95,At-risk,2026-01-24 16:00:00+00:00,2026-01-24 16:00:00+00:00
8721809441023,D2,1,,,,0,91,At-risk,2026-01-28 16:00:00+00:00,2026-01-28 16:00:00+00:00
8700572008703,D2,1,,,,0,102,At-risk,2026-01-17 16:00:00+00:00,2026-01-17 16:00:00+00:00
7756359467263,D4,1,,,,0,1097,Likely churned,2023-04-28 16:00:00+00:00,2023-04-28 16:00:00+00:00
7756354322687,D1,2,48.0,,,48,1091,Likely churned,2023-03-17 16:00:00+00:00,2023-05-04 16:00:00+00:00
8241018011903,D3,1,,,,0,267,Likely churned,2025-08-05 16:00:00+00:00,2025-08-05 16:00:00+00:00
8669942120703,D2,1,,,,0,116,At-risk,2026-01-03 16:00:00+00:00,2026-01-03 16:00:00+00:00
7756484018431,D4,1,,,,0,512,Likely churned,2024-12-03 16:00:00+00:00,2024-12-03 16:00:00+00:00
6327760879871,D5,1,,,,0,1363,Likely churned,2022-08-05 16:00:00+00:00,2022-08-05 16:00:00+00:00
7318538158335,D5,1,,,,0,696,Likely churned,2024-06-02 16:00:00+00:00,2024-06-02 16:00:00+00:00
7345272127743,D5,1,,,,0,439,Likely churned,2025-02-14 16:00:00+00:00,2025-02-14 16:00:00+00:00
7475299582207,D5,1,,,,0,607,Likely churned,2024-08-30 16:00:00+00:00,2024-08-30 16:00:00+00:00
7756018942207,D2,2,273.0,,,273,1087,Likely churned,2022-08-08 16:00:00+00:00,2023-05-08 16:00:00+00:00
8630208233727,D2,1,,,,0,133,At-risk,2025-12-17 16:00:00+00:00,2025-12-17 16:00:00+00:00
8346039877887,D3,1,,,,0,217,Likely churned,2025-09-24 16:00:00+00:00,2025-09-24 16:00:00+00:00
7756035358975,D4,1,,,,0,1455,Likely churned,2022-05-05 16:00:00+00:00,2022-05-05 16:00:00+00:00
8607681282303,D2,1,,,,0,140,At-risk,2025-12-10 16:00:00+00:00,2025-12-10 16:00:00+00:00
7756015403263,D4,1,,,,0,1323,Likely churned,2022-09-14 16:00:00+00:00,2022-09-14 16:00:00+00:00
6327504011519,D5,1,,,,0,127,At-risk,2025-12-23 16:00:00+00:00,2025-12-23 16:00:00+00:00
6327557423359,D5,1,,,,0,400,Likely churned,2025-03-25 16:00:00+00:00,2025-03-25 16:00:00+00:00
7574655336703,D5,1,,,,0,556,Likely churned,2024-10-20 16:00:00+00:00,2024-10-20 16:00:00+00:00
7707604812031,D5,1,,,,0,501,Likely churned,2024-12-14 16:00:00+00:00,2024-12-14 16:00:00+00:00
7709729292543,D5,1,,,,0,500,Likely churned,2024-12-15 16:00:00+00:00,2024-12-15 16:00:00+00:00
7783089176831,D4,1,,,,0,472,Likely churned,2025-01-12 16:00:00+00:00,2025-01-12 16:00:00+00:00
7802589675775,D4,1,,,,0,469,Likely churned,2025-01-15 16:00:00+00:00,2025-01-15 16:00:00+00:00
7802592067839,D4,1,,,,0,469,Likely churned,2025-01-15 16:00:00+00:00,2025-01-15 16:00:00+00:00
7852863193343,D3,1,,,,0,436,Likely churned,2025-02-17 16:00:00+00:00,2025-02-17 16:00:00+00:00
7870681383167,D3,1,,,,0,430,Likely churned,2025-02-23 16:00:00+00:00,2025-02-23 16:00:00+00:00
7875287580927,D3,1,,,,0,429,Likely churned,2025-02-24 16:00:00+00:00,2025-02-24 16:00:00+00:00
7877345804543,D3,1,,,,0,428,Likely churned,2025-02-25 16:00:00+00:00,2025-02-25 16:00:00+00:00
7893114618111,D3,1,,,,0,417,Likely churned,2025-03-08 16:00:00+00:00,2025-03-08 16:00:00+00:00
7933266723071,D3,1,,,,0,395,Likely churned,2025-03-30 16:00:00+00:00,2025-03-30 16:00:00+00:00
7934578458879,D3,1,,,,0,395,Likely churned,2025-03-30 16:00:00+00:00,2025-03-30 16:00:00+00:00
7942630015231,D3,1,,,,0,391,Likely churned,2025-04-03 16:00:00+00:00,2025-04-03 16:00:00+00:00
7945138209023,D3,1,,,,0,388,Likely churned,2025-04-06 16:00:00+00:00,2025-04-06 16:00:00+00:00
7954109268223,D3,1,,,,0,385,Likely churned,2025-04-09 16:00:00+00:00,2025-04-09 16:00:00+00:00
7956356399359,D3,1,,,,0,383,Likely churned,2025-04-11 16:00:00+00:00,2025-04-11 16:00:00+00:00
7958758752511,D3,1,,,,0,381,Likely churned,2025-04-13 16:00:00+00:00,2025-04-13 16:00:00+00:00
7958995828991,D3,1,,,,0,381,Likely churned,2025-04-13 16:00:00+00:00,2025-04-13 16:00:00+00:00
7969166819583,D3,1,,,,0,375,Likely churned,2025-04-19 16:00:00+00:00,2025-04-19 16:00:00+00:00
7973788745983,D3,1,,,,0,372,Likely churned,2025-04-22 16:00:00+00:00,2025-04-22 16:00:00+00:00
7975628898559,D3,1,,,,0,371,Likely churned,2025-04-23 16:00:00+00:00,2025-04-23 16:00:00+00:00
7978120249599,D3,1,,,,0,369,Likely churned,2025-04-25 16:00:00+00:00,2025-04-25 16:00:00+00:00
7978400940287,D3,1,,,,0,369,Likely churned,2025-04-25 16:00:00+00:00,2025-04-25 16:00:00+00:00
7984381395199,D3,1,,,,0,366,Likely churned,2025-04-28 16:00:00+00:00,2025-04-28 16:00:00+00:00
7986809078015,D3,1,,,,0,330,Likely churned,2025-06-03 16:00:00+00:00,2025-06-03 16:00:00+00:00
8001274544383,D3,1,,,,0,363,Likely churned,2025-05-01 16:00:00+00:00,2025-05-01 16:00:00+00:00
8026798129407,D3,1,,,,0,357,Likely churned,2025-05-07 16:00:00+00:00,2025-05-07 16:00:00+00:00
8030223007999,D3,1,,,,0,356,Likely churned,2025-05-08 16:00:00+00:00,2025-05-08 16:00:00+00:00
8036132880639,D3,1,,,,0,354,Likely churned,2025-05-10 16:00:00+00:00,2025-05-10 16:00:00+00:00
8039752990975,D3,1,,,,0,352,Likely churned,2025-05-12 16:00:00+00:00,2025-05-12 16:00:00+00:00
8042502553855,D3,1,,,,0,351,Likely churned,2025-05-13 16:00:00+00:00,2025-05-13 16:00:00+00:00
8052477853951,D3,1,,,,0,349,Likely churned,2025-05-15 16:00:00+00:00,2025-05-15 16:00:00+00:00
8062020255999,D3,1,,,,0,346,Likely churned,2025-05-18 16:00:00+00:00,2025-05-18 16:00:00+00:00
8065677295871,D3,1,,,,0,344,Likely churned,2025-05-20 16:00:00+00:00,2025-05-20 16:00:00+00:00
8081719984383,D3,1,,,,0,338,Likely churned,2025-05-26 16:00:00+00:00,2025-05-26 16:00:00+00:00
8086122987775,D3,1,,,,0,337,Likely churned,2025-05-27 16:00:00+00:00,2025-05-27 16:00:00+00:00
8093538975999,D3,1,,,,0,334,Likely churned,2025-05-30 16:00:00+00:00,2025-05-30 16:00:00+00:00
8094913626367,D3,1,,,,0,333,Likely churned,2025-05-31 16:00:00+00:00,2025-05-31 16:00:00+00:00
8096610910463,D3,1,,,,0,333,Likely churned,2025-05-31 16:00:00+00:00,2025-05-31 16:00:00+00:00
8108885016831,D3,1,,,,0,329,Likely churned,2025-06-04 16:00:00+00:00,2025-06-04 16:00:00+00:00
8109982777599,D3,1,,,,0,328,Likely churned,2025-06-05 16:00:00+00:00,2025-06-05 16:00:00+00:00
8111530934527,D3,1,,,,0,328,Likely churned,2025-06-05 16:00:00+00:00,2025-06-05 16:00:00+00:00
8115521323263,D3,1,,,,0,326,Likely churned,2025-06-07 16:00:00+00:00,2025-06-07 16:00:00+00:00
8115816890623,D3,1,,,,0,326,Likely churned,2025-06-07 16:00:00+00:00,2025-06-07 16:00:00+00:00
8117297119487,D3,1,,,,0,325,Likely churned,2025-06-08 16:00:00+00:00,2025-06-08 16:00:00+00:00
8120263606527,D3,1,,,,0,324,Likely churned,2025-06-09 16:00:00+00:00,2025-06-09 16:00:00+00:00
8123205091583,D3,1,,,,0,323,Likely churned,2025-06-10 16:00:00+00:00,2025-06-10 16:00:00+00:00
8140247105791,D3,1,,,,0,316,Likely churned,2025-06-17 16:00:00+00:00,2025-06-17 16:00:00+00:00
8143274115327,D3,1,,,,0,314,Likely churned,2025-06-19 16:00:00+00:00,2025-06-19 16:00:00+00:00
8149397504255,D3,1,,,,0,312,Likely churned,2025-06-21 16:00:00+00:00,2025-06-21 16:00:00+00:00
8151503044863,D3,1,,,,0,311,Likely churned,2025-06-22 16:00:00+00:00,2025-06-22 16:00:00+00:00
8164918395135,D3,1,,,,0,306,Likely churned,2025-06-27 16:00:00+00:00,2025-06-27 16:00:00+00:00
8166562496767,D3,1,,,,0,305,Likely churned,2025-06-28 16:00:00+00:00,2025-06-28 16:00:00+00:00
8166873858303,D3,1,,,,0,305,Likely churned,2025-06-28 16:00:00+00:00,2025-06-28 16:00:00+00:00
8244695531775,D3,1,,,,0,265,Likely churned,2025-08-07 16:00:00+00:00,2025-08-07 16:00:00+00:00
8251518222591,D3,1,,,,0,261,Likely churned,2025-08-11 16:00:00+00:00,2025-08-11 16:00:00+00:00
8276623556863,D3,1,,,,0,252,Likely churned,2025-08-20 16:00:00+00:00,2025-08-20 16:00:00+00:00
8276952056063,D3,1,,,,0,252,Likely churned,2025-08-20 16:00:00+00:00,2025-08-20 16:00:00+00:00
8350754898175,D3,1,,,,0,214,Likely churned,2025-09-27 16:00:00+00:00,2025-09-27 16:00:00+00:00
8350990729471,D3,1,,,,0,189,Likely churned,2025-10-22 16:00:00+00:00,2025-10-22 16:00:00+00:00
8438487843071,D2,1,,,,0,193,Likely churned,2025-10-18 16:00:00+00:00,2025-10-18 16:00:00+00:00
8479441551615,D2,1,,,,0,184,Likely churned,2025-10-27 16:00:00+00:00,2025-10-27 16:00:00+00:00
8488219017471,D2,1,,,,0,180,Likely churned,2025-10-31 16:00:00+00:00,2025-10-31 16:00:00+00:00
8488239988991,D2,1,,,,0,180,Likely churned,2025-10-31 16:00:00+00:00,2025-10-31 16:00:00+00:00
8488432992511,D2,1,,,,0,180,Likely churned,2025-10-31 16:00:00+00:00,2025-10-31 16:00:00+00:00
8591215427839,D2,1,,,,0,146,At-risk,2025-12-04 16:00:00+00:00,2025-12-04 16:00:00+00:00
8672541606143,D2,1,,,,0,114,At-risk,2026-01-05 16:00:00+00:00,2026-01-05 16:00:00+00:00
8691058213119,D2,1,,,,0,106,At-risk,2026-01-13 16:00:00+00:00,2026-01-13 16:00:00+00:00
8697188122879,D2,1,,,,0,104,At-risk,2026-01-15 16:00:00+00:00,2026-01-15 16:00:00+00:00
8702625251583,D2,1,,,,0,101,At-risk,2026-01-18 16:00:00+00:00,2026-01-18 16:00:00+00:00
8708959928575,D2,1,,,,0,98,At-risk,2026-01-21 16:00:00+00:00,2026-01-21 16:00:00+00:00
8713261121791,D2,1,,,,0,95,At-risk,2026-01-24 16:00:00+00:00,2026-01-24 16:00:00+00:00
8718133362943,D2,1,,,,0,93,At-risk,2026-01-26 16:00:00+00:00,2026-01-26 16:00:00+00:00
8737075822847,D2,1,,,,0,86,Active,2026-02-02 16:00:00+00:00,2026-02-02 16:00:00+00:00
8761140216063,D2,1,,,,0,82,Active,2026-02-06 16:00:00+00:00,2026-02-06 16:00:00+00:00
8761335447807,D2,1,,,,0,82,Active,2026-02-06 16:00:00+00:00,2026-02-06 16:00:00+00:00
8761361301759,D2,1,,,,0,82,Active,2026-02-06 16:00:00+00:00,2026-02-06 16:00:00+00:00
8761495748863,D2,1,,,,0,82,Active,2026-02-06 16:00:00+00:00,2026-02-06 16:00:00+00:00
8761661260031,D2,1,,,,0,82,Active,2026-02-06 16:00:00+00:00,2026-02-06 16:00:00+00:00
8761679806719,D2,1,,,,0,82,Active,2026-02-06 16:00:00+00:00,2026-02-06 16:00:00+00:00
8761725026559,D2,1,,,,0,82,Active,2026-02-06 16:00:00+00:00,2026-02-06 16:00:00+00:00
8768194806015,D2,1,,,,0,78,Active,2026-02-10 16:00:00+00:00,2026-02-10 16:00:00+00:00
8785986322687,D2,1,,,,0,72,Active,2026-02-16 16:00:00+00:00,2026-02-16 16:00:00+00:00
8822041116927,D2,1,,,,0,57,Active,2026-03-03 16:00:00+00:00,2026-03-03 16:00:00+00:00
8822341075199,D2,1,,,,0,57,Active,2026-03-03 16:00:00+00:00,2026-03-03 16:00:00+00:00
8828864200959,D2,1,,,,0,55,Active,2026-03-05 16:00:00+00:00,2026-03-05 16:00:00+00:00
8839762575615,D2,1,,,,0,50,Active,2026-03-10 16:00:00+00:00,2026-03-10 16:00:00+00:00
8848180150527,D2,1,,,,0,46,Active,2026-03-14 16:00:00+00:00,2026-03-14 16:00:00+00:00
8856898175231,D2,1,,,,0,43,Active,2026-03-17 16:00:00+00:00,2026-03-17 16:00:00+00:00
8880816423167,D2,1,,,,0,35,Active,2026-03-25 16:00:00+00:00,2026-03-25 16:00:00+00:00
7755960221951,D1,3,39.0,59.0,20.0,59,1467,Likely churned,2022-02-23 16:00:00+00:00,2022-04-23 16:00:00+00:00
7942389006591,D3,1,,,,0,109,At-risk,2026-01-10 16:00:00+00:00,2026-01-10 16:00:00+00:00
7756385714431,D4,1,,,,0,920,Likely churned,2023-10-22 16:00:00+00:00,2023-10-22 16:00:00+00:00
7756386369791,D4,1,,,,0,917,Likely churned,2023-10-25 16:00:00+00:00,2023-10-25 16:00:00+00:00
7756431655167,D4,1,,,,0,700,Likely churned,2024-05-29 16:00:00+00:00,2024-05-29 16:00:00+00:00
7755926143231,D2,2,90.0,,,90,1447,Likely churned,2022-02-12 16:00:00+00:00,2022-05-13 16:00:00+00:00
8608936100095,D2,1,,,,0,139,At-risk,2025-12-11 16:00:00+00:00,2025-12-11 16:00:00+00:00
7756266701055,D4,1,,,,0,1189,Likely churned,2023-01-26 16:00:00+00:00,2023-01-26 16:00:00+00:00
7756487622911,D4,1,,,,0,490,Likely churned,2024-12-25 16:00:00+00:00,2024-12-25 16:00:00+00:00
8154965737727,D3,1,,,,62,248,Likely churned,2025-06-23 16:00:00+00:00,2025-08-24 16:00:00+00:00
8314650263807,D3,1,,,,0,232,Likely churned,2025-09-09 16:00:00+00:00,2025-09-09 16:00:00+00:00
7521958330623,D5,1,,,,0,578,Likely churned,2024-09-28 16:00:00+00:00,2024-09-28 16:00:00+00:00
6329600704767,D5,1,,,,0,1522,Likely churned,2022-02-27 16:00:00+00:00,2022-02-27 16:00:00+00:00
7530355884287,D2,2,230.0,,,230,342,Likely churned,2024-10-04 16:00:00+00:00,2025-05-22 16:00:00+00:00
8369895768319,D2,1,,,,0,205,Likely churned,2025-10-06 16:00:00+00:00,2025-10-06 16:00:00+00:00
7756030148863,D1,2,0.0,,,0,1407,Likely churned,2022-06-22 16:00:00+00:00,2022-06-22 16:00:00+00:00
6328298111231,D2,2,0.0,,,0,1365,Likely churned,2022-08-03 16:00:00+00:00,2022-08-03 16:00:00+00:00
7756044730623,D4,1,,,,0,1551,Likely churned,2022-01-29 16:00:00+00:00,2022-01-29 16:00:00+00:00
7756460884223,D4,1,,,,0,610,Likely churned,2024-08-27 16:00:00+00:00,2024-08-27 16:00:00+00:00
7756398854399,D1,2,28.0,,,28,820,Likely churned,2024-01-02 16:00:00+00:00,2024-01-30 16:00:00+00:00
8841991520511,D2,1,,,,0,49,Active,2026-03-11 16:00:00+00:00,2026-03-11 16:00:00+00:00
6474696687871,D5,1,,,,0,1230,Likely churned,2022-12-16 16:00:00+00:00,2022-12-16 16:00:00+00:00
6477558612223,D5,1,,,,0,1229,Likely churned,2022-12-17 16:00:00+00:00,2022-12-17 16:00:00+00:00
8263332397311,D3,1,,,,0,255,Likely churned,2025-08-17 16:00:00+00:00,2025-08-17 16:00:00+00:00
7756426150143,D1,2,43.0,,,43,672,Likely churned,2024-05-14 16:00:00+00:00,2024-06-26 16:00:00+00:00
8853473394943,D2,1,,,,0,44,Active,2026-03-16 16:00:00+00:00,2026-03-16 16:00:00+00:00
7756328239359,D1,2,26.0,,,26,1156,Likely churned,2023-02-02 16:00:00+00:00,2023-02-28 16:00:00+00:00
8041292071167,D3,1,,,,0,345,Likely churned,2025-05-19 16:00:00+00:00,2025-05-19 16:00:00+00:00
7756475564287,D4,1,,,,0,555,Likely churned,2024-10-21 16:00:00+00:00,2024-10-21 16:00:00+00:00
8484645535999,D2,1,,,,0,182,Likely churned,2025-10-29 16:00:00+00:00,2025-10-29 16:00:00+00:00
8653191905535,D2,1,,,,0,124,At-risk,2025-12-26 16:00:00+00:00,2025-12-26 16:00:00+00:00
8484438245631,D2,1,,,,0,182,Likely churned,2025-10-29 16:00:00+00:00,2025-10-29 16:00:00+00:00
6423594107135,D5,1,,,,0,1478,Likely churned,2022-04-12 16:00:00+00:00,2022-04-12 16:00:00+00:00
7475045269759,D5,1,,,,0,607,Likely churned,2024-08-30 16:00:00+00:00,2024-08-30 16:00:00+00:00
7491937861887,D5,1,,,,0,596,Likely churned,2024-09-10 16:00:00+00:00,2024-09-10 16:00:00+00:00
8843455529215,D2,1,,,,0,48,Active,2026-03-12 16:00:00+00:00,2026-03-12 16:00:00+00:00
8373600026879,D2,1,,,,0,203,Likely churned,2025-10-08 16:00:00+00:00,2025-10-08 16:00:00+00:00
7756026773759,D1,2,725.0,,,725,737,Likely churned,2022-04-28 16:00:00+00:00,2024-04-22 16:00:00+00:00
6391423762687,D5,1,,,,0,1281,Likely churned,2022-10-26 16:00:00+00:00,2022-10-26 16:00:00+00:00
6510186463487,D5,1,,,,0,1203,Likely churned,2023-01-12 16:00:00+00:00,2023-01-12 16:00:00+00:00
6601909305599,D5,1,,,,0,1144,Likely churned,2023-03-12 16:00:00+00:00,2023-03-12 16:00:00+00:00
6613396193535,D5,1,,,,0,1133,Likely churned,2023-03-23 16:00:00+00:00,2023-03-23 16:00:00+00:00
7756354158847,D4,1,,,,0,1140,Likely churned,2023-03-16 16:00:00+00:00,2023-03-16 16:00:00+00:00
8800846971135,D2,1,,,,0,64,Active,2026-02-24 16:00:00+00:00,2026-02-24 16:00:00+00:00
8438075523327,D2,1,,,,0,193,Likely churned,2025-10-18 16:00:00+00:00,2025-10-18 16:00:00+00:00
8438237298943,D2,1,,,,0,193,Likely churned,2025-10-18 16:00:00+00:00,2025-10-18 16:00:00+00:00
8439901749503,D2,1,,,,0,193,Likely churned,2025-10-18 16:00:00+00:00,2025-10-18 16:00:00+00:00
8362934567167,D3,1,,,,0,209,Likely churned,2025-10-02 16:00:00+00:00,2025-10-02 16:00:00+00:00
7756423758079,D1,2,58.0,,,58,669,Likely churned,2024-05-02 16:00:00+00:00,2024-06-29 16:00:00+00:00
7756384338175,D4,1,,,,0,935,Likely churned,2023-10-07 16:00:00+00:00,2023-10-07 16:00:00+00:00
7756385779967,D4,1,,,,0,924,Likely churned,2023-10-18 16:00:00+00:00,2023-10-18 16:00:00+00:00
8353921532159,D3,1,,,,0,212,Likely churned,2025-09-29 16:00:00+00:00,2025-09-29 16:00:00+00:00
8877871202559,D2,1,,,,0,36,Active,2026-03-24 16:00:00+00:00,2026-03-24 16:00:00+00:00
8077216153855,D3,1,,,,0,340,Likely churned,2025-05-24 16:00:00+00:00,2025-05-24 16:00:00+00:00
8683348623615,D2,1,,,,0,110,At-risk,2026-01-09 16:00:00+00:00,2026-01-09 16:00:00+00:00
8078896857343,D3,1,,,,0,339,Likely churned,2025-05-25 16:00:00+00:00,2025-05-25 16:00:00+00:00
7381485093119,D5,1,,,,0,632,Likely churned,2024-08-05 16:00:00+00:00,2024-08-05 16:00:00+00:00
7755969855743,D2,2,405.0,,,405,1135,Likely churned,2022-02-09 16:00:00+00:00,2023-03-21 16:00:00+00:00
6328286970111,D5,1,,,,0,1342,Likely churned,2022-08-26 16:00:00+00:00,2022-08-26 16:00:00+00:00
8087155572991,D3,1,,,,0,337,Likely churned,2025-05-27 16:00:00+00:00,2025-05-27 16:00:00+00:00
8445704863999,D2,1,,,,0,192,Likely churned,2025-10-19 16:00:00+00:00,2025-10-19 16:00:00+00:00
7950392361215,D3,1,,,,0,383,Likely churned,2025-04-11 16:00:00+00:00,2025-04-11 16:00:00+00:00
8288895009023,D3,1,,,,0,247,Likely churned,2025-08-25 16:00:00+00:00,2025-08-25 16:00:00+00:00
6327517053183,D5,1,,,,0,863,Likely churned,2023-12-18 16:00:00+00:00,2023-12-18 16:00:00+00:00
8079305408767,D3,1,,,,0,339,Likely churned,2025-05-25 16:00:00+00:00,2025-05-25 16:00:00+00:00
8291132899583,D3,1,,,,0,246,Likely churned,2025-08-26 16:00:00+00:00,2025-08-26 16:00:00+00:00
8309109752063,D3,1,,,,0,236,Likely churned,2025-09-05 16:00:00+00:00,2025-09-05 16:00:00+00:00
8274112545023,D3,1,,,,0,254,Likely churned,2025-08-18 16:00:00+00:00,2025-08-18 16:00:00+00:00
7756376375551,D1,3,28.0,640.0,612.0,640,354,Likely churned,2023-08-09 16:00:00+00:00,2025-05-10 16:00:00+00:00
7476708835583,D5,1,,,,0,606,Likely churned,2024-08-31 16:00:00+00:00,2024-08-31 16:00:00+00:00
8246421651711,D3,1,,,,0,264,Likely churned,2025-08-08 16:00:00+00:00,2025-08-08 16:00:00+00:00
6327740858623,D5,1,,,,0,1354,Likely churned,2022-08-14 16:00:00+00:00,2022-08-14 16:00:00+00:00
7756175606015,D4,1,,,,0,264,Likely churned,2025-08-08 16:00:00+00:00,2025-08-08 16:00:00+00:00
7756422217983,D4,1,,,,0,732,Likely churned,2024-04-27 16:00:00+00:00,2024-04-27 16:00:00+00:00
7756473958655,D4,1,,,,0,563,Likely churned,2024-10-13 16:00:00+00:00,2024-10-13 16:00:00+00:00
7756474188031,D4,1,,,,0,563,Likely churned,2024-10-13 16:00:00+00:00,2024-10-13 16:00:00+00:00
7756475531519,D4,1,,,,0,555,Likely churned,2024-10-21 16:00:00+00:00,2024-10-21 16:00:00+00:00
7756476940543,D4,1,,,,0,549,Likely churned,2024-10-27 16:00:00+00:00,2024-10-27 16:00:00+00:00
7829327315199,D3,1,,,,0,472,Likely churned,2025-01-12 16:00:00+00:00,2025-01-12 16:00:00+00:00
7829327446271,D3,1,,,,0,471,Likely churned,2025-01-13 16:00:00+00:00,2025-01-13 16:00:00+00:00
8031944671487,D3,1,,,,0,356,Likely churned,2025-05-08 16:00:00+00:00,2025-05-08 16:00:00+00:00
8050160206079,D3,1,,,,0,350,Likely churned,2025-05-14 16:00:00+00:00,2025-05-14 16:00:00+00:00
7933079257343,D3,1,,,,0,396,Likely churned,2025-03-29 16:00:00+00:00,2025-03-29 16:00:00+00:00
8841467396351,D2,1,,,,0,49,Active,2026-03-11 16:00:00+00:00,2026-03-11 16:00:00+00:00
8036161880319,D3,1,,,,0,354,Likely churned,2025-05-10 16:00:00+00:00,2025-05-10 16:00:00+00:00
8134168314111,D3,1,,,,0,319,Likely churned,2025-06-14 16:00:00+00:00,2025-06-14 16:00:00+00:00
7307541086463,D5,1,,,,0,703,Likely churned,2024-05-26 16:00:00+00:00,2024-05-26 16:00:00+00:00
7475380420863,D5,1,,,,0,607,Likely churned,2024-08-30 16:00:00+00:00,2024-08-30 16:00:00+00:00
7843205382399,D1,2,31.0,,,31,412,Likely churned,2025-02-10 16:00:00+00:00,2025-03-13 16:00:00+00:00
8667886878975,D2,1,,,,0,117,At-risk,2026-01-02 16:00:00+00:00,2026-01-02 16:00:00+00:00
8799600935167,D2,1,,,,0,65,Active,2026-02-23 16:00:00+00:00,2026-02-23 16:00:00+00:00
6594939814143,D5,1,,,,0,937,Likely churned,2023-10-05 16:00:00+00:00,2023-10-05 16:00:00+00:00
6708449607935,D5,1,,,,0,1043,Likely churned,2023-06-21 16:00:00+00:00,2023-06-21 16:00:00+00:00
6718421565695,D5,1,,,,0,1037,Likely churned,2023-06-27 16:00:00+00:00,2023-06-27 16:00:00+00:00
6805761556735,D5,1,,,,0,953,Likely churned,2023-09-19 16:00:00+00:00,2023-09-19 16:00:00+00:00
7437367148799,D5,1,,,,0,629,Likely churned,2024-08-08 16:00:00+00:00,2024-08-08 16:00:00+00:00
7476624916735,D5,1,,,,0,606,Likely churned,2024-08-31 16:00:00+00:00,2024-08-31 16:00:00+00:00
7476673413375,D5,1,,,,0,606,Likely churned,2024-08-31 16:00:00+00:00,2024-08-31 16:00:00+00:00
7476777386239,D5,1,,,,0,606,Likely churned,2024-08-31 16:00:00+00:00,2024-08-31 16:00:00+00:00
7756458000639,D1,2,563.0,,,563,60,Active,2024-08-14 16:00:00+00:00,2026-02-28 16:00:00+00:00
7756426051839,D4,1,,,,0,714,Likely churned,2024-05-15 16:00:00+00:00,2024-05-15 16:00:00+00:00
7756431425791,D4,1,,,,0,700,Likely churned,2024-05-29 16:00:00+00:00,2024-05-29 16:00:00+00:00
7756010979583,D1,4,74.0,74.0,0.0,74,1456,Likely churned,2022-02-19 16:00:00+00:00,2022-05-04 16:00:00+00:00
7819758993663,D4,1,,,,0,422,Likely churned,2025-03-03 16:00:00+00:00,2025-03-03 16:00:00+00:00
7756006621439,D4,1,,,,0,1285,Likely churned,2022-10-22 16:00:00+00:00,2022-10-22 16:00:00+00:00
7756404982015,D4,1,,,,0,823,Likely churned,2024-01-27 16:00:00+00:00,2024-01-27 16:00:00+00:00
7756466159871,D4,1,,,,0,584,Likely churned,2024-09-22 16:00:00+00:00,2024-09-22 16:00:00+00:00
7756488605951,D4,1,,,,0,481,Likely churned,2025-01-03 16:00:00+00:00,2025-01-03 16:00:00+00:00
7829327872255,D3,1,,,,0,467,Likely churned,2025-01-17 16:00:00+00:00,2025-01-17 16:00:00+00:00
7756430115071,D4,1,,,,0,703,Likely churned,2024-05-26 16:00:00+00:00,2024-05-26 16:00:00+00:00
7756430541055,D4,1,,,,0,699,Likely churned,2024-05-30 16:00:00+00:00,2024-05-30 16:00:00+00:00
7756039553279,D4,1,,,,0,1507,Likely churned,2022-03-14 16:00:00+00:00,2022-03-14 16:00:00+00:00
7902015652095,D3,1,,,,0,411,Likely churned,2025-03-14 16:00:00+00:00,2025-03-14 16:00:00+00:00
7365375525119,D2,2,339.0,,,339,331,Likely churned,2024-06-28 16:00:00+00:00,2025-06-02 16:00:00+00:00
7755954127103,D5,1,,,,0,1339,Likely churned,2022-08-29 16:00:00+00:00,2022-08-29 16:00:00+00:00
7756019007743,D1,3,5.0,486.0,481.0,486,879,Likely churned,2022-08-03 16:00:00+00:00,2023-12-02 16:00:00+00:00
6532515234047,D2,2,233.0,,,233,1220,Likely churned,2022-05-07 16:00:00+00:00,2022-12-26 16:00:00+00:00
8869025480959,D2,1,,,,0,38,Active,2026-03-22 16:00:00+00:00,2026-03-22 16:00:00+00:00
8878118961407,D2,1,,,,0,36,Active,2026-03-24 16:00:00+00:00,2026-03-24 16:00:00+00:00
7705926893823,D2,2,132.0,,,132,370,Likely churned,2024-12-13 16:00:00+00:00,2025-04-24 16:00:00+00:00
7476633960703,D5,1,,,,0,606,Likely churned,2024-08-31 16:00:00+00:00,2024-08-31 16:00:00+00:00
6327719756031,D5,1,,,,0,751,Likely churned,2024-04-08 16:00:00+00:00,2024-04-08 16:00:00+00:00
6390530113791,D5,1,,,,0,1281,Likely churned,2022-10-26 16:00:00+00:00,2022-10-26 16:00:00+00:00
7157991342335,D5,1,,,,0,760,Likely churned,2024-03-30 16:00:00+00:00,2024-03-30 16:00:00+00:00
7476565934335,D5,1,,,,0,606,Likely churned,2024-08-31 16:00:00+00:00,2024-08-31 16:00:00+00:00
7964726853887,D3,1,,,,0,377,Likely churned,2025-04-17 16:00:00+00:00,2025-04-17 16:00:00+00:00
8327479558399,D3,1,,,,0,228,Likely churned,2025-09-13 16:00:00+00:00,2025-09-13 16:00:00+00:00
6863773204735,D5,1,,,,0,919,Likely churned,2023-10-23 16:00:00+00:00,2023-10-23 16:00:00+00:00
6532515889407,D5,1,,,,0,1205,Likely churned,2023-01-10 16:00:00+00:00,2023-01-10 16:00:00+00:00
7756010127615,D4,1,,,,0,1278,Likely churned,2022-10-29 16:00:00+00:00,2022-10-29 16:00:00+00:00
7756264538367,D4,1,,,,0,1210,Likely churned,2023-01-05 16:00:00+00:00,2023-01-05 16:00:00+00:00
7756265292031,D4,1,,,,0,1204,Likely churned,2023-01-11 16:00:00+00:00,2023-01-11 16:00:00+00:00
8841650897151,D2,1,,,,0,49,Active,2026-03-11 16:00:00+00:00,2026-03-11 16:00:00+00:00
8050169282815,D1,2,6.0,,,6,324,Likely churned,2025-06-03 16:00:00+00:00,2025-06-09 16:00:00+00:00
7966747197695,D3,1,,,,0,376,Likely churned,2025-04-18 16:00:00+00:00,2025-04-18 16:00:00+00:00
7336611250431,D2,2,74.0,,,74,611,Likely churned,2024-06-13 16:00:00+00:00,2024-08-26 16:00:00+00:00
6423606395135,D5,1,,,,0,1554,Likely churned,2022-01-26 16:00:00+00:00,2022-01-26 16:00:00+00:00
7976295858431,D3,1,,,,0,254,Likely churned,2025-08-18 16:00:00+00:00,2025-08-18 16:00:00+00:00
6327510335743,D5,1,,,,0,1453,Likely churned,2022-05-07 16:00:00+00:00,2022-05-07 16:00:00+00:00
6327509713151,D5,1,,,,0,1485,Likely churned,2022-04-05 16:00:00+00:00,2022-04-05 16:00:00+00:00
7755971199231,D4,1,,,,0,1090,Likely churned,2023-05-05 16:00:00+00:00,2023-05-05 16:00:00+00:00
7756415893759,D4,1,,,,0,757,Likely churned,2024-04-02 16:00:00+00:00,2024-04-02 16:00:00+00:00
7756418351359,D1,2,8.0,,,8,736,Likely churned,2024-04-15 16:00:00+00:00,2024-04-23 16:00:00+00:00
7756420481279,D4,1,,,,0,736,Likely churned,2024-04-23 16:00:00+00:00,2024-04-23 16:00:00+00:00
7756422086911,D4,1,,,,0,732,Likely churned,2024-04-27 16:00:00+00:00,2024-04-27 16:00:00+00:00
7756424806655,D4,1,,,,0,721,Likely churned,2024-05-08 16:00:00+00:00,2024-05-08 16:00:00+00:00
7756433621247,D4,1,,,,0,697,Likely churned,2024-06-01 16:00:00+00:00,2024-06-01 16:00:00+00:00
7756434178303,D4,1,,,,0,696,Likely churned,2024-06-02 16:00:00+00:00,2024-06-02 16:00:00+00:00
7756460523775,D4,1,,,,0,610,Likely churned,2024-08-27 16:00:00+00:00,2024-08-27 16:00:00+00:00
7756460589311,D4,1,,,,0,610,Likely churned,2024-08-27 16:00:00+00:00,2024-08-27 16:00:00+00:00
7756019302655,D4,1,,,,0,1361,Likely churned,2022-08-07 16:00:00+00:00,2022-08-07 16:00:00+00:00
7756262899967,D4,1,,,,0,1222,Likely churned,2022-12-24 16:00:00+00:00,2022-12-24 16:00:00+00:00
6336751894783,D5,1,,,,0,1241,Likely churned,2022-12-05 16:00:00+00:00,2022-12-05 16:00:00+00:00
6978829582591,D5,1,,,,0,853,Likely churned,2023-12-28 16:00:00+00:00,2023-12-28 16:00:00+00:00
7756357566719,D1,2,27.0,,,27,1100,Likely churned,2023-03-29 16:00:00+00:00,2023-04-25 16:00:00+00:00
8802133311743,D2,1,,,,0,64,Active,2026-02-24 16:00:00+00:00,2026-02-24 16:00:00+00:00
8783227945215,D2,1,,,,0,56,Active,2026-03-04 16:00:00+00:00,2026-03-04 16:00:00+00:00
7977048670463,D3,1,,,,0,267,Likely churned,2025-08-05 16:00:00+00:00,2025-08-05 16:00:00+00:00
8874836590847,D2,1,,,,0,37,Active,2026-03-23 16:00:00+00:00,2026-03-23 16:00:00+00:00
7756048662783,D4,1,,,,0,1576,Likely churned,2022-01-04 16:00:00+00:00,2022-01-04 16:00:00+00:00
6329829785855,D5,1,,,,0,1447,Likely churned,2022-05-13 16:00:00+00:00,2022-05-13 16:00:00+00:00
7756409536767,D4,1,,,,0,790,Likely churned,2024-02-29 16:00:00+00:00,2024-02-29 16:00:00+00:00
6582888300799,D5,1,,,,0,1159,Likely churned,2023-02-25 16:00:00+00:00,2023-02-25 16:00:00+00:00
7755929977087,D2,2,0.0,,,0,1574,Likely churned,2022-01-06 16:00:00+00:00,2022-01-06 16:00:00+00:00
7756398493951,D4,1,,,,0,851,Likely churned,2023-12-30 16:00:00+00:00,2023-12-30 16:00:00+00:00
8483491119359,D2,1,,,,0,183,Likely churned,2025-10-28 16:00:00+00:00,2025-10-28 16:00:00+00:00
8697246744831,D2,1,,,,0,96,At-risk,2026-01-23 16:00:00+00:00,2026-01-23 16:00:00+00:00
6329616859391,D5,1,,,,0,1570,Likely churned,2022-01-10 16:00:00+00:00,2022-01-10 16:00:00+00:00
8832675840255,D2,1,,,,0,53,Active,2026-03-07 16:00:00+00:00,2026-03-07 16:00:00+00:00
7756377587967,D4,1,,,,0,984,Likely churned,2023-08-19 16:00:00+00:00,2023-08-19 16:00:00+00:00
8416067551487,D2,1,,,,0,197,Likely churned,2025-10-14 16:00:00+00:00,2025-10-14 16:00:00+00:00
8880793944319,D2,1,,,,0,35,Active,2026-03-25 16:00:00+00:00,2026-03-25 16:00:00+00:00
8035693494527,D3,1,,,,0,354,Likely churned,2025-05-10 16:00:00+00:00,2025-05-10 16:00:00+00:00
7956440285439,D3,1,,,,0,378,Likely churned,2025-04-16 16:00:00+00:00,2025-04-16 16:00:00+00:00
8779428036863,D2,1,,,,0,75,Active,2026-02-13 16:00:00+00:00,2026-02-13 16:00:00+00:00
8165778358527,D3,1,,,,0,305,Likely churned,2025-06-28 16:00:00+00:00,2025-06-28 16:00:00+00:00
7756353601791,D1,4,91.0,151.0,60.0,179,769,Likely churned,2023-09-24 16:00:00+00:00,2024-03-21 16:00:00+00:00
7756044304639,D1,2,0.0,,,0,1542,Likely churned,2022-02-07 16:00:00+00:00,2022-02-07 16:00:00+00:00
7756470616319,D4,1,,,,0,573,Likely churned,2024-10-03 16:00:00+00:00,2024-10-03 16:00:00+00:00
7168270795007,D5,1,,,,0,734,Likely churned,2024-04-25 16:00:00+00:00,2024-04-25 16:00:00+00:00
7756427657471,D4,1,,,,0,711,Likely churned,2024-05-18 16:00:00+00:00,2024-05-18 16:00:00+00:00
6327827955967,D5,1,,,,0,1528,Likely churned,2022-02-21 16:00:00+00:00,2022-02-21 16:00:00+00:00
7756418121983,D4,1,,,,0,702,Likely churned,2024-05-27 16:00:00+00:00,2024-05-27 16:00:00+00:00
6327692722431,D5,1,,,,0,1442,Likely churned,2022-05-18 16:00:00+00:00,2022-05-18 16:00:00+00:00
6423228121343,D5,1,,,,0,1365,Likely churned,2022-08-03 16:00:00+00:00,2022-08-03 16:00:00+00:00
8766992941311,D2,1,,,,0,79,Active,2026-02-09 16:00:00+00:00,2026-02-09 16:00:00+00:00
8725894365439,D2,1,,,,0,89,Active,2026-01-30 16:00:00+00:00,2026-01-30 16:00:00+00:00
8891095023871,D2,1,,,,0,34,Active,2026-03-26 16:00:00+00:00,2026-03-26 16:00:00+00:00
7756435194111,D4,1,,,,0,691,Likely churned,2024-06-07 16:00:00+00:00,2024-06-07 16:00:00+00:00
7756439912703,D4,1,,,,0,670,Likely churned,2024-06-28 16:00:00+00:00,2024-06-28 16:00:00+00:00
7756459639039,D4,1,,,,0,614,Likely churned,2024-08-23 16:00:00+00:00,2024-08-23 16:00:00+00:00
7756465701119,D1,2,41.0,,,41,547,Likely churned,2024-09-18 16:00:00+00:00,2024-10-29 16:00:00+00:00
7756469960959,D4,1,,,,0,576,Likely churned,2024-09-30 16:00:00+00:00,2024-09-30 16:00:00+00:00
7967464521983,D3,1,,,,0,376,Likely churned,2025-04-18 16:00:00+00:00,2025-04-18 16:00:00+00:00
8649217278207,D2,1,,,,0,126,At-risk,2025-12-24 16:00:00+00:00,2025-12-24 16:00:00+00:00
7756045943039,D1,2,0.0,,,0,1566,Likely churned,2022-01-14 16:00:00+00:00,2022-01-14 16:00:00+00:00
7756431851775,D1,2,24.0,,,24,676,Likely churned,2024-05-29 16:00:00+00:00,2024-06-22 16:00:00+00:00
7756448334079,D4,1,,,,0,608,Likely churned,2024-08-29 16:00:00+00:00,2024-08-29 16:00:00+00:00
6327720739071,D1,3,0.0,154.0,154.0,154,1424,Likely churned,2022-01-02 16:00:00+00:00,2022-06-05 16:00:00+00:00
8316975972607,D3,1,,,,0,231,Likely churned,2025-09-10 16:00:00+00:00,2025-09-10 16:00:00+00:00
7756038963455,D4,1,,,,0,1498,Likely churned,2022-03-23 16:00:00+00:00,2022-03-23 16:00:00+00:00
8874820043007,D2,1,,,,0,37,Active,2026-03-23 16:00:00+00:00,2026-03-23 16:00:00+00:00
8875316052223,D2,1,,,,0,37,Active,2026-03-23 16:00:00+00:00,2026-03-23 16:00:00+00:00
8879046230271,D2,1,,,,0,35,Active,2026-03-25 16:00:00+00:00,2026-03-25 16:00:00+00:00
8899332014335,D2,1,,,,0,32,Active,2026-03-28 16:00:00+00:00,2026-03-28 16:00:00+00:00
8904983281919,D2,1,,,,0,30,Active,2026-03-30 16:00:00+00:00,2026-03-30 16:00:00+00:00
8603014627583,D1,2,49.0,,,49,92,At-risk,2025-12-09 16:00:00+00:00,2026-01-27 16:00:00+00:00
7756328534271,D4,1,,,,0,1171,Likely churned,2023-02-13 16:00:00+00:00,2023-02-13 16:00:00+00:00
6327713562879,D2,2,800.0,,,800,755,Likely churned,2022-01-25 16:00:00+00:00,2024-04-04 16:00:00+00:00
6329848627455,D1,3,52.0,52.0,0.0,52,1514,Likely churned,2022-01-14 16:00:00+00:00,2022-03-07 16:00:00+00:00
8690224333055,D2,1,,,,0,107,At-risk,2026-01-12 16:00:00+00:00,2026-01-12 16:00:00+00:00
7963876983039,D3,1,,,,0,378,Likely churned,2025-04-16 16:00:00+00:00,2025-04-16 16:00:00+00:00
7756348588287,D4,1,,,,0,1168,Likely churned,2023-02-16 16:00:00+00:00,2023-02-16 16:00:00+00:00
7756350816511,D4,1,,,,0,1152,Likely churned,2023-03-04 16:00:00+00:00,2023-03-04 16:00:00+00:00
7756398657791,D4,1,,,,0,849,Likely churned,2024-01-01 16:00:00+00:00,2024-01-01 16:00:00+00:00
6328262263039,D5,1,,,,0,66,Active,2026-02-22 16:00:00+00:00,2026-02-22 16:00:00+00:00
8016385671423,D3,1,,,,0,359,Likely churned,2025-05-05 16:00:00+00:00,2025-05-05 16:00:00+00:00
8058071318783,D3,1,,,,0,346,Likely churned,2025-05-18 16:00:00+00:00,2025-05-18 16:00:00+00:00
8073982476543,D3,1,,,,0,342,Likely churned,2025-05-22 16:00:00+00:00,2025-05-22 16:00:00+00:00
8079628501247,D3,1,,,,0,339,Likely churned,2025-05-25 16:00:00+00:00,2025-05-25 16:00:00+00:00
8079774515455,D3,1,,,,0,339,Likely churned,2025-05-25 16:00:00+00:00,2025-05-25 16:00:00+00:00
8094175363327,D3,1,,,,0,332,Likely churned,2025-06-01 16:00:00+00:00,2025-06-01 16:00:00+00:00
8097262534911,D3,1,,,,0,332,Likely churned,2025-06-01 16:00:00+00:00,2025-06-01 16:00:00+00:00
8115199738111,D3,1,,,,0,326,Likely churned,2025-06-07 16:00:00+00:00,2025-06-07 16:00:00+00:00
8131162177791,D3,1,,,,0,320,Likely churned,2025-06-13 16:00:00+00:00,2025-06-13 16:00:00+00:00
8292704780543,D3,1,,,,0,245,Likely churned,2025-08-27 16:00:00+00:00,2025-08-27 16:00:00+00:00
8362782654719,D1,3,112.0,173.0,61.0,173,36,Active,2025-10-02 16:00:00+00:00,2026-03-24 16:00:00+00:00
8770482307327,D2,1,,,,0,78,Active,2026-02-10 16:00:00+00:00,2026-02-10 16:00:00+00:00
8809370812671,D2,1,,,,0,62,Active,2026-02-26 16:00:00+00:00,2026-02-26 16:00:00+00:00
8813602636031,D2,1,,,,0,60,Active,2026-02-28 16:00:00+00:00,2026-02-28 16:00:00+00:00
8834452357375,D2,1,,,,0,52,Active,2026-03-08 16:00:00+00:00,2026-03-08 16:00:00+00:00
7756400918783,D4,1,,,,0,840,Likely churned,2024-01-10 16:00:00+00:00,2024-01-10 16:00:00+00:00
7986128716031,D3,1,,,,0,365,Likely churned,2025-04-29 16:00:00+00:00,2025-04-29 16:00:00+00:00
7756399247615,D4,1,,,,0,844,Likely churned,2024-01-06 16:00:00+00:00,2024-01-06 16:00:00+00:00
7756260180223,D4,1,,,,0,1245,Likely churned,2022-12-01 16:00:00+00:00,2022-12-01 16:00:00+00:00
7756284690687,D4,1,,,,0,918,Likely churned,2023-10-24 16:00:00+00:00,2023-10-24 16:00:00+00:00
7756358385919,D4,1,,,,0,1116,Likely churned,2023-04-09 16:00:00+00:00,2023-04-09 16:00:00+00:00
7756032278783,D1,2,0.0,,,0,1427,Likely churned,2022-06-02 16:00:00+00:00,2022-06-02 16:00:00+00:00
8679713308927,D2,1,,,,0,68,Active,2026-02-20 16:00:00+00:00,2026-02-20 16:00:00+00:00
7756459213055,D4,1,,,,0,558,Likely churned,2024-10-18 16:00:00+00:00,2024-10-18 16:00:00+00:00
8879036399871,D2,1,,,,0,35,Active,2026-03-25 16:00:00+00:00,2026-03-25 16:00:00+00:00
8118606430463,D3,1,,,,63,262,Likely churned,2025-06-08 16:00:00+00:00,2025-08-10 16:00:00+00:00
7756485558527,D1,2,170.0,,,170,331,Likely churned,2024-12-14 16:00:00+00:00,2025-06-02 16:00:00+00:00
6532515266815,D5,1,,,,0,1237,Likely churned,2022-12-09 16:00:00+00:00,2022-12-09 16:00:00+00:00
7756468912383,D4,1,,,,0,578,Likely churned,2024-09-28 16:00:00+00:00,2024-09-28 16:00:00+00:00
6327655137535,D5,1,,,,0,1438,Likely churned,2022-05-22 16:00:00+00:00,2022-05-22 16:00:00+00:00
6336720568575,D5,1,,,,0,1447,Likely churned,2022-05-13 16:00:00+00:00,2022-05-13 16:00:00+00:00
7877148934399,D3,1,,,,0,418,Likely churned,2025-03-07 16:00:00+00:00,2025-03-07 16:00:00+00:00
8868617486591,D2,1,,,,0,39,Active,2026-03-21 16:00:00+00:00,2026-03-21 16:00:00+00:00
8865436369151,D2,1,,,,0,40,Active,2026-03-20 16:00:00+00:00,2026-03-20 16:00:00+00:00
8878778581247,D2,1,,,,0,36,Active,2026-03-24 16:00:00+00:00,2026-03-24 16:00:00+00:00
8891012612351,D2,1,,,,0,34,Active,2026-03-26 16:00:00+00:00,2026-03-26 16:00:00+00:00
6610407424255,D2,2,348.0,,,348,788,Likely churned,2023-03-20 16:00:00+00:00,2024-03-02 16:00:00+00:00
8895680217343,D2,1,,,,0,33,Active,2026-03-27 16:00:00+00:00,2026-03-27 16:00:00+00:00
7968974504191,D3,1,,,,0,366,Likely churned,2025-04-28 16:00:00+00:00,2025-04-28 16:00:00+00:00
7964573794559,D1,2,42.0,,,42,336,Likely churned,2025-04-16 16:00:00+00:00,2025-05-28 16:00:00+00:00
6334066000127,D5,1,,,,0,1404,Likely churned,2022-06-25 16:00:00+00:00,2022-06-25 16:00:00+00:00
7915910988031,D3,1,,,,0,405,Likely churned,2025-03-20 16:00:00+00:00,2025-03-20 16:00:00+00:00
7941936939263,D3,1,,,,0,391,Likely churned,2025-04-03 16:00:00+00:00,2025-04-03 16:00:00+00:00
7756381815039,D1,2,891.0,,,891,66,Active,2023-09-15 16:00:00+00:00,2026-02-22 16:00:00+00:00
8713866346751,D1,2,1.0,,,1,94,At-risk,2026-01-24 16:00:00+00:00,2026-01-25 16:00:00+00:00
7755928142079,D2,2,325.0,,,325,1096,Likely churned,2022-06-08 16:00:00+00:00,2023-04-29 16:00:00+00:00
7539696337151,D5,1,,,,0,568,Likely churned,2024-10-08 16:00:00+00:00,2024-10-08 16:00:00+00:00
7756396069119,D4,1,,,,0,879,Likely churned,2023-12-02 16:00:00+00:00,2023-12-02 16:00:00+00:00
7756347965695,D4,1,,,,0,1174,Likely churned,2023-02-10 16:00:00+00:00,2023-02-10 16:00:00+00:00
8898951086335,D2,1,,,,0,32,Active,2026-03-28 16:00:00+00:00,2026-03-28 16:00:00+00:00
7756017467647,D4,1,,,,0,1343,Likely churned,2022-08-25 16:00:00+00:00,2022-08-25 16:00:00+00:00
8901867831551,D2,1,,,,0,31,Active,2026-03-29 16:00:00+00:00,2026-03-29 16:00:00+00:00
8144576479487,D1,2,87.0,,,87,227,Likely churned,2025-06-19 16:00:00+00:00,2025-09-14 16:00:00+00:00
7756461113599,D4,1,,,,0,609,Likely churned,2024-08-28 16:00:00+00:00,2024-08-28 16:00:00+00:00
6532515135743,D5,1,,,,0,1205,Likely churned,2023-01-10 16:00:00+00:00,2023-01-10 16:00:00+00:00
7756361269503,D4,1,,,,0,1084,Likely churned,2023-05-11 16:00:00+00:00,2023-05-11 16:00:00+00:00
7756361400575,D4,1,,,,0,1080,Likely churned,2023-05-15 16:00:00+00:00,2023-05-15 16:00:00+00:00
7756365660415,D4,1,,,,0,1036,Likely churned,2023-06-28 16:00:00+00:00,2023-06-28 16:00:00+00:00
7756414714111,D4,1,,,,0,765,Likely churned,2024-03-25 16:00:00+00:00,2024-03-25 16:00:00+00:00
7756439355647,D4,1,,,,0,672,Likely churned,2024-06-26 16:00:00+00:00,2024-06-26 16:00:00+00:00
7779969761535,D4,1,,,,0,473,Likely churned,2025-01-11 16:00:00+00:00,2025-01-11 16:00:00+00:00
8168881619199,D1,2,60.0,,,60,244,Likely churned,2025-06-29 16:00:00+00:00,2025-08-28 16:00:00+00:00
7230568595711,D5,1,,,,642,67,Active,2024-05-20 16:00:00+00:00,2026-02-21 16:00:00+00:00
8353293893887,D3,1,,,,0,212,Likely churned,2025-09-29 16:00:00+00:00,2025-09-29 16:00:00+00:00
8395334975743,D2,1,,,,0,200,Likely churned,2025-10-11 16:00:00+00:00,2025-10-11 16:00:00+00:00
8474561478911,D2,1,,,,0,187,Likely churned,2025-10-24 16:00:00+00:00,2025-10-24 16:00:00+00:00
8476304867583,D2,1,,,,0,186,Likely churned,2025-10-25 16:00:00+00:00,2025-10-25 16:00:00+00:00
8478279467263,D2,1,,,,0,185,Likely churned,2025-10-26 16:00:00+00:00,2025-10-26 16:00:00+00:00
8478338089215,D2,1,,,,0,185,Likely churned,2025-10-26 16:00:00+00:00,2025-10-26 16:00:00+00:00
8483167600895,D2,1,,,,0,183,Likely churned,2025-10-28 16:00:00+00:00,2025-10-28 16:00:00+00:00
8483189162239,D2,1,,,,0,183,Likely churned,2025-10-28 16:00:00+00:00,2025-10-28 16:00:00+00:00
8483266560255,D2,1,,,,0,183,Likely churned,2025-10-28 16:00:00+00:00,2025-10-28 16:00:00+00:00
8483479322879,D2,1,,,,0,183,Likely churned,2025-10-28 16:00:00+00:00,2025-10-28 16:00:00+00:00
8488211513599,D2,1,,,,0,180,Likely churned,2025-10-31 16:00:00+00:00,2025-10-31 16:00:00+00:00
8530377933055,D2,1,,,,0,66,Active,2026-02-22 16:00:00+00:00,2026-02-22 16:00:00+00:00
8629921972479,D2,1,,,,0,132,At-risk,2025-12-18 16:00:00+00:00,2025-12-18 16:00:00+00:00
8639497470207,D2,1,,,,0,129,At-risk,2025-12-21 16:00:00+00:00,2025-12-21 16:00:00+00:00
8652378013951,D2,1,,,,0,124,At-risk,2025-12-26 16:00:00+00:00,2025-12-26 16:00:00+00:00
8652474581247,D2,1,,,,0,124,At-risk,2025-12-26 16:00:00+00:00,2025-12-26 16:00:00+00:00
8652478349567,D2,1,,,,0,124,At-risk,2025-12-26 16:00:00+00:00,2025-12-26 16:00:00+00:00
8657067901183,D2,1,,,,0,122,At-risk,2025-12-28 16:00:00+00:00,2025-12-28 16:00:00+00:00
8667816952063,D2,1,,,,0,117,At-risk,2026-01-02 16:00:00+00:00,2026-01-02 16:00:00+00:00
8710849069311,D2,1,,,,0,97,At-risk,2026-01-22 16:00:00+00:00,2026-01-22 16:00:00+00:00
8716097192191,D2,1,,,,0,94,At-risk,2026-01-25 16:00:00+00:00,2026-01-25 16:00:00+00:00
8761574621439,D2,1,,,,0,82,Active,2026-02-06 16:00:00+00:00,2026-02-06 16:00:00+00:00
8776134164735,D2,1,,,,0,76,Active,2026-02-12 16:00:00+00:00,2026-02-12 16:00:00+00:00
8776238039295,D2,1,,,,0,76,Active,2026-02-12 16:00:00+00:00,2026-02-12 16:00:00+00:00
8779666784511,D2,1,,,,0,75,Active,2026-02-13 16:00:00+00:00,2026-02-13 16:00:00+00:00
8781385236735,D2,1,,,,0,74,Active,2026-02-14 16:00:00+00:00,2026-02-14 16:00:00+00:00
8794134937855,D2,1,,,,0,68,Active,2026-02-20 16:00:00+00:00,2026-02-20 16:00:00+00:00
8795969782015,D2,1,,,,0,67,Active,2026-02-21 16:00:00+00:00,2026-02-21 16:00:00+00:00
8798465261823,D2,1,,,,0,66,Active,2026-02-22 16:00:00+00:00,2026-02-22 16:00:00+00:00
8798471684351,D2,1,,,,0,66,Active,2026-02-22 16:00:00+00:00,2026-02-22 16:00:00+00:00
8813182877951,D2,1,,,,0,60,Active,2026-02-28 16:00:00+00:00,2026-02-28 16:00:00+00:00
8815690514687,D2,1,,,,0,59,Active,2026-03-01 16:00:00+00:00,2026-03-01 16:00:00+00:00
8890803716351,D2,1,,,,0,34,Active,2026-03-26 16:00:00+00:00,2026-03-26 16:00:00+00:00
7756009799935,D4,1,,,,0,1280,Likely churned,2022-10-27 16:00:00+00:00,2022-10-27 16:00:00+00:00
7756262998271,D4,1,,,,0,1216,Likely churned,2022-12-30 16:00:00+00:00,2022-12-30 16:00:00+00:00
7756266635519,D1,2,68.0,,,68,1120,Likely churned,2023-01-27 16:00:00+00:00,2023-04-05 16:00:00+00:00
7756031656191,D1,2,577.0,,,577,849,Likely churned,2022-06-03 16:00:00+00:00,2024-01-01 16:00:00+00:00
7756380963071,D4,1,,,,0,963,Likely churned,2023-09-09 16:00:00+00:00,2023-09-09 16:00:00+00:00
8373783462143,D2,1,,,,0,203,Likely churned,2025-10-08 16:00:00+00:00,2025-10-08 16:00:00+00:00
7756354617599,D4,1,,,,0,1138,Likely churned,2023-03-18 16:00:00+00:00,2023-03-18 16:00:00+00:00
8401176232191,D2,1,,,,0,199,Likely churned,2025-10-12 16:00:00+00:00,2025-10-12 16:00:00+00:00
7756031197439,D1,2,1068.0,,,1068,355,Likely churned,2022-06-06 16:00:00+00:00,2025-05-09 16:00:00+00:00
8488356380927,D2,1,,,,0,180,Likely churned,2025-10-31 16:00:00+00:00,2025-10-31 16:00:00+00:00
8089151799551,D1,2,4.0,,,4,332,Likely churned,2025-05-28 16:00:00+00:00,2025-06-01 16:00:00+00:00
8436807762175,D2,1,,,,0,194,Likely churned,2025-10-17 16:00:00+00:00,2025-10-17 16:00:00+00:00
8475329659135,D2,1,,,,0,187,Likely churned,2025-10-24 16:00:00+00:00,2025-10-24 16:00:00+00:00
8480311738623,D2,1,,,,0,184,Likely churned,2025-10-27 16:00:00+00:00,2025-10-27 16:00:00+00:00
8483268362495,D2,1,,,,0,183,Likely churned,2025-10-28 16:00:00+00:00,2025-10-28 16:00:00+00:00
8486671810815,D2,1,,,,0,181,Likely churned,2025-10-30 16:00:00+00:00,2025-10-30 16:00:00+00:00
8665932595455,D2,1,,,,0,118,At-risk,2026-01-01 16:00:00+00:00,2026-01-01 16:00:00+00:00
8679114932479,D2,1,,,,0,112,At-risk,2026-01-07 16:00:00+00:00,2026-01-07 16:00:00+00:00
8712570437887,D2,1,,,,0,96,At-risk,2026-01-23 16:00:00+00:00,2026-01-23 16:00:00+00:00
8718628159743,D2,1,,,,0,92,At-risk,2026-01-27 16:00:00+00:00,2026-01-27 16:00:00+00:00
8761417793791,D2,1,,,,0,82,Active,2026-02-06 16:00:00+00:00,2026-02-06 16:00:00+00:00
8761430671615,D2,1,,,,0,82,Active,2026-02-06 16:00:00+00:00,2026-02-06 16:00:00+00:00
8764004925695,D2,1,,,,0,81,Active,2026-02-07 16:00:00+00:00,2026-02-07 16:00:00+00:00
8794800619775,D2,1,,,,0,68,Active,2026-02-20 16:00:00+00:00,2026-02-20 16:00:00+00:00
8796973695231,D2,1,,,,0,67,Active,2026-02-21 16:00:00+00:00,2026-02-21 16:00:00+00:00
8816193470719,D2,1,,,,0,58,Active,2026-03-02 16:00:00+00:00,2026-03-02 16:00:00+00:00
8894655037695,D2,1,,,,0,33,Active,2026-03-27 16:00:00+00:00,2026-03-27 16:00:00+00:00
8895137054975,D2,1,,,,0,33,Active,2026-03-27 16:00:00+00:00,2026-03-27 16:00:00+00:00
8906074259711,D2,1,,,,0,30,Active,2026-03-30 16:00:00+00:00,2026-03-30 16:00:00+00:00
8439345479935,D2,1,,,,0,193,Likely churned,2025-10-18 16:00:00+00:00,2025-10-18 16:00:00+00:00
7756037259519,D4,1,,,,0,1472,Likely churned,2022-04-18 16:00:00+00:00,2022-04-18 16:00:00+00:00
8367143485695,D2,1,,,,0,206,Likely churned,2025-10-05 16:00:00+00:00,2025-10-05 16:00:00+00:00
7756007473407,D4,1,,,,0,1276,Likely churned,2022-10-31 16:00:00+00:00,2022-10-31 16:00:00+00:00
8427014684927,D2,1,,,,0,196,Likely churned,2025-10-15 16:00:00+00:00,2025-10-15 16:00:00+00:00
8237699858687,D1,2,28.0,,,28,241,Likely churned,2025-08-03 16:00:00+00:00,2025-08-31 16:00:00+00:00
7755984273663,D1,5,38.0,42.0,4.0,84,704,Likely churned,2024-03-02 16:00:00+00:00,2024-05-25 16:00:00+00:00
7756032835839,D1,2,620.0,,,620,808,Likely churned,2022-06-01 16:00:00+00:00,2024-02-11 16:00:00+00:00
6329830703359,D5,1,,,,0,1539,Likely churned,2022-02-10 16:00:00+00:00,2022-02-10 16:00:00+00:00
7756018450687,D2,2,204.0,,,204,1356,Likely churned,2022-01-20 16:00:00+00:00,2022-08-12 16:00:00+00:00
6327505355007,D5,1,,,,0,606,Likely churned,2024-08-31 16:00:00+00:00,2024-08-31 16:00:00+00:00
7288033837311,D5,1,,,,0,606,Likely churned,2024-08-31 16:00:00+00:00,2024-08-31 16:00:00+00:00
7466578280703,D5,1,,,,0,610,Likely churned,2024-08-27 16:00:00+00:00,2024-08-27 16:00:00+00:00
7467457609983,D5,1,,,,0,611,Likely churned,2024-08-26 16:00:00+00:00,2024-08-26 16:00:00+00:00
7469025329407,D5,1,,,,0,611,Likely churned,2024-08-26 16:00:00+00:00,2024-08-26 16:00:00+00:00
7473725866239,D5,1,,,,0,608,Likely churned,2024-08-29 16:00:00+00:00,2024-08-29 16:00:00+00:00
7475220250879,D5,1,,,,0,607,Likely churned,2024-08-30 16:00:00+00:00,2024-08-30 16:00:00+00:00
7475224707327,D5,1,,,,0,607,Likely churned,2024-08-30 16:00:00+00:00,2024-08-30 16:00:00+00:00
7475235553535,D5,1,,,,0,607,Likely churned,2024-08-30 16:00:00+00:00,2024-08-30 16:00:00+00:00
7475258982655,D5,1,,,,0,607,Likely churned,2024-08-30 16:00:00+00:00,2024-08-30 16:00:00+00:00
7475259932927,D5,1,,,,0,607,Likely churned,2024-08-30 16:00:00+00:00,2024-08-30 16:00:00+00:00
7475294765311,D5,1,,,,0,607,Likely churned,2024-08-30 16:00:00+00:00,2024-08-30 16:00:00+00:00
7475295518975,D5,1,,,,0,607,Likely churned,2024-08-30 16:00:00+00:00,2024-08-30 16:00:00+00:00
7475296927999,D5,1,,,,0,607,Likely churned,2024-08-30 16:00:00+00:00,2024-08-30 16:00:00+00:00
7475298042111,D5,1,,,,0,607,Likely churned,2024-08-30 16:00:00+00:00,2024-08-30 16:00:00+00:00
7475306332415,D5,1,,,,0,607,Likely churned,2024-08-30 16:00:00+00:00,2024-08-30 16:00:00+00:00
7475329827071,D5,1,,,,0,607,Likely churned,2024-08-30 16:00:00+00:00,2024-08-30 16:00:00+00:00
7475371213055,D5,1,,,,0,607,Likely churned,2024-08-30 16:00:00+00:00,2024-08-30 16:00:00+00:00
7475443892479,D5,1,,,,0,607,Likely churned,2024-08-30 16:00:00+00:00,2024-08-30 16:00:00+00:00
7475468665087,D5,1,,,,0,607,Likely churned,2024-08-30 16:00:00+00:00,2024-08-30 16:00:00+00:00
7475492520191,D5,1,,,,0,607,Likely churned,2024-08-30 16:00:00+00:00,2024-08-30 16:00:00+00:00
7475532923135,D5,1,,,,0,607,Likely churned,2024-08-30 16:00:00+00:00,2024-08-30 16:00:00+00:00
7475534790911,D5,1,,,,0,607,Likely churned,2024-08-30 16:00:00+00:00,2024-08-30 16:00:00+00:00
7475539050751,D5,1,,,,0,607,Likely churned,2024-08-30 16:00:00+00:00,2024-08-30 16:00:00+00:00
7476538605823,D5,1,,,,0,606,Likely churned,2024-08-31 16:00:00+00:00,2024-08-31 16:00:00+00:00
7476541194495,D5,1,,,,0,606,Likely churned,2024-08-31 16:00:00+00:00,2024-08-31 16:00:00+00:00
7476546830591,D5,1,,,,0,606,Likely churned,2024-08-31 16:00:00+00:00,2024-08-31 16:00:00+00:00
7476547485951,D5,1,,,,0,606,Likely churned,2024-08-31 16:00:00+00:00,2024-08-31 16:00:00+00:00
7476565213439,D5,1,,,,0,606,Likely churned,2024-08-31 16:00:00+00:00,2024-08-31 16:00:00+00:00
7476622885119,D5,1,,,,0,606,Likely churned,2024-08-31 16:00:00+00:00,2024-08-31 16:00:00+00:00
7476634714367,D5,1,,,,0,606,Likely churned,2024-08-31 16:00:00+00:00,2024-08-31 16:00:00+00:00
7476644774143,D5,1,,,,0,606,Likely churned,2024-08-31 16:00:00+00:00,2024-08-31 16:00:00+00:00
7476665712895,D5,1,,,,0,606,Likely churned,2024-08-31 16:00:00+00:00,2024-08-31 16:00:00+00:00
7476666433791,D5,1,,,,0,606,Likely churned,2024-08-31 16:00:00+00:00,2024-08-31 16:00:00+00:00
7476672692479,D5,1,,,,0,606,Likely churned,2024-08-31 16:00:00+00:00,2024-08-31 16:00:00+00:00
7476677738751,D5,1,,,,0,606,Likely churned,2024-08-31 16:00:00+00:00,2024-08-31 16:00:00+00:00
7476696088831,D5,1,,,,0,606,Likely churned,2024-08-31 16:00:00+00:00,2024-08-31 16:00:00+00:00
7476709654783,D5,1,,,,0,606,Likely churned,2024-08-31 16:00:00+00:00,2024-08-31 16:00:00+00:00
7476710899967,D5,1,,,,0,606,Likely churned,2024-08-31 16:00:00+00:00,2024-08-31 16:00:00+00:00
7476712440063,D5,1,,,,0,606,Likely churned,2024-08-31 16:00:00+00:00,2024-08-31 16:00:00+00:00
7476737868031,D5,1,,,,0,606,Likely churned,2024-08-31 16:00:00+00:00,2024-08-31 16:00:00+00:00
7476756971775,D5,1,,,,0,606,Likely churned,2024-08-31 16:00:00+00:00,2024-08-31 16:00:00+00:00
7476792590591,D5,1,,,,0,606,Likely churned,2024-08-31 16:00:00+00:00,2024-08-31 16:00:00+00:00
7476809302271,D5,1,,,,0,606,Likely churned,2024-08-31 16:00:00+00:00,2024-08-31 16:00:00+00:00
7476819820799,D5,1,,,,0,606,Likely churned,2024-08-31 16:00:00+00:00,2024-08-31 16:00:00+00:00
7476847116543,D5,1,,,,0,606,Likely churned,2024-08-31 16:00:00+00:00,2024-08-31 16:00:00+00:00
7476863992063,D5,1,,,,0,606,Likely churned,2024-08-31 16:00:00+00:00,2024-08-31 16:00:00+00:00
7476879655167,D5,1,,,,0,606,Likely churned,2024-08-31 16:00:00+00:00,2024-08-31 16:00:00+00:00
7476881555711,D5,1,,,,0,606,Likely churned,2024-08-31 16:00:00+00:00,2024-08-31 16:00:00+00:00
7476914422015,D5,1,,,,0,606,Likely churned,2024-08-31 16:00:00+00:00,2024-08-31 16:00:00+00:00
7477005385983,D5,1,,,,0,606,Likely churned,2024-08-31 16:00:00+00:00,2024-08-31 16:00:00+00:00
7483064877311,D5,1,,,,0,602,Likely churned,2024-09-04 16:00:00+00:00,2024-09-04 16:00:00+00:00
7501481345279,D5,1,,,,0,590,Likely churned,2024-09-16 16:00:00+00:00,2024-09-16 16:00:00+00:00
8273637835007,D3,1,,,,0,254,Likely churned,2025-08-18 16:00:00+00:00,2025-08-18 16:00:00+00:00
8243172376831,D3,1,,,,0,266,Likely churned,2025-08-06 16:00:00+00:00,2025-08-06 16:00:00+00:00
7756484575487,D1,2,28.0,,,28,476,Likely churned,2024-12-11 16:00:00+00:00,2025-01-08 16:00:00+00:00
7756484608255,D4,1,,,,0,504,Likely churned,2024-12-11 16:00:00+00:00,2024-12-11 16:00:00+00:00
7756486836479,D4,1,,,,0,493,Likely churned,2024-12-22 16:00:00+00:00,2024-12-22 16:00:00+00:00
7756010029311,D2,2,37.0,,,37,1241,Likely churned,2022-10-29 16:00:00+00:00,2022-12-05 16:00:00+00:00
8295903920383,D1,2,19.0,,,19,224,Likely churned,2025-08-29 16:00:00+00:00,2025-09-17 16:00:00+00:00
7929718046975,D3,1,,,,0,304,Likely churned,2025-06-29 16:00:00+00:00,2025-06-29 16:00:00+00:00
8259199205631,D3,1,,,,0,258,Likely churned,2025-08-14 16:00:00+00:00,2025-08-14 16:00:00+00:00
7756349800703,D4,1,,,,0,1155,Likely churned,2023-03-01 16:00:00+00:00,2023-03-01 16:00:00+00:00
7954180342015,D1,2,164.0,,,164,220,Likely churned,2025-04-10 16:00:00+00:00,2025-09-21 16:00:00+00:00
7929798164735,D3,1,,,,0,398,Likely churned,2025-03-27 16:00:00+00:00,2025-03-27 16:00:00+00:00
8297493004543,D3,1,,,,0,241,Likely churned,2025-08-31 16:00:00+00:00,2025-08-31 16:00:00+00:00
8105977348351,D1,2,14.0,,,14,316,Likely churned,2025-06-03 16:00:00+00:00,2025-06-17 16:00:00+00:00
7857216094463,D3,1,,,,0,435,Likely churned,2025-02-18 16:00:00+00:00,2025-02-18 16:00:00+00:00
7895503831295,D3,1,,,,0,415,Likely churned,2025-03-10 16:00:00+00:00,2025-03-10 16:00:00+00:00
7927629185279,D3,1,,,,0,399,Likely churned,2025-03-26 16:00:00+00:00,2025-03-26 16:00:00+00:00
7939320578303,D3,1,,,,0,393,Likely churned,2025-04-01 16:00:00+00:00,2025-04-01 16:00:00+00:00
7944435400959,D3,1,,,,0,389,Likely churned,2025-04-05 16:00:00+00:00,2025-04-05 16:00:00+00:00
7955146408191,D3,1,,,,0,384,Likely churned,2025-04-10 16:00:00+00:00,2025-04-10 16:00:00+00:00
7958759571711,D3,1,,,,0,381,Likely churned,2025-04-13 16:00:00+00:00,2025-04-13 16:00:00+00:00
7973405720831,D3,1,,,,0,372,Likely churned,2025-04-22 16:00:00+00:00,2025-04-22 16:00:00+00:00
7975199604991,D3,1,,,,0,371,Likely churned,2025-04-23 16:00:00+00:00,2025-04-23 16:00:00+00:00
8055355998463,D3,1,,,,0,348,Likely churned,2025-05-16 16:00:00+00:00,2025-05-16 16:00:00+00:00
8078227734783,D3,1,,,,0,339,Likely churned,2025-05-25 16:00:00+00:00,2025-05-25 16:00:00+00:00
8164713496831,D3,1,,,,0,306,Likely churned,2025-06-27 16:00:00+00:00,2025-06-27 16:00:00+00:00
8164993827071,D3,1,,,,0,306,Likely churned,2025-06-27 16:00:00+00:00,2025-06-27 16:00:00+00:00
8166966722815,D3,1,,,,0,305,Likely churned,2025-06-28 16:00:00+00:00,2025-06-28 16:00:00+00:00
8170304831743,D3,1,,,,0,303,Likely churned,2025-06-30 16:00:00+00:00,2025-06-30 16:00:00+00:00
8254218666239,D3,1,,,,0,260,Likely churned,2025-08-12 16:00:00+00:00,2025-08-12 16:00:00+00:00
8304532979967,D3,1,,,,0,238,Likely churned,2025-09-03 16:00:00+00:00,2025-09-03 16:00:00+00:00
7756436472063,D4,1,,,,0,683,Likely churned,2024-06-15 16:00:00+00:00,2024-06-15 16:00:00+00:00
7575786225919,D5,1,,,,0,555,Likely churned,2024-10-21 16:00:00+00:00,2024-10-21 16:00:00+00:00
8101924536575,D3,1,,,,0,331,Likely churned,2025-06-02 16:00:00+00:00,2025-06-02 16:00:00+00:00
8299593564415,D1,2,2.0,,,2,239,Likely churned,2025-08-31 16:00:00+00:00,2025-09-02 16:00:00+00:00
8902215663871,D2,1,,,,0,31,Active,2026-03-29 16:00:00+00:00,2026-03-29 16:00:00+00:00
7014327156991,D5,1,,,,0,836,Likely churned,2024-01-14 16:00:00+00:00,2024-01-14 16:00:00+00:00
7062069641471,D5,1,,,,0,809,Likely churned,2024-02-10 16:00:00+00:00,2024-02-10 16:00:00+00:00
7125935882495,D5,1,,,,0,777,Likely churned,2024-03-13 16:00:00+00:00,2024-03-13 16:00:00+00:00
7138632499455,D5,1,,,,0,772,Likely churned,2024-03-18 16:00:00+00:00,2024-03-18 16:00:00+00:00
7144463663359,D5,1,,,,0,768,Likely churned,2024-03-22 16:00:00+00:00,2024-03-22 16:00:00+00:00
7151885091071,D5,1,,,,0,701,Likely churned,2024-05-28 16:00:00+00:00,2024-05-28 16:00:00+00:00
7152061481215,D5,1,,,,0,765,Likely churned,2024-03-25 16:00:00+00:00,2024-03-25 16:00:00+00:00
7153927815423,D5,1,,,,0,763,Likely churned,2024-03-27 16:00:00+00:00,2024-03-27 16:00:00+00:00
7155245351167,D5,1,,,,0,762,Likely churned,2024-03-28 16:00:00+00:00,2024-03-28 16:00:00+00:00
7156459798783,D5,1,,,,0,761,Likely churned,2024-03-29 16:00:00+00:00,2024-03-29 16:00:00+00:00
7156507672831,D5,1,,,,0,761,Likely churned,2024-03-29 16:00:00+00:00,2024-03-29 16:00:00+00:00
7168769261823,D5,1,,,,0,756,Likely churned,2024-04-03 16:00:00+00:00,2024-04-03 16:00:00+00:00
7169622475007,D5,1,,,,0,755,Likely churned,2024-04-04 16:00:00+00:00,2024-04-04 16:00:00+00:00
7175451934975,D5,1,,,,0,750,Likely churned,2024-04-09 16:00:00+00:00,2024-04-09 16:00:00+00:00
7177885614335,D5,1,,,,0,750,Likely churned,2024-04-09 16:00:00+00:00,2024-04-09 16:00:00+00:00
7181382025471,D5,1,,,,0,748,Likely churned,2024-04-11 16:00:00+00:00,2024-04-11 16:00:00+00:00
7183440052479,D5,1,,,,0,746,Likely churned,2024-04-13 16:00:00+00:00,2024-04-13 16:00:00+00:00
7184370958591,D5,1,,,,0,745,Likely churned,2024-04-14 16:00:00+00:00,2024-04-14 16:00:00+00:00
7252201898239,D5,1,,,,0,732,Likely churned,2024-04-27 16:00:00+00:00,2024-04-27 16:00:00+00:00
7258667909375,D5,1,,,,0,729,Likely churned,2024-04-30 16:00:00+00:00,2024-04-30 16:00:00+00:00
7268007084287,D5,1,,,,0,723,Likely churned,2024-05-06 16:00:00+00:00,2024-05-06 16:00:00+00:00
7288602657023,D5,1,,,,0,714,Likely churned,2024-05-15 16:00:00+00:00,2024-05-15 16:00:00+00:00
7303136674047,D5,1,,,,0,706,Likely churned,2024-05-23 16:00:00+00:00,2024-05-23 16:00:00+00:00
7306038247679,D5,1,,,,0,704,Likely churned,2024-05-25 16:00:00+00:00,2024-05-25 16:00:00+00:00
7307119755519,D5,1,,,,0,703,Likely churned,2024-05-26 16:00:00+00:00,2024-05-26 16:00:00+00:00
7312641884415,D5,1,,,,0,700,Likely churned,2024-05-29 16:00:00+00:00,2024-05-29 16:00:00+00:00
7323303674111,D5,1,,,,0,693,Likely churned,2024-06-05 16:00:00+00:00,2024-06-05 16:00:00+00:00
7328844644607,D5,1,,,,0,691,Likely churned,2024-06-07 16:00:00+00:00,2024-06-07 16:00:00+00:00
7425832714495,D5,1,,,,0,636,Likely churned,2024-08-01 16:00:00+00:00,2024-08-01 16:00:00+00:00
7436716343551,D5,1,,,,0,629,Likely churned,2024-08-08 16:00:00+00:00,2024-08-08 16:00:00+00:00
7437842317567,D5,1,,,,0,629,Likely churned,2024-08-08 16:00:00+00:00,2024-08-08 16:00:00+00:00
7756460032255,D4,1,,,,0,614,Likely churned,2024-08-23 16:00:00+00:00,2024-08-23 16:00:00+00:00
8811549393151,D2,1,,,,0,61,Active,2026-02-27 16:00:00+00:00,2026-02-27 16:00:00+00:00
8841478340863,D2,1,,,,0,49,Active,2026-03-11 16:00:00+00:00,2026-03-11 16:00:00+00:00
8096909394175,D3,1,,,,0,333,Likely churned,2025-05-31 16:00:00+00:00,2025-05-31 16:00:00+00:00
8099585458431,D3,1,,,,0,332,Likely churned,2025-06-01 16:00:00+00:00,2025-06-01 16:00:00+00:00
8101292966143,D3,1,,,,0,331,Likely churned,2025-06-02 16:00:00+00:00,2025-06-02 16:00:00+00:00
8102148604159,D3,1,,,,0,331,Likely churned,2025-06-02 16:00:00+00:00,2025-06-02 16:00:00+00:00
8103684276479,D3,1,,,,0,330,Likely churned,2025-06-03 16:00:00+00:00,2025-06-03 16:00:00+00:00
8113545249023,D3,1,,,,0,327,Likely churned,2025-06-06 16:00:00+00:00,2025-06-06 16:00:00+00:00
8156006482175,D3,1,,,,0,310,Likely churned,2025-06-23 16:00:00+00:00,2025-06-23 16:00:00+00:00
8161485390079,D3,1,,,,0,307,Likely churned,2025-06-26 16:00:00+00:00,2025-06-26 16:00:00+00:00
8166566101247,D3,1,,,,0,305,Likely churned,2025-06-28 16:00:00+00:00,2025-06-28 16:00:00+00:00
8166657687807,D3,1,,,,0,305,Likely churned,2025-06-28 16:00:00+00:00,2025-06-28 16:00:00+00:00
8166758482175,D3,1,,,,0,305,Likely churned,2025-06-28 16:00:00+00:00,2025-06-28 16:00:00+00:00
8166902923519,D3,1,,,,0,305,Likely churned,2025-06-28 16:00:00+00:00,2025-06-28 16:00:00+00:00
8166978748671,D3,1,,,,0,305,Likely churned,2025-06-28 16:00:00+00:00,2025-06-28 16:00:00+00:00
8255421350143,D3,1,,,,0,259,Likely churned,2025-08-13 16:00:00+00:00,2025-08-13 16:00:00+00:00
8296424341759,D3,1,,,,0,243,Likely churned,2025-08-29 16:00:00+00:00,2025-08-29 16:00:00+00:00
8117830811903,D1,3,56.0,84.0,28.0,84,241,Likely churned,2025-06-08 16:00:00+00:00,2025-08-31 16:00:00+00:00
7756288622847,D1,3,4.0,83.0,79.0,83,1090,Likely churned,2023-02-11 16:00:00+00:00,2023-05-05 16:00:00+00:00
6424704024831,D5,1,,,,0,359,Likely churned,2025-05-05 16:00:00+00:00,2025-05-05 16:00:00+00:00
7756035588351,D4,1,,,,0,1457,Likely churned,2022-05-03 16:00:00+00:00,2022-05-03 16:00:00+00:00
7756429361407,D1,6,126.0,210.0,84.0,336,368,Likely churned,2024-05-25 16:00:00+00:00,2025-04-26 16:00:00+00:00
8371435536639,D2,1,,,,0,204,Likely churned,2025-10-07 16:00:00+00:00,2025-10-07 16:00:00+00:00
7756020580607,D4,1,,,,0,1500,Likely churned,2022-03-21 16:00:00+00:00,2022-03-21 16:00:00+00:00
7756039127295,D4,1,,,,0,1500,Likely churned,2022-03-21 16:00:00+00:00,2022-03-21 16:00:00+00:00
7756039258367,D4,1,,,,0,1500,Likely churned,2022-03-21 16:00:00+00:00,2022-03-21 16:00:00+00:00
7010309046527,D5,1,,,,0,838,Likely churned,2024-01-12 16:00:00+00:00,2024-01-12 16:00:00+00:00
6423611441407,D5,1,,,,0,1573,Likely churned,2022-01-07 16:00:00+00:00,2022-01-07 16:00:00+00:00
6588193865983,D2,2,117.0,,,117,1038,Likely churned,2023-03-01 16:00:00+00:00,2023-06-26 16:00:00+00:00
8796055666943,D2,1,,,,0,67,Active,2026-02-21 16:00:00+00:00,2026-02-21 16:00:00+00:00
7756181897471,D1,6,157.0,511.0,354.0,805,323,Likely churned,2023-03-28 16:00:00+00:00,2025-06-10 16:00:00+00:00
8890628243711,D2,1,,,,0,34,Active,2026-03-26 16:00:00+00:00,2026-03-26 16:00:00+00:00
6423595909375,D1,3,0.0,0.0,0.0,0,1492,Likely churned,2022-03-29 16:00:00+00:00,2022-03-29 16:00:00+00:00
7756264177919,D1,2,112.0,,,112,1102,Likely churned,2023-01-01 16:00:00+00:00,2023-04-23 16:00:00+00:00
7756264997119,D1,2,46.0,,,46,1160,Likely churned,2023-01-09 16:00:00+00:00,2023-02-24 16:00:00+00:00
7169592623359,D5,1,,,,0,82,Active,2026-02-06 16:00:00+00:00,2026-02-06 16:00:00+00:00
7580912025855,D5,1,,,,0,551,Likely churned,2024-10-25 16:00:00+00:00,2024-10-25 16:00:00+00:00
7807449334015,D4,1,,,,0,466,Likely churned,2025-01-18 16:00:00+00:00,2025-01-18 16:00:00+00:00
7830799909119,D3,1,,,,0,450,Likely churned,2025-02-03 16:00:00+00:00,2025-02-03 16:00:00+00:00
7866897531135,D1,2,111.0,,,111,321,Likely churned,2025-02-21 16:00:00+00:00,2025-06-12 16:00:00+00:00
7903429984511,D3,1,,,,0,410,Likely churned,2025-03-15 16:00:00+00:00,2025-03-15 16:00:00+00:00
7958813212927,D3,1,,,,0,381,Likely churned,2025-04-13 16:00:00+00:00,2025-04-13 16:00:00+00:00
7968715604223,D3,1,,,,0,375,Likely churned,2025-04-19 16:00:00+00:00,2025-04-19 16:00:00+00:00
8003138027775,D3,1,,,,0,363,Likely churned,2025-05-01 16:00:00+00:00,2025-05-01 16:00:00+00:00
8042937680127,D3,1,,,,0,351,Likely churned,2025-05-13 16:00:00+00:00,2025-05-13 16:00:00+00:00
8064049643775,D3,1,,,,0,345,Likely churned,2025-05-19 16:00:00+00:00,2025-05-19 16:00:00+00:00
8084515258623,D3,1,,,,0,337,Likely churned,2025-05-27 16:00:00+00:00,2025-05-27 16:00:00+00:00
8106290151679,D3,1,,,,0,330,Likely churned,2025-06-03 16:00:00+00:00,2025-06-03 16:00:00+00:00
8108000968959,D3,1,,,,0,329,Likely churned,2025-06-04 16:00:00+00:00,2025-06-04 16:00:00+00:00
8110293385471,D3,1,,,,0,328,Likely churned,2025-06-05 16:00:00+00:00,2025-06-05 16:00:00+00:00
8119961092351,D3,1,,,,0,324,Likely churned,2025-06-09 16:00:00+00:00,2025-06-09 16:00:00+00:00
8124393455871,D3,1,,,,0,323,Likely churned,2025-06-10 16:00:00+00:00,2025-06-10 16:00:00+00:00
8139501338879,D3,1,,,,0,316,Likely churned,2025-06-17 16:00:00+00:00,2025-06-17 16:00:00+00:00
8164599759103,D3,1,,,,0,306,Likely churned,2025-06-27 16:00:00+00:00,2025-06-27 16:00:00+00:00
8246793732351,D3,1,,,,0,263,Likely churned,2025-08-09 16:00:00+00:00,2025-08-09 16:00:00+00:00
8300895535359,D3,1,,,,0,240,Likely churned,2025-09-01 16:00:00+00:00,2025-09-01 16:00:00+00:00
8438000550143,D2,1,,,,0,193,Likely churned,2025-10-18 16:00:00+00:00,2025-10-18 16:00:00+00:00
8607713788159,D2,1,,,,0,140,At-risk,2025-12-10 16:00:00+00:00,2025-12-10 16:00:00+00:00
8608561889535,D2,1,,,,0,139,At-risk,2025-12-11 16:00:00+00:00,2025-12-11 16:00:00+00:00
8667748958463,D2,1,,,,0,117,At-risk,2026-01-02 16:00:00+00:00,2026-01-02 16:00:00+00:00
8677680251135,D2,1,,,,0,112,At-risk,2026-01-07 16:00:00+00:00,2026-01-07 16:00:00+00:00
8712473673983,D2,1,,,,0,96,At-risk,2026-01-23 16:00:00+00:00,2026-01-23 16:00:00+00:00
8761558171903,D2,1,,,,0,82,Active,2026-02-06 16:00:00+00:00,2026-02-06 16:00:00+00:00
7755924472063,D1,7,146.0,289.0,143.0,1083,363,Likely churned,2022-05-14 16:00:00+00:00,2025-05-01 16:00:00+00:00
8338200854783,D3,1,,,,0,222,Likely churned,2025-09-19 16:00:00+00:00,2025-09-19 16:00:00+00:00
8702512464127,D2,1,,,,0,101,At-risk,2026-01-18 16:00:00+00:00,2026-01-18 16:00:00+00:00
7756375785727,D4,1,,,,0,997,Likely churned,2023-08-06 16:00:00+00:00,2023-08-06 16:00:00+00:00
6327675945215,D2,2,42.0,,,42,1520,Likely churned,2022-01-18 16:00:00+00:00,2022-03-01 16:00:00+00:00
7756193169663,D1,2,329.0,,,329,352,Likely churned,2024-06-17 16:00:00+00:00,2025-05-12 16:00:00+00:00
8882059575551,D2,1,,,,0,34,Active,2026-03-26 16:00:00+00:00,2026-03-26 16:00:00+00:00
7878900580607,D1,4,56.0,112.0,56.0,182,245,Likely churned,2025-02-26 16:00:00+00:00,2025-08-27 16:00:00+00:00
8416333791487,D2,1,,,,0,197,Likely churned,2025-10-14 16:00:00+00:00,2025-10-14 16:00:00+00:00
7872851575039,D3,1,,,,0,430,Likely churned,2025-02-23 16:00:00+00:00,2025-02-23 16:00:00+00:00
8846411104511,D2,1,,,,0,47,Active,2026-03-13 16:00:00+00:00,2026-03-13 16:00:00+00:00
7756211585279,D1,2,313.0,,,313,864,Likely churned,2023-02-07 16:00:00+00:00,2023-12-17 16:00:00+00:00
6773309407487,D5,1,,,,0,991,Likely churned,2023-08-12 16:00:00+00:00,2023-08-12 16:00:00+00:00
7826734874879,D3,1,,,,0,453,Likely churned,2025-01-31 16:00:00+00:00,2025-01-31 16:00:00+00:00
8781121421567,D1,2,4.0,,,4,70,Active,2026-02-14 16:00:00+00:00,2026-02-18 16:00:00+00:00
7756439585023,D1,2,294.0,,,294,377,Likely churned,2024-06-27 16:00:00+00:00,2025-04-17 16:00:00+00:00
8327709753599,D3,1,,,,0,228,Likely churned,2025-09-13 16:00:00+00:00,2025-09-13 16:00:00+00:00
8713364570367,D2,1,,,,0,95,At-risk,2026-01-24 16:00:00+00:00,2026-01-24 16:00:00+00:00
7307232772351,D5,1,,,,0,703,Likely churned,2024-05-26 16:00:00+00:00,2024-05-26 16:00:00+00:00
8843730125055,D2,1,,,,0,48,Active,2026-03-12 16:00:00+00:00,2026-03-12 16:00:00+00:00
6549652734207,D5,1,,,,0,1172,Likely churned,2023-02-12 16:00:00+00:00,2023-02-12 16:00:00+00:00
7098288799999,D5,1,,,,0,794,Likely churned,2024-02-25 16:00:00+00:00,2024-02-25 16:00:00+00:00
7756485853439,D1,2,435.0,,,435,65,Active,2024-12-15 16:00:00+00:00,2026-02-23 16:00:00+00:00
6423606231295,D5,1,,,,0,1550,Likely churned,2022-01-30 16:00:00+00:00,2022-01-30 16:00:00+00:00
8347971485951,D1,3,34.0,129.0,95.0,129,87,Active,2025-09-25 16:00:00+00:00,2026-02-01 16:00:00+00:00
8244140081407,D1,2,63.0,,,63,201,Likely churned,2025-08-08 16:00:00+00:00,2025-10-10 16:00:00+00:00
6532489183487,D1,3,38.0,280.0,242.0,280,916,Likely churned,2023-01-19 16:00:00+00:00,2023-10-26 16:00:00+00:00
8335092252927,D3,1,,,,0,224,Likely churned,2025-09-17 16:00:00+00:00,2025-09-17 16:00:00+00:00
7347175325951,D2,2,27.0,,,27,42,Active,2026-02-19 16:00:00+00:00,2026-03-18 16:00:00+00:00
7958933405951,D1,2,304.0,,,304,77,Active,2025-04-13 16:00:00+00:00,2026-02-11 16:00:00+00:00
8878172831999,D2,1,,,,0,36,Active,2026-03-24 16:00:00+00:00,2026-03-24 16:00:00+00:00
8017438605567,D1,2,170.0,,,170,188,Likely churned,2025-05-06 16:00:00+00:00,2025-10-23 16:00:00+00:00
8757515223295,D2,1,,,,0,84,Active,2026-02-04 16:00:00+00:00,2026-02-04 16:00:00+00:00
8905962848511,D2,1,,,,0,30,Active,2026-03-30 16:00:00+00:00,2026-03-30 16:00:00+00:00
7574819307775,D5,1,,,,0,547,Likely churned,2024-10-29 16:00:00+00:00,2024-10-29 16:00:00+00:00
6327503552767,D5,1,,,,0,1186,Likely churned,2023-01-29 16:00:00+00:00,2023-01-29 16:00:00+00:00
6329828180223,D5,1,,,,0,1238,Likely churned,2022-12-08 16:00:00+00:00,2022-12-08 16:00:00+00:00
6514794725631,D5,1,,,,0,1199,Likely churned,2023-01-16 16:00:00+00:00,2023-01-16 16:00:00+00:00
6585818710271,D5,1,,,,0,1157,Likely churned,2023-02-27 16:00:00+00:00,2023-02-27 16:00:00+00:00
6586846314751,D5,1,,,,0,1156,Likely churned,2023-02-28 16:00:00+00:00,2023-02-28 16:00:00+00:00
6624970440959,D5,1,,,,0,1122,Likely churned,2023-04-03 16:00:00+00:00,2023-04-03 16:00:00+00:00
6659616538879,D5,1,,,,0,1090,Likely churned,2023-05-05 16:00:00+00:00,2023-05-05 16:00:00+00:00
7252877705471,D2,2,54.0,,,54,677,Likely churned,2024-04-28 16:00:00+00:00,2024-06-21 16:00:00+00:00
8608022495487,D1,2,74.0,,,74,66,Active,2025-12-10 16:00:00+00:00,2026-02-22 16:00:00+00:00
6780370485503,D5,1,,,,0,984,Likely churned,2023-08-19 16:00:00+00:00,2023-08-19 16:00:00+00:00
7756395020543,D4,1,,,,0,763,Likely churned,2024-03-27 16:00:00+00:00,2024-03-27 16:00:00+00:00
8819560546559,D2,1,,,,0,58,Active,2026-03-02 16:00:00+00:00,2026-03-02 16:00:00+00:00
8738683289855,D2,1,,,,0,86,Active,2026-02-02 16:00:00+00:00,2026-02-02 16:00:00+00:00
7114650845439,D1,3,81.0,165.0,84.0,165,618,Likely churned,2024-03-07 16:00:00+00:00,2024-08-19 16:00:00+00:00
6327555457279,D2,2,517.0,,,517,827,Likely churned,2022-08-24 16:00:00+00:00,2024-01-23 16:00:00+00:00
8311984554239,D3,1,,,,0,234,Likely churned,2025-09-07 16:00:00+00:00,2025-09-07 16:00:00+00:00
6328249286911,D1,3,788.0,1026.0,238.0,1026,476,Likely churned,2022-03-19 16:00:00+00:00,2025-01-08 16:00:00+00:00
7756406522111,D1,2,235.0,,,235,580,Likely churned,2024-02-04 16:00:00+00:00,2024-09-26 16:00:00+00:00
8899202810111,D2,1,,,,0,32,Active,2026-03-28 16:00:00+00:00,2026-03-28 16:00:00+00:00
7583061606655,D1,3,56.0,135.0,79.0,135,414,Likely churned,2024-10-27 16:00:00+00:00,2025-03-11 16:00:00+00:00
7756349866239,D1,3,23.0,25.0,2.0,25,1130,Likely churned,2023-03-01 16:00:00+00:00,2023-03-26 16:00:00+00:00
7972114432255,D1,4,1.0,28.0,27.0,56,317,Likely churned,2025-04-21 16:00:00+00:00,2025-06-16 16:00:00+00:00
6351154741503,D1,6,0.0,15.0,15.0,464,1075,Likely churned,2022-02-10 16:00:00+00:00,2023-05-20 16:00:00+00:00
8211027558655,D3,1,,,,0,261,Likely churned,2025-08-11 16:00:00+00:00,2025-08-11 16:00:00+00:00
7756320964863,D1,3,78.0,390.0,312.0,390,762,Likely churned,2023-03-04 16:00:00+00:00,2024-03-28 16:00:00+00:00
7469864222975,D5,1,,,,0,610,Likely churned,2024-08-27 16:00:00+00:00,2024-08-27 16:00:00+00:00
7756387909887,D1,7,148.0,178.0,30.0,410,439,Likely churned,2024-01-01 16:00:00+00:00,2025-02-14 16:00:00+00:00
7755960910079,D1,5,28.0,120.0,92.0,514,455,Likely churned,2023-09-03 16:00:00+00:00,2025-01-29 16:00:00+00:00
8255558091007,D1,2,4.0,,,4,255,Likely churned,2025-08-13 16:00:00+00:00,2025-08-17 16:00:00+00:00
8899465314559,D2,1,,,,0,32,Active,2026-03-28 16:00:00+00:00,2026-03-28 16:00:00+00:00
8865785348351,D2,1,,,,0,40,Active,2026-03-20 16:00:00+00:00,2026-03-20 16:00:00+00:00
7756484772095,D1,2,450.0,,,450,54,Active,2024-12-11 16:00:00+00:00,2026-03-06 16:00:00+00:00
7756015927551,D1,3,47.0,231.0,184.0,231,1337,Likely churned,2022-01-12 16:00:00+00:00,2022-08-31 16:00:00+00:00
8593221681407,D1,2,5.0,,,5,140,At-risk,2025-12-05 16:00:00+00:00,2025-12-10 16:00:00+00:00
7755991482623,D2,2,47.0,,,47,1487,Likely churned,2022-02-15 16:00:00+00:00,2022-04-03 16:00:00+00:00
7756362973439,D4,1,,,,0,1059,Likely churned,2023-06-05 16:00:00+00:00,2023-06-05 16:00:00+00:00
7756400787711,D1,12,42.0,69.0,27.0,455,386,Likely churned,2024-01-09 16:00:00+00:00,2025-04-08 16:00:00+00:00
8144777707775,D3,1,,,,0,314,Likely churned,2025-06-19 16:00:00+00:00,2025-06-19 16:00:00+00:00
6395505901823,D5,1,,,,0,1278,Likely churned,2022-10-29 16:00:00+00:00,2022-10-29 16:00:00+00:00
7427649962239,D2,2,20.0,,,20,614,Likely churned,2024-08-03 16:00:00+00:00,2024-08-23 16:00:00+00:00
8081416552703,D3,1,,,,0,338,Likely churned,2025-05-26 16:00:00+00:00,2025-05-26 16:00:00+00:00
7756407341311,D4,1,,,,0,811,Likely churned,2024-02-08 16:00:00+00:00,2024-02-08 16:00:00+00:00
7756007702783,D2,2,1050.0,,,1050,235,Likely churned,2022-10-22 16:00:00+00:00,2025-09-06 16:00:00+00:00
8394029629695,D2,1,,,,0,200,Likely churned,2025-10-11 16:00:00+00:00,2025-10-11 16:00:00+00:00
8686846345471,D2,1,,,,0,108,At-risk,2026-01-11 16:00:00+00:00,2026-01-11 16:00:00+00:00
8635114750207,D2,1,,,,0,131,At-risk,2025-12-19 16:00:00+00:00,2025-12-19 16:00:00+00:00
8637500195071,D2,1,,,,0,130,At-risk,2025-12-20 16:00:00+00:00,2025-12-20 16:00:00+00:00
7756190777599,D1,5,38.0,90.0,52.0,595,366,Likely churned,2023-09-11 16:00:00+00:00,2025-04-28 16:00:00+00:00
6327561027839,D1,3,121.0,508.0,387.0,508,952,Likely churned,2022-04-30 16:00:00+00:00,2023-09-20 16:00:00+00:00
8633602900223,D2,1,,,,0,132,At-risk,2025-12-18 16:00:00+00:00,2025-12-18 16:00:00+00:00
7756483952895,D1,2,91.0,,,91,422,Likely churned,2024-12-02 16:00:00+00:00,2025-03-03 16:00:00+00:00
7307883872511,D5,1,,,,0,702,Likely churned,2024-05-27 16:00:00+00:00,2024-05-27 16:00:00+00:00
7756407505151,D1,4,61.0,67.0,6.0,103,695,Likely churned,2024-02-21 16:00:00+00:00,2024-06-03 16:00:00+00:00
7756033687807,D1,2,51.0,,,51,1440,Likely churned,2022-03-30 16:00:00+00:00,2022-05-20 16:00:00+00:00
7756034703615,D1,2,0.0,,,0,1450,Likely churned,2022-05-10 16:00:00+00:00,2022-05-10 16:00:00+00:00
7249233608959,D5,1,,,,0,730,Likely churned,2024-04-29 16:00:00+00:00,2024-04-29 16:00:00+00:00
7756023890175,D2,2,11.0,,,11,1421,Likely churned,2022-05-28 16:00:00+00:00,2022-06-08 16:00:00+00:00
7756375097599,D1,2,20.0,,,20,981,Likely churned,2023-08-02 16:00:00+00:00,2023-08-22 16:00:00+00:00
8260054483199,D1,2,180.0,,,180,77,Active,2025-08-15 16:00:00+00:00,2026-02-11 16:00:00+00:00
8719946580223,D1,2,7.0,,,7,85,Active,2026-01-27 16:00:00+00:00,2026-02-03 16:00:00+00:00
8721444208895,D2,1,,,,0,91,At-risk,2026-01-28 16:00:00+00:00,2026-01-28 16:00:00+00:00
8344473633023,D3,1,,,,0,218,Likely churned,2025-09-23 16:00:00+00:00,2025-09-23 16:00:00+00:00
7756027887871,D1,3,324.0,546.0,222.0,546,991,Likely churned,2022-02-12 16:00:00+00:00,2023-08-12 16:00:00+00:00
8088279548159,D3,1,,,,0,336,Likely churned,2025-05-28 16:00:00+00:00,2025-05-28 16:00:00+00:00
7756464947455,D1,2,203.0,,,203,387,Likely churned,2024-09-16 16:00:00+00:00,2025-04-07 16:00:00+00:00
8341396881663,D3,1,,,,0,220,Likely churned,2025-09-21 16:00:00+00:00,2025-09-21 16:00:00+00:00
7756030705919,D1,3,847.0,867.0,20.0,867,549,Likely churned,2022-06-13 16:00:00+00:00,2024-10-27 16:00:00+00:00
7756420153599,D4,1,,,,0,706,Likely churned,2024-05-23 16:00:00+00:00,2024-05-23 16:00:00+00:00
7364057563391,D5,1,,,,0,671,Likely churned,2024-06-27 16:00:00+00:00,2024-06-27 16:00:00+00:00
7971533324543,D3,1,,,,0,373,Likely churned,2025-04-21 16:00:00+00:00,2025-04-21 16:00:00+00:00
7756462096639,D1,2,196.0,,,196,409,Likely churned,2024-09-01 16:00:00+00:00,2025-03-16 16:00:00+00:00
7960963154175,D1,2,64.0,,,64,316,Likely churned,2025-04-14 16:00:00+00:00,2025-06-17 16:00:00+00:00
7829214429439,D1,3,28.0,42.0,14.0,42,409,Likely churned,2025-02-02 16:00:00+00:00,2025-03-16 16:00:00+00:00
6327515152639,D1,3,920.0,1106.0,186.0,1106,363,Likely churned,2022-04-21 16:00:00+00:00,2025-05-01 16:00:00+00:00
7756033949951,D4,1,,,,0,1440,Likely churned,2022-05-20 16:00:00+00:00,2022-05-20 16:00:00+00:00
7756421497087,D1,2,186.0,,,186,548,Likely churned,2024-04-25 16:00:00+00:00,2024-10-28 16:00:00+00:00
6327515873535,D1,3,77.0,257.0,180.0,257,1279,Likely churned,2022-02-13 16:00:00+00:00,2022-10-28 16:00:00+00:00
8123952955647,D1,2,274.0,,,274,49,Active,2025-06-10 16:00:00+00:00,2026-03-11 16:00:00+00:00
8488361033983,D2,1,,,,0,180,Likely churned,2025-10-31 16:00:00+00:00,2025-10-31 16:00:00+00:00
8679067418879,D2,1,,,,0,112,At-risk,2026-01-07 16:00:00+00:00,2026-01-07 16:00:00+00:00
8761342951679,D2,1,,,,0,82,Active,2026-02-06 16:00:00+00:00,2026-02-06 16:00:00+00:00
8761387385087,D2,1,,,,0,82,Active,2026-02-06 16:00:00+00:00,2026-02-06 16:00:00+00:00
8478316331263,D1,2,39.0,,,39,146,At-risk,2025-10-26 16:00:00+00:00,2025-12-04 16:00:00+00:00
6423591354623,D5,1,,,,0,1463,Likely churned,2022-04-27 16:00:00+00:00,2022-04-27 16:00:00+00:00
8305762664703,D3,1,,,,0,237,Likely churned,2025-09-04 16:00:00+00:00,2025-09-04 16:00:00+00:00
8373295153407,D2,1,,,,0,203,Likely churned,2025-10-08 16:00:00+00:00,2025-10-08 16:00:00+00:00
8427522457855,D2,1,,,,0,196,Likely churned,2025-10-15 16:00:00+00:00,2025-10-15 16:00:00+00:00
8722679988479,D2,1,,,,0,90,At-risk,2026-01-29 16:00:00+00:00,2026-01-29 16:00:00+00:00
8761739477247,D2,1,,,,0,82,Active,2026-02-06 16:00:00+00:00,2026-02-06 16:00:00+00:00
8858569834751,D2,1,,,,0,42,Active,2026-03-18 16:00:00+00:00,2026-03-18 16:00:00+00:00
8814719992063,D2,1,,,,0,59,Active,2026-03-01 16:00:00+00:00,2026-03-01 16:00:00+00:00
7756008030463,D1,4,269.0,496.0,227.0,608,944,Likely churned,2022-01-28 16:00:00+00:00,2023-09-28 16:00:00+00:00
7756440502527,D4,1,,,,0,669,Likely churned,2024-06-29 16:00:00+00:00,2024-06-29 16:00:00+00:00
8049669374207,D3,1,,,,85,265,Likely churned,2025-05-14 16:00:00+00:00,2025-08-07 16:00:00+00:00
8234630742271,D3,1,,,,0,271,Likely churned,2025-08-01 16:00:00+00:00,2025-08-01 16:00:00+00:00
8244487782655,D3,1,,,,0,265,Likely churned,2025-08-07 16:00:00+00:00,2025-08-07 16:00:00+00:00
8245924004095,D3,1,,,,0,264,Likely churned,2025-08-08 16:00:00+00:00,2025-08-08 16:00:00+00:00
8289397440767,D3,1,,,,0,247,Likely churned,2025-08-25 16:00:00+00:00,2025-08-25 16:00:00+00:00
8298998956287,D3,1,,,,0,241,Likely churned,2025-08-31 16:00:00+00:00,2025-08-31 16:00:00+00:00
8299058594047,D3,1,,,,0,241,Likely churned,2025-08-31 16:00:00+00:00,2025-08-31 16:00:00+00:00
8351296422143,D3,1,,,,0,214,Likely churned,2025-09-27 16:00:00+00:00,2025-09-27 16:00:00+00:00
8354197012735,D3,1,,,,0,211,Likely churned,2025-09-30 16:00:00+00:00,2025-09-30 16:00:00+00:00
8362599383295,D3,1,,,,0,209,Likely churned,2025-10-02 16:00:00+00:00,2025-10-02 16:00:00+00:00
8464926867711,D2,1,,,,0,188,Likely churned,2025-10-23 16:00:00+00:00,2025-10-23 16:00:00+00:00
8488207614207,D2,1,,,,0,180,Likely churned,2025-10-31 16:00:00+00:00,2025-10-31 16:00:00+00:00
8488391901439,D2,1,,,,0,180,Likely churned,2025-10-31 16:00:00+00:00,2025-10-31 16:00:00+00:00
8488870707455,D2,1,,,,0,180,Likely churned,2025-10-31 16:00:00+00:00,2025-10-31 16:00:00+00:00
8618087284991,D2,1,,,,0,136,At-risk,2025-12-14 16:00:00+00:00,2025-12-14 16:00:00+00:00
8705236009215,D2,1,,,,0,100,At-risk,2026-01-19 16:00:00+00:00,2026-01-19 16:00:00+00:00
8242647171327,D1,2,84.0,,,84,182,Likely churned,2025-08-06 16:00:00+00:00,2025-10-29 16:00:00+00:00
6528300384511,D5,1,,,,0,1188,Likely churned,2023-01-27 16:00:00+00:00,2023-01-27 16:00:00+00:00
8488364703999,D2,1,,,,0,180,Likely churned,2025-10-31 16:00:00+00:00,2025-10-31 16:00:00+00:00
7756456820991,D4,1,,,,0,631,Likely churned,2024-08-06 16:00:00+00:00,2024-08-06 16:00:00+00:00
8896736788735,D2,1,,,,0,32,Active,2026-03-28 16:00:00+00:00,2026-03-28 16:00:00+00:00
7671933108479,D5,1,,,,0,514,Likely churned,2024-12-01 16:00:00+00:00,2024-12-01 16:00:00+00:00
8055235969279,D3,1,,,,0,348,Likely churned,2025-05-16 16:00:00+00:00,2025-05-16 16:00:00+00:00
8094545182975,D3,1,,,,0,334,Likely churned,2025-05-30 16:00:00+00:00,2025-05-30 16:00:00+00:00
8161189069055,D3,1,,,,0,308,Likely churned,2025-06-25 16:00:00+00:00,2025-06-25 16:00:00+00:00
8247928389887,D3,1,,,,0,263,Likely churned,2025-08-09 16:00:00+00:00,2025-08-09 16:00:00+00:00
8895815352575,D2,1,,,,0,33,Active,2026-03-27 16:00:00+00:00,2026-03-27 16:00:00+00:00
7756462227711,D1,2,129.0,,,129,476,Likely churned,2024-09-01 16:00:00+00:00,2025-01-08 16:00:00+00:00
8800401883391,D2,1,,,,0,65,Active,2026-02-23 16:00:00+00:00,2026-02-23 16:00:00+00:00
7756199952639,D1,4,28.0,65.0,37.0,354,502,Likely churned,2023-12-25 16:00:00+00:00,2024-12-13 16:00:00+00:00
8304218046719,D1,2,42.0,,,42,196,Likely churned,2025-09-03 16:00:00+00:00,2025-10-15 16:00:00+00:00
7756215746815,D1,2,269.0,,,269,434,Likely churned,2024-05-26 16:00:00+00:00,2025-02-19 16:00:00+00:00
7707724022015,D5,1,,,,0,501,Likely churned,2024-12-14 16:00:00+00:00,2024-12-14 16:00:00+00:00
7723877564671,D5,1,,,,0,475,Likely churned,2025-01-09 16:00:00+00:00,2025-01-09 16:00:00+00:00
7728017015039,D5,1,,,,0,491,Likely churned,2024-12-24 16:00:00+00:00,2024-12-24 16:00:00+00:00
7867022213375,D3,1,,,,0,432,Likely churned,2025-02-21 16:00:00+00:00,2025-02-21 16:00:00+00:00
7977957818623,D3,1,,,,0,369,Likely churned,2025-04-25 16:00:00+00:00,2025-04-25 16:00:00+00:00
8121945030911,D3,1,,,,0,324,Likely churned,2025-06-09 16:00:00+00:00,2025-06-09 16:00:00+00:00
8171262771455,D3,1,,,,0,303,Likely churned,2025-06-30 16:00:00+00:00,2025-06-30 16:00:00+00:00
6423596499199,D2,2,28.0,,,28,1494,Likely churned,2022-02-27 16:00:00+00:00,2022-03-27 16:00:00+00:00
7756409667839,D1,3,180.0,452.0,272.0,452,338,Likely churned,2024-02-29 16:00:00+00:00,2025-05-26 16:00:00+00:00
7756001804543,D1,4,141.0,166.0,25.0,345,1133,Likely churned,2022-04-12 16:00:00+00:00,2023-03-23 16:00:00+00:00
8683550081279,D2,1,,,,0,110,At-risk,2026-01-09 16:00:00+00:00,2026-01-09 16:00:00+00:00
8435695354111,D1,2,5.0,,,5,190,Likely churned,2025-10-16 16:00:00+00:00,2025-10-21 16:00:00+00:00
8393520251135,D2,1,,,,0,201,Likely churned,2025-10-10 16:00:00+00:00,2025-10-10 16:00:00+00:00
7755927912703,D1,4,40.0,95.0,55.0,129,732,Likely churned,2023-12-20 16:00:00+00:00,2024-04-27 16:00:00+00:00
7476608958719,D5,1,,,,0,606,Likely churned,2024-08-31 16:00:00+00:00,2024-08-31 16:00:00+00:00
6327719330047,D2,2,248.0,,,248,1177,Likely churned,2022-06-04 16:00:00+00:00,2023-02-07 16:00:00+00:00
8802529640703,D1,2,28.0,,,28,36,Active,2026-02-24 16:00:00+00:00,2026-03-24 16:00:00+00:00
7756357796095,D1,8,28.0,56.0,28.0,364,762,Likely churned,2023-03-30 16:00:00+00:00,2024-03-28 16:00:00+00:00
8368009117951,D2,1,,,,0,206,Likely churned,2025-10-05 16:00:00+00:00,2025-10-05 16:00:00+00:00
8090152206591,D1,5,3.0,7.0,4.0,27,309,Likely churned,2025-05-28 16:00:00+00:00,2025-06-24 16:00:00+00:00
8767346180351,D2,1,,,,0,79,Active,2026-02-09 16:00:00+00:00,2026-02-09 16:00:00+00:00
6327689543935,D1,3,6.0,46.0,40.0,46,1464,Likely churned,2022-03-11 16:00:00+00:00,2022-04-26 16:00:00+00:00
7756428509439,D1,5,6.0,301.0,295.0,362,346,Likely churned,2024-05-21 16:00:00+00:00,2025-05-18 16:00:00+00:00
7756486672639,D1,5,44.0,85.0,41.0,162,333,Likely churned,2024-12-20 16:00:00+00:00,2025-05-31 16:00:00+00:00
8298977493247,D3,1,,,,0,241,Likely churned,2025-08-31 16:00:00+00:00,2025-08-31 16:00:00+00:00
8841594208511,D2,1,,,,0,49,Active,2026-03-11 16:00:00+00:00,2026-03-11 16:00:00+00:00
8898839871743,D2,1,,,,0,32,Active,2026-03-28 16:00:00+00:00,2026-03-28 16:00:00+00:00
6329694552319,D5,1,,,,0,34,Active,2026-03-26 16:00:00+00:00,2026-03-26 16:00:00+00:00
8796338585855,D2,1,,,,0,67,Active,2026-02-21 16:00:00+00:00,2026-02-21 16:00:00+00:00
7756468519167,D4,1,,,,0,579,Likely churned,2024-09-27 16:00:00+00:00,2024-09-27 16:00:00+00:00
8310473425151,D3,1,,,,0,235,Likely churned,2025-09-06 16:00:00+00:00,2025-09-06 16:00:00+00:00
6327614800127,D5,1,,,,0,1415,Likely churned,2022-06-14 16:00:00+00:00,2022-06-14 16:00:00+00:00
8748175589631,D2,1,,,,0,85,Active,2026-02-03 16:00:00+00:00,2026-02-03 16:00:00+00:00
7756378931455,D1,3,28.0,47.0,19.0,47,925,Likely churned,2023-08-31 16:00:00+00:00,2023-10-17 16:00:00+00:00
8289248674047,D3,1,,,,0,247,Likely churned,2025-08-25 16:00:00+00:00,2025-08-25 16:00:00+00:00
8097477132543,D3,1,,,,0,332,Likely churned,2025-06-01 16:00:00+00:00,2025-06-01 16:00:00+00:00
7168840892671,D5,1,,,,0,756,Likely churned,2024-04-03 16:00:00+00:00,2024-04-03 16:00:00+00:00
7756414091519,D1,2,67.0,,,67,700,Likely churned,2024-03-23 16:00:00+00:00,2024-05-29 16:00:00+00:00
8759001809151,D2,1,,,,0,83,Active,2026-02-05 16:00:00+00:00,2026-02-05 16:00:00+00:00
8767300337919,D2,1,,,,0,79,Active,2026-02-09 16:00:00+00:00,2026-02-09 16:00:00+00:00
8796446458111,D2,1,,,,0,67,Active,2026-02-21 16:00:00+00:00,2026-02-21 16:00:00+00:00
6327696425215,D5,1,,,,0,1122,Likely churned,2023-04-03 16:00:00+00:00,2023-04-03 16:00:00+00:00
6644955775231,D1,3,64.0,468.0,404.0,468,1104,Likely churned,2022-01-08 16:00:00+00:00,2023-04-21 16:00:00+00:00
8791594074367,D2,1,,,,0,69,Active,2026-02-19 16:00:00+00:00,2026-02-19 16:00:00+00:00
6336720011519,D5,1,,,,0,1427,Likely churned,2022-06-02 16:00:00+00:00,2022-06-02 16:00:00+00:00
7756263817471,D1,2,5.0,,,5,1205,Likely churned,2023-01-05 16:00:00+00:00,2023-01-10 16:00:00+00:00
7756430213375,D1,4,78.0,120.0,42.0,136,567,Likely churned,2024-05-26 16:00:00+00:00,2024-10-09 16:00:00+00:00
6336694845695,D5,1,,,,0,1523,Likely churned,2022-02-26 16:00:00+00:00,2022-02-26 16:00:00+00:00
6532495900927,D2,2,395.0,,,395,383,Likely churned,2024-03-12 16:00:00+00:00,2025-04-11 16:00:00+00:00
8763296612607,D1,2,4.0,,,4,77,Active,2026-02-07 16:00:00+00:00,2026-02-11 16:00:00+00:00
7756000788735,D2,2,5.0,,,5,1313,Likely churned,2022-09-19 16:00:00+00:00,2022-09-24 16:00:00+00:00
8445726687487,D2,1,,,,0,192,Likely churned,2025-10-19 16:00:00+00:00,2025-10-19 16:00:00+00:00
6329625379071,D5,1,,,,0,762,Likely churned,2024-03-28 16:00:00+00:00,2024-03-28 16:00:00+00:00
7756439683327,D1,2,169.0,,,169,502,Likely churned,2024-06-27 16:00:00+00:00,2024-12-13 16:00:00+00:00
8415875727615,D2,1,,,,0,197,Likely churned,2025-10-14 16:00:00+00:00,2025-10-14 16:00:00+00:00
7755919819007,D2,2,0.0,,,0,1356,Likely churned,2022-08-12 16:00:00+00:00,2022-08-12 16:00:00+00:00
6327761830143,D2,2,27.0,,,27,1461,Likely churned,2022-04-02 16:00:00+00:00,2022-04-29 16:00:00+00:00
7756430180607,D1,2,93.0,,,93,610,Likely churned,2024-05-26 16:00:00+00:00,2024-08-27 16:00:00+00:00
8147523043583,D3,1,,,,0,313,Likely churned,2025-06-20 16:00:00+00:00,2025-06-20 16:00:00+00:00
6336692224255,D5,1,,,,0,1176,Likely churned,2023-02-08 16:00:00+00:00,2023-02-08 16:00:00+00:00
6644271644927,D2,2,123.0,,,123,982,Likely churned,2023-04-20 16:00:00+00:00,2023-08-21 16:00:00+00:00
7304430321919,D2,2,47.0,,,47,622,Likely churned,2024-06-29 16:00:00+00:00,2024-08-15 16:00:00+00:00
6716826288383,D5,1,,,,0,1038,Likely churned,2023-06-26 16:00:00+00:00,2023-06-26 16:00:00+00:00
7756027429119,D1,3,4.0,264.0,260.0,264,1205,Likely churned,2022-04-21 16:00:00+00:00,2023-01-10 16:00:00+00:00
7946949165311,D1,2,55.0,,,55,332,Likely churned,2025-04-07 16:00:00+00:00,2025-06-01 16:00:00+00:00
8015956279551,D1,2,49.0,,,49,311,Likely churned,2025-05-04 16:00:00+00:00,2025-06-22 16:00:00+00:00
8035905110271,D1,2,84.0,,,84,270,Likely churned,2025-05-10 16:00:00+00:00,2025-08-02 16:00:00+00:00
8079432679679,D1,2,112.0,,,112,227,Likely churned,2025-05-25 16:00:00+00:00,2025-09-14 16:00:00+00:00
8082604687615,D1,2,30.0,,,30,308,Likely churned,2025-05-26 16:00:00+00:00,2025-06-25 16:00:00+00:00
8115150946559,D3,1,,,,0,326,Likely churned,2025-06-07 16:00:00+00:00,2025-06-07 16:00:00+00:00
8119165911295,D3,1,,,,0,324,Likely churned,2025-06-09 16:00:00+00:00,2025-06-09 16:00:00+00:00
8459023909119,D2,1,,,,0,79,Active,2026-02-09 16:00:00+00:00,2026-02-09 16:00:00+00:00
8763046232319,D2,1,,,,0,81,Active,2026-02-07 16:00:00+00:00,2026-02-07 16:00:00+00:00
8765608427775,D2,1,,,,0,80,Active,2026-02-08 16:00:00+00:00,2026-02-08 16:00:00+00:00
8780621709567,D2,1,,,,0,74,Active,2026-02-14 16:00:00+00:00,2026-02-14 16:00:00+00:00
8800267174143,D2,1,,,,0,65,Active,2026-02-23 16:00:00+00:00,2026-02-23 16:00:00+00:00
8811190157567,D2,1,,,,0,61,Active,2026-02-27 16:00:00+00:00,2026-02-27 16:00:00+00:00
8885362819327,D2,1,,,,0,34,Active,2026-03-26 16:00:00+00:00,2026-03-26 16:00:00+00:00
8856763826431,D2,1,,,,0,43,Active,2026-03-17 16:00:00+00:00,2026-03-17 16:00:00+00:00
8800596754687,D2,1,,,,0,65,Active,2026-02-23 16:00:00+00:00,2026-02-23 16:00:00+00:00
7756485656831,D4,1,,,,0,494,Likely churned,2024-12-21 16:00:00+00:00,2024-12-21 16:00:00+00:00
7756037128447,D1,2,0.0,,,0,1472,Likely churned,2022-04-18 16:00:00+00:00,2022-04-18 16:00:00+00:00
8708128473343,D2,1,,,,0,98,At-risk,2026-01-21 16:00:00+00:00,2026-01-21 16:00:00+00:00
7845454479615,D3,1,,,,0,355,Likely churned,2025-05-09 16:00:00+00:00,2025-05-09 16:00:00+00:00
8867118907647,D2,1,,,,0,39,Active,2026-03-21 16:00:00+00:00,2026-03-21 16:00:00+00:00
7756469010687,D1,2,28.0,,,28,550,Likely churned,2024-09-28 16:00:00+00:00,2024-10-26 16:00:00+00:00
7756461244671,D1,3,62.0,202.0,140.0,202,407,Likely churned,2024-08-28 16:00:00+00:00,2025-03-18 16:00:00+00:00
7756462326015,D1,2,203.0,,,203,401,Likely churned,2024-09-02 16:00:00+00:00,2025-03-24 16:00:00+00:00
7756038373631,D1,3,0.0,0.0,0.0,0,1488,Likely churned,2022-04-02 16:00:00+00:00,2022-04-02 16:00:00+00:00
6327673618687,D2,2,0.0,,,0,1439,Likely churned,2022-05-21 16:00:00+00:00,2022-05-21 16:00:00+00:00
7756440305919,D1,3,50.0,93.0,43.0,93,576,Likely churned,2024-06-29 16:00:00+00:00,2024-09-30 16:00:00+00:00
6328281137407,D1,4,50.0,134.0,84.0,213,49,Active,2025-08-10 16:00:00+00:00,2026-03-11 16:00:00+00:00
7312284057855,D5,1,,,,0,700,Likely churned,2024-05-29 16:00:00+00:00,2024-05-29 16:00:00+00:00
7756396921087,D1,7,125.0,167.0,42.0,522,354,Likely churned,2023-12-05 16:00:00+00:00,2025-05-10 16:00:00+00:00
8094505500927,D3,1,,,,0,334,Likely churned,2025-05-30 16:00:00+00:00,2025-05-30 16:00:00+00:00
8226074820863,D3,1,,,,0,261,Likely churned,2025-08-11 16:00:00+00:00,2025-08-11 16:00:00+00:00
8715066867967,D1,2,12.0,,,12,82,Active,2026-01-25 16:00:00+00:00,2026-02-06 16:00:00+00:00
6929385324799,D5,1,,,,0,875,Likely churned,2023-12-06 16:00:00+00:00,2023-12-06 16:00:00+00:00
7886223180031,D3,1,,,,0,422,Likely churned,2025-03-03 16:00:00+00:00,2025-03-03 16:00:00+00:00
8144255942911,D1,2,267.0,,,267,47,Active,2025-06-19 16:00:00+00:00,2026-03-13 16:00:00+00:00
7756363104511,D1,4,56.0,112.0,56.0,112,946,Likely churned,2023-06-06 16:00:00+00:00,2023-09-26 16:00:00+00:00
8293395071231,D3,1,,,,0,245,Likely churned,2025-08-27 16:00:00+00:00,2025-08-27 16:00:00+00:00
7107881697535,D5,1,,,,0,788,Likely churned,2024-03-02 16:00:00+00:00,2024-03-02 16:00:00+00:00
7055525249279,D5,1,,,,0,813,Likely churned,2024-02-06 16:00:00+00:00,2024-02-06 16:00:00+00:00
8837740986623,D2,1,,,,0,51,Active,2026-03-09 16:00:00+00:00,2026-03-09 16:00:00+00:00
7756376637695,D4,1,,,,0,985,Likely churned,2023-08-18 16:00:00+00:00,2023-08-18 16:00:00+00:00
8482740830463,D2,1,,,,0,183,Likely churned,2025-10-28 16:00:00+00:00,2025-10-28 16:00:00+00:00
8687142535423,D2,1,,,,0,108,At-risk,2026-01-11 16:00:00+00:00,2026-01-11 16:00:00+00:00
8312613896447,D3,1,,,,0,234,Likely churned,2025-09-07 16:00:00+00:00,2025-09-07 16:00:00+00:00
7929521078527,D1,3,17.0,51.0,34.0,51,347,Likely churned,2025-03-27 16:00:00+00:00,2025-05-17 16:00:00+00:00
8241444520191,D3,1,,,,0,267,Likely churned,2025-08-05 16:00:00+00:00,2025-08-05 16:00:00+00:00
8248092655871,D3,1,,,,0,263,Likely churned,2025-08-09 16:00:00+00:00,2025-08-09 16:00:00+00:00
8422907248895,D2,1,,,,0,195,Likely churned,2025-10-16 16:00:00+00:00,2025-10-16 16:00:00+00:00
8716791546111,D2,1,,,,0,94,At-risk,2026-01-25 16:00:00+00:00,2026-01-25 16:00:00+00:00
8717736640767,D2,1,,,,0,93,At-risk,2026-01-26 16:00:00+00:00,2026-01-26 16:00:00+00:00
8794639859967,D2,1,,,,0,68,Active,2026-02-20 16:00:00+00:00,2026-02-20 16:00:00+00:00
6554631667967,D1,5,18.0,102.0,84.0,561,607,Likely churned,2023-02-16 16:00:00+00:00,2024-08-30 16:00:00+00:00
8349350920447,D3,1,,,,0,215,Likely churned,2025-09-26 16:00:00+00:00,2025-09-26 16:00:00+00:00
7829412086015,D3,1,,,,0,1175,Likely churned,2023-02-09 16:00:00+00:00,2023-02-09 16:00:00+00:00
7206147490047,D5,1,,,,0,743,Likely churned,2024-04-16 16:00:00+00:00,2024-04-16 16:00:00+00:00
6328275697919,D5,1,,,,0,1419,Likely churned,2022-06-10 16:00:00+00:00,2022-06-10 16:00:00+00:00
8899717791999,D2,1,,,,0,32,Active,2026-03-28 16:00:00+00:00,2026-03-28 16:00:00+00:00
7829327184127,D3,1,,,,0,219,Likely churned,2025-09-22 16:00:00+00:00,2025-09-22 16:00:00+00:00
7756430803199,D4,1,,,,0,701,Likely churned,2024-05-28 16:00:00+00:00,2024-05-28 16:00:00+00:00
7756465570047,D4,1,,,,0,588,Likely churned,2024-09-18 16:00:00+00:00,2024-09-18 16:00:00+00:00
8288888717567,D3,1,,,,0,247,Likely churned,2025-08-25 16:00:00+00:00,2025-08-25 16:00:00+00:00
6532515332351,D1,3,30.0,249.0,219.0,249,971,Likely churned,2022-12-26 16:00:00+00:00,2023-09-01 16:00:00+00:00
7755935547647,D5,1,,,,0,1339,Likely churned,2022-08-29 16:00:00+00:00,2022-08-29 16:00:00+00:00
7755918934271,D1,3,44.0,44.0,0.0,44,1481,Likely churned,2022-02-24 16:00:00+00:00,2022-04-09 16:00:00+00:00
6352858775807,D5,1,,,,0,607,Likely churned,2024-08-30 16:00:00+00:00,2024-08-30 16:00:00+00:00
7471355822335,D5,1,,,,0,609,Likely churned,2024-08-28 16:00:00+00:00,2024-08-28 16:00:00+00:00
7471389180159,D5,1,,,,0,609,Likely churned,2024-08-28 16:00:00+00:00,2024-08-28 16:00:00+00:00
7471478767871,D5,1,,,,0,609,Likely churned,2024-08-28 16:00:00+00:00,2024-08-28 16:00:00+00:00
7471875326207,D5,1,,,,0,608,Likely churned,2024-08-29 16:00:00+00:00,2024-08-29 16:00:00+00:00
7475184992511,D2,2,1.0,,,1,606,Likely churned,2024-08-30 16:00:00+00:00,2024-08-31 16:00:00+00:00
7475289653503,D5,1,,,,0,607,Likely churned,2024-08-30 16:00:00+00:00,2024-08-30 16:00:00+00:00
7475301023999,D5,1,,,,0,607,Likely churned,2024-08-30 16:00:00+00:00,2024-08-30 16:00:00+00:00
7475340181759,D5,1,,,,0,607,Likely churned,2024-08-30 16:00:00+00:00,2024-08-30 16:00:00+00:00
7475370459391,D5,1,,,,0,607,Likely churned,2024-08-30 16:00:00+00:00,2024-08-30 16:00:00+00:00
7475447496959,D5,1,,,,0,607,Likely churned,2024-08-30 16:00:00+00:00,2024-08-30 16:00:00+00:00
7475480199423,D5,1,,,,0,607,Likely churned,2024-08-30 16:00:00+00:00,2024-08-30 16:00:00+00:00
7475531383039,D5,1,,,,0,607,Likely churned,2024-08-30 16:00:00+00:00,2024-08-30 16:00:00+00:00
7476462551295,D5,1,,,,0,606,Likely churned,2024-08-31 16:00:00+00:00,2024-08-31 16:00:00+00:00
7476558364927,D5,1,,,,0,606,Likely churned,2024-08-31 16:00:00+00:00,2024-08-31 16:00:00+00:00
7476578058495,D5,1,,,,0,606,Likely churned,2024-08-31 16:00:00+00:00,2024-08-31 16:00:00+00:00
7476629799167,D5,1,,,,0,606,Likely churned,2024-08-31 16:00:00+00:00,2024-08-31 16:00:00+00:00
7476681769215,D5,1,,,,0,606,Likely churned,2024-08-31 16:00:00+00:00,2024-08-31 16:00:00+00:00
7476753400063,D5,1,,,,0,606,Likely churned,2024-08-31 16:00:00+00:00,2024-08-31 16:00:00+00:00
7476778959103,D5,1,,,,0,606,Likely churned,2024-08-31 16:00:00+00:00,2024-08-31 16:00:00+00:00
7476805697791,D5,1,,,,0,606,Likely churned,2024-08-31 16:00:00+00:00,2024-08-31 16:00:00+00:00
7476822147327,D5,1,,,,0,606,Likely churned,2024-08-31 16:00:00+00:00,2024-08-31 16:00:00+00:00
7476840038655,D2,2,0.0,,,0,606,Likely churned,2024-08-31 16:00:00+00:00,2024-08-31 16:00:00+00:00
7476875067647,D5,1,,,,0,606,Likely churned,2024-08-31 16:00:00+00:00,2024-08-31 16:00:00+00:00
7476880802047,D5,1,,,,0,606,Likely churned,2024-08-31 16:00:00+00:00,2024-08-31 16:00:00+00:00
7476882833663,D5,1,,,,0,606,Likely churned,2024-08-31 16:00:00+00:00,2024-08-31 16:00:00+00:00
7476927922431,D5,1,,,,0,606,Likely churned,2024-08-31 16:00:00+00:00,2024-08-31 16:00:00+00:00
7476928381183,D5,1,,,,0,606,Likely churned,2024-08-31 16:00:00+00:00,2024-08-31 16:00:00+00:00
7493685543167,D5,1,,,,0,595,Likely churned,2024-09-11 16:00:00+00:00,2024-09-11 16:00:00+00:00
7756486443263,D4,1,,,,0,498,Likely churned,2024-12-17 16:00:00+00:00,2024-12-17 16:00:00+00:00
7756474777855,D4,1,,,,0,560,Likely churned,2024-10-16 16:00:00+00:00,2024-10-16 16:00:00+00:00
6424475828479,D5,1,,,,0,627,Likely churned,2024-08-10 16:00:00+00:00,2024-08-10 16:00:00+00:00
8109213352191,D1,2,57.0,,,57,271,Likely churned,2025-06-05 16:00:00+00:00,2025-08-01 16:00:00+00:00
6329714376959,D2,2,2.0,,,2,1465,Likely churned,2022-04-23 16:00:00+00:00,2022-04-25 16:00:00+00:00
6423592337663,D2,2,94.0,,,94,1467,Likely churned,2022-01-19 16:00:00+00:00,2022-04-23 16:00:00+00:00
8343827972351,D3,1,,,,0,218,Likely churned,2025-09-23 16:00:00+00:00,2025-09-23 16:00:00+00:00
8111806447871,D3,1,,,,0,327,Likely churned,2025-06-06 16:00:00+00:00,2025-06-06 16:00:00+00:00
7756434899199,D1,2,12.0,,,12,680,Likely churned,2024-06-06 16:00:00+00:00,2024-06-18 16:00:00+00:00
7756466061567,D4,1,,,,0,586,Likely churned,2024-09-20 16:00:00+00:00,2024-09-20 16:00:00+00:00
8902720225535,D2,1,,,,0,31,Active,2026-03-29 16:00:00+00:00,2026-03-29 16:00:00+00:00
7476727906559,D2,2,12.0,,,12,594,Likely churned,2024-08-31 16:00:00+00:00,2024-09-12 16:00:00+00:00
7484961325311,D5,1,,,,0,598,Likely churned,2024-09-08 16:00:00+00:00,2024-09-08 16:00:00+00:00
7489532428543,D5,1,,,,0,598,Likely churned,2024-09-08 16:00:00+00:00,2024-09-08 16:00:00+00:00
6336760447231,D2,2,71.0,,,71,1413,Likely churned,2022-04-06 16:00:00+00:00,2022-06-16 16:00:00+00:00
7756181373183,D4,1,,,,0,31,Active,2026-03-29 16:00:00+00:00,2026-03-29 16:00:00+00:00
8259196453119,D3,1,,,,0,258,Likely churned,2025-08-14 16:00:00+00:00,2025-08-14 16:00:00+00:00
6532515561727,D1,3,418.0,533.0,115.0,533,672,Likely churned,2023-01-10 16:00:00+00:00,2024-06-26 16:00:00+00:00
7843278913791,D1,2,20.0,,,20,423,Likely churned,2025-02-10 16:00:00+00:00,2025-03-02 16:00:00+00:00
7845034328319,D3,1,,,,0,441,Likely churned,2025-02-12 16:00:00+00:00,2025-02-12 16:00:00+00:00
7878869090559,D3,1,,,,0,427,Likely churned,2025-02-26 16:00:00+00:00,2025-02-26 16:00:00+00:00
8161186349311,D3,1,,,,0,308,Likely churned,2025-06-25 16:00:00+00:00,2025-06-25 16:00:00+00:00
8170778689791,D3,1,,,,0,303,Likely churned,2025-06-30 16:00:00+00:00,2025-06-30 16:00:00+00:00
8312130797823,D3,1,,,,0,234,Likely churned,2025-09-07 16:00:00+00:00,2025-09-07 16:00:00+00:00
8277078343935,D3,1,,,,0,248,Likely churned,2025-08-24 16:00:00+00:00,2025-08-24 16:00:00+00:00
8790289252607,D2,1,,,,0,70,Active,2026-02-18 16:00:00+00:00,2026-02-18 16:00:00+00:00
6327629250815,D5,1,,,,0,1207,Likely churned,2023-01-08 16:00:00+00:00,2023-01-08 16:00:00+00:00
6616314282239,D1,8,28.0,56.0,28.0,262,869,Likely churned,2023-03-25 16:00:00+00:00,2023-12-12 16:00:00+00:00
8633915900159,D1,2,53.0,,,53,79,Active,2025-12-18 16:00:00+00:00,2026-02-09 16:00:00+00:00
8731505590527,D2,1,,,,0,66,Active,2026-02-22 16:00:00+00:00,2026-02-22 16:00:00+00:00
8779021549823,D2,1,,,,0,75,Active,2026-02-13 16:00:00+00:00,2026-02-13 16:00:00+00:00
8785318707455,D2,1,,,,0,72,Active,2026-02-16 16:00:00+00:00,2026-02-16 16:00:00+00:00
8798376165631,D2,1,,,,0,66,Active,2026-02-22 16:00:00+00:00,2026-02-22 16:00:00+00:00
7125782331647,D5,1,,,,0,740,Likely churned,2024-04-19 16:00:00+00:00,2024-04-19 16:00:00+00:00
7126219489535,D5,1,,,,0,777,Likely churned,2024-03-13 16:00:00+00:00,2024-03-13 16:00:00+00:00
7151788130559,D5,1,,,,0,765,Likely churned,2024-03-25 16:00:00+00:00,2024-03-25 16:00:00+00:00
7154295111935,D5,1,,,,0,759,Likely churned,2024-03-31 16:00:00+00:00,2024-03-31 16:00:00+00:00
7154553553151,D5,1,,,,0,763,Likely churned,2024-03-27 16:00:00+00:00,2024-03-27 16:00:00+00:00
7155253117183,D5,1,,,,0,762,Likely churned,2024-03-28 16:00:00+00:00,2024-03-28 16:00:00+00:00
7155442090239,D5,1,,,,0,760,Likely churned,2024-03-30 16:00:00+00:00,2024-03-30 16:00:00+00:00
7158892429567,D5,1,,,,0,759,Likely churned,2024-03-31 16:00:00+00:00,2024-03-31 16:00:00+00:00
7168931725567,D5,1,,,,0,756,Likely churned,2024-04-03 16:00:00+00:00,2024-04-03 16:00:00+00:00
7182578843903,D5,1,,,,0,738,Likely churned,2024-04-21 16:00:00+00:00,2024-04-21 16:00:00+00:00
7218224693503,D5,1,,,,0,743,Likely churned,2024-04-16 16:00:00+00:00,2024-04-16 16:00:00+00:00
7241275932927,D5,1,,,,0,736,Likely churned,2024-04-23 16:00:00+00:00,2024-04-23 16:00:00+00:00
7252347551999,D5,1,,,,0,732,Likely churned,2024-04-27 16:00:00+00:00,2024-04-27 16:00:00+00:00
7252477477119,D5,1,,,,0,732,Likely churned,2024-04-27 16:00:00+00:00,2024-04-27 16:00:00+00:00
7279632613631,D5,1,,,,0,700,Likely churned,2024-05-29 16:00:00+00:00,2024-05-29 16:00:00+00:00
7308613058815,D5,1,,,,0,702,Likely churned,2024-05-27 16:00:00+00:00,2024-05-27 16:00:00+00:00
7316711014655,D5,1,,,,0,697,Likely churned,2024-06-01 16:00:00+00:00,2024-06-01 16:00:00+00:00
7434780836095,D5,1,,,,0,630,Likely churned,2024-08-07 16:00:00+00:00,2024-08-07 16:00:00+00:00
7446789619967,D5,1,,,,0,621,Likely churned,2024-08-16 16:00:00+00:00,2024-08-16 16:00:00+00:00
8029078454527,D3,1,,,,0,44,Active,2026-03-16 16:00:00+00:00,2026-03-16 16:00:00+00:00
8721983963391,D2,1,,,,0,91,At-risk,2026-01-28 16:00:00+00:00,2026-01-28 16:00:00+00:00
8854738862335,D2,1,,,,0,44,Active,2026-03-16 16:00:00+00:00,2026-03-16 16:00:00+00:00
8875121836287,D2,1,,,,0,37,Active,2026-03-23 16:00:00+00:00,2026-03-23 16:00:00+00:00
8325712871679,D3,1,,,,0,229,Likely churned,2025-09-12 16:00:00+00:00,2025-09-12 16:00:00+00:00
7756477628671,D1,2,84.0,,,84,461,Likely churned,2024-10-31 16:00:00+00:00,2025-01-23 16:00:00+00:00
7308139725055,D5,1,,,,0,702,Likely churned,2024-05-27 16:00:00+00:00,2024-05-27 16:00:00+00:00
7311522038015,D5,1,,,,0,700,Likely churned,2024-05-29 16:00:00+00:00,2024-05-29 16:00:00+00:00
8789820375295,D2,1,,,,0,70,Active,2026-02-18 16:00:00+00:00,2026-02-18 16:00:00+00:00
7891339510015,D3,1,,,,0,418,Likely churned,2025-03-07 16:00:00+00:00,2025-03-07 16:00:00+00:00
7756038308095,D4,1,,,,0,1487,Likely churned,2022-04-03 16:00:00+00:00,2022-04-03 16:00:00+00:00
7756033720575,D4,1,,,,0,1439,Likely churned,2022-05-21 16:00:00+00:00,2022-05-21 16:00:00+00:00
7312475947263,D5,1,,,,0,607,Likely churned,2024-08-30 16:00:00+00:00,2024-08-30 16:00:00+00:00
7475199344895,D5,1,,,,0,607,Likely churned,2024-08-30 16:00:00+00:00,2024-08-30 16:00:00+00:00
7477933015295,D5,1,,,,0,605,Likely churned,2024-09-01 16:00:00+00:00,2024-09-01 16:00:00+00:00
7877314773247,D3,1,,,,0,428,Likely churned,2025-02-25 16:00:00+00:00,2025-02-25 16:00:00+00:00
7894442672383,D1,2,39.0,,,39,376,Likely churned,2025-03-10 16:00:00+00:00,2025-04-18 16:00:00+00:00
7967067177215,D1,2,73.0,,,73,303,Likely churned,2025-04-18 16:00:00+00:00,2025-06-30 16:00:00+00:00
8165022564607,D3,1,,,,0,306,Likely churned,2025-06-27 16:00:00+00:00,2025-06-27 16:00:00+00:00
8166847676671,D3,1,,,,0,305,Likely churned,2025-06-28 16:00:00+00:00,2025-06-28 16:00:00+00:00
8166912459007,D3,1,,,,0,305,Likely churned,2025-06-28 16:00:00+00:00,2025-06-28 16:00:00+00:00
8337704026367,D3,1,,,,0,222,Likely churned,2025-09-19 16:00:00+00:00,2025-09-19 16:00:00+00:00
8000261095679,D3,1,,,,0,363,Likely churned,2025-05-01 16:00:00+00:00,2025-05-01 16:00:00+00:00
7756033458431,D4,1,,,,0,1438,Likely churned,2022-05-22 16:00:00+00:00,2022-05-22 16:00:00+00:00
7944904311039,D3,1,,,,0,389,Likely churned,2025-04-05 16:00:00+00:00,2025-04-05 16:00:00+00:00
8875701960959,D2,1,,,,0,37,Active,2026-03-23 16:00:00+00:00,2026-03-23 16:00:00+00:00
7516977463551,D5,1,,,,0,581,Likely churned,2024-09-25 16:00:00+00:00,2024-09-25 16:00:00+00:00
8077416464639,D3,1,,,,0,340,Likely churned,2025-05-24 16:00:00+00:00,2025-05-24 16:00:00+00:00
8904738275583,D2,1,,,,0,30,Active,2026-03-30 16:00:00+00:00,2026-03-30 16:00:00+00:00
7476861501695,D2,2,0.0,,,0,606,Likely churned,2024-08-31 16:00:00+00:00,2024-08-31 16:00:00+00:00
7480472994047,D5,1,,,,0,604,Likely churned,2024-09-02 16:00:00+00:00,2024-09-02 16:00:00+00:00
7490946433279,D5,1,,,,0,596,Likely churned,2024-09-10 16:00:00+00:00,2024-09-10 16:00:00+00:00
8407616291071,D2,1,,,,0,198,Likely churned,2025-10-13 16:00:00+00:00,2025-10-13 16:00:00+00:00
8093656678655,D3,1,,,,0,334,Likely churned,2025-05-30 16:00:00+00:00,2025-05-30 16:00:00+00:00
7755946361087,D5,1,,,,0,1364,Likely churned,2022-08-04 16:00:00+00:00,2022-08-04 16:00:00+00:00
7756487655679,D1,4,42.0,87.0,45.0,126,362,Likely churned,2024-12-27 16:00:00+00:00,2025-05-02 16:00:00+00:00
8817306009855,D2,1,,,,0,58,Active,2026-03-02 16:00:00+00:00,2026-03-02 16:00:00+00:00
8311560995071,D1,2,23.0,,,23,211,Likely churned,2025-09-07 16:00:00+00:00,2025-09-30 16:00:00+00:00
7755925487871,D1,4,16.0,16.0,0.0,230,1340,Likely churned,2022-01-10 16:00:00+00:00,2022-08-28 16:00:00+00:00
7847033995519,D3,1,,,,0,440,Likely churned,2025-02-13 16:00:00+00:00,2025-02-13 16:00:00+00:00
7251086573823,D5,1,,,,0,733,Likely churned,2024-04-26 16:00:00+00:00,2024-04-26 16:00:00+00:00
7363427959039,D5,1,,,,0,671,Likely churned,2024-06-27 16:00:00+00:00,2024-06-27 16:00:00+00:00
8820475494655,D1,2,26.0,,,26,31,Active,2026-03-03 16:00:00+00:00,2026-03-29 16:00:00+00:00
7148373213439,D5,1,,,,0,766,Likely churned,2024-03-24 16:00:00+00:00,2024-03-24 16:00:00+00:00
7257876594943,D5,1,,,,0,729,Likely churned,2024-04-30 16:00:00+00:00,2024-04-30 16:00:00+00:00
7294782996735,D5,1,,,,0,710,Likely churned,2024-05-19 16:00:00+00:00,2024-05-19 16:00:00+00:00
7313721196799,D5,1,,,,0,699,Likely churned,2024-05-30 16:00:00+00:00,2024-05-30 16:00:00+00:00
8143262155007,D3,1,,,,0,314,Likely churned,2025-06-19 16:00:00+00:00,2025-06-19 16:00:00+00:00
7756019335423,D2,2,0.0,,,0,1361,Likely churned,2022-08-07 16:00:00+00:00,2022-08-07 16:00:00+00:00
7306157261055,D5,1,,,,0,704,Likely churned,2024-05-25 16:00:00+00:00,2024-05-25 16:00:00+00:00
7567909912831,D5,1,,,,0,562,Likely churned,2024-10-14 16:00:00+00:00,2024-10-14 16:00:00+00:00
7756266242303,D4,1,,,,0,1194,Likely churned,2023-01-21 16:00:00+00:00,2023-01-21 16:00:00+00:00
8286039703807,D3,1,,,,0,248,Likely churned,2025-08-24 16:00:00+00:00,2025-08-24 16:00:00+00:00
7230763499775,D5,1,,,,0,738,Likely churned,2024-04-21 16:00:00+00:00,2024-04-21 16:00:00+00:00
8341214560511,D3,1,,,,0,112,At-risk,2026-01-07 16:00:00+00:00,2026-01-07 16:00:00+00:00
7955058655487,D1,2,270.0,,,270,114,At-risk,2025-04-10 16:00:00+00:00,2026-01-05 16:00:00+00:00
8338561401087,D3,1,,,,0,221,Likely churned,2025-09-20 16:00:00+00:00,2025-09-20 16:00:00+00:00
8698453983487,D1,2,21.0,,,21,82,Active,2026-01-16 16:00:00+00:00,2026-02-06 16:00:00+00:00
8035262234879,D3,1,,,,0,353,Likely churned,2025-05-11 16:00:00+00:00,2025-05-11 16:00:00+00:00
8125883908351,D3,1,,,,0,322,Likely churned,2025-06-11 16:00:00+00:00,2025-06-11 16:00:00+00:00
7884680397055,D3,1,,,,0,399,Likely churned,2025-03-26 16:00:00+00:00,2025-03-26 16:00:00+00:00
7523193225471,D5,1,,,,0,577,Likely churned,2024-09-29 16:00:00+00:00,2024-09-29 16:00:00+00:00
8811892932863,D2,1,,,,0,61,Active,2026-02-27 16:00:00+00:00,2026-02-27 16:00:00+00:00
7756398035199,D1,3,180.0,492.0,312.0,492,370,Likely churned,2023-12-19 16:00:00+00:00,2025-04-24 16:00:00+00:00
8726668050687,D1,2,42.0,,,42,47,Active,2026-01-30 16:00:00+00:00,2026-03-13 16:00:00+00:00
7756464783615,D1,2,37.0,,,37,554,Likely churned,2024-09-15 16:00:00+00:00,2024-10-22 16:00:00+00:00
7756418941183,D1,2,7.0,,,7,736,Likely churned,2024-04-16 16:00:00+00:00,2024-04-23 16:00:00+00:00
8828478980351,D2,1,,,,0,55,Active,2026-03-05 16:00:00+00:00,2026-03-05 16:00:00+00:00
7756433883391,D1,2,87.0,,,87,610,Likely churned,2024-06-01 16:00:00+00:00,2024-08-27 16:00:00+00:00
8133545754879,D3,1,,,,0,319,Likely churned,2025-06-14 16:00:00+00:00,2025-06-14 16:00:00+00:00
6329860260095,D5,1,,,,0,1567,Likely churned,2022-01-13 16:00:00+00:00,2022-01-13 16:00:00+00:00
8731388903679,D2,1,,,,0,86,Active,2026-02-02 16:00:00+00:00,2026-02-02 16:00:00+00:00
7756408750335,D4,1,,,,0,799,Likely churned,2024-02-20 16:00:00+00:00,2024-02-20 16:00:00+00:00
7756411470079,D4,1,,,,0,779,Likely churned,2024-03-11 16:00:00+00:00,2024-03-11 16:00:00+00:00
7756415303935,D4,1,,,,0,760,Likely churned,2024-03-30 16:00:00+00:00,2024-03-30 16:00:00+00:00
7756421595391,D4,1,,,,0,734,Likely churned,2024-04-25 16:00:00+00:00,2024-04-25 16:00:00+00:00
7756421726463,D4,1,,,,0,733,Likely churned,2024-04-26 16:00:00+00:00,2024-04-26 16:00:00+00:00
7756428771583,D4,1,,,,0,701,Likely churned,2024-05-28 16:00:00+00:00,2024-05-28 16:00:00+00:00
7756431327487,D4,1,,,,0,701,Likely churned,2024-05-28 16:00:00+00:00,2024-05-28 16:00:00+00:00
7756434407679,D4,1,,,,0,672,Likely churned,2024-06-26 16:00:00+00:00,2024-06-26 16:00:00+00:00
7756435521791,D4,1,,,,0,689,Likely churned,2024-06-09 16:00:00+00:00,2024-06-09 16:00:00+00:00
7756435751167,D4,1,,,,0,688,Likely churned,2024-06-10 16:00:00+00:00,2024-06-10 16:00:00+00:00
7756437520639,D4,1,,,,0,680,Likely churned,2024-06-18 16:00:00+00:00,2024-06-18 16:00:00+00:00
7756439716095,D4,1,,,,0,671,Likely churned,2024-06-27 16:00:00+00:00,2024-06-27 16:00:00+00:00
7756440043775,D4,1,,,,0,669,Likely churned,2024-06-29 16:00:00+00:00,2024-06-29 16:00:00+00:00
7756440240383,D4,1,,,,0,669,Likely churned,2024-06-29 16:00:00+00:00,2024-06-29 16:00:00+00:00
7756446793983,D4,1,,,,0,636,Likely churned,2024-08-01 16:00:00+00:00,2024-08-01 16:00:00+00:00
7756460458239,D4,1,,,,0,611,Likely churned,2024-08-26 16:00:00+00:00,2024-08-26 16:00:00+00:00
7756462653695,D4,1,,,,0,603,Likely churned,2024-09-03 16:00:00+00:00,2024-09-03 16:00:00+00:00
7756465373439,D4,1,,,,0,589,Likely churned,2024-09-17 16:00:00+00:00,2024-09-17 16:00:00+00:00
7756465864959,D4,1,,,,0,586,Likely churned,2024-09-20 16:00:00+00:00,2024-09-20 16:00:00+00:00
7756466913535,D4,1,,,,0,583,Likely churned,2024-09-23 16:00:00+00:00,2024-09-23 16:00:00+00:00
7756467634431,D4,1,,,,0,577,Likely churned,2024-09-29 16:00:00+00:00,2024-09-29 16:00:00+00:00
7756467994879,D4,1,,,,0,577,Likely churned,2024-09-29 16:00:00+00:00,2024-09-29 16:00:00+00:00
7756468257023,D4,1,,,,0,580,Likely churned,2024-09-26 16:00:00+00:00,2024-09-26 16:00:00+00:00
7756468420863,D4,1,,,,0,579,Likely churned,2024-09-27 16:00:00+00:00,2024-09-27 16:00:00+00:00
7756469043455,D4,1,,,,0,578,Likely churned,2024-09-28 16:00:00+00:00,2024-09-28 16:00:00+00:00
7756469207295,D4,1,,,,0,577,Likely churned,2024-09-29 16:00:00+00:00,2024-09-29 16:00:00+00:00
7756469797119,D4,1,,,,0,577,Likely churned,2024-09-29 16:00:00+00:00,2024-09-29 16:00:00+00:00
6697080127743,D2,2,272.0,,,272,782,Likely churned,2023-06-10 16:00:00+00:00,2024-03-08 16:00:00+00:00
6327830610175,D5,1,,,,0,1047,Likely churned,2023-06-17 16:00:00+00:00,2023-06-17 16:00:00+00:00
6424534089983,D5,1,,,,0,967,Likely churned,2023-09-05 16:00:00+00:00,2023-09-05 16:00:00+00:00
6689737474303,D5,1,,,,0,1062,Likely churned,2023-06-02 16:00:00+00:00,2023-06-02 16:00:00+00:00
6798553186559,D2,2,134.0,,,134,801,Likely churned,2023-10-07 16:00:00+00:00,2024-02-18 16:00:00+00:00
6964050362623,D5,1,,,,0,863,Likely churned,2023-12-18 16:00:00+00:00,2023-12-18 16:00:00+00:00
7093066268927,D5,1,,,,0,797,Likely churned,2024-02-22 16:00:00+00:00,2024-02-22 16:00:00+00:00
7117603078399,D2,2,175.0,,,175,607,Likely churned,2024-03-08 16:00:00+00:00,2024-08-30 16:00:00+00:00
7174332809471,D5,1,,,,0,753,Likely churned,2024-04-06 16:00:00+00:00,2024-04-06 16:00:00+00:00
7176356004095,D5,1,,,,0,751,Likely churned,2024-04-08 16:00:00+00:00,2024-04-08 16:00:00+00:00
7309650067711,D2,2,106.0,,,106,595,Likely churned,2024-05-28 16:00:00+00:00,2024-09-11 16:00:00+00:00
7312493347071,D5,1,,,,0,700,Likely churned,2024-05-29 16:00:00+00:00,2024-05-29 16:00:00+00:00
7470139703551,D5,1,,,,0,610,Likely churned,2024-08-27 16:00:00+00:00,2024-08-27 16:00:00+00:00
7505538220287,D5,1,,,,0,589,Likely churned,2024-09-17 16:00:00+00:00,2024-09-17 16:00:00+00:00
7521212825855,D5,1,,,,0,578,Likely churned,2024-09-28 16:00:00+00:00,2024-09-28 16:00:00+00:00
8239061270783,D3,1,,,,0,268,Likely churned,2025-08-04 16:00:00+00:00,2025-08-04 16:00:00+00:00
7756461605119,D1,2,224.0,,,224,384,Likely churned,2024-08-29 16:00:00+00:00,2025-04-10 16:00:00+00:00
8765564977407,D2,1,,,,0,80,Active,2026-02-08 16:00:00+00:00,2026-02-08 16:00:00+00:00
7755992695039,D4,1,,,,0,1340,Likely churned,2022-08-28 16:00:00+00:00,2022-08-28 16:00:00+00:00
7147869012223,D5,1,,,,0,766,Likely churned,2024-03-24 16:00:00+00:00,2024-03-24 16:00:00+00:00
6836180877567,D5,1,,,,0,934,Likely churned,2023-10-08 16:00:00+00:00,2023-10-08 16:00:00+00:00
7755935875327,D2,2,0.0,,,0,1466,Likely churned,2022-04-24 16:00:00+00:00,2022-04-24 16:00:00+00:00
6991974007039,D5,1,,,,0,842,Likely churned,2024-01-08 16:00:00+00:00,2024-01-08 16:00:00+00:00
8275327189247,D3,1,,,,0,253,Likely churned,2025-08-19 16:00:00+00:00,2025-08-19 16:00:00+00:00
8836836098303,D2,1,,,,0,36,Active,2026-03-24 16:00:00+00:00,2026-03-24 16:00:00+00:00
7513899139327,D5,1,,,,0,584,Likely churned,2024-09-22 16:00:00+00:00,2024-09-22 16:00:00+00:00
6328289788159,D5,1,,,,0,1415,Likely churned,2022-06-14 16:00:00+00:00,2022-06-14 16:00:00+00:00
8201852879103,D3,1,,,,0,239,Likely churned,2025-09-02 16:00:00+00:00,2025-09-02 16:00:00+00:00
7756380111103,D1,4,28.0,40.0,12.0,47,919,Likely churned,2023-09-06 16:00:00+00:00,2023-10-23 16:00:00+00:00
7756436013311,D1,4,70.0,203.0,133.0,320,366,Likely churned,2024-06-12 16:00:00+00:00,2025-04-28 16:00:00+00:00
7756476449023,D4,1,,,,0,550,Likely churned,2024-10-26 16:00:00+00:00,2024-10-26 16:00:00+00:00
6723752263935,D5,1,,,,0,1034,Likely churned,2023-06-30 16:00:00+00:00,2023-06-30 16:00:00+00:00
8067217883391,D3,1,,,,0,341,Likely churned,2025-05-23 16:00:00+00:00,2025-05-23 16:00:00+00:00
8293135089919,D3,1,,,,0,245,Likely churned,2025-08-27 16:00:00+00:00,2025-08-27 16:00:00+00:00
6521577373951,D2,2,64.0,,,64,1129,Likely churned,2023-01-22 16:00:00+00:00,2023-03-27 16:00:00+00:00
6601910255871,D5,1,,,,0,1114,Likely churned,2023-04-11 16:00:00+00:00,2023-04-11 16:00:00+00:00
6880155533567,D5,1,,,,0,911,Likely churned,2023-10-31 16:00:00+00:00,2023-10-31 16:00:00+00:00
7756016648447,D4,1,,,,0,1339,Likely churned,2022-08-29 16:00:00+00:00,2022-08-29 16:00:00+00:00
6336691994879,D2,2,336.0,,,336,1123,Likely churned,2022-05-01 16:00:00+00:00,2023-04-02 16:00:00+00:00
7961039569151,D3,1,,,,0,370,Likely churned,2025-04-24 16:00:00+00:00,2025-04-24 16:00:00+00:00
8350713184511,D3,1,,,,0,214,Likely churned,2025-09-27 16:00:00+00:00,2025-09-27 16:00:00+00:00
8700295446783,D2,1,,,,0,102,At-risk,2026-01-17 16:00:00+00:00,2026-01-17 16:00:00+00:00
8712923447551,D2,1,,,,0,96,At-risk,2026-01-23 16:00:00+00:00,2026-01-23 16:00:00+00:00
8244467302655,D3,1,,,,0,257,Likely churned,2025-08-15 16:00:00+00:00,2025-08-15 16:00:00+00:00
7029599928575,D5,1,,,,0,829,Likely churned,2024-01-21 16:00:00+00:00,2024-01-21 16:00:00+00:00
7756260540671,D4,1,,,,0,1211,Likely churned,2023-01-04 16:00:00+00:00,2023-01-04 16:00:00+00:00
8799534481663,D1,2,24.0,,,24,41,Active,2026-02-23 16:00:00+00:00,2026-03-19 16:00:00+00:00
8297726083327,D1,2,2.0,,,2,240,Likely churned,2025-08-30 16:00:00+00:00,2025-09-01 16:00:00+00:00
7756405211391,D4,1,,,,0,821,Likely churned,2024-01-29 16:00:00+00:00,2024-01-29 16:00:00+00:00
8798809587967,D2,1,,,,0,66,Active,2026-02-22 16:00:00+00:00,2026-02-22 16:00:00+00:00
7756031754495,D1,3,0.0,0.0,0.0,0,1426,Likely churned,2022-06-03 16:00:00+00:00,2022-06-03 16:00:00+00:00
8029437657343,D1,2,94.0,,,94,262,Likely churned,2025-05-08 16:00:00+00:00,2025-08-10 16:00:00+00:00
8596648853759,D2,1,,,,0,123,At-risk,2025-12-27 16:00:00+00:00,2025-12-27 16:00:00+00:00
8084383236351,D1,2,5.0,,,5,332,Likely churned,2025-05-27 16:00:00+00:00,2025-06-01 16:00:00+00:00
8002156495103,D3,1,,,,0,323,Likely churned,2025-06-10 16:00:00+00:00,2025-06-10 16:00:00+00:00
8404537704703,D2,1,,,,0,191,Likely churned,2025-10-20 16:00:00+00:00,2025-10-20 16:00:00+00:00
8477642031359,D2,1,,,,0,185,Likely churned,2025-10-26 16:00:00+00:00,2025-10-26 16:00:00+00:00
8621981827327,D2,1,,,,0,134,At-risk,2025-12-16 16:00:00+00:00,2025-12-16 16:00:00+00:00
8653165756671,D2,1,,,,0,124,At-risk,2025-12-26 16:00:00+00:00,2025-12-26 16:00:00+00:00
7092583399679,D1,3,32.0,114.0,82.0,114,681,Likely churned,2024-02-24 16:00:00+00:00,2024-06-17 16:00:00+00:00
7756038603007,D1,2,87.0,,,87,1493,Likely churned,2021-12-31 16:00:00+00:00,2022-03-28 16:00:00+00:00
6329710412031,D5,1,,,,0,1531,Likely churned,2022-02-18 16:00:00+00:00,2022-02-18 16:00:00+00:00
7756428476671,D4,1,,,,0,708,Likely churned,2024-05-21 16:00:00+00:00,2024-05-21 16:00:00+00:00
8812239978751,D2,1,,,,0,60,Active,2026-02-28 16:00:00+00:00,2026-02-28 16:00:00+00:00
7946205430015,D3,1,,,,0,384,Likely churned,2025-04-10 16:00:00+00:00,2025-04-10 16:00:00+00:00
8063660425471,D3,1,,,,0,345,Likely churned,2025-05-19 16:00:00+00:00,2025-05-19 16:00:00+00:00
8175536832767,D3,1,,,,0,80,Active,2026-02-08 16:00:00+00:00,2026-02-08 16:00:00+00:00
8251162099967,D3,1,,,,0,261,Likely churned,2025-08-11 16:00:00+00:00,2025-08-11 16:00:00+00:00
8771600711935,D2,1,,,,0,77,Active,2026-02-11 16:00:00+00:00,2026-02-11 16:00:00+00:00
8784170647807,D2,1,,,,0,73,Active,2026-02-15 16:00:00+00:00,2026-02-15 16:00:00+00:00
8800920436991,D2,1,,,,0,64,Active,2026-02-24 16:00:00+00:00,2026-02-24 16:00:00+00:00
8814978072831,D2,1,,,,0,59,Active,2026-03-01 16:00:00+00:00,2026-03-01 16:00:00+00:00
8822106685695,D2,1,,,,0,57,Active,2026-03-03 16:00:00+00:00,2026-03-03 16:00:00+00:00
7962467172607,D1,4,5.0,52.0,47.0,303,76,Active,2025-04-15 16:00:00+00:00,2026-02-12 16:00:00+00:00
8340290339071,D3,1,,,,0,220,Likely churned,2025-09-21 16:00:00+00:00,2025-09-21 16:00:00+00:00
8095915049215,D3,1,,,,0,333,Likely churned,2025-05-31 16:00:00+00:00,2025-05-31 16:00:00+00:00
8111245000959,D3,1,,,,0,328,Likely churned,2025-06-05 16:00:00+00:00,2025-06-05 16:00:00+00:00
8704297763071,D2,1,,,,0,100,At-risk,2026-01-19 16:00:00+00:00,2026-01-19 16:00:00+00:00
8904301314303,D2,1,,,,0,30,Active,2026-03-30 16:00:00+00:00,2026-03-30 16:00:00+00:00
7756374016255,D4,1,,,,0,580,Likely churned,2024-09-26 16:00:00+00:00,2024-09-26 16:00:00+00:00
8868214866175,D2,1,,,,0,39,Active,2026-03-21 16:00:00+00:00,2026-03-21 16:00:00+00:00
8096402768127,D3,1,,,,0,333,Likely churned,2025-05-31 16:00:00+00:00,2025-05-31 16:00:00+00:00
8151997710591,D3,1,,,,0,311,Likely churned,2025-06-22 16:00:00+00:00,2025-06-22 16:00:00+00:00
7756033327359,D1,3,0.0,72.0,72.0,72,1436,Likely churned,2022-03-13 16:00:00+00:00,2022-05-24 16:00:00+00:00
6329631146239,D5,1,,,,0,210,Likely churned,2025-10-01 16:00:00+00:00,2025-10-01 16:00:00+00:00
7756468879615,D4,1,,,,0,578,Likely churned,2024-09-28 16:00:00+00:00,2024-09-28 16:00:00+00:00
8142910947583,D3,1,,,,276,38,Active,2025-06-19 16:00:00+00:00,2026-03-22 16:00:00+00:00
7756427919615,D1,2,84.0,,,84,625,Likely churned,2024-05-20 16:00:00+00:00,2024-08-12 16:00:00+00:00
7756428378367,D1,2,28.0,,,28,681,Likely churned,2024-05-20 16:00:00+00:00,2024-06-17 16:00:00+00:00
8772592926975,D2,1,,,,0,77,Active,2026-02-11 16:00:00+00:00,2026-02-11 16:00:00+00:00
7938715844863,D3,1,,,,0,393,Likely churned,2025-04-01 16:00:00+00:00,2025-04-01 16:00:00+00:00
8127814893823,D3,1,,,,0,322,Likely churned,2025-06-11 16:00:00+00:00,2025-06-11 16:00:00+00:00
8287246614783,D3,1,,,,0,248,Likely churned,2025-08-24 16:00:00+00:00,2025-08-24 16:00:00+00:00
8675023978751,D2,1,,,,0,114,At-risk,2026-01-05 16:00:00+00:00,2026-01-05 16:00:00+00:00
8164768678143,D3,1,,,,0,306,Likely churned,2025-06-27 16:00:00+00:00,2025-06-27 16:00:00+00:00
8270038335743,D3,1,,,,0,254,Likely churned,2025-08-18 16:00:00+00:00,2025-08-18 16:00:00+00:00
7756415205631,D4,1,,,,0,761,Likely churned,2024-03-29 16:00:00+00:00,2024-03-29 16:00:00+00:00
8163541680383,D3,1,,,,0,307,Likely churned,2025-06-26 16:00:00+00:00,2025-06-26 16:00:00+00:00
8247671292159,D3,1,,,,0,263,Likely churned,2025-08-09 16:00:00+00:00,2025-08-09 16:00:00+00:00
8343381836031,D3,1,,,,0,219,Likely churned,2025-09-22 16:00:00+00:00,2025-09-22 16:00:00+00:00
7756473794815,D1,4,128.0,297.0,169.0,315,249,Likely churned,2024-10-12 16:00:00+00:00,2025-08-23 16:00:00+00:00
8722076762367,D2,1,,,,0,91,At-risk,2026-01-28 16:00:00+00:00,2026-01-28 16:00:00+00:00
7756005900543,D2,2,33.0,,,33,1293,Likely churned,2022-09-11 16:00:00+00:00,2022-10-14 16:00:00+00:00
8241099636991,D1,2,84.0,,,84,183,Likely churned,2025-08-05 16:00:00+00:00,2025-10-28 16:00:00+00:00
6695490814207,D5,1,,,,0,1055,Likely churned,2023-06-09 16:00:00+00:00,2023-06-09 16:00:00+00:00
7756017107199,D2,2,0.0,,,0,1342,Likely churned,2022-08-26 16:00:00+00:00,2022-08-26 16:00:00+00:00
7988833779967,D1,2,52.0,,,52,313,Likely churned,2025-04-29 16:00:00+00:00,2025-06-20 16:00:00+00:00
7156209287423,D5,1,,,,0,761,Likely churned,2024-03-29 16:00:00+00:00,2024-03-29 16:00:00+00:00
7756409045247,D1,2,94.0,,,94,700,Likely churned,2024-02-25 16:00:00+00:00,2024-05-29 16:00:00+00:00
7756411797759,D4,1,,,,0,734,Likely churned,2024-04-25 16:00:00+00:00,2024-04-25 16:00:00+00:00
8304456368383,D3,1,,,,0,238,Likely churned,2025-09-03 16:00:00+00:00,2025-09-03 16:00:00+00:00
8312187060479,D3,1,,,,0,234,Likely churned,2025-09-07 16:00:00+00:00,2025-09-07 16:00:00+00:00
8098546254079,D3,1,,,,0,332,Likely churned,2025-06-01 16:00:00+00:00,2025-06-01 16:00:00+00:00
8702918426879,D1,2,28.0,,,28,73,Active,2026-01-18 16:00:00+00:00,2026-02-15 16:00:00+00:00
7756411535615,D1,2,70.0,,,70,700,Likely churned,2024-03-20 16:00:00+00:00,2024-05-29 16:00:00+00:00
7756420546815,D1,2,28.0,,,28,707,Likely churned,2024-04-24 16:00:00+00:00,2024-05-22 16:00:00+00:00
8171195957503,D3,1,,,,0,303,Likely churned,2025-06-30 16:00:00+00:00,2025-06-30 16:00:00+00:00
8239569142015,D1,2,58.0,,,58,210,Likely churned,2025-08-04 16:00:00+00:00,2025-10-01 16:00:00+00:00
8712672116991,D1,2,28.0,,,28,68,Active,2026-01-23 16:00:00+00:00,2026-02-20 16:00:00+00:00
7756410749183,D4,1,,,,0,761,Likely churned,2024-03-29 16:00:00+00:00,2024-03-29 16:00:00+00:00
6532515594495,D5,1,,,,0,1424,Likely churned,2022-06-05 16:00:00+00:00,2022-06-05 16:00:00+00:00
6336651133183,D2,2,941.0,,,941,560,Likely churned,2022-03-20 16:00:00+00:00,2024-10-16 16:00:00+00:00
7756407996671,D4,1,,,,0,801,Likely churned,2024-02-18 16:00:00+00:00,2024-02-18 16:00:00+00:00
8712179876095,D1,3,27.0,55.0,28.0,55,41,Active,2026-01-23 16:00:00+00:00,2026-03-19 16:00:00+00:00
7756458098943,D1,2,27.0,,,27,595,Likely churned,2024-08-15 16:00:00+00:00,2024-09-11 16:00:00+00:00
7756203524351,D1,4,28.0,56.0,28.0,84,419,Likely churned,2024-12-12 16:00:00+00:00,2025-03-06 16:00:00+00:00
7756007670015,D1,4,12.0,12.0,0.0,223,1285,Likely churned,2022-03-13 16:00:00+00:00,2022-10-22 16:00:00+00:00
6480331735295,D5,1,,,,0,1227,Likely churned,2022-12-19 16:00:00+00:00,2022-12-19 16:00:00+00:00
8841867395327,D2,1,,,,0,49,Active,2026-03-11 16:00:00+00:00,2026-03-11 16:00:00+00:00
8800401391871,D1,2,11.0,,,11,54,Active,2026-02-23 16:00:00+00:00,2026-03-06 16:00:00+00:00
8710500319487,D2,1,,,,0,97,At-risk,2026-01-22 16:00:00+00:00,2026-01-22 16:00:00+00:00
8279962517759,D1,2,201.0,,,201,50,Active,2025-08-21 16:00:00+00:00,2026-03-10 16:00:00+00:00
7756421923071,D4,1,,,,0,500,Likely churned,2024-12-15 16:00:00+00:00,2024-12-15 16:00:00+00:00
7547822899455,D5,1,,,,0,567,Likely churned,2024-10-09 16:00:00+00:00,2024-10-09 16:00:00+00:00
7709267230975,D5,1,,,,0,500,Likely churned,2024-12-15 16:00:00+00:00,2024-12-15 16:00:00+00:00
8415963611391,D2,1,,,,0,197,Likely churned,2025-10-14 16:00:00+00:00,2025-10-14 16:00:00+00:00
8701271113983,D1,2,28.0,,,28,74,Active,2026-01-17 16:00:00+00:00,2026-02-14 16:00:00+00:00
8757996159231,D2,1,,,,0,84,Active,2026-02-04 16:00:00+00:00,2026-02-04 16:00:00+00:00
8821302821119,D2,1,,,,0,57,Active,2026-03-03 16:00:00+00:00,2026-03-03 16:00:00+00:00
8244228129023,D3,1,,,,0,265,Likely churned,2025-08-07 16:00:00+00:00,2025-08-07 16:00:00+00:00
7756180357375,D4,1,,,,0,65,Active,2026-02-23 16:00:00+00:00,2026-02-23 16:00:00+00:00
7898656243967,D1,2,74.0,,,74,339,Likely churned,2025-03-12 16:00:00+00:00,2025-05-25 16:00:00+00:00
8329648210175,D3,1,,,,0,227,Likely churned,2025-09-14 16:00:00+00:00,2025-09-14 16:00:00+00:00
7756356616447,D4,1,,,,0,1130,Likely churned,2023-03-26 16:00:00+00:00,2023-03-26 16:00:00+00:00
8795253014783,D2,1,,,,0,67,Active,2026-02-21 16:00:00+00:00,2026-02-21 16:00:00+00:00
7756415860991,D1,3,42.0,84.0,42.0,84,672,Likely churned,2024-04-03 16:00:00+00:00,2024-06-26 16:00:00+00:00
7756040896767,D1,2,0.0,,,0,1519,Likely churned,2022-03-02 16:00:00+00:00,2022-03-02 16:00:00+00:00
8787345572095,D2,1,,,,0,71,Active,2026-02-17 16:00:00+00:00,2026-02-17 16:00:00+00:00
8006221234431,D3,1,,,,0,362,Likely churned,2025-05-02 16:00:00+00:00,2025-05-02 16:00:00+00:00
7949327368447,D3,1,,,,0,386,Likely churned,2025-04-08 16:00:00+00:00,2025-04-08 16:00:00+00:00
7755969102079,D2,2,270.0,,,270,1066,Likely churned,2022-09-01 16:00:00+00:00,2023-05-29 16:00:00+00:00
7154177769727,D2,2,63.0,,,63,700,Likely churned,2024-03-27 16:00:00+00:00,2024-05-29 16:00:00+00:00
8117549793535,D1,2,120.0,,,120,205,Likely churned,2025-06-08 16:00:00+00:00,2025-10-06 16:00:00+00:00
7364114153727,D5,1,,,,0,609,Likely churned,2024-08-28 16:00:00+00:00,2024-08-28 16:00:00+00:00
7312633561343,D5,1,,,,0,700,Likely churned,2024-05-29 16:00:00+00:00,2024-05-29 16:00:00+00:00
6328304304383,D5,1,,,,0,1504,Likely churned,2022-03-17 16:00:00+00:00,2022-03-17 16:00:00+00:00
8371571982591,D2,1,,,,0,204,Likely churned,2025-10-07 16:00:00+00:00,2025-10-07 16:00:00+00:00
7756419203327,D1,2,129.0,,,129,612,Likely churned,2024-04-18 16:00:00+00:00,2024-08-25 16:00:00+00:00
6423604887807,D5,1,,,,0,1539,Likely churned,2022-02-10 16:00:00+00:00,2022-02-10 16:00:00+00:00
7756048236799,D1,2,0.0,,,0,1574,Likely churned,2022-01-06 16:00:00+00:00,2022-01-06 16:00:00+00:00
8149547942143,D3,1,,,,0,266,Likely churned,2025-08-06 16:00:00+00:00,2025-08-06 16:00:00+00:00
8337920524543,D3,1,,,,0,222,Likely churned,2025-09-19 16:00:00+00:00,2025-09-19 16:00:00+00:00
7695737127167,D2,2,86.0,,,86,421,Likely churned,2024-12-08 16:00:00+00:00,2025-03-04 16:00:00+00:00
8124723888383,D1,2,56.0,,,56,267,Likely churned,2025-06-10 16:00:00+00:00,2025-08-05 16:00:00+00:00
7756016812287,D2,2,194.0,,,194,1339,Likely churned,2022-02-16 16:00:00+00:00,2022-08-29 16:00:00+00:00
7756380176639,D1,4,28.0,128.0,100.0,223,742,Likely churned,2023-09-07 16:00:00+00:00,2024-04-17 16:00:00+00:00
8477606019327,D2,1,,,,0,185,Likely churned,2025-10-26 16:00:00+00:00,2025-10-26 16:00:00+00:00
6612679590143,D2,2,28.0,,,28,1105,Likely churned,2023-03-23 16:00:00+00:00,2023-04-20 16:00:00+00:00
8665323438335,D2,1,,,,0,118,At-risk,2026-01-01 16:00:00+00:00,2026-01-01 16:00:00+00:00
7967450366207,D3,1,,,,0,376,Likely churned,2025-04-18 16:00:00+00:00,2025-04-18 16:00:00+00:00
7341017956607,D5,1,,,,0,678,Likely churned,2024-06-20 16:00:00+00:00,2024-06-20 16:00:00+00:00
7756435587327,D1,2,183.0,,,183,506,Likely churned,2024-06-09 16:00:00+00:00,2024-12-09 16:00:00+00:00
6329848889599,D5,1,,,,0,1111,Likely churned,2023-04-14 16:00:00+00:00,2023-04-14 16:00:00+00:00
8088380178687,D3,1,,,,0,336,Likely churned,2025-05-28 16:00:00+00:00,2025-05-28 16:00:00+00:00
7755986731263,D4,1,,,,0,379,Likely churned,2025-04-15 16:00:00+00:00,2025-04-15 16:00:00+00:00
6423224484095,D5,1,,,,0,1337,Likely churned,2022-08-31 16:00:00+00:00,2022-08-31 16:00:00+00:00
7180621021439,D5,1,,,,0,748,Likely churned,2024-04-11 16:00:00+00:00,2024-04-11 16:00:00+00:00
7755953963263,D5,1,,,,0,1577,Likely churned,2022-01-03 16:00:00+00:00,2022-01-03 16:00:00+00:00
7756239372543,D4,1,,,,0,92,At-risk,2026-01-27 16:00:00+00:00,2026-01-27 16:00:00+00:00
7755916050687,D2,2,0.0,,,0,1472,Likely churned,2022-04-18 16:00:00+00:00,2022-04-18 16:00:00+00:00
7471600238847,D2,2,28.0,,,28,581,Likely churned,2024-08-28 16:00:00+00:00,2024-09-25 16:00:00+00:00
7522714976511,D2,2,28.0,,,28,549,Likely churned,2024-09-29 16:00:00+00:00,2024-10-27 16:00:00+00:00
8090103939327,D3,1,,,,0,336,Likely churned,2025-05-28 16:00:00+00:00,2025-05-28 16:00:00+00:00
8091391557887,D3,1,,,,0,335,Likely churned,2025-05-29 16:00:00+00:00,2025-05-29 16:00:00+00:00
8325816582399,D3,1,,,,0,229,Likely churned,2025-09-12 16:00:00+00:00,2025-09-12 16:00:00+00:00
8327681605887,D3,1,,,,0,228,Likely churned,2025-09-13 16:00:00+00:00,2025-09-13 16:00:00+00:00
8329594667263,D3,1,,,,0,227,Likely churned,2025-09-14 16:00:00+00:00,2025-09-14 16:00:00+00:00
8337828905215,D3,1,,,,0,222,Likely churned,2025-09-19 16:00:00+00:00,2025-09-19 16:00:00+00:00
8718699757823,D2,1,,,,0,93,At-risk,2026-01-26 16:00:00+00:00,2026-01-26 16:00:00+00:00
6336688324863,D5,1,,,,0,1276,Likely churned,2022-10-31 16:00:00+00:00,2022-10-31 16:00:00+00:00
8891214725375,D2,1,,,,0,34,Active,2026-03-26 16:00:00+00:00,2026-03-26 16:00:00+00:00
7756004786431,D2,2,17.0,,,17,1282,Likely churned,2022-10-08 16:00:00+00:00,2022-10-25 16:00:00+00:00
6327628464383,D5,1,,,,0,850,Likely churned,2023-12-31 16:00:00+00:00,2023-12-31 16:00:00+00:00
8868033036543,D2,1,,,,0,39,Active,2026-03-21 16:00:00+00:00,2026-03-21 16:00:00+00:00
7829327675647,D1,2,379.0,,,379,90,At-risk,2025-01-15 16:00:00+00:00,2026-01-29 16:00:00+00:00
7823779168511,D1,4,28.0,70.0,42.0,120,351,Likely churned,2025-01-13 16:00:00+00:00,2025-05-13 16:00:00+00:00
7304255078655,D5,1,,,,0,702,Likely churned,2024-05-27 16:00:00+00:00,2024-05-27 16:00:00+00:00
7058101633279,D5,1,,,,0,811,Likely churned,2024-02-08 16:00:00+00:00,2024-02-08 16:00:00+00:00
7756430737663,D1,3,197.0,321.0,124.0,321,65,Active,2025-04-08 16:00:00+00:00,2026-02-23 16:00:00+00:00
8474707689727,D2,1,,,,0,187,Likely churned,2025-10-24 16:00:00+00:00,2025-10-24 16:00:00+00:00
8799977931007,D1,2,28.0,,,28,37,Active,2026-02-23 16:00:00+00:00,2026-03-23 16:00:00+00:00
7976335540479,D3,1,,,,0,370,Likely churned,2025-04-24 16:00:00+00:00,2025-04-24 16:00:00+00:00
8014286160127,D1,2,143.0,,,143,213,Likely churned,2025-05-08 16:00:00+00:00,2025-09-28 16:00:00+00:00
7756435849471,D4,1,,,,0,607,Likely churned,2024-08-30 16:00:00+00:00,2024-08-30 16:00:00+00:00
7756430377215,D1,2,28.0,,,28,674,Likely churned,2024-05-27 16:00:00+00:00,2024-06-24 16:00:00+00:00
7756398264575,D1,3,49.0,77.0,28.0,77,780,Likely churned,2023-12-24 16:00:00+00:00,2024-03-10 16:00:00+00:00
7756423037183,D4,1,,,,0,730,Likely churned,2024-04-29 16:00:00+00:00,2024-04-29 16:00:00+00:00
7756431786239,D1,2,326.0,,,326,227,Likely churned,2024-10-23 16:00:00+00:00,2025-09-14 16:00:00+00:00
7756437881087,D4,1,,,,0,679,Likely churned,2024-06-19 16:00:00+00:00,2024-06-19 16:00:00+00:00
7756438667519,D4,1,,,,0,676,Likely churned,2024-06-22 16:00:00+00:00,2024-06-22 16:00:00+00:00
7756439879935,D4,1,,,,0,671,Likely churned,2024-06-27 16:00:00+00:00,2024-06-27 16:00:00+00:00
7756440731903,D4,1,,,,91,577,Likely churned,2024-06-30 16:00:00+00:00,2024-09-29 16:00:00+00:00
7756461342975,D4,1,,,,0,609,Likely churned,2024-08-28 16:00:00+00:00,2024-08-28 16:00:00+00:00
7756463964415,D4,1,,,,0,595,Likely churned,2024-09-11 16:00:00+00:00,2024-09-11 16:00:00+00:00
7756466946303,D4,1,,,,0,582,Likely churned,2024-09-24 16:00:00+00:00,2024-09-24 16:00:00+00:00
7755989221631,D2,2,91.0,,,91,578,Likely churned,2024-06-29 16:00:00+00:00,2024-09-28 16:00:00+00:00
7496402895103,D5,1,,,,0,593,Likely churned,2024-09-13 16:00:00+00:00,2024-09-13 16:00:00+00:00
7504260137215,D5,1,,,,0,589,Likely churned,2024-09-17 16:00:00+00:00,2024-09-17 16:00:00+00:00
8797495951615,D2,1,,,,0,66,Active,2026-02-22 16:00:00+00:00,2026-02-22 16:00:00+00:00
7756361498879,D4,1,,,,0,1071,Likely churned,2023-05-24 16:00:00+00:00,2023-05-24 16:00:00+00:00
8226072887551,D3,1,,,,0,50,Active,2026-03-10 16:00:00+00:00,2026-03-10 16:00:00+00:00
6336754450687,D1,3,322.0,406.0,84.0,406,1158,Likely churned,2022-01-16 16:00:00+00:00,2023-02-26 16:00:00+00:00
8649011167487,D2,1,,,,0,126,At-risk,2025-12-24 16:00:00+00:00,2025-12-24 16:00:00+00:00
8692036763903,D2,1,,,,0,106,At-risk,2026-01-13 16:00:00+00:00,2026-01-13 16:00:00+00:00
6334064328959,D5,1,,,,0,1519,Likely churned,2022-03-02 16:00:00+00:00,2022-03-02 16:00:00+00:00
8148206747903,D1,3,56.0,224.0,168.0,224,89,Active,2025-06-20 16:00:00+00:00,2026-01-30 16:00:00+00:00
7475279692031,D5,1,,,,0,607,Likely churned,2024-08-30 16:00:00+00:00,2024-08-30 16:00:00+00:00
7476910588159,D5,1,,,,0,606,Likely churned,2024-08-31 16:00:00+00:00,2024-08-31 16:00:00+00:00
6327732863231,D1,3,180.0,415.0,235.0,415,1124,Likely churned,2022-02-10 16:00:00+00:00,2023-04-01 16:00:00+00:00
7756016189695,D2,2,3.0,,,3,1337,Likely churned,2022-08-28 16:00:00+00:00,2022-08-31 16:00:00+00:00
8794176553215,D2,1,,,,0,68,Active,2026-02-20 16:00:00+00:00,2026-02-20 16:00:00+00:00
7756463243519,D1,2,52.0,,,52,547,Likely churned,2024-09-07 16:00:00+00:00,2024-10-29 16:00:00+00:00
6590913347839,D1,3,42.0,485.0,443.0,485,669,Likely churned,2023-03-02 16:00:00+00:00,2024-06-29 16:00:00+00:00
7101868769535,D2,2,169.0,,,169,623,Likely churned,2024-02-27 16:00:00+00:00,2024-08-14 16:00:00+00:00
8789804351743,D2,1,,,,0,70,Active,2026-02-18 16:00:00+00:00,2026-02-18 16:00:00+00:00
8252828811519,D3,1,,,,0,261,Likely churned,2025-08-11 16:00:00+00:00,2025-08-11 16:00:00+00:00
8396561285375,D2,1,,,,0,199,Likely churned,2025-10-12 16:00:00+00:00,2025-10-12 16:00:00+00:00
6703429976319,D5,1,,,,0,1047,Likely churned,2023-06-17 16:00:00+00:00,2023-06-17 16:00:00+00:00
8710576505087,D2,1,,,,0,97,At-risk,2026-01-22 16:00:00+00:00,2026-01-22 16:00:00+00:00
7756457312511,D1,2,42.0,,,42,584,Likely churned,2024-08-11 16:00:00+00:00,2024-09-22 16:00:00+00:00
7756035817727,D1,3,16.0,49.0,33.0,49,1460,Likely churned,2022-03-12 16:00:00+00:00,2022-04-30 16:00:00+00:00
7756465537279,D1,2,111.0,,,111,477,Likely churned,2024-09-18 16:00:00+00:00,2025-01-07 16:00:00+00:00
7756465668351,D1,2,28.0,,,28,560,Likely churned,2024-09-18 16:00:00+00:00,2024-10-16 16:00:00+00:00
7756468846847,D1,2,168.0,,,168,410,Likely churned,2024-09-28 16:00:00+00:00,2025-03-15 16:00:00+00:00
7756469469439,D4,1,,,,0,577,Likely churned,2024-09-29 16:00:00+00:00,2024-09-29 16:00:00+00:00
6336684065023,D2,2,16.0,,,16,1545,Likely churned,2022-01-19 16:00:00+00:00,2022-02-04 16:00:00+00:00
7981535985919,D1,3,28.0,56.0,28.0,56,311,Likely churned,2025-04-27 16:00:00+00:00,2025-06-22 16:00:00+00:00
8890334576895,D2,1,,,,0,34,Active,2026-03-26 16:00:00+00:00,2026-03-26 16:00:00+00:00
7139969335551,D5,1,,,,0,762,Likely churned,2024-03-28 16:00:00+00:00,2024-03-28 16:00:00+00:00
7254008201471,D5,1,,,,0,731,Likely churned,2024-04-28 16:00:00+00:00,2024-04-28 16:00:00+00:00
7288937775359,D5,1,,,,0,714,Likely churned,2024-05-15 16:00:00+00:00,2024-05-15 16:00:00+00:00
7293467492607,D5,1,,,,0,711,Likely churned,2024-05-18 16:00:00+00:00,2024-05-18 16:00:00+00:00
7312130572543,D5,1,,,,0,700,Likely churned,2024-05-29 16:00:00+00:00,2024-05-29 16:00:00+00:00
8676491591935,D2,1,,,,0,113,At-risk,2026-01-06 16:00:00+00:00,2026-01-06 16:00:00+00:00
7499170152703,D2,2,174.0,,,174,417,Likely churned,2024-09-15 16:00:00+00:00,2025-03-08 16:00:00+00:00
7475029606655,D5,1,,,,0,607,Likely churned,2024-08-30 16:00:00+00:00,2024-08-30 16:00:00+00:00
7475157991679,D5,1,,,,0,607,Likely churned,2024-08-30 16:00:00+00:00,2024-08-30 16:00:00+00:00
7756351439103,D4,1,,,,0,1151,Likely churned,2023-03-05 16:00:00+00:00,2023-03-05 16:00:00+00:00
8366920139007,D2,1,,,,0,193,Likely churned,2025-10-18 16:00:00+00:00,2025-10-18 16:00:00+00:00
8226081210623,D3,1,,,,0,270,Likely churned,2025-08-02 16:00:00+00:00,2025-08-02 16:00:00+00:00
6327696097535,D5,1,,,,0,1574,Likely churned,2022-01-06 16:00:00+00:00,2022-01-06 16:00:00+00:00
8820378665215,D2,1,,,,0,57,Active,2026-03-03 16:00:00+00:00,2026-03-03 16:00:00+00:00
7755974082815,D4,1,,,,0,605,Likely churned,2024-09-01 16:00:00+00:00,2024-09-01 16:00:00+00:00
6327516889343,D2,2,27.0,,,27,343,Likely churned,2025-04-24 16:00:00+00:00,2025-05-21 16:00:00+00:00
6334064722175,D2,2,28.0,,,28,352,Likely churned,2025-04-14 16:00:00+00:00,2025-05-12 16:00:00+00:00
7756037325055,D1,3,26.0,26.0,0.0,26,1473,Likely churned,2022-03-22 16:00:00+00:00,2022-04-17 16:00:00+00:00
8723271581951,D2,1,,,,0,90,At-risk,2026-01-29 16:00:00+00:00,2026-01-29 16:00:00+00:00
8831281823999,D2,1,,,,0,53,Active,2026-03-07 16:00:00+00:00,2026-03-07 16:00:00+00:00
7585086046463,D2,2,81.0,,,81,466,Likely churned,2024-10-29 16:00:00+00:00,2025-01-18 16:00:00+00:00
8167174832383,D1,2,44.0,,,44,261,Likely churned,2025-06-28 16:00:00+00:00,2025-08-11 16:00:00+00:00
7448764088575,D2,2,196.0,,,196,423,Likely churned,2024-08-18 16:00:00+00:00,2025-03-02 16:00:00+00:00
6788480467199,D5,1,,,,0,976,Likely churned,2023-08-27 16:00:00+00:00,2023-08-27 16:00:00+00:00
8337895751935,D3,1,,,,0,221,Likely churned,2025-09-20 16:00:00+00:00,2025-09-20 16:00:00+00:00
7756043518207,D1,3,316.0,371.0,55.0,371,1166,Likely churned,2022-02-12 16:00:00+00:00,2023-02-18 16:00:00+00:00
8175629893887,D3,1,,,,0,220,Likely churned,2025-09-21 16:00:00+00:00,2025-09-21 16:00:00+00:00
7756429754623,D4,1,,,,0,702,Likely churned,2024-05-27 16:00:00+00:00,2024-05-27 16:00:00+00:00
8845556613375,D2,1,,,,0,47,Active,2026-03-13 16:00:00+00:00,2026-03-13 16:00:00+00:00
8350728290559,D3,1,,,,0,214,Likely churned,2025-09-27 16:00:00+00:00,2025-09-27 16:00:00+00:00
8699412250879,D2,1,,,,0,103,At-risk,2026-01-16 16:00:00+00:00,2026-01-16 16:00:00+00:00
7335513391359,D2,2,56.0,,,56,630,Likely churned,2024-06-12 16:00:00+00:00,2024-08-07 16:00:00+00:00
7756440338687,D1,2,60.0,,,60,609,Likely churned,2024-06-29 16:00:00+00:00,2024-08-28 16:00:00+00:00
6329716637951,D5,1,,,,0,1577,Likely churned,2022-01-03 16:00:00+00:00,2022-01-03 16:00:00+00:00
7756037718271,D4,1,,,,0,1479,Likely churned,2022-04-11 16:00:00+00:00,2022-04-11 16:00:00+00:00
7756038275327,D4,1,,,,0,1487,Likely churned,2022-04-03 16:00:00+00:00,2022-04-03 16:00:00+00:00
7756277252351,D1,3,42.0,154.0,112.0,154,579,Likely churned,2024-04-26 16:00:00+00:00,2024-09-27 16:00:00+00:00
6329853542655,D1,3,56.0,679.0,623.0,679,379,Likely churned,2023-06-06 16:00:00+00:00,2025-04-15 16:00:00+00:00
7756348915967,D4,1,,,,0,1162,Likely churned,2023-02-22 16:00:00+00:00,2023-02-22 16:00:00+00:00
7756458885375,D1,2,54.0,,,54,563,Likely churned,2024-08-20 16:00:00+00:00,2024-10-13 16:00:00+00:00
8304454074623,D3,1,,,,0,238,Likely churned,2025-09-03 16:00:00+00:00,2025-09-03 16:00:00+00:00
6327635181823,D5,1,,,,0,1566,Likely churned,2022-01-14 16:00:00+00:00,2022-01-14 16:00:00+00:00
6336758415615,D2,2,117.0,,,117,1357,Likely churned,2022-04-16 16:00:00+00:00,2022-08-11 16:00:00+00:00
8807018856703,D2,1,,,,0,63,Active,2026-02-25 16:00:00+00:00,2026-02-25 16:00:00+00:00
8249665028351,D3,1,,,,0,262,Likely churned,2025-08-10 16:00:00+00:00,2025-08-10 16:00:00+00:00
7755917885695,D1,3,120.0,381.0,261.0,381,1142,Likely churned,2022-02-26 16:00:00+00:00,2023-03-14 16:00:00+00:00
7922624430335,D3,1,,,,0,401,Likely churned,2025-03-24 16:00:00+00:00,2025-03-24 16:00:00+00:00
7347034816767,D2,2,129.0,,,129,549,Likely churned,2024-06-20 16:00:00+00:00,2024-10-27 16:00:00+00:00
8283892121855,D3,1,,,,0,250,Likely churned,2025-08-22 16:00:00+00:00,2025-08-22 16:00:00+00:00
7968738312447,D1,2,19.0,,,19,356,Likely churned,2025-04-19 16:00:00+00:00,2025-05-08 16:00:00+00:00
7756037488895,D1,2,44.0,,,44,1475,Likely churned,2022-03-02 16:00:00+00:00,2022-04-15 16:00:00+00:00
8784016179455,D1,2,12.0,,,12,61,Active,2026-02-15 16:00:00+00:00,2026-02-27 16:00:00+00:00
7875698360575,D3,1,,,,0,429,Likely churned,2025-02-24 16:00:00+00:00,2025-02-24 16:00:00+00:00
7153236443391,D5,1,,,,0,764,Likely churned,2024-03-26 16:00:00+00:00,2024-03-26 16:00:00+00:00
7183853453567,D5,1,,,,0,745,Likely churned,2024-04-14 16:00:00+00:00,2024-04-14 16:00:00+00:00
7905973895423,D1,3,28.0,237.0,209.0,237,136,At-risk,2025-04-21 16:00:00+00:00,2025-12-14 16:00:00+00:00
7755996463359,D1,3,34.0,482.0,448.0,482,1044,Likely churned,2022-02-23 16:00:00+00:00,2023-06-20 16:00:00+00:00
6327552540927,D2,2,26.0,,,26,1461,Likely churned,2022-04-03 16:00:00+00:00,2022-04-29 16:00:00+00:00
8839905706239,D1,2,19.0,,,19,31,Active,2026-03-10 16:00:00+00:00,2026-03-29 16:00:00+00:00
7711383027967,D5,1,,,,0,497,Likely churned,2024-12-18 16:00:00+00:00,2024-12-18 16:00:00+00:00
7153029873919,D2,2,28.0,,,28,736,Likely churned,2024-03-26 16:00:00+00:00,2024-04-23 16:00:00+00:00
6423596663039,D5,1,,,,0,1496,Likely churned,2022-03-25 16:00:00+00:00,2022-03-25 16:00:00+00:00
6832308551935,D5,1,,,,0,751,Likely churned,2024-04-08 16:00:00+00:00,2024-04-08 16:00:00+00:00
7756267258111,D4,1,,,,0,1186,Likely churned,2023-01-29 16:00:00+00:00,2023-01-29 16:00:00+00:00
7756267389183,D4,1,,,,0,1186,Likely churned,2023-01-29 16:00:00+00:00,2023-01-29 16:00:00+00:00
7756397609215,D4,1,,,,0,868,Likely churned,2023-12-13 16:00:00+00:00,2023-12-13 16:00:00+00:00
7756266864895,D4,1,,,,0,1188,Likely churned,2023-01-27 16:00:00+00:00,2023-01-27 16:00:00+00:00
7756328435967,D4,1,,,,0,1179,Likely churned,2023-02-05 16:00:00+00:00,2023-02-05 16:00:00+00:00
7756401017087,D4,1,,,,0,840,Likely churned,2024-01-10 16:00:00+00:00,2024-01-10 16:00:00+00:00
7756469403903,D4,1,,,,0,577,Likely churned,2024-09-29 16:00:00+00:00,2024-09-29 16:00:00+00:00
8446136254719,D2,1,,,,0,185,Likely churned,2025-10-26 16:00:00+00:00,2025-10-26 16:00:00+00:00
8697064423679,D2,1,,,,0,104,At-risk,2026-01-15 16:00:00+00:00,2026-01-15 16:00:00+00:00
7756413239551,D4,1,,,,0,772,Likely churned,2024-03-18 16:00:00+00:00,2024-03-18 16:00:00+00:00
7756438962431,D4,1,,,,0,672,Likely churned,2024-06-26 16:00:00+00:00,2024-06-26 16:00:00+00:00
7959059300607,D3,1,,,,0,381,Likely churned,2025-04-13 16:00:00+00:00,2025-04-13 16:00:00+00:00
8344497946879,D3,1,,,,0,218,Likely churned,2025-09-23 16:00:00+00:00,2025-09-23 16:00:00+00:00
8902232310015,D2,1,,,,0,31,Active,2026-03-29 16:00:00+00:00,2026-03-29 16:00:00+00:00
8763339538687,D2,1,,,,0,81,Active,2026-02-07 16:00:00+00:00,2026-02-07 16:00:00+00:00
7756012585215,D2,2,135.0,,,135,1225,Likely churned,2022-08-08 16:00:00+00:00,2022-12-21 16:00:00+00:00
7756434112767,D4,1,,,,0,696,Likely churned,2024-06-02 16:00:00+00:00,2024-06-02 16:00:00+00:00
7308786237695,D5,1,,,,0,702,Likely churned,2024-05-27 16:00:00+00:00,2024-05-27 16:00:00+00:00
8312653938943,D3,1,,,,0,234,Likely churned,2025-09-07 16:00:00+00:00,2025-09-07 16:00:00+00:00
8621587202303,D2,1,,,,0,135,At-risk,2025-12-15 16:00:00+00:00,2025-12-15 16:00:00+00:00
7826394972415,D1,2,32.0,,,32,421,Likely churned,2025-01-31 16:00:00+00:00,2025-03-04 16:00:00+00:00
7176846934271,D5,1,,,,0,751,Likely churned,2024-04-08 16:00:00+00:00,2024-04-08 16:00:00+00:00
8310327738623,D3,1,,,,0,235,Likely churned,2025-09-06 16:00:00+00:00,2025-09-06 16:00:00+00:00
8343408869631,D3,1,,,,0,219,Likely churned,2025-09-22 16:00:00+00:00,2025-09-22 16:00:00+00:00
7476690583807,D5,1,,,,0,606,Likely churned,2024-08-31 16:00:00+00:00,2024-08-31 16:00:00+00:00
7174366757119,D5,1,,,,0,753,Likely churned,2024-04-06 16:00:00+00:00,2024-04-06 16:00:00+00:00
7756169871615,D4,1,,,,0,1221,Likely churned,2022-12-25 16:00:00+00:00,2022-12-25 16:00:00+00:00
8358854361343,D3,1,,,,0,211,Likely churned,2025-09-30 16:00:00+00:00,2025-09-30 16:00:00+00:00
6329641795839,D5,1,,,,0,1533,Likely churned,2022-02-16 16:00:00+00:00,2022-02-16 16:00:00+00:00
6424908759295,D5,1,,,,0,84,Active,2026-02-04 16:00:00+00:00,2026-02-04 16:00:00+00:00
8772284514559,D2,1,,,,0,60,Active,2026-02-28 16:00:00+00:00,2026-02-28 16:00:00+00:00
7756043321599,D1,2,356.0,,,356,1180,Likely churned,2022-02-13 16:00:00+00:00,2023-02-04 16:00:00+00:00
7755957895423,D1,38,48.0,67.0,19.0,1442,52,Active,2022-03-27 16:00:00+00:00,2026-03-08 16:00:00+00:00
6336728531199,D1,3,2.0,4.0,2.0,4,1427,Likely churned,2022-05-29 16:00:00+00:00,2022-06-02 16:00:00+00:00
6558688313599,D1,10,115.0,287.0,172.0,1401,51,Active,2022-05-08 16:00:00+00:00,2026-03-09 16:00:00+00:00
7756000690431,D1,4,86.0,142.0,56.0,142,1282,Likely churned,2022-06-05 16:00:00+00:00,2022-10-25 16:00:00+00:00
6336631275775,D2,2,13.0,,,13,1465,Likely churned,2022-04-12 16:00:00+00:00,2022-04-25 16:00:00+00:00
7756026904831,D1,5,0.0,0.0,0.0,72,1455,Likely churned,2022-02-22 16:00:00+00:00,2022-05-05 16:00:00+00:00
6336747438335,D1,5,2.0,351.0,349.0,1117,227,Likely churned,2022-08-24 16:00:00+00:00,2025-09-14 16:00:00+00:00
8081852530943,D1,7,21.0,101.0,80.0,254,84,Active,2025-05-26 16:00:00+00:00,2026-02-04 16:00:00+00:00
6329689735423,D1,13,1.0,29.0,28.0,817,702,Likely churned,2022-03-02 16:00:00+00:00,2024-05-27 16:00:00+00:00
7756016877823,D2,2,0.0,,,0,1340,Likely churned,2022-08-28 16:00:00+00:00,2022-08-28 16:00:00+00:00
7476721352959,D1,11,56.0,122.0,66.0,526,80,Active,2024-08-31 16:00:00+00:00,2026-02-08 16:00:00+00:00
6334073602303,D1,6,221.0,306.0,85.0,641,702,Likely churned,2022-08-25 16:00:00+00:00,2024-05-27 16:00:00+00:00
6327679418623,D1,11,110.0,166.0,56.0,665,634,Likely churned,2022-10-08 16:00:00+00:00,2024-08-03 16:00:00+00:00
7516736061695,D2,2,2.0,,,2,580,Likely churned,2024-09-24 16:00:00+00:00,2024-09-26 16:00:00+00:00
6328214618367,D1,14,101.0,133.0,32.0,833,584,Likely churned,2022-06-12 16:00:00+00:00,2024-09-22 16:00:00+00:00
8235052826879,D1,4,36.0,45.0,9.0,90,181,Likely churned,2025-08-01 16:00:00+00:00,2025-10-30 16:00:00+00:00
7756002066687,D1,12,23.0,150.0,127.0,907,580,Likely churned,2022-04-03 16:00:00+00:00,2024-09-26 16:00:00+00:00
6327501881599,D1,4,28.0,93.0,65.0,94,1456,Likely churned,2022-01-30 16:00:00+00:00,2022-05-04 16:00:00+00:00
6590570627327,D1,14,80.0,156.0,76.0,1053,101,At-risk,2023-03-02 16:00:00+00:00,2026-01-18 16:00:00+00:00
7756013306111,D1,9,54.0,144.0,90.0,532,700,Likely churned,2022-12-14 16:00:00+00:00,2024-05-29 16:00:00+00:00
6327806263551,D1,3,21.0,22.0,1.0,22,1533,Likely churned,2022-01-25 16:00:00+00:00,2022-02-16 16:00:00+00:00
7916487934207,D1,10,37.0,48.0,11.0,318,87,Active,2025-03-20 16:00:00+00:00,2026-02-01 16:00:00+00:00
6329711493375,D1,9,28.0,56.0,28.0,420,190,Likely churned,2024-08-27 16:00:00+00:00,2025-10-21 16:00:00+00:00
7756006097151,D1,5,2.0,2.0,0.0,258,1202,Likely churned,2022-04-30 16:00:00+00:00,2023-01-13 16:00:00+00:00
7033655099647,D1,17,44.0,56.0,12.0,687,139,At-risk,2024-01-24 16:00:00+00:00,2025-12-11 16:00:00+00:00
6327607623935,D1,12,42.0,84.0,42.0,563,70,Active,2024-08-04 16:00:00+00:00,2026-02-18 16:00:00+00:00
6327387259135,D5,1,,,,0,1401,Likely churned,2022-06-28 16:00:00+00:00,2022-06-28 16:00:00+00:00
6327663034623,D5,1,,,,0,1360,Likely churned,2022-08-08 16:00:00+00:00,2022-08-08 16:00:00+00:00
6336754647295,D1,4,60.0,185.0,125.0,1112,228,Likely churned,2022-08-28 16:00:00+00:00,2025-09-13 16:00:00+00:00
6328270815487,D2,2,189.0,,,189,1347,Likely churned,2022-02-13 16:00:00+00:00,2022-08-21 16:00:00+00:00
6328289657087,D1,3,154.0,180.0,26.0,180,1313,Likely churned,2022-03-28 16:00:00+00:00,2022-09-24 16:00:00+00:00
8403609026815,D1,3,10.0,61.0,51.0,61,137,At-risk,2025-10-13 16:00:00+00:00,2025-12-13 16:00:00+00:00
7755915886847,D1,5,55.0,55.0,0.0,55,1516,Likely churned,2022-01-09 16:00:00+00:00,2022-03-05 16:00:00+00:00
7338895868159,D1,4,210.0,378.0,168.0,462,221,Likely churned,2024-06-15 16:00:00+00:00,2025-09-20 16:00:00+00:00
7756011536639,D1,9,30.0,89.0,59.0,747,682,Likely churned,2022-05-31 16:00:00+00:00,2024-06-16 16:00:00+00:00
6450369855743,D2,2,310.0,,,310,931,Likely churned,2022-12-05 16:00:00+00:00,2023-10-11 16:00:00+00:00
7756430016767,D1,5,32.0,67.0,35.0,275,428,Likely churned,2024-05-26 16:00:00+00:00,2025-02-25 16:00:00+00:00
6970579321087,D1,15,465.0,483.0,18.0,821,38,Active,2023-12-22 16:00:00+00:00,2026-03-22 16:00:00+00:00
7700304986367,D1,13,28.0,84.0,56.0,456,49,Active,2024-12-10 16:00:00+00:00,2026-03-11 16:00:00+00:00
7677544628479,D1,4,61.0,290.0,229.0,430,82,Active,2024-12-03 16:00:00+00:00,2026-02-06 16:00:00+00:00
7756011569407,D1,8,168.0,252.0,84.0,1006,109,At-risk,2023-04-10 16:00:00+00:00,2026-01-10 16:00:00+00:00
7756260311295,D1,13,5.0,24.0,19.0,486,758,Likely churned,2022-12-02 16:00:00+00:00,2024-04-01 16:00:00+00:00
7999782879487,D1,11,34.0,50.0,16.0,303,52,Active,2025-05-09 16:00:00+00:00,2026-03-08 16:00:00+00:00
7756034539775,D1,8,106.0,317.0,211.0,1244,308,Likely churned,2022-01-28 16:00:00+00:00,2025-06-25 16:00:00+00:00
8048350658815,D1,9,104.0,131.0,27.0,290,60,Active,2025-05-14 16:00:00+00:00,2026-02-28 16:00:00+00:00
7756032934143,D4,1,,,,0,1430,Likely churned,2022-05-30 16:00:00+00:00,2022-05-30 16:00:00+00:00
7756030181631,D1,6,72.0,114.0,42.0,127,1410,Likely churned,2022-02-12 16:00:00+00:00,2022-06-19 16:00:00+00:00
7475324551423,D1,9,24.0,28.0,4.0,419,188,Likely churned,2024-08-30 16:00:00+00:00,2025-10-23 16:00:00+00:00
7756015698175,D2,2,0.0,,,0,1331,Likely churned,2022-09-06 16:00:00+00:00,2022-09-06 16:00:00+00:00
7755978309887,D1,7,199.0,446.0,247.0,870,690,Likely churned,2022-01-20 16:00:00+00:00,2024-06-08 16:00:00+00:00
7756000854271,D1,6,25.0,56.0,31.0,871,467,Likely churned,2022-08-30 16:00:00+00:00,2025-01-17 16:00:00+00:00
7817754509567,D4,1,,,,0,458,Likely churned,2025-01-26 16:00:00+00:00,2025-01-26 16:00:00+00:00
7835384873215,D1,4,30.0,88.0,58.0,368,79,Active,2025-02-06 16:00:00+00:00,2026-02-09 16:00:00+00:00
7142554403071,D1,8,31.0,63.0,32.0,653,110,At-risk,2024-03-27 16:00:00+00:00,2026-01-09 16:00:00+00:00
7756396953855,D1,14,30.0,56.0,26.0,507,367,Likely churned,2023-12-07 16:00:00+00:00,2025-04-27 16:00:00+00:00
7756468977919,D1,11,20.0,76.0,56.0,509,69,Active,2024-09-28 16:00:00+00:00,2026-02-19 16:00:00+00:00
7521981661439,D1,13,28.0,84.0,56.0,373,205,Likely churned,2024-09-28 16:00:00+00:00,2025-10-06 16:00:00+00:00
6368762626303,D2,2,515.0,,,515,783,Likely churned,2022-10-09 16:00:00+00:00,2024-03-07 16:00:00+00:00
6329696682239,D2,2,579.0,,,579,700,Likely churned,2022-10-28 16:00:00+00:00,2024-05-29 16:00:00+00:00
6329604407551,D1,9,28.0,56.0,28.0,203,564,Likely churned,2024-03-23 16:00:00+00:00,2024-10-12 16:00:00+00:00
6329874153727,D1,7,2.0,62.0,60.0,749,672,Likely churned,2022-06-08 16:00:00+00:00,2024-06-26 16:00:00+00:00
6329618301183,D2,2,38.0,,,38,1436,Likely churned,2022-04-16 16:00:00+00:00,2022-05-24 16:00:00+00:00
6336693305599,D1,7,78.0,106.0,28.0,583,266,Likely churned,2024-01-01 16:00:00+00:00,2025-08-06 16:00:00+00:00
7755925979391,D1,7,123.0,123.0,0.0,262,1282,Likely churned,2022-02-05 16:00:00+00:00,2022-10-25 16:00:00+00:00
6423603740927,D5,1,,,,0,1536,Likely churned,2022-02-13 16:00:00+00:00,2022-02-13 16:00:00+00:00
8264846573823,D1,5,34.0,55.0,21.0,157,97,At-risk,2025-08-18 16:00:00+00:00,2026-01-22 16:00:00+00:00
7756437455103,D1,4,48.0,96.0,48.0,234,447,Likely churned,2024-06-17 16:00:00+00:00,2025-02-06 16:00:00+00:00
8134241386751,D1,5,84.0,115.0,31.0,254,65,Active,2025-06-14 16:00:00+00:00,2026-02-23 16:00:00+00:00
7497109635327,D1,5,21.0,119.0,98.0,263,329,Likely churned,2024-09-14 16:00:00+00:00,2025-06-04 16:00:00+00:00
7756005474559,D1,8,17.0,45.0,28.0,235,1296,Likely churned,2022-02-18 16:00:00+00:00,2022-10-11 16:00:00+00:00
7755988041983,D1,6,17.0,41.0,24.0,330,1110,Likely churned,2022-05-20 16:00:00+00:00,2023-04-15 16:00:00+00:00
6328258035967,D1,6,69.0,257.0,188.0,783,578,Likely churned,2022-08-07 16:00:00+00:00,2024-09-28 16:00:00+00:00
8098552250623,D1,4,76.0,113.0,37.0,252,79,Active,2025-06-02 16:00:00+00:00,2026-02-09 16:00:00+00:00
7124600881407,D1,5,352.0,408.0,56.0,464,314,Likely churned,2024-03-12 16:00:00+00:00,2025-06-19 16:00:00+00:00
6327682236671,D1,7,45.0,155.0,110.0,384,1108,Likely churned,2022-03-29 16:00:00+00:00,2023-04-17 16:00:00+00:00
7971386065151,D1,8,10.0,38.0,28.0,290,83,Active,2025-04-21 16:00:00+00:00,2026-02-05 16:00:00+00:00
7475231457535,D1,4,5.0,5.0,0.0,96,511,Likely churned,2024-08-30 16:00:00+00:00,2024-12-04 16:00:00+00:00
7756421300479,D1,13,28.0,56.0,28.0,392,342,Likely churned,2024-04-25 16:00:00+00:00,2025-05-22 16:00:00+00:00
7522571616511,D1,5,160.0,201.0,41.0,321,256,Likely churned,2024-09-29 16:00:00+00:00,2025-08-16 16:00:00+00:00
8706965569791,D1,2,54.0,,,54,45,Active,2026-01-20 16:00:00+00:00,2026-03-15 16:00:00+00:00
7922399772927,D1,10,30.0,58.0,28.0,346,55,Active,2025-03-24 16:00:00+00:00,2026-03-05 16:00:00+00:00
6327390765311,D5,1,,,,0,1339,Likely churned,2022-08-29 16:00:00+00:00,2022-08-29 16:00:00+00:00
6327607918847,D1,3,443.0,745.0,302.0,745,757,Likely churned,2022-03-19 16:00:00+00:00,2024-04-02 16:00:00+00:00
8332113117439,D1,2,94.0,,,94,132,At-risk,2025-09-15 16:00:00+00:00,2025-12-18 16:00:00+00:00
7566592344319,D2,2,7.0,,,7,555,Likely churned,2024-10-14 16:00:00+00:00,2024-10-21 16:00:00+00:00
6327522230527,D5,1,,,,0,1339,Likely churned,2022-08-29 16:00:00+00:00,2022-08-29 16:00:00+00:00
6423225073919,D5,1,,,,0,1342,Likely churned,2022-08-26 16:00:00+00:00,2022-08-26 16:00:00+00:00
6420678377727,D1,3,301.0,49.0,-252.0,344,1121,Likely churned,2022-04-25 16:00:00+00:00,2023-04-04 16:00:00+00:00
8438298673407,D1,4,4.0,77.0,73.0,151,41,Active,2025-10-19 16:00:00+00:00,2026-03-19 16:00:00+00:00
7756359336191,D1,11,56.0,122.0,66.0,430,668,Likely churned,2023-04-27 16:00:00+00:00,2024-06-30 16:00:00+00:00
7756033753343,D1,2,270.0,,,270,1170,Likely churned,2022-05-20 16:00:00+00:00,2023-02-14 16:00:00+00:00
7737236259071,D5,1,,,,0,483,Likely churned,2025-01-01 16:00:00+00:00,2025-01-01 16:00:00+00:00
7756261130495,D1,2,534.0,,,534,701,Likely churned,2022-12-11 16:00:00+00:00,2024-05-28 16:00:00+00:00
8337105322239,D1,3,17.0,17.0,0.0,17,206,Likely churned,2025-09-18 16:00:00+00:00,2025-10-05 16:00:00+00:00
6327697834239,D1,10,669.0,724.0,55.0,1326,101,At-risk,2022-06-02 16:00:00+00:00,2026-01-18 16:00:00+00:00
7756002328831,D1,4,48.0,214.0,166.0,436,1089,Likely churned,2022-02-24 16:00:00+00:00,2023-05-06 16:00:00+00:00
7971501867263,D1,5,15.0,39.0,24.0,180,193,Likely churned,2025-04-21 16:00:00+00:00,2025-10-18 16:00:00+00:00
6327780704511,D2,2,123.0,,,123,1340,Likely churned,2022-04-27 16:00:00+00:00,2022-08-28 16:00:00+00:00
6327531176191,D1,5,56.0,112.0,56.0,314,428,Likely churned,2024-04-17 16:00:00+00:00,2025-02-25 16:00:00+00:00
6327522361599,D1,8,209.0,293.0,84.0,1085,255,Likely churned,2022-08-28 16:00:00+00:00,2025-08-17 16:00:00+00:00
7968977092863,D1,5,0.0,28.0,28.0,170,205,Likely churned,2025-04-19 16:00:00+00:00,2025-10-06 16:00:00+00:00
6765611876607,D1,10,28.0,56.0,28.0,420,578,Likely churned,2023-08-05 16:00:00+00:00,2024-09-28 16:00:00+00:00
7756404064511,D1,5,38.0,62.0,24.0,562,264,Likely churned,2024-01-24 16:00:00+00:00,2025-08-08 16:00:00+00:00
7756473499903,D1,9,16.0,19.0,3.0,488,77,Active,2024-10-11 16:00:00+00:00,2026-02-11 16:00:00+00:00
7988268073215,D1,4,5.0,47.0,42.0,131,234,Likely churned,2025-04-29 16:00:00+00:00,2025-09-07 16:00:00+00:00
7756048630015,D1,2,4.0,,,4,1576,Likely churned,2021-12-31 16:00:00+00:00,2022-01-04 16:00:00+00:00
7755920408831,D5,1,,,,0,1366,Likely churned,2022-08-02 16:00:00+00:00,2022-08-02 16:00:00+00:00
7136686768383,D1,4,36.0,382.0,346.0,563,210,Likely churned,2024-03-17 16:00:00+00:00,2025-10-01 16:00:00+00:00
7755942527231,D1,4,71.0,79.0,8.0,692,869,Likely churned,2022-01-19 16:00:00+00:00,2023-12-12 16:00:00+00:00
7755983421695,D2,2,45.0,,,45,1508,Likely churned,2022-01-27 16:00:00+00:00,2022-03-13 16:00:00+00:00
6423228776703,D1,3,0.0,0.0,0.0,0,1440,Likely churned,2022-05-20 16:00:00+00:00,2022-05-20 16:00:00+00:00
8305913921791,D1,2,172.0,,,172,65,Active,2025-09-04 16:00:00+00:00,2026-02-23 16:00:00+00:00
8463938388223,D1,3,53.0,80.0,27.0,80,108,At-risk,2025-10-23 16:00:00+00:00,2026-01-11 16:00:00+00:00
7122726191359,D1,5,42.0,107.0,65.0,715,64,Active,2024-03-11 16:00:00+00:00,2026-02-24 16:00:00+00:00
7756462293247,D1,3,25.0,187.0,162.0,187,418,Likely churned,2024-09-01 16:00:00+00:00,2025-03-07 16:00:00+00:00
7756430639359,D1,4,32.0,121.0,89.0,297,404,Likely churned,2024-05-28 16:00:00+00:00,2025-03-21 16:00:00+00:00
6329849118975,D2,2,92.0,,,92,1310,Likely churned,2022-06-27 16:00:00+00:00,2022-09-27 16:00:00+00:00
7756431556863,D1,6,31.0,123.0,92.0,369,331,Likely churned,2024-05-29 16:00:00+00:00,2025-06-02 16:00:00+00:00
7756038406399,D1,2,5.0,,,5,1488,Likely churned,2022-03-28 16:00:00+00:00,2022-04-02 16:00:00+00:00
8345035243775,D1,3,0.0,0.0,0.0,0,218,Likely churned,2025-09-23 16:00:00+00:00,2025-09-23 16:00:00+00:00
6850481160447,D1,9,84.0,168.0,84.0,725,202,Likely churned,2023-10-15 16:00:00+00:00,2025-10-09 16:00:00+00:00
6336658145535,D2,2,829.0,,,829,626,Likely churned,2022-05-05 16:00:00+00:00,2024-08-11 16:00:00+00:00
7476798292223,D1,3,28.0,540.0,512.0,540,66,Active,2024-08-31 16:00:00+00:00,2026-02-22 16:00:00+00:00
7756349112575,D1,9,45.0,199.0,154.0,1089,72,Active,2023-02-23 16:00:00+00:00,2026-02-16 16:00:00+00:00
7756023529727,D1,3,0.0,30.0,30.0,30,1550,Likely churned,2021-12-31 16:00:00+00:00,2022-01-30 16:00:00+00:00
6327709139199,D5,1,,,,0,1400,Likely churned,2022-06-29 16:00:00+00:00,2022-06-29 16:00:00+00:00
7959445766399,D3,1,,,,0,381,Likely churned,2025-04-13 16:00:00+00:00,2025-04-13 16:00:00+00:00
6327639572735,D1,6,42.0,137.0,95.0,432,332,Likely churned,2024-03-26 16:00:00+00:00,2025-06-01 16:00:00+00:00
7143014727935,D1,4,21.0,346.0,325.0,419,350,Likely churned,2024-03-21 16:00:00+00:00,2025-05-14 16:00:00+00:00
7756016484607,D1,4,92.0,236.0,144.0,387,1043,Likely churned,2022-05-30 16:00:00+00:00,2023-06-21 16:00:00+00:00
7824197943551,D4,1,,,,0,455,Likely churned,2025-01-29 16:00:00+00:00,2025-01-29 16:00:00+00:00
6327720083711,D5,1,,,,0,1418,Likely churned,2022-06-11 16:00:00+00:00,2022-06-11 16:00:00+00:00
6423240638719,D5,1,,,,0,1428,Likely churned,2022-06-01 16:00:00+00:00,2022-06-01 16:00:00+00:00
7755980079359,D1,21,97.0,776.0,679.0,1222,336,Likely churned,2022-01-22 16:00:00+00:00,2025-05-28 16:00:00+00:00
7991231217919,D1,4,31.0,138.0,107.0,326,38,Active,2025-04-30 16:00:00+00:00,2026-03-22 16:00:00+00:00
8335039529215,D1,2,18.0,,,18,206,Likely churned,2025-09-17 16:00:00+00:00,2025-10-05 16:00:00+00:00
6329863766271,D2,2,112.0,,,112,1231,Likely churned,2022-08-25 16:00:00+00:00,2022-12-15 16:00:00+00:00
6327698981119,D2,2,113.0,,,113,1313,Likely churned,2022-06-03 16:00:00+00:00,2022-09-24 16:00:00+00:00
7756374442239,D1,4,106.0,185.0,79.0,457,484,Likely churned,2023-10-01 16:00:00+00:00,2024-12-31 16:00:00+00:00
7236677632255,D1,8,43.0,98.0,55.0,322,412,Likely churned,2024-04-25 16:00:00+00:00,2025-03-13 16:00:00+00:00
7145852895487,D1,5,1.0,432.0,431.0,638,129,At-risk,2024-03-23 16:00:00+00:00,2025-12-21 16:00:00+00:00
7819297620223,D4,1,,,,0,458,Likely churned,2025-01-26 16:00:00+00:00,2025-01-26 16:00:00+00:00
7756015337727,D1,5,7.0,46.0,39.0,145,1322,Likely churned,2022-04-23 16:00:00+00:00,2022-09-15 16:00:00+00:00
8404134985983,D1,2,0.0,,,0,198,Likely churned,2025-10-13 16:00:00+00:00,2025-10-13 16:00:00+00:00
8308809007359,D1,2,50.0,,,50,186,Likely churned,2025-09-05 16:00:00+00:00,2025-10-25 16:00:00+00:00
6510694334719,D2,2,67.0,,,67,1136,Likely churned,2023-01-12 16:00:00+00:00,2023-03-20 16:00:00+00:00
8002930802943,D1,4,7.0,51.0,44.0,115,248,Likely churned,2025-05-01 16:00:00+00:00,2025-08-24 16:00:00+00:00
6327689576703,D1,5,33.0,116.0,83.0,1165,305,Likely churned,2022-04-20 16:00:00+00:00,2025-06-28 16:00:00+00:00
8339756974335,D1,4,16.0,141.0,125.0,142,79,Active,2025-09-20 16:00:00+00:00,2026-02-09 16:00:00+00:00
6423463854335,D5,1,,,,0,1449,Likely churned,2022-05-11 16:00:00+00:00,2022-05-11 16:00:00+00:00
7756386042111,D1,8,70.0,126.0,56.0,749,82,Active,2024-01-19 16:00:00+00:00,2026-02-06 16:00:00+00:00
7883697324287,D1,2,63.0,,,63,360,Likely churned,2025-03-02 16:00:00+00:00,2025-05-04 16:00:00+00:00
7467076026623,D1,7,41.0,54.0,13.0,217,385,Likely churned,2024-09-04 16:00:00+00:00,2025-04-09 16:00:00+00:00
6329600803071,D1,5,14.0,22.0,8.0,345,1190,Likely churned,2022-02-14 16:00:00+00:00,2023-01-25 16:00:00+00:00
6336712999167,D2,2,1.0,,,1,1357,Likely churned,2022-08-10 16:00:00+00:00,2022-08-11 16:00:00+00:00
6453495759103,D1,4,34.0,525.0,491.0,567,672,Likely churned,2022-12-07 16:00:00+00:00,2024-06-26 16:00:00+00:00
8339720569087,D1,6,20.0,75.0,55.0,188,33,Active,2025-09-20 16:00:00+00:00,2026-03-27 16:00:00+00:00
7756003279103,D1,8,155.0,351.0,196.0,1094,370,Likely churned,2022-04-26 16:00:00+00:00,2025-04-24 16:00:00+00:00
7756484346111,D1,7,28.0,56.0,28.0,168,338,Likely churned,2024-12-09 16:00:00+00:00,2025-05-26 16:00:00+00:00
6336651559167,D2,2,905.0,,,905,606,Likely churned,2022-03-10 16:00:00+00:00,2024-08-31 16:00:00+00:00
7756044239103,D4,1,,,,0,1541,Likely churned,2022-02-08 16:00:00+00:00,2022-02-08 16:00:00+00:00
7940749426943,D1,2,336.0,,,336,52,Active,2025-04-06 16:00:00+00:00,2026-03-08 16:00:00+00:00
6328247255295,D1,3,5.0,307.0,302.0,307,1218,Likely churned,2022-02-24 16:00:00+00:00,2022-12-28 16:00:00+00:00
7756263522559,D1,7,23.0,77.0,54.0,908,311,Likely churned,2022-12-27 16:00:00+00:00,2025-06-22 16:00:00+00:00
6329708708095,D2,2,151.0,,,151,1282,Likely churned,2022-05-27 16:00:00+00:00,2022-10-25 16:00:00+00:00
7341135954175,D2,2,604.0,,,604,77,Active,2024-06-17 16:00:00+00:00,2026-02-11 16:00:00+00:00
7167085084927,D1,4,13.0,31.0,18.0,55,702,Likely churned,2024-04-02 16:00:00+00:00,2024-05-27 16:00:00+00:00
7486364188927,D1,4,266.0,273.0,7.0,376,224,Likely churned,2024-09-06 16:00:00+00:00,2025-09-17 16:00:00+00:00
7962798620927,D1,9,60.0,75.0,15.0,328,51,Active,2025-04-15 16:00:00+00:00,2026-03-09 16:00:00+00:00
7144399864063,D1,3,63.0,695.0,632.0,695,68,Active,2024-03-27 16:00:00+00:00,2026-02-20 16:00:00+00:00
8234418274559,D1,2,78.0,,,78,189,Likely churned,2025-08-05 16:00:00+00:00,2025-10-22 16:00:00+00:00
6327752720639,D1,4,19.0,41.0,22.0,720,835,Likely churned,2022-01-25 16:00:00+00:00,2024-01-15 16:00:00+00:00
6328228872447,D1,3,17.0,22.0,5.0,22,1506,Likely churned,2022-02-21 16:00:00+00:00,2022-03-15 16:00:00+00:00
8273287708927,D1,2,32.0,,,32,222,Likely churned,2025-08-18 16:00:00+00:00,2025-09-19 16:00:00+00:00
8341243035903,D1,3,8.0,98.0,90.0,98,122,At-risk,2025-09-21 16:00:00+00:00,2025-12-28 16:00:00+00:00
6601910747391,D1,4,329.0,421.0,92.0,512,578,Likely churned,2023-05-05 16:00:00+00:00,2024-09-28 16:00:00+00:00
7756414583039,D1,3,56.0,147.0,91.0,147,612,Likely churned,2024-03-31 16:00:00+00:00,2024-08-25 16:00:00+00:00
7182675083519,D1,3,180.0,245.0,65.0,245,501,Likely churned,2024-04-13 16:00:00+00:00,2024-12-14 16:00:00+00:00
7956357021951,D1,8,18.0,51.0,33.0,312,71,Active,2025-04-11 16:00:00+00:00,2026-02-17 16:00:00+00:00
6424544575743,D1,3,133.0,647.0,514.0,647,218,Likely churned,2023-12-16 16:00:00+00:00,2025-09-23 16:00:00+00:00
7756485361919,D1,6,18.0,47.0,29.0,164,338,Likely churned,2024-12-13 16:00:00+00:00,2025-05-26 16:00:00+00:00
7756348162303,D1,7,36.0,44.0,8.0,594,577,Likely churned,2023-02-13 16:00:00+00:00,2024-09-29 16:00:00+00:00
7756316672255,D1,14,42.0,301.0,259.0,918,199,Likely churned,2023-04-08 16:00:00+00:00,2025-10-12 16:00:00+00:00
7756486934783,D1,3,85.0,176.0,91.0,176,317,Likely churned,2024-12-22 16:00:00+00:00,2025-06-16 16:00:00+00:00
6365653270783,D5,1,,,,0,1301,Likely churned,2022-10-06 16:00:00+00:00,2022-10-06 16:00:00+00:00
8244807008511,D1,3,82.0,153.0,71.0,153,112,At-risk,2025-08-07 16:00:00+00:00,2026-01-07 16:00:00+00:00
6423240835327,D1,5,369.0,510.0,141.0,1094,337,Likely churned,2022-05-29 16:00:00+00:00,2025-05-27 16:00:00+00:00
7168635830527,D1,5,30.0,56.0,26.0,179,577,Likely churned,2024-04-03 16:00:00+00:00,2024-09-29 16:00:00+00:00
6336660734207,D2,2,622.0,,,622,810,Likely churned,2022-05-28 16:00:00+00:00,2024-02-09 16:00:00+00:00
6327399940351,D5,1,,,,0,1410,Likely churned,2022-06-19 16:00:00+00:00,2022-06-19 16:00:00+00:00
7755941183743,D2,2,29.0,,,29,1471,Likely churned,2022-03-21 16:00:00+00:00,2022-04-19 16:00:00+00:00
7756045648127,D1,2,522.0,,,522,1040,Likely churned,2022-01-18 16:00:00+00:00,2023-06-24 16:00:00+00:00
6336747471103,D5,1,,,,0,1456,Likely churned,2022-05-04 16:00:00+00:00,2022-05-04 16:00:00+00:00
7755945574655,D1,4,19.0,1203.0,1184.0,1514,66,Active,2021-12-31 16:00:00+00:00,2026-02-22 16:00:00+00:00
6423604723967,D1,3,472.0,695.0,223.0,695,843,Likely churned,2022-02-11 16:00:00+00:00,2024-01-07 16:00:00+00:00
6329831588095,D1,7,89.0,179.0,90.0,547,45,Active,2024-09-14 16:00:00+00:00,2026-03-15 16:00:00+00:00
8054880207103,D1,3,208.0,285.0,77.0,285,63,Active,2025-05-16 16:00:00+00:00,2026-02-25 16:00:00+00:00
6329602670847,D1,4,28.0,56.0,28.0,85,689,Likely churned,2024-03-16 16:00:00+00:00,2024-06-09 16:00:00+00:00
7151938994431,D1,8,42.0,84.0,42.0,462,303,Likely churned,2024-03-25 16:00:00+00:00,2025-06-30 16:00:00+00:00
8350900257023,D1,2,171.0,,,171,43,Active,2025-09-27 16:00:00+00:00,2026-03-17 16:00:00+00:00
8766572364031,D2,1,,,,0,79,Active,2026-02-09 16:00:00+00:00,2026-02-09 16:00:00+00:00
6772333609215,D1,5,38.0,119.0,81.0,364,628,Likely churned,2023-08-11 16:00:00+00:00,2024-08-09 16:00:00+00:00
6328238899455,D5,1,,,,0,1577,Likely churned,2022-01-03 16:00:00+00:00,2022-01-03 16:00:00+00:00
7155206750463,D1,3,151.0,205.0,54.0,205,556,Likely churned,2024-03-29 16:00:00+00:00,2024-10-20 16:00:00+00:00
7756008358143,D1,6,22.0,64.0,42.0,1470,61,Active,2022-02-18 16:00:00+00:00,2026-02-27 16:00:00+00:00
7756420251903,D1,3,181.0,237.0,56.0,237,502,Likely churned,2024-04-20 16:00:00+00:00,2024-12-13 16:00:00+00:00
7756000067839,D1,3,595.0,1012.0,417.0,1012,303,Likely churned,2022-09-22 16:00:00+00:00,2025-06-30 16:00:00+00:00
7756376408319,D1,6,426.0,482.0,56.0,650,344,Likely churned,2023-08-09 16:00:00+00:00,2025-05-20 16:00:00+00:00
7516825649407,D2,2,97.0,,,97,485,Likely churned,2024-09-24 16:00:00+00:00,2024-12-30 16:00:00+00:00
7756004458751,D1,5,51.0,138.0,87.0,189,1303,Likely churned,2022-03-29 16:00:00+00:00,2022-10-04 16:00:00+00:00
6423590142207,D2,2,0.0,,,0,1457,Likely churned,2022-05-03 16:00:00+00:00,2022-05-03 16:00:00+00:00
7756019466495,D4,1,,,,0,1365,Likely churned,2022-08-03 16:00:00+00:00,2022-08-03 16:00:00+00:00
7756349440255,D1,10,22.0,78.0,56.0,770,387,Likely churned,2023-02-27 16:00:00+00:00,2025-04-07 16:00:00+00:00
6362962821375,D2,2,215.0,,,215,1088,Likely churned,2022-10-04 16:00:00+00:00,2023-05-07 16:00:00+00:00
8653246890239,D1,2,42.0,,,42,82,Active,2025-12-26 16:00:00+00:00,2026-02-06 16:00:00+00:00
7252742078719,D2,2,186.0,,,186,546,Likely churned,2024-04-27 16:00:00+00:00,2024-10-30 16:00:00+00:00
7272645099775,D5,1,,,,0,720,Likely churned,2024-05-09 16:00:00+00:00,2024-05-09 16:00:00+00:00
7335218184447,D5,1,,,,0,686,Likely churned,2024-06-12 16:00:00+00:00,2024-06-12 16:00:00+00:00
6336698253567,D2,2,22.0,,,22,1406,Likely churned,2022-06-01 16:00:00+00:00,2022-06-23 16:00:00+00:00
7295407227135,D1,4,243.0,380.0,137.0,442,268,Likely churned,2024-05-19 16:00:00+00:00,2025-08-04 16:00:00+00:00
7427694067967,D1,3,86.0,191.0,105.0,191,443,Likely churned,2024-08-03 16:00:00+00:00,2025-02-10 16:00:00+00:00
7267551379711,D2,2,54.0,,,54,669,Likely churned,2024-05-06 16:00:00+00:00,2024-06-29 16:00:00+00:00
7756438634751,D1,2,50.0,,,50,626,Likely churned,2024-06-22 16:00:00+00:00,2024-08-11 16:00:00+00:00
8758023454975,D1,2,31.0,,,31,53,Active,2026-02-04 16:00:00+00:00,2026-03-07 16:00:00+00:00
7851775066367,D1,5,38.0,64.0,26.0,380,57,Active,2025-02-16 16:00:00+00:00,2026-03-03 16:00:00+00:00
8037245124863,D1,5,43.0,122.0,79.0,257,96,At-risk,2025-05-11 16:00:00+00:00,2026-01-23 16:00:00+00:00
7691249844479,D1,3,178.0,299.0,121.0,299,209,Likely churned,2024-12-07 16:00:00+00:00,2025-10-02 16:00:00+00:00
7756266340607,D1,6,26.0,61.0,35.0,141,1050,Likely churned,2023-01-24 16:00:00+00:00,2023-06-14 16:00:00+00:00
7756429525247,D1,4,84.0,275.0,191.0,275,38,Active,2025-06-20 16:00:00+00:00,2026-03-22 16:00:00+00:00
6424573640959,D1,3,145.0,192.0,47.0,192,780,Likely churned,2023-08-31 16:00:00+00:00,2024-03-10 16:00:00+00:00
7756423299327,D1,2,30.0,,,30,700,Likely churned,2024-04-29 16:00:00+00:00,2024-05-29 16:00:00+00:00
6559129141503,D1,6,67.0,373.0,306.0,1051,114,At-risk,2023-02-19 16:00:00+00:00,2026-01-05 16:00:00+00:00
8602896433407,D2,1,,,,0,141,At-risk,2025-12-09 16:00:00+00:00,2025-12-09 16:00:00+00:00
7755986567423,D4,1,,,,0,1523,Likely churned,2022-02-26 16:00:00+00:00,2022-02-26 16:00:00+00:00
7756000133375,D1,6,0.0,108.0,108.0,130,1315,Likely churned,2022-05-15 16:00:00+00:00,2022-09-22 16:00:00+00:00
8474687602943,D1,3,41.0,79.0,38.0,79,108,At-risk,2025-10-24 16:00:00+00:00,2026-01-11 16:00:00+00:00
7756433686783,D1,2,475.0,,,475,222,Likely churned,2024-06-01 16:00:00+00:00,2025-09-19 16:00:00+00:00
7756354257151,D1,5,15.0,36.0,21.0,199,938,Likely churned,2023-03-19 16:00:00+00:00,2023-10-04 16:00:00+00:00
6804197376255,D1,3,168.0,387.0,219.0,387,577,Likely churned,2023-09-08 16:00:00+00:00,2024-09-29 16:00:00+00:00
7756457443583,D1,4,30.0,70.0,40.0,141,483,Likely churned,2024-08-13 16:00:00+00:00,2025-01-01 16:00:00+00:00
7756485951743,D1,4,2.0,64.0,62.0,433,67,Active,2024-12-15 16:00:00+00:00,2026-02-21 16:00:00+00:00
7756439748863,D1,6,2.0,58.0,56.0,170,501,Likely churned,2024-06-27 16:00:00+00:00,2024-12-14 16:00:00+00:00
6327702487295,D2,2,97.0,,,97,1455,Likely churned,2022-01-28 16:00:00+00:00,2022-05-05 16:00:00+00:00
6327523148031,D5,1,,,,0,1123,Likely churned,2023-04-02 16:00:00+00:00,2023-04-02 16:00:00+00:00
6329833160959,D2,2,5.0,,,5,1478,Likely churned,2022-04-07 16:00:00+00:00,2022-04-12 16:00:00+00:00
7756006064383,D1,5,44.0,382.0,338.0,605,731,Likely churned,2022-09-01 16:00:00+00:00,2024-04-28 16:00:00+00:00
7475323666687,D1,3,9.0,29.0,20.0,29,578,Likely churned,2024-08-30 16:00:00+00:00,2024-09-28 16:00:00+00:00
6327763042559,D5,1,,,,0,1570,Likely churned,2022-01-10 16:00:00+00:00,2022-01-10 16:00:00+00:00
7756415500543,D1,8,28.0,28.0,0.0,657,102,At-risk,2024-03-31 16:00:00+00:00,2026-01-17 16:00:00+00:00
7756003639551,D1,8,9.0,9.0,0.0,345,1002,Likely churned,2022-08-21 16:00:00+00:00,2023-08-01 16:00:00+00:00
6423605838079,D2,2,0.0,,,0,1546,Likely churned,2022-02-03 16:00:00+00:00,2022-02-03 16:00:00+00:00
7968443990271,D1,4,27.0,154.0,127.0,256,119,At-risk,2025-04-19 16:00:00+00:00,2025-12-31 16:00:00+00:00
8166904529151,D1,3,0.0,60.0,60.0,60,245,Likely churned,2025-06-28 16:00:00+00:00,2025-08-27 16:00:00+00:00
8291080372479,D1,2,12.0,,,12,234,Likely churned,2025-08-26 16:00:00+00:00,2025-09-07 16:00:00+00:00
6336669483263,D1,3,153.0,196.0,43.0,196,403,Likely churned,2024-09-07 16:00:00+00:00,2025-03-22 16:00:00+00:00
8236594004223,D3,1,,,,0,270,Likely churned,2025-08-02 16:00:00+00:00,2025-08-02 16:00:00+00:00
8341118517503,D3,1,,,,0,220,Likely churned,2025-09-21 16:00:00+00:00,2025-09-21 16:00:00+00:00
7261004103935,D1,3,84.0,432.0,348.0,432,237,Likely churned,2024-06-29 16:00:00+00:00,2025-09-04 16:00:00+00:00
8148081869055,D1,3,85.0,169.0,84.0,169,144,At-risk,2025-06-20 16:00:00+00:00,2025-12-06 16:00:00+00:00
7851112497407,D1,8,27.0,29.0,2.0,209,228,Likely churned,2025-02-16 16:00:00+00:00,2025-09-13 16:00:00+00:00
7756264440063,D1,3,33.0,135.0,102.0,135,1076,Likely churned,2023-01-04 16:00:00+00:00,2023-05-19 16:00:00+00:00
6767682453759,D1,3,299.0,360.0,61.0,360,634,Likely churned,2023-08-09 16:00:00+00:00,2024-08-03 16:00:00+00:00
7475483541759,D1,8,158.0,233.0,75.0,562,45,Active,2024-08-30 16:00:00+00:00,2026-03-15 16:00:00+00:00
8476754673919,D1,3,67.0,134.0,67.0,134,52,Active,2025-10-25 16:00:00+00:00,2026-03-08 16:00:00+00:00
7968511426815,D1,5,34.0,146.0,112.0,314,61,Active,2025-04-19 16:00:00+00:00,2026-02-27 16:00:00+00:00
8339521929471,D1,3,16.0,182.0,166.0,182,39,Active,2025-09-20 16:00:00+00:00,2026-03-21 16:00:00+00:00
7756025200895,D1,2,227.0,,,227,1200,Likely churned,2022-06-02 16:00:00+00:00,2023-01-15 16:00:00+00:00
7135383421183,D2,2,152.0,,,152,608,Likely churned,2024-03-30 16:00:00+00:00,2024-08-29 16:00:00+00:00
8004947214591,D1,2,18.0,,,18,344,Likely churned,2025-05-02 16:00:00+00:00,2025-05-20 16:00:00+00:00
7339270406399,D5,1,,,,0,671,Likely churned,2024-06-27 16:00:00+00:00,2024-06-27 16:00:00+00:00
7521591755007,D5,1,,,,0,578,Likely churned,2024-09-28 16:00:00+00:00,2024-09-28 16:00:00+00:00
7756381683967,D1,6,247.0,266.0,19.0,486,472,Likely churned,2023-09-14 16:00:00+00:00,2025-01-12 16:00:00+00:00
7756048204031,D1,10,796.0,838.0,42.0,1440,134,At-risk,2022-01-06 16:00:00+00:00,2025-12-16 16:00:00+00:00
7723643175167,D1,6,59.0,114.0,55.0,261,233,Likely churned,2024-12-21 16:00:00+00:00,2025-09-08 16:00:00+00:00
7756468125951,D1,2,163.0,,,163,417,Likely churned,2024-09-26 16:00:00+00:00,2025-03-08 16:00:00+00:00
7521916289279,D1,3,31.0,192.0,161.0,192,386,Likely churned,2024-09-28 16:00:00+00:00,2025-04-08 16:00:00+00:00
7988988313855,D1,4,9.0,51.0,42.0,98,267,Likely churned,2025-04-29 16:00:00+00:00,2025-08-05 16:00:00+00:00
6329639960831,D2,2,1365.0,,,1365,80,Active,2022-05-15 16:00:00+00:00,2026-02-08 16:00:00+00:00
6327748264191,D1,7,56.0,84.0,28.0,308,731,Likely churned,2023-06-25 16:00:00+00:00,2024-04-28 16:00:00+00:00
8071643332863,D1,2,126.0,,,126,217,Likely churned,2025-05-21 16:00:00+00:00,2025-09-24 16:00:00+00:00
8345098289407,D3,1,,,,0,218,Likely churned,2025-09-23 16:00:00+00:00,2025-09-23 16:00:00+00:00
7464591687935,D1,3,384.0,388.0,4.0,388,220,Likely churned,2024-08-29 16:00:00+00:00,2025-09-21 16:00:00+00:00
8117513683199,D1,5,22.0,96.0,74.0,195,130,At-risk,2025-06-08 16:00:00+00:00,2025-12-20 16:00:00+00:00
7756428902655,D1,6,20.0,82.0,62.0,264,442,Likely churned,2024-05-23 16:00:00+00:00,2025-02-11 16:00:00+00:00
8226067218687,D3,1,,,,0,233,Likely churned,2025-09-08 16:00:00+00:00,2025-09-08 16:00:00+00:00
7292403122431,D1,3,235.0,300.0,65.0,300,412,Likely churned,2024-05-17 16:00:00+00:00,2025-03-13 16:00:00+00:00
7269385601279,D2,2,22.0,,,22,700,Likely churned,2024-05-07 16:00:00+00:00,2024-05-29 16:00:00+00:00
7756015763711,D1,6,171.0,415.0,244.0,751,580,Likely churned,2022-09-06 16:00:00+00:00,2024-09-26 16:00:00+00:00
7756440404223,D1,5,59.0,89.0,30.0,332,337,Likely churned,2024-06-29 16:00:00+00:00,2025-05-27 16:00:00+00:00
8306264637695,D1,4,24.0,104.0,80.0,157,80,Active,2025-09-04 16:00:00+00:00,2026-02-08 16:00:00+00:00
7756327911679,D1,5,217.0,329.0,112.0,788,393,Likely churned,2023-02-03 16:00:00+00:00,2025-04-01 16:00:00+00:00
7756173213951,D1,5,338.0,359.0,21.0,989,71,Active,2023-06-04 16:00:00+00:00,2026-02-17 16:00:00+00:00
7755925750015,D1,4,111.0,261.0,150.0,1038,433,Likely churned,2022-04-19 16:00:00+00:00,2025-02-20 16:00:00+00:00
7696462545151,D2,2,156.0,,,156,350,Likely churned,2024-12-09 16:00:00+00:00,2025-05-14 16:00:00+00:00
7829520974079,D1,2,147.0,,,147,304,Likely churned,2025-02-02 16:00:00+00:00,2025-06-29 16:00:00+00:00
7869262201087,D3,1,,,,0,431,Likely churned,2025-02-22 16:00:00+00:00,2025-02-22 16:00:00+00:00
6423226679551,D1,3,188.0,264.0,76.0,264,1091,Likely churned,2022-08-13 16:00:00+00:00,2023-05-04 16:00:00+00:00
7476901839103,D1,4,28.0,202.0,174.0,258,348,Likely churned,2024-08-31 16:00:00+00:00,2025-05-16 16:00:00+00:00
7756015894783,D2,2,178.0,,,178,1158,Likely churned,2022-09-01 16:00:00+00:00,2023-02-26 16:00:00+00:00
7756043747583,D1,2,23.0,,,23,1539,Likely churned,2022-01-18 16:00:00+00:00,2022-02-10 16:00:00+00:00
7756418613503,D1,4,1.0,75.0,74.0,364,380,Likely churned,2024-04-15 16:00:00+00:00,2025-04-14 16:00:00+00:00
8234169762047,D1,2,42.0,,,42,229,Likely churned,2025-08-01 16:00:00+00:00,2025-09-12 16:00:00+00:00
7521930281215,D2,2,31.0,,,31,547,Likely churned,2024-09-28 16:00:00+00:00,2024-10-29 16:00:00+00:00
7984357114111,D1,2,58.0,,,58,308,Likely churned,2025-04-28 16:00:00+00:00,2025-06-25 16:00:00+00:00
7154402656511,D1,4,61.0,184.0,123.0,457,306,Likely churned,2024-03-27 16:00:00+00:00,2025-06-27 16:00:00+00:00
8566894854399,D1,3,73.0,111.0,38.0,111,30,Active,2025-12-09 16:00:00+00:00,2026-03-30 16:00:00+00:00
7756267454719,D1,8,96.0,205.0,109.0,465,719,Likely churned,2023-01-31 16:00:00+00:00,2024-05-10 16:00:00+00:00
6329843384575,D1,3,30.0,154.0,124.0,154,1185,Likely churned,2022-08-29 16:00:00+00:00,2023-01-30 16:00:00+00:00
7756466028799,D1,3,110.0,155.0,45.0,155,423,Likely churned,2024-09-28 16:00:00+00:00,2025-03-02 16:00:00+00:00
8253776953599,D1,2,27.0,,,27,233,Likely churned,2025-08-12 16:00:00+00:00,2025-09-08 16:00:00+00:00
8384362742015,D1,2,16.0,,,16,186,Likely churned,2025-10-09 16:00:00+00:00,2025-10-25 16:00:00+00:00
6328230281471,D2,2,344.0,,,344,1121,Likely churned,2022-04-25 16:00:00+00:00,2023-04-04 16:00:00+00:00
7756432212223,D1,3,121.0,352.0,231.0,352,348,Likely churned,2024-05-29 16:00:00+00:00,2025-05-16 16:00:00+00:00
6366358503679,D2,2,67.0,,,67,1233,Likely churned,2022-10-07 16:00:00+00:00,2022-12-13 16:00:00+00:00
7469847445759,D1,5,30.0,102.0,72.0,216,394,Likely churned,2024-08-27 16:00:00+00:00,2025-03-31 16:00:00+00:00
7756357435647,D1,14,148.0,190.0,42.0,1074,52,Active,2023-03-30 16:00:00+00:00,2026-03-08 16:00:00+00:00
7756420579583,D1,2,28.0,,,28,700,Likely churned,2024-05-01 16:00:00+00:00,2024-05-29 16:00:00+00:00
7756468453631,D1,2,0.0,,,0,579,Likely churned,2024-09-27 16:00:00+00:00,2024-09-27 16:00:00+00:00
8249601130751,D1,2,64.0,,,64,198,Likely churned,2025-08-10 16:00:00+00:00,2025-10-13 16:00:00+00:00
6835415613695,D2,2,308.0,,,308,613,Likely churned,2023-10-21 16:00:00+00:00,2024-08-24 16:00:00+00:00
8713832366335,D2,1,,,,0,95,At-risk,2026-01-24 16:00:00+00:00,2026-01-24 16:00:00+00:00
7969066320127,D1,4,56.0,168.0,112.0,252,123,At-risk,2025-04-19 16:00:00+00:00,2025-12-27 16:00:00+00:00
6670248935679,D1,4,37.0,643.0,606.0,675,405,Likely churned,2023-05-15 16:00:00+00:00,2025-03-20 16:00:00+00:00
6336696123647,D1,4,2.0,79.0,77.0,105,1470,Likely churned,2022-01-05 16:00:00+00:00,2022-04-20 16:00:00+00:00
7756396036351,D1,11,30.0,75.0,45.0,484,395,Likely churned,2023-12-02 16:00:00+00:00,2025-03-30 16:00:00+00:00
6329603752191,D1,3,248.0,319.0,71.0,319,1210,Likely churned,2022-02-20 16:00:00+00:00,2023-01-05 16:00:00+00:00
7756040503551,D1,2,45.0,,,45,1518,Likely churned,2022-01-17 16:00:00+00:00,2022-03-03 16:00:00+00:00
7340202328319,D5,1,,,,0,682,Likely churned,2024-06-16 16:00:00+00:00,2024-06-16 16:00:00+00:00
7519676170495,D2,2,28.0,,,28,549,Likely churned,2024-09-29 16:00:00+00:00,2024-10-27 16:00:00+00:00
7756471304447,D1,2,131.0,,,131,422,Likely churned,2024-10-23 16:00:00+00:00,2025-03-03 16:00:00+00:00
6763164958975,D5,1,,,,0,1000,Likely churned,2023-08-03 16:00:00+00:00,2023-08-03 16:00:00+00:00
6329708839167,D5,1,,,,0,1407,Likely churned,2022-06-22 16:00:00+00:00,2022-06-22 16:00:00+00:00
7304552186111,D2,2,99.0,,,99,606,Likely churned,2024-05-24 16:00:00+00:00,2024-08-31 16:00:00+00:00
7278303510783,D1,6,28.0,84.0,56.0,168,548,Likely churned,2024-05-13 16:00:00+00:00,2024-10-28 16:00:00+00:00
7755921326335,D2,2,36.0,,,36,229,Likely churned,2025-08-07 16:00:00+00:00,2025-09-12 16:00:00+00:00
6336718930175,D1,3,429.0,1014.0,585.0,1014,203,Likely churned,2022-12-29 16:00:00+00:00,2025-10-08 16:00:00+00:00
7573622128895,D1,3,329.0,339.0,10.0,339,218,Likely churned,2024-10-19 16:00:00+00:00,2025-09-23 16:00:00+00:00
7968596427007,D1,8,49.0,56.0,7.0,322,53,Active,2025-04-19 16:00:00+00:00,2026-03-07 16:00:00+00:00
8055471735039,D1,3,12.0,85.0,73.0,85,263,Likely churned,2025-05-16 16:00:00+00:00,2025-08-09 16:00:00+00:00
7307595514111,D1,3,360.0,381.0,21.0,381,321,Likely churned,2024-05-27 16:00:00+00:00,2025-06-12 16:00:00+00:00
7756476645631,D1,3,341.0,360.0,19.0,360,190,Likely churned,2024-10-26 16:00:00+00:00,2025-10-21 16:00:00+00:00
7756469895423,D1,6,84.0,126.0,42.0,252,324,Likely churned,2024-09-30 16:00:00+00:00,2025-06-09 16:00:00+00:00
8260457005311,D1,3,12.0,55.0,43.0,55,202,Likely churned,2025-08-15 16:00:00+00:00,2025-10-09 16:00:00+00:00
8761752518911,D2,1,,,,0,82,Active,2026-02-06 16:00:00+00:00,2026-02-06 16:00:00+00:00
8676694294783,D1,2,10.0,,,10,103,At-risk,2026-01-06 16:00:00+00:00,2026-01-16 16:00:00+00:00
8366984167679,D2,1,,,,0,207,Likely churned,2025-10-04 16:00:00+00:00,2025-10-04 16:00:00+00:00
8364385337599,D2,1,,,,0,208,Likely churned,2025-10-03 16:00:00+00:00,2025-10-03 16:00:00+00:00
6329834832127,D1,3,174.0,264.0,90.0,264,1312,Likely churned,2022-01-04 16:00:00+00:00,2022-09-25 16:00:00+00:00
7756261589247,D1,3,644.0,1189.0,545.0,1189,45,Active,2022-12-12 16:00:00+00:00,2026-03-15 16:00:00+00:00
7971635331327,D1,6,4.0,57.0,53.0,225,148,At-risk,2025-04-21 16:00:00+00:00,2025-12-02 16:00:00+00:00
8067675586815,D1,2,139.0,,,139,191,Likely churned,2025-06-03 16:00:00+00:00,2025-10-20 16:00:00+00:00
7942386712831,D1,6,11.0,22.0,11.0,178,182,Likely churned,2025-05-04 16:00:00+00:00,2025-10-29 16:00:00+00:00
8347407614207,D1,2,132.0,,,132,74,Active,2025-10-05 16:00:00+00:00,2026-02-14 16:00:00+00:00
8286033117439,D3,1,,,,0,249,Likely churned,2025-08-23 16:00:00+00:00,2025-08-23 16:00:00+00:00
7959761486079,D1,4,53.0,137.0,84.0,165,215,Likely churned,2025-04-14 16:00:00+00:00,2025-09-26 16:00:00+00:00
7733235646719,D2,2,54.0,,,54,433,Likely churned,2024-12-28 16:00:00+00:00,2025-02-20 16:00:00+00:00
8162392932607,D1,3,108.0,189.0,81.0,189,118,At-risk,2025-06-26 16:00:00+00:00,2026-01-01 16:00:00+00:00
6328212750591,D1,4,4.0,10.0,6.0,13,377,Likely churned,2025-04-04 16:00:00+00:00,2025-04-17 16:00:00+00:00
7756264800511,D1,5,626.0,654.0,28.0,822,386,Likely churned,2023-01-07 16:00:00+00:00,2025-04-08 16:00:00+00:00
7089442390271,D1,4,84.0,168.0,84.0,549,250,Likely churned,2024-02-20 16:00:00+00:00,2025-08-22 16:00:00+00:00
7953613816063,D1,2,327.0,,,327,58,Active,2025-04-09 16:00:00+00:00,2026-03-02 16:00:00+00:00
6328274747647,D1,4,127.0,298.0,171.0,428,1042,Likely churned,2022-04-20 16:00:00+00:00,2023-06-22 16:00:00+00:00
7956311998719,D1,5,115.0,230.0,115.0,298,33,Active,2025-06-02 16:00:00+00:00,2026-03-27 16:00:00+00:00
6329869861119,D1,3,119.0,419.0,300.0,419,990,Likely churned,2022-06-20 16:00:00+00:00,2023-08-13 16:00:00+00:00
7756001116415,D1,5,25.0,25.0,0.0,302,1243,Likely churned,2022-02-04 16:00:00+00:00,2022-12-03 16:00:00+00:00
8114101715199,D1,4,34.0,62.0,28.0,64,180,Likely churned,2025-08-28 16:00:00+00:00,2025-10-31 16:00:00+00:00
7756392923391,D1,3,99.0,156.0,57.0,156,703,Likely churned,2023-12-22 16:00:00+00:00,2024-05-26 16:00:00+00:00
8315540439295,D1,2,22.0,,,22,210,Likely churned,2025-09-09 16:00:00+00:00,2025-10-01 16:00:00+00:00
6336735478015,D1,3,696.0,1068.0,372.0,1068,388,Likely churned,2022-05-04 16:00:00+00:00,2025-04-06 16:00:00+00:00
7251339804927,D2,2,33.0,,,33,700,Likely churned,2024-04-26 16:00:00+00:00,2024-05-29 16:00:00+00:00
7756044566783,D4,1,,,,0,1546,Likely churned,2022-02-03 16:00:00+00:00,2022-02-03 16:00:00+00:00
7756002918655,D1,3,123.0,253.0,130.0,253,1309,Likely churned,2022-01-18 16:00:00+00:00,2022-09-28 16:00:00+00:00
6327401709823,D1,3,264.0,346.0,82.0,346,1122,Likely churned,2022-04-22 16:00:00+00:00,2023-04-03 16:00:00+00:00
8663410245887,D2,1,,,,0,119,At-risk,2025-12-31 16:00:00+00:00,2025-12-31 16:00:00+00:00
7755958354175,D2,2,46.0,,,46,707,Likely churned,2024-04-06 16:00:00+00:00,2024-05-22 16:00:00+00:00
7984809738495,D1,4,27.0,57.0,30.0,140,225,Likely churned,2025-04-29 16:00:00+00:00,2025-09-16 16:00:00+00:00
8071589462271,D1,4,28.0,84.0,56.0,112,231,Likely churned,2025-05-21 16:00:00+00:00,2025-09-10 16:00:00+00:00
8290909290751,D1,5,27.0,44.0,17.0,200,46,Active,2025-08-26 16:00:00+00:00,2026-03-14 16:00:00+00:00
7756262801663,D1,7,35.0,155.0,120.0,520,702,Likely churned,2022-12-24 16:00:00+00:00,2024-05-27 16:00:00+00:00
8312709251327,D3,1,,,,0,234,Likely churned,2025-09-07 16:00:00+00:00,2025-09-07 16:00:00+00:00
6327719231743,D2,2,75.0,,,75,318,Likely churned,2025-04-01 16:00:00+00:00,2025-06-15 16:00:00+00:00
7756266930431,D1,2,453.0,,,453,735,Likely churned,2023-01-27 16:00:00+00:00,2024-04-24 16:00:00+00:00
7755978670335,D1,10,0.0,97.0,97.0,1031,486,Likely churned,2022-03-04 16:00:00+00:00,2024-12-29 16:00:00+00:00
6601910092031,D1,6,170.0,212.0,42.0,548,596,Likely churned,2023-03-12 16:00:00+00:00,2024-09-10 16:00:00+00:00
7756408029439,D1,9,56.0,56.0,0.0,224,580,Likely churned,2024-02-15 16:00:00+00:00,2024-09-26 16:00:00+00:00
7756470321407,D4,1,,,,0,575,Likely churned,2024-10-01 16:00:00+00:00,2024-10-01 16:00:00+00:00
8060160180479,D1,4,6.0,10.0,4.0,270,77,Active,2025-05-17 16:00:00+00:00,2026-02-11 16:00:00+00:00
7519345475839,D2,2,339.0,,,339,241,Likely churned,2024-09-26 16:00:00+00:00,2025-08-31 16:00:00+00:00
7756183634175,D1,3,367.0,414.0,47.0,414,318,Likely churned,2024-04-27 16:00:00+00:00,2025-06-15 16:00:00+00:00
7756461441279,D1,3,31.0,96.0,65.0,96,512,Likely churned,2024-08-29 16:00:00+00:00,2024-12-03 16:00:00+00:00
6327734927615,D1,7,909.0,951.0,42.0,1378,81,Active,2022-05-01 16:00:00+00:00,2026-02-07 16:00:00+00:00
7756406751487,D1,2,46.0,,,46,760,Likely churned,2024-02-13 16:00:00+00:00,2024-03-30 16:00:00+00:00
8290383069439,D1,2,30.0,,,30,216,Likely churned,2025-08-26 16:00:00+00:00,2025-09-25 16:00:00+00:00
7756440535295,D4,1,,,,0,669,Likely churned,2024-06-29 16:00:00+00:00,2024-06-29 16:00:00+00:00
7756039913727,D4,1,,,,0,1513,Likely churned,2022-03-08 16:00:00+00:00,2022-03-08 16:00:00+00:00
7826465128703,D1,2,47.0,,,47,406,Likely churned,2025-01-31 16:00:00+00:00,2025-03-19 16:00:00+00:00
8347459059967,D1,4,74.0,83.0,9.0,130,86,Active,2025-09-25 16:00:00+00:00,2026-02-02 16:00:00+00:00
7534855061759,D5,1,,,,0,569,Likely churned,2024-10-07 16:00:00+00:00,2024-10-07 16:00:00+00:00
7957746417919,D1,2,170.0,,,170,197,Likely churned,2025-04-27 16:00:00+00:00,2025-10-14 16:00:00+00:00
8347824554239,D1,3,64.0,75.0,11.0,75,136,At-risk,2025-09-30 16:00:00+00:00,2025-12-14 16:00:00+00:00
8832270598399,D2,1,,,,0,53,Active,2026-03-07 16:00:00+00:00,2026-03-07 16:00:00+00:00
7756457509119,D1,4,18.0,80.0,62.0,290,337,Likely churned,2024-08-10 16:00:00+00:00,2025-05-27 16:00:00+00:00
8676518789375,D1,3,5.0,40.0,35.0,40,73,Active,2026-01-06 16:00:00+00:00,2026-02-15 16:00:00+00:00
8286293852415,D3,1,,,,0,249,Likely churned,2025-08-23 16:00:00+00:00,2025-08-23 16:00:00+00:00
7756016615679,D1,4,0.0,0.0,0.0,121,1338,Likely churned,2022-05-01 16:00:00+00:00,2022-08-30 16:00:00+00:00
7756410683647,D1,3,32.0,421.0,389.0,421,314,Likely churned,2024-04-24 16:00:00+00:00,2025-06-19 16:00:00+00:00
6327712874751,D5,1,,,,0,1359,Likely churned,2022-08-09 16:00:00+00:00,2022-08-09 16:00:00+00:00
6336758251775,D2,2,64.0,,,64,1298,Likely churned,2022-08-06 16:00:00+00:00,2022-10-09 16:00:00+00:00
7756042174719,D1,5,1187.0,1257.0,70.0,1481,43,Active,2022-02-25 16:00:00+00:00,2026-03-17 16:00:00+00:00
6329600409855,D5,1,,,,0,1343,Likely churned,2022-08-25 16:00:00+00:00,2022-08-25 16:00:00+00:00
8299066654975,D1,2,25.0,,,25,216,Likely churned,2025-08-31 16:00:00+00:00,2025-09-25 16:00:00+00:00
7756476973311,D1,3,2.0,335.0,333.0,335,214,Likely churned,2024-10-27 16:00:00+00:00,2025-09-27 16:00:00+00:00
8667708227839,D1,3,49.0,84.0,35.0,84,33,Active,2026-01-02 16:00:00+00:00,2026-03-27 16:00:00+00:00
7304842477823,D2,2,26.0,,,26,678,Likely churned,2024-05-25 16:00:00+00:00,2024-06-20 16:00:00+00:00
6329709887743,D5,1,,,,0,1421,Likely churned,2022-06-08 16:00:00+00:00,2022-06-08 16:00:00+00:00
6336712409343,D1,5,789.0,862.0,73.0,969,611,Likely churned,2021-12-31 16:00:00+00:00,2024-08-26 16:00:00+00:00
7756357763327,D1,4,125.0,336.0,211.0,420,493,Likely churned,2023-10-29 16:00:00+00:00,2024-12-22 16:00:00+00:00
7135034441983,D2,2,14.0,,,14,760,Likely churned,2024-03-16 16:00:00+00:00,2024-03-30 16:00:00+00:00
6327691772159,D5,1,,,,0,1445,Likely churned,2022-05-15 16:00:00+00:00,2022-05-15 16:00:00+00:00
8702702944511,D1,2,42.0,,,42,59,Active,2026-01-18 16:00:00+00:00,2026-03-01 16:00:00+00:00
7756265619711,D1,3,227.0,954.0,727.0,954,246,Likely churned,2023-01-15 16:00:00+00:00,2025-08-26 16:00:00+00:00
7756000198911,D1,5,39.0,130.0,91.0,593,849,Likely churned,2022-05-18 16:00:00+00:00,2024-01-01 16:00:00+00:00
6336719192319,D1,4,241.0,437.0,196.0,1174,250,Likely churned,2022-06-05 16:00:00+00:00,2025-08-22 16:00:00+00:00
7475322421503,D5,1,,,,0,607,Likely churned,2024-08-30 16:00:00+00:00,2024-08-30 16:00:00+00:00
7756459114751,D1,6,229.0,180.0,-49.0,359,255,Likely churned,2024-08-23 16:00:00+00:00,2025-08-17 16:00:00+00:00
7829327544575,D1,4,56.0,84.0,28.0,140,329,Likely churned,2025-01-15 16:00:00+00:00,2025-06-04 16:00:00+00:00
7476820934911,D5,1,,,,0,606,Likely churned,2024-08-31 16:00:00+00:00,2024-08-31 16:00:00+00:00
6532484989183,D1,4,149.0,244.0,95.0,401,943,Likely churned,2022-08-24 16:00:00+00:00,2023-09-29 16:00:00+00:00
7475341721855,D2,2,169.0,,,169,438,Likely churned,2024-08-30 16:00:00+00:00,2025-02-15 16:00:00+00:00
7476853145855,D5,1,,,,0,606,Likely churned,2024-08-31 16:00:00+00:00,2024-08-31 16:00:00+00:00
7483704705279,D2,2,280.0,,,280,322,Likely churned,2024-09-04 16:00:00+00:00,2025-06-11 16:00:00+00:00
8723761168639,D1,2,13.0,,,13,77,Active,2026-01-29 16:00:00+00:00,2026-02-11 16:00:00+00:00
7878625362175,D1,3,56.0,126.0,70.0,126,247,Likely churned,2025-04-21 16:00:00+00:00,2025-08-25 16:00:00+00:00
6683695710463,D2,2,296.0,,,296,772,Likely churned,2023-05-27 16:00:00+00:00,2024-03-18 16:00:00+00:00
7366249840895,D2,2,58.0,,,58,611,Likely churned,2024-06-29 16:00:00+00:00,2024-08-26 16:00:00+00:00
7756048597247,D4,1,,,,0,1575,Likely churned,2022-01-05 16:00:00+00:00,2022-01-05 16:00:00+00:00
7138245443839,D5,1,,,,0,760,Likely churned,2024-03-30 16:00:00+00:00,2024-03-30 16:00:00+00:00
7154163482879,D5,1,,,,0,763,Likely churned,2024-03-27 16:00:00+00:00,2024-03-27 16:00:00+00:00
7259717894399,D5,1,,,,0,728,Likely churned,2024-05-01 16:00:00+00:00,2024-05-01 16:00:00+00:00
7307284611327,D5,1,,,,0,703,Likely churned,2024-05-26 16:00:00+00:00,2024-05-26 16:00:00+00:00
7308209324287,D5,1,,,,0,702,Likely churned,2024-05-27 16:00:00+00:00,2024-05-27 16:00:00+00:00
7523069362431,D5,1,,,,0,577,Likely churned,2024-09-29 16:00:00+00:00,2024-09-29 16:00:00+00:00
7311808626943,D2,2,24.0,,,24,676,Likely churned,2024-05-29 16:00:00+00:00,2024-06-22 16:00:00+00:00
8767332450559,D1,3,8.0,42.0,34.0,42,37,Active,2026-02-09 16:00:00+00:00,2026-03-23 16:00:00+00:00
6334077829375,D5,1,,,,0,1441,Likely churned,2022-05-19 16:00:00+00:00,2022-05-19 16:00:00+00:00
7308405080319,D5,1,,,,0,702,Likely churned,2024-05-27 16:00:00+00:00,2024-05-27 16:00:00+00:00
7756430967039,D1,3,123.0,225.0,102.0,225,476,Likely churned,2024-05-28 16:00:00+00:00,2025-01-08 16:00:00+00:00
7756469731583,D1,5,350.0,362.0,12.0,474,103,At-risk,2024-09-29 16:00:00+00:00,2026-01-16 16:00:00+00:00
8590782955775,D1,2,111.0,,,111,35,Active,2025-12-04 16:00:00+00:00,2026-03-25 16:00:00+00:00
8854317859071,D1,2,4.0,,,4,40,Active,2026-03-16 16:00:00+00:00,2026-03-20 16:00:00+00:00
7756418973951,D1,12,37.0,68.0,31.0,513,230,Likely churned,2024-04-16 16:00:00+00:00,2025-09-11 16:00:00+00:00
6372751343871,D2,2,61.0,,,61,1234,Likely churned,2022-10-12 16:00:00+00:00,2022-12-12 16:00:00+00:00
7756041027839,D4,1,,,,0,1519,Likely churned,2022-03-02 16:00:00+00:00,2022-03-02 16:00:00+00:00
7841564426495,D3,1,,,,0,440,Likely churned,2025-02-13 16:00:00+00:00,2025-02-13 16:00:00+00:00
7756418023679,D1,5,47.0,414.0,367.0,498,249,Likely churned,2024-04-12 16:00:00+00:00,2025-08-23 16:00:00+00:00
8904390836479,D2,1,,,,0,30,Active,2026-03-30 16:00:00+00:00,2026-03-30 16:00:00+00:00
8310327673087,D1,2,26.0,,,26,209,Likely churned,2025-09-06 16:00:00+00:00,2025-10-02 16:00:00+00:00
7756428116223,D1,2,40.0,,,40,669,Likely churned,2024-05-20 16:00:00+00:00,2024-06-29 16:00:00+00:00
8761818906879,D2,1,,,,0,82,Active,2026-02-06 16:00:00+00:00,2026-02-06 16:00:00+00:00
7268175544575,D2,2,143.0,,,143,579,Likely churned,2024-05-07 16:00:00+00:00,2024-09-27 16:00:00+00:00
8149869854975,D1,2,56.0,,,56,256,Likely churned,2025-06-21 16:00:00+00:00,2025-08-16 16:00:00+00:00
8701446029567,D1,2,28.0,,,28,74,Active,2026-01-17 16:00:00+00:00,2026-02-14 16:00:00+00:00
7537170055423,D2,2,155.0,,,155,414,Likely churned,2024-10-07 16:00:00+00:00,2025-03-11 16:00:00+00:00
8794668663039,D2,1,,,,0,68,Active,2026-02-20 16:00:00+00:00,2026-02-20 16:00:00+00:00
7995001045247,D3,1,,,,47,305,Likely churned,2025-05-12 16:00:00+00:00,2025-06-28 16:00:00+00:00
7756358844671,D1,14,28.0,56.0,28.0,782,323,Likely churned,2023-04-20 16:00:00+00:00,2025-06-10 16:00:00+00:00
7756407177471,D1,4,142.0,232.0,90.0,611,200,Likely churned,2024-02-08 16:00:00+00:00,2025-10-11 16:00:00+00:00
6607239348479,D1,3,28.0,56.0,28.0,56,1083,Likely churned,2023-03-17 16:00:00+00:00,2023-05-12 16:00:00+00:00
8349936746751,D3,1,,,,0,214,Likely churned,2025-09-27 16:00:00+00:00,2025-09-27 16:00:00+00:00
6329637929215,D2,2,39.0,,,39,762,Likely churned,2024-02-18 16:00:00+00:00,2024-03-28 16:00:00+00:00
7258491322623,D5,1,,,,0,729,Likely churned,2024-04-30 16:00:00+00:00,2024-04-30 16:00:00+00:00
8234476634367,D3,1,,,,0,271,Likely churned,2025-08-01 16:00:00+00:00,2025-08-01 16:00:00+00:00
7756429820159,D4,1,,,,0,703,Likely churned,2024-05-26 16:00:00+00:00,2024-05-26 16:00:00+00:00
7756469436671,D4,1,,,,0,577,Likely churned,2024-09-29 16:00:00+00:00,2024-09-29 16:00:00+00:00
8082865291519,D1,3,6.0,199.0,193.0,199,139,At-risk,2025-05-26 16:00:00+00:00,2025-12-11 16:00:00+00:00
7183640199423,D5,1,,,,0,703,Likely churned,2024-05-26 16:00:00+00:00,2024-05-26 16:00:00+00:00
7254253404415,D2,2,364.0,,,364,367,Likely churned,2024-04-28 16:00:00+00:00,2025-04-27 16:00:00+00:00
7308128321791,D5,1,,,,0,702,Likely churned,2024-05-27 16:00:00+00:00,2024-05-27 16:00:00+00:00
7910880280831,D3,1,,,,0,407,Likely churned,2025-03-18 16:00:00+00:00,2025-03-18 16:00:00+00:00
7583185371391,D2,2,364.0,,,364,184,Likely churned,2024-10-28 16:00:00+00:00,2025-10-27 16:00:00+00:00
6529440514303,D2,2,41.0,,,41,1141,Likely churned,2023-02-02 16:00:00+00:00,2023-03-15 16:00:00+00:00
6329611485439,D2,2,213.0,,,213,1186,Likely churned,2022-06-30 16:00:00+00:00,2023-01-29 16:00:00+00:00
6787329097983,D2,2,186.0,,,186,791,Likely churned,2023-08-26 16:00:00+00:00,2024-02-28 16:00:00+00:00
7756461670655,D1,3,236.0,552.0,316.0,552,56,Active,2024-08-29 16:00:00+00:00,2026-03-04 16:00:00+00:00
7756382339327,D1,2,94.0,,,94,859,Likely churned,2023-09-19 16:00:00+00:00,2023-12-22 16:00:00+00:00
7308278366463,D2,2,10.0,,,10,692,Likely churned,2024-05-27 16:00:00+00:00,2024-06-06 16:00:00+00:00
6599308607743,D1,4,28.0,53.0,25.0,81,1065,Likely churned,2023-03-10 16:00:00+00:00,2023-05-30 16:00:00+00:00
8133951881471,D1,2,75.0,,,75,244,Likely churned,2025-06-14 16:00:00+00:00,2025-08-28 16:00:00+00:00
7308582682879,D2,2,122.0,,,122,580,Likely churned,2024-05-27 16:00:00+00:00,2024-09-26 16:00:00+00:00
6532494196991,D1,3,618.0,753.0,135.0,753,185,Likely churned,2023-10-04 16:00:00+00:00,2025-10-26 16:00:00+00:00
7994690470143,D1,3,33.0,46.0,13.0,46,318,Likely churned,2025-04-30 16:00:00+00:00,2025-06-15 16:00:00+00:00
8902266945791,D2,1,,,,0,31,Active,2026-03-29 16:00:00+00:00,2026-03-29 16:00:00+00:00
8483228352767,D1,3,82.0,146.0,64.0,146,37,Active,2025-10-28 16:00:00+00:00,2026-03-23 16:00:00+00:00
7394844180735,D1,3,81.0,173.0,92.0,173,463,Likely churned,2024-08-01 16:00:00+00:00,2025-01-21 16:00:00+00:00
7932359868671,D1,2,281.0,,,281,115,At-risk,2025-03-29 16:00:00+00:00,2026-01-04 16:00:00+00:00
8585926672639,D1,2,38.0,,,38,109,At-risk,2025-12-03 16:00:00+00:00,2026-01-10 16:00:00+00:00
6582510584063,D5,1,,,,0,1159,Likely churned,2023-02-25 16:00:00+00:00,2023-02-25 16:00:00+00:00
7756410978559,D1,2,192.0,,,192,577,Likely churned,2024-03-21 16:00:00+00:00,2024-09-29 16:00:00+00:00
8714446045439,D1,2,40.0,,,40,55,Active,2026-01-24 16:00:00+00:00,2026-03-05 16:00:00+00:00
8825355141375,D2,1,,,,0,56,Active,2026-03-04 16:00:00+00:00,2026-03-04 16:00:00+00:00
7313591402751,D2,2,83.0,,,83,616,Likely churned,2024-05-30 16:00:00+00:00,2024-08-21 16:00:00+00:00
8765829415167,D2,1,,,,0,79,Active,2026-02-09 16:00:00+00:00,2026-02-09 16:00:00+00:00
7940967268607,D1,2,172.0,,,172,220,Likely churned,2025-04-02 16:00:00+00:00,2025-09-21 16:00:00+00:00
6423596531967,D2,2,0.0,,,0,1495,Likely churned,2022-03-26 16:00:00+00:00,2022-03-26 16:00:00+00:00
8474565968127,D1,2,139.0,,,139,48,Active,2025-10-24 16:00:00+00:00,2026-03-12 16:00:00+00:00
7756218728703,D1,2,15.0,,,15,116,At-risk,2025-12-19 16:00:00+00:00,2026-01-03 16:00:00+00:00
6593759609087,D1,3,28.0,28.0,0.0,28,1123,Likely churned,2023-03-05 16:00:00+00:00,2023-04-02 16:00:00+00:00
7756003803391,D2,2,58.0,,,58,702,Likely churned,2024-03-30 16:00:00+00:00,2024-05-27 16:00:00+00:00
7425530396927,D5,1,,,,0,357,Likely churned,2025-05-07 16:00:00+00:00,2025-05-07 16:00:00+00:00
6336647954687,D1,3,32.0,258.0,226.0,258,1219,Likely churned,2022-04-13 16:00:00+00:00,2022-12-27 16:00:00+00:00
7756263457023,D1,4,174.0,256.0,82.0,524,695,Likely churned,2022-12-27 16:00:00+00:00,2024-06-03 16:00:00+00:00
8639310823679,D1,2,64.0,,,64,65,Active,2025-12-21 16:00:00+00:00,2026-02-23 16:00:00+00:00
7113287008511,D2,2,82.0,,,82,703,Likely churned,2024-03-05 16:00:00+00:00,2024-05-26 16:00:00+00:00
8837407637759,D2,1,,,,0,51,Active,2026-03-09 16:00:00+00:00,2026-03-09 16:00:00+00:00
8360854388991,D1,2,147.0,,,147,60,Active,2025-10-04 16:00:00+00:00,2026-02-28 16:00:00+00:00
8089410470143,D1,2,24.0,,,24,312,Likely churned,2025-05-28 16:00:00+00:00,2025-06-21 16:00:00+00:00
7756469600511,D4,1,,,,0,577,Likely churned,2024-09-29 16:00:00+00:00,2024-09-29 16:00:00+00:00
8310005006591,D1,3,7.0,205.0,198.0,205,30,Active,2025-09-06 16:00:00+00:00,2026-03-30 16:00:00+00:00
7756010160383,D1,6,0.0,76.0,76.0,622,916,Likely churned,2022-02-11 16:00:00+00:00,2023-10-26 16:00:00+00:00
7430469386495,D2,2,53.0,,,53,579,Likely churned,2024-08-05 16:00:00+00:00,2024-09-27 16:00:00+00:00
7172742021375,D2,2,173.0,,,173,581,Likely churned,2024-04-05 16:00:00+00:00,2024-09-25 16:00:00+00:00
7856082321663,D1,2,398.0,,,398,30,Active,2025-02-25 16:00:00+00:00,2026-03-30 16:00:00+00:00
8445907501311,D1,2,11.0,,,11,181,Likely churned,2025-10-19 16:00:00+00:00,2025-10-30 16:00:00+00:00
8015408922879,D1,3,25.0,108.0,83.0,108,252,Likely churned,2025-05-04 16:00:00+00:00,2025-08-20 16:00:00+00:00
6424716706047,D2,2,647.0,,,647,443,Likely churned,2023-05-05 16:00:00+00:00,2025-02-10 16:00:00+00:00
7756042502399,D4,1,,,,0,1529,Likely churned,2022-02-20 16:00:00+00:00,2022-02-20 16:00:00+00:00
8657433362687,D2,1,,,,0,122,At-risk,2025-12-28 16:00:00+00:00,2025-12-28 16:00:00+00:00
7933864575231,D1,2,145.0,,,145,250,Likely churned,2025-03-30 16:00:00+00:00,2025-08-22 16:00:00+00:00
7756436701439,D1,5,98.0,197.0,99.0,464,219,Likely churned,2024-06-15 16:00:00+00:00,2025-09-22 16:00:00+00:00
7756442730751,D1,5,79.0,204.0,125.0,402,227,Likely churned,2024-08-08 16:00:00+00:00,2025-09-14 16:00:00+00:00
6336660111615,D2,2,37.0,,,37,942,Likely churned,2023-08-24 16:00:00+00:00,2023-09-30 16:00:00+00:00
7756477300991,D1,3,284.0,308.0,24.0,308,239,Likely churned,2024-10-29 16:00:00+00:00,2025-09-02 16:00:00+00:00
7168728498431,D1,3,25.0,139.0,114.0,139,616,Likely churned,2024-04-04 16:00:00+00:00,2024-08-21 16:00:00+00:00
8730866352383,D1,2,28.0,,,28,59,Active,2026-02-01 16:00:00+00:00,2026-03-01 16:00:00+00:00
7756435915007,D1,2,194.0,,,194,493,Likely churned,2024-06-11 16:00:00+00:00,2024-12-22 16:00:00+00:00
7937013809407,D1,2,317.0,,,317,77,Active,2025-03-31 16:00:00+00:00,2026-02-11 16:00:00+00:00
8351278334207,D3,1,,,,0,214,Likely churned,2025-09-27 16:00:00+00:00,2025-09-27 16:00:00+00:00
6329858785535,D2,2,0.0,,,0,1471,Likely churned,2022-04-19 16:00:00+00:00,2022-04-19 16:00:00+00:00
8480155238655,D2,1,,,,0,184,Likely churned,2025-10-27 16:00:00+00:00,2025-10-27 16:00:00+00:00
7756043583743,D4,1,,,,0,1538,Likely churned,2022-02-11 16:00:00+00:00,2022-02-11 16:00:00+00:00
7949137477887,D1,2,178.0,,,178,207,Likely churned,2025-04-09 16:00:00+00:00,2025-10-04 16:00:00+00:00
8364503302399,D2,1,,,,0,208,Likely churned,2025-10-03 16:00:00+00:00,2025-10-03 16:00:00+00:00
6822588449023,D2,2,369.0,,,369,579,Likely churned,2023-09-24 16:00:00+00:00,2024-09-27 16:00:00+00:00
7476702085375,D1,3,115.0,272.0,157.0,272,334,Likely churned,2024-08-31 16:00:00+00:00,2025-05-30 16:00:00+00:00
7947663081727,D1,2,76.0,,,76,311,Likely churned,2025-04-07 16:00:00+00:00,2025-06-22 16:00:00+00:00
8361846472959,D1,2,87.0,,,87,117,At-risk,2025-10-07 16:00:00+00:00,2026-01-02 16:00:00+00:00
7875674800383,D3,1,,,,0,429,Likely churned,2025-02-24 16:00:00+00:00,2025-02-24 16:00:00+00:00
6329836339455,D2,2,53.0,,,53,1437,Likely churned,2022-03-31 16:00:00+00:00,2022-05-23 16:00:00+00:00
7756422578431,D1,3,29.0,59.0,30.0,59,672,Likely churned,2024-04-28 16:00:00+00:00,2024-06-26 16:00:00+00:00
6423592370431,D2,2,486.0,,,486,981,Likely churned,2022-04-23 16:00:00+00:00,2023-08-22 16:00:00+00:00
7755954094335,D1,4,0.0,0.0,0.0,137,1278,Likely churned,2022-06-14 16:00:00+00:00,2022-10-29 16:00:00+00:00
6336758808831,D2,2,19.0,,,19,1311,Likely churned,2022-09-07 16:00:00+00:00,2022-09-26 16:00:00+00:00
6685270081791,D1,3,497.0,498.0,1.0,498,568,Likely churned,2023-05-29 16:00:00+00:00,2024-10-08 16:00:00+00:00
8244287111423,D3,1,,,,0,265,Likely churned,2025-08-07 16:00:00+00:00,2025-08-07 16:00:00+00:00
8835435233535,D2,1,,,,0,52,Active,2026-03-08 16:00:00+00:00,2026-03-08 16:00:00+00:00
8841410478335,D2,1,,,,0,49,Active,2026-03-11 16:00:00+00:00,2026-03-11 16:00:00+00:00
7756008128767,D4,1,,,,0,1280,Likely churned,2022-10-27 16:00:00+00:00,2022-10-27 16:00:00+00:00
6329857638655,D5,1,,,,0,703,Likely churned,2024-05-26 16:00:00+00:00,2024-05-26 16:00:00+00:00
8344990417151,D1,2,145.0,,,145,73,Active,2025-09-23 16:00:00+00:00,2026-02-15 16:00:00+00:00
6329699729663,D5,1,,,,0,1343,Likely churned,2022-08-25 16:00:00+00:00,2022-08-25 16:00:00+00:00
6423599907071,D5,1,,,,0,1521,Likely churned,2022-02-28 16:00:00+00:00,2022-02-28 16:00:00+00:00
6327404921087,D2,2,309.0,,,309,1043,Likely churned,2022-08-16 16:00:00+00:00,2023-06-21 16:00:00+00:00
6327627383039,D1,3,99.0,194.0,95.0,194,317,Likely churned,2024-12-04 16:00:00+00:00,2025-06-16 16:00:00+00:00
6334060429567,D2,2,1.0,,,1,1482,Likely churned,2022-04-07 16:00:00+00:00,2022-04-08 16:00:00+00:00
8035367223551,D1,4,27.0,83.0,56.0,111,243,Likely churned,2025-05-10 16:00:00+00:00,2025-08-29 16:00:00+00:00
7957906981119,D1,2,56.0,,,56,326,Likely churned,2025-04-12 16:00:00+00:00,2025-06-07 16:00:00+00:00
7868325495039,D1,2,76.0,,,76,355,Likely churned,2025-02-22 16:00:00+00:00,2025-05-09 16:00:00+00:00
7756453216511,D1,2,255.0,,,255,323,Likely churned,2024-09-28 16:00:00+00:00,2025-06-10 16:00:00+00:00
6336648675583,D1,3,16.0,602.0,586.0,602,228,Likely churned,2024-01-20 16:00:00+00:00,2025-09-13 16:00:00+00:00
7894464626943,D1,3,77.0,182.0,105.0,182,234,Likely churned,2025-03-09 16:00:00+00:00,2025-09-07 16:00:00+00:00
8151474929919,D1,2,203.0,,,203,108,At-risk,2025-06-22 16:00:00+00:00,2026-01-11 16:00:00+00:00
6336662634751,D2,2,413.0,,,413,702,Likely churned,2023-04-10 16:00:00+00:00,2024-05-27 16:00:00+00:00
6328231035135,D5,1,,,,0,1463,Likely churned,2022-04-27 16:00:00+00:00,2022-04-27 16:00:00+00:00
7756464914687,D4,1,,,,0,590,Likely churned,2024-09-16 16:00:00+00:00,2024-09-16 16:00:00+00:00
8109930512639,D1,2,83.0,,,83,245,Likely churned,2025-06-05 16:00:00+00:00,2025-08-27 16:00:00+00:00
8091443003647,D1,2,131.0,,,131,203,Likely churned,2025-05-30 16:00:00+00:00,2025-10-08 16:00:00+00:00
6550479470847,D1,3,135.0,436.0,301.0,436,735,Likely churned,2023-02-13 16:00:00+00:00,2024-04-24 16:00:00+00:00
7089768923391,D2,2,39.0,,,39,760,Likely churned,2024-02-20 16:00:00+00:00,2024-03-30 16:00:00+00:00
7756461375743,D1,2,529.0,,,529,79,Active,2024-08-29 16:00:00+00:00,2026-02-09 16:00:00+00:00
7967440109823,D1,2,343.0,,,343,33,Active,2025-04-18 16:00:00+00:00,2026-03-27 16:00:00+00:00
6776240406783,D2,2,50.0,,,50,938,Likely churned,2023-08-15 16:00:00+00:00,2023-10-04 16:00:00+00:00
8694256533759,D2,1,,,,0,105,At-risk,2026-01-14 16:00:00+00:00,2026-01-14 16:00:00+00:00
7755970740479,D1,3,4.0,91.0,87.0,91,1336,Likely churned,2022-06-02 16:00:00+00:00,2022-09-01 16:00:00+00:00
6377877831935,D2,2,133.0,,,133,1157,Likely churned,2022-10-17 16:00:00+00:00,2023-02-27 16:00:00+00:00
8343572152575,D1,2,138.0,,,138,81,Active,2025-09-22 16:00:00+00:00,2026-02-07 16:00:00+00:00
8780897124607,D2,1,,,,0,47,Active,2026-03-13 16:00:00+00:00,2026-03-13 16:00:00+00:00
8848376529151,D2,1,,,,0,46,Active,2026-03-14 16:00:00+00:00,2026-03-14 16:00:00+00:00
7919433187583,D1,2,7.0,,,7,396,Likely churned,2025-03-22 16:00:00+00:00,2025-03-29 16:00:00+00:00
8275771687167,D1,2,209.0,,,209,44,Active,2025-08-19 16:00:00+00:00,2026-03-16 16:00:00+00:00
7756016582911,D4,1,,,,0,1338,Likely churned,2022-08-30 16:00:00+00:00,2022-08-30 16:00:00+00:00
7896021860607,D1,2,42.0,,,42,373,Likely churned,2025-03-10 16:00:00+00:00,2025-04-21 16:00:00+00:00
7756425134335,D1,2,42.0,,,42,679,Likely churned,2024-05-08 16:00:00+00:00,2024-06-19 16:00:00+00:00
8795078983935,D1,2,4.0,,,4,64,Active,2026-02-20 16:00:00+00:00,2026-02-24 16:00:00+00:00
8325623087359,D3,1,,,,0,229,Likely churned,2025-09-12 16:00:00+00:00,2025-09-12 16:00:00+00:00
8226075803903,D3,1,,,,0,222,Likely churned,2025-09-19 16:00:00+00:00,2025-09-19 16:00:00+00:00
8334140932351,D3,1,,,,0,225,Likely churned,2025-09-16 16:00:00+00:00,2025-09-16 16:00:00+00:00
7756352356607,D1,3,60.0,540.0,480.0,540,607,Likely churned,2023-03-09 16:00:00+00:00,2024-08-30 16:00:00+00:00
7961351127295,D3,1,,,,0,380,Likely churned,2025-04-14 16:00:00+00:00,2025-04-14 16:00:00+00:00
7954004803839,D1,2,169.0,,,169,216,Likely churned,2025-04-09 16:00:00+00:00,2025-09-25 16:00:00+00:00
7475205636351,D2,2,551.0,,,551,56,Active,2024-08-30 16:00:00+00:00,2026-03-04 16:00:00+00:00
7756170002687,D4,1,,,,0,251,Likely churned,2025-08-21 16:00:00+00:00,2025-08-21 16:00:00+00:00
7756357632255,D1,5,348.0,432.0,84.0,780,347,Likely churned,2023-03-29 16:00:00+00:00,2025-05-17 16:00:00+00:00
7309950812415,D2,2,26.0,,,26,675,Likely churned,2024-05-28 16:00:00+00:00,2024-06-23 16:00:00+00:00
7756457148671,D1,3,22.0,189.0,167.0,189,440,Likely churned,2024-08-08 16:00:00+00:00,2025-02-13 16:00:00+00:00
8329035481343,D3,1,,,,0,227,Likely churned,2025-09-14 16:00:00+00:00,2025-09-14 16:00:00+00:00
6423596761343,D2,2,60.0,,,60,1498,Likely churned,2022-01-22 16:00:00+00:00,2022-03-23 16:00:00+00:00
6327622566143,D5,1,,,,0,1465,Likely churned,2022-04-25 16:00:00+00:00,2022-04-25 16:00:00+00:00
8069502337279,D1,2,11.0,,,11,332,Likely churned,2025-05-21 16:00:00+00:00,2025-06-01 16:00:00+00:00
7756397412607,D1,4,177.0,462.0,285.0,536,334,Likely churned,2023-12-11 16:00:00+00:00,2025-05-30 16:00:00+00:00
6650644726015,D1,3,56.0,224.0,168.0,224,874,Likely churned,2023-04-27 16:00:00+00:00,2023-12-07 16:00:00+00:00
7819138269439,D1,3,59.0,127.0,68.0,127,331,Likely churned,2025-01-26 16:00:00+00:00,2025-06-02 16:00:00+00:00
8245528232191,D1,2,9.0,,,9,255,Likely churned,2025-08-08 16:00:00+00:00,2025-08-17 16:00:00+00:00
8794067861759,D2,1,,,,0,68,Active,2026-02-20 16:00:00+00:00,2026-02-20 16:00:00+00:00
7756016779519,D1,3,9.0,115.0,106.0,115,1339,Likely churned,2022-05-06 16:00:00+00:00,2022-08-29 16:00:00+00:00
7461546655999,D2,2,373.0,,,373,243,Likely churned,2024-08-21 16:00:00+00:00,2025-08-29 16:00:00+00:00
8306218533119,D3,1,,,,0,237,Likely churned,2025-09-04 16:00:00+00:00,2025-09-04 16:00:00+00:00
7677500752127,D1,6,38.0,70.0,32.0,317,195,Likely churned,2024-12-03 16:00:00+00:00,2025-10-16 16:00:00+00:00
8274425446655,D3,1,,,,0,254,Likely churned,2025-08-18 16:00:00+00:00,2025-08-18 16:00:00+00:00
7476694876415,D1,3,13.0,220.0,207.0,220,386,Likely churned,2024-08-31 16:00:00+00:00,2025-04-08 16:00:00+00:00
7979789648127,D1,3,56.0,174.0,118.0,174,193,Likely churned,2025-04-27 16:00:00+00:00,2025-10-18 16:00:00+00:00
8770382364927,D1,3,17.0,45.0,28.0,45,33,Active,2026-02-10 16:00:00+00:00,2026-03-27 16:00:00+00:00
6327391977727,D2,2,153.0,,,153,1211,Likely churned,2022-08-04 16:00:00+00:00,2023-01-04 16:00:00+00:00
7755989319935,D2,2,360.0,,,360,1161,Likely churned,2022-02-28 16:00:00+00:00,2023-02-23 16:00:00+00:00
7756483690751,D1,2,452.0,,,452,62,Active,2024-12-01 16:00:00+00:00,2026-02-26 16:00:00+00:00
7146181067007,D5,1,,,,0,767,Likely churned,2024-03-23 16:00:00+00:00,2024-03-23 16:00:00+00:00
8786180342015,D1,2,28.0,,,28,44,Active,2026-02-16 16:00:00+00:00,2026-03-16 16:00:00+00:00
6532515791103,D2,2,243.0,,,243,1189,Likely churned,2022-05-28 16:00:00+00:00,2023-01-26 16:00:00+00:00
8633033228543,D2,1,,,,0,132,At-risk,2025-12-18 16:00:00+00:00,2025-12-18 16:00:00+00:00
7945581887743,D1,4,44.0,270.0,226.0,297,91,At-risk,2025-04-06 16:00:00+00:00,2026-01-28 16:00:00+00:00
6862672658687,D1,4,56.0,295.0,239.0,463,457,Likely churned,2023-10-22 16:00:00+00:00,2025-01-27 16:00:00+00:00
8364298830079,D3,1,,,,0,208,Likely churned,2025-10-03 16:00:00+00:00,2025-10-03 16:00:00+00:00
6327655891199,D2,2,229.0,,,229,1120,Likely churned,2022-08-19 16:00:00+00:00,2023-04-05 16:00:00+00:00
7843128967423,D3,1,,,,0,443,Likely churned,2025-02-10 16:00:00+00:00,2025-02-10 16:00:00+00:00
7948693700863,D1,3,123.0,152.0,29.0,152,231,Likely churned,2025-04-11 16:00:00+00:00,2025-09-10 16:00:00+00:00
8146098356479,D1,2,84.0,,,84,230,Likely churned,2025-06-19 16:00:00+00:00,2025-09-11 16:00:00+00:00
6348036178175,D5,1,,,,0,1316,Likely churned,2022-09-21 16:00:00+00:00,2022-09-21 16:00:00+00:00
7756028248319,D1,7,62.0,71.0,9.0,972,546,Likely churned,2022-03-03 16:00:00+00:00,2024-10-30 16:00:00+00:00
8037819154687,D3,1,,,,0,353,Likely churned,2025-05-11 16:00:00+00:00,2025-05-11 16:00:00+00:00
7875433824511,D1,2,161.0,,,161,268,Likely churned,2025-02-24 16:00:00+00:00,2025-08-04 16:00:00+00:00
8844887752959,D2,1,,,,0,43,Active,2026-03-17 16:00:00+00:00,2026-03-17 16:00:00+00:00
8698913390847,D1,2,30.0,,,30,73,Active,2026-01-16 16:00:00+00:00,2026-02-15 16:00:00+00:00
7927412392191,D3,1,,,,0,399,Likely churned,2025-03-26 16:00:00+00:00,2025-03-26 16:00:00+00:00
7753766043903,D2,2,402.0,,,402,74,Active,2025-01-08 16:00:00+00:00,2026-02-14 16:00:00+00:00
7870756061439,D1,2,70.0,,,70,351,Likely churned,2025-03-04 16:00:00+00:00,2025-05-13 16:00:00+00:00
8474630390015,D2,1,,,,0,187,Likely churned,2025-10-24 16:00:00+00:00,2025-10-24 16:00:00+00:00
7756423627007,D1,3,37.0,150.0,113.0,150,578,Likely churned,2024-05-01 16:00:00+00:00,2024-09-28 16:00:00+00:00
8807161102591,D2,1,,,,0,63,Active,2026-02-25 16:00:00+00:00,2026-02-25 16:00:00+00:00
7756466094335,D1,2,30.0,,,30,556,Likely churned,2024-09-20 16:00:00+00:00,2024-10-20 16:00:00+00:00
8364461097215,D1,2,111.0,,,111,97,At-risk,2025-10-03 16:00:00+00:00,2026-01-22 16:00:00+00:00
8371222905087,D1,2,168.0,,,168,36,Active,2025-10-07 16:00:00+00:00,2026-03-24 16:00:00+00:00
7756045811967,D4,1,,,,0,1564,Likely churned,2022-01-16 16:00:00+00:00,2022-01-16 16:00:00+00:00
6327633510655,D2,2,929.0,,,929,232,Likely churned,2023-02-23 16:00:00+00:00,2025-09-09 16:00:00+00:00
7756424708351,D1,4,309.0,387.0,78.0,414,310,Likely churned,2024-05-05 16:00:00+00:00,2025-06-23 16:00:00+00:00
7476877230335,D1,3,291.0,375.0,84.0,375,231,Likely churned,2024-08-31 16:00:00+00:00,2025-09-10 16:00:00+00:00
7673187434751,D5,1,,,,0,514,Likely churned,2024-12-01 16:00:00+00:00,2024-12-01 16:00:00+00:00
8160918765823,D3,1,,,,0,308,Likely churned,2025-06-25 16:00:00+00:00,2025-06-25 16:00:00+00:00
8477676601599,D2,1,,,,0,185,Likely churned,2025-10-26 16:00:00+00:00,2025-10-26 16:00:00+00:00
6976895189247,D2,2,501.0,,,501,346,Likely churned,2024-01-03 16:00:00+00:00,2025-05-18 16:00:00+00:00
7482746601727,D5,1,,,,0,602,Likely churned,2024-09-04 16:00:00+00:00,2024-09-04 16:00:00+00:00
6526214340863,D5,1,,,,0,1190,Likely churned,2023-01-25 16:00:00+00:00,2023-01-25 16:00:00+00:00
7475360497919,D2,2,1.0,,,1,606,Likely churned,2024-08-30 16:00:00+00:00,2024-08-31 16:00:00+00:00
7755966710015,D2,2,409.0,,,409,1090,Likely churned,2022-03-22 16:00:00+00:00,2023-05-05 16:00:00+00:00
7264693223679,D5,1,,,,0,725,Likely churned,2024-05-04 16:00:00+00:00,2024-05-04 16:00:00+00:00
7755999576319,D2,2,157.0,,,157,1423,Likely churned,2021-12-31 16:00:00+00:00,2022-06-06 16:00:00+00:00
8233176006911,D1,2,133.0,,,133,120,At-risk,2025-08-19 16:00:00+00:00,2025-12-30 16:00:00+00:00
8329028370687,D3,1,,,,0,227,Likely churned,2025-09-14 16:00:00+00:00,2025-09-14 16:00:00+00:00
8781274153215,D2,1,,,,0,74,Active,2026-02-14 16:00:00+00:00,2026-02-14 16:00:00+00:00
8787607060735,D2,1,,,,0,71,Active,2026-02-17 16:00:00+00:00,2026-02-17 16:00:00+00:00
8795868758271,D2,1,,,,0,67,Active,2026-02-21 16:00:00+00:00,2026-02-21 16:00:00+00:00
8796871360767,D2,1,,,,0,67,Active,2026-02-21 16:00:00+00:00,2026-02-21 16:00:00+00:00
8798951178495,D2,1,,,,0,65,Active,2026-02-23 16:00:00+00:00,2026-02-23 16:00:00+00:00
7970493825279,D1,2,142.0,,,142,232,Likely churned,2025-04-20 16:00:00+00:00,2025-09-09 16:00:00+00:00
7470529708287,D5,1,,,,0,609,Likely churned,2024-08-28 16:00:00+00:00,2024-08-28 16:00:00+00:00
7441933336831,D2,2,559.0,,,559,66,Active,2024-08-12 16:00:00+00:00,2026-02-22 16:00:00+00:00
7756020908287,D1,5,59.0,347.0,288.0,1149,375,Likely churned,2022-02-25 16:00:00+00:00,2025-04-19 16:00:00+00:00
8147962560767,D3,1,,,,0,313,Likely churned,2025-06-20 16:00:00+00:00,2025-06-20 16:00:00+00:00
7756001870079,D1,3,61.0,773.0,712.0,773,587,Likely churned,2022-08-08 16:00:00+00:00,2024-09-19 16:00:00+00:00
8758133653759,D1,2,41.0,,,41,38,Active,2026-02-09 16:00:00+00:00,2026-03-22 16:00:00+00:00
8342710878463,D1,2,30.0,,,30,189,Likely churned,2025-09-22 16:00:00+00:00,2025-10-22 16:00:00+00:00
7927261954303,D1,3,78.0,198.0,120.0,198,201,Likely churned,2025-03-26 16:00:00+00:00,2025-10-10 16:00:00+00:00
7522002174207,D2,2,231.0,,,231,347,Likely churned,2024-09-28 16:00:00+00:00,2025-05-17 16:00:00+00:00
7252280738047,D2,2,382.0,,,382,350,Likely churned,2024-04-27 16:00:00+00:00,2025-05-14 16:00:00+00:00
7476574650623,D2,2,25.0,,,25,581,Likely churned,2024-08-31 16:00:00+00:00,2024-09-25 16:00:00+00:00
8343144956159,D1,2,169.0,,,169,50,Active,2025-09-22 16:00:00+00:00,2026-03-10 16:00:00+00:00
8849562370303,D2,1,,,,0,45,Active,2026-03-15 16:00:00+00:00,2026-03-15 16:00:00+00:00
7056242082047,D2,2,41.0,,,41,772,Likely churned,2024-02-06 16:00:00+00:00,2024-03-18 16:00:00+00:00
7125851439359,D2,2,76.0,,,76,701,Likely churned,2024-03-13 16:00:00+00:00,2024-05-28 16:00:00+00:00
7141155700991,D5,1,,,,0,770,Likely churned,2024-03-20 16:00:00+00:00,2024-03-20 16:00:00+00:00
7202402926847,D5,1,,,,0,744,Likely churned,2024-04-15 16:00:00+00:00,2024-04-15 16:00:00+00:00
7252598948095,D5,1,,,,0,732,Likely churned,2024-04-27 16:00:00+00:00,2024-04-27 16:00:00+00:00
7307052122367,D5,1,,,,0,703,Likely churned,2024-05-26 16:00:00+00:00,2024-05-26 16:00:00+00:00
7321657475327,D2,2,21.0,,,21,673,Likely churned,2024-06-04 16:00:00+00:00,2024-06-25 16:00:00+00:00
7075370729727,D2,2,70.0,,,70,733,Likely churned,2024-02-16 16:00:00+00:00,2024-04-26 16:00:00+00:00
7756348522751,D1,4,303.0,420.0,117.0,500,668,Likely churned,2023-02-16 16:00:00+00:00,2024-06-30 16:00:00+00:00
6336654704895,D2,2,4.0,,,4,1337,Likely churned,2022-08-27 16:00:00+00:00,2022-08-31 16:00:00+00:00
7515696890111,D2,2,3.0,,,3,580,Likely churned,2024-09-23 16:00:00+00:00,2024-09-26 16:00:00+00:00
7991992877311,D3,1,,,,0,364,Likely churned,2025-04-30 16:00:00+00:00,2025-04-30 16:00:00+00:00
8725525266687,D1,2,22.0,,,22,67,Active,2026-01-30 16:00:00+00:00,2026-02-21 16:00:00+00:00
7756486476031,D1,2,109.0,,,109,387,Likely churned,2024-12-19 16:00:00+00:00,2025-04-07 16:00:00+00:00
7756360876287,D1,2,255.0,,,255,833,Likely churned,2023-05-07 16:00:00+00:00,2024-01-17 16:00:00+00:00
7756470976767,D1,2,501.0,,,501,69,Active,2024-10-06 16:00:00+00:00,2026-02-19 16:00:00+00:00
6327726637311,D1,3,325.0,388.0,63.0,388,374,Likely churned,2024-03-28 16:00:00+00:00,2025-04-20 16:00:00+00:00
6327399678207,D2,2,131.0,,,131,1311,Likely churned,2022-05-18 16:00:00+00:00,2022-09-26 16:00:00+00:00
8767224807679,D2,1,,,,0,79,Active,2026-02-09 16:00:00+00:00,2026-02-09 16:00:00+00:00
8353731182847,D1,2,1.0,,,1,211,Likely churned,2025-09-29 16:00:00+00:00,2025-09-30 16:00:00+00:00
6329687212287,D5,1,,,,0,760,Likely churned,2024-03-30 16:00:00+00:00,2024-03-30 16:00:00+00:00
7756460425471,D1,2,28.0,,,28,440,Likely churned,2025-01-16 16:00:00+00:00,2025-02-13 16:00:00+00:00
7305996370175,D5,1,,,,0,703,Likely churned,2024-05-26 16:00:00+00:00,2024-05-26 16:00:00+00:00
8303876473087,D3,1,,,,0,238,Likely churned,2025-09-03 16:00:00+00:00,2025-09-03 16:00:00+00:00
6616678793471,D2,2,27.0,,,27,1103,Likely churned,2023-03-26 16:00:00+00:00,2023-04-22 16:00:00+00:00
8244468383999,D1,2,28.0,,,28,47,Active,2026-02-13 16:00:00+00:00,2026-03-13 16:00:00+00:00
7756404261119,D1,2,219.0,,,219,608,Likely churned,2024-01-23 16:00:00+00:00,2024-08-29 16:00:00+00:00
6329719718143,D5,1,,,,0,1426,Likely churned,2022-06-03 16:00:00+00:00,2022-06-03 16:00:00+00:00
7572976107775,D1,4,342.0,442.0,100.0,519,38,Active,2024-10-19 16:00:00+00:00,2026-03-22 16:00:00+00:00
7756017893631,D1,3,130.0,241.0,111.0,241,1240,Likely churned,2022-04-09 16:00:00+00:00,2022-12-06 16:00:00+00:00
7756043256063,D1,3,706.0,1448.0,742.0,1448,87,Active,2022-02-14 16:00:00+00:00,2026-02-01 16:00:00+00:00
8071788527871,D3,1,,,,0,342,Likely churned,2025-05-22 16:00:00+00:00,2025-05-22 16:00:00+00:00
7756007866623,D4,1,,,,0,1284,Likely churned,2022-10-23 16:00:00+00:00,2022-10-23 16:00:00+00:00
7756414910719,D1,2,684.0,,,684,77,Active,2024-03-29 16:00:00+00:00,2026-02-11 16:00:00+00:00
6336760545535,D5,1,,,,0,1414,Likely churned,2022-06-15 16:00:00+00:00,2022-06-15 16:00:00+00:00
7237650612479,D1,5,28.0,254.0,226.0,422,316,Likely churned,2024-04-21 16:00:00+00:00,2025-06-17 16:00:00+00:00
7756425298175,D1,2,33.0,,,33,670,Likely churned,2024-05-26 16:00:00+00:00,2024-06-28 16:00:00+00:00
7475348308223,D5,1,,,,0,607,Likely churned,2024-08-30 16:00:00+00:00,2024-08-30 16:00:00+00:00
8350682448127,D1,3,76.0,130.0,54.0,130,67,Active,2025-10-14 16:00:00+00:00,2026-02-21 16:00:00+00:00
7869806838015,D3,1,,,,0,430,Likely churned,2025-02-23 16:00:00+00:00,2025-02-23 16:00:00+00:00
8326961922303,D3,1,,,,0,228,Likely churned,2025-09-13 16:00:00+00:00,2025-09-13 16:00:00+00:00
7756260671743,D1,3,33.0,152.0,119.0,152,978,Likely churned,2023-03-26 16:00:00+00:00,2023-08-25 16:00:00+00:00
6329694191871,D5,1,,,,0,1202,Likely churned,2023-01-13 16:00:00+00:00,2023-01-13 16:00:00+00:00
6508011389183,D5,1,,,,0,1205,Likely churned,2023-01-10 16:00:00+00:00,2023-01-10 16:00:00+00:00
8339344425215,D3,1,,,,0,221,Likely churned,2025-09-20 16:00:00+00:00,2025-09-20 16:00:00+00:00
8369445601535,D2,1,,,,0,205,Likely churned,2025-10-06 16:00:00+00:00,2025-10-06 16:00:00+00:00
7756240191743,D1,2,358.0,,,358,379,Likely churned,2024-04-22 16:00:00+00:00,2025-04-15 16:00:00+00:00
7756437750015,D1,2,297.0,,,297,383,Likely churned,2024-06-18 16:00:00+00:00,2025-04-11 16:00:00+00:00
8312861491455,D3,1,,,,0,233,Likely churned,2025-09-08 16:00:00+00:00,2025-09-08 16:00:00+00:00
8629353545983,D2,1,,,,0,133,At-risk,2025-12-17 16:00:00+00:00,2025-12-17 16:00:00+00:00
7756420317439,D1,2,33.0,,,33,705,Likely churned,2024-04-21 16:00:00+00:00,2024-05-24 16:00:00+00:00
8067328737535,D3,1,,,,0,338,Likely churned,2025-05-26 16:00:00+00:00,2025-05-26 16:00:00+00:00
7968778813695,D3,1,,,,0,375,Likely churned,2025-04-19 16:00:00+00:00,2025-04-19 16:00:00+00:00
8150025306367,D3,1,,,,0,312,Likely churned,2025-06-21 16:00:00+00:00,2025-06-21 16:00:00+00:00
8120812536063,D1,2,73.0,,,73,251,Likely churned,2025-06-09 16:00:00+00:00,2025-08-21 16:00:00+00:00
6648608686335,D2,2,116.0,,,116,832,Likely churned,2023-09-24 16:00:00+00:00,2024-01-18 16:00:00+00:00
7136674087167,D2,2,78.0,,,78,693,Likely churned,2024-03-19 16:00:00+00:00,2024-06-05 16:00:00+00:00
7519112855807,D5,1,,,,0,580,Likely churned,2024-09-26 16:00:00+00:00,2024-09-26 16:00:00+00:00
6547456491775,D2,2,139.0,,,139,1035,Likely churned,2023-02-10 16:00:00+00:00,2023-06-29 16:00:00+00:00
8807533609215,D1,2,28.0,,,28,35,Active,2026-02-25 16:00:00+00:00,2026-03-25 16:00:00+00:00
8301754482943,D1,2,151.0,,,151,88,Active,2025-09-02 16:00:00+00:00,2026-01-31 16:00:00+00:00
7582665900287,D2,2,108.0,,,108,441,Likely churned,2024-10-27 16:00:00+00:00,2025-02-12 16:00:00+00:00
7756022874367,D2,2,49.0,,,49,1450,Likely churned,2022-03-22 16:00:00+00:00,2022-05-10 16:00:00+00:00
8358432014591,D3,1,,,,0,209,Likely churned,2025-10-02 16:00:00+00:00,2025-10-02 16:00:00+00:00
6328308859135,D1,3,449.0,533.0,84.0,533,613,Likely churned,2023-03-10 16:00:00+00:00,2024-08-24 16:00:00+00:00
7756412387583,D1,2,386.0,,,386,376,Likely churned,2024-03-28 16:00:00+00:00,2025-04-18 16:00:00+00:00
8286057464063,D3,1,,,,0,249,Likely churned,2025-08-23 16:00:00+00:00,2025-08-23 16:00:00+00:00
7756468945151,D4,1,,,,0,578,Likely churned,2024-09-28 16:00:00+00:00,2024-09-28 16:00:00+00:00
7756469240063,D4,1,,,,0,577,Likely churned,2024-09-29 16:00:00+00:00,2024-09-29 16:00:00+00:00
7870948802815,D1,4,70.0,99.0,29.0,120,310,Likely churned,2025-02-23 16:00:00+00:00,2025-06-23 16:00:00+00:00
6329603490047,D5,1,,,,0,1200,Likely churned,2023-01-15 16:00:00+00:00,2023-01-15 16:00:00+00:00
6390669017343,D2,2,0.0,,,0,1282,Likely churned,2022-10-25 16:00:00+00:00,2022-10-25 16:00:00+00:00
6477783892223,D5,1,,,,0,1203,Likely churned,2023-01-12 16:00:00+00:00,2023-01-12 16:00:00+00:00
7756396265727,D1,2,56.0,,,56,811,Likely churned,2023-12-14 16:00:00+00:00,2024-02-08 16:00:00+00:00
7520123322623,D5,1,,,,0,578,Likely churned,2024-09-28 16:00:00+00:00,2024-09-28 16:00:00+00:00
6327740727551,D5,1,,,,0,1158,Likely churned,2023-02-26 16:00:00+00:00,2023-02-26 16:00:00+00:00
7756460294399,D1,2,207.0,,,207,404,Likely churned,2024-08-26 16:00:00+00:00,2025-03-21 16:00:00+00:00
7355300544767,D1,7,56.0,112.0,56.0,336,704,Likely churned,2023-06-24 16:00:00+00:00,2024-05-25 16:00:00+00:00
8273489494271,D1,3,20.0,27.0,7.0,27,227,Likely churned,2025-08-18 16:00:00+00:00,2025-09-14 16:00:00+00:00
8474627080447,D1,2,102.0,,,102,85,Active,2025-10-24 16:00:00+00:00,2026-02-03 16:00:00+00:00
6334064951551,D5,1,,,,0,703,Likely churned,2024-05-26 16:00:00+00:00,2024-05-26 16:00:00+00:00
8312444027135,D3,1,,,,0,200,Likely churned,2025-10-11 16:00:00+00:00,2025-10-11 16:00:00+00:00
7974875758847,D1,4,119.0,175.0,56.0,245,120,At-risk,2025-04-29 16:00:00+00:00,2025-12-30 16:00:00+00:00
8394724212991,D2,1,,,,0,200,Likely churned,2025-10-11 16:00:00+00:00,2025-10-11 16:00:00+00:00
8304445751551,D1,2,15.0,,,15,223,Likely churned,2025-09-03 16:00:00+00:00,2025-09-18 16:00:00+00:00
8438245097727,D2,1,,,,0,193,Likely churned,2025-10-18 16:00:00+00:00,2025-10-18 16:00:00+00:00
8343051698431,D3,1,,,,0,219,Likely churned,2025-09-22 16:00:00+00:00,2025-09-22 16:00:00+00:00
8115042943231,D3,1,,,,0,326,Likely churned,2025-06-07 16:00:00+00:00,2025-06-07 16:00:00+00:00
6336759333119,D1,3,40.0,40.0,0.0,40,1473,Likely churned,2022-03-08 16:00:00+00:00,2022-04-17 16:00:00+00:00
6532501864703,D2,2,11.0,,,11,1211,Likely churned,2022-12-24 16:00:00+00:00,2023-01-04 16:00:00+00:00
6327616831743,D5,1,,,,0,1432,Likely churned,2022-05-28 16:00:00+00:00,2022-05-28 16:00:00+00:00
6663954465023,D2,2,1017.0,,,1017,70,Active,2023-05-08 16:00:00+00:00,2026-02-18 16:00:00+00:00
6336631603455,D2,2,239.0,,,239,827,Likely churned,2023-05-29 16:00:00+00:00,2024-01-23 16:00:00+00:00
6336726204671,D2,2,542.0,,,542,799,Likely churned,2022-08-27 16:00:00+00:00,2024-02-20 16:00:00+00:00
7755927191807,D1,6,175.0,335.0,160.0,537,612,Likely churned,2023-03-07 16:00:00+00:00,2024-08-25 16:00:00+00:00
8681942548735,D2,1,,,,0,98,At-risk,2026-01-21 16:00:00+00:00,2026-01-21 16:00:00+00:00
8857096126719,D2,1,,,,0,43,Active,2026-03-17 16:00:00+00:00,2026-03-17 16:00:00+00:00
6327505322239,D5,1,,,,0,692,Likely churned,2024-06-06 16:00:00+00:00,2024-06-06 16:00:00+00:00
8343062544639,D3,1,,,,0,74,Active,2026-02-14 16:00:00+00:00,2026-02-14 16:00:00+00:00
8335227355391,D3,1,,,,0,224,Likely churned,2025-09-17 16:00:00+00:00,2025-09-17 16:00:00+00:00
7825248059647,D4,1,,,,0,454,Likely churned,2025-01-30 16:00:00+00:00,2025-01-30 16:00:00+00:00
8348116812031,D3,1,,,,0,216,Likely churned,2025-09-25 16:00:00+00:00,2025-09-25 16:00:00+00:00
7756034146559,D1,3,941.0,981.0,40.0,981,460,Likely churned,2022-05-19 16:00:00+00:00,2025-01-24 16:00:00+00:00
6592949715199,D5,1,,,,0,1152,Likely churned,2023-03-04 16:00:00+00:00,2023-03-04 16:00:00+00:00
8130705981695,D1,2,83.0,,,83,237,Likely churned,2025-06-13 16:00:00+00:00,2025-09-04 16:00:00+00:00
7735604707583,D2,2,117.0,,,117,368,Likely churned,2024-12-30 16:00:00+00:00,2025-04-26 16:00:00+00:00
7756423495935,D1,2,155.0,,,155,546,Likely churned,2024-05-28 16:00:00+00:00,2024-10-30 16:00:00+00:00
8337910989055,D1,2,80.0,,,80,142,At-risk,2025-09-19 16:00:00+00:00,2025-12-08 16:00:00+00:00
7341024936191,D5,1,,,,0,233,Likely churned,2025-09-08 16:00:00+00:00,2025-09-08 16:00:00+00:00
8312191123711,D3,1,,,,0,234,Likely churned,2025-09-07 16:00:00+00:00,2025-09-07 16:00:00+00:00
8714975674623,D2,1,,,,0,95,At-risk,2026-01-24 16:00:00+00:00,2026-01-24 16:00:00+00:00
7756037390591,D1,2,24.0,,,24,1473,Likely churned,2022-03-24 16:00:00+00:00,2022-04-17 16:00:00+00:00
7756361367807,D1,2,97.0,,,97,983,Likely churned,2023-05-15 16:00:00+00:00,2023-08-20 16:00:00+00:00
8862032593151,D2,1,,,,0,31,Active,2026-03-29 16:00:00+00:00,2026-03-29 16:00:00+00:00
7756457541887,D1,2,392.0,,,392,237,Likely churned,2024-08-08 16:00:00+00:00,2025-09-04 16:00:00+00:00
8242684559615,D3,1,,,,0,266,Likely churned,2025-08-06 16:00:00+00:00,2025-08-06 16:00:00+00:00
8324492656895,D3,1,,,,0,230,Likely churned,2025-09-11 16:00:00+00:00,2025-09-11 16:00:00+00:00
7755938726143,D1,12,27.0,55.0,28.0,456,334,Likely churned,2024-02-29 16:00:00+00:00,2025-05-30 16:00:00+00:00
7756468355327,D4,1,,,,0,579,Likely churned,2024-09-27 16:00:00+00:00,2024-09-27 16:00:00+00:00
8251601027327,D3,1,,,,0,261,Likely churned,2025-08-11 16:00:00+00:00,2025-08-11 16:00:00+00:00
8294475825407,D3,1,,,,0,244,Likely churned,2025-08-28 16:00:00+00:00,2025-08-28 16:00:00+00:00
7897447629055,D3,1,,,,0,59,Active,2026-03-01 16:00:00+00:00,2026-03-01 16:00:00+00:00
8714014359807,D1,3,28.0,56.0,28.0,56,36,Active,2026-01-27 16:00:00+00:00,2026-03-24 16:00:00+00:00
6820808163583,D1,5,34.0,84.0,50.0,146,804,Likely churned,2023-09-22 16:00:00+00:00,2024-02-15 16:00:00+00:00
8792260149503,D2,1,,,,0,69,Active,2026-02-19 16:00:00+00:00,2026-02-19 16:00:00+00:00
7756429492479,D1,2,31.0,,,31,672,Likely churned,2024-05-26 16:00:00+00:00,2024-06-26 16:00:00+00:00
6329870385407,D2,2,62.0,,,62,1441,Likely churned,2022-03-18 16:00:00+00:00,2022-05-19 16:00:00+00:00
8696541905151,D2,1,,,,0,65,Active,2026-02-23 16:00:00+00:00,2026-02-23 16:00:00+00:00
6631997964543,D2,2,168.0,,,168,948,Likely churned,2023-04-09 16:00:00+00:00,2023-09-24 16:00:00+00:00
7756468027647,D1,3,35.0,205.0,170.0,205,375,Likely churned,2024-09-26 16:00:00+00:00,2025-04-19 16:00:00+00:00
7756468486399,D1,2,209.0,,,209,370,Likely churned,2024-09-27 16:00:00+00:00,2025-04-24 16:00:00+00:00
7963787067647,D1,2,18.0,,,18,360,Likely churned,2025-04-16 16:00:00+00:00,2025-05-04 16:00:00+00:00
7756185796863,D4,1,,,,0,77,Active,2026-02-11 16:00:00+00:00,2026-02-11 16:00:00+00:00
8881050845439,D2,1,,,,0,35,Active,2026-03-25 16:00:00+00:00,2026-03-25 16:00:00+00:00
7862649389311,D3,1,,,,0,430,Likely churned,2025-02-23 16:00:00+00:00,2025-02-23 16:00:00+00:00
8829393436927,D2,1,,,,0,54,Active,2026-03-06 16:00:00+00:00,2026-03-06 16:00:00+00:00
6328277893375,D2,2,178.0,,,178,861,Likely churned,2023-06-25 16:00:00+00:00,2023-12-20 16:00:00+00:00
7168908230911,D1,3,9.0,22.0,13.0,22,734,Likely churned,2024-04-03 16:00:00+00:00,2024-04-25 16:00:00+00:00
6880733135103,D1,4,42.0,84.0,42.0,168,706,Likely churned,2023-12-07 16:00:00+00:00,2024-05-23 16:00:00+00:00
6479260352767,D2,2,0.0,,,0,1228,Likely churned,2022-12-18 16:00:00+00:00,2022-12-18 16:00:00+00:00
7159798726911,D5,1,,,,0,758,Likely churned,2024-04-01 16:00:00+00:00,2024-04-01 16:00:00+00:00
7476683997439,D5,1,,,,0,606,Likely churned,2024-08-31 16:00:00+00:00,2024-08-31 16:00:00+00:00
8335390179583,D3,1,,,,0,223,Likely churned,2025-09-18 16:00:00+00:00,2025-09-18 16:00:00+00:00
6329836175615,D1,3,10.0,681.0,671.0,681,793,Likely churned,2022-04-16 16:00:00+00:00,2024-02-26 16:00:00+00:00
7955250249983,D1,2,151.0,,,151,233,Likely churned,2025-04-10 16:00:00+00:00,2025-09-08 16:00:00+00:00
7756009373951,D1,4,449.0,621.0,172.0,929,432,Likely churned,2022-08-07 16:00:00+00:00,2025-02-21 16:00:00+00:00
7915596251391,D1,2,347.0,,,347,58,Active,2025-03-20 16:00:00+00:00,2026-03-02 16:00:00+00:00
7829327708415,D1,3,28.0,203.0,175.0,203,265,Likely churned,2025-01-16 16:00:00+00:00,2025-08-07 16:00:00+00:00
7136595673343,D2,2,10.0,,,10,763,Likely churned,2024-03-17 16:00:00+00:00,2024-03-27 16:00:00+00:00
7888540107007,D1,2,85.0,,,85,141,At-risk,2025-09-15 16:00:00+00:00,2025-12-09 16:00:00+00:00
7756031361279,D1,2,0.0,,,0,1423,Likely churned,2022-06-06 16:00:00+00:00,2022-06-06 16:00:00+00:00
7756040634623,D4,1,,,,0,1518,Likely churned,2022-03-03 16:00:00+00:00,2022-03-03 16:00:00+00:00
7729333272831,D1,3,41.0,83.0,42.0,83,406,Likely churned,2024-12-26 16:00:00+00:00,2025-03-19 16:00:00+00:00
7756260573439,D1,2,183.0,,,183,1059,Likely churned,2022-12-04 16:00:00+00:00,2023-06-05 16:00:00+00:00
7756467208447,D1,2,27.0,,,27,554,Likely churned,2024-09-25 16:00:00+00:00,2024-10-22 16:00:00+00:00
8074346168575,D3,1,,,,0,341,Likely churned,2025-05-23 16:00:00+00:00,2025-05-23 16:00:00+00:00
7756383486207,D1,3,84.0,126.0,42.0,126,813,Likely churned,2023-10-03 16:00:00+00:00,2024-02-06 16:00:00+00:00
6373099667711,D5,1,,,,0,1295,Likely churned,2022-10-12 16:00:00+00:00,2022-10-12 16:00:00+00:00
7113347105023,D2,2,95.0,,,95,690,Likely churned,2024-03-05 16:00:00+00:00,2024-06-08 16:00:00+00:00
7884672827647,D1,2,34.0,,,34,386,Likely churned,2025-03-05 16:00:00+00:00,2025-04-08 16:00:00+00:00
7756362645759,D4,1,,,,0,1063,Likely churned,2023-06-01 16:00:00+00:00,2023-06-01 16:00:00+00:00
7478289858815,D2,2,376.0,,,376,229,Likely churned,2024-09-01 16:00:00+00:00,2025-09-12 16:00:00+00:00
8696770265343,D2,1,,,,0,104,At-risk,2026-01-15 16:00:00+00:00,2026-01-15 16:00:00+00:00
7756019532031,D2,2,0.0,,,0,1363,Likely churned,2022-08-05 16:00:00+00:00,2022-08-05 16:00:00+00:00
8333431931135,D3,1,,,,0,225,Likely churned,2025-09-16 16:00:00+00:00,2025-09-16 16:00:00+00:00
7522847850751,D5,1,,,,0,577,Likely churned,2024-09-29 16:00:00+00:00,2024-09-29 16:00:00+00:00
8283591377151,D3,1,,,,0,250,Likely churned,2025-08-22 16:00:00+00:00,2025-08-22 16:00:00+00:00
6698931585279,D1,4,197.0,309.0,112.0,365,629,Likely churned,2023-08-09 16:00:00+00:00,2024-08-08 16:00:00+00:00
7756393611519,D4,1,,,,0,864,Likely churned,2023-12-17 16:00:00+00:00,2023-12-17 16:00:00+00:00
8761249235199,D1,2,0.0,,,0,82,Active,2026-02-06 16:00:00+00:00,2026-02-06 16:00:00+00:00
8087298408703,D3,1,,,,0,337,Likely churned,2025-05-27 16:00:00+00:00,2025-05-27 16:00:00+00:00
7756018319615,D1,5,123.0,217.0,94.0,610,964,Likely churned,2022-01-06 16:00:00+00:00,2023-09-08 16:00:00+00:00
7756485230847,D4,1,,,,0,502,Likely churned,2024-12-13 16:00:00+00:00,2024-12-13 16:00:00+00:00
