customer_id,p1_revenue,p1_orders,last_order,first_channel
6336631275775,6531.02,3,2022-07-27 00:00:00+08:00,Subscription
7756015501567,5844.478787878788,12,2023-09-18 00:00:00+08:00,Direct / Organic
6336660308223,5718.37,3,2022-07-26 00:00:00+08:00,Subscription
6336728531199,5542.969999999999,3,2022-06-03 00:00:00+08:00,Subscription
7756026904831,5078.136363636364,6,2022-07-26 00:00:00+08:00,Direct / Organic
6327501881599,4696.03,7,2022-07-26 00:00:00+08:00,Subscription
7756000690431,4447.748484848485,6,2022-11-25 00:00:00+08:00,Direct / Organic
7756004098303,3666.9969696969697,8,2023-01-31 00:00:00+08:00,Direct / Organic
6327688823039,3146.2799999999997,3,2022-09-27 00:00:00+08:00,Subscription
7756016877823,2763.272727272727,2,2022-08-29 00:00:00+08:00,Direct / Organic
6327725195519,2752.6099999999997,4,2023-12-10 00:00:00+08:00,Subscription
6336740655359,2613.2,3,2022-07-28 00:00:00+08:00,Subscription
6327731224831,2596.32,3,2022-09-10 00:00:00+08:00,Subscription
6327663919359,2583.86,3,2022-01-26 00:00:00+08:00,Subscription
7756000231679,2544.254545454545,4,2022-07-27 00:00:00+08:00,Direct / Organic
7755919360255,2541.733333333333,3,2022-06-09 00:00:00+08:00,Direct / Organic
6329694454015,2526.0969696969696,6,2022-06-14 00:00:00+08:00,Direct / Organic
7755923161343,2458.19696969697,6,2022-05-10 00:00:00+08:00,Direct / Organic
6329616990463,2446.65,3,2022-07-26 00:00:00+08:00,Subscription
7755916083455,2328.0,2,2022-03-06 00:00:00+08:00,Direct / Organic
7756005474559,2214.3727272727274,13,2022-11-25 00:00:00+08:00,Direct / Organic
7756027298047,2180.9454545454546,4,2022-07-26 00:00:00+08:00,Direct / Organic
7756024283391,2117.818181818182,1,2022-07-27 00:00:00+08:00,Direct / Organic
6329852821759,2035.35,2,2023-11-27 00:00:00+08:00,Subscription
6327406756095,1963.0,1,2022-02-14 00:00:00+08:00,Subscription
6327806263551,1898.63,3,2022-02-17 00:00:00+08:00,Subscription
7756006097151,1876.4515151515152,6,2023-01-14 00:00:00+08:00,Direct / Organic
7756022841599,1874.4212121212122,8,2023-11-27 00:00:00+08:00,Direct / Organic
6329824674047,1768.02,4,2023-11-24 00:00:00+08:00,Subscription
6329869992191,1721.15,5,2023-05-31 00:00:00+08:00,Subscription
6327387259135,1693.12,1,2022-06-29 00:00:00+08:00,Subscription
6327663034623,1660.8,1,2022-08-09 00:00:00+08:00,Subscription
6327527276799,1606.2,6,2023-11-24 00:00:00+08:00,Direct / Organic
6328270815487,1599.1,2,2022-08-22 00:00:00+08:00,Subscription
6423227793663,1592.1799999999998,3,2022-08-08 00:00:00+08:00,Subscription
7755915886847,1527.6333333333332,5,2022-03-06 00:00:00+08:00,Direct / Organic
6329614532863,1521.7800000000002,2,2023-03-30 00:00:00+08:00,Subscription
7756023529727,1476.2,4,2022-07-27 00:00:00+08:00,Direct / Organic
7755983421695,1448.7878787878788,3,2022-07-26 00:00:00+08:00,Direct / Organic
6327680270591,1444.8,1,2022-08-26 00:00:00+08:00,Subscription
7756009636095,1432.5242424242424,2,2022-10-28 00:00:00+08:00,Direct / Organic
6328289657087,1382.7199999999998,3,2022-09-25 00:00:00+08:00,Subscription
7755959861503,1375.118181818182,1,2022-07-26 00:00:00+08:00,Direct / Organic
6327501029631,1347.29,1,2022-04-12 00:00:00+08:00,Subscription
7756020580607,1340.7454545454545,4,2022-07-29 00:00:00+08:00,Direct / Organic
6327716774143,1321.63,4,2022-07-27 00:00:00+08:00,Subscription
7756030181631,1280.0939393939393,6,2022-06-20 00:00:00+08:00,Direct / Organic
7756032934143,1278.9,1,2022-05-31 00:00:00+08:00,Direct / Organic
6327626105087,1263.5,1,2022-04-28 00:00:00+08:00,Subscription
6327689052415,1259.95,1,2022-07-27 00:00:00+08:00,Subscription
7755988041983,1238.8030303030303,8,2023-07-11 00:00:00+08:00,Direct / Organic
7756015698175,1237.0909090909092,2,2022-09-07 00:00:00+08:00,Direct / Organic
7755977818367,1224.7272727272727,2,2022-09-13 00:00:00+08:00,Direct / Organic
7756023791871,1213.0696969696971,8,2023-08-24 00:00:00+08:00,Direct / Organic
6423228776703,1198.28,4,2022-07-29 00:00:00+08:00,Subscription
6420678377727,1118.49,4,2023-04-05 00:00:00+08:00,Subscription
6329618301183,1107.8799999999999,2,2022-05-25 00:00:00+08:00,Subscription
6423603740927,1099.9,1,2022-02-14 00:00:00+08:00,Subscription
7755925979391,1078.2363636363636,7,2022-10-26 00:00:00+08:00,Direct / Organic
6327682236671,1078.05,9,2023-04-18 00:00:00+08:00,Subscription
7756020875519,1070.8848484848486,2,2022-07-28 00:00:00+08:00,Direct / Organic
6327685710079,1069.94,2,2022-07-29 00:00:00+08:00,Subscription
6336635863295,1025.22,1,2022-03-05 00:00:00+08:00,Subscription
7756025200895,1015.0575757575758,3,2023-01-16 00:00:00+08:00,Direct / Organic
6532471947519,1007.0939393939395,4,2023-04-04 00:00:00+08:00,Direct / Organic
7756033753343,987.2454545454545,3,2023-11-27 00:00:00+08:00,Direct / Organic
7756037423359,982.630303030303,2,2023-03-17 00:00:00+08:00,Direct / Organic
7756045975807,972.8,2,2022-01-15 00:00:00+08:00,Direct / Organic
6327390765311,972.7,1,2022-08-30 00:00:00+08:00,Subscription
6329610207487,966.190909090909,1,2022-03-28 00:00:00+08:00,Direct / Organic
6423225073919,959.9,1,2022-08-27 00:00:00+08:00,Subscription
6329862062335,959.9,1,2022-08-26 00:00:00+08:00,Subscription
6327522230527,959.9,1,2022-08-30 00:00:00+08:00,Subscription
7756016976127,945.4545454545455,1,2022-08-29 00:00:00+08:00,Direct / Organic
6327780704511,914.75,2,2022-08-29 00:00:00+08:00,Subscription
6328247255295,908.95,5,2022-12-29 00:00:00+08:00,Subscription
6336643956991,899.9,1,2022-01-24 00:00:00+08:00,Subscription
7756020678911,899.8969696969697,3,2022-07-28 00:00:00+08:00,Direct / Organic
6327668277503,888.85,3,2023-06-28 00:00:00+08:00,Subscription
6532503044351,882.8666666666667,8,2023-04-05 00:00:00+08:00,Direct / Organic
6329858719999,882.04,3,2023-06-05 00:00:00+08:00,Subscription
7756048630015,881.6969696969697,2,2022-01-05 00:00:00+08:00,Direct / Organic
7755920408831,875.0545454545454,1,2022-08-03 00:00:00+08:00,Direct / Organic
6329609912575,872.68,1,2022-01-14 00:00:00+08:00,Subscription
6327528030463,871.02,1,2022-03-17 00:00:00+08:00,Subscription
7756015337727,869.4727272727273,6,2022-09-16 00:00:00+08:00,Direct / Organic
6327662772479,867.2424242424244,11,2023-04-20 00:00:00+08:00,Direct / Organic
7756002328831,862.9636363636364,5,2023-05-07 00:00:00+08:00,Direct / Organic
7756000428287,860.0,2,2022-03-15 00:00:00+08:00,Direct / Organic
7756022874367,859.9272727272728,3,2022-07-27 00:00:00+08:00,Direct / Organic
7755942527231,845.2818181818182,4,2023-12-13 00:00:00+08:00,Direct / Organic
7756045189375,832.4666666666667,3,2022-01-22 00:00:00+08:00,Direct / Organic
7756038406399,832.0,2,2022-04-03 00:00:00+08:00,Direct / Organic
6336732299519,825.0939393939395,2,2022-07-27 00:00:00+08:00,Direct / Organic
6327709139199,815.91,1,2022-06-30 00:00:00+08:00,Subscription
7756036964607,815.1515151515151,1,2022-04-22 00:00:00+08:00,Direct / Organic
6329716703487,802.22,5,2023-05-30 00:00:00+08:00,Subscription
6423240638719,800.9,1,2022-06-02 00:00:00+08:00,Subscription
6327720083711,800.9,1,2022-06-12 00:00:00+08:00,Subscription
6327821762815,799.9,1,2022-04-18 00:00:00+08:00,Subscription
6336741343487,794.21,3,2022-09-30 00:00:00+08:00,Subscription
7756022448383,777.9878787878788,7,2022-07-28 00:00:00+08:00,Direct / Organic
7756019400959,768.9545454545455,2,2023-03-12 00:00:00+08:00,Direct / Organic
6336663617791,746.73,11,2023-07-30 00:00:00+08:00,Subscription
7756024414463,745.0424242424242,2,2023-03-28 00:00:00+08:00,Direct / Organic
6423463854335,743.75,1,2022-05-12 00:00:00+08:00,Subscription
7756027986175,740.4000000000001,3,2022-07-26 00:00:00+08:00,Direct / Organic
7756033196287,739.9787878787879,3,2022-05-27 00:00:00+08:00,Direct / Organic
6336712999167,739.36,2,2022-08-12 00:00:00+08:00,Subscription
7756016484607,736.978787878788,4,2023-06-22 00:00:00+08:00,Direct / Organic
6327651860735,728.91,2,2022-06-04 00:00:00+08:00,Subscription
7756044239103,727.6969696969697,1,2022-02-09 00:00:00+08:00,Direct / Organic
6327398498559,719.9,1,2022-05-02 00:00:00+08:00,Subscription
7755985551615,713.1242424242424,4,2023-01-20 00:00:00+08:00,Direct / Organic
6328228872447,697.78,3,2022-03-16 00:00:00+08:00,Subscription
6329849118975,697.36,3,2022-09-28 00:00:00+08:00,Subscription
7756031426815,693.7242424242424,4,2023-10-24 00:00:00+08:00,Direct / Organic
7755986567423,692.169696969697,2,2023-11-26 00:00:00+08:00,Direct / Organic
6450369855743,688.89,2,2023-10-12 00:00:00+08:00,Subscription
6328294703359,688.6060606060606,4,2023-07-25 00:00:00+08:00,Direct / Organic
7756034736383,687.8484848484849,6,2022-12-26 00:00:00+08:00,Direct / Organic
6329626853631,679.52,1,2022-04-30 00:00:00+08:00,Subscription
6336696123647,675.6700000000001,5,2022-07-27 00:00:00+08:00,Subscription
7756266340607,673.9181818181818,7,2023-07-13 00:00:00+08:00,Direct / Organic
6352389472511,673.36,3,2023-12-19 00:00:00+08:00,Subscription
7755961663743,668.7060606060606,2,2023-11-28 00:00:00+08:00,Direct / Organic
6328230281471,665.26,5,2023-11-10 00:00:00+08:00,Subscription
6327561027839,663.86,5,2023-09-21 00:00:00+08:00,Subscription
7756039815423,652.1212121212121,1,2022-03-08 00:00:00+08:00,Direct / Organic
7755941183743,650.7272727272727,2,2022-04-20 00:00:00+08:00,Direct / Organic
6327399940351,648.91,1,2022-06-20 00:00:00+08:00,Subscription
7756005572863,646.8727272727273,5,2023-10-06 00:00:00+08:00,Direct / Organic
6336747471103,639.9,1,2022-05-05 00:00:00+08:00,Subscription
6328238899455,629.28,1,2022-01-04 00:00:00+08:00,Subscription
7756000461055,625.9030303030304,12,2023-12-13 00:00:00+08:00,Direct / Organic
7756019466495,620.6060606060606,1,2022-08-04 00:00:00+08:00,Direct / Organic
6329629573375,619.36,2,2023-11-27 00:00:00+08:00,Subscription
6336698253567,617.55,2,2022-06-24 00:00:00+08:00,Subscription
6423590142207,615.5,2,2022-05-04 00:00:00+08:00,Subscription
6328293720319,613.89,1,2023-03-27 00:00:00+08:00,Subscription
7756044173567,610.8030303030303,2,2022-02-09 00:00:00+08:00,Direct / Organic
6336741572863,605.5515151515151,2,2022-07-26 00:00:00+08:00,Direct / Organic
7756024873215,595.6363636363636,4,2022-07-27 00:00:00+08:00,Direct / Organic
7756039946495,583.5272727272728,1,2022-03-07 00:00:00+08:00,Direct / Organic
6329833160959,580.55,2,2022-04-13 00:00:00+08:00,Subscription
6327702487295,576.6600000000001,2,2022-05-06 00:00:00+08:00,Subscription
6327763042559,573.2,1,2022-01-11 00:00:00+08:00,Subscription
6327681220863,572.48,3,2023-01-15 00:00:00+08:00,Subscription
6423225893119,571.25,2,2022-08-25 00:00:00+08:00,Subscription
7756023693567,570.6060606060606,1,2022-07-27 00:00:00+08:00,Direct / Organic
7756021629183,570.6060606060606,1,2022-07-28 00:00:00+08:00,Direct / Organic
7756013797631,568.3272727272728,7,2023-05-27 00:00:00+08:00,Direct / Organic
6355034800383,566.0699999999999,2,2022-09-28 00:00:00+08:00,Subscription
6336700023039,563.3333333333334,1,2022-07-10 00:00:00+08:00,Direct / Organic
6329708708095,560.02,2,2022-10-26 00:00:00+08:00,Subscription
7756039880959,558.6333333333333,4,2023-11-18 00:00:00+08:00,Direct / Organic
6423605346559,555.21,1,2022-02-08 00:00:00+08:00,Subscription
6327606771967,554.14,1,2022-07-26 00:00:00+08:00,Subscription
7755985420543,550.2424242424242,3,2022-07-28 00:00:00+08:00,Direct / Organic
6329635111167,546.02,3,2022-11-12 00:00:00+08:00,Subscription
7756017074431,543.369696969697,6,2022-08-27 00:00:00+08:00,Direct / Organic
7755998691583,511.9636363636364,3,2022-04-28 00:00:00+08:00,Direct / Organic
6328237981951,510.76,2,2022-01-16 00:00:00+08:00,Subscription
7755992989951,510.75151515151515,3,2022-07-26 00:00:00+08:00,Direct / Organic
6336757399807,509.28000000000003,7,2023-10-22 00:00:00+08:00,Subscription
6327554179327,507.12,2,2023-01-09 00:00:00+08:00,Subscription
7756010160383,506.8272727272727,7,2023-10-27 00:00:00+08:00,Direct / Organic
7756024840447,506.8212121212121,5,2022-07-27 00:00:00+08:00,Direct / Organic
7755917754623,503.0363636363636,3,2022-06-20 00:00:00+08:00,Direct / Organic
6336647954687,501.74,4,2022-12-28 00:00:00+08:00,Subscription
7756043747583,500.6181818181818,2,2022-02-11 00:00:00+08:00,Direct / Organic
6329605816575,500.18,3,2023-11-26 00:00:00+08:00,Subscription
7756001116415,498.8818181818182,8,2022-12-04 00:00:00+08:00,Direct / Organic
7756000133375,498.83636363636367,6,2022-09-23 00:00:00+08:00,Direct / Organic
6510694334719,498.78,3,2023-07-06 00:00:00+08:00,Subscription
7756354257151,496.1181818181818,6,2023-10-05 00:00:00+08:00,Direct / Organic
7756004163839,494.2939393939394,4,2023-06-16 00:00:00+08:00,Direct / Organic
7755920113919,492.5818181818182,3,2022-07-23 00:00:00+08:00,Direct / Organic
7756027658495,485.75757575757575,1,2022-07-26 00:00:00+08:00,Direct / Organic
6328309809407,485.11,2,2022-11-28 00:00:00+08:00,Subscription
7755955962111,484.9818181818182,2,2023-01-14 00:00:00+08:00,Direct / Organic
7756040503551,479.160606060606,2,2022-03-04 00:00:00+08:00,Direct / Organic
6423226679551,476.39,4,2023-11-26 00:00:00+08:00,Subscription
6327509319935,476.01,2,2022-07-18 00:00:00+08:00,Subscription
6329708839167,475.12,1,2022-06-23 00:00:00+08:00,Subscription
6329600803071,473.99,5,2023-01-26 00:00:00+08:00,Subscription
7755956814079,472.9818181818182,2,2022-07-14 00:00:00+08:00,Direct / Organic
7756004458751,466.9636363636364,5,2022-10-05 00:00:00+08:00,Direct / Organic
6349458669823,465.27000000000004,2,2022-09-26 00:00:00+08:00,Subscription
6327634755839,464.86,7,2023-12-26 00:00:00+08:00,Subscription
6336646021375,458.21,2,2022-10-19 00:00:00+08:00,Subscription
7756041552127,454.7727272727273,1,2022-03-01 00:00:00+08:00,Direct / Organic
6329686917375,453.1393939393939,2,2022-06-06 00:00:00+08:00,Direct / Organic
6336654672127,452.21,2,2022-07-26 00:00:00+08:00,Subscription
7756036309247,444.20606060606065,2,2023-11-03 00:00:00+08:00,Direct / Organic
7755944100095,442.6303030303031,5,2023-01-31 00:00:00+08:00,Direct / Organic
6329869238527,441.62,9,2023-11-26 00:00:00+08:00,Subscription
7756023890175,439.9515151515152,5,2022-07-27 00:00:00+08:00,Direct / Organic
7756044566783,439.7727272727273,1,2022-02-04 00:00:00+08:00,Direct / Organic
6329846071551,437.9818181818182,4,2022-07-29 00:00:00+08:00,Direct / Organic
6329641566463,437.53000000000003,4,2023-12-21 00:00:00+08:00,Subscription
7755953406207,435.1515151515152,1,2022-03-02 00:00:00+08:00,Direct / Organic
7755957076223,434.6424242424242,3,2022-07-26 00:00:00+08:00,Direct / Organic
7756016779519,434.1181818181818,5,2022-08-30 00:00:00+08:00,Direct / Organic
6334086807807,432.48,1,2022-06-20 00:00:00+08:00,Subscription
6328219435263,430.0,3,2023-05-27 00:00:00+08:00,Subscription
7756039913727,429.0909090909091,1,2022-03-09 00:00:00+08:00,Direct / Organic
7756000657663,428.06363636363636,5,2022-09-25 00:00:00+08:00,Direct / Organic
6423592698111,425.41999999999996,5,2022-04-24 00:00:00+08:00,Subscription
7756016615679,423.93939393939394,4,2022-08-31 00:00:00+08:00,Direct / Organic
6327712874751,423.28,1,2022-08-10 00:00:00+08:00,Subscription
6329600409855,422.3,1,2022-08-26 00:00:00+08:00,Subscription
6329607979263,421.38,2,2023-09-24 00:00:00+08:00,Subscription
6329709887743,421.14,1,2022-06-09 00:00:00+08:00,Subscription
6327691772159,418.08,1,2022-05-16 00:00:00+08:00,Subscription
6328252170495,415.4430303030303,2,2022-07-21 00:00:00+08:00,Subscription
6327511548159,412.76,1,2022-08-10 00:00:00+08:00,Subscription
7755970740479,412.72121212121215,4,2022-11-25 00:00:00+08:00,Direct / Organic
6328245747967,411.8,1,2022-02-14 00:00:00+08:00,Subscription
7756048597247,406.5454545454545,1,2022-01-06 00:00:00+08:00,Direct / Organic
7756028281087,405.22424242424245,1,2022-07-24 00:00:00+08:00,Direct / Organic
6334077829375,404.64,1,2022-05-20 00:00:00+08:00,Subscription
7756041027839,400.0,1,2022-03-03 00:00:00+08:00,Direct / Organic
7755996463359,399.20606060606065,5,2023-07-19 00:00:00+08:00,Direct / Organic
7755940430079,398.38787878787883,1,2022-09-01 00:00:00+08:00,Direct / Organic
7756003639551,396.6,9,2023-08-02 00:00:00+08:00,Direct / Organic
7756006686975,395.8181818181818,4,2022-10-18 00:00:00+08:00,Direct / Organic
7755964743935,394.0,4,2023-05-08 00:00:00+08:00,Direct / Organic
6336636354815,392.02,1,2022-02-27 00:00:00+08:00,Subscription
6329863766271,391.45,2,2022-12-16 00:00:00+08:00,Subscription
6327627317503,390.23,3,2022-12-26 00:00:00+08:00,Subscription
6336677085439,385.78,1,2022-07-27 00:00:00+08:00,Subscription
7756017369343,385.45454545454544,1,2022-08-26 00:00:00+08:00,Direct / Organic
6423596531967,382.12,2,2022-03-27 00:00:00+08:00,Subscription
7755953209599,379.6363636363636,1,2022-08-18 00:00:00+08:00,Direct / Organic
7756026249471,378.0454545454546,2,2023-06-08 00:00:00+08:00,Direct / Organic
6329638781183,377.87,3,2022-05-04 00:00:00+08:00,Subscription
6328278286591,374.77,1,2022-04-13 00:00:00+08:00,Subscription
6377243050239,372.20000000000005,2,2023-09-21 00:00:00+08:00,Subscription
7756016845055,368.72727272727275,1,2022-08-29 00:00:00+08:00,Direct / Organic
6641585848575,367.53,2,2023-05-26 00:00:00+08:00,Subscription
6329858785535,367.25,2,2022-04-20 00:00:00+08:00,Subscription
7756002918655,365.93636363636364,5,2023-11-25 00:00:00+08:00,Direct / Organic
7756028379391,364.74545454545455,6,2023-12-15 00:00:00+08:00,Direct / Organic
6328274747647,364.68,4,2023-06-23 00:00:00+08:00,Subscription
6336745341183,364.47,1,2022-02-28 00:00:00+08:00,Subscription
6327689543935,363.55,5,2022-11-28 00:00:00+08:00,Subscription
7755992760575,363.3484848484848,3,2022-07-29 00:00:00+08:00,Direct / Organic
7756042502399,363.1545454545455,1,2022-02-21 00:00:00+08:00,Direct / Organic
6327401709823,363.04,3,2023-04-04 00:00:00+08:00,Subscription
7755921555711,361.8515151515152,2,2023-09-05 00:00:00+08:00,Direct / Organic
7756035621119,361.6363636363637,1,2022-05-03 00:00:00+08:00,Direct / Organic
6327404921087,361.09000000000003,2,2023-06-22 00:00:00+08:00,Subscription
6327688167679,360.28,1,2022-07-26 00:00:00+08:00,Subscription
6329699729663,357.62,1,2022-08-26 00:00:00+08:00,Subscription
7756043583743,357.2,1,2022-02-12 00:00:00+08:00,Direct / Organic
6423599907071,356.86,1,2022-03-01 00:00:00+08:00,Subscription
6334060429567,356.21000000000004,2,2022-04-09 00:00:00+08:00,Subscription
6329836339455,355.61,2,2022-05-24 00:00:00+08:00,Subscription
6336653426943,354.2,2,2022-07-26 00:00:00+08:00,Subscription
6329641500927,351.85,3,2022-10-09 00:00:00+08:00,Subscription
6329714376959,349.15,3,2022-07-29 00:00:00+08:00,Subscription
6328231035135,348.12,1,2022-04-28 00:00:00+08:00,Subscription
7755959697663,347.0121212121212,6,2023-07-10 00:00:00+08:00,Direct / Organic
7755991482623,343.22424242424245,3,2022-07-12 00:00:00+08:00,Direct / Organic
6423596761343,343.13,2,2022-03-24 00:00:00+08:00,Subscription
7756016582911,341.830303030303,1,2022-08-31 00:00:00+08:00,Direct / Organic
7755966710015,340.71212121212125,3,2023-05-06 00:00:00+08:00,Direct / Organic
6329639960831,340.61,1,2022-05-16 00:00:00+08:00,Subscription
7755915264255,340.4060606060606,1,2022-06-01 00:00:00+08:00,Direct / Organic
6328277893375,339.6,3,2023-12-21 00:00:00+08:00,Subscription
6327795548415,339.52,3,2022-07-26 00:00:00+08:00,Subscription
6328244404479,336.92,1,2022-01-21 00:00:00+08:00,Subscription
7756008292607,336.4636363636364,2,2022-11-28 00:00:00+08:00,Direct / Organic
6327622566143,332.74,1,2022-04-26 00:00:00+08:00,Subscription
6329869861119,330.55636363636364,3,2023-08-14 00:00:00+08:00,Subscription
7755954094335,327.8212121212121,4,2022-10-30 00:00:00+08:00,Direct / Organic
7756038045951,326.7878787878788,1,2022-04-06 00:00:00+08:00,Direct / Organic
7755950260479,325.23636363636365,2,2022-03-08 00:00:00+08:00,Direct / Organic
7756021793023,324.6878787878788,5,2023-09-29 00:00:00+08:00,Direct / Organic
7756032409855,323.5454545454545,3,2022-06-03 00:00:00+08:00,Direct / Organic
7756024185087,323.3212121212121,13,2022-07-27 00:00:00+08:00,Direct / Organic
6327705272575,322.34,1,2022-03-21 00:00:00+08:00,Subscription
7756021334271,321.4878787878788,4,2022-07-28 00:00:00+08:00,Direct / Organic
7755985060095,321.4636363636364,4,2023-06-19 00:00:00+08:00,Direct / Organic
6328232345855,319.38,4,2023-03-09 00:00:00+08:00,Subscription
7755977064703,318.1424242424242,2,2023-01-04 00:00:00+08:00,Direct / Organic
6532484989183,317.27878787878785,4,2023-09-30 00:00:00+08:00,Direct / Organic
6329691013375,316.88,2,2023-02-27 00:00:00+08:00,Subscription
7756264440063,315.55757575757576,3,2023-05-20 00:00:00+08:00,Direct / Organic
7756045811967,315.54545454545456,1,2022-01-17 00:00:00+08:00,Direct / Organic
7755999576319,310.4515151515152,2,2022-06-07 00:00:00+08:00,Direct / Organic
6423592370431,307.29,2,2023-08-23 00:00:00+08:00,Subscription
6776240406783,306.49,3,2023-11-23 00:00:00+08:00,Subscription
6336654704895,303.67,2,2022-09-01 00:00:00+08:00,Subscription
7756017893631,303.5787878787879,4,2023-11-13 00:00:00+08:00,Direct / Organic
6329719718143,302.53,1,2022-06-04 00:00:00+08:00,Subscription
7756014977279,300.4545454545455,2,2023-01-07 00:00:00+08:00,Direct / Organic
6336669614335,300.33,3,2023-07-06 00:00:00+08:00,Subscription
7756015599871,296.43636363636364,4,2022-12-07 00:00:00+08:00,Direct / Organic
6336760545535,296.38,1,2022-06-16 00:00:00+08:00,Subscription
7755979981055,293.6636363636364,2,2022-07-27 00:00:00+08:00,Direct / Organic
7756020351231,292.92121212121214,2,2022-07-29 00:00:00+08:00,Direct / Organic
6327714152703,292.63,3,2023-09-07 00:00:00+08:00,Subscription
6336759333119,292.46,3,2022-04-18 00:00:00+08:00,Subscription
7755980701951,291.9333333333334,3,2023-06-06 00:00:00+08:00,Direct / Organic
7756038504703,288.6545454545454,1,2022-04-01 00:00:00+08:00,Direct / Organic
6763164958975,287.64,1,2023-08-04 00:00:00+08:00,Subscription
6327761830143,285.46999999999997,3,2022-11-27 00:00:00+08:00,Subscription
6327698981119,283.46000000000004,2,2022-09-25 00:00:00+08:00,Subscription
7756022776063,283.33636363636367,2,2022-07-27 00:00:00+08:00,Direct / Organic
6328309514495,282.95,3,2023-06-06 00:00:00+08:00,Subscription
6327616831743,282.6,1,2022-05-29 00:00:00+08:00,Subscription
6532515791103,282.5818181818182,2,2023-01-27 00:00:00+08:00,Direct / Organic
6423233167615,282.06,1,2022-07-26 00:00:00+08:00,Subscription
7756022055167,281.9030303030303,2,2022-07-28 00:00:00+08:00,Direct / Organic
7756037390591,281.4545454545455,2,2022-04-18 00:00:00+08:00,Direct / Organic
6329870385407,281.41,2,2022-05-20 00:00:00+08:00,Subscription
6334061019391,281.14,2,2022-06-10 00:00:00+08:00,Subscription
6327813374207,280.59000000000003,2,2022-11-25 00:00:00+08:00,Subscription
7756375097599,280.56363636363636,2,2023-08-23 00:00:00+08:00,Subscription
6327692722431,280.49,3,2022-07-28 00:00:00+08:00,Subscription
7756021006591,279.4666666666667,3,2022-07-28 00:00:00+08:00,Direct / Organic
6327523148031,275.09,1,2023-04-03 00:00:00+08:00,Subscription
7756018745599,271.2909090909091,4,2022-12-08 00:00:00+08:00,Direct / Organic
7755989319935,270.6939393939394,2,2023-02-24 00:00:00+08:00,Direct / Organic
7756035784959,270.03636363636366,2,2022-05-01 00:00:00+08:00,Direct / Organic
7756031361279,269.56363636363636,2,2022-06-07 00:00:00+08:00,Direct / Organic
7755983618303,268.4969696969697,1,2022-07-11 00:00:00+08:00,Direct / Organic
6423595909375,268.45,3,2022-03-30 00:00:00+08:00,Subscription
6631997964543,267.44,3,2023-09-25 00:00:00+08:00,Subscription
6327749705983,266.15999999999997,2,2022-10-07 00:00:00+08:00,Subscription
7756019532031,265.52727272727276,2,2022-08-06 00:00:00+08:00,Direct / Organic
6607239348479,265.15999999999997,3,2023-05-13 00:00:00+08:00,Subscription
7756040634623,264.1090909090909,1,2022-03-04 00:00:00+08:00,Direct / Organic
7756030738687,264.1090909090909,2,2022-06-13 00:00:00+08:00,Direct / Organic
6327736729855,256.86,1,2022-01-11 00:00:00+08:00,Subscription
6329827328255,256.76,3,2022-11-25 00:00:00+08:00,Subscription
7756035588351,256.5818181818182,1,2022-05-04 00:00:00+08:00,Direct / Organic
6329708052735,256.21,1,2022-08-16 00:00:00+08:00,Subscription
7756036505855,256.0,1,2022-04-26 00:00:00+08:00,Direct / Organic
7756039258367,256.0,1,2022-03-22 00:00:00+08:00,Direct / Organic
7756039127295,256.0,1,2022-03-22 00:00:00+08:00,Direct / Organic
6423611441407,255.38,1,2022-01-08 00:00:00+08:00,Subscription
6327675945215,255.02727272727276,2,2022-03-02 00:00:00+08:00,Direct / Organic
6329603752191,254.08,3,2023-01-06 00:00:00+08:00,Subscription
6366358503679,252.8,2,2022-12-14 00:00:00+08:00,Subscription
6327395090687,251.88,1,2022-04-04 00:00:00+08:00,Subscription
7756034703615,248.4848484848485,2,2022-05-11 00:00:00+08:00,Direct / Organic
7756260671743,247.7969696969697,4,2023-11-26 00:00:00+08:00,Subscription
6327711039743,247.71818181818182,3,2022-05-31 00:00:00+08:00,Direct / Organic
6423606231295,246.98,1,2022-01-31 00:00:00+08:00,Subscription
6327558111487,246.05,1,2022-03-01 00:00:00+08:00,Subscription
7755944526079,245.52727272727273,3,2022-10-26 00:00:00+08:00,Direct / Organic
7756027887871,244.72727272727275,4,2023-08-13 00:00:00+08:00,Direct / Organic
6410235871487,244.37,1,2022-11-10 00:00:00+08:00,Subscription
6327698391295,242.73,1,2022-11-25 00:00:00+08:00,Subscription
6362962821375,242.5,2,2023-05-08 00:00:00+08:00,Subscription
7756015927551,242.24242424242425,3,2022-09-01 00:00:00+08:00,Direct / Organic
7756035195135,240.82424242424244,1,2022-05-07 00:00:00+08:00,Direct / Organic
6372751343871,240.54000000000002,2,2022-12-13 00:00:00+08:00,Subscription
6358507651327,238.37,2,2022-10-01 00:00:00+08:00,Subscription
6334068162815,237.63,2,2023-10-13 00:00:00+08:00,Subscription
6423596499199,237.47000000000003,2,2022-03-28 00:00:00+08:00,Subscription
7756382339327,236.90000000000003,2,2023-12-23 00:00:00+08:00,Direct / Organic
7756361367807,236.82424242424244,2,2023-08-21 00:00:00+08:00,Subscription
7756033687807,236.36363636363637,2,2022-05-21 00:00:00+08:00,Direct / Organic
6593759609087,235.66,3,2023-04-03 00:00:00+08:00,Subscription
6328301191423,235.46,1,2022-07-26 00:00:00+08:00,Subscription
7756017631487,234.95757575757577,3,2023-12-24 00:00:00+08:00,Direct / Organic
6336660111615,233.32,2,2023-10-01 00:00:00+08:00,Subscription
7756033949951,233.05454545454546,1,2022-05-21 00:00:00+08:00,Direct / Organic
6423591354623,231.81,1,2022-04-28 00:00:00+08:00,Subscription
6423239131391,231.07999999999998,5,2022-06-09 00:00:00+08:00,Subscription
6532501864703,230.1878787878788,2,2023-01-05 00:00:00+08:00,Direct / Organic
6365653270783,229.79,1,2022-10-07 00:00:00+08:00,Subscription
6599308607743,228.77,4,2023-05-31 00:00:00+08:00,Subscription
6529440514303,227.39,2,2023-03-16 00:00:00+08:00,Subscription
6336694845695,226.62,1,2022-02-27 00:00:00+08:00,Subscription
6327673618687,225.76,2,2022-05-22 00:00:00+08:00,Subscription
7756159058175,225.66666666666669,2,2023-11-06 00:00:00+08:00,Subscription
7756027429119,225.5030303030303,4,2023-01-11 00:00:00+08:00,Direct / Organic
7756016025855,225.41818181818184,2,2022-11-28 00:00:00+08:00,Direct / Organic
7756018319615,225.41515151515154,5,2023-09-09 00:00:00+08:00,Direct / Organic
6327614800127,224.62,1,2022-06-15 00:00:00+08:00,Subscription
6327557062911,224.24,2,2022-12-11 00:00:00+08:00,Subscription
7756038373631,224.1818181818182,3,2022-04-03 00:00:00+08:00,Direct / Organic
6329641337087,223.42,1,2022-08-06 00:00:00+08:00,Subscription
6423591059711,223.36,2,2022-04-30 00:00:00+08:00,Subscription
7756103942399,222.8909090909091,2,2022-11-25 00:00:00+08:00,Direct / Organic
7756024447231,222.8212121212121,3,2022-07-27 00:00:00+08:00,Direct / Organic
6336720011519,222.28,1,2022-06-03 00:00:00+08:00,Subscription
6650644726015,221.61,3,2023-12-08 00:00:00+08:00,Subscription
6328262754559,221.23,2,2023-01-12 00:00:00+08:00,Subscription
7756042404095,221.0,1,2022-02-23 00:00:00+08:00,Direct / Organic
7756000526591,219.92424242424244,3,2022-11-10 00:00:00+08:00,Direct / Organic
7755919819007,219.70909090909092,2,2022-08-13 00:00:00+08:00,Direct / Organic
7756037128447,217.8878787878788,2,2022-04-19 00:00:00+08:00,Direct / Organic
6582510584063,217.08,1,2023-02-26 00:00:00+08:00,Subscription
7755956486399,216.34545454545457,1,2022-01-04 00:00:00+08:00,Direct / Organic
6423592337663,216.25,2,2022-04-24 00:00:00+08:00,Subscription
7756033720575,214.43636363636364,1,2022-05-22 00:00:00+08:00,Direct / Organic
6423597023487,213.66,1,2022-03-22 00:00:00+08:00,Subscription
6336709656831,212.37,1,2022-03-02 00:00:00+08:00,Subscription
6547456491775,212.31,2,2023-06-30 00:00:00+08:00,Subscription
6327391977727,211.97,2,2023-01-05 00:00:00+08:00,Subscription
7755918934271,210.28787878787878,3,2022-04-10 00:00:00+08:00,Direct / Organic
7755959304447,209.7939393939394,1,2022-04-26 00:00:00+08:00,Direct / Organic
6423463362815,209.48,2,2022-05-18 00:00:00+08:00,Subscription
6336760447231,209.41000000000003,2,2022-06-17 00:00:00+08:00,Subscription
6327688691967,209.32,1,2022-04-26 00:00:00+08:00,Subscription
6644955775231,209.3,3,2023-04-22 00:00:00+08:00,Direct / Organic
6329834832127,209.26999999999998,3,2022-09-26 00:00:00+08:00,Subscription
7755913134335,208.99696969696973,1,2022-02-08 00:00:00+08:00,Direct / Organic
7756010979583,208.7969696969697,6,2022-11-05 00:00:00+08:00,Direct / Organic
6328275697919,208.76,1,2022-06-11 00:00:00+08:00,Subscription
6336652378367,208.11999999999998,2,2022-11-13 00:00:00+08:00,Subscription
7755935547647,207.87878787878788,1,2022-08-30 00:00:00+08:00,Direct / Organic
6329843384575,207.75,3,2023-01-31 00:00:00+08:00,Subscription
6327711793407,207.56969696969696,3,2022-11-26 00:00:00+08:00,Direct / Organic
7755967201535,207.33333333333334,2,2022-07-30 00:00:00+08:00,Direct / Organic
7756024316159,206.6757575757576,3,2022-07-27 00:00:00+08:00,Direct / Organic
6336644088063,206.0,2,2022-01-22 00:00:00+08:00,Subscription
7756008128767,205.95757575757577,1,2022-10-28 00:00:00+08:00,Direct / Organic
7756019335423,203.72727272727272,2,2022-08-08 00:00:00+08:00,Direct / Organic
6329873727743,203.4,2,2022-07-10 00:00:00+08:00,Subscription
6616314282239,203.36,8,2023-12-13 00:00:00+08:00,Subscription
7756022415615,202.78787878787878,4,2022-07-28 00:00:00+08:00,Direct / Organic
7756038308095,202.5,1,2022-04-04 00:00:00+08:00,Direct / Organic
7756041781503,202.5,1,2022-03-01 00:00:00+08:00,Direct / Organic
7755925487871,202.1818181818182,4,2022-08-29 00:00:00+08:00,Direct / Organic
6329849151743,202.16,1,2022-06-30 00:00:00+08:00,Subscription
7756033458431,201.84242424242427,1,2022-05-23 00:00:00+08:00,Direct / Organic
7755946361087,200.53636363636363,1,2022-08-05 00:00:00+08:00,Direct / Organic
6329860260095,199.56,1,2022-01-14 00:00:00+08:00,Subscription
7755935875327,198.54545454545456,2,2022-04-25 00:00:00+08:00,Direct / Organic
7755976147199,197.23030303030305,2,2022-07-21 00:00:00+08:00,Direct / Organic
6328289788159,197.12,1,2022-06-15 00:00:00+08:00,Subscription
7755916050687,196.669696969697,2,2022-04-19 00:00:00+08:00,Direct / Organic
6327655891199,195.18,2,2023-04-06 00:00:00+08:00,Subscription
7756009570559,195.169696969697,2,2022-11-25 00:00:00+08:00,Direct / Organic
7756025331967,193.75454545454548,3,2023-01-08 00:00:00+08:00,Direct / Organic
7756038603007,193.55757575757576,2,2022-03-29 00:00:00+08:00,Direct / Organic
6616678793471,193.49,2,2023-04-23 00:00:00+08:00,Subscription
7755992695039,193.45757575757574,1,2022-08-29 00:00:00+08:00,Direct / Organic
7755986895103,193.43939393939394,4,2023-11-24 00:00:00+08:00,Direct / Organic
6395505901823,193.26999999999998,2,2022-11-28 00:00:00+08:00,Subscription
6329710412031,192.98,1,2022-02-19 00:00:00+08:00,Subscription
7756019859711,192.6121212121212,2,2022-07-29 00:00:00+08:00,Direct / Organic
7756031754495,191.76060606060605,3,2022-06-04 00:00:00+08:00,Direct / Organic
7756040863999,191.16363636363639,2,2023-10-11 00:00:00+08:00,Direct / Organic
7756008030463,190.969696969697,4,2023-09-29 00:00:00+08:00,Direct / Organic
7756016648447,190.8,1,2022-08-30 00:00:00+08:00,Direct / Organic
6329607651583,190.63,2,2022-07-27 00:00:00+08:00,Subscription
7756003475711,190.469696969697,5,2022-11-28 00:00:00+08:00,Direct / Organic
6370652389631,189.58,1,2022-03-27 00:00:00+08:00,Subscription
7756033327359,189.45454545454547,3,2022-05-25 00:00:00+08:00,Direct / Organic
6336679772415,188.98,1,2022-07-29 00:00:00+08:00,Subscription
7756017107199,188.54545454545456,2,2022-08-27 00:00:00+08:00,Direct / Organic
7756375785727,186.44848484848484,1,2023-08-07 00:00:00+08:00,Direct / Organic
6377877831935,185.6,2,2023-02-28 00:00:00+08:00,Subscription
6327515873535,184.41,3,2022-10-29 00:00:00+08:00,Subscription
7756264177919,184.12727272727273,2,2023-04-24 00:00:00+08:00,Direct / Organic
7756288622847,183.53030303030303,3,2023-05-06 00:00:00+08:00,Direct / Organic
6329693667583,183.45,1,2022-04-04 00:00:00+08:00,Subscription
7756040896767,183.32727272727274,2,2022-03-03 00:00:00+08:00,Direct / Organic
7755935711487,182.7818181818182,2,2022-04-26 00:00:00+08:00,Direct / Organic
7756048236799,181.50303030303033,2,2022-01-07 00:00:00+08:00,Direct / Organic
6423604887807,181.1,1,2022-02-11 00:00:00+08:00,Subscription
6532515594495,180.81818181818184,1,2022-06-06 00:00:00+08:00,Direct / Organic
7755926143231,180.22121212121212,3,2022-07-26 00:00:00+08:00,Direct / Organic
7756048761087,179.66060606060606,2,2023-11-26 00:00:00+08:00,Direct / Organic
6423224484095,178.76,1,2022-09-01 00:00:00+08:00,Subscription
6351154741503,178.59818181818184,9,2023-07-29 00:00:00+08:00,Subscription
6532515332351,177.73030303030305,3,2023-09-02 00:00:00+08:00,Direct / Organic
6327732863231,177.2,3,2023-04-02 00:00:00+08:00,Subscription
6328304304383,176.57,1,2022-03-18 00:00:00+08:00,Subscription
7756036538623,176.50909090909093,1,2022-04-26 00:00:00+08:00,Direct / Organic
7756349866239,176.33939393939394,3,2023-03-27 00:00:00+08:00,Direct / Organic
7756361859327,175.66060606060606,4,2023-11-05 00:00:00+08:00,Subscription
7756016812287,175.3212121212121,2,2022-08-30 00:00:00+08:00,Direct / Organic
7829412086015,174.36363636363637,1,2023-02-10 00:00:00+08:00,Direct / Organic
7756035817727,174.33939393939394,3,2022-05-01 00:00:00+08:00,Direct / Organic
6327606575359,173.23,1,2022-07-29 00:00:00+08:00,Subscription
7755953963263,172.94545454545457,1,2022-01-04 00:00:00+08:00,Direct / Organic
7756037488895,172.7030303030303,2,2022-04-16 00:00:00+08:00,Direct / Organic
6327720739071,172.49,4,2022-07-29 00:00:00+08:00,Subscription
7756380111103,171.71212121212122,4,2023-10-24 00:00:00+08:00,Subscription
7756016189695,170.10303030303032,2,2022-09-01 00:00:00+08:00,Direct / Organic
6327552540927,169.6,2,2022-04-30 00:00:00+08:00,Subscription
6780370485503,169.6,1,2023-08-20 00:00:00+08:00,Subscription
6328266653951,167.55,2,2023-04-29 00:00:00+08:00,Subscription
6334064328959,167.55,1,2022-03-03 00:00:00+08:00,Subscription
6329716637951,167.04,1,2022-01-04 00:00:00+08:00,Subscription
6329842794751,166.88,1,2022-03-05 00:00:00+08:00,Subscription
7756095717631,166.2848484848485,2,2023-09-24 00:00:00+08:00,Direct / Organic
7756264997119,165.71515151515152,2,2023-02-25 00:00:00+08:00,Direct / Organic
7755981291775,165.7030303030303,2,2023-07-09 00:00:00+08:00,Direct / Organic
6336646086911,165.53,2,2022-02-08 00:00:00+08:00,Subscription
6336684065023,165.44,2,2022-02-05 00:00:00+08:00,Subscription
7756007670015,165.23636363636365,4,2022-10-23 00:00:00+08:00,Direct / Organic
7755987058943,164.90909090909093,3,2022-08-14 00:00:00+08:00,Direct / Organic
7756037718271,164.72727272727275,1,2022-04-12 00:00:00+08:00,Direct / Organic
6327696097535,164.25,1,2022-01-07 00:00:00+08:00,Subscription
7756037325055,164.0,3,2022-04-18 00:00:00+08:00,Direct / Organic
7756005900543,163.73333333333335,2,2022-10-15 00:00:00+08:00,Direct / Organic
6423596663039,163.62,1,2022-03-26 00:00:00+08:00,Subscription
7755949867263,163.61212121212122,2,2022-12-26 00:00:00+08:00,Direct / Organic
7756260573439,163.41818181818184,2,2023-06-06 00:00:00+08:00,Direct / Organic
6334078779647,163.28,1,2022-03-02 00:00:00+08:00,Subscription
7756211585279,162.83939393939394,2,2023-12-18 00:00:00+08:00,Direct / Organic
7755969462527,162.61818181818182,1,2022-03-13 00:00:00+08:00,Direct / Organic
6327406952703,162.57999999999998,3,2022-07-04 00:00:00+08:00,Subscription
7756038275327,162.0,1,2022-04-04 00:00:00+08:00,Direct / Organic
6327635181823,161.8,1,2022-01-15 00:00:00+08:00,Subscription
6336758415615,161.79,2,2022-08-12 00:00:00+08:00,Subscription
6836180877567,161.68,1,2023-10-09 00:00:00+08:00,Subscription
6592949715199,161.64,1,2023-03-05 00:00:00+08:00,Subscription
6708449607935,161.61,2,2023-07-09 00:00:00+08:00,Subscription
6329834897663,161.46,1,2022-11-23 00:00:00+08:00,Subscription
6526214340863,160.19,1,2023-01-26 00:00:00+08:00,Subscription
6329616695551,160.01999999999998,2,2023-07-07 00:00:00+08:00,Subscription
6327532126463,159.6818181818182,2,2023-11-25 00:00:00+08:00,Direct / Organic
7755952455935,159.06666666666666,2,2023-09-18 00:00:00+08:00,Direct / Organic
6336758251775,158.73,2,2022-10-10 00:00:00+08:00,Subscription
6328231887103,157.93,1,2022-02-02 00:00:00+08:00,Subscription
7755917885695,157.85151515151517,3,2023-03-15 00:00:00+08:00,Direct / Organic
7755979948287,157.60000000000002,1,2022-04-04 00:00:00+08:00,Direct / Organic
6329640222975,157.29,2,2023-07-22 00:00:00+08:00,Subscription
7756043518207,156.99696969696973,3,2023-02-19 00:00:00+08:00,Direct / Organic
6329824805119,156.98,1,2022-03-01 00:00:00+08:00,Subscription
6423590764799,156.78,2,2022-05-01 00:00:00+08:00,Subscription
6329712935167,156.76999999999998,3,2022-06-30 00:00:00+08:00,Subscription
6336754450687,156.69,4,2023-02-27 00:00:00+08:00,Subscription
6532489183487,156.52424242424243,3,2023-10-27 00:00:00+08:00,Direct / Organic
6327399678207,156.19,3,2022-09-27 00:00:00+08:00,Subscription
6329608863999,156.08,1,2022-07-27 00:00:00+08:00,Subscription
6336751698175,155.17,2,2023-08-18 00:00:00+08:00,Subscription
6468625891583,155.0818181818182,1,2022-03-12 00:00:00+08:00,Direct / Organic
7756054888703,154.4,2,2023-12-31 00:00:00+08:00,Subscription
7756001804543,154.15151515151516,4,2023-03-24 00:00:00+08:00,Direct / Organic
7756028543231,153.8242424242424,4,2022-07-19 00:00:00+08:00,Direct / Organic
6390669017343,153.64,2,2022-10-26 00:00:00+08:00,Subscription
6329641795839,153.58,1,2022-02-17 00:00:00+08:00,Subscription
6423612686591,153.48,1,2022-01-05 00:00:00+08:00,Subscription
6327641112831,153.42,1,2022-05-16 00:00:00+08:00,Subscription
7756027199743,153.34545454545457,2,2022-07-26 00:00:00+08:00,Direct / Organic
6336732954879,153.1,1,2022-03-12 00:00:00+08:00,Subscription
6327688265983,152.83,1,2022-10-28 00:00:00+08:00,Subscription
6773309407487,152.71,1,2023-08-13 00:00:00+08:00,Subscription
7755969396991,152.36363636363637,2,2022-04-26 00:00:00+08:00,Direct / Organic
7756029362431,152.1818181818182,3,2022-07-08 00:00:00+08:00,Direct / Organic
6327749607679,151.88,1,2022-03-29 00:00:00+08:00,Subscription
6350246084863,151.19,1,2022-09-24 00:00:00+08:00,Subscription
6328267571455,151.18,1,2022-09-30 00:00:00+08:00,Subscription
6327398400255,150.97,1,2022-01-24 00:00:00+08:00,Subscription
6703429976319,150.95,1,2023-06-18 00:00:00+08:00,Subscription
6327740727551,150.91,1,2023-02-27 00:00:00+08:00,Subscription
7756010127615,150.88181818181818,2,2023-11-26 00:00:00+08:00,Direct / Organic
7756041912575,150.7909090909091,2,2023-02-23 00:00:00+08:00,Direct / Organic
6373099667711,150.34,1,2022-10-13 00:00:00+08:00,Subscription
7756024217855,149.85151515151514,2,2022-07-27 00:00:00+08:00,Direct / Organic
6327719330047,149.71,2,2023-02-08 00:00:00+08:00,Subscription
7755950162175,149.47272727272727,3,2023-07-14 00:00:00+08:00,Subscription
7756044206335,149.45454545454547,1,2022-02-09 00:00:00+08:00,Direct / Organic
6588193865983,149.45,2,2023-06-27 00:00:00+08:00,Subscription
6328264360191,149.03,1,2022-08-09 00:00:00+08:00,Subscription
7756021137663,148.9090909090909,1,2022-07-28 00:00:00+08:00,Direct / Organic
6336758808831,148.51999999999998,2,2022-09-27 00:00:00+08:00,Subscription
7756048859391,148.51515151515153,1,2022-01-03 00:00:00+08:00,Direct / Organic
6423602528511,148.38,2,2022-02-19 00:00:00+08:00,Subscription
6336658571519,148.2,2,2022-10-10 00:00:00+08:00,Subscription
6327696294143,148.19,1,2022-06-24 00:00:00+08:00,Subscription
6328298209535,148.19,1,2022-06-23 00:00:00+08:00,Subscription
7756378931455,147.5818181818182,3,2023-10-18 00:00:00+08:00,Direct / Organic
7756362645759,147.16363636363636,1,2023-06-02 00:00:00+08:00,Direct / Organic
7756037095679,146.72727272727272,1,2022-04-23 00:00:00+08:00,Direct / Organic
7756015993087,146.72727272727272,1,2022-09-01 00:00:00+08:00,Direct / Organic
7756038111487,146.72727272727272,1,2022-04-05 00:00:00+08:00,Direct / Organic
6327609000191,145.98,1,2022-06-25 00:00:00+08:00,Subscription
6328268816639,145.28,1,2022-04-30 00:00:00+08:00,Subscription
6329603490047,145.19,1,2023-01-16 00:00:00+08:00,Subscription
6336757661951,145.19,1,2023-04-03 00:00:00+08:00,Subscription
6477783892223,145.19,1,2023-01-13 00:00:00+08:00,Subscription
7756034572543,144.86969696969697,3,2023-07-11 00:00:00+08:00,Direct / Organic
7756022120703,144.6969696969697,1,2022-07-28 00:00:00+08:00,Direct / Organic
7755936530687,144.2030303030303,3,2022-12-25 00:00:00+08:00,Direct / Organic
7756025102591,143.76666666666668,1,2022-07-27 00:00:00+08:00,Direct / Organic
6549652734207,143.64,1,2023-02-13 00:00:00+08:00,Subscription
6327788863743,143.32,1,2022-06-27 00:00:00+08:00,Subscription
7756015829247,143.01818181818183,1,2022-09-02 00:00:00+08:00,Direct / Organic
6329828606207,142.55,2,2022-07-27 00:00:00+08:00,Subscription
7756033982719,142.36363636363637,1,2022-05-21 00:00:00+08:00,Direct / Organic
6336758317311,141.54,1,2022-01-12 00:00:00+08:00,Subscription
7755956551935,141.48181818181817,3,2022-10-27 00:00:00+08:00,Direct / Organic
6328236867839,141.41,2,2023-10-15 00:00:00+08:00,Subscription
6929385324799,141.26,1,2023-12-07 00:00:00+08:00,Subscription
7756035981567,140.87272727272727,2,2022-04-30 00:00:00+08:00,Direct / Organic
6644271644927,139.6,2,2023-08-22 00:00:00+08:00,Subscription
6327396303103,139.44,2,2022-04-21 00:00:00+08:00,Subscription
7755991810303,139.21818181818182,1,2022-08-07 00:00:00+08:00,Direct / Organic
6391423762687,139.11,2,2022-11-18 00:00:00+08:00,Subscription
6716826288383,138.98181818181817,1,2023-06-27 00:00:00+08:00,Direct / Organic
7756029985023,138.65757575757578,2,2022-07-03 00:00:00+08:00,Direct / Organic
7756362973439,138.07272727272726,1,2023-06-06 00:00:00+08:00,Direct / Organic
7756028674303,137.41515151515154,4,2022-11-27 00:00:00+08:00,Direct / Organic
7755928469759,137.36969696969697,1,2022-01-13 00:00:00+08:00,Direct / Organic
7756040241407,137.22424242424242,1,2022-03-06 00:00:00+08:00,Direct / Organic
7756351439103,136.86060606060607,1,2023-03-06 00:00:00+08:00,Direct / Organic
6336736297215,135.89,1,2022-06-07 00:00:00+08:00,Subscription
6703512977663,135.88,1,2023-06-18 00:00:00+08:00,Subscription
6336691994879,135.39,2,2023-04-03 00:00:00+08:00,Subscription
6328298111231,134.58,2,2022-08-04 00:00:00+08:00,Subscription
7755960221951,134.53030303030303,3,2022-04-24 00:00:00+08:00,Direct / Organic
6327630266623,134.48,1,2022-04-27 00:00:00+08:00,Subscription
6423596859647,134.48,1,2022-03-23 00:00:00+08:00,Subscription
7756048695551,133.51515151515153,2,2022-01-05 00:00:00+08:00,Direct / Organic
7755960025343,133.4787878787879,4,2022-07-28 00:00:00+08:00,Direct / Organic
6336661586175,133.38,1,2022-04-04 00:00:00+08:00,Subscription
6329866911999,133.3,1,2022-01-19 00:00:00+08:00,Subscription
6327503552767,132.81,1,2023-01-30 00:00:00+08:00,Subscription
6443061346559,132.81,1,2022-12-01 00:00:00+08:00,Subscription
6329828180223,132.81,1,2022-12-09 00:00:00+08:00,Subscription
6659616538879,132.81,1,2023-05-06 00:00:00+08:00,Subscription
6327760879871,132.32,1,2022-08-06 00:00:00+08:00,Subscription
7756030836991,132.05454545454546,1,2022-06-11 00:00:00+08:00,Direct / Organic
7756105744639,131.74545454545455,3,2023-07-13 00:00:00+08:00,Subscription
7755960484095,131.3060606060606,3,2023-12-12 00:00:00+08:00,Direct / Organic
7756263817471,131.24545454545455,2,2023-01-11 00:00:00+08:00,Direct / Organic
6327696425215,131.24,1,2023-04-04 00:00:00+08:00,Subscription
6327560372479,131.07,2,2023-05-31 00:00:00+08:00,Subscription
7755916280063,130.5818181818182,1,2022-07-26 00:00:00+08:00,Direct / Organic
7756032082175,130.13333333333333,2,2022-06-03 00:00:00+08:00,Direct / Organic
7756000788735,129.85454545454544,2,2022-09-25 00:00:00+08:00,Direct / Organic
7755931189503,129.7909090909091,2,2023-08-11 00:00:00+08:00,Direct / Organic
6336686620927,129.72,1,2022-07-29 00:00:00+08:00,Subscription
7756012585215,129.7,2,2022-12-22 00:00:00+08:00,Direct / Organic
6423228088575,129.59,1,2022-08-05 00:00:00+08:00,Subscription
7756035358975,129.34545454545454,1,2022-05-06 00:00:00+08:00,Direct / Organic
7756045943039,129.33333333333334,2,2022-01-15 00:00:00+08:00,Direct / Organic
7756038701311,128.92727272727274,2,2023-11-25 00:00:00+08:00,Direct / Organic
6612679590143,128.88,2,2023-04-21 00:00:00+08:00,Subscription
6423611080959,128.43,1,2022-01-11 00:00:00+08:00,Subscription
7756027953407,128.3878787878788,1,2022-07-26 00:00:00+08:00,Direct / Organic
6334072520959,128.1,1,2022-11-27 00:00:00+08:00,Subscription
7756030148863,127.50909090909092,2,2022-06-23 00:00:00+08:00,Direct / Organic
7756044730623,127.36363636363637,1,2022-01-30 00:00:00+08:00,Direct / Organic
7756007866623,127.15151515151516,1,2022-10-24 00:00:00+08:00,Direct / Organic
6336661881087,126.6,3,2022-07-29 00:00:00+08:00,Direct / Organic
7756015403263,126.54545454545456,1,2022-09-15 00:00:00+08:00,Direct / Organic
7756038996223,126.22727272727273,2,2022-03-24 00:00:00+08:00,Direct / Organic
6521577373951,125.50999999999999,2,2023-03-28 00:00:00+08:00,Subscription
6329600704767,124.99,1,2022-02-28 00:00:00+08:00,Subscription
7756015796479,124.24242424242425,1,2022-09-02 00:00:00+08:00,Direct / Organic
7756380963071,123.5848484848485,2,2023-11-24 00:00:00+08:00,Direct / Organic
7756364677375,123.54848484848486,2,2023-08-05 00:00:00+08:00,Direct / Organic
6336692224255,123.31,1,2023-02-09 00:00:00+08:00,Subscription
7756363104511,123.07878787878789,4,2023-09-27 00:00:00+08:00,Subscription
6423594107135,122.58,1,2022-04-13 00:00:00+08:00,Subscription
6329630851327,122.53,3,2023-11-27 00:00:00+08:00,Subscription
6329827819775,121.37,1,2022-09-27 00:00:00+08:00,Subscription
6344974270719,121.37,1,2022-09-26 00:00:00+08:00,Subscription
6327509713151,121.25,1,2022-04-06 00:00:00+08:00,Subscription
7756007571711,121.15151515151516,1,2022-10-22 00:00:00+08:00,Direct / Organic
6580292550911,121.14,1,2023-02-24 00:00:00+08:00,Subscription
6532502290687,121.09090909090911,1,2022-10-28 00:00:00+08:00,Direct / Organic
6328286970111,121.05,1,2022-08-27 00:00:00+08:00,Subscription
7756032278783,120.93939393939395,2,2022-06-03 00:00:00+08:00,Direct / Organic
6788480467199,120.37,1,2023-08-28 00:00:00+08:00,Subscription
6327740858623,119.99,1,2022-08-15 00:00:00+08:00,Subscription
7755969102079,119.9090909090909,2,2023-05-30 00:00:00+08:00,Direct / Organic
6329848627455,119.7,3,2022-03-08 00:00:00+08:00,Subscription
6480331735295,119.59,1,2022-12-20 00:00:00+08:00,Subscription
6336639664383,119.5,5,2022-01-08 00:00:00+08:00,Subscription
7756300517631,119.44848484848487,3,2023-06-22 00:00:00+08:00,Direct / Organic
7755929977087,119.41212121212122,2,2022-01-07 00:00:00+08:00,Direct / Organic
7756019302655,118.58181818181818,1,2022-08-08 00:00:00+08:00,Direct / Organic
7756357566719,118.51515151515152,2,2023-04-26 00:00:00+08:00,Subscription
7756039553279,118.33333333333334,1,2022-03-15 00:00:00+08:00,Direct / Organic
7755954127103,118.18181818181819,1,2022-08-30 00:00:00+08:00,Direct / Organic
7756044304639,118.13939393939394,2,2022-02-08 00:00:00+08:00,Direct / Organic
6327562043647,117.54,2,2022-11-11 00:00:00+08:00,Subscription
7756019007743,117.22121212121213,3,2023-12-03 00:00:00+08:00,Direct / Organic
6329868189951,116.64,1,2023-02-16 00:00:00+08:00,Subscription
7756038963455,116.56060606060606,1,2022-03-24 00:00:00+08:00,Direct / Organic
6423606395135,116.54,1,2022-01-27 00:00:00+08:00,Subscription
6327510335743,116.43,1,2022-05-08 00:00:00+08:00,Subscription
6328283169023,116.08,1,2022-05-19 00:00:00+08:00,Subscription
6336681935103,115.88,1,2022-11-28 00:00:00+08:00,Subscription
7756382535935,115.83636363636364,2,2023-10-21 00:00:00+08:00,Subscription
7756260540671,115.81515151515151,1,2023-01-05 00:00:00+08:00,Direct / Organic
7756266242303,115.7939393939394,1,2023-01-22 00:00:00+08:00,Direct / Organic
7756023169279,115.33333333333333,3,2022-07-27 00:00:00+08:00,Direct / Organic
7756261032191,115.0939393939394,1,2022-12-11 00:00:00+08:00,Direct / Organic
7756048662783,114.44848484848485,1,2022-01-05 00:00:00+08:00,Direct / Organic
6327693476095,114.39,1,2022-01-05 00:00:00+08:00,Subscription
6329829785855,114.29,1,2022-05-14 00:00:00+08:00,Subscription
6329616859391,113.87,1,2022-01-11 00:00:00+08:00,Subscription
7756122685695,113.84242424242424,4,2023-09-25 00:00:00+08:00,Subscription
7756354584831,113.84242424242424,4,2023-07-26 00:00:00+08:00,Subscription
6336682983679,113.81,1,2023-03-17 00:00:00+08:00,Subscription
6689737474303,113.81,1,2023-06-03 00:00:00+08:00,Subscription
6329857278207,113.81,1,2023-11-22 00:00:00+08:00,Subscription
6327830610175,113.81,1,2023-06-18 00:00:00+08:00,Subscription
7756046270719,113.44242424242425,1,2022-01-14 00:00:00+08:00,Direct / Organic
7755969855743,113.35151515151514,2,2023-03-22 00:00:00+08:00,Direct / Organic
6532515234047,113.30303030303031,2,2022-12-27 00:00:00+08:00,Direct / Organic
6704357310719,113.15,1,2023-06-19 00:00:00+08:00,Subscription
6514794725631,112.89,1,2023-01-17 00:00:00+08:00,Subscription
6329848103167,112.89,1,2023-05-07 00:00:00+08:00,Subscription
6624970440959,112.89,1,2023-04-04 00:00:00+08:00,Subscription
6336720568575,112.88,1,2022-05-14 00:00:00+08:00,Subscription
6327655137535,112.88,1,2022-05-23 00:00:00+08:00,Subscription
7756361498879,112.78484848484848,1,2023-05-25 00:00:00+08:00,Direct / Organic
7755973427455,112.58181818181818,1,2022-08-01 00:00:00+08:00,Direct / Organic
6327827955967,112.18,1,2022-02-22 00:00:00+08:00,Subscription
7756359926015,111.92727272727274,2,2023-07-16 00:00:00+08:00,Direct / Organic
6336752222463,111.63,2,2023-05-08 00:00:00+08:00,Subscription
7756043321599,111.13333333333333,2,2023-02-05 00:00:00+08:00,Direct / Organic
7755954684159,110.94545454545455,1,2022-08-05 00:00:00+08:00,Direct / Organic
6423602266367,110.6,3,2023-02-06 00:00:00+08:00,Subscription
7756355010815,110.19696969696969,2,2023-05-10 00:00:00+08:00,Subscription
6327609164031,110.04,1,2022-01-12 00:00:00+08:00,Subscription
6508011389183,109.85,1,2023-01-11 00:00:00+08:00,Subscription
6329694191871,109.85,1,2023-01-14 00:00:00+08:00,Subscription
7756386369791,109.33636363636364,1,2023-10-26 00:00:00+08:00,Direct / Organic
6479260352767,109.31,2,2022-12-19 00:00:00+08:00,Subscription
6328286806271,109.19,1,2022-07-29 00:00:00+08:00,Subscription
7756007014655,109.03636363636363,1,2022-10-20 00:00:00+08:00,Direct / Organic
7756041191679,108.57575757575758,1,2022-03-03 00:00:00+08:00,Direct / Organic
6532514939135,108.31515151515153,4,2023-07-17 00:00:00+08:00,Direct / Organic
7756044992767,108.18181818181819,1,2022-01-26 00:00:00+08:00,Direct / Organic
7755960254719,107.85151515151514,2,2022-11-10 00:00:00+08:00,Direct / Organic
6964050362623,107.82,1,2023-12-19 00:00:00+08:00,Subscription
6334066000127,107.39,1,2022-06-26 00:00:00+08:00,Subscription
6528300384511,107.24,1,2023-01-28 00:00:00+08:00,Subscription
7756037259519,106.96969696969697,1,2022-04-19 00:00:00+08:00,Direct / Organic
7756039061759,106.89999999999999,1,2022-03-23 00:00:00+08:00,Direct / Organic
7755928142079,106.85151515151516,2,2023-04-30 00:00:00+08:00,Direct / Organic
6796578291967,106.74000000000001,2,2023-12-25 00:00:00+08:00,Subscription
7756019794175,106.70606060606062,2,2023-11-25 00:00:00+08:00,Direct / Organic
6327401611519,106.38,1,2022-07-27 00:00:00+08:00,Subscription
7756035522815,106.37575757575759,1,2022-05-04 00:00:00+08:00,Direct / Organic
6586846314751,106.25,1,2023-03-01 00:00:00+08:00,Subscription
6585818710271,106.25,1,2023-02-28 00:00:00+08:00,Subscription
6545737908479,106.2,1,2023-02-10 00:00:00+08:00,Subscription
7756017467647,106.06060606060606,1,2022-08-26 00:00:00+08:00,Direct / Organic
6336743702783,105.64,2,2023-07-06 00:00:00+08:00,Subscription
7755970871551,105.43636363636364,1,2022-07-29 00:00:00+08:00,Direct / Organic
6336735740159,105.43,2,2022-05-31 00:00:00+08:00,Subscription
6327653859583,104.88,1,2022-06-02 00:00:00+08:00,Subscription
6336637272319,104.88,1,2022-04-28 00:00:00+08:00,Subscription
6532515365119,104.54545454545455,2,2023-06-06 00:00:00+08:00,Direct / Organic
7756356616447,104.14545454545456,1,2023-03-27 00:00:00+08:00,Direct / Organic
6327640097023,104.1,1,2022-01-22 00:00:00+08:00,Subscription
7756038930687,103.9030303030303,2,2022-03-25 00:00:00+08:00,Direct / Organic
6329830703359,103.84,1,2022-02-11 00:00:00+08:00,Subscription
7756018450687,103.81212121212121,2,2022-08-13 00:00:00+08:00,Direct / Organic
6327506272511,103.8,2,2022-07-28 00:00:00+08:00,Subscription
6532452057343,103.70000000000002,2,2023-01-06 00:00:00+08:00,Direct / Organic
6423598792959,103.29,1,2022-03-10 00:00:00+08:00,Subscription
7756047057151,103.13333333333333,1,2022-01-10 00:00:00+08:00,Direct / Organic
7756354322687,103.0848484848485,2,2023-05-05 00:00:00+08:00,Subscription
7755990008063,102.65151515151516,4,2022-06-05 00:00:00+08:00,Direct / Organic
7756019204351,102.54545454545455,1,2022-08-09 00:00:00+08:00,Direct / Organic
6695490814207,102.54,1,2023-06-10 00:00:00+08:00,Subscription
7756169871615,102.43636363636365,1,2022-12-26 00:00:00+08:00,Direct / Organic
6707767410943,102.43,1,2023-06-21 00:00:00+08:00,Subscription
7756087066879,102.4,1,2023-03-19 00:00:00+08:00,Direct / Organic
6601910255871,102.34,1,2023-04-12 00:00:00+08:00,Subscription
6811857191167,102.26,1,2023-09-16 00:00:00+08:00,Subscription
6767084306687,101.84,1,2023-08-08 00:00:00+08:00,Subscription
6696211022079,101.84,1,2023-06-10 00:00:00+08:00,Subscription
6423241064703,101.74,1,2022-05-27 00:00:00+08:00,Subscription
6823871906047,101.64,2,2023-11-07 00:00:00+08:00,Subscription
6423645749503,101.01,1,2023-05-05 00:00:00+08:00,Subscription
7756120752383,100.8,1,2023-05-23 00:00:00+08:00,Direct / Organic
6329600934143,100.8,1,2022-09-26 00:00:00+08:00,Subscription
7756348915967,100.8,1,2023-02-23 00:00:00+08:00,Direct / Organic
6329608241407,100.79,1,2022-09-30 00:00:00+08:00,Subscription
6327629250815,100.74,1,2023-01-09 00:00:00+08:00,Subscription
6329611878655,100.59,1,2022-12-11 00:00:00+08:00,Subscription
6329848889599,100.51,1,2023-04-15 00:00:00+08:00,Subscription
7756008980735,100.31515151515153,1,2022-05-08 00:00:00+08:00,Direct / Organic
7756039323903,100.31212121212121,1,2022-03-18 00:00:00+08:00,Direct / Organic
7756016091391,100.21212121212122,2,2022-09-01 00:00:00+08:00,Direct / Organic
6863773204735,100.06,1,2023-10-24 00:00:00+08:00,Subscription
7756034932991,99.96363636363637,1,2022-05-08 00:00:00+08:00,Direct / Organic
6328236015871,99.74,1,2022-07-28 00:00:00+08:00,Subscription
6532515004671,99.63636363636365,2,2023-04-22 00:00:00+08:00,Direct / Organic
7756041748735,99.55151515151516,2,2023-02-24 00:00:00+08:00,Direct / Organic
7755925029119,99.39393939393939,1,2022-03-02 00:00:00+08:00,Direct / Organic
7756016124159,99.27272727272728,1,2022-09-01 00:00:00+08:00,Direct / Organic
7756328239359,99.18787878787879,2,2023-03-01 00:00:00+08:00,Direct / Organic
7756043911423,99.16363636363637,1,2022-02-11 00:00:00+08:00,Direct / Organic
6704209985791,99.15,1,2023-06-19 00:00:00+08:00,Subscription
7756030771455,99.04242424242423,1,2022-06-12 00:00:00+08:00,Direct / Organic
6424267260159,98.96,1,2022-05-08 00:00:00+08:00,Subscription
6423598498047,98.95,1,2022-03-13 00:00:00+08:00,Subscription
7756328435967,98.6939393939394,1,2023-02-06 00:00:00+08:00,Direct / Organic
7755968905471,98.19393939393939,3,2022-08-02 00:00:00+08:00,Direct / Organic
7755925684479,98.18181818181819,1,2022-04-30 00:00:00+08:00,Direct / Organic
7756014158079,98.0939393939394,1,2022-11-11 00:00:00+08:00,Direct / Organic
6532451696895,98.07272727272728,1,2022-11-23 00:00:00+08:00,Direct / Organic
7756260114687,98.07272727272728,1,2022-12-01 00:00:00+08:00,Direct / Organic
7756358385919,98.07272727272728,1,2023-04-10 00:00:00+08:00,Direct / Organic
7756260180223,98.07272727272728,1,2022-12-02 00:00:00+08:00,Direct / Organic
7756376637695,98.07272727272728,1,2023-08-19 00:00:00+08:00,Direct / Organic
6329860980991,98.04,1,2022-07-26 00:00:00+08:00,Subscription
6327612276991,97.98,1,2022-03-11 00:00:00+08:00,Subscription
6423599218943,97.98,1,2022-03-03 00:00:00+08:00,Subscription
6423595024639,97.98,1,2022-04-06 00:00:00+08:00,Subscription
6327777001727,97.98,1,2022-03-11 00:00:00+08:00,Subscription
7756147163391,97.83030303030303,1,2023-01-10 00:00:00+08:00,Direct / Organic
7756002164991,97.60606060606061,1,2022-08-29 00:00:00+08:00,Direct / Organic
6327505191167,97.26,1,2022-07-26 00:00:00+08:00,Subscription
7756385714431,96.90909090909092,1,2023-10-23 00:00:00+08:00,Direct / Organic
6327653662975,96.69,1,2022-06-15 00:00:00+08:00,Subscription
6329864126719,96.6,1,2022-01-16 00:00:00+08:00,Subscription
7756037193983,96.28484848484848,3,2022-04-19 00:00:00+08:00,Direct / Organic
7756015960319,96.16666666666666,2,2022-09-01 00:00:00+08:00,Direct / Organic
6348036178175,96.0,1,2022-09-22 00:00:00+08:00,Subscription
6327561322751,94.9,1,2023-01-09 00:00:00+08:00,Subscription
6327524688127,94.89,1,2022-03-31 00:00:00+08:00,Subscription
6327698194687,94.87,1,2022-08-24 00:00:00+08:00,Subscription
6489009225983,94.8,1,2022-12-27 00:00:00+08:00,Subscription
7756044796159,94.54545454545455,1,2022-01-29 00:00:00+08:00,Direct / Organic
6423592730879,94.39,1,2022-04-24 00:00:00+08:00,Subscription
7756036047103,93.88787878787879,2,2022-04-29 00:00:00+08:00,Direct / Organic
7756006490367,93.27878787878788,1,2022-10-17 00:00:00+08:00,Direct / Organic
7756004786431,93.18787878787879,2,2022-10-26 00:00:00+08:00,Direct / Organic
7756044140799,93.10303030303031,1,2022-02-10 00:00:00+08:00,Direct / Organic
7755981193471,93.03939393939393,2,2022-07-26 00:00:00+08:00,Direct / Organic
7756000329983,92.72121212121213,1,2022-09-25 00:00:00+08:00,Direct / Organic
7756266864895,92.63333333333334,1,2023-01-28 00:00:00+08:00,Direct / Organic
7756055838975,92.63030303030304,2,2023-09-12 00:00:00+08:00,Subscription
7755969167615,92.56363636363636,3,2022-03-07 00:00:00+08:00,Direct / Organic
7756361629951,92.36666666666667,1,2023-05-18 00:00:00+08:00,Direct / Organic
7756384338175,92.36666666666667,1,2023-10-08 00:00:00+08:00,Direct / Organic
6532503011583,92.06363636363636,1,2022-12-09 00:00:00+08:00,Direct / Organic
6532496195839,92.06363636363636,1,2023-01-04 00:00:00+08:00,Direct / Organic
7756004524287,92.06363636363636,1,2022-10-31 00:00:00+08:00,Direct / Organic
7756351996159,92.06363636363636,1,2023-03-08 00:00:00+08:00,Direct / Organic
7756362416383,92.06363636363636,1,2023-06-01 00:00:00+08:00,Direct / Organic
6328226709759,92.06363636363636,1,2023-05-19 00:00:00+08:00,Direct / Organic
6336749601023,92.06363636363636,1,2022-11-02 00:00:00+08:00,Direct / Organic
7756263391487,92.03636363636365,1,2022-12-27 00:00:00+08:00,Direct / Organic
6327519084799,91.71,1,2022-10-17 00:00:00+08:00,Subscription
6327743545599,91.30000000000001,2,2022-02-06 00:00:00+08:00,Subscription
7756034834687,91.21818181818182,1,2022-05-10 00:00:00+08:00,Direct / Organic
6423223927039,91.19,1,2022-09-13 00:00:00+08:00,Subscription
7756262899967,91.04242424242425,1,2022-12-25 00:00:00+08:00,Direct / Organic
7756044927231,90.6969696969697,1,2022-01-27 00:00:00+08:00,Direct / Organic
7756125405439,90.61515151515151,1,2022-11-25 00:00:00+08:00,Direct / Organic
7756017271039,90.56969696969698,1,2022-08-26 00:00:00+08:00,Direct / Organic
7756362350847,90.34545454545454,3,2023-12-28 00:00:00+08:00,Direct / Organic
7756028739839,90.18484848484849,2,2022-07-14 00:00:00+08:00,Direct / Organic
6334077174015,89.9,1,2023-03-05 00:00:00+08:00,Subscription
7756347965695,89.46060606060607,1,2023-02-11 00:00:00+08:00,Direct / Organic
7755979129087,89.17272727272729,2,2022-07-26 00:00:00+08:00,Direct / Organic
7756009865471,88.91818181818182,1,2022-10-29 00:00:00+08:00,Direct / Organic
6336660799743,88.68,1,2022-06-08 00:00:00+08:00,Subscription
6334095098111,88.67,2,2022-04-26 00:00:00+08:00,Subscription
7756040274175,88.51515151515152,2,2022-03-06 00:00:00+08:00,Direct / Organic
6329630163199,88.48,1,2022-04-29 00:00:00+08:00,Subscription
7756035916031,88.43636363636364,1,2022-04-30 00:00:00+08:00,Direct / Organic
7756030411007,88.03636363636363,1,2022-06-17 00:00:00+08:00,Direct / Organic
7756015141119,88.03636363636363,1,2022-09-19 00:00:00+08:00,Direct / Organic
7756354158847,88.03333333333333,1,2023-03-17 00:00:00+08:00,Direct / Organic
7756038209791,87.57575757575758,1,2022-04-05 00:00:00+08:00,Direct / Organic
7756041388287,87.36666666666667,1,2022-03-02 00:00:00+08:00,Direct / Organic
6336745931007,87.3,1,2022-05-17 00:00:00+08:00,Subscription
7756006260991,87.21818181818182,1,2022-10-16 00:00:00+08:00,Direct / Organic
6863957590271,86.37,1,2023-10-26 00:00:00+08:00,Subscription
7756385779967,86.30606060606061,1,2023-10-19 00:00:00+08:00,Direct / Organic
7756119179519,86.30606060606061,1,2023-08-10 00:00:00+08:00,Direct / Organic
7756328534271,86.30606060606061,1,2023-02-14 00:00:00+08:00,Direct / Organic
7756017828095,86.27878787878788,3,2023-05-08 00:00:00+08:00,Direct / Organic
7756266635519,86.0060606060606,2,2023-04-06 00:00:00+08:00,Direct / Organic
6609298161919,85.81,1,2023-03-20 00:00:00+08:00,Subscription
7756038635775,85.63636363636364,2,2022-03-29 00:00:00+08:00,Direct / Organic
7756266701055,85.56969696969698,1,2023-01-27 00:00:00+08:00,Direct / Organic
7755922374911,85.45757575757575,1,2022-07-26 00:00:00+08:00,Direct / Organic
7755945017599,85.27272727272728,2,2022-10-26 00:00:00+08:00,Direct / Organic
7756262998271,85.15454545454546,1,2022-12-31 00:00:00+08:00,Direct / Organic
6423593681151,84.89,1,2022-04-16 00:00:00+08:00,Subscription
7756045025535,84.63636363636364,1,2022-01-26 00:00:00+08:00,Direct / Organic
6532503666943,84.37272727272727,2,2022-11-25 00:00:00+08:00,Direct / Organic
6532476403967,84.31515151515153,1,2023-01-06 00:00:00+08:00,Direct / Organic
7756268634367,84.31515151515153,1,2023-05-05 00:00:00+08:00,Direct / Organic
7755979718911,84.20606060606062,2,2022-01-12 00:00:00+08:00,Direct / Organic
7755966578943,83.83636363636364,2,2022-08-04 00:00:00+08:00,Direct / Organic
7756017303807,83.48484848484848,1,2022-08-26 00:00:00+08:00,Direct / Organic
7756261523711,83.42727272727274,1,2022-12-13 00:00:00+08:00,Direct / Organic
7756260344063,83.42727272727274,1,2022-12-04 00:00:00+08:00,Direct / Organic
7756195463423,83.42727272727274,1,2023-02-18 00:00:00+08:00,Direct / Organic
7756356092159,83.42727272727274,1,2023-03-25 00:00:00+08:00,Direct / Organic
7756076318975,83.4,1,2023-08-08 00:00:00+08:00,Direct / Organic
7756034867455,83.19696969696969,3,2022-05-08 00:00:00+08:00,Direct / Organic
6327507452159,83.11,1,2022-03-03 00:00:00+08:00,Subscription
7756010029311,82.96969696969697,2,2022-12-06 00:00:00+08:00,Direct / Organic
7756038471935,82.95454545454545,2,2022-04-02 00:00:00+08:00,Direct / Organic
7756031164671,82.9090909090909,2,2022-06-07 00:00:00+08:00,Direct / Organic
6336695763199,82.89,2,2022-03-29 00:00:00+08:00,Subscription
6532504453375,82.85454545454546,3,2022-08-09 00:00:00+08:00,Direct / Organic
6327517053183,82.61,1,2023-12-19 00:00:00+08:00,Subscription
6423593746687,82.46000000000001,2,2022-04-15 00:00:00+08:00,Subscription
7756008227071,82.37272727272727,1,2022-10-26 00:00:00+08:00,Direct / Organic
7756006031615,82.03636363636365,1,2022-10-15 00:00:00+08:00,Direct / Organic
7756361269503,81.73030303030303,2,2023-07-08 00:00:00+08:00,Direct / Organic
7756396069119,81.72727272727272,1,2023-12-03 00:00:00+08:00,Direct / Organic
6532489150719,81.7090909090909,1,2022-12-28 00:00:00+08:00,Direct / Organic
7756030935295,81.51515151515152,1,2022-06-09 00:00:00+08:00,Direct / Organic
6329876185343,81.39,1,2022-04-20 00:00:00+08:00,Subscription
6505222308095,81.31,1,2023-01-08 00:00:00+08:00,Subscription
6329620398335,81.16,2,2023-11-03 00:00:00+08:00,Subscription
6474696687871,80.71,1,2022-12-17 00:00:00+08:00,Subscription
6477558612223,80.71,1,2022-12-18 00:00:00+08:00,Subscription
6532477485311,80.54848484848485,1,2022-12-06 00:00:00+08:00,Direct / Organic
7756030476543,80.47878787878788,2,2022-06-17 00:00:00+08:00,Direct / Organic
6423463919871,80.29,1,2022-05-09 00:00:00+08:00,Subscription
7756042010879,80.12727272727274,1,2022-02-28 00:00:00+08:00,Direct / Organic
6329698124031,80.1,1,2022-01-25 00:00:00+08:00,Subscription
7829353070847,80.0,1,2022-01-19 00:00:00+08:00,Direct / Organic
7756284690687,79.89090909090909,1,2023-10-25 00:00:00+08:00,Direct / Organic
6602801479935,79.42,1,2023-03-14 00:00:00+08:00,Subscription
6423595254015,79.39,1,2022-04-04 00:00:00+08:00,Subscription
7756361203967,79.36969696969697,1,2023-05-16 00:00:00+08:00,Direct / Organic
6423592272127,79.36,1,2022-04-26 00:00:00+08:00,Subscription
6424267686143,79.36,1,2022-05-07 00:00:00+08:00,Subscription
6961928438015,79.21,1,2023-12-17 00:00:00+08:00,Subscription
6329868124415,78.9030303030303,1,2022-03-15 00:00:00+08:00,Direct / Organic
7756032246015,78.9030303030303,1,2022-06-03 00:00:00+08:00,Direct / Organic
6423594860799,78.89,1,2022-04-07 00:00:00+08:00,Subscription
7756040372479,78.6909090909091,1,2022-03-04 00:00:00+08:00,Direct / Organic
7755966841087,78.66666666666667,1,2022-05-02 00:00:00+08:00,Direct / Organic
6329633571071,78.33,1,2022-05-20 00:00:00+08:00,Subscription
7756264538367,78.25454545454546,1,2023-01-06 00:00:00+08:00,Direct / Organic
7756265292031,78.25454545454546,1,2023-01-12 00:00:00+08:00,Direct / Organic
6532515889407,78.25454545454546,1,2023-01-11 00:00:00+08:00,Direct / Organic
7756265718015,78.25454545454546,1,2023-01-16 00:00:00+08:00,Direct / Organic
7756267192575,78.25454545454546,1,2023-01-29 00:00:00+08:00,Direct / Organic
6327566205183,77.79,1,2022-06-07 00:00:00+08:00,Subscription
7756358222079,77.66969696969697,1,2023-04-07 00:00:00+08:00,Direct / Organic
6423610523903,77.65,1,2022-01-13 00:00:00+08:00,Subscription
7756267389183,77.64242424242425,1,2023-01-30 00:00:00+08:00,Direct / Organic
7756018516223,77.54545454545455,2,2023-08-28 00:00:00+08:00,Direct / Organic
6327713857791,77.5,1,2022-01-19 00:00:00+08:00,Subscription
7756044435711,77.48484848484848,1,2022-02-07 00:00:00+08:00,Direct / Organic
7756264571135,77.24848484848485,1,2023-01-06 00:00:00+08:00,Direct / Organic
7756364284159,77.22424242424243,1,2023-06-21 00:00:00+08:00,Subscription
7756022939903,77.21212121212122,1,2022-07-27 00:00:00+08:00,Direct / Organic
6328291524863,76.98181818181818,1,2022-03-01 00:00:00+08:00,Direct / Organic
6522940883199,76.91,1,2023-01-24 00:00:00+08:00,Subscription
6423226220799,76.89,1,2022-08-20 00:00:00+08:00,Subscription
6327700783359,76.89,1,2022-09-04 00:00:00+08:00,Subscription
6327680434431,76.89,1,2022-08-19 00:00:00+08:00,Subscription
6336645169407,76.89,1,2022-08-11 00:00:00+08:00,Subscription
6718421565695,76.81,1,2023-06-28 00:00:00+08:00,Subscription
7756001476863,76.48181818181818,2,2022-09-26 00:00:00+08:00,Direct / Organic
6327681515775,76.39,1,2022-02-25 00:00:00+08:00,Subscription
7756045517055,76.2969696969697,1,2022-01-20 00:00:00+08:00,Direct / Organic
7756354617599,76.28181818181818,1,2023-03-19 00:00:00+08:00,Direct / Organic
6614257369343,76.26,3,2023-05-19 00:00:00+08:00,Subscription
7756031099135,76.17575757575757,1,2022-06-07 00:00:00+08:00,Direct / Organic
7756030968063,76.17575757575757,1,2022-06-09 00:00:00+08:00,Direct / Organic
7756398493951,76.13333333333334,1,2023-12-31 00:00:00+08:00,Subscription
6327785095423,75.94,2,2022-04-18 00:00:00+08:00,Subscription
7755995742463,75.9030303030303,1,2022-01-05 00:00:00+08:00,Direct / Organic
6327406166271,75.89,1,2022-07-09 00:00:00+08:00,Subscription
7756033884415,75.18181818181819,1,2022-05-21 00:00:00+08:00,Direct / Organic
7756008751359,75.13636363636364,1,2022-10-28 00:00:00+08:00,Direct / Organic
7756021039359,75.12727272727273,5,2022-07-28 00:00:00+08:00,Direct / Organic
7756094537983,75.06666666666666,1,2023-04-17 00:00:00+08:00,Direct / Organic
6601909305599,74.8,1,2023-03-13 00:00:00+08:00,Subscription
6532515266815,74.7909090909091,1,2022-12-10 00:00:00+08:00,Direct / Organic
6423241130239,74.44,1,2022-05-26 00:00:00+08:00,Subscription
7756021465343,74.36060606060606,3,2022-07-28 00:00:00+08:00,Direct / Organic
7756036014335,74.25454545454545,1,2022-04-29 00:00:00+08:00,Direct / Organic
6329872974079,73.89,1,2022-02-14 00:00:00+08:00,Subscription
7755988205823,73.65151515151516,1,2023-02-24 00:00:00+08:00,Direct / Organic
7756349243647,73.65151515151516,1,2023-02-26 00:00:00+08:00,Direct / Organic
6336745406719,73.64,1,2022-02-27 00:00:00+08:00,Subscription
7756260245759,73.63939393939394,1,2022-12-11 00:00:00+08:00,Direct / Organic
6329873924351,73.58,2,2022-06-01 00:00:00+08:00,Subscription
7756145524991,73.55454545454545,1,2022-11-28 00:00:00+08:00,Direct / Organic
7756016353535,73.36363636363636,1,2022-08-31 00:00:00+08:00,Direct / Organic
7756059181311,73.33333333333333,1,2023-02-03 00:00:00+08:00,Direct / Organic
6532498292991,73.33333333333333,1,2023-04-04 00:00:00+08:00,Direct / Organic
6600826159359,73.28,1,2023-03-12 00:00:00+08:00,Subscription
7755986075903,73.22727272727273,1,2022-06-12 00:00:00+08:00,Direct / Organic
6974029693183,73.11,1,2023-12-26 00:00:00+08:00,Subscription
6333711188223,73.09,1,2022-07-07 00:00:00+08:00,Subscription
7756030509311,73.06363636363638,1,2022-06-17 00:00:00+08:00,Direct / Organic
6354007654655,72.96000000000001,3,2022-09-28 00:00:00+08:00,Subscription
7756041519359,72.50909090909092,1,2022-03-01 00:00:00+08:00,Direct / Organic
7756009799935,72.38181818181819,1,2022-10-28 00:00:00+08:00,Direct / Organic
7756039094527,72.0,1,2022-03-22 00:00:00+08:00,Direct / Organic
6423600824575,71.94,2,2022-02-24 00:00:00+08:00,Subscription
7756359827711,71.91212121212122,1,2023-08-02 00:00:00+08:00,Direct / Organic
6423613210879,71.65,1,2022-01-03 00:00:00+08:00,Subscription
7756041093375,71.5909090909091,1,2022-03-03 00:00:00+08:00,Direct / Organic
7756036702463,71.27272727272727,1,2022-04-26 00:00:00+08:00,Direct / Organic
7756053840127,71.15454545454546,1,2023-06-06 00:00:00+08:00,Direct / Organic
7756264767743,70.9121212121212,1,2023-01-08 00:00:00+08:00,Direct / Organic
7756008390911,70.9090909090909,1,2022-08-10 00:00:00+08:00,Direct / Organic
6327639015679,70.69,1,2022-08-30 00:00:00+08:00,Subscription
7755971199231,70.24848484848485,1,2023-05-06 00:00:00+08:00,Subscription
6336730792191,70.06,1,2022-07-28 00:00:00+08:00,Subscription
7755957633279,70.02121212121212,1,2023-05-06 00:00:00+08:00,Subscription
6327625089279,69.9,1,2022-02-07 00:00:00+08:00,Subscription
6329871073535,69.77,2,2022-06-03 00:00:00+08:00,Subscription
7756350292223,69.73030303030303,1,2023-03-03 00:00:00+08:00,Direct / Organic
6336671088895,69.69,1,2022-07-31 00:00:00+08:00,Subscription
7756385190143,69.47272727272727,1,2023-10-12 00:00:00+08:00,Subscription
6328286609663,69.34,1,2023-01-07 00:00:00+08:00,Subscription
7756350816511,69.33636363636364,1,2023-03-05 00:00:00+08:00,Direct / Organic
7756377587967,69.03333333333333,1,2023-08-20 00:00:00+08:00,Direct / Organic
7756377293055,69.0060606060606,1,2023-08-31 00:00:00+08:00,Direct / Organic
6329840173311,68.97,1,2022-04-26 00:00:00+08:00,Subscription
6805761556735,68.82,1,2023-09-20 00:00:00+08:00,Subscription
6328226644223,68.72,1,2023-10-15 00:00:00+08:00,Subscription
7755974050047,68.0060606060606,2,2023-05-05 00:00:00+08:00,Direct / Organic
6650460700927,67.84,1,2023-04-28 00:00:00+08:00,Subscription
6613396193535,67.81,1,2023-03-24 00:00:00+08:00,Subscription
7756349800703,67.54848484848485,1,2023-03-02 00:00:00+08:00,Direct / Organic
7756264898815,67.46060606060607,1,2023-01-09 00:00:00+08:00,Direct / Organic
7756359467263,67.31212121212121,1,2023-04-29 00:00:00+08:00,Direct / Organic
6423594533119,67.31,2,2023-05-09 00:00:00+08:00,Subscription
7756386074879,66.92121212121212,1,2023-10-23 00:00:00+08:00,Subscription
7756019269887,66.90909090909092,2,2022-08-08 00:00:00+08:00,Direct / Organic
6328238014719,66.86,2,2023-01-12 00:00:00+08:00,Subscription
7755996365055,66.81818181818181,3,2022-02-07 00:00:00+08:00,Direct / Organic
7755923947775,66.74242424242425,1,2022-11-11 00:00:00+08:00,Direct / Organic
7756037882111,66.66666666666667,2,2022-04-08 00:00:00+08:00,Direct / Organic
6423463756031,66.62,2,2022-05-14 00:00:00+08:00,Subscription
7756359106815,66.15454545454546,1,2023-04-27 00:00:00+08:00,Direct / Organic
7755931779327,66.15454545454546,1,2023-09-28 00:00:00+08:00,Direct / Organic
7756352127231,66.0,2,2023-06-17 00:00:00+08:00,Direct / Organic
7756267258111,65.9939393939394,1,2023-01-30 00:00:00+08:00,Direct / Organic
7756260606207,65.9939393939394,1,2023-01-30 00:00:00+08:00,Direct / Organic
6423590207743,65.73,1,2022-05-04 00:00:00+08:00,Subscription
6329849053439,65.73,1,2022-05-03 00:00:00+08:00,Subscription
7756005015807,65.62121212121212,2,2022-10-10 00:00:00+08:00,Direct / Organic
7756007964927,65.36363636363636,1,2022-10-25 00:00:00+08:00,Direct / Organic
7756385976575,65.24848484848485,2,2023-12-02 00:00:00+08:00,Subscription
7756042273023,65.0,1,2022-02-24 00:00:00+08:00,Direct / Organic
7755947933951,65.0,1,2022-02-12 00:00:00+08:00,Direct / Organic
7756003082495,64.9030303030303,1,2022-09-29 00:00:00+08:00,Direct / Organic
6327731028223,64.9,1,2022-08-26 00:00:00+08:00,Subscription
6423223828735,64.86,1,2022-09-17 00:00:00+08:00,Subscription
7756003148031,64.81515151515151,2,2022-09-29 00:00:00+08:00,Direct / Organic
6686265540863,64.8,1,2023-05-31 00:00:00+08:00,Subscription
6765619511551,64.74,1,2023-08-06 00:00:00+08:00,Subscription
6713553879295,64.62,1,2023-06-23 00:00:00+08:00,Subscription
7755965104383,64.34848484848484,1,2022-07-27 00:00:00+08:00,Direct / Organic
7756048990463,64.34545454545454,1,2022-01-01 00:00:00+08:00,Direct / Organic
6327395877119,64.29,1,2022-02-14 00:00:00+08:00,Subscription
7756045385983,64.18181818181819,1,2022-01-20 00:00:00+08:00,Direct / Organic
6328297783551,64.0939393939394,1,2022-03-06 00:00:00+08:00,Direct / Organic
7756042895615,63.7,2,2023-01-21 00:00:00+08:00,Direct / Organic
7755997053183,63.696969696969695,1,2022-02-08 00:00:00+08:00,Direct / Organic
7756359434495,63.58787878787879,2,2023-05-27 00:00:00+08:00,Subscription
6532456907007,63.57878787878788,1,2023-01-23 00:00:00+08:00,Direct / Organic
7756006228223,63.57575757575758,2,2022-12-04 00:00:00+08:00,Direct / Organic
7756397609215,63.54545454545455,1,2023-12-14 00:00:00+08:00,Direct / Organic
6532495114495,63.303030303030305,1,2022-12-25 00:00:00+08:00,Direct / Organic
7756007735551,63.303030303030305,1,2022-10-23 00:00:00+08:00,Direct / Organic
7756355240191,63.303030303030305,1,2023-03-22 00:00:00+08:00,Direct / Organic
7755923226879,63.303030303030305,1,2023-01-02 00:00:00+08:00,Direct / Organic
7756348883199,63.303030303030305,1,2023-02-22 00:00:00+08:00,Direct / Organic
7756264734975,63.303030303030305,1,2023-01-07 00:00:00+08:00,Direct / Organic
7756361761023,63.303030303030305,1,2023-05-20 00:00:00+08:00,Direct / Organic
7756361597183,63.303030303030305,1,2023-05-17 00:00:00+08:00,Direct / Organic
7756260475135,63.303030303030305,1,2022-12-04 00:00:00+08:00,Direct / Organic
7756261490943,63.303030303030305,1,2022-12-12 00:00:00+08:00,Direct / Organic
7756264046847,63.303030303030305,1,2023-01-01 00:00:00+08:00,Direct / Organic
7756348588287,63.27575757575758,1,2023-02-17 00:00:00+08:00,Direct / Organic
7756379980031,63.27575757575758,1,2023-09-07 00:00:00+08:00,Direct / Organic
7756357730559,63.24848484848485,1,2023-03-31 00:00:00+08:00,Direct / Organic
6336697762047,63.08,1,2022-03-27 00:00:00+08:00,Subscription
6592534642943,62.59,1,2023-03-05 00:00:00+08:00,Subscription
6613804351743,62.57,1,2023-03-24 00:00:00+08:00,Subscription
7756035719423,62.52121212121212,1,2022-05-03 00:00:00+08:00,Direct / Organic
6582888300799,62.51,1,2023-02-26 00:00:00+08:00,Subscription
7755965300991,62.48787878787879,1,2023-06-05 00:00:00+08:00,Direct / Organic
7756041945343,62.42727272727273,1,2022-02-28 00:00:00+08:00,Direct / Organic
7756033392895,62.400000000000006,8,2022-05-23 00:00:00+08:00,Direct / Organic
7755981259007,62.296969696969704,1,2022-08-27 00:00:00+08:00,Direct / Organic
6336672530687,62.29,1,2022-06-06 00:00:00+08:00,Subscription
7756057968895,62.07272727272728,1,2023-06-05 00:00:00+08:00,Subscription
7756362842367,62.07272727272728,1,2023-06-06 00:00:00+08:00,Subscription
6329600966911,62.03030303030303,3,2022-07-26 00:00:00+08:00,Direct / Organic
7756026413311,61.975757575757584,1,2022-07-26 00:00:00+08:00,Direct / Organic
7755913789695,61.89393939393939,2,2022-07-26 00:00:00+08:00,Direct / Organic
7756375490815,61.76969696969697,2,2023-11-29 00:00:00+08:00,Subscription
6978829582591,61.71,1,2023-12-29 00:00:00+08:00,Subscription
6327691084031,61.71,1,2023-03-23 00:00:00+08:00,Subscription
6620088500479,61.71,1,2023-03-30 00:00:00+08:00,Subscription
6616451449087,61.71,1,2023-03-26 00:00:00+08:00,Subscription
6336751894783,61.71,1,2022-12-06 00:00:00+08:00,Subscription
7756031983871,61.68181818181819,2,2022-06-04 00:00:00+08:00,Direct / Organic
6511603646719,61.26,1,2023-01-14 00:00:00+08:00,Subscription
7756048826623,61.23636363636364,1,2022-01-03 00:00:00+08:00,Direct / Organic
6532474765567,61.124242424242425,1,2023-01-19 00:00:00+08:00,Direct / Organic
7756264866047,61.124242424242425,1,2023-01-08 00:00:00+08:00,Direct / Organic
7756031066367,61.11818181818182,1,2022-06-08 00:00:00+08:00,Direct / Organic
6329708675327,61.05,1,2022-01-09 00:00:00+08:00,Subscription
6327624859903,60.9,1,2022-08-13 00:00:00+08:00,Subscription
6336660472063,60.9,1,2022-08-10 00:00:00+08:00,Subscription
6329609191679,60.75,1,2022-09-04 00:00:00+08:00,Subscription
7756044763391,60.73636363636364,1,2022-01-30 00:00:00+08:00,Direct / Organic
7756048957695,60.68181818181818,3,2022-01-02 00:00:00+08:00,Direct / Organic
7755985682687,60.651515151515156,2,2022-08-06 00:00:00+08:00,Direct / Organic
7756039651583,60.587878787878786,1,2022-03-15 00:00:00+08:00,Direct / Organic
7756263981311,60.57575757575758,1,2022-12-31 00:00:00+08:00,Direct / Organic
7756006621439,60.551515151515154,1,2022-10-23 00:00:00+08:00,Direct / Organic
6423590371583,60.49,1,2022-05-02 00:00:00+08:00,Subscription
7756002033919,60.303030303030305,2,2022-08-30 00:00:00+08:00,Direct / Organic
7756381159679,60.27272727272727,1,2023-09-12 00:00:00+08:00,Direct / Organic
7756007080191,60.24848484848485,1,2022-10-20 00:00:00+08:00,Direct / Organic
6532496064767,60.24545454545455,1,2022-12-25 00:00:00+08:00,Direct / Organic
7756072157439,60.24545454545455,1,2023-06-21 00:00:00+08:00,Direct / Organic
6336691732735,60.19,1,2022-07-26 00:00:00+08:00,Subscription
6329849872639,59.85,1,2022-04-04 00:00:00+08:00,Subscription
7756019368191,59.81818181818182,1,2022-08-08 00:00:00+08:00,Direct / Organic
7756025495807,59.63939393939394,1,2022-07-26 00:00:00+08:00,Direct / Organic
7756038832383,59.45454545454545,1,2022-03-26 00:00:00+08:00,Direct / Organic
7756261949695,59.093939393939394,1,2022-12-16 00:00:00+08:00,Direct / Organic
6328309874943,58.89,1,2022-06-18 00:00:00+08:00,Subscription
6334080876799,58.89,1,2022-06-13 00:00:00+08:00,Subscription
7756355436799,58.88484848484849,2,2023-05-08 00:00:00+08:00,Direct / Organic
6329836404991,58.85,1,2022-06-09 00:00:00+08:00,Subscription
6781260038399,58.81,1,2023-08-21 00:00:00+08:00,Subscription
6797463945471,58.81,1,2023-10-01 00:00:00+08:00,Subscription
6336689635583,58.690909090909095,1,2022-05-03 00:00:00+08:00,Direct / Organic
7756354224383,58.372727272727275,1,2023-03-18 00:00:00+08:00,Direct / Organic
7756005998847,58.369696969696975,1,2022-10-15 00:00:00+08:00,Direct / Organic
7756008849663,58.18181818181819,1,2022-09-01 00:00:00+08:00,Direct / Organic
6532492591359,57.82121212121212,1,2023-01-09 00:00:00+08:00,Direct / Organic
6532458578175,57.82121212121212,1,2023-01-26 00:00:00+08:00,Direct / Organic
7755987681535,57.415151515151514,1,2022-07-26 00:00:00+08:00,Direct / Organic
7756265029887,57.3969696969697,1,2023-01-12 00:00:00+08:00,Direct / Organic
6532505764095,57.36666666666667,1,2022-12-07 00:00:00+08:00,Direct / Organic
7756263162111,57.36666666666667,1,2022-12-26 00:00:00+08:00,Direct / Organic
7755981357311,57.36666666666667,1,2023-03-05 00:00:00+08:00,Direct / Organic
7755917689087,57.36666666666667,1,2023-01-19 00:00:00+08:00,Direct / Organic
7756365496575,57.36666666666667,1,2023-06-27 00:00:00+08:00,Direct / Organic
7829346124031,57.27272727272727,1,2022-04-27 00:00:00+08:00,Direct / Organic
7756005310719,57.26969696969697,1,2022-10-11 00:00:00+08:00,Direct / Organic
7756361400575,57.21212121212122,1,2023-05-16 00:00:00+08:00,Direct / Organic
7756033589503,57.121212121212125,1,2022-05-23 00:00:00+08:00,Direct / Organic
7756036210943,57.1060606060606,2,2022-04-27 00:00:00+08:00,Direct / Organic
6327517413631,57.09,1,2022-05-16 00:00:00+08:00,Subscription
6328253251839,57.09,1,2022-05-20 00:00:00+08:00,Subscription
6327705108735,57.09,1,2022-05-25 00:00:00+08:00,Subscription
7756263489791,57.057575757575755,1,2023-04-29 00:00:00+08:00,Direct / Organic
6329615909119,57.04,1,2022-07-26 00:00:00+08:00,Subscription
6423602856191,56.99,1,2022-02-18 00:00:00+08:00,Subscription
6327713792255,56.99,1,2022-02-11 00:00:00+08:00,Subscription
6532515463423,56.975757575757584,1,2023-01-09 00:00:00+08:00,Direct / Organic
7756283052287,56.975757575757584,1,2023-02-22 00:00:00+08:00,Direct / Organic
7756354781439,56.92121212121212,2,2023-04-22 00:00:00+08:00,Subscription
6327549427967,56.9,1,2022-05-01 00:00:00+08:00,Subscription
7756089032959,56.512121212121215,1,2023-01-26 00:00:00+08:00,Direct / Organic
7756075532543,56.21515151515151,1,2022-12-26 00:00:00+08:00,Direct / Organic
6336679575807,56.09,1,2022-02-26 00:00:00+08:00,Subscription
7755989188863,56.06060606060606,1,2022-08-17 00:00:00+08:00,Direct / Organic
6715986182399,56.03,1,2023-06-26 00:00:00+08:00,Subscription
6607911551231,56.03,1,2023-03-19 00:00:00+08:00,Subscription
6601909240063,55.94,1,2023-04-03 00:00:00+08:00,Subscription
6327693345023,55.89,1,2022-02-07 00:00:00+08:00,Subscription
6423610458367,55.85,1,2022-01-13 00:00:00+08:00,Subscription
6423598760191,55.85,1,2022-03-10 00:00:00+08:00,Subscription
6390530113791,55.73,1,2022-10-27 00:00:00+08:00,Subscription
6423606493439,55.6,1,2022-01-27 00:00:00+08:00,Subscription
6329605193983,55.28999999999999,2,2022-05-28 00:00:00+08:00,Subscription
7756030083327,55.27272727272727,1,2022-06-25 00:00:00+08:00,Direct / Organic
7756034441471,55.10303030303031,1,2022-05-17 00:00:00+08:00,Direct / Organic
7756037357823,54.96969696969697,2,2023-06-06 00:00:00+08:00,Direct / Organic
6423598989567,54.9,1,2022-03-05 00:00:00+08:00,Subscription
6423599808767,54.9,1,2022-03-01 00:00:00+08:00,Subscription
7756023726335,54.80606060606061,1,2022-07-27 00:00:00+08:00,Direct / Organic
6594939814143,54.8,1,2023-10-06 00:00:00+08:00,Subscription
6481084547327,54.8,1,2022-12-21 00:00:00+08:00,Subscription
6510186463487,54.8,1,2023-01-13 00:00:00+08:00,Subscription
7829347598591,54.54545454545455,1,2022-04-06 00:00:00+08:00,Direct / Organic
7756380995839,54.518181818181816,1,2023-09-11 00:00:00+08:00,Direct / Organic
7756006392063,54.49090909090909,1,2022-10-17 00:00:00+08:00,Direct / Organic
7756380864767,54.48787878787879,1,2023-09-09 00:00:00+08:00,Direct / Organic
7756264243455,54.48787878787879,1,2023-01-03 00:00:00+08:00,Direct / Organic
7755991908607,54.48787878787879,1,2023-02-16 00:00:00+08:00,Direct / Organic
7756365660415,54.48787878787879,1,2023-06-29 00:00:00+08:00,Direct / Organic
6334068982015,54.44,1,2022-07-17 00:00:00+08:00,Subscription
7756037849343,54.439393939393945,1,2022-04-11 00:00:00+08:00,Direct / Organic
7756041978111,54.3939393939394,1,2022-02-28 00:00:00+08:00,Direct / Organic
6329830015231,54.39,1,2022-02-20 00:00:00+08:00,Subscription
6328253186303,54.39,1,2022-02-19 00:00:00+08:00,Subscription
6327524557055,54.39,1,2022-03-30 00:00:00+08:00,Subscription
6334067605759,54.39,1,2022-03-29 00:00:00+08:00,Subscription
6423601873151,54.39,1,2022-02-20 00:00:00+08:00,Subscription
6329848496383,54.269999999999996,2,2022-01-14 00:00:00+08:00,Subscription
7756017860863,54.24242424242424,1,2022-08-18 00:00:00+08:00,Direct / Organic
7756266963199,54.21818181818182,1,2023-01-28 00:00:00+08:00,Direct / Organic
7756264603903,54.21818181818182,1,2023-01-06 00:00:00+08:00,Direct / Organic
7756360614143,54.21818181818182,1,2023-05-06 00:00:00+08:00,Direct / Organic
7756362055935,54.21818181818182,1,2023-05-23 00:00:00+08:00,Subscription
6327667917055,54.18,1,2022-09-26 00:00:00+08:00,Subscription
6329867239679,54.06,1,2023-05-08 00:00:00+08:00,Subscription
6329861669119,53.99,1,2022-09-12 00:00:00+08:00,Subscription
6336699203839,53.89,1,2022-08-14 00:00:00+08:00,Subscription
6423598072063,53.88,2,2022-03-17 00:00:00+08:00,Subscription
6329849905407,53.84,1,2022-02-17 00:00:00+08:00,Subscription
6329848987903,53.84,1,2022-02-18 00:00:00+08:00,Subscription
6423604691199,53.84,1,2022-02-12 00:00:00+08:00,Subscription
6423603380479,53.84,1,2022-02-15 00:00:00+08:00,Subscription
6336737050879,53.84,1,2022-03-19 00:00:00+08:00,Subscription
7756003410175,53.484848484848484,2,2022-09-01 00:00:00+08:00,Direct / Organic
7755940135167,53.160606060606064,1,2022-10-28 00:00:00+08:00,Direct / Organic
7756020547839,52.8939393939394,1,2022-07-29 00:00:00+08:00,Direct / Organic
6327553655039,52.89,1,2022-06-26 00:00:00+08:00,Subscription
6329607586047,52.89,1,2022-06-24 00:00:00+08:00,Subscription
6783954354431,52.82,1,2023-08-24 00:00:00+08:00,Subscription
6826542989567,52.82,1,2023-09-29 00:00:00+08:00,Subscription
7756045058303,52.72727272727273,1,2022-01-26 00:00:00+08:00,Direct / Organic
7756035424511,52.72727272727273,1,2022-05-06 00:00:00+08:00,Direct / Organic
7756381815039,51.903030303030306,1,2023-09-16 00:00:00+08:00,Direct / Organic
7756046729471,51.8909090909091,1,2022-01-12 00:00:00+08:00,Direct / Organic
7756015862015,51.833333333333336,1,2022-09-02 00:00:00+08:00,Direct / Organic
7756004819199,51.81818181818182,1,2022-10-09 00:00:00+08:00,Direct / Organic
6329622954239,51.69,1,2022-01-16 00:00:00+08:00,Subscription
6329874252031,51.63636363636364,1,2022-07-02 00:00:00+08:00,Direct / Organic
7756194939135,51.61818181818182,1,2023-02-08 00:00:00+08:00,Direct / Organic
7755925586175,51.61818181818182,1,2023-01-21 00:00:00+08:00,Direct / Organic
7756386435327,51.48484848484849,1,2023-10-28 00:00:00+08:00,Direct / Organic
7756361433343,51.48484848484849,1,2023-05-17 00:00:00+08:00,Direct / Organic
6423592861951,51.44,1,2022-04-22 00:00:00+08:00,Subscription
6328296767743,51.42,1,2022-06-17 00:00:00+08:00,Subscription
7756349047039,51.18787878787879,1,2023-02-24 00:00:00+08:00,Direct / Organic
7756384305407,51.18181818181819,1,2023-10-08 00:00:00+08:00,Direct / Organic
7756005769471,51.18181818181819,1,2022-10-14 00:00:00+08:00,Direct / Organic
7756007440639,51.18181818181819,1,2022-10-22 00:00:00+08:00,Direct / Organic
7756007342335,51.18181818181819,1,2022-10-21 00:00:00+08:00,Direct / Organic
7756263588095,51.18181818181819,1,2022-12-29 00:00:00+08:00,Direct / Organic
7756358811903,51.18181818181819,1,2023-04-18 00:00:00+08:00,Direct / Organic
7756260638975,51.18181818181819,1,2022-12-07 00:00:00+08:00,Direct / Organic
7756260901119,51.18181818181819,1,2022-12-09 00:00:00+08:00,Direct / Organic
7756045353215,51.05454545454546,2,2022-01-21 00:00:00+08:00,Direct / Organic
6692441456895,50.92,1,2023-06-10 00:00:00+08:00,Subscription
6718461051135,50.84,1,2023-06-28 00:00:00+08:00,Subscription
6329704251647,50.7969696969697,1,2022-07-26 00:00:00+08:00,Direct / Organic
7756042797311,50.74242424242424,1,2022-02-20 00:00:00+08:00,Direct / Organic
7756005802239,50.584848484848486,1,2022-10-26 00:00:00+08:00,Direct / Organic
6336719585535,50.4,1,2022-09-25 00:00:00+08:00,Subscription
7755934007551,50.31818181818182,1,2022-02-28 00:00:00+08:00,Direct / Organic
7756046336255,50.27272727272727,2,2023-05-31 00:00:00+08:00,Direct / Organic
7756034900223,50.0,1,2022-05-08 00:00:00+08:00,Direct / Organic
7756028412159,50.0,2,2022-07-22 00:00:00+08:00,Direct / Organic
7755998101759,50.0,1,2022-04-27 00:00:00+08:00,Direct / Organic
6336697958655,49.9,1,2022-01-25 00:00:00+08:00,Subscription
7755996397823,49.7030303030303,2,2023-02-08 00:00:00+08:00,Direct / Organic
6532514840831,49.660606060606064,1,2023-01-27 00:00:00+08:00,Direct / Organic
7755937448191,49.660606060606064,1,2023-01-08 00:00:00+08:00,Direct / Organic
7756035752191,49.60606060606061,2,2023-04-26 00:00:00+08:00,Direct / Organic
6423593255167,49.4,1,2022-04-19 00:00:00+08:00,Subscription
6327681646847,49.4,1,2022-04-03 00:00:00+08:00,Subscription
7756090409215,49.32121212121212,1,2022-11-28 00:00:00+08:00,Direct / Organic
7756132974847,49.31212121212121,1,2023-08-08 00:00:00+08:00,Direct / Organic
7756032868607,49.22727272727273,1,2022-06-02 00:00:00+08:00,Direct / Organic
7756266275071,49.16969696969697,1,2023-01-22 00:00:00+08:00,Direct / Organic
7755999936767,49.09090909090909,1,2022-09-22 00:00:00+08:00,Direct / Organic
6327607001343,49.0,2,2022-08-09 00:00:00+08:00,Subscription
6327694459135,49.0,2,2022-04-10 00:00:00+08:00,Subscription
6423599546623,48.99,1,2022-03-01 00:00:00+08:00,Subscription
6329693733119,48.83,2,2023-11-23 00:00:00+08:00,Subscription
7756126093567,48.730303030303034,1,2023-10-10 00:00:00+08:00,Direct / Organic
7756016681215,48.50000000000001,1,2022-08-30 00:00:00+08:00,Direct / Organic
6336704086271,48.49,1,2022-07-06 00:00:00+08:00,Subscription
7755916542207,48.448484848484846,1,2022-01-17 00:00:00+08:00,Direct / Organic
7756357468415,48.42727272727273,1,2023-03-30 00:00:00+08:00,Direct / Organic
6336741933311,48.4,1,2022-01-23 00:00:00+08:00,Subscription
7756005409023,48.17878787878788,1,2022-10-12 00:00:00+08:00,Direct / Organic
7756025790719,48.17878787878787,2,2022-07-26 00:00:00+08:00,Direct / Organic
7756376965375,48.151515151515156,1,2023-08-19 00:00:00+08:00,Direct / Organic
7756132942079,48.151515151515156,1,2023-06-13 00:00:00+08:00,Direct / Organic
7756173345023,48.151515151515156,1,2023-06-15 00:00:00+08:00,Direct / Organic
6329631408383,48.09,1,2022-08-22 00:00:00+08:00,Subscription
6824946204927,48.02,1,2023-09-29 00:00:00+08:00,Subscription
7755966054655,47.87878787878788,1,2022-09-16 00:00:00+08:00,Direct / Organic
7756018155775,47.87878787878788,1,2022-08-16 00:00:00+08:00,Direct / Organic
7756019564799,47.87878787878788,1,2022-08-03 00:00:00+08:00,Direct / Organic
7755940462847,47.87878787878788,1,2022-08-25 00:00:00+08:00,Direct / Organic
7756016255231,47.87878787878788,1,2022-09-01 00:00:00+08:00,Direct / Organic
7756020711679,47.766666666666666,1,2022-07-28 00:00:00+08:00,Direct / Organic
7756030542079,47.6969696969697,1,2022-06-16 00:00:00+08:00,Direct / Organic
7756030116095,47.67272727272727,1,2022-06-24 00:00:00+08:00,Direct / Organic
7756041847039,47.660606060606064,1,2022-03-01 00:00:00+08:00,Direct / Organic
7755943608575,47.560606060606055,1,2022-03-25 00:00:00+08:00,Direct / Organic
7756043223295,47.560606060606055,1,2022-02-17 00:00:00+08:00,Direct / Organic
7756038570239,47.560606060606055,1,2022-03-31 00:00:00+08:00,Direct / Organic
6336729579775,47.51,1,2022-11-28 00:00:00+08:00,Subscription
6329618006271,47.44,1,2022-02-27 00:00:00+08:00,Subscription
7755941904639,47.27878787878788,1,2022-05-24 00:00:00+08:00,Direct / Organic
7756008325375,47.22727272727273,1,2022-03-02 00:00:00+08:00,Direct / Organic
7756020842751,47.06060606060606,1,2022-07-28 00:00:00+08:00,Direct / Organic
7756015567103,46.909090909090914,2,2022-09-10 00:00:00+08:00,Direct / Organic
6327703240959,46.9,1,2022-08-25 00:00:00+08:00,Subscription
6328266129663,46.9,1,2022-08-29 00:00:00+08:00,Subscription
6328303943935,46.9,1,2022-08-24 00:00:00+08:00,Subscription
6543953953023,46.85,1,2023-02-09 00:00:00+08:00,Subscription
7756016287999,46.81818181818182,1,2022-09-01 00:00:00+08:00,Direct / Organic
7756031492351,46.77272727272728,2,2022-06-04 00:00:00+08:00,Direct / Organic
6532515135743,46.724242424242426,1,2023-01-11 00:00:00+08:00,Direct / Organic
7756017336575,46.66666666666667,1,2022-08-26 00:00:00+08:00,Direct / Organic
7756042305791,46.551515151515154,1,2022-02-23 00:00:00+08:00,Direct / Organic
7756044599551,46.515151515151516,2,2022-02-05 00:00:00+08:00,Direct / Organic
7755940299007,46.333333333333336,2,2022-05-04 00:00:00+08:00,Direct / Organic
7756039717119,45.99090909090909,1,2022-03-14 00:00:00+08:00,Direct / Organic
7756034375935,45.92121212121212,1,2022-05-19 00:00:00+08:00,Direct / Organic
6715478900991,45.75,1,2023-06-25 00:00:00+08:00,Subscription
6875347910911,45.63,1,2023-10-29 00:00:00+08:00,Subscription
7756017139967,45.621212121212125,1,2022-08-27 00:00:00+08:00,Direct / Organic
6423239360767,45.4,1,2022-06-08 00:00:00+08:00,Subscription
6327638491391,45.4,1,2022-06-07 00:00:00+08:00,Subscription
7756037521663,45.303030303030305,1,2022-04-14 00:00:00+08:00,Direct / Organic
7756032803071,45.27272727272727,1,2022-06-02 00:00:00+08:00,Direct / Organic
7756032671999,45.27272727272727,1,2022-06-02 00:00:00+08:00,Direct / Organic
7756016550143,45.151515151515156,1,2022-08-31 00:00:00+08:00,Direct / Organic
7756037062911,45.04545454545455,1,2022-04-19 00:00:00+08:00,Direct / Organic
7756040339711,45.03030303030303,1,2022-03-04 00:00:00+08:00,Direct / Organic
6336683147519,45.03030303030303,1,2022-05-02 00:00:00+08:00,Direct / Organic
6423598465279,44.9,1,2022-03-13 00:00:00+08:00,Subscription
6423594598655,44.9,1,2022-04-09 00:00:00+08:00,Subscription
7755917918463,44.83333333333333,1,2022-07-19 00:00:00+08:00,Direct / Organic
7756349833471,44.82424242424242,1,2023-03-02 00:00:00+08:00,Direct / Organic
6469874483455,44.8,1,2023-08-20 00:00:00+08:00,Subscription
6492358639871,44.8,1,2022-12-30 00:00:00+08:00,Subscription
6803687801087,44.8,1,2023-09-08 00:00:00+08:00,Subscription
6951967162623,44.8,1,2023-12-12 00:00:00+08:00,Subscription
6601910976767,44.8,1,2023-03-14 00:00:00+08:00,Subscription
6601972154623,44.8,1,2023-03-14 00:00:00+08:00,Subscription
7755949506815,44.54545454545455,2,2022-03-08 00:00:00+08:00,Direct / Organic
7829344321791,44.54545454545455,1,2022-05-30 00:00:00+08:00,Direct / Organic
6347948392703,44.54545454545455,1,2022-04-09 00:00:00+08:00,Direct / Organic
7756034507007,44.54545454545455,1,2022-05-15 00:00:00+08:00,Direct / Organic
7756041879807,44.54545454545455,1,2022-03-01 00:00:00+08:00,Direct / Organic
7756040438015,44.36363636363637,1,2022-03-04 00:00:00+08:00,Direct / Organic
7756020154623,44.09090909090909,1,2022-07-29 00:00:00+08:00,Direct / Organic
6329623118079,43.99,1,2022-07-11 00:00:00+08:00,Subscription
7756044665087,43.93939393939394,1,2022-02-02 00:00:00+08:00,Direct / Organic
7756357959935,43.915151515151514,1,2023-04-02 00:00:00+08:00,Subscription
7756264341759,43.915151515151514,1,2023-01-04 00:00:00+08:00,Direct / Organic
7756328730879,43.915151515151514,1,2023-02-08 00:00:00+08:00,Direct / Organic
7756267028735,43.915151515151514,1,2023-01-29 00:00:00+08:00,Direct / Organic
7756264014079,43.915151515151514,1,2023-02-08 00:00:00+08:00,Direct / Organic
7756094308607,43.59090909090909,1,2023-11-24 00:00:00+08:00,Direct / Organic
7755943543039,43.484848484848484,1,2022-04-07 00:00:00+08:00,Direct / Organic
7756001902847,43.484848484848484,1,2022-08-28 00:00:00+08:00,Direct / Organic
7756041715967,43.484848484848484,1,2022-03-01 00:00:00+08:00,Direct / Organic
7756362711295,43.009090909090915,1,2023-06-05 00:00:00+08:00,Direct / Organic
7756043845887,43.0,2,2022-02-11 00:00:00+08:00,Direct / Organic
7756033425663,42.97575757575758,1,2022-05-25 00:00:00+08:00,Direct / Organic
6593253343487,42.9,1,2023-03-06 00:00:00+08:00,Subscription
6329873694975,42.65,1,2022-01-02 00:00:00+08:00,Subscription
7755918737663,42.56363636363637,1,2022-05-02 00:00:00+08:00,Direct / Organic
7756044402943,42.31818181818182,1,2022-02-07 00:00:00+08:00,Direct / Organic
6327659954431,42.13,1,2022-02-18 00:00:00+08:00,Subscription
6851588653311,42.09090909090909,1,2023-10-17 00:00:00+08:00,Direct / Organic
7756385583359,42.09090909090909,1,2023-10-16 00:00:00+08:00,Direct / Organic
6329613844735,41.89,1,2022-01-14 00:00:00+08:00,Subscription
7756041814271,41.47878787878788,1,2022-03-01 00:00:00+08:00,Direct / Organic
7756031525119,41.36666666666667,1,2022-06-04 00:00:00+08:00,Direct / Organic
7756352159999,41.18787878787879,1,2023-03-12 00:00:00+08:00,Subscription
7755949342975,41.09090909090909,2,2022-05-05 00:00:00+08:00,Direct / Organic
7756018123007,40.909090909090914,1,2022-08-13 00:00:00+08:00,Direct / Organic
6327651598591,40.9,1,2022-04-26 00:00:00+08:00,Subscription
6601910911231,40.89,1,2023-03-14 00:00:00+08:00,Subscription
6336759955711,40.89,1,2023-05-11 00:00:00+08:00,Subscription
6700602786047,40.89,1,2023-06-15 00:00:00+08:00,Subscription
6601909141759,40.81,1,2023-03-15 00:00:00+08:00,Subscription
6609653694719,40.81,1,2023-03-20 00:00:00+08:00,Subscription
6327743709439,40.8,1,2023-03-25 00:00:00+08:00,Subscription
6602513154303,40.8,1,2023-03-14 00:00:00+08:00,Subscription
7756039782655,40.75757575757576,1,2022-03-09 00:00:00+08:00,Direct / Organic
7756038144255,40.75757575757576,1,2022-04-06 00:00:00+08:00,Direct / Organic
7755918704895,40.75757575757576,1,2022-04-18 00:00:00+08:00,Direct / Organic
7755974344959,40.75757575757576,1,2022-04-19 00:00:00+08:00,Direct / Organic
7756047810815,40.72121212121212,1,2022-01-08 00:00:00+08:00,Direct / Organic
7756044828927,40.484848484848484,2,2022-01-28 00:00:00+08:00,Direct / Organic
6601910878463,40.01,1,2023-04-03 00:00:00+08:00,Subscription
6328246960383,40.0,1,2022-08-27 00:00:00+08:00,Subscription
6336747012351,40.0,1,2022-02-08 00:00:00+08:00,Subscription
6836349403391,39.9,1,2023-10-09 00:00:00+08:00,Subscription
7756003377407,39.89090909090909,1,2022-09-30 00:00:00+08:00,Direct / Organic
7756031131903,39.409090909090914,1,2022-06-07 00:00:00+08:00,Direct / Organic
7756045320447,39.31515151515152,1,2022-01-22 00:00:00+08:00,Direct / Organic
7756038799615,39.09090909090909,1,2022-03-27 00:00:00+08:00,Direct / Organic
7756045418751,39.09090909090909,1,2022-01-20 00:00:00+08:00,Direct / Organic
7756376834303,39.06060606060606,1,2023-08-13 00:00:00+08:00,Direct / Organic
7756382896383,39.06060606060606,1,2023-09-26 00:00:00+08:00,Direct / Organic
7756361695487,38.94242424242424,1,2023-05-20 00:00:00+08:00,Direct / Organic
7755930403071,38.848484848484844,1,2022-05-06 00:00:00+08:00,Direct / Organic
7756035391743,38.848484848484844,1,2022-05-06 00:00:00+08:00,Direct / Organic
6601910943999,38.81,1,2023-04-04 00:00:00+08:00,Subscription
6518409691391,38.81,1,2023-01-20 00:00:00+08:00,Subscription
6532503077119,38.81,1,2023-02-05 00:00:00+08:00,Subscription
6327653794047,38.81,1,2023-01-26 00:00:00+08:00,Subscription
6424454988031,38.81,1,2023-02-06 00:00:00+08:00,Subscription
7756001378559,38.36363636363636,1,2022-05-04 00:00:00+08:00,Direct / Organic
7756386009343,38.154545454545456,1,2023-10-22 00:00:00+08:00,Direct / Organic
7756379291903,38.154545454545456,1,2023-09-07 00:00:00+08:00,Direct / Organic
7756379685119,38.154545454545456,1,2023-09-04 00:00:00+08:00,Direct / Organic
7755975950591,37.75757575757576,1,2022-04-28 00:00:00+08:00,Direct / Organic
7756001083647,37.67272727272727,1,2022-09-25 00:00:00+08:00,Direct / Organic
7756020383999,37.515151515151516,1,2022-07-29 00:00:00+08:00,Direct / Organic
6327688102143,37.34,1,2022-03-24 00:00:00+08:00,Subscription
6423602168063,37.34,1,2022-02-20 00:00:00+08:00,Subscription
6329868943615,37.34,1,2022-02-19 00:00:00+08:00,Subscription
7756377620735,37.21515151515152,1,2023-08-26 00:00:00+08:00,Direct / Organic
7756045123839,37.13636363636363,1,2022-01-24 00:00:00+08:00,Direct / Organic
7756018221311,36.90909090909091,1,2022-08-14 00:00:00+08:00,Direct / Organic
6329867763967,36.9,1,2022-08-23 00:00:00+08:00,Subscription
6327759241471,36.9,1,2022-05-06 00:00:00+08:00,Subscription
6616188879103,36.82,1,2023-03-26 00:00:00+08:00,Subscription
7756035883263,36.581818181818186,1,2022-05-01 00:00:00+08:00,Direct / Organic
7756045746431,36.345454545454544,1,2022-01-18 00:00:00+08:00,Direct / Organic
7756117180671,36.333333333333336,1,2023-07-01 00:00:00+08:00,Direct / Organic
7756398166271,36.333333333333336,1,2023-12-24 00:00:00+08:00,Direct / Organic
7756350488831,36.333333333333336,1,2023-03-04 00:00:00+08:00,Direct / Organic
7756034769151,36.26969696969697,1,2022-05-11 00:00:00+08:00,Direct / Organic
7756382699775,36.18787878787879,1,2023-09-25 00:00:00+08:00,Direct / Organic
7756037980415,35.872727272727275,1,2022-04-07 00:00:00+08:00,Direct / Organic
6336638779647,35.5,1,2022-06-10 00:00:00+08:00,Subscription
7756000035071,35.39393939393939,1,2022-08-26 00:00:00+08:00,Direct / Organic
7756035653887,35.333333333333336,1,2022-05-03 00:00:00+08:00,Direct / Organic
7756033261823,35.333333333333336,1,2022-05-26 00:00:00+08:00,Direct / Organic
7756009177343,35.333333333333336,1,2022-04-28 00:00:00+08:00,Direct / Organic
6601909534975,34.8,1,2023-03-16 00:00:00+08:00,Subscription
6601910845695,34.8,1,2023-03-28 00:00:00+08:00,Subscription
6837428453631,34.8,1,2023-10-10 00:00:00+08:00,Subscription
6620081684735,34.8,1,2023-03-30 00:00:00+08:00,Subscription
6930762432767,34.8,1,2023-12-01 00:00:00+08:00,Subscription
6644874084607,34.8,1,2023-04-24 00:00:00+08:00,Subscription
6336695107839,34.8,1,2023-01-24 00:00:00+08:00,Subscription
6500262969599,34.8,1,2023-01-05 00:00:00+08:00,Subscription
7756017238271,34.769696969696966,1,2022-08-26 00:00:00+08:00,Direct / Organic
7756036833535,34.53939393939394,4,2022-04-25 00:00:00+08:00,Direct / Organic
6532482859263,34.48787878787879,1,2022-12-23 00:00:00+08:00,Direct / Organic
6423594500351,34.4,1,2022-04-10 00:00:00+08:00,Subscription
6334087627007,34.4,1,2022-02-03 00:00:00+08:00,Subscription
6423605018879,34.4,2,2022-02-10 00:00:00+08:00,Subscription
6327653564671,34.29,1,2022-06-14 00:00:00+08:00,Subscription
6423226417407,34.29,1,2022-08-19 00:00:00+08:00,Subscription
7756034015487,33.85454545454545,1,2022-05-21 00:00:00+08:00,Direct / Organic
7756385386751,33.46060606060606,1,2023-10-16 00:00:00+08:00,Subscription
7756015173887,33.45454545454546,1,2022-09-19 00:00:00+08:00,Direct / Organic
7756015468799,33.45454545454546,1,2022-09-12 00:00:00+08:00,Direct / Organic
7756018811135,33.45454545454546,1,2022-08-09 00:00:00+08:00,Direct / Organic
7756036767999,33.333333333333336,1,2022-04-25 00:00:00+08:00,Direct / Organic
6328271077631,33.31,1,2022-05-29 00:00:00+08:00,Subscription
6327723131135,33.31,1,2022-05-27 00:00:00+08:00,Subscription
7756374704383,33.303030303030305,1,2023-08-01 00:00:00+08:00,Direct / Organic
6424387649791,33.0,1,2023-10-05 00:00:00+08:00,Direct / Organic
7756380012799,33.0,1,2023-09-07 00:00:00+08:00,Direct / Organic
7756378964223,33.0,1,2023-08-30 00:00:00+08:00,Direct / Organic
7756354093311,33.0,1,2023-03-16 00:00:00+08:00,Direct / Organic
7756260278527,33.0,1,2023-01-03 00:00:00+08:00,Direct / Organic
7756360188159,33.0,1,2023-05-02 00:00:00+08:00,Direct / Organic
7756265521407,33.0,1,2023-01-15 00:00:00+08:00,Direct / Organic
7756319424767,33.0,1,2023-12-26 00:00:00+08:00,Direct / Organic
7756265783551,33.0,1,2023-01-17 00:00:00+08:00,Direct / Organic
7756264210687,33.0,1,2023-01-03 00:00:00+08:00,Direct / Organic
7756383420671,33.0,1,2023-10-03 00:00:00+08:00,Direct / Organic
7756358713599,33.0,1,2023-04-14 00:00:00+08:00,Direct / Organic
7756358025471,33.0,1,2023-04-02 00:00:00+08:00,Direct / Organic
7756020318463,32.75454545454546,1,2022-07-29 00:00:00+08:00,Direct / Organic
7756017664255,32.72727272727273,1,2022-08-21 00:00:00+08:00,Direct / Organic
7756023988479,32.35151515151515,1,2022-07-27 00:00:00+08:00,Direct / Organic
7756039291135,32.22727272727273,1,2022-03-21 00:00:00+08:00,Direct / Organic
7756017697023,32.06060606060606,1,2022-08-20 00:00:00+08:00,Direct / Organic
7756037456127,31.848484848484848,1,2022-04-17 00:00:00+08:00,Direct / Organic
6423604166911,31.84,1,2022-02-13 00:00:00+08:00,Subscription
7756360089855,31.78787878787879,1,2023-05-02 00:00:00+08:00,Direct / Organic
7756348326143,31.78787878787879,1,2023-02-16 00:00:00+08:00,Direct / Organic
7756265947391,31.78787878787879,1,2023-01-18 00:00:00+08:00,Direct / Organic
7756263555327,31.78787878787879,1,2022-12-28 00:00:00+08:00,Direct / Organic
7756262539519,31.78787878787879,1,2022-12-24 00:00:00+08:00,Direct / Organic
7756355633407,31.78787878787879,1,2023-03-24 00:00:00+08:00,Direct / Organic
7756052136191,31.78787878787879,1,2023-02-04 00:00:00+08:00,Direct / Organic
7756263751935,31.78787878787879,1,2022-12-31 00:00:00+08:00,Direct / Organic
7756264407295,31.78787878787879,1,2023-01-04 00:00:00+08:00,Direct / Organic
6329833390335,31.45,1,2022-06-03 00:00:00+08:00,Subscription
7756026478847,31.25757575757576,1,2022-07-26 00:00:00+08:00,Direct / Organic
7755922833663,31.25757575757576,1,2022-07-26 00:00:00+08:00,Direct / Organic
7755988402431,31.25757575757576,1,2022-07-26 00:00:00+08:00,Direct / Organic
6328262656255,30.9,1,2022-08-23 00:00:00+08:00,Subscription
6327614406911,30.87,1,2022-06-03 00:00:00+08:00,Subscription
7756045451519,30.46060606060606,1,2022-01-20 00:00:00+08:00,Direct / Organic
7756030312703,30.424242424242426,1,2022-06-20 00:00:00+08:00,Direct / Organic
7756030279935,30.424242424242426,1,2022-06-20 00:00:00+08:00,Direct / Organic
6327528358143,30.31,1,2023-02-08 00:00:00+08:00,Subscription
6624124797183,30.31,1,2023-04-03 00:00:00+08:00,Subscription
7756354027775,30.272727272727277,1,2023-03-15 00:00:00+08:00,Direct / Organic
7756382208255,29.972727272727273,1,2023-09-24 00:00:00+08:00,Direct / Organic
7756375458047,29.969696969696972,1,2023-08-06 00:00:00+08:00,Direct / Organic
7756262572287,29.969696969696972,1,2022-12-24 00:00:00+08:00,Direct / Organic
7756365562111,29.969696969696972,1,2023-06-28 00:00:00+08:00,Direct / Organic
7756348096767,29.969696969696972,1,2023-02-13 00:00:00+08:00,Direct / Organic
7756360974591,29.969696969696972,1,2023-10-12 00:00:00+08:00,Direct / Organic
7756377260287,29.969696969696972,1,2023-08-15 00:00:00+08:00,Direct / Organic
7756363432191,29.969696969696972,1,2023-06-12 00:00:00+08:00,Direct / Organic
7756364513535,29.969696969696972,1,2023-06-21 00:00:00+08:00,Direct / Organic
7756071633151,29.969696969696972,1,2023-09-05 00:00:00+08:00,Direct / Organic
7756054036735,29.969696969696972,1,2023-07-09 00:00:00+08:00,Direct / Organic
7756264145151,29.969696969696972,1,2023-01-02 00:00:00+08:00,Direct / Organic
7756006654207,29.969696969696972,1,2022-10-18 00:00:00+08:00,Direct / Organic
7756009963775,29.969696969696972,1,2022-10-29 00:00:00+08:00,Direct / Organic
7756015665407,29.81818181818182,1,2022-09-08 00:00:00+08:00,Direct / Organic
7756015239423,29.81818181818182,1,2022-09-18 00:00:00+08:00,Direct / Organic
7755918016767,29.81818181818182,1,2022-09-10 00:00:00+08:00,Direct / Organic
7756048924927,29.751515151515154,1,2022-01-02 00:00:00+08:00,Direct / Organic
6423602823423,29.700000000000003,2,2022-02-18 00:00:00+08:00,Subscription
6327712055551,29.65,1,2022-06-12 00:00:00+08:00,Subscription
7756016419071,29.545454545454547,1,2022-08-31 00:00:00+08:00,Direct / Organic
7756038897919,29.5,1,2022-03-24 00:00:00+08:00,Direct / Organic
6327704223999,29.4,1,2022-03-12 00:00:00+08:00,Subscription
6423606755583,29.4,1,2022-01-26 00:00:00+08:00,Subscription
6336678428927,29.4,1,2022-03-14 00:00:00+08:00,Subscription
6327653826815,29.4,1,2022-08-25 00:00:00+08:00,Subscription
7755977949439,29.393939393939394,1,2022-08-16 00:00:00+08:00,Direct / Organic
7756019171583,29.393939393939394,1,2022-08-09 00:00:00+08:00,Direct / Organic
7756019433727,29.393939393939394,1,2022-08-07 00:00:00+08:00,Direct / Organic
7756018614527,29.393939393939394,1,2022-08-10 00:00:00+08:00,Direct / Organic
7756019237119,29.393939393939394,1,2022-08-08 00:00:00+08:00,Direct / Organic
6334081433855,29.39,1,2022-06-23 00:00:00+08:00,Subscription
7756261687551,29.060606060606062,1,2022-12-13 00:00:00+08:00,Direct / Organic
7756381290751,29.060606060606062,1,2023-09-13 00:00:00+08:00,Direct / Organic
7756260147455,29.060606060606062,1,2022-12-02 00:00:00+08:00,Direct / Organic
7756015436031,28.90909090909091,1,2022-09-14 00:00:00+08:00,Direct / Organic
6328284643583,28.9,1,2022-08-11 00:00:00+08:00,Subscription
6327607853311,28.9,1,2022-08-11 00:00:00+08:00,Subscription
6327623418111,28.9,1,2022-08-19 00:00:00+08:00,Subscription
6336738099455,28.89,1,2022-06-20 00:00:00+08:00,Subscription
7755958714623,28.636363636363637,1,2022-08-25 00:00:00+08:00,Direct / Organic
7756032999679,28.563636363636366,1,2022-05-31 00:00:00+08:00,Direct / Organic
7756328501503,28.46060606060606,1,2023-02-06 00:00:00+08:00,Direct / Organic
7756117704959,28.46060606060606,1,2023-05-05 00:00:00+08:00,Direct / Organic
7756357501183,28.46060606060606,1,2023-03-29 00:00:00+08:00,Subscription
7756358877439,28.46060606060606,1,2023-04-20 00:00:00+08:00,Subscription
6327629381887,28.0,1,2022-08-26 00:00:00+08:00,Subscription
6423230546175,28.0,1,2022-07-27 00:00:00+08:00,Subscription
7756037652735,27.727272727272727,1,2022-04-14 00:00:00+08:00,Direct / Organic
7756037619967,27.727272727272727,1,2022-04-14 00:00:00+08:00,Direct / Organic
7756037816575,27.727272727272727,1,2022-04-11 00:00:00+08:00,Direct / Organic
7756081529087,27.43030303030303,1,2023-05-09 00:00:00+08:00,Direct / Organic
7756377686271,27.245454545454546,1,2023-08-20 00:00:00+08:00,Direct / Organic
7756353798399,27.245454545454546,1,2023-03-15 00:00:00+08:00,Direct / Organic
6532488954111,27.242424242424246,1,2022-12-17 00:00:00+08:00,Direct / Organic
7756372902143,27.242424242424246,1,2023-08-30 00:00:00+08:00,Direct / Organic
6329834733823,26.99,1,2022-03-17 00:00:00+08:00,Subscription
6423239262463,26.95,1,2022-06-09 00:00:00+08:00,Subscription
7756350226687,26.945454545454545,1,2023-03-03 00:00:00+08:00,Direct / Organic
6329867043071,26.94,1,2022-02-14 00:00:00+08:00,Subscription
7756381880575,26.93939393939394,1,2023-09-22 00:00:00+08:00,Direct / Organic
6423240081663,26.9,2,2022-06-03 00:00:00+08:00,Subscription
6424267456767,26.9,1,2022-05-08 00:00:00+08:00,Subscription
6423239950591,26.8,1,2022-06-03 00:00:00+08:00,Subscription
6423463395583,26.8,1,2022-05-17 00:00:00+08:00,Subscription
7756029952255,26.72727272727273,1,2022-06-28 00:00:00+08:00,Direct / Organic
7755989680383,26.72727272727273,1,2022-06-25 00:00:00+08:00,Direct / Organic
7755938922751,26.5,1,2022-07-12 00:00:00+08:00,Direct / Organic
6329700122879,26.07,1,2023-07-05 00:00:00+08:00,Subscription
6328261837055,26.0,1,2023-04-04 00:00:00+08:00,Subscription
7756039225599,25.893939393939394,1,2022-03-22 00:00:00+08:00,Direct / Organic
7756264964351,25.884848484848487,1,2023-01-09 00:00:00+08:00,Direct / Organic
7756265881855,25.884848484848487,1,2023-01-18 00:00:00+08:00,Direct / Organic
7756033229055,25.83636363636364,1,2022-05-26 00:00:00+08:00,Direct / Organic
6328281465087,25.47,1,2022-01-05 00:00:00+08:00,Subscription
7756043616511,25.303030303030305,2,2022-02-12 00:00:00+08:00,Direct / Organic
7756032606463,25.227272727272727,1,2022-06-03 00:00:00+08:00,Direct / Organic
7756007637247,25.0,1,2022-01-31 00:00:00+08:00,Direct / Organic
7756037914879,25.0,1,2022-04-08 00:00:00+08:00,Direct / Organic
7756037030143,25.0,1,2022-04-20 00:00:00+08:00,Direct / Organic
6327633477887,24.8,1,2023-05-30 00:00:00+08:00,Subscription
6424851120383,24.8,1,2023-05-31 00:00:00+08:00,Subscription
7755992203519,24.545454545454547,1,2022-01-01 00:00:00+08:00,Direct / Organic
6327757406463,24.5,1,2022-02-09 00:00:00+08:00,Subscription
6423598694655,24.5,1,2022-03-11 00:00:00+08:00,Subscription
6423605772543,24.5,1,2022-02-04 00:00:00+08:00,Subscription
7756043190527,24.5,1,2022-02-18 00:00:00+08:00,Direct / Organic
6423592796415,24.5,1,2022-04-22 00:00:00+08:00,Subscription
6327401644287,24.4,1,2022-02-18 00:00:00+08:00,Subscription
7756380209407,24.36969696969697,1,2023-09-22 00:00:00+08:00,Subscription
7756043288831,24.22727272727273,1,2022-02-17 00:00:00+08:00,Direct / Organic
7756043124991,24.166666666666668,1,2022-02-18 00:00:00+08:00,Direct / Organic
7756016058623,24.09090909090909,1,2022-09-01 00:00:00+08:00,Direct / Organic
6587938668799,23.92,1,2023-03-02 00:00:00+08:00,Subscription
6423612129535,23.9,1,2022-01-06 00:00:00+08:00,Subscription
6423614095615,23.9,1,2022-01-01 00:00:00+08:00,Subscription
6328285921535,23.9,1,2022-01-03 00:00:00+08:00,Subscription
6423614062847,23.9,1,2022-01-01 00:00:00+08:00,Subscription
6423613047039,23.9,1,2022-01-04 00:00:00+08:00,Subscription
6423613604095,23.9,1,2022-01-02 00:00:00+08:00,Subscription
6423613669631,23.9,1,2022-01-02 00:00:00+08:00,Subscription
6423612063999,23.9,1,2022-01-07 00:00:00+08:00,Subscription
7756047089919,23.163636363636364,1,2022-01-10 00:00:00+08:00,Direct / Organic
7755917820159,23.163636363636364,1,2022-01-08 00:00:00+08:00,Direct / Organic
7756091326719,23.160606060606064,1,2022-11-27 00:00:00+08:00,Direct / Organic
7756030345471,23.151515151515152,2,2022-06-20 00:00:00+08:00,Direct / Organic
6630248251647,22.87,1,2023-06-21 00:00:00+08:00,Subscription
6963853328639,22.87,1,2023-12-19 00:00:00+08:00,Subscription
7756034310399,22.80606060606061,1,2022-05-19 00:00:00+08:00,Direct / Organic
6327641178367,22.80606060606061,1,2022-05-31 00:00:00+08:00,Direct / Organic
7756032180479,22.772727272727273,1,2022-06-03 00:00:00+08:00,Direct / Organic
7755924635903,22.772727272727273,1,2022-03-29 00:00:00+08:00,Direct / Organic
7755935645951,22.772727272727273,1,2022-06-06 00:00:00+08:00,Direct / Organic
7755964121343,22.772727272727273,1,2022-06-11 00:00:00+08:00,Direct / Organic
7756031328511,22.772727272727273,1,2022-06-07 00:00:00+08:00,Direct / Organic
7756037226751,22.727272727272727,1,2022-04-19 00:00:00+08:00,Direct / Organic
7756044534015,22.272727272727273,1,2022-02-06 00:00:00+08:00,Direct / Organic
6327556735231,22.05,1,2022-06-07 00:00:00+08:00,Subscription
6327556669695,22.05,1,2022-06-08 00:00:00+08:00,Subscription
7756045091071,21.96969696969697,1,2022-01-24 00:00:00+08:00,Direct / Organic
7756264079615,21.793939393939397,1,2023-01-01 00:00:00+08:00,Direct / Organic
7756045779199,21.545454545454543,1,2022-01-18 00:00:00+08:00,Direct / Organic
7756021072127,21.5,1,2022-07-28 00:00:00+08:00,Direct / Organic
7755949474047,21.333333333333336,1,2022-05-03 00:00:00+08:00,Direct / Organic
7756385878271,21.181818181818183,1,2023-10-20 00:00:00+08:00,Direct / Organic
7756030607615,20.666666666666668,1,2022-06-15 00:00:00+08:00,Direct / Organic
7756020482303,20.651515151515152,1,2022-07-29 00:00:00+08:00,Direct / Organic
7756047843583,20.606060606060606,1,2022-01-08 00:00:00+08:00,Direct / Organic
7756018483455,20.606060606060606,1,2022-08-11 00:00:00+08:00,Direct / Organic
7756047384831,20.606060606060606,1,2022-01-09 00:00:00+08:00,Direct / Organic
7756047515903,20.606060606060606,1,2022-01-09 00:00:00+08:00,Direct / Organic
7755928436991,20.606060606060606,1,2022-01-08 00:00:00+08:00,Direct / Organic
7756047352063,20.606060606060606,1,2022-01-09 00:00:00+08:00,Direct / Organic
7756047253759,20.606060606060606,1,2022-01-10 00:00:00+08:00,Direct / Organic
7756036636927,20.545454545454547,1,2022-04-26 00:00:00+08:00,Direct / Organic
7755939021055,20.545454545454547,1,2022-05-05 00:00:00+08:00,Direct / Organic
7756035096831,20.545454545454547,1,2022-05-07 00:00:00+08:00,Direct / Organic
7756036440319,20.545454545454547,1,2022-04-26 00:00:00+08:00,Direct / Organic
6423597613311,20.5,1,2022-03-19 00:00:00+08:00,Subscription
6423594926335,20.5,1,2022-04-06 00:00:00+08:00,Subscription
6327793615103,20.5,1,2022-02-28 00:00:00+08:00,Subscription
6423596826879,20.5,1,2022-03-23 00:00:00+08:00,Subscription
7756036899071,20.303030303030305,1,2022-04-25 00:00:00+08:00,Direct / Organic
7756031394047,20.045454545454547,1,2022-06-07 00:00:00+08:00,Direct / Organic
7756031262975,20.045454545454547,1,2022-06-07 00:00:00+08:00,Direct / Organic
7756038537471,20.045454545454547,1,2022-03-31 00:00:00+08:00,Direct / Organic
7756031000831,20.045454545454547,1,2022-06-08 00:00:00+08:00,Direct / Organic
7756031885567,20.045454545454547,1,2022-06-04 00:00:00+08:00,Direct / Organic
7756038439167,20.0,1,2022-04-02 00:00:00+08:00,Direct / Organic
7756388237567,19.969696969696972,1,2023-12-12 00:00:00+08:00,Direct / Organic
6327623549183,19.8,2,2022-02-20 00:00:00+08:00,Subscription
6334090838271,19.8,2,2022-01-01 00:00:00+08:00,Subscription
6423603773695,19.8,2,2022-02-14 00:00:00+08:00,Subscription
6327666114815,19.8,2,2022-02-20 00:00:00+08:00,Subscription
6329716080895,19.8,2,2022-02-21 00:00:00+08:00,Subscription
6423607312639,19.8,2,2022-01-23 00:00:00+08:00,Subscription
6424267227391,19.6,1,2022-05-09 00:00:00+08:00,Subscription
6336648184063,19.6,1,2022-05-02 00:00:00+08:00,Subscription
6424267129087,19.6,4,2022-05-09 00:00:00+08:00,Subscription
7756040208639,19.545454545454547,1,2022-03-07 00:00:00+08:00,Direct / Organic
7756042076415,18.81818181818182,1,2022-02-27 00:00:00+08:00,Direct / Organic
7755959533823,18.060606060606062,1,2022-09-15 00:00:00+08:00,Direct / Organic
7755958911231,17.87878787878788,1,2022-03-07 00:00:00+08:00,Direct / Organic
7756048040191,17.87878787878788,1,2022-01-07 00:00:00+08:00,Direct / Organic
7756035326207,17.818181818181817,1,2022-05-06 00:00:00+08:00,Direct / Organic
7756043780351,17.575757575757578,2,2022-02-11 00:00:00+08:00,Direct / Organic
7756047974655,17.272727272727273,2,2022-01-07 00:00:00+08:00,Direct / Organic
7756039487743,16.090909090909093,1,2022-03-16 00:00:00+08:00,Direct / Organic
7756033032447,15.636363636363637,1,2022-05-31 00:00:00+08:00,Direct / Organic
6327661527295,14.5,1,2022-08-09 00:00:00+08:00,Subscription
6327706059007,13.5,2,2022-01-14 00:00:00+08:00,Subscription
6423240114431,13.45,1,2022-06-03 00:00:00+08:00,Subscription
6423240212735,13.45,1,2022-06-03 00:00:00+08:00,Subscription
7756034638079,12.303030303030305,1,2022-05-12 00:00:00+08:00,Direct / Organic
7756034212095,12.303030303030305,1,2022-05-19 00:00:00+08:00,Direct / Organic
7756039356671,12.303030303030305,1,2022-03-21 00:00:00+08:00,Direct / Organic
7756042600703,11.515151515151516,2,2022-02-20 00:00:00+08:00,Direct / Organic
7756042207487,11.515151515151516,1,2022-02-26 00:00:00+08:00,Direct / Organic
7756046205183,11.515151515151516,2,2022-01-15 00:00:00+08:00,Direct / Organic
7756042764543,11.515151515151516,1,2022-02-20 00:00:00+08:00,Direct / Organic
7756042469631,11.515151515151516,2,2022-02-21 00:00:00+08:00,Direct / Organic
7756046795007,11.090909090909092,1,2022-01-11 00:00:00+08:00,Direct / Organic
7756043944191,11.090909090909092,1,2022-02-11 00:00:00+08:00,Direct / Organic
6423604986111,9.9,1,2022-02-11 00:00:00+08:00,Subscription
6423604789503,9.9,1,2022-02-11 00:00:00+08:00,Subscription
6423605051647,9.9,1,2022-02-10 00:00:00+08:00,Subscription
6328296833279,9.9,1,2022-02-19 00:00:00+08:00,Subscription
6327775232255,9.9,1,2022-02-18 00:00:00+08:00,Subscription
6328269734143,9.9,1,2022-02-20 00:00:00+08:00,Subscription
6423604592895,9.9,1,2022-02-12 00:00:00+08:00,Subscription
6327547461887,9.9,1,2022-01-06 00:00:00+08:00,Subscription
6327521149183,9.9,1,2022-02-18 00:00:00+08:00,Subscription
6423601152255,9.9,1,2022-02-21 00:00:00+08:00,Subscription
6329863831807,9.9,1,2022-02-18 00:00:00+08:00,Subscription
6423601217791,9.9,1,2022-02-21 00:00:00+08:00,Subscription
6423614030079,9.9,1,2022-01-01 00:00:00+08:00,Subscription
6423613964543,9.9,1,2022-01-01 00:00:00+08:00,Subscription
6329874088191,9.9,1,2022-01-01 00:00:00+08:00,Subscription
6329623871743,9.9,1,2022-02-24 00:00:00+08:00,Subscription
6327635149055,9.9,1,2022-02-18 00:00:00+08:00,Subscription
6336760840447,9.9,1,2022-02-15 00:00:00+08:00,Subscription
6423611670783,9.9,1,2022-01-07 00:00:00+08:00,Subscription
6423611965695,9.9,1,2022-01-07 00:00:00+08:00,Subscription
6423613702399,9.9,1,2022-01-02 00:00:00+08:00,Subscription
6423610065151,9.9,1,2022-01-16 00:00:00+08:00,Subscription
6423610261759,9.9,1,2022-01-15 00:00:00+08:00,Subscription
6423611474175,9.9,1,2022-01-08 00:00:00+08:00,Subscription
6423612358911,9.9,1,2022-01-05 00:00:00+08:00,Subscription
6423612752127,9.9,1,2022-01-05 00:00:00+08:00,Subscription
6423612588287,9.9,1,2022-01-05 00:00:00+08:00,Subscription
6336636748031,9.9,1,2022-01-07 00:00:00+08:00,Subscription
6423607279871,9.9,1,2022-01-23 00:00:00+08:00,Subscription
6423608131839,9.9,1,2022-01-19 00:00:00+08:00,Subscription
6423608426751,9.9,1,2022-01-18 00:00:00+08:00,Subscription
6423609934079,9.9,1,2022-01-16 00:00:00+08:00,Subscription
6336677970175,9.9,1,2022-01-15 00:00:00+08:00,Subscription
6336667287807,9.9,1,2022-02-11 00:00:00+08:00,Subscription
6327638130943,9.9,1,2022-01-18 00:00:00+08:00,Subscription
6329871991039,9.9,1,2022-01-04 00:00:00+08:00,Subscription
6423602036991,9.9,1,2022-02-20 00:00:00+08:00,Subscription
6423601479935,9.9,1,2022-02-21 00:00:00+08:00,Subscription
6423604232447,9.9,1,2022-02-12 00:00:00+08:00,Subscription
6423604265215,9.9,1,2022-02-12 00:00:00+08:00,Subscription
6423602200831,9.9,1,2022-02-20 00:00:00+08:00,Subscription
6423602790655,9.9,1,2022-02-18 00:00:00+08:00,Subscription
6423601381631,9.9,1,2022-02-21 00:00:00+08:00,Subscription
6423603839231,9.9,1,2022-02-14 00:00:00+08:00,Subscription
6423604101375,9.9,1,2022-02-14 00:00:00+08:00,Subscription
6423604134143,9.9,1,2022-02-13 00:00:00+08:00,Subscription
6336681378047,9.9,1,2022-02-11 00:00:00+08:00,Subscription
6423614128383,9.9,1,2022-01-01 00:00:00+08:00,Subscription
7756044075263,8.787878787878789,1,2022-02-10 00:00:00+08:00,Direct / Organic
7756043649279,8.787878787878789,1,2022-02-12 00:00:00+08:00,Direct / Organic
7756043714815,8.787878787878789,1,2022-02-11 00:00:00+08:00,Direct / Organic
7756043813119,8.787878787878789,1,2022-02-11 00:00:00+08:00,Direct / Organic
7756043878655,8.787878787878789,1,2022-02-11 00:00:00+08:00,Direct / Organic
7756043976959,8.787878787878789,1,2022-02-11 00:00:00+08:00,Direct / Organic
7755961499903,8.787878787878789,1,2022-04-13 00:00:00+08:00,Direct / Organic
7756044009727,8.787878787878789,1,2022-02-11 00:00:00+08:00,Direct / Organic
7756048138495,7.075757575757576,1,2022-01-07 00:00:00+08:00,Direct / Organic
7756036571391,6.557575757575758,1,2022-04-26 00:00:00+08:00,Direct / Organic
7756035457279,6.557575757575758,1,2022-05-04 00:00:00+08:00,Direct / Organic
7756042567935,5.757575757575758,1,2022-02-21 00:00:00+08:00,Direct / Organic
7756042436863,5.757575757575758,1,2022-02-21 00:00:00+08:00,Direct / Organic
7756047909119,5.757575757575758,1,2022-01-08 00:00:00+08:00,Direct / Organic
7756048072959,5.757575757575758,1,2022-01-07 00:00:00+08:00,Direct / Organic
7756043157759,5.757575757575758,1,2022-02-18 00:00:00+08:00,Direct / Organic
7756043354367,5.757575757575758,1,2022-02-14 00:00:00+08:00,Direct / Organic
7756047745279,5.757575757575758,1,2022-01-09 00:00:00+08:00,Direct / Organic
7756047876351,5.757575757575758,1,2022-01-08 00:00:00+08:00,Direct / Organic
7756047679743,5.757575757575758,1,2022-01-09 00:00:00+08:00,Direct / Organic
7756043419903,5.757575757575758,1,2022-02-13 00:00:00+08:00,Direct / Organic
7756043550975,5.757575757575758,1,2022-02-12 00:00:00+08:00,Direct / Organic
7756042535167,5.757575757575758,1,2022-02-20 00:00:00+08:00,Direct / Organic
7756042666239,5.757575757575758,1,2022-02-20 00:00:00+08:00,Direct / Organic
7756047778047,5.757575757575758,1,2022-01-08 00:00:00+08:00,Direct / Organic
7756042699007,5.757575757575758,1,2022-02-20 00:00:00+08:00,Direct / Organic
7755932664063,5.757575757575758,1,2022-02-20 00:00:00+08:00,Direct / Organic
7756048466175,5.757575757575758,1,2022-01-07 00:00:00+08:00,Direct / Organic
7756048171263,5.757575757575758,1,2022-01-07 00:00:00+08:00,Direct / Organic
7756046598399,5.757575757575758,1,2022-01-13 00:00:00+08:00,Direct / Organic
7756046893311,5.757575757575758,1,2022-01-11 00:00:00+08:00,Direct / Organic
7756047155455,5.757575757575758,1,2022-01-10 00:00:00+08:00,Direct / Organic
7756047122687,5.757575757575758,1,2022-01-10 00:00:00+08:00,Direct / Organic
7756047548671,5.757575757575758,1,2022-01-09 00:00:00+08:00,Direct / Organic
7756047581439,5.757575757575758,1,2022-01-09 00:00:00+08:00,Direct / Organic
7756047614207,5.757575757575758,1,2022-01-09 00:00:00+08:00,Direct / Organic
7756047286527,5.757575757575758,1,2022-01-10 00:00:00+08:00,Direct / Organic
7756047646975,5.757575757575758,1,2022-01-09 00:00:00+08:00,Direct / Organic
7756043452671,5.757575757575758,1,2022-02-13 00:00:00+08:00,Direct / Organic
7756045844735,5.757575757575758,1,2022-01-17 00:00:00+08:00,Direct / Organic
7756045877503,5.757575757575758,1,2022-01-16 00:00:00+08:00,Direct / Organic
7756045910271,5.757575757575758,1,2022-01-16 00:00:00+08:00,Direct / Organic
7756046074111,5.757575757575758,1,2022-01-15 00:00:00+08:00,Direct / Organic
7756046401791,5.757575757575758,1,2022-01-14 00:00:00+08:00,Direct / Organic
7756043485439,5.757575757575758,1,2022-02-13 00:00:00+08:00,Direct / Organic
7756043026687,5.757575757575758,1,2022-02-19 00:00:00+08:00,Direct / Organic
7756042830079,5.757575757575758,1,2022-02-19 00:00:00+08:00,Direct / Organic
7756042961151,5.757575757575758,1,2022-02-19 00:00:00+08:00,Direct / Organic
7756042862847,5.757575757575758,1,2022-02-19 00:00:00+08:00,Direct / Organic
7756042338559,5.757575757575758,1,2022-02-23 00:00:00+08:00,Direct / Organic
7756042043647,5.757575757575758,1,2022-02-27 00:00:00+08:00,Direct / Organic
6423595516159,5.35,1,2022-04-03 00:00:00+08:00,Subscription
6423595286783,4.91,1,2022-04-04 00:00:00+08:00,Subscription
6327551426815,4.9,1,2022-04-03 00:00:00+08:00,Subscription
6423595450623,4.9,1,2022-04-04 00:00:00+08:00,Subscription
6423590797567,4.9,1,2022-05-01 00:00:00+08:00,Subscription
6423595417855,4.9,1,2022-04-04 00:00:00+08:00,Subscription
6328294047999,4.9,1,2022-04-04 00:00:00+08:00,Subscription
6327662870783,4.9,1,2022-04-01 00:00:00+08:00,Subscription
7756039618815,4.833333333333333,1,2022-03-14 00:00:00+08:00,Direct / Organic
7756037587199,2.7272727272727275,1,2022-04-15 00:00:00+08:00,Direct / Organic
